valuation_date,apo_expiry,contract_id,option_type,strike,market_settlement,prior_iv_date,days_since_prior_iv,carried_sigma_q,carry_price,carry_error,previous_day_smile_price,previous_day_smile_error,baseline_pi_price,baseline_pi_error
2026-08-24,2028-03,jaoh8_6151c,call,61.51,12.94,2026-08-21,3,0.2705478547353372,12.951651914156995,0.011651914156995957,12.916738482893384,-0.023261517106615,17.07084141187732,4.130841411877322
2026-08-24,2028-03,jaoh8_6200c,call,62.0,12.64,2026-08-21,3,0.269200963601805,12.645482276392919,0.005482276392918095,12.616157144381088,-0.0238428556189127,16.843277190580167,4.203277190580167
2026-08-24,2028-03,jaoh8_6420c,call,64.2,11.35,2026-08-21,3,0.2645640083249112,11.353517457782393,0.0035174577823937625,11.321483208155586,-0.0285167918444138,15.85502893498018,4.50502893498018
2026-08-24,2028-03,jaoh8_6500c,call,65.0,10.9,2026-08-21,3,0.2628365192057891,10.900355911842745,0.0003559118427443053,10.8733607354357,-0.0266392645643005,15.509051560494132,4.609051560494132
2026-08-24,2028-03,jaoh8_6600c,call,66.0,10.36,2026-08-21,3,0.2610561277126219,10.359089648887698,-0.0009103511123011998,10.33048210710268,-0.0295178928973207,15.08654575468441,4.726545754684411
2026-08-24,2028-03,jaoh8_6775c,call,67.75,9.46,2026-08-21,3,0.2581099353994768,9.454801801980539,-0.005198198019462197,9.42701764202834,-0.0329823579716617,14.372474116089906,4.912474116089905
2026-08-24,2028-03,jaoh8_6875c,call,68.75,8.97,2026-08-21,3,0.2565586341597468,8.963983189165553,-0.006016810834447384,8.937472226934062,-0.0325277730659383,13.978787232680334,5.0087872326803335
2026-08-24,2028-03,jaoh8_6890c,call,68.9,8.9,2026-08-21,3,0.2564397664455676,8.895355960150727,-0.004644039849273085,8.865716361622919,-0.0342836383770812,13.920626579949824,5.020626579949823
2026-08-24,2028-03,jaoh8_7000c,call,70.0,8.38,2026-08-21,3,0.2550157558686146,8.385570994252781,0.0055709942527801815,8.352831611553928,-0.0271683884460731,13.501454960977396,5.121454960977395
2026-08-24,2028-03,jaoh8_7110c,call,71.1,7.89,2026-08-21,3,0.2533086557285156,7.8859612818639935,-0.004038718136006203,7.863286061559534,-0.0267139384404657,13.094590487498536,5.204590487498536
2026-08-24,2028-03,jaoh8_7275c,call,72.75,7.2,2026-08-21,3,0.2513377714563943,7.191579022494349,-0.00842097750565074,7.172205777755774,-0.0277942222442257,12.506180509102498,5.306180509102497
2026-08-24,2028-03,jaoh8_7340c,call,73.4,6.94,2026-08-21,3,0.2504996914894419,6.9277824139022055,-0.012217586097794886,6.914000498540483,-0.0259995014595171,12.281572439544735,5.341572439544735
2026-08-24,2028-03,jaoh8_7450c,call,74.5,6.52,2026-08-21,3,0.2494455074958983,6.508177817809659,-0.011822182190340591,6.494780486941917,-0.025219513058083,11.910431339322503,5.390431339322504
2026-08-24,2028-03,jaoh8_7500c,call,75.0,6.33,2026-08-21,3,0.248945276246904,6.322907139797461,-0.007092860202538631,6.311493172939539,-0.0185068270604613,11.74516902748768,5.41516902748768
2026-08-24,2028-03,jaoh8_7550c,call,75.5,6.16,2026-08-21,3,0.2486333670121443,6.147556825010546,-0.012443174989454242,6.132680260753519,-0.0273197392464812,11.582076133401843,5.422076133401843
2026-08-24,2028-03,jaoh8_7670c,call,76.7,5.75,2026-08-21,3,0.2477857346260173,5.738699486534711,-0.011300513465289264,5.721469532960191,-0.0285304670398094,11.199682148674288,5.449682148674288
2026-08-24,2028-03,jaoh8_7700c,call,77.0,5.65,2026-08-21,3,0.2476251394234484,5.641447495494318,-0.008552504505682457,5.622557370079619,-0.0274426299203813,11.106038200408909,5.4560382004089085
2026-08-24,2028-03,jaoh8_7775c,call,77.75,5.42,2026-08-21,3,0.2470490000236865,5.3983671138987654,-0.021632886101234483,5.381946400507951,-0.0380535994920494,10.875346232469768,5.455346232469768
2026-08-24,2028-03,jaoh8_5740p,put,57.4,3.55,2026-08-21,3,0.2794717594238355,3.5612355603342234,0.011235560334223571,3.53414572602113,-0.0158542739788698,7.076233405377014,3.526233405377014
2026-08-24,2028-03,jaoh8_5900p,put,59.0,3.98,2026-08-21,3,0.2755257687775203,3.9927122592561552,0.012712259256155267,3.9594780652668913,-0.0205219347331087,7.762693335784839,3.782693335784839
2026-08-24,2028-03,jaoh8_6000p,put,60.0,4.27,2026-08-21,3,0.2730853874279276,4.280250327980653,0.010250327980653395,4.247057372711318,-0.0229426272886819,8.207458236213915,3.937458236213915
2026-08-24,2028-03,jaoh8_6165p,put,61.65,4.79,2026-08-21,3,0.2693731184071585,4.793312027582491,0.0033120275824911616,4.759513161906405,-0.0304868380935952,8.96706478173194,4.17706478173194
2026-08-24,2028-03,jaoh8_6200p,put,62.0,4.9,2026-08-21,3,0.2685522602923587,4.90617146437466,0.006171464374659763,4.874428769983082,-0.0255712300169186,9.132237174675316,4.232237174675316
2026-08-24,2028-03,jaoh8_6250p,put,62.5,5.07,2026-08-21,3,0.2673754326970867,5.070311418811427,0.0003114188114263783,5.042427873800973,-0.0275721261990273,9.370613341706768,4.300613341706768
2026-08-24,2028-03,jaoh8_6500p,put,65.0,5.97,2026-08-21,3,0.2623718556663151,5.971953547472267,0.0019535474722669477,5.951264854690892,-0.0187351453091082,10.604625306805929,4.634625306805929
2026-08-24,2028-03,jaoh8_6600p,put,66.0,6.37,2026-08-21,3,0.2607548739823883,6.370981023305319,0.0009810233053189066,6.34744227621939,-0.0225577237806104,11.11765742173509,4.747657421735091
2026-08-24,2028-03,jaoh8_6750p,put,67.5,7.0,2026-08-21,3,0.258511137030512,7.004835202972445,0.004835202972444996,6.977124304964998,-0.0228756950350019,11.906914760585586,4.906914760585586
2026-08-24,2028-03,jaoh8_7000p,put,70.0,8.15,2026-08-21,3,0.2550081246809516,8.14859393357755,-0.0014060664224508912,8.121287109564442,-0.0287128904355586,13.27471831098361,5.12471831098361
2026-08-24,2028-03,jaoh8_7450p,put,74.5,10.5,2026-08-21,3,0.249782907751018,10.492363338920214,-0.007636661079786222,10.474292132261484,-0.0257078677385145,15.893615332653692,5.393615332653692
2026-08-24,2028-09,jaou8_6151c,call,61.51,12.35,2026-08-21,3,0.252546079895988,12.368978056278591,0.018978056278591282,12.344625393065742,-0.0053746069342572,17.745317085809077,5.3953170858090775
2026-08-24,2028-09,jaou8_6500c,call,65.0,10.36,2026-08-21,3,0.2431453756587533,10.380981515754371,0.02098151575437157,10.32353747236152,-0.0364625276384806,16.340077145028648,5.980077145028648
2026-08-24,2028-09,jaou8_6570c,call,65.7,9.99,2026-08-21,3,0.2410905528121109,9.995682351827412,0.005682351827411836,9.948567818720516,-0.0414321812794842,16.0724120058336,6.082412005833598
2026-08-24,2028-09,jaou8_6600c,call,66.0,9.83,2026-08-21,3,0.2403600144737023,9.837714237351873,0.007714237351873265,9.79103860715852,-0.0389613928414789,15.959135690136302,6.129135690136302
2026-08-24,2028-09,jaou8_6650c,call,66.5,9.57,2026-08-21,3,0.2392555187591533,9.581123117272519,0.011123117272518357,9.532736761938835,-0.0372632380611648,15.772189028443252,6.202189028443252
2026-08-24,2028-09,jaou8_6775c,call,67.75,8.93,2026-08-21,3,0.2360603023563753,8.939863048172937,0.009863048172936928,8.91029276197695,-0.0197072380230505,15.314809391721344,6.384809391721344
2026-08-24,2028-09,jaou8_7000c,call,70.0,7.89,2026-08-21,3,0.2315591978039533,7.885964996497752,-0.004035003502247392,7.873916135158968,-0.0160838648410317,14.525774039438494,6.635774039438494
2026-08-24,2028-09,jaou8_7110c,call,71.1,7.42,2026-08-21,3,0.2298127139156542,7.4139289251425575,-0.0060710748574424045,7.406298811966234,-0.0137011880337656,14.155450737392654,6.735450737392654
2026-08-24,2028-09,jaou8_7275c,call,72.75,6.77,2026-08-21,3,0.2279295981004179,6.765801016340622,-0.004198983659377653,6.752107071084021,-0.0178929289159786,13.61791919289084,6.84791919289084
2026-08-24,2028-09,jaou8_7340c,call,73.4,6.53,2026-08-21,3,0.2271625046341932,6.520499784967126,-0.009500215032874237,6.509669128975513,-0.0203308710244876,13.411833006905516,6.881833006905516
2026-08-24,2028-09,jaou8_7450c,call,74.5,6.15,2026-08-21,3,0.2261179793602388,6.128369903280687,-0.021630096719313485,6.118594673959142,-0.0314053260408586,13.070396793196585,6.920396793196584
2026-08-24,2028-09,jaou8_7500c,call,75.0,5.98,2026-08-21,3,0.2258122631212294,5.961878734332064,-0.01812126566793637,5.948668245605038,-0.0313317543949622,12.918251264331714,6.938251264331713
2026-08-24,2028-09,jaou8_7560c,call,75.6,5.78,2026-08-21,3,0.2254284257617351,5.766080291603327,-0.013919708396673336,5.75109141450005,-0.0289085854999502,12.73815117162532,6.95815117162532
2026-08-24,2028-09,jaou8_7670c,call,76.7,5.44,2026-08-21,3,0.2248304198882001,5.423689126468732,-0.016310873531268477,5.406420653343059,-0.0335793466569409,12.414887483486709,6.974887483486708
2026-08-24,2028-09,jaou8_7925c,call,79.25,4.72,2026-08-21,3,0.2237180549561262,4.700851054869828,-0.019148945130171846,4.690628788851162,-0.0293712111488373,11.698059400252122,6.978059400252122
2026-08-24,2028-09,jaou8_8000c,call,80.0,4.53,2026-08-21,3,0.2234467935142304,4.50575511413804,-0.024244885861960164,4.501007744899698,-0.0289922551003023,11.49547448779975,6.96547448779975
2026-08-24,2028-09,jaou8_5000p,put,50.0,2.52,2026-08-21,3,0.2781602283036497,2.5138222988699788,-0.006177701130021251,2.518133308959328,-0.0018666910406719,5.831287595841795,3.311287595841795
2026-08-24,2028-09,jaou8_5500p,put,55.0,3.64,2026-08-21,3,0.2667922358869149,3.6468571000726477,0.006857100072647615,3.605311265148668,-0.0346887348513322,7.830531115242298,4.1905311152422975
2026-08-24,2028-09,jaou8_5700p,put,57.0,4.17,2026-08-21,3,0.2621421598857233,4.17742083937917,0.007420839379170374,4.126261824953895,-0.043738175046105,8.708418238140915,4.538418238140915
2026-08-24,2028-09,jaou8_5740p,put,57.4,4.28,2026-08-21,3,0.2612246804191754,4.289628007984598,0.009628007984598064,4.236754732991743,-0.043245267008257,8.88912691606193,4.609126916061929
2026-08-24,2028-09,jaou8_6165p,put,61.65,5.58,2026-08-21,3,0.2508400836874468,5.584932123241523,0.004932123241522923,5.547051245401366,-0.0329487545986344,10.91005276759787,5.33005276759787
2026-08-24,2028-09,jaou8_6200p,put,62.0,5.69,2026-08-21,3,0.2501525294189403,5.707172420223327,0.017172420223326768,5.666425453413443,-0.0235745465865573,11.08444942758738,5.39444942758738
2026-08-24,2028-09,jaou8_6250p,put,62.5,5.86,2026-08-21,3,0.248730457030169,5.8704047992816735,0.01040479928167315,5.840075484189877,-0.0199245158101231,11.335648714557284,5.475648714557283
2026-08-24,2028-09,jaou8_6500p,put,65.0,6.75,2026-08-21,3,0.2425849372289757,6.767265908086462,0.01726590808646211,6.764162294572572,0.0141622945725723,12.6276096420539,5.8776096420539
2026-08-24,2028-09,jaou8_6750p,put,67.5,7.74,2026-08-21,3,0.2366082406087603,7.755185593558892,0.015185593558891597,7.783269860633551,0.0432698606335506,13.97939639679125,6.23939639679125
2026-08-24,2028-09,jaou8_7000p,put,70.0,8.87,2026-08-21,3,0.2318150360348178,8.873818586397904,0.0038185863979052215,8.89929492986467,0.0292949298646707,15.386692858254532,6.516692858254533
2026-08-24,2028-09,jaou8_7450p,put,74.5,11.27,2026-08-21,3,0.2270733176443574,11.2574277733228,-0.012572226677200149,11.154438413194608,-0.1155615868053914,18.047363301624337,6.777363301624337
2026-08-25,2028-03,jaoh8_6151c,call,61.51,12.57,2026-08-24,1,0.2701290974116115,12.556822162935159,-0.013177837064841214,12.525337280892256,-0.0446627191077446,16.696900752031645,4.126900752031645
2026-08-25,2028-03,jaoh8_6200c,call,62.0,12.28,2026-08-24,1,0.2690063860995713,12.26079178009664,-0.019208219903358525,12.229449305619193,-0.0505506943808082,16.47193901610012,4.19193901610012
2026-08-25,2028-03,jaoh8_6420c,call,64.2,11.01,2026-08-24,1,0.2644452683411396,10.989357852731121,-0.020642147268878475,10.956676619143188,-0.0533233808568116,15.495494296176622,4.485494296176622
2026-08-25,2028-03,jaoh8_6500c,call,65.0,10.57,2026-08-24,1,0.2628246906455957,10.546368115511605,-0.02363188448839537,10.516810140447705,-0.0531898595522957,15.153957264507971,4.583957264507971
2026-08-25,2028-03,jaoh8_6600c,call,66.0,10.04,2026-08-24,1,0.2610858555897057,10.015311423518064,-0.024688576481935343,9.984429367244047,-0.0555706327559502,14.736718430162773,4.696718430162774
2026-08-25,2028-03,jaoh8_6775c,call,67.75,9.16,2026-08-24,1,0.2582754127405057,9.131333963297156,-0.02866603670284462,9.09970743976104,-0.0602925602389596,14.032132459911448,4.872132459911448
2026-08-25,2028-03,jaoh8_6875c,call,68.75,8.68,2026-08-24,1,0.2567479682206207,8.65066118154664,-0.029338818453359394,8.621019298684626,-0.0589807013153738,13.643952426544049,4.963952426544049
2026-08-25,2028-03,jaoh8_6890c,call,68.9,8.61,2026-08-24,1,0.2565856777982463,8.582063561130708,-0.027936438869291536,8.550898067224587,-0.0591019327754125,13.586657479262277,4.976657479262277
2026-08-25,2028-03,jaoh8_7000c,call,70.0,8.11,2026-08-24,1,0.2548424395882234,8.072461874105814,-0.03753812589418537,8.050029013353734,-0.0599709866462649,13.17363849599404,5.06363849599404
2026-08-25,2028-03,jaoh8_7110c,call,71.1,7.63,2026-08-24,1,0.2534333893651767,7.592904678551309,-0.037095321448690655,7.572513077930714,-0.0574869220692857,12.772585059761449,5.142585059761449
2026-08-25,2028-03,jaoh8_7275c,call,72.75,6.96,2026-08-24,1,0.2515962553626961,6.91858880159596,-0.04141119840403995,6.8993951784803045,-0.0606048215196954,12.193161643669526,5.233161643669527
2026-08-25,2028-03,jaoh8_7340c,call,73.4,6.71,2026-08-24,1,0.2508743825464021,6.664770132438583,-0.045229867561417336,6.648208702990124,-0.0617912970098757,11.97207622595279,5.26207622595279
2026-08-25,2028-03,jaoh8_7450c,call,74.5,6.3,2026-08-24,1,0.2498082366834225,6.255167109610168,-0.044832890389831626,6.240756014096157,-0.0592439859038425,11.606473006424144,5.306473006424144
2026-08-25,2028-03,jaoh8_7500c,call,75.0,6.12,2026-08-24,1,0.2491631193018357,6.069929860722507,-0.050070139277493375,6.062761942654463,-0.0572380573455371,11.44376843164728,5.32376843164728
2026-08-25,2028-03,jaoh8_7550c,call,75.5,5.95,2026-08-24,1,0.2490160939216978,5.904511950112867,-0.045488049887133286,5.889202259069283,-0.0607977409307167,11.28330099145151,5.33330099145151
2026-08-25,2028-03,jaoh8_7670c,call,76.7,5.56,2026-08-24,1,0.2481352222576739,5.50559972677479,-0.054400273225209794,5.490414874317396,-0.0695851256826038,10.907219703258914,5.347219703258914
2026-08-25,2028-03,jaoh8_7700c,call,77.0,5.47,2026-08-24,1,0.2478901126706695,5.408361052481352,-0.061638947518647846,5.394563870701126,-0.0754361292988736,10.81515815116066,5.34515815116066
2026-08-25,2028-03,jaoh8_7775c,call,77.75,5.25,2026-08-24,1,0.247722680312673,5.185034202031726,-0.06496579796827362,5.161520287186126,-0.0884797128138741,10.588477953062934,5.338477953062935
2026-08-25,2028-03,jaoh8_5740p,put,57.4,3.69,2026-08-24,1,0.2790134457151689,3.6728201284170776,-0.017179871582922335,3.64463819126544,-0.0453618087345604,7.217387817576194,3.527387817576194
2026-08-25,2028-03,jaoh8_5900p,put,59.0,4.14,2026-08-24,1,0.2750341990726885,4.11573568163325,-0.02426431836674947,4.08487680162145,-0.05512319837855,7.913825313066123,3.773825313066124
2026-08-25,2028-03,jaoh8_6000p,put,60.0,4.44,2026-08-24,1,0.2727009697960967,4.414194129392865,-0.025805870607135795,4.382181329567377,-0.0578186704326233,8.364776789762878,3.924776789762878
2026-08-25,2028-03,jaoh8_6165p,put,61.65,4.97,2026-08-24,1,0.2692544820096483,4.948781481802836,-0.021218518197163583,4.91130091491034,-0.0586990850896596,9.134670371355124,4.1646703713551245
2026-08-25,2028-03,jaoh8_6200p,put,62.0,5.08,2026-08-24,1,0.2683331618200642,5.06193410252337,-0.0180658974766299,5.029841116320675,-0.0501588836793249,9.302025512266413,4.222025512266413
2026-08-25,2028-03,jaoh8_6250p,put,62.5,5.26,2026-08-24,1,0.2673645124507657,5.236537298924808,-0.023462701075191994,5.203067885371246,-0.0569321146287533,9.54354696221605,4.28354696221605
2026-08-25,2028-03,jaoh8_6500p,put,65.0,6.19,2026-08-24,1,0.2623069268107485,6.16034426517592,-0.02965573482408068,6.138794942954836,-0.0512050570451645,10.79342443025681,4.603424430256809
2026-08-25,2028-03,jaoh8_6600p,put,66.0,6.6,2026-08-24,1,0.2607228378403747,6.570229874620828,-0.029770125379172008,6.54600611358033,-0.0539938864196694,11.312645819105793,4.712645819105793
2026-08-25,2028-03,jaoh8_6750p,put,67.5,7.25,2026-08-24,1,0.2583567179130138,7.21533920062163,-0.0346607993783703,7.192434394956761,-0.0575656050432389,12.111437308050316,4.861437308050316
2026-08-25,2028-03,jaoh8_7000p,put,70.0,8.42,2026-08-24,1,0.2550518685322684,8.39104797863725,-0.028952021362750102,8.364752655861544,-0.055247344138456,13.495406777713796,5.075406777713797
2026-08-25,2028-03,jaoh8_7450p,put,74.5,10.83,2026-08-24,1,0.2500172134619908,10.78786640639122,-0.04213359360877966,10.767789172619493,-0.0622108273805075,16.14231229251773,5.3123122925177295
2026-08-25,2028-09,jaou8_6151c,call,61.51,12.09,2026-08-24,1,0.2519502062771943,12.072492113478003,-0.017507886521997307,12.045182382327257,-0.044817617672745,17.472620842707272,5.382620842707272
2026-08-25,2028-09,jaou8_6500c,call,65.0,10.12,2026-08-24,1,0.2425275932228554,10.103160685694187,-0.016839314305812536,10.054544422104197,-0.0654555778958023,16.079281318594013,5.959281318594014
2026-08-25,2028-09,jaou8_6570c,call,65.7,9.75,2026-08-24,1,0.2409249328668646,9.737577132022151,-0.01242286797784864,9.686018071562676,-0.0639819284373235,15.814104602124186,6.064104602124186
2026-08-25,2028-09,jaou8_6600c,call,66.0,9.59,2026-08-24,1,0.2401360857452188,9.57949362602343,-0.01050637397657006,9.531276372103484,-0.0587236278965157,15.7018627977951,6.1118627977951
2026-08-25,2028-09,jaou8_6650c,call,66.5,9.34,2026-08-24,1,0.2389346944767739,9.322719408751745,-0.017280591248255206,9.277651135297608,-0.0623488647023933,15.516645800581465,6.176645800581465
2026-08-25,2028-09,jaou8_6775c,call,67.75,8.72,2026-08-24,1,0.2357797453852194,8.690958327427808,-0.029041672572192923,8.66703560599362,-0.0529643940063806,15.063492347422752,6.343492347422751
2026-08-25,2028-09,jaou8_7000c,call,70.0,7.7,2026-08-24,1,0.2316720308390094,7.666168619064358,-0.03383138093564231,7.652216729678915,-0.0477832703210854,14.282038689154902,6.582038689154902
2026-08-25,2028-09,jaou8_7110c,call,71.1,7.25,2026-08-24,1,0.2299816959212892,7.203713563806138,-0.046286436193861746,7.195140153112269,-0.054859846887731,13.915277376286388,6.665277376286388
2026-08-25,2028-09,jaou8_7275c,call,72.75,6.62,2026-08-24,1,0.2280461829984411,6.565009528441827,-0.05499047155817305,6.556600132207366,-0.0633998677926337,13.383012779801115,6.763012779801115
2026-08-25,2028-09,jaou8_7340c,call,73.4,6.38,2026-08-24,1,0.2274263990771362,6.3294329302715155,-0.05056706972848435,6.320241392953435,-0.0597586070465645,13.178996851832483,6.798996851832484
2026-08-25,2028-09,jaou8_7450c,call,74.5,6.01,2026-08-24,1,0.2267203478958747,5.956807118673161,-0.05319288132683919,5.939302450447826,-0.0706975495521735,12.841213232105044,6.8312132321050445
2026-08-25,2028-09,jaou8_7500c,call,75.0,5.84,2026-08-24,1,0.2263178643085167,5.790164166649762,-0.04983583335023756,5.773909411769581,-0.066090588230419,12.690713258722816,6.850713258722816
2026-08-25,2028-09,jaou8_7560c,call,75.6,5.65,2026-08-24,1,0.2258179058113837,5.594183219130927,-0.05581678086907349,5.581704126820102,-0.0682958731798981,12.512616707614391,6.862616707614391
2026-08-25,2028-09,jaou8_7670c,call,76.7,5.32,2026-08-24,1,0.2252899053569598,5.261371016953423,-0.058628983046577154,5.246667171432543,-0.073332828567457,12.192898439158508,6.872898439158508
2026-08-25,2028-09,jaou8_7925c,call,79.25,4.62,2026-08-24,1,0.2242701535319082,4.5575522379706666,-0.06244776202933355,4.551982261566694,-0.0680177384333058,11.484011081625043,6.864011081625043
2026-08-25,2028-09,jaou8_8000c,call,80.0,4.43,2026-08-24,1,0.2241518977579286,4.372107151016096,-0.057892848983903455,4.368207946473396,-0.0617920535266041,11.283600942573557,6.853600942573557
2026-08-25,2028-09,jaou8_5000p,put,50.0,2.61,2026-08-24,1,0.2784444288709362,2.587605831249327,-0.022394168750672794,2.5911266722983517,-0.0188733277016486,5.920010984000111,3.3100109840001117
2026-08-25,2028-09,jaou8_5500p,put,55.0,3.77,2026-08-24,1,0.2665337208320274,3.73417135820352,-0.03582864179647993,3.692367634062149,-0.0776323659378506,7.942139993112158,4.172139993112157
2026-08-25,2028-09,jaou8_5700p,put,57.0,4.31,2026-08-24,1,0.2618799941750463,4.276227494192575,-0.0337725058074243,4.221906034232417,-0.088093965767583,8.829259006923325,4.519259006923325
2026-08-25,2028-09,jaou8_5740p,put,57.4,4.42,2026-08-24,1,0.2608886033744098,4.38872267951187,-0.03127732048812959,4.334343000309682,-0.0856569996903182,9.011815383665434,4.591815383665434
2026-08-25,2028-09,jaou8_6165p,put,61.65,5.74,2026-08-24,1,0.2506856462862447,5.717204251731602,-0.02279574826839781,5.670200254670326,-0.0697997453296741,11.052591440341708,5.312591440341707
2026-08-25,2028-09,jaou8_6200p,put,62.0,5.86,2026-08-24,1,0.2496187886851212,5.829679718875481,-0.0303202811245189,5.79208553173966,-0.0679144682603407,11.22864830135409,5.3686483013540895
2026-08-25,2028-09,jaou8_6250p,put,62.5,6.03,2026-08-24,1,0.2484103388039123,6.003286690563307,-0.026713309436693145,5.969429816063682,-0.0605701839363179,11.48223565482134,5.452235654821339
2026-08-25,2028-09,jaou8_6500p,put,65.0,6.94,2026-08-24,1,0.2420765593313127,6.911975768669954,-0.028024231330046057,6.913841980307751,-0.0261580196922492,12.786397783992689,5.846397783992688
2026-08-25,2028-09,jaou8_6750p,put,67.5,7.96,2026-08-24,1,0.2361751937696595,7.921715893577618,-0.038284106422382,7.956201617256566,-0.003798382743434,14.150434750494474,6.190434750494474
2026-08-25,2028-09,jaou8_7000p,put,70.0,9.12,2026-08-24,1,0.2317082530837765,9.072165200984525,-0.04783479901547416,9.098056394707802,-0.021943605292197,15.569717932251596,6.4497179322515965
2026-08-25,2028-09,jaou8_7450p,put,74.5,11.56,2026-08-24,1,0.2274233974147244,11.509074223940187,-0.05092577605981319,11.404532841267947,-0.155467158732053,18.251398975129952,6.691398975129951
2026-08-26,2026-09,jaou6_9100c,call,91.0,0.58,2026-08-25,1,0.4727733818373344,0.5751121458778843,-0.004887854122115676,0.5740631686244645,-0.0059368313755354,0.3660284709665579,-0.213971529033442
2026-08-26,2026-09,jaou6_9150c,call,91.5,0.53,2026-08-25,1,0.473874311750859,0.5194504651077244,-0.010549534892275614,0.5248994232821466,-0.0051005767178534,0.3203570457967026,-0.2096429542032974
2026-08-26,2026-09,jaou6_9196c,call,91.96,0.48,2026-08-25,1,0.4777272968623315,0.4824128505591049,0.0024128505591048954,0.483442427833432,0.003442427833432,0.2827250595333297,-0.1972749404666702
2026-08-26,2026-09,jaou6_9200c,call,92.0,0.48,2026-08-25,1,0.4762915970615479,0.4732360282008865,-0.006763971799113477,0.4799988258904093,-1.1741095906625532e-06,0.2796397519791259,-0.2003602480208741
2026-08-26,2026-09,jaou6_9225c,call,92.25,0.46,2026-08-25,1,0.4784322637062468,0.45478142036519087,-0.005218579634809151,0.4590363837638667,-0.0009636162361332,0.2610031307374452,-0.1989968692625548
2026-08-26,2026-09,jaou6_9250c,call,92.5,0.44,2026-08-25,1,0.4803406304198803,0.4363705998700496,-0.0036294001299503886,0.4390098509399818,-0.0009901490600182,0.2434458152180574,-0.1965541847819426
2026-08-26,2026-09,jaou6_9435c,call,94.35,0.32,2026-08-25,1,0.4925184761780706,0.31773864673380003,-0.0022613532661999725,0.3162219633971987,-0.0037780366028012,0.1428830960729784,-0.1771169039270216
2026-08-26,2026-09,jaou6_9500c,call,95.0,0.28,2026-08-25,1,0.4955891584908124,0.2816607085085459,0.0016607085085458828,0.2821049105477407,0.0021049105477406,0.1177400192777405,-0.1622599807222595
2026-08-26,2026-09,jaou6_9800c,call,98.0,0.17,2026-08-25,1,0.5123209441977741,0.16611847684546915,-0.003881523154530858,0.1683157457835588,-0.0016842542164412,0.0461680863857368,-0.1238319136142632
2026-08-26,2026-09,jaou6_10000c,call,100.0,0.12,2026-08-25,1,0.5271153109269411,0.1226062791788172,0.0026062791788172,0.1207131298551107,0.0007131298551107,0.0236316700376869,-0.096368329962313
2026-08-26,2026-09,jaou6_10205c,call,102.05,0.09,2026-08-25,1,0.5396431839662083,0.08837607623451722,-0.0016239237654827737,0.0868678595022663,-0.0031321404977336,0.0112998291100079,-0.0787001708899921
2026-08-26,2026-09,jaou6_10240c,call,102.4,0.08,2026-08-25,1,0.5379523342065043,0.07993507146086576,-6.492853913424301e-05,0.082227134320036,0.002227134320036,0.0099228755228656,-0.0700771244771344
2026-08-26,2026-09,jaou6_10300c,call,103.0,0.07,2026-08-25,1,0.5402172263960359,0.07152577236463226,0.0015257723646322496,0.0749081802019249,0.0049081802019249,0.0079038429021862,-0.0620961570978138
2026-08-26,2026-09,jaou6_10500c,call,105.0,0.05,2026-08-25,1,0.5555990395340856,0.054844194001256785,0.0048441940012567825,0.0553643696662686,0.0053643696662686,0.0035512807532346,-0.0464487192467654
2026-08-26,2026-09,jaou6_10520c,call,105.2,0.05,2026-08-25,1,0.5591224787212137,0.05483675228272347,0.004836752282723469,0.0537547100992571,0.0037547100992571,0.0032677309872067,-0.0467322690127933
2026-08-26,2026-09,jaou6_10825c,call,108.25,0.03,2026-08-25,1,0.5668546327664128,0.030384902004973385,0.00038490200497338575,0.0348599238582344,0.0048599238582344,0.0008262561237195,-0.0291737438762804
2026-08-26,2026-09,jaou6_11000c,call,110.0,0.03,2026-08-25,1,0.5943100158345369,0.03035690733966502,0.00035690733966502186,0.0275865626934981,-0.0024134373065018,0.0003579598445104,-0.0296420401554896
2026-08-26,2026-09,jaou6_7200p,put,72.0,0.26,2026-08-25,1,0.4428442119560717,0.23416923321751604,-0.02583076678248397,0.2339962587409179,-0.0260037412590821,0.1742555010898402,-0.0857444989101598
2026-08-26,2026-09,jaou6_7400p,put,74.0,0.47,2026-08-25,1,0.4368102427696895,0.43467849191027597,-0.03532150808972401,0.4372313133616643,-0.0327686866383356,0.3615924973448347,-0.1084075026551653
2026-08-26,2026-09,jaou6_7450p,put,74.5,0.54,2026-08-25,1,0.4380253340950673,0.5118516555136328,-0.02814834448636727,0.5069823182534376,-0.0330176817465623,0.4268117673797351,-0.1131882326202649
2026-08-26,2026-09,jaou6_7500p,put,75.0,0.62,2026-08-25,1,0.4368672398922463,0.5896004136795563,-0.030399586320443706,0.5857676179965381,-0.0342323820034619,0.5008489315514395,-0.1191510684485605
2026-08-26,2026-09,jaou6_7600p,put,76.0,0.81,2026-08-25,1,0.4351835534771791,0.7754598257351075,-0.03454017426489253,0.7733703282243827,-0.0366296717756173,0.678715346138255,-0.131284653861745
2026-08-26,2026-09,jaou6_7750p,put,77.5,1.18,2026-08-25,1,0.4340697061182352,1.1408122369588716,-0.039187763041128365,1.1402434047722592,-0.0397565952277407,1.0296704246301256,-0.1503295753698743
2026-08-26,2026-09,jaou6_7800p,put,78.0,1.32,2026-08-25,1,0.4325799738172136,1.2801283967150647,-0.03987160328493533,1.2878076514006187,-0.0321923485993813,1.171439292019821,-0.1485607079801789
2026-08-26,2026-09,jaou6_8000p,put,80.0,2.04,2026-08-25,1,0.4341146832124393,2.0099608603104633,-0.030039139689536754,2.016701456535157,-0.0232985434648429,1.8746762685212408,-0.1653237314787592
2026-08-26,2026-09,jaou6_8200p,put,82.0,3.0,2026-08-25,1,0.4380434899498991,2.976278974801007,-0.023721025198993217,2.977451093844014,-0.0225489061559853,2.808239063213815,-0.191760936786185
2026-08-26,2026-09,jaou6_8250p,put,82.5,3.28,2026-08-25,1,0.4399953737547169,3.2586817485458357,-0.021318251454164105,3.253744605593426,-0.0262553944065739,3.07806094076918,-0.2019390592308196
2026-08-26,2026-11,jaox6_8950c,call,89.5,2.85,2026-08-25,1,0.4475368025161577,2.7716573889249183,-0.07834261107508178,2.764364852769749,-0.085635147230251,2.4074853296939827,-0.4425146703060174
2026-08-26,2026-11,jaox6_9000c,call,90.0,2.75,2026-08-25,1,0.4494535895991036,2.6809190229235074,-0.06908097707649263,2.670986872816087,-0.0790131271839129,2.2992752317569405,-0.4507247682430595
2026-08-26,2026-11,jaox6_9025c,call,90.25,2.7,2026-08-25,1,0.4499007784120112,2.6305851759718024,-0.06941482402819776,2.625608675000628,-0.0743913249993726,2.2467547042543,-0.4532452957457002
2026-08-26,2026-11,jaox6_9100c,call,91.0,2.57,2026-08-25,1,0.452460821480863,2.499593727670616,-0.07040627232938368,2.494529519643792,-0.0754704803562078,2.095561019265636,-0.4744389807343636
2026-08-26,2026-11,jaox6_9196c,call,91.96,2.41,2026-08-25,1,0.4553970621898749,2.3384591744261827,-0.07154082557381747,2.3372947313016117,-0.0727052686983888,1.9153363188157029,-0.4946636811842972
2026-08-26,2026-11,jaox6_9200c,call,92.0,2.41,2026-08-25,1,0.4560696694135727,2.3383928488664,-0.07160715113360006,2.330989298107557,-0.079010701892443,1.9081272407488576,-0.5018727592511425
2026-08-26,2026-11,jaox6_9225c,call,92.25,2.37,2026-08-25,1,0.4568115134752786,2.2981207571190154,-0.07187924288098468,2.292012465948021,-0.0779875340519788,1.8636029966615388,-0.5063970033384613
2026-08-26,2026-11,jaox6_9348c,call,93.48,2.19,2026-08-25,1,0.4610198609578544,2.1168778773277492,-0.07312212267225071,2.110691687996665,-0.0793083120033348,1.6574239135624549,-0.5325760864375451
2026-08-26,2026-11,jaox6_9353c,call,93.53,2.18,2026-08-25,1,0.4609189938011767,2.1068423655270507,-0.07315763447294943,2.103674167541433,-0.0763258324585667,1.6494804693215637,-0.5305195306784365
2026-08-26,2026-11,jaox6_9435c,call,94.35,2.07,2026-08-25,1,0.4637744436915501,1.9961184130431158,-0.07388158695688407,1.9923184266941485,-0.0776815733058515,1.523952817161372,-0.5460471828386277
2026-08-26,2026-11,jaox6_9911c,call,99.11,1.53,2026-08-25,1,0.4803618399489822,1.4732123326259765,-0.05678766737402352,1.466509532287763,-0.0634904677122369,0.951651628835964,-0.578348371164036
2026-08-26,2026-11,jaox6_10000c,call,100.0,1.45,2026-08-25,1,0.4832721649437769,1.3928754962584489,-0.05712450374155109,1.3874720038089257,-0.0625279961910743,0.8694416291156621,-0.5805583708843378
2026-08-26,2026-11,jaox6_10205c,call,102.05,1.28,2026-08-25,1,0.4906213677618517,1.2322478189500132,-0.0477521810499868,1.2241921422051678,-0.0558078577948322,0.7039022375589695,-0.5760977624410305
2026-08-26,2026-11,jaox6_10240c,call,102.4,1.26,2026-08-25,1,0.4912678866503868,1.2021927480998933,-0.057807251900106715,1.1987114465163502,-0.0612885534836498,0.6786299356630195,-0.5813700643369805
2026-08-26,2026-11,jaox6_10500c,call,105.0,1.08,2026-08-25,1,0.5001177862868025,1.0317501647353493,-0.048249835264650764,1.0285878282224037,-0.0514121717775966,0.5152674401350124,-0.5647325598649877
2026-08-26,2026-11,jaox6_10800c,call,108.0,0.92,2026-08-25,1,0.5103856467234202,0.8715236331671138,-0.04847636683288625,0.8682198074342362,-0.0517801925657638,0.3715460671448578,-0.5484539328551423
2026-08-26,2026-11,jaox6_7200p,put,72.0,2.87,2026-08-25,1,0.4055904697345264,2.773387694461486,-0.09661230553851397,2.7687089819368937,-0.1012910180631063,2.9084059534340856,0.0384059534340854
2026-08-26,2026-11,jaox6_7400p,put,74.0,3.63,2026-08-25,1,0.4072254922175488,3.534404834899198,-0.0955951651008018,3.534492428276912,-0.0955075717230879,3.658109843033678,0.0281098430336781
2026-08-26,2026-11,jaox6_7450p,put,74.5,3.84,2026-08-25,1,0.4076180356144824,3.742228688802337,-0.09777131119766302,3.745332871704656,-0.0946671282953435,3.862464611504399,0.0224646115043989
2026-08-26,2026-11,jaox6_7500p,put,75.0,4.05,2026-08-25,1,0.4089722179789821,3.9699806910880064,-0.08001930891199338,3.963944010069546,-0.0860559899304536,4.073638066104952,0.0236380661049517
2026-08-26,2026-11,jaox6_7600p,put,76.0,4.51,2026-08-25,1,0.410080518314914,4.425784821547673,-0.08421517845232707,4.4243865988648565,-0.0856134011351432,4.516379438596348,0.0063794385963484
2026-08-26,2026-11,jaox6_7800p,put,78.0,5.53,2026-08-25,1,0.4134584257737979,5.437834820446663,-0.09216517955333714,5.436752822575253,-0.0932471774247476,5.483873196754803,-0.0461268032451975
2026-08-26,2026-11,jaox6_8000p,put,80.0,6.65,2026-08-25,1,0.4176726909317982,6.57067947261393,-0.07932052738606998,6.5666722811680085,-0.0833277188319918,6.55634388949916,-0.0936561105008406
2026-08-26,2026-11,jaox6_8200p,put,82.0,7.9,2026-08-25,1,0.4225077509949996,7.814421118521084,-0.08557888147891646,7.806668605290895,-0.0933313947091054,7.7312477811427165,-0.1687522188572838
2026-08-26,2026-11,jaox6_9000p,put,90.0,13.74,2026-08-25,1,0.4454711152603064,13.678132886556117,-0.06186711344388307,13.672724208134165,-0.0672757918658373,13.330595105553158,-0.4094048944468422
2026-08-26,2027-03,jaoh7_8000c,call,80.0,5.32,2026-08-25,1,0.3513268897549884,5.20557030685857,-0.11442969314142992,5.20523834034995,-0.1147616596500507,6.556199348990894,1.236199348990894
2026-08-26,2027-03,jaoh7_8025c,call,80.25,5.24,2026-08-25,1,0.3514117512487382,5.125662076999401,-0.11433792300059942,5.127270855058142,-0.1127291449418583,6.472112364726965,1.232112364726965
2026-08-26,2027-03,jaoh7_8075c,call,80.75,5.09,2026-08-25,1,0.35190884293399,4.975831879966089,-0.11416812003391108,4.975161131530991,-0.1148388684690084,6.306662552310818,1.216662552310818
2026-08-26,2027-03,jaoh7_8102c,call,81.02,5.01,2026-08-25,1,0.3521429662147399,4.895929045213018,-0.11407095478698182,4.895110630014635,-0.1148893699853648,6.218820056111939,1.208820056111939
2026-08-26,2027-03,jaoh7_8150c,call,81.5,4.87,2026-08-25,1,0.352525275589271,4.7561095245050575,-0.11389047549494258,4.756346791398611,-0.1136532086013888,6.065271499532948,1.1952714995329483
2026-08-26,2027-03,jaoh7_8185c,call,81.85,4.77,2026-08-25,1,0.3527921954587809,4.656246255817843,-0.11375374418215678,4.657978632185572,-0.1120213678144272,5.95544521610262,1.1854452161026208
2026-08-26,2027-03,jaoh7_8342c,call,83.42,4.36,2026-08-25,1,0.3547425670872524,4.2468506831782005,-0.11314931682179985,4.244791964034112,-0.115208035965888,5.484119330192392,1.124119330192392
2026-08-26,2027-03,jaoh7_8500c,call,85.0,3.98,2026-08-25,1,0.3565382972300883,3.8675258967106534,-0.1124741032893466,3.8725551212997735,-0.1074448787002264,5.042755679443986,1.062755679443986
2026-08-26,2027-03,jaoh7_8525c,call,85.25,3.92,2026-08-25,1,0.3571784848756468,3.8176120841344763,-0.10238791586552365,3.817416770775152,-0.1025832292248476,4.975830009219484,1.055830009219484
2026-08-26,2027-03,jaoh7_8575c,call,85.75,3.81,2026-08-25,1,0.3578274129529752,3.707831631773414,-0.10216836822658593,3.710084619875615,-0.0999153801243855,4.844356224064492,1.0343562240644917
2026-08-26,2027-03,jaoh7_8675c,call,86.75,3.61,2026-08-25,1,0.3596739383850317,3.508241854757443,-0.10175814524255689,3.506791478700705,-0.1032085212992948,4.590778617078434,0.980778617078434
2026-08-26,2027-03,jaoh7_8700c,call,87.0,3.56,2026-08-25,1,0.3600379121537975,3.4583533318201782,-0.10164666817982182,3.458253308097925,-0.101746691902075,4.529303617876571,0.9693036178765708
2026-08-26,2027-03,jaoh7_8705c,call,87.05,3.55,2026-08-25,1,0.3601060201948379,3.4483760567058463,-0.10162394329415347,3.448652402102992,-0.1013475978970079,4.517100148407253,0.967100148407253
2026-08-26,2027-03,jaoh7_6800p,put,68.0,4.65,2026-08-25,1,0.3532212792742615,4.528312943570231,-0.12168705642976896,4.527897639344138,-0.1221023606558624,5.732311344491857,1.082311344491857
2026-08-26,2027-03,jaoh7_6900p,put,69.0,5.04,2026-08-25,1,0.3522398976376029,4.928297444472161,-0.11170255552783903,4.923400911217316,-0.1165990887826842,6.178561576112111,1.138561576112111
2026-08-26,2027-03,jaoh7_7000p,put,70.0,5.46,2026-08-25,1,0.3507230455217852,5.33836572474642,-0.12163427525358017,5.343421728574767,-0.116578271425233,6.643136767710876,1.1831367677108764
2026-08-26,2027-03,jaoh7_7100p,put,71.0,5.9,2026-08-25,1,0.3501760899595025,5.788446209228966,-0.11155379077103422,5.788055478579262,-0.1119445214207379,7.125498036284664,1.2254980362846633
2026-08-26,2027-03,jaoh7_7150p,put,71.5,6.13,2026-08-25,1,0.3497628820322167,6.018515161125242,-0.11148483887475802,6.019597638345241,-0.1104023616547591,7.373575149653888,1.2435751496538885
2026-08-26,2027-03,jaoh7_7400p,put,74.0,7.37,2026-08-25,1,0.3487806730343496,7.269021775213824,-0.10097822478617591,7.268730449009095,-0.1012695509909047,8.678771060603776,1.3087710606037757
2026-08-26,2027-03,jaoh7_7450p,put,74.5,7.64,2026-08-25,1,0.3488040254481081,7.539153517124214,-0.10084648287578535,7.536583136487282,-0.1034168635127175,8.952728238582768,1.3127282385827683
2026-08-26,2027-03,jaoh7_7500p,put,75.0,7.91,2026-08-25,1,0.3485887871251904,7.80931106325205,-0.10068893674795021,7.810327263584459,-0.0996727364155409,9.230885627196738,1.3208856271967375
2026-08-26,2027-09,jaou7_6820c,call,68.2,9.65,2026-08-25,1,0.2981390381086982,9.537524255456148,-0.11247574454385223,9.52764996328752,-0.122350036712481,12.537553343722236,2.887553343722235
2026-08-26,2027-09,jaou7_6825c,call,68.25,9.62,2026-08-25,1,0.2979051637799398,9.507678222267923,-0.11232177773207574,9.501217912088668,-0.118782087911331,12.515821095456587,2.895821095456588
2026-08-26,2027-09,jaou7_6860c,call,68.6,9.44,2026-08-25,1,0.2973505063294482,9.32871962752367,-0.1112803724763296,9.317742518270444,-0.1222574817295552,12.364672668144744,2.924672668144744
2026-08-26,2027-09,jaou7_6900c,call,69.0,9.24,2026-08-25,1,0.2964614930388405,9.119929180516992,-0.1200708194830078,9.111378265816937,-0.1286217341830635,12.194031068573324,2.9540310685733235
2026-08-26,2027-09,jaou7_6905c,call,69.05,9.21,2026-08-25,1,0.296204009258961,9.090087772957228,-0.11991222704277327,9.085832020222044,-0.1241679797779582,12.172856255642383,2.9628562556423823
2026-08-26,2027-09,jaou7_6930c,call,69.3,9.08,2026-08-25,1,0.2960074645355935,8.970832753755491,-0.10916724624450858,8.958931944785656,-0.1210680552143443,12.067484567992546,2.9874845679925457
2026-08-26,2027-09,jaou7_7000c,call,70.0,8.74,2026-08-25,1,0.2947265761394025,8.622969583271118,-0.11703041672888226,8.610980161304003,-0.1290198386959975,11.776925975558104,3.036925975558104
2026-08-26,2027-09,jaou7_7110c,call,71.1,8.21,2026-08-25,1,0.2928283569239625,8.096368045386635,-0.11363195461336595,8.08609780534556,-0.1239021946544411,11.333352180910278,3.1233521809102776
2026-08-26,2027-09,jaou7_7200c,call,72.0,7.8,2026-08-25,1,0.2912134916016898,7.679190430990542,-0.12080956900945772,7.6764537601021665,-0.1235462398978333,10.981879009860975,3.1818790098609755
2026-08-26,2027-09,jaou7_7335c,call,73.35,7.22,2026-08-25,1,0.2896636448473215,7.10339747462071,-0.11660252537928972,7.095039495277756,-0.1249605047222441,10.472763110798471,3.252763110798472
2026-08-26,2027-09,jaou7_7400c,call,74.0,6.96,2026-08-25,1,0.2888540835915107,6.835439126788101,-0.12456087321189901,6.829054369117466,-0.1309456308825343,10.235212718368953,3.275212718368953
2026-08-26,2027-09,jaou7_7450c,call,74.5,6.76,2026-08-25,1,0.2883345545837313,6.637002091653661,-0.12299790834633839,6.6305337841941725,-0.1294662158058273,10.055811627508882,3.2958116275088827
2026-08-26,2027-09,jaou7_7500c,call,75.0,6.57,2026-08-25,1,0.2876653949624334,6.438582541817497,-0.1314174581825034,6.4372441398232665,-0.1327558601767338,9.879366633885674,3.309366633885673
2026-08-26,2027-09,jaou7_7542c,call,75.42,6.41,2026-08-25,1,0.287276185602877,6.279891461962752,-0.13010853803724842,6.278880751099643,-0.1311192489003572,9.733256928506984,3.323256928506984
2026-08-26,2027-09,jaou7_7550c,call,75.5,6.38,2026-08-25,1,0.287207371212732,6.250140073857575,-0.1298599261424247,6.249127093547826,-0.1308729064521738,9.70565299313954,3.3256529931395398
2026-08-26,2027-09,jaou7_7600c,call,76.0,6.2,2026-08-25,1,0.2869623823123542,6.0716701515881955,-0.12832984841180473,6.06612011786183,-0.1338798821381699,9.534753314882105,3.3347533148821045
2026-08-26,2027-09,jaou7_7610c,call,76.1,6.16,2026-08-25,1,0.2867516829241208,6.031995573052279,-0.1280044269477214,6.030126148452928,-0.1298738515470718,9.500891704606158,3.340891704606157
2026-08-26,2027-09,jaou7_7705c,call,77.05,5.83,2026-08-25,1,0.2862650036482259,5.704892104644459,-0.12510789535554068,5.698138550076826,-0.131861449923174,9.1846267200845,3.3546267200845
2026-08-26,2027-09,jaou7_7710c,call,77.1,5.81,2026-08-25,1,0.2861297519808501,5.68505868638489,-0.12494131361510963,5.681159216565914,-0.1288407834340859,9.168255015854273,3.358255015854273
2026-08-26,2027-09,jaou7_7725c,call,77.25,5.76,2026-08-25,1,0.2860775712795591,5.635510846342818,-0.12448915365718172,5.630514011370786,-0.1294859886292139,9.119289597402222,3.3592895974022223
2026-08-26,2027-09,jaou7_5800p,put,58.0,3.41,2026-08-25,1,0.3243757740755868,3.3171160891901597,-0.09288391080984049,3.317655821052881,-0.0923441789471191,5.215872171063232,1.805872171063232
2026-08-26,2027-09,jaou7_5900p,put,59.0,3.67,2026-08-25,1,0.321599183148418,3.5792484361644252,-0.0907515638355747,3.568780192212144,-0.1012198077878565,5.598061679998206,1.9280616799982055
2026-08-26,2027-09,jaou7_6000p,put,60.0,3.94,2026-08-25,1,0.3186510906544367,3.8514743551632478,-0.08852564483675218,3.836753168110624,-0.103246831889376,5.995151242028969,2.0551512420289693
2026-08-26,2027-09,jaou7_6200p,put,62.0,4.54,2026-08-25,1,0.3131049244947868,4.446227028747073,-0.09377297125292738,4.425453203568132,-0.1145467964318678,6.835148611144275,2.295148611144275
2026-08-26,2027-09,jaou7_6420p,put,64.2,5.28,2026-08-25,1,0.3071212827141646,5.171894682561913,-0.10810531743808749,5.158130062446622,-0.1218699375533782,7.8277410098524145,2.5477410098524143
2026-08-26,2027-09,jaou7_6500p,put,65.0,5.57,2026-08-25,1,0.3053367373834085,5.464062460694737,-0.1059375393052635,5.447473953807624,-0.1225260461923758,8.205655791656891,2.635655791656891
2026-08-26,2027-09,jaou7_6750p,put,67.5,6.56,2026-08-25,1,0.2996339188321453,6.441164554429127,-0.11883544557087244,6.432679493992101,-0.1273205060078988,9.44459569370555,2.88459569370555
2026-08-26,2027-09,jaou7_6800p,put,68.0,6.77,2026-08-25,1,0.2982550671356857,6.642649184524074,-0.12735081547592575,6.644638849387081,-0.1253611506129184,9.702398053055946,2.9323980530559464
2026-08-26,2027-09,jaou7_6900p,put,69.0,7.2,2026-08-25,1,0.2965308655680676,7.085630472139414,-0.1143695278605863,7.083596291364435,-0.1164037086355653,10.228362334194284,3.028362334194284
2026-08-26,2027-09,jaou7_7000p,put,70.0,7.66,2026-08-25,1,0.294546416964618,7.538679315434428,-0.1213206845655721,7.5426358591930915,-0.1173641408069086,10.768018136354977,3.1080181363549766
2026-08-26,2027-09,jaou7_7400p,put,74.0,9.71,2026-08-25,1,0.2887835136171097,9.581127067420104,-0.12887293257989718,9.578196003682862,-0.1318039963171386,13.053348459869474,3.343348459869473
2026-08-26,2027-09,jaou7_7450p,put,74.5,10.0,2026-08-25,1,0.2883221424010205,9.862681937847938,-0.13731806215206177,9.85471372398638,-0.1452862760136213,13.35232781659736,3.35232781659736
2026-08-26,2027-09,jaou7_7500p,put,75.0,10.28,2026-08-25,1,0.2880707653869256,10.154213697197509,-0.12578630280249037,10.136026214471665,-0.1439737855283347,13.654263270562105,3.374263270562105
2026-08-26,2028-03,jaoh8_6151c,call,61.51,12.59,2026-08-25,1,0.2706001605802226,12.445290770327784,-0.1447092296722161,12.440807684756969,-0.149192315243031,16.561623429645397,3.9716234296453976
2026-08-26,2028-03,jaoh8_6200c,call,62.0,12.3,2026-08-25,1,0.2696847621009797,12.156594849435965,-0.14340515056403547,12.146440571846252,-0.1535594281537484,16.337435609032845,4.037435609032844
2026-08-26,2028-03,jaoh8_6420c,call,64.2,11.04,2026-08-25,1,0.2651403034609232,10.892653067212589,-0.14734693278741062,10.88134592309484,-0.1586540769051598,15.36453220917802,4.32453220917802
2026-08-26,2028-03,jaoh8_6500c,call,65.0,10.61,2026-08-25,1,0.2636087605660181,10.45493338463892,-0.15506661536107913,10.444605406211592,-0.1653945937884078,15.024311090710826,4.414311090710827
2026-08-26,2028-03,jaoh8_6600c,call,66.0,10.08,2026-08-25,1,0.261891633246449,9.92783046060317,-0.1521695393968301,9.916368975736422,-0.1636310242635783,14.608659331735412,4.528659331735412
2026-08-26,2028-03,jaoh8_6775c,call,67.75,9.21,2026-08-25,1,0.2591893277051792,9.053003943262953,-0.1569960567370483,9.03948779120345,-0.1705122087965502,13.906974201368053,4.696974201368052
2026-08-26,2028-03,jaoh8_6875c,call,68.75,8.74,2026-08-25,1,0.2576736692005954,8.576012812773468,-0.16398718722653172,8.565583149156062,-0.1744168508439383,13.520526880021873,4.780526880021872
2026-08-26,2028-03,jaoh8_6890c,call,68.9,8.67,2026-08-25,1,0.2574659268899935,8.506465813444352,-0.16353418655564766,8.49619663564443,-0.1738033643555692,13.46349209323111,4.793492093231111
2026-08-26,2028-03,jaoh8_7000c,call,70.0,8.17,2026-08-25,1,0.2560151398234446,8.009800690575053,-0.16019930942494653,8.00084011540632,-0.1691598845936806,13.052343510601338,4.882343510601338
2026-08-26,2028-03,jaoh8_7110c,call,71.1,7.7,2026-08-25,1,0.2545853601653026,7.5331591165393945,-0.16684088346060566,7.529031604180241,-0.1709683958197594,12.6531046651801,4.9531046651801
2026-08-26,2028-03,jaoh8_7275c,call,72.75,7.03,2026-08-25,1,0.2528768858191971,6.8681789863267815,-0.16182101367321877,6.864760920106911,-0.1652390798930891,12.07650677481126,5.04650677481126
2026-08-26,2028-03,jaoh8_7340c,call,73.4,6.78,2026-08-25,1,0.2522729424195241,6.620148867887873,-0.1598511321121272,6.617129858806469,-0.1628701411935313,11.856513919275082,5.076513919275082
2026-08-26,2028-03,jaoh8_7450c,call,74.5,6.38,2026-08-25,1,0.2511969252878251,6.213481922823449,-0.16651807717655132,6.215752627087386,-0.1642473729126141,11.492663612752606,5.112663612752606
2026-08-26,2028-03,jaoh8_7500c,call,75.0,6.2,2026-08-25,1,0.2507164961754307,6.034991420017242,-0.16500857998275809,6.0405357309896,-0.1594642690104004,11.330791321650429,5.130791321650428
2026-08-26,2028-03,jaoh8_7550c,call,75.5,6.03,2026-08-25,1,0.2504301758048013,5.866469313678836,-0.16353068632116408,5.869757907485389,-0.1602420925146113,11.171184979366442,5.141184979366442
2026-08-26,2028-03,jaoh8_7670c,call,76.7,5.65,2026-08-25,1,0.2498378742550734,5.479973321257649,-0.17002667874235122,5.47764483471494,-0.1723551652850607,10.797113142814052,5.147113142814051
2026-08-26,2028-03,jaoh8_7700c,call,77.0,5.55,2026-08-25,1,0.2498233648645607,5.390820658927354,-0.15917934107264564,5.383457756735308,-0.1665422432646917,10.705565310813425,5.155565310813425
2026-08-26,2028-03,jaoh8_7775c,call,77.75,5.33,2026-08-25,1,0.2497721977201629,5.172923818798719,-0.15707618120128064,5.154557858132605,-0.1754421418673954,10.480183209119796,5.150183209119795
2026-08-26,2028-03,jaoh8_5740p,put,57.4,3.85,2026-08-25,1,0.2797075919209493,3.721939356935314,-0.128060643064686,3.718067952931813,-0.131932047068187,7.242527668813678,3.392527668813678
2026-08-26,2028-03,jaoh8_5900p,put,59.0,4.31,2026-08-25,1,0.275964932134384,4.175536887328381,-0.13446311267161892,4.162995440931557,-0.147004559068443,7.94120635207132,3.63120635207132
2026-08-26,2028-03,jaoh8_6000p,put,60.0,4.61,2026-08-25,1,0.2736619105663664,4.477893465129332,-0.13210653487066804,4.463375136170782,-0.146624863829218,8.39357432581341,3.783574325813409
2026-08-26,2028-03,jaoh8_6165p,put,61.65,5.15,2026-08-25,1,0.2700104444320658,5.011957936882743,-0.13804206311725764,4.997792103190701,-0.1522078968092994,9.165831291121732,4.015831291121732
2026-08-26,2028-03,jaoh8_6200p,put,62.0,5.27,2026-08-25,1,0.2689713485855751,5.122845022962779,-0.14715497703722047,5.117489062855101,-0.1525109371448989,9.333696006206836,4.063696006206836
2026-08-26,2028-03,jaoh8_6250p,put,62.5,5.44,2026-08-25,1,0.2681835610029449,5.304132770702076,-0.13586722929792483,5.292386898067676,-0.1476131019323245,9.575955093545756,4.135955093545756
2026-08-26,2028-03,jaoh8_6500p,put,65.0,6.4,2026-08-25,1,0.2632908875421887,6.240814818570838,-0.15918518142916227,6.236755451115732,-0.1632445488842684,10.829571873276633,4.4295718732766325
2026-08-26,2028-03,jaoh8_6600p,put,66.0,6.81,2026-08-25,1,0.2616944668391881,6.653584681358215,-0.15641531864178493,6.647531506945226,-0.1624684930547735,11.350253576098494,4.540253576098494
2026-08-26,2028-03,jaoh8_6750p,put,67.5,7.47,2026-08-25,1,0.2594649902111667,7.307820259625844,-0.16217974037415583,7.299386045677911,-0.1706139543220883,12.151343874952182,4.681343874952183
2026-08-26,2028-03,jaoh8_7000p,put,70.0,8.65,2026-08-25,1,0.2559563434179843,8.485046233733605,-0.1649537662663949,8.480851141522031,-0.1691488584779694,13.539271602153512,4.889271602153512
2026-08-26,2028-03,jaoh8_7450p,put,74.5,11.08,2026-08-25,1,0.2513222726488473,10.908135964778722,-0.1718640352212777,10.900083584905786,-0.1799164150942136,16.193092282392506,5.113092282392506
2026-08-26,2028-09,jaou8_6151c,call,61.51,12.2,2026-08-25,1,0.2524981634906461,12.030481555699021,-0.1695184443009783,12.029220250538202,-0.170779749461797,17.397811225098646,5.197811225098647
2026-08-26,2028-09,jaou8_6500c,call,65.0,10.25,2026-08-25,1,0.2430231038589817,10.065178631803587,-0.18482136819641326,10.049067870367685,-0.2009321296323172,16.00670471388205,5.756704713882051
2026-08-26,2028-09,jaou8_6570c,call,65.7,9.88,2026-08-25,1,0.2412869929882095,9.696161607075332,-0.18383839292466853,9.68266577838444,-0.1973342216155611,15.741993826262783,5.861993826262783
2026-08-26,2028-09,jaou8_6600c,call,66.0,9.72,2026-08-25,1,0.2404411192825145,9.536591488228055,-0.18340851177194573,9.528833180634583,-0.1911668193654172,15.629949046940997,5.909949046940996
2026-08-26,2028-09,jaou8_6650c,call,66.5,9.47,2026-08-25,1,0.2394334151357501,9.287296324512852,-0.18270367548714894,9.27671982384422,-0.1932801761557794,15.445066271680467,5.975066271680467
2026-08-26,2028-09,jaou8_6775c,call,67.75,8.85,2026-08-25,1,0.2366072191909231,8.669098599692699,-0.18090140030730062,8.669854410769075,-0.1801455892309249,14.992731397495092,6.142731397495092
2026-08-26,2028-09,jaou8_7000c,call,70.0,7.84,2026-08-25,1,0.2326215458517563,7.6523612528797225,-0.1876387471202774,7.661600389845151,-0.178399610154849,14.212781616426389,6.372781616426389
2026-08-26,2028-09,jaou8_7110c,call,71.1,7.39,2026-08-25,1,0.2312760299797791,7.203939528615848,-0.1860604713841516,7.20760684667633,-0.1823931533236695,13.846748701784858,6.456748701784858
2026-08-26,2028-09,jaou8_7275c,call,72.75,6.76,2026-08-25,1,0.2295823000643872,6.57628991873488,-0.18371008126511956,6.573488901276563,-0.1865110987234368,13.315567694725411,6.555567694725411
2026-08-26,2028-09,jaou8_7340c,call,73.4,6.53,2026-08-25,1,0.2288403813131039,6.337221566381479,-0.1927784336185212,6.33879662777634,-0.1912033722236605,13.11199455724922,6.58199455724922
2026-08-26,2028-09,jaou8_7450c,call,74.5,6.15,2026-08-25,1,0.2282128662180757,5.968739176029779,-0.18126082397022092,5.960571067121264,-0.1894289328787364,12.774970180545091,6.624970180545091
2026-08-26,2028-09,jaou8_7500c,call,75.0,5.99,2026-08-25,1,0.2277194100129467,5.799444477381413,-0.19055552261858733,5.796364873263842,-0.193635126736158,12.62481755823443,6.634817558234429
2026-08-26,2028-09,jaou8_7560c,call,75.6,5.8,2026-08-25,1,0.227392876021746,5.610262790140167,-0.18973720985983267,5.605544003368802,-0.1944559966311976,12.447136653074718,6.647136653074719
2026-08-26,2028-09,jaou8_7670c,call,76.7,5.46,2026-08-25,1,0.2269568332189609,5.281733964447959,-0.17826603555204112,5.272929289748949,-0.1870707102510511,12.128169591681532,6.668169591681532
2026-08-26,2028-09,jaou8_7925c,call,79.25,4.76,2026-08-25,1,0.2260905589977686,4.585047848604297,-0.17495215139570242,4.583266090399861,-0.1767339096001388,11.421005140212277,6.661005140212277
2026-08-26,2028-09,jaou8_8000c,call,80.0,4.58,2026-08-25,1,0.2258550348666826,4.395995561779365,-0.18400443822063473,4.40080981559555,-0.1791901844044501,11.221095750633856,6.641095750633856
2026-08-26,2028-09,jaou8_5000p,put,50.0,2.73,2026-08-25,1,0.2794623768161998,2.6168992247371072,-0.11310077526289275,2.6430503895616617,-0.0869496104383382,5.918394392003731,3.188394392003731
2026-08-26,2028-09,jaou8_5500p,put,55.0,3.92,2026-08-25,1,0.267873427315815,3.7802795726322884,-0.1397204273677115,3.750729679459084,-0.1692703205409156,7.941554295866645,4.021554295866645
2026-08-26,2028-09,jaou8_5700p,put,57.0,4.47,2026-08-25,1,0.2630651596231996,4.321862290018689,-0.14813770998131037,4.283605474554779,-0.1863945254452206,8.829160493539831,4.359160493539831
2026-08-26,2028-09,jaou8_5740p,put,57.4,4.58,2026-08-25,1,0.2619734715340227,4.43219573690979,-0.1478042630902099,4.396764841160641,-0.1832351588393592,9.011817824680888,4.431817824680888
2026-08-26,2028-09,jaou8_6165p,put,61.65,5.92,2026-08-25,1,0.2513971490139606,5.7560618499599245,-0.1639381500400754,5.741400047289797,-0.1785999527102033,11.053775302114412,5.133775302114412
2026-08-26,2028-09,jaou8_6200p,put,62.0,6.04,2026-08-25,1,0.2505584164117204,5.876405878216969,-0.16359412178303145,5.864093094913337,-0.1759069050866628,11.22993922622615,5.189939226226151
2026-08-26,2028-09,jaou8_6250p,put,62.5,6.22,2026-08-25,1,0.2492300989469812,6.0469072820601655,-0.17309271793983427,6.042611715480583,-0.1773882845194165,11.483682666037865,5.263682666037865
2026-08-26,2028-09,jaou8_6500p,put,65.0,7.14,2026-08-25,1,0.2429011878086021,6.9595252566080745,-0.18047474339192515,6.99322051284817,-0.1467794871518295,12.788687130364393,5.648687130364393
2026-08-26,2028-09,jaou8_6750p,put,67.5,8.16,2026-08-25,1,0.2372685303596365,7.982295016591349,-0.17770498340865082,8.042201365106363,-0.1177986348936368,14.153599785859896,5.993599785859896
2026-08-26,2028-09,jaou8_7000p,put,70.0,9.33,2026-08-25,1,0.2330508206906007,9.14512082506221,-0.18487917493779094,9.19090539791036,-0.1390946020896404,15.573772023002755,6.243772023002755
2026-08-26,2028-09,jaou8_7450p,put,74.5,11.78,2026-08-25,1,0.2288521331618073,11.590069163537876,-0.18993083646212305,11.50952615732691,-0.2704738426730895,18.25706777820609,6.47706777820609
2026-08-27,2026-09,jaou6_9100c,call,91.0,0.66,2026-08-26,1,0.4740428616537072,0.7166270191086169,0.056627019108616894,0.6869655888252105,0.0269655888252104,0.4745999878349757,-0.1854000121650243
2026-08-27,2026-09,jaou6_9150c,call,91.5,0.6,2026-08-26,1,0.4767689309401375,0.6544504446876306,0.054450444687630606,0.6251762101255933,0.0251762101255933,0.4167462660426709,-0.183253733957329
2026-08-27,2026-09,jaou6_9196c,call,91.96,0.55,2026-08-26,1,0.4770304531341467,0.5932368051088103,0.04323680510881023,0.573158606886408,0.0231586068864079,0.3688793189206596,-0.1811206810793404
2026-08-27,2026-09,jaou6_9200c,call,92.0,0.55,2026-08-26,1,0.4782555828700233,0.5927758618460243,0.04277586184602422,0.5688421756852231,0.018842175685223,0.3649400085500827,-0.1850599914499173
2026-08-27,2026-09,jaou6_9225c,call,92.25,0.52,2026-08-26,1,0.4799873697263482,0.5676830899242273,0.04768308992422732,0.5425832545851248,0.0225832545851247,0.3410912342610627,-0.1789087657389373
2026-08-27,2026-09,jaou6_9250c,call,92.5,0.5,2026-08-26,1,0.4814517079034623,0.5427075534912628,0.04270755349126276,0.5175262899996212,0.0175262899996212,0.3185444018940469,-0.181455598105953
2026-08-27,2026-09,jaou6_9435c,call,94.35,0.36,2026-08-26,1,0.4933703873467381,0.39241498616969844,0.032414986169698456,0.3647974494954887,0.0047974494954887,0.1879876707787789,-0.1720123292212211
2026-08-27,2026-09,jaou6_9500c,call,95.0,0.32,2026-08-26,1,0.4949090301965023,0.3431527526965013,0.0231527526965013,0.3227564320838332,0.0027564320838332,0.1549758588515786,-0.1650241411484214
2026-08-27,2026-09,jaou6_9800c,call,98.0,0.18,2026-08-26,1,0.514613658746719,0.20548511727867752,0.025485117278677527,0.1847566392505074,0.0047566392505074,0.0606559327609155,-0.1193440672390845
2026-08-27,2026-09,jaou6_10000c,call,100.0,0.13,2026-08-26,1,0.5251458615324883,0.14371277014945427,0.013712770149454268,0.1286707786321266,-0.0013292213678734,0.0310441541716228,-0.0989558458283772
2026-08-27,2026-09,jaou6_10205c,call,102.05,0.09,2026-08-26,1,0.5412073116464676,0.10631456694979854,0.016314566949798548,0.0898195655233619,-0.000180434476638,0.0148466043538668,-0.0751533956461332
2026-08-27,2026-09,jaou6_10240c,call,102.4,0.08,2026-08-26,1,0.5380199218233089,0.09459418811166041,0.014594188111660411,0.0845830286210459,0.0045830286210459,0.0130278474642341,-0.0669721525357659
2026-08-27,2026-09,jaou6_10300c,call,103.0,0.08,2026-08-26,1,0.5384737089420562,0.08261933117676905,0.0026193311767690464,0.0763783709502913,-0.0036216290497086,0.0103737404479746,-0.0696262595520254
2026-08-27,2026-09,jaou6_10500c,call,105.0,0.05,2026-08-26,1,0.5485250262935525,0.05833386672960808,0.008333866729608078,0.0548507119730281,0.0048507119730281,0.0046680080646071,-0.0453319919353929
2026-08-27,2026-09,jaou6_10520c,call,105.2,0.05,2026-08-26,1,0.5520258373309438,0.05818677496283091,0.008186774962830906,0.0531066282266079,0.0031066282266079,0.0043003614130862,-0.0456996385869138
2026-08-27,2026-09,jaou6_10825c,call,108.25,0.03,2026-08-26,1,0.5659740392875586,0.03428100659572559,0.004281006595725591,0.0330638113300289,0.0030638113300289,0.0011078756397088,-0.0288921243602911
2026-08-27,2026-09,jaou6_11000c,call,110.0,0.03,2026-08-26,1,0.5934631540254938,0.03363259548133862,0.003632595481338624,0.0256138832789819,-0.004386116721018,0.0004551887068173,-0.0295448112931826
2026-08-27,2026-09,jaou6_7200p,put,72.0,0.15,2026-08-26,1,0.4542201532721254,0.15204232548719254,0.002042325487192548,0.1599446718083736,0.0099446718083736,0.0938855199750355,-0.0561144800249645
2026-08-27,2026-09,jaou6_7400p,put,74.0,0.28,2026-08-26,1,0.4474500401991433,0.2936149816376563,0.013614981637656287,0.3021593133089624,0.0221593133089623,0.2145027224391824,-0.0654972775608176
2026-08-27,2026-09,jaou6_7450p,put,74.5,0.33,2026-08-26,1,0.445810575139359,0.3426619899832364,0.012661989983236366,0.3519953468399741,0.0219953468399741,0.2588738283771932,-0.0711261716228068
2026-08-27,2026-09,jaou6_7500p,put,75.0,0.38,2026-08-26,1,0.4446506310333454,0.39972508881291624,0.019725088812916236,0.4088594201313178,0.0288594201313178,0.3099481259876434,-0.0700518740123566
2026-08-27,2026-09,jaou6_7600p,put,76.0,0.51,2026-08-26,1,0.4428789425236074,0.5387211361257433,0.02872113612574334,0.5465140746084032,0.0365140746084031,0.435527694731963,-0.074472305268037
2026-08-27,2026-09,jaou6_7750p,put,77.5,0.77,2026-08-26,1,0.4414450197605065,0.820483109811704,0.05048310981170401,0.8236990530267088,0.0536990530267087,0.6952301482929593,-0.0747698517070407
2026-08-27,2026-09,jaou6_7800p,put,78.0,0.88,2026-08-26,1,0.4397579530444992,0.929592490648055,0.04959249064805504,0.937797486935592,0.057797486935592,0.803638162002477,-0.076361837997523
2026-08-27,2026-09,jaou6_8000p,put,80.0,1.45,2026-08-26,1,0.4388694013039724,1.5130124108686074,0.06301241086860743,1.5195528821617037,0.0695528821617037,1.3630218299219805,-0.0869781700780194
2026-08-27,2026-09,jaou6_8200p,put,82.0,2.25,2026-08-26,1,0.4416273184248353,2.3307742349585534,0.0807742349585534,2.3233712622121803,0.0733712622121802,2.1460812046653555,-0.1039187953346445
2026-08-27,2026-09,jaou6_8250p,put,82.5,2.49,2026-08-26,1,0.4432172208776084,2.576008570735823,0.08600857073582269,2.560854513025177,0.0708545130251767,2.378907301636436,-0.111092698363564
2026-08-27,2026-10,jaov6_9200c,call,92.0,1.87,2026-08-26,1,0.4765369958871774,1.910854706615655,0.04085470661565482,1.8573329536794008,-0.0126670463205988,1.3559955008685836,-0.5140044991314165
2026-08-27,2026-10,jaov6_9225c,call,92.25,1.83,2026-08-26,1,0.4772003788704652,1.8665555937888465,0.03655559378884643,1.8175418856891024,-0.0124581143108974,1.3127747890551174,-0.5172252109448827
2026-08-27,2026-10,jaov6_9348c,call,93.48,1.64,2026-08-26,1,0.4821504584754394,1.6772676946078975,0.037267694607897583,1.6346969087368042,-0.0053030912631957,1.116746684548505,-0.5232533154514949
2026-08-27,2026-10,jaov6_9353c,call,93.53,1.64,2026-08-26,1,0.4831500691611284,1.6768617445597789,0.036861744559778975,1.627697999856135,-0.0123020001438649,1.1093414084805182,-0.5306585915194817
2026-08-27,2026-10,jaov6_9435c,call,94.35,1.53,2026-08-26,1,0.4867831368804871,1.5652210874209307,0.035221087420930663,1.5174492665203112,-0.0125507334796888,0.9938892992533482,-0.5361107007466518
2026-08-27,2026-10,jaov6_9800c,call,98.0,1.12,2026-08-26,1,0.5018070211366745,1.1516734036992937,0.03167340369929361,1.1171119263075184,-0.0028880736924816,0.5973455718767704,-0.5226544281232297
2026-08-27,2026-10,jaov6_9911c,call,99.11,1.02,2026-08-26,1,0.5063106942890641,1.0508820758808117,0.03088207588081171,1.0199255417372703,-7.445826272967082e-05,0.5091755718080916,-0.5108244281919084
2026-08-27,2026-10,jaov6_9955c,call,99.55,0.99,2026-08-26,1,0.5086121190312284,1.0170868470474443,0.02708684704744435,0.9840750136288972,-0.0059249863711027,0.477690920565514,-0.512309079434486
2026-08-27,2026-10,jaov6_10000c,call,100.0,0.95,2026-08-26,1,0.5108729516731579,0.9833197372643908,0.03331973726439086,0.9488815907792104,-0.0011184092207896,0.4472970349295571,-0.5027029650704429
2026-08-27,2026-10,jaov6_10205c,call,102.05,0.81,2026-08-26,1,0.5196993244260649,0.8374012581867665,0.02740125818676642,0.805708733686731,-0.004291266313269,0.3290461592760763,-0.4809538407239238
2026-08-27,2026-10,jaov6_10240c,call,102.4,0.79,2026-08-26,1,0.5211776993041668,0.8149485827122454,0.024948582712245315,0.7838287084162572,-0.0061712915837428,0.3118826070731252,-0.4781173929268748
2026-08-27,2026-10,jaov6_10300c,call,103.0,0.75,2026-08-26,1,0.5223237981894134,0.7704272981206903,0.02042729812069033,0.7478974984395855,-0.0021025015604144,0.2843732765669645,-0.4656267234330355
2026-08-27,2026-10,jaov6_10500c,call,105.0,0.64,2026-08-26,1,0.5322022754355472,0.6689276523776958,0.02892765237769579,0.6412257993958589,0.0012257993958588,0.2083507953301667,-0.4316492046698333
2026-08-27,2026-10,jaov6_10800c,call,108.0,0.51,2026-08-26,1,0.5441164302837961,0.534236929913948,0.02423692991394799,0.5128746989360715,0.0028746989360715,0.1294303224037131,-0.3805696775962869
2026-08-27,2026-10,jaov6_11500c,call,115.0,0.32,2026-08-26,1,0.5730868903436277,0.33203026635433264,0.01203026635433263,0.3156229142026477,-0.0043770857973522,0.0403880111294697,-0.2796119888705303
2026-08-27,2026-10,jaov6_12100c,call,121.0,0.22,2026-08-26,1,0.5978701033493882,0.23108594664750168,0.011085946647501677,0.216549003019709,-0.0034509969802909,0.0144444611899747,-0.2055555388100253
2026-08-27,2026-10,jaov6_12500c,call,125.0,0.18,2026-08-26,1,0.6146903356511273,0.18628305955780583,0.006283059557805837,0.1717573014081395,-0.0082426985918604,0.0070268469683228,-0.1729731530316772
2026-08-27,2026-10,jaov6_16000c,call,160.0,0.04,2026-08-26,1,0.7395630439212679,0.04235746902020283,0.0023574690202028264,0.0390637486518963,-0.0009362513481036,2.1216577857147347e-05,-0.0399787834221428
2026-08-27,2026-10,jaov6_7200p,put,72.0,1.3,2026-08-26,1,0.4237969741365907,1.3114808409280343,0.011480840928034253,1.3137141245427912,0.0137141245427911,1.2336252702095294,-0.0663747297904706
2026-08-27,2026-10,jaov6_7400p,put,74.0,1.8,2026-08-26,1,0.4244438655616396,1.829932069653439,0.029932069653438864,1.824433209356964,0.0244332093569636,1.7329854779710987,-0.0670145220289013
2026-08-27,2026-10,jaov6_7450p,put,74.5,1.95,2026-08-26,1,0.424095039202393,1.974048624935219,0.024048624935218976,1.9728710343641775,0.0228710343641778,1.8766601839260653,-0.0733398160739347
2026-08-27,2026-10,jaov6_7500p,put,75.0,2.11,2026-08-26,1,0.4249770307303104,2.137315899779253,0.027315899779253083,2.1300151462888604,0.0200151462888604,2.0282738870445294,-0.0817261129554705
2026-08-27,2026-10,jaov6_7600p,put,76.0,2.45,2026-08-26,1,0.4261759109870695,2.483627104898421,0.03362710489842069,2.4710474119746726,0.0210474119746724,2.356147031731932,-0.093852968268068
2026-08-27,2026-10,jaov6_7800p,put,78.0,3.24,2026-08-26,1,0.4283687250652389,3.27526190055552,0.0352619005555197,3.263065462223864,0.0230654622238639,3.11333111337795,-0.12666888662205
2026-08-27,2026-10,jaov6_8000p,put,80.0,4.19,2026-08-26,1,0.4328011544459786,4.2269845615161366,0.03698456151613616,4.20359612313668,0.0135961231366792,4.009328367664911,-0.1806716323350894
2026-08-27,2026-10,jaov6_8200p,put,82.0,5.28,2026-08-26,1,0.4380896172053561,5.321660127402744,0.04166012740274372,5.289438288435632,0.0094382884356312,5.040645704277621,-0.2393542957223795
2026-08-27,2026-10,jaov6_9000p,put,90.0,10.88,2026-08-26,1,0.4675657523507835,10.91630293835565,0.03630293835564835,10.867585834588354,-0.0124141654116467,10.405427959841992,-0.4745720401580087
2026-08-27,2026-11,jaox6_8950c,call,89.5,3.02,2026-08-26,1,0.4538117826296737,3.0478462343379698,0.027846234337969733,3.005770273527686,-0.0142297264723141,2.5918694586648936,-0.4281305413351064
2026-08-27,2026-11,jaox6_9000c,call,90.0,2.91,2026-08-26,1,0.455058021934634,2.941589223829036,0.03158922382903606,2.9057356841677064,-0.0042643158322936,2.476481129031116,-0.433518870968884
2026-08-27,2026-11,jaox6_9025c,call,90.25,2.86,2026-08-26,1,0.4555709625806768,2.88849196207158,0.02849196207158,2.8570937926557844,-0.0029062073442154,2.420505732272156,-0.4394942677278437
2026-08-27,2026-11,jaox6_9100c,call,91.0,2.72,2026-08-26,1,0.4583282480285329,2.7498382482725736,0.02983824827257342,2.7164791361574694,-0.0035208638425308,2.259167500630788,-0.4608324993692121
2026-08-27,2026-11,jaox6_9196c,call,91.96,2.55,2026-08-26,1,0.4615230898716353,2.5792236451473496,0.029223645147349764,2.5475889892527226,-0.0024110107472772,2.066541147845014,-0.4834588521549858
2026-08-27,2026-11,jaox6_9200c,call,92.0,2.54,2026-08-26,1,0.4622045936352496,2.5789728631391493,0.03897286313914927,2.540811098798464,0.0008110987984637,2.058847792625887,-0.4811522073741132
2026-08-27,2026-11,jaox6_9225c,call,92.25,2.5,2026-08-26,1,0.4630148618611102,2.536310604102562,0.03631060410256204,2.4989049956765017,-0.0010950043234982,2.011333036952656,-0.4886669630473439
2026-08-27,2026-11,jaox6_9348c,call,93.48,2.3,2026-08-26,1,0.4675638853086771,2.3439857896110694,0.04398578961106958,2.303754424790135,0.0037544247901353,1.7911419734744032,-0.5088580265255966
2026-08-27,2026-11,jaox6_9353c,call,93.53,2.3,2026-08-26,1,0.4674785334164718,2.333414777310094,0.033414777310094124,2.296194819409208,-0.0038051805907919,1.7826517453902933,-0.5173482546097066
2026-08-27,2026-11,jaox6_9435c,call,94.35,2.18,2026-08-26,1,0.4705672273305421,2.2157665333347283,0.03576653333472812,2.1761670867249374,-0.0038329132750627,1.6483004140446174,-0.5316995859553828
2026-08-27,2026-11,jaox6_9911c,call,99.11,1.61,2026-08-26,1,0.4864763671568783,1.6380247161077537,0.02802471610775359,1.607513326545999,-0.0024866734540009,1.0331441302280369,-0.5768558697719632
2026-08-27,2026-11,jaox6_10000c,call,100.0,1.52,2026-08-26,1,0.4896171158447224,1.5522519526382588,0.03225195263825875,1.5217435995064024,0.0017435995064023,0.9446183787704748,-0.5753816212295252
2026-08-27,2026-11,jaox6_10205c,call,102.05,1.34,2026-08-26,1,0.4963245911587914,1.3700378457313664,0.030037845731366364,1.3442916072953943,0.0042916072953944,0.7662298948681714,-0.5737701051318287
2026-08-27,2026-11,jaox6_10240c,call,102.4,1.32,2026-08-26,1,0.4982573499615365,1.3483682423887626,0.028368242388762566,1.3165659743467697,-0.0034340256532305,0.738990712415909,-0.5810092875840911
2026-08-27,2026-11,jaox6_10500c,call,105.0,1.13,2026-08-26,1,0.5065312916404764,1.1553513036803915,0.025351303680391624,1.1312114206686432,0.0012114206686433,0.562352162905609,-0.5676478370943909
2026-08-27,2026-11,jaox6_10800c,call,108.0,0.96,2026-08-26,1,0.5175610998444673,0.9833356510598452,0.023335651059845253,0.9560775947747712,-0.0039224052252286,0.4066509030402893,-0.5533490969597107
2026-08-27,2026-11,jaox6_7200p,put,72.0,2.6,2026-08-26,1,0.4136156864481695,2.631553750698637,0.03155375069863675,2.621892523354627,0.0218925233546269,2.667670955321098,0.0676709553210979
2026-08-27,2026-11,jaox6_7400p,put,74.0,3.32,2026-08-26,1,0.4145973600097709,3.3508408228671067,0.030840822867106876,3.342322404090603,0.0223224040906031,3.3768010485684674,0.0568010485684675
2026-08-27,2026-11,jaox6_7450p,put,74.5,3.52,2026-08-26,1,0.4150460843940539,3.5504754807849457,0.030475480784945663,3.5413765071534486,0.0213765071534486,3.5710284383219606,0.0510284383219605
2026-08-27,2026-11,jaox6_7500p,put,75.0,3.73,2026-08-26,1,0.414969841329211,3.7502099569106537,0.020209956910653748,3.7480760558038906,0.0180760558038906,3.7719793369267696,0.0419793369267695
2026-08-27,2026-11,jaox6_7600p,put,76.0,4.17,2026-08-26,1,0.4162496592541139,4.189353666868353,0.01935366686835316,4.184428505465275,0.0144285054652746,4.194058755346773,0.0240587553467728
2026-08-27,2026-11,jaox6_7800p,put,78.0,5.14,2026-08-26,1,0.4200087685961688,5.168027490905275,0.028027490905275343,5.148287938485479,0.0082879384854797,5.120374336994863,-0.0196256630051365
2026-08-27,2026-11,jaox6_8000p,put,80.0,6.22,2026-08-26,1,0.4232466746658978,6.248194949660432,0.028194949660432123,6.230567015866059,0.0105670158660595,6.152565822211831,-0.0674341777881686
2026-08-27,2026-11,jaox6_8200p,put,82.0,7.42,2026-08-26,1,0.428553079871679,7.460571197667023,0.04057119766702311,7.425103014742164,0.005103014742164,7.289053168530905,-0.1309468314690951
2026-08-27,2026-11,jaox6_9000p,put,90.0,13.14,2026-08-26,1,0.4505094898684856,13.17920507490884,0.039205074908839066,13.145418264539488,0.0054182645394877,12.756881777591776,-0.3831182224082248
2026-08-27,2027-03,jaoh7_8000c,call,80.0,5.31,2026-08-26,1,0.3567962533049718,5.317907691129646,0.007907691129646288,5.316863059379644,0.0068630593796443,6.549181048816685,1.2391810488166852
2026-08-27,2027-03,jaoh7_8025c,call,80.25,5.24,2026-08-26,1,0.3568875802444622,5.237756408356719,-0.0022435916432810288,5.238694335866335,-0.0013056641336657,6.464960887960549,1.224960887960549
2026-08-27,2027-03,jaoh7_8075c,call,80.75,5.08,2026-08-26,1,0.3574000191040752,5.087452199606832,0.007452199606832188,5.086065338881682,0.0060653388816822,6.299241763372997,1.219241763372997
2026-08-27,2027-03,jaoh7_8102c,call,81.02,5.0,2026-08-26,1,0.3576433666941554,5.007295080050003,0.007295080050003122,5.005671286956112,0.0056712869561117,6.211265252264022,1.2112652522640222
2026-08-27,2027-03,jaoh7_8150c,call,81.5,4.86,2026-08-26,1,0.3580437361763937,4.867026999772097,0.007026999772096865,4.866190894816223,0.006190894816223,6.057478001106298,1.1974780011062975
2026-08-27,2027-03,jaoh7_8185c,call,81.85,4.77,2026-08-26,1,0.358325182007541,4.766839898717733,-0.003160101282266403,4.767217473232857,-0.0027825267671426,5.947476913405608,1.1774769134056084
2026-08-27,2027-03,jaoh7_8342c,call,83.42,4.35,2026-08-26,1,0.3603550680729039,4.356053004981558,0.006053004981557919,4.350517998520177,0.000517998520177,5.4754933726947295,1.1254933726947298
2026-08-27,2027-03,jaoh7_8500c,call,85.0,3.97,2026-08-26,1,0.3622522629971015,3.975391882130991,0.005391882130990844,3.973581050565879,0.0035810505658786,5.033587058192172,1.0635870581921716
2026-08-27,2027-03,jaoh7_8525c,call,85.25,3.92,2026-08-26,1,0.362401206572615,3.915303575024749,-0.004696424975251023,3.917605680596259,-0.002394319403741,4.9665833148779965,1.0465833148779966
2026-08-27,2027-03,jaoh7_8575c,call,85.75,3.81,2026-08-26,1,0.3630832938269941,3.8051216005310513,-0.004878399468948746,3.808530663414281,-0.001469336585719,4.834963586591787,1.0249635865917868
2026-08-27,2027-03,jaoh7_8675c,call,86.75,3.6,2026-08-26,1,0.3650010225358094,3.6047703157990734,0.004770315799073277,3.6014990459547467,0.0014990459547465,4.581129447027448,0.9811294470274476
2026-08-27,2027-03,jaoh7_8700c,call,87.0,3.55,2026-08-26,1,0.365383935876895,3.5546925376344416,0.0046925376344417735,3.5519782134020743,0.0019782134020744,4.519594937558932,0.9695949375589326
2026-08-27,2027-03,jaoh7_8705c,call,87.05,3.54,2026-08-26,1,0.3654558896664118,3.544677456108051,0.004677456108050926,3.5421786301046425,0.0021786301046424,4.507379612496422,0.9673796124964218
2026-08-27,2027-03,jaoh7_6800p,put,68.0,4.62,2026-08-26,1,0.3596164007541757,4.620748276619999,0.0007482766199986557,4.619639294196043,-0.0003607058039571,5.697367722440617,1.0773677224406173
2026-08-27,2027-03,jaoh7_6900p,put,69.0,5.01,2026-08-26,1,0.3579701721523039,5.009690756487859,-0.0003092435121407888,5.012165171571989,0.0021651715719892,6.142530768218118,1.1325307682181185
2026-08-27,2027-03,jaoh7_7000p,put,70.0,5.43,2026-08-26,1,0.3568334342169684,5.4286447776063795,-0.0013552223936201813,5.428790075014035,-0.0012099249859645,6.606089041058687,1.1760890410586873
2026-08-27,2027-03,jaoh7_7100p,put,71.0,5.87,2026-08-26,1,0.355680997375151,5.867644825105114,-0.002355174894885792,5.869638617844236,-0.0003613821557646,7.087463238520689,1.217463238520689
2026-08-27,2027-03,jaoh7_7150p,put,71.5,6.1,2026-08-26,1,0.3552219207260452,6.097156775590069,-0.002843224409931011,6.099152841649042,-0.0008471583509574,7.335071861108251,1.235071861108251
2026-08-27,2027-03,jaoh7_7400p,put,74.0,7.34,2026-08-26,1,0.3535914387756683,7.334881930310828,-0.005118069689172167,7.33699020983382,-0.00300979016618,8.638166155228111,1.2981661552281114
2026-08-27,2027-03,jaoh7_7450p,put,74.5,7.6,2026-08-26,1,0.3535927379271287,7.604453949697092,0.004453949697092341,7.602390312976334,0.0023903129763347,8.911732691692173,1.311732691692173
2026-08-27,2027-03,jaoh7_7500p,put,75.0,7.88,2026-08-26,1,0.3533576037207467,7.87405130763834,-0.005948692361659624,7.873630495147903,-0.0063695048520973,9.189508531644863,1.3095085316448634
2026-08-27,2027-09,jaou7_6820c,call,68.2,9.61,2026-08-26,1,0.3023727740875954,9.560421499148694,-0.04957850085130566,9.552783763557589,-0.0572162364424109,12.439867259351594,2.8298672593515946
2026-08-27,2027-09,jaou7_6825c,call,68.25,9.58,2026-08-26,1,0.3021301631349417,9.530542360260903,-0.04945763973909756,9.526582358340972,-0.0534176416590277,12.418216364354423,2.838216364354423
2026-08-27,2027-09,jaou7_6860c,call,68.6,9.4,2026-08-26,1,0.3015167474653892,9.351347628904952,-0.04865237109504861,9.344714992215428,-0.0552850077845725,12.267641535532148,2.8676415355321474
2026-08-27,2027-09,jaou7_6900c,call,69.0,9.2,2026-08-26,1,0.3009343662422707,9.152269181820051,-0.04773081817994829,9.140173582922197,-0.0598264170778044,12.097655344661929,2.897655344661929
2026-08-27,2027-09,jaou7_6905c,call,69.05,9.17,2026-08-26,1,0.300668258441461,9.122393923211792,-0.04760607678820783,9.11485400186851,-0.0551459981314899,12.076560505825087,2.9065605058250874
2026-08-27,2027-09,jaou7_6930c,call,69.3,9.05,2026-08-26,1,0.3000598621097567,8.992985925819765,-0.05701407418023585,8.989083069569224,-0.0609169304307766,11.971589070327536,2.921589070327535
2026-08-27,2027-09,jaou7_7000c,call,70.0,8.7,2026-08-26,1,0.2990388907826829,8.654623757060088,-0.04537624293991094,8.64425322820858,-0.0557467717914192,11.682171717779942,2.982171717779943
2026-08-27,2027-09,jaou7_7110c,call,71.1,8.18,2026-08-26,1,0.2969765158929337,8.127260329859771,-0.05273967014022851,8.124143455655881,-0.0558565443441185,11.2403611316249,3.0603611316249
2026-08-27,2027-09,jaou7_7200c,call,72.0,7.77,2026-08-26,1,0.2955991374845324,7.719428582191073,-0.05057141780892671,7.718265968747198,-0.0517340312528018,10.890304423955255,3.120304423955256
2026-08-27,2027-09,jaou7_7335c,call,73.35,7.2,2026-08-26,1,0.2938758426737144,7.142691752319121,-0.057308247680879276,7.142236262504649,-0.0577637374953514,10.3832856064162,3.1832856064162
2026-08-27,2027-09,jaou7_7400c,call,74.0,6.93,2026-08-26,1,0.2933496196350084,6.884246984312625,-0.04575301568737444,6.878719888586804,-0.0512801114131953,10.146725068064615,3.216725068064616
2026-08-27,2027-09,jaou7_7450c,call,74.5,6.73,2026-08-26,1,0.2927732949721562,6.6854605062020385,-0.04453949379796196,6.682040199619571,-0.0479598003804291,9.968143373582734,3.2381433735827336
2026-08-27,2027-09,jaou7_7500c,call,75.0,6.54,2026-08-26,1,0.2924101139000911,6.496655350227893,-0.043344649772106614,6.490539234142919,-0.0494607658570807,9.792458541049983,3.2524585410499838
2026-08-27,2027-09,jaou7_7542c,call,75.42,6.38,2026-08-26,1,0.2919773475614517,6.33767147131684,-0.04232852868315984,6.333637013170741,-0.0463629868292585,9.647015489569254,3.2670154895692542
2026-08-27,2027-09,jaou7_7550c,call,75.5,6.35,2026-08-26,1,0.2919004502015249,6.307864494182188,-0.04213550581781167,6.30415733199722,-0.0458426680027796,9.619540884644024,3.269540884644025
2026-08-27,2027-09,jaou7_7600c,call,76.0,6.17,2026-08-26,1,0.2916070468555602,6.129051069319382,-0.04094893068061811,6.122830824528389,-0.0471691754716108,9.449409755419357,3.2794097554193566
2026-08-27,2027-09,jaou7_7610c,call,76.1,6.13,2026-08-26,1,0.2913863042866967,6.089305290261758,-0.04069470973824174,6.0871662996689055,-0.0428337003310943,9.41570847157863,3.285708471578631
2026-08-27,2027-09,jaou7_7705c,call,77.05,5.8,2026-08-26,1,0.2908147438585172,5.761554924291439,-0.038445075708560594,5.758196193448985,-0.0418038065510151,9.100931483520515,3.3009314835205155
2026-08-27,2027-09,jaou7_7710c,call,77.1,5.79,2026-08-26,1,0.2906748046090746,5.741685548664835,-0.04831445133516521,5.741369999802964,-0.0486300001970363,9.084632819626636,3.294632819626636
2026-08-27,2027-09,jaou7_7725c,call,77.25,5.74,2026-08-26,1,0.2906101157817116,5.692036822798019,-0.04796317720198129,5.691180782555202,-0.0488192174447981,9.03590665706736,3.295906657067359
2026-08-27,2027-09,jaou7_5800p,put,58.0,3.45,2026-08-26,1,0.3289149070282852,3.4287964315082107,-0.021203568491789504,3.4263680446385685,-0.0236319553614317,5.231732140685974,1.781732140685974
2026-08-27,2027-09,jaou7_5900p,put,59.0,3.71,2026-08-26,1,0.3258771846503917,3.690353368361494,-0.019646631638505774,3.6819649234932825,-0.0280350765067174,5.615098778206451,1.905098778206451
2026-08-27,2027-09,jaou7_6000p,put,60.0,3.99,2026-08-26,1,0.3226862873918107,3.9619867784897256,-0.028013221510274633,3.954530821227273,-0.0354691787727272,6.0134507434493205,2.0234507434493203
2026-08-27,2027-09,jaou7_6200p,put,62.0,4.6,2026-08-26,1,0.3171272159972576,4.5654882521461495,-0.03451174785385014,4.5527115538231655,-0.0472884461768341,6.856135756877658,2.2561357568776588
2026-08-27,2027-09,jaou7_6420p,put,64.2,5.35,2026-08-26,1,0.3115040243001259,5.309677633192805,-0.04032236680719503,5.296118742425029,-0.0538812575749707,7.851663500955873,2.501663500955873
2026-08-27,2027-09,jaou7_6500p,put,65.0,5.64,2026-08-26,1,0.309555774904043,5.601283399920387,-0.03871660007961264,5.589400815900119,-0.0505991840998811,8.230726299976416,2.590726299976416
2026-08-27,2027-09,jaou7_6750p,put,67.5,6.63,2026-08-26,1,0.3041534197621495,6.596544636096091,-0.0334553639039088,6.586865390089081,-0.0431346099109193,9.473183527473886,2.8431835274738857
2026-08-27,2027-09,jaou7_6800p,put,68.0,6.85,2026-08-26,1,0.3030623155970851,6.807640412584988,-0.042359587415012,6.8012455107329295,-0.0487544892670701,9.73172032055258,2.88172032055258
2026-08-27,2027-09,jaou7_6900p,put,69.0,7.29,2026-08-26,1,0.3007913472969667,7.239876134370836,-0.050123865629164044,7.244989836478887,-0.0450101635211126,10.259227639277452,2.9692276392774515
2026-08-27,2027-09,jaou7_7000p,put,70.0,7.75,2026-08-26,1,0.2990167879346866,7.70213645727526,-0.04786354272474025,7.708724072769315,-0.0412759272306848,10.800416126587557,3.0504161265875567
2026-08-27,2027-09,jaou7_7400p,put,74.0,9.81,2026-08-26,1,0.2934346772744245,9.761395850587698,-0.04860414941230218,9.761704234427494,-0.0482957655725062,13.0916579336406,3.2816579336405987
2026-08-27,2027-09,jaou7_7450p,put,74.5,10.09,2026-08-26,1,0.2932776588452282,10.052525870404796,-0.037474129595203465,10.040205800818754,-0.049794199181246,13.391412296254762,3.301412296254762
2026-08-27,2027-09,jaou7_7500p,put,75.0,10.38,2026-08-26,1,0.2926121277231832,10.333703412987715,-0.046296587012285784,10.323451861068373,-0.0565481389316282,13.694063520818055,3.3140635208180544
2026-08-27,2028-03,jaoh8_6151c,call,61.51,12.52,2026-08-26,1,0.2757655728102052,12.441999849089738,-0.07800015091026147,12.432941568068571,-0.0870584319314264,16.4080726894426,3.888072689442602
2026-08-27,2028-03,jaoh8_6200c,call,62.0,12.23,2026-08-26,1,0.2747435369330437,12.153556341464956,-0.07644365853504453,12.141828108964786,-0.0881718910352145,16.1848805285614,3.9548805285614
2026-08-27,2028-03,jaoh8_6420c,call,64.2,10.98,2026-08-26,1,0.2701021500970452,10.900779526381466,-0.07922047361853402,10.890933752165848,-0.0890662478341521,15.216495247941609,4.236495247941608
2026-08-27,2028-03,jaoh8_6500c,call,65.0,10.55,2026-08-26,1,0.2687563710319756,10.473488875575612,-0.07651112442438901,10.459149022339144,-0.0908509776608568,14.877920464318674,4.327920464318673
2026-08-27,2028-03,jaoh8_6600c,call,66.0,10.03,2026-08-26,1,0.2668632670128336,9.946936127616171,-0.0830638723838284,9.93691711693276,-0.0930828830672396,14.46428577515929,4.434285775159291
2026-08-27,2028-03,jaoh8_6775c,call,67.75,9.17,2026-08-26,1,0.2642038460353123,9.083072049513007,-0.08692795048699331,9.069963086681993,-0.1000369133180072,13.766233845283727,4.596233845283727
2026-08-27,2028-03,jaoh8_6875c,call,68.75,8.7,2026-08-26,1,0.2628595331782802,8.61662318487384,-0.0833768151261598,8.601360843328512,-0.0986391566714868,13.381963938470417,4.6819639384704175
2026-08-27,2028-03,jaoh8_6890c,call,68.9,8.63,2026-08-26,1,0.2626306848082962,8.54716052278328,-0.08283947721672114,8.5327448381259,-0.0972551618741004,13.325250009991244,4.695250009991243
2026-08-27,2028-03,jaoh8_7000c,call,70.0,8.14,2026-08-26,1,0.2610334448817456,8.051115529219206,-0.08888447078079409,8.042832168683697,-0.0971678313163035,12.916407043736925,4.776407043736924
2026-08-27,2028-03,jaoh8_7110c,call,71.1,7.67,2026-08-26,1,0.2597824395723655,7.585064409725657,-0.08493559027434294,7.576091031923716,-0.0939089680762839,12.519432005631344,4.8494320056313445
2026-08-27,2028-03,jaoh8_7275c,call,72.75,7.01,2026-08-26,1,0.2578986327985393,6.921005989001255,-0.0889940109987446,6.918685313971888,-0.0913146860281122,11.946310527337884,4.936310527337884
2026-08-27,2028-03,jaoh8_7340c,call,73.4,6.76,2026-08-26,1,0.2572336267182127,6.673336574450496,-0.08666342554950379,6.673510456147969,-0.0864895438520312,11.727634468042032,4.967634468042032
2026-08-27,2028-03,jaoh8_7450c,call,74.5,6.37,2026-08-26,1,0.2563743236687081,6.277230983076801,-0.09276901692319939,6.275966985740441,-0.0940330142595593,11.365934205861398,4.995934205861398
2026-08-27,2028-03,jaoh8_7500c,call,75.0,6.19,2026-08-26,1,0.2558553721531432,6.099013124854837,-0.09098687514516346,6.102358506830607,-0.0876414931693938,11.205091858870178,5.015091858870178
2026-08-27,2028-03,jaoh8_7550c,call,75.5,6.03,2026-08-26,1,0.2555336397148743,5.93075824635568,-0.09924175364432042,5.933105569851382,-0.0968944301486178,11.04652902096329,5.016529020963289
2026-08-27,2028-03,jaoh8_7670c,call,76.7,5.64,2026-08-26,1,0.2551801343403983,5.554837779555359,-0.08516222044464072,5.544314602398808,-0.0956853976011915,10.674910816999796,5.034910816999797
2026-08-27,2028-03,jaoh8_7700c,call,77.0,5.55,2026-08-26,1,0.254835338524277,5.455894765438397,-0.09410523456160291,5.450884456651503,-0.0991155433484971,10.58399613489228,5.03399613489228
2026-08-27,2028-03,jaoh8_7775c,call,77.75,5.33,2026-08-26,1,0.2547467016700088,5.238377040872747,-0.09162295912725327,5.223750326544913,-0.1062496734550872,10.360186911152736,5.030186911152736
2026-08-27,2028-03,jaoh8_5740p,put,57.4,3.95,2026-08-26,1,0.2848595371915322,3.8908282131459178,-0.05917178685408242,3.882856440491292,-0.0671435595087084,7.281744383625979,3.3317443836259786
2026-08-27,2028-03,jaoh8_5900p,put,59.0,4.42,2026-08-26,1,0.2811059424911367,4.355236788678312,-0.06476321132168827,4.338169579412542,-0.0818304205874582,7.983440614438588,3.563440614438588
2026-08-27,2028-03,jaoh8_6000p,put,60.0,4.73,2026-08-26,1,0.2785689508491261,4.658109102169773,-0.07189089783022773,4.645138370578028,-0.0848616294219724,8.437713283469158,3.7077132834691575
2026-08-27,2028-03,jaoh8_6165p,put,61.65,5.27,2026-08-26,1,0.2749217691052968,5.203063305157961,-0.06693669484203824,5.190511953961721,-0.0794880460382785,9.213117874130406,3.9431178741304063
2026-08-27,2028-03,jaoh8_6200p,put,62.0,5.4,2026-08-26,1,0.2741634622499625,5.324144628334312,-0.07585537166568823,5.312537109799998,-0.087462890200002,9.381661338959075,3.981661338959075
2026-08-27,2028-03,jaoh8_6250p,put,62.5,5.57,2026-08-26,1,0.2729224615546862,5.495706075480344,-0.07429392451965633,5.490758503640425,-0.0792414963595753,9.624893534557575,4.054893534557575
2026-08-27,2028-03,jaoh8_6500p,put,65.0,6.54,2026-08-26,1,0.2685752865724488,6.463795679852783,-0.0762043201472169,6.451584301762159,-0.0884156982378412,10.88340989214842,4.343409892148419
2026-08-27,2028-03,jaoh8_6600p,put,66.0,6.96,2026-08-26,1,0.2668048121569798,6.8771436810727895,-0.08285631892721046,6.868803091123283,-0.091196908876717,11.406011408799728,4.446011408799728
2026-08-27,2028-03,jaoh8_6750p,put,67.5,7.62,2026-08-26,1,0.2646597448959559,7.542242777103379,-0.07775722289662124,7.530086343872233,-0.0899136561277673,12.210069977714204,4.590069977714204
2026-08-27,2028-03,jaoh8_7000p,put,70.0,8.82,2026-08-26,1,0.2611235917087358,8.730924095074014,-0.08907590492598594,8.726427117928564,-0.0935728820714363,13.60307750062013,4.783077500620129
2026-08-27,2028-03,jaoh8_7450p,put,74.5,11.26,2026-08-26,1,0.2566657842247666,11.176565757317139,-0.08343424268286093,11.168842878185703,-0.0911571218142963,16.26566758889272,5.005667588892719
2026-08-27,2028-09,jaou8_6151c,call,61.51,12.04,2026-08-26,1,0.2578040875122416,12.039860863869048,-0.00013913613095084543,12.02515598299945,-0.0148440170005486,17.228332622631097,5.188332622631098
2026-08-27,2028-09,jaou8_6500c,call,65.0,10.1,2026-08-26,1,0.2484681782310556,10.102538332617073,0.002538332617072925,10.068900641241225,-0.0310993587587766,15.844610557411906,5.744610557411907
2026-08-27,2028-09,jaou8_6570c,call,65.7,9.73,2026-08-26,1,0.2466523016877297,9.735201705991054,0.005201705991053629,9.707101762120546,-0.0228982378794544,15.58138998021598,5.851389980215979
2026-08-27,2028-09,jaou8_6600c,call,66.0,9.58,2026-08-26,1,0.2457737741496294,9.576360165671705,-0.0036398343282950663,9.555214315307968,-0.0247856846920324,15.469980234132294,5.8899802341322935
2026-08-27,2028-09,jaou8_6650c,call,66.5,9.33,2026-08-26,1,0.2447145534480527,9.328283263825059,-0.0017167361749415022,9.30630257995002,-0.0236974200499791,15.286167156294225,5.956167156294224
2026-08-27,2028-09,jaou8_6775c,call,67.75,8.72,2026-08-26,1,0.2417710027435698,8.713178680935984,-0.006821319064016507,8.70719667197017,-0.0128033280298307,14.836388169381904,6.116388169381903
2026-08-27,2028-09,jaou8_7000c,call,70.0,7.72,2026-08-26,1,0.2378990420275666,7.7120557329682695,-0.007944267031730234,7.711878182448733,-0.0081218175512667,14.061073692804005,6.341073692804005
2026-08-27,2028-09,jaou8_7110c,call,71.1,7.28,2026-08-26,1,0.2364903530398736,7.266384469398346,-0.01361553060165388,7.263658193382422,-0.0163418066175786,13.697247665061544,6.417247665061544
2026-08-27,2028-09,jaou8_7275c,call,72.75,6.66,2026-08-26,1,0.2347251572301444,6.642831517947419,-0.017168482052580814,6.637456794114904,-0.0225432058850962,13.169274539807851,6.509274539807851
2026-08-27,2028-09,jaou8_7340c,call,73.4,6.43,2026-08-26,1,0.2342422413882784,6.415327260804983,-0.014672739195016327,6.405628601839171,-0.0243713981608291,12.967028466210357,6.537028466210357
2026-08-27,2028-09,jaou8_7450c,call,74.5,6.06,2026-08-26,1,0.233308808092236,6.039547740905108,-0.0204522590948919,6.031915355096265,-0.0280846449037346,12.632224573625628,6.572224573625628
2026-08-27,2028-09,jaou8_7500c,call,75.0,5.9,2026-08-26,1,0.233088464960958,5.881414302061635,-0.01858569793836562,5.869620537508574,-0.0303794624914264,12.483095894260009,6.583095894260008
2026-08-27,2028-09,jaou8_7560c,call,75.6,5.71,2026-08-26,1,0.2327558953452942,5.693653978104026,-0.01634602189597434,5.680978285718183,-0.0290217142818169,12.306598422522145,6.596598422522145
2026-08-27,2028-09,jaou8_7670c,call,76.7,5.38,2026-08-26,1,0.2320328533963985,5.357744549398535,-0.022255450601464943,5.352034508071227,-0.0279654919287732,11.989783784972026,6.609783784972026
2026-08-27,2028-09,jaou8_7925c,call,79.25,4.69,2026-08-26,1,0.2311937828818719,4.666787284568125,-0.02321271543187553,4.669325390608259,-0.0206746093917411,11.287436976772016,6.597436976772015
2026-08-27,2028-09,jaou8_8000c,call,80.0,4.51,2026-08-26,1,0.2312695827299254,4.4892829281060465,-0.02071707189395333,4.488521906187555,-0.021478093812445,11.08895425629666,6.57895425629666
2026-08-27,2028-09,jaou8_5000p,put,50.0,2.77,2026-08-26,1,0.2845700551291981,2.763075257937711,-0.006924742062289102,2.782175619734403,0.0121756197344029,5.953907865941417,3.1839078659414173
2026-08-27,2028-09,jaou8_5500p,put,55.0,3.96,2026-08-26,1,0.2730800831119768,3.966006915555562,0.006006915555562209,3.925192257950865,-0.0348077420491348,7.986594603842332,4.026594603842332
2026-08-27,2028-09,jaou8_5700p,put,57.0,4.52,2026-08-26,1,0.2682525082934601,4.521827093349733,0.0018270933497337438,4.472543663512575,-0.0474563364874249,8.878046312941976,4.358046312941976
2026-08-27,2028-09,jaou8_5740p,put,57.4,4.64,2026-08-26,1,0.2670904830386461,4.63302677433081,-0.006973225669189453,4.588596037220151,-0.0514039627798483,9.061466279045812,4.421466279045812
2026-08-27,2028-09,jaou8_6165p,put,61.65,5.99,2026-08-26,1,0.2565145634169186,5.986768503707211,-0.0032314962927895152,5.963412467363392,-0.0265875326366078,11.111683483413904,5.121683483413904
2026-08-27,2028-09,jaou8_6200p,put,62.0,6.11,2026-08-26,1,0.2556293466469271,6.107971694242518,-0.0020283057574825847,6.088513566445838,-0.0214864335541626,11.28854310255755,5.17854310255755
2026-08-27,2028-09,jaou8_6250p,put,62.5,6.28,2026-08-26,1,0.254543979408582,6.289707844363427,0.009707844363426865,6.270443174036791,-0.0095568259632097,11.543280034978505,5.2632800349785045
2026-08-27,2028-09,jaou8_6500p,put,65.0,7.21,2026-08-26,1,0.2482181645353211,7.218700232663364,0.008700232663364282,7.237495895609962,0.0274958956099622,12.853420273119388,5.643420273119388
2026-08-27,2028-09,jaou8_6750p,put,67.5,8.25,2026-08-26,1,0.242352625300405,8.248141791435486,-0.0018582085645135749,8.30164646761912,0.0516464676191201,14.223369119992514,5.973369119992514
2026-08-27,2028-09,jaou8_7000p,put,70.0,9.43,2026-08-26,1,0.2382509046052645,9.427761143560229,-0.002238856439770842,9.463928188547523,0.0339281885475237,15.648486309699194,6.218486309699195
2026-08-27,2028-09,jaou8_7450p,put,74.5,11.91,2026-08-26,1,0.2341911255189746,11.894760402579958,-0.015239597420041662,11.802172067830025,-0.1078279321699771,18.34037980158976,6.430379801589758
2026-08-28,2026-09,jaou6_9100c,call,91.0,0.49,2026-08-27,1,0.4605840889204246,0.5728443422995823,0.08284434229958226,0.5800561535680971,0.0900561535680971,0.4043976445922875,-0.0856023554077125
2026-08-28,2026-09,jaou6_9150c,call,91.5,0.44,2026-08-27,1,0.4631545432107242,0.5177985520217304,0.07779855202173042,0.5247960856213321,0.084796085621332,0.3521832857145591,-0.0878167142854409
2026-08-28,2026-09,jaou6_9196c,call,91.96,0.4,2026-08-27,1,0.4656559796091606,0.47216053045776807,0.07216053045776805,0.4785663859749532,0.0785663859749531,0.3091471200349157,-0.0908528799650843
2026-08-28,2026-09,jaou6_9200c,call,92.0,0.4,2026-08-27,1,0.4669842117875586,0.47212936862396215,0.07212936862396213,0.474742906231473,0.074742906231473,0.3056175509285307,-0.0943824490714693
2026-08-28,2026-09,jaou6_9225c,call,92.25,0.38,2026-08-27,1,0.4670661915041432,0.4448949207160966,0.0648949207160966,0.4515264985312912,0.0715264985312911,0.2843231736719824,-0.0956768263280176
2026-08-28,2026-09,jaou6_9250c,call,92.5,0.36,2026-08-27,1,0.4695796253230494,0.42673587687871206,0.06673587687871207,0.4294448249518909,0.0694448249518909,0.2643363382188111,-0.0956636617811889
2026-08-28,2026-09,jaou6_9435c,call,94.35,0.24,2026-08-27,1,0.4823198875150709,0.3010790964160786,0.061079096416078615,0.296571276118836,0.056571276118836,0.1509589388122924,-0.0890410611877076
2026-08-28,2026-09,jaou6_9500c,call,95.0,0.21,2026-08-27,1,0.4863530496510677,0.2656767840122935,0.055676784012293506,0.2605964195278876,0.0505964195278876,0.1228834240984493,-0.0871165759015507
2026-08-28,2026-09,jaou6_9800c,call,98.0,0.11,2026-08-27,1,0.500907948426315,0.14418094057950465,0.034180940579504646,0.1449102586501988,0.0349102586501988,0.0451128317020383,-0.0648871682979617
2026-08-28,2026-09,jaou6_10000c,call,100.0,0.08,2026-08-27,1,0.5156452231515446,0.10199672213576476,0.021996722135764757,0.0992654906940598,0.0192654906940598,0.0218679488088946,-0.0581320511911054
2026-08-28,2026-09,jaou6_10205c,call,102.05,0.05,2026-08-27,1,0.5265820489641988,0.06898825963928178,0.018988259639281774,0.0683008559264399,0.0183008559264399,0.0098433119897583,-0.0401566880102417
2026-08-28,2026-09,jaou6_10240c,call,102.4,0.05,2026-08-27,1,0.523816591377049,0.060877390858950754,0.010877390858950751,0.0641774688277711,0.0141774688277711,0.008521285685449,-0.041478714314551
2026-08-28,2026-09,jaou6_10300c,call,103.0,0.04,2026-08-27,1,0.5357685906810923,0.06085635748767231,0.02085635748767231,0.0577442174340349,0.0177442174340349,0.0066328114844663,-0.0333671885155337
2026-08-28,2026-09,jaou6_10500c,call,105.0,0.03,2026-08-27,1,0.5367355620149482,0.03692864082681062,0.00692864082681062,0.0410410813808288,0.0110410813808288,0.0028287268443781,-0.0271712731556219
2026-08-28,2026-09,jaou6_10520c,call,105.2,0.03,2026-08-27,1,0.5403768623276347,0.03692557276644221,0.006925572766442213,0.039700322248736,0.009700322248736,0.0025917874718091,-0.0274082125281909
2026-08-28,2026-09,jaou6_10825c,call,108.25,0.02,2026-08-27,1,0.5566624210109593,0.021446668063671227,0.0014466680636712262,0.0244523476288405,0.0044523476288405,0.0005474832148698,-0.0194525167851302
2026-08-28,2026-09,jaou6_7200p,put,72.0,0.11,2026-08-27,1,0.4529536758401506,0.1299617597871201,0.0199617597871201,0.1290559028166971,0.0190559028166971,0.0796937535647094,-0.0303062464352906
2026-08-28,2026-09,jaou6_7400p,put,74.0,0.21,2026-08-27,1,0.441995982348107,0.25124521109849596,0.041245211098495965,0.2506400428957391,0.0406400428957391,0.1904298639642327,-0.0195701360357672
2026-08-28,2026-09,jaou6_7450p,put,74.5,0.25,2026-08-27,1,0.4412229969094852,0.2985928365323396,0.04859283653233959,0.2944579065873718,0.0444579065873718,0.232199503088716,-0.0178004969112839
2026-08-28,2026-09,jaou6_7500p,put,75.0,0.29,2026-08-27,1,0.4381302915726772,0.3464265803655673,0.0564265803655673,0.3450658247536831,0.0550658247536831,0.2806520454518509,-0.009347954548149
2026-08-28,2026-09,jaou6_7600p,put,76.0,0.4,2026-08-27,1,0.4348896642623632,0.4717407126018447,0.07174071260184467,0.4698304889117057,0.0698304889117057,0.4010599579992887,0.0010599579992886
2026-08-28,2026-09,jaou6_7750p,put,77.5,0.64,2026-08-27,1,0.4301488302272589,0.7260006885374128,0.08600068853741283,0.7283529279270367,0.0883529279270366,0.6539856828815188,0.0139856828815188
2026-08-28,2026-09,jaou6_7800p,put,78.0,0.74,2026-08-27,1,0.4293168547627087,0.8344915650204561,0.09449156502045608,0.8369087770818622,0.0969087770818621,0.760610936501431,0.0206109365014309
2026-08-28,2026-09,jaou6_8000p,put,80.0,1.28,2026-08-27,1,0.4279076496409914,1.4021986044713164,0.12219860447131636,1.4033193503831831,0.123319350383183,1.3171520291757743,0.0371520291757743
2026-08-28,2026-09,jaou6_8200p,put,82.0,2.08,2026-08-27,1,0.4289330647493455,2.207653134978126,0.12765313497812603,2.2074212138352127,0.1274212138352126,2.106114373041432,0.0261143730414317
2026-08-28,2026-09,jaou6_8250p,put,82.5,2.32,2026-08-27,1,0.4298611412253401,2.4502501034768573,0.1302501034768575,2.4477884373687147,0.1277884373687148,2.3418831019124258,0.0218831019124259
2026-08-28,2026-10,jaov6_9200c,call,92.0,1.66,2026-08-27,1,0.4720381059433072,1.7905891745530587,0.13058917455305874,1.7902765596635852,0.1302765596635853,1.287913541666044,-0.3720864583339558
2026-08-28,2026-10,jaov6_9225c,call,92.25,1.62,2026-08-27,1,0.473135124679807,1.7515345441050942,0.13153454410509413,1.751356815955393,0.1313568159553928,1.2459927947718343,-0.3740072052281658
2026-08-28,2026-10,jaov6_9348c,call,93.48,1.44,2026-08-27,1,0.4777943699856171,1.566257880638359,0.12625788063835897,1.5726865097412417,0.1326865097412415,1.0562480015210045,-0.3837519984789954
2026-08-28,2026-10,jaov6_9353c,call,93.53,1.43,2026-08-27,1,0.4788374944782408,1.5662456506103002,0.13624565061030025,1.565853238434167,0.135853238434167,1.0490930984175393,-0.3809069015824606
2026-08-28,2026-10,jaov6_9435c,call,94.35,1.33,2026-08-27,1,0.4825195708884963,1.4591531988106532,0.12915319881065312,1.4582741944845574,0.1282741944845573,0.9376828349561012,-0.3923171650438989
2026-08-28,2026-10,jaov6_9800c,call,98.0,0.96,2026-08-27,1,0.4972809254413844,1.0613948097741268,0.10139480977412685,1.0687145519785617,0.1087145519785617,0.5573753053193775,-0.4026246946806224
2026-08-28,2026-10,jaov6_9911c,call,99.11,0.87,2026-08-27,1,0.5016541746326969,0.9647744617692804,0.0947744617692804,0.9744446090374635,0.1044446090374635,0.47357653075342,-0.39642346924658
2026-08-28,2026-10,jaov6_9955c,call,99.55,0.83,2026-08-27,1,0.5044470982706669,0.9358145598959567,0.10581455989595678,0.939704337676972,0.1097043376769719,0.4436470349407972,-0.3863529650592027
2026-08-28,2026-10,jaov6_10000c,call,100.0,0.8,2026-08-27,1,0.5056335727869867,0.8972456602032916,0.0972456602032915,0.9056198787415924,0.1056198787415922,0.414769527929428,-0.385230472070572
2026-08-28,2026-10,jaov6_10205c,call,102.05,0.67,2026-08-27,1,0.5149367903731175,0.7624902666482735,0.09249026664827342,0.7671684249191041,0.097168424919104,0.3028084530858665,-0.3671915469141335
2026-08-28,2026-10,jaov6_10240c,call,102.4,0.65,2026-08-27,1,0.5167674193762877,0.743273847896794,0.09327384789679394,0.7460419168829918,0.0960419168829918,0.2866781570548257,-0.3633218429451743
2026-08-28,2026-10,jaov6_10300c,call,103.0,0.62,2026-08-27,1,0.5185901521827615,0.7048804214986855,0.08488042149868547,0.7113680296427781,0.0913680296427781,0.2608826332479123,-0.3591173667520877
2026-08-28,2026-10,jaov6_10500c,call,105.0,0.53,2026-08-27,1,0.5263600335148507,0.5995077738054166,0.06950777380541662,0.6085856628583588,0.0785856628583587,0.1898942932145437,-0.3401057067854563
2026-08-28,2026-10,jaov6_10800c,call,108.0,0.42,2026-08-27,1,0.5384013079772345,0.47545434011008203,0.055454340110082045,0.485268562195701,0.065268562195701,0.1167260048271431,-0.3032739951728569
2026-08-28,2026-10,jaov6_11500c,call,115.0,0.25,2026-08-27,1,0.5690722806688554,0.2953717796365364,0.04537177963653638,0.2967276008327862,0.0467276008327862,0.0354881411007857,-0.2145118588992143
2026-08-28,2026-10,jaov6_12100c,call,121.0,0.17,2026-08-27,1,0.5929390531998472,0.20143691325749719,0.03143691325749717,0.2026459172613801,0.0326459172613801,0.0123854106780755,-0.1576145893219245
2026-08-28,2026-10,jaov6_12500c,call,125.0,0.14,2026-08-27,1,0.6113736571890129,0.16409116958195333,0.024091169581953314,0.1603024839214641,0.0203024839214641,0.0058956033260483,-0.1341043966739517
2026-08-28,2026-10,jaov6_16000c,call,160.0,0.03,2026-08-27,1,0.7350354851913922,0.03527532632076454,0.005275326320764544,0.0360125017734122,0.0060125017734122,1.2133725035123026e-05,-0.0299878662749648
2026-08-28,2026-10,jaov6_7200p,put,72.0,1.2,2026-08-27,1,0.4222801092705273,1.2880226959742611,0.08802269597426116,1.283264192589355,0.0832641925893551,1.2198030894997087,0.0198030894997087
2026-08-28,2026-10,jaov6_7400p,put,74.0,1.68,2026-08-27,1,0.4210334059916795,1.7893106571350934,0.10931065713509347,1.7937897275896812,0.1137897275896813,1.7200098631798024,0.0400098631798024
2026-08-28,2026-10,jaov6_7450p,put,74.5,1.82,2026-08-27,1,0.4214393095529809,1.9398155775930572,0.11981557759305717,1.9426538432026668,0.1226538432026667,1.8641681768517504,0.0441681768517503
2026-08-28,2026-10,jaov6_7500p,put,75.0,1.97,2026-08-27,1,0.4220481704594356,2.1004049598533214,0.13040495985332146,2.100431553134289,0.130431553134289,2.0163808258335454,0.0463808258335454
2026-08-28,2026-10,jaov6_7600p,put,76.0,2.3,2026-08-27,1,0.4227518873937566,2.4419423240951357,0.14194232409513585,2.4433739805005468,0.1433739805005469,2.3457259150738827,0.0457259150738829
2026-08-28,2026-10,jaov6_7800p,put,78.0,3.09,2026-08-27,1,0.4250455035266565,3.2362016888592953,0.1462016888592954,3.2418245531798693,0.1518245531798694,3.107262736203761,0.0172627362037611
2026-08-28,2026-10,jaov6_8000p,put,80.0,4.04,2026-08-27,1,0.4294701482246951,4.191824753688569,0.15182475368856885,4.192073033902794,0.152073033902794,4.0095694579022085,-0.0304305420977915
2026-08-28,2026-10,jaov6_8200p,put,82.0,5.14,2026-08-27,1,0.4343986921846837,5.288722619237953,0.1487226192379536,5.290326086726008,0.1503260867260083,5.048708385731137,-0.0912916142688624
2026-08-28,2026-10,jaov6_9000p,put,90.0,10.78,2026-08-27,1,0.4638442792695917,10.921081717668763,0.14108171766876332,10.927716322761515,0.1477163227615161,10.454808340805291,-0.3251916591947079
2026-08-28,2026-11,jaox6_8950c,call,89.5,2.8,2026-08-27,1,0.4516368314846877,2.953297765794529,0.15329776579452936,2.950527479263685,0.150527479263685,2.5265758609924247,-0.2734241390075751
2026-08-28,2026-11,jaox6_9000c,call,90.0,2.7,2026-08-27,1,0.4525604693241978,2.8445185657021104,0.1445185657021102,2.8505201082180687,0.1505201082180685,2.412770564853877,-0.2872294351461231
2026-08-28,2026-11,jaox6_9025c,call,90.25,2.65,2026-08-27,1,0.4533042446954082,2.7950819027663174,0.1450819027663175,2.801920139576635,0.1519201395766352,2.3575860855749164,-0.2924139144250834
2026-08-28,2026-11,jaox6_9100c,call,91.0,2.52,2026-08-27,1,0.4559097591834327,2.656700519478656,0.1367005194786559,2.6615396741345743,0.1415396741345742,2.198538319585572,-0.3214616804144281
2026-08-28,2026-11,jaox6_9196c,call,91.96,2.35,2026-08-27,1,0.4590936679279665,2.4887709709407044,0.13877097094070434,2.493172356286653,0.1431723562866533,2.0089118649258384,-0.3410881350741617
2026-08-28,2026-11,jaox6_9200c,call,92.0,2.35,2026-08-27,1,0.4589616478603968,2.478901498571807,0.12890149857180688,2.486421370486765,0.1364213704867647,2.001338534993695,-0.3486614650063049
2026-08-28,2026-11,jaox6_9225c,call,92.25,2.3,2026-08-27,1,0.4599730161500509,2.439403914093444,0.13940391409344421,2.444692289548102,0.1446922895481019,1.954566554544677,-0.3454334454553227
2026-08-28,2026-11,jaox6_9348c,call,93.48,2.11,2026-08-27,1,0.4637490966752843,2.242043369044259,0.13204336904425906,2.250622726939864,0.1406227269398643,1.737980672358554,-0.3720193276414458
2026-08-28,2026-11,jaox6_9353c,call,93.53,2.11,2026-08-27,1,0.4645770654478456,2.242031698746339,0.13203169874633902,2.2431140051969867,0.1331140051969868,1.7296335156484444,-0.3803664843515555
2026-08-28,2026-11,jaox6_9435c,call,94.35,1.99,2026-08-27,1,0.4673864158170654,2.1236995617711907,0.1336995617711907,2.123991388564781,0.133991388564781,1.5976586187847344,-0.3923413812152656
2026-08-28,2026-11,jaox6_9911c,call,99.11,1.45,2026-08-27,1,0.4835742523494122,1.56268946693962,0.11268946693962012,1.5625928265030955,0.1125928265030955,0.995434487780596,-0.454565512219404
2026-08-28,2026-11,jaox6_10000c,call,100.0,1.36,2026-08-27,1,0.486173899182651,1.4743019530247503,0.11430195302475021,1.47843452980428,0.1184345298042799,0.9090429780515622,-0.4509570219484379
2026-08-28,2026-11,jaox6_10205c,call,102.05,1.2,2026-08-27,1,0.4928801873080807,1.2977031558439924,0.09770315584399247,1.3048505061563405,0.1048505061563405,0.7352412583792154,-0.4647587416207845
2026-08-28,2026-11,jaox6_10240c,call,102.4,1.17,2026-08-27,1,0.4949710079072447,1.2780869804856856,0.10808698048568566,1.277799772525365,0.1077997725253649,0.7087267207437247,-0.4612732792562752
2026-08-28,2026-11,jaox6_10500c,call,105.0,1.0,2026-08-27,1,0.5033074300780455,1.092015848360681,0.092015848360681,1.097506352885539,0.0975063528855391,0.5372268167788393,-0.4627731832211607
2026-08-28,2026-11,jaox6_10800c,call,108.0,0.84,2026-08-27,1,0.5142663828311016,0.9258313408281347,0.0858313408281347,0.928146115768088,0.088146115768088,0.386594825272592,-0.453405174727408
2026-08-28,2026-11,jaox6_7200p,put,72.0,2.49,2026-08-27,1,0.4109203648351618,2.591478989717346,0.10147898971734559,2.589463727599818,0.0994637275998178,2.65482528932156,0.1648252893215596
2026-08-28,2026-11,jaox6_7400p,put,74.0,3.19,2026-08-27,1,0.4121701088704495,3.313114486034422,0.12311448603442221,3.316541622121964,0.1265416221219637,3.3653483579741263,0.1753483579741264
2026-08-28,2026-11,jaox6_7450p,put,74.5,3.39,2026-08-27,1,0.4126875844565771,3.5136328382170348,0.12363283821703464,3.517385985578102,0.1273859855781016,3.5600468454520424,0.1700468454520423
2026-08-28,2026-11,jaox6_7500p,put,75.0,3.59,2026-08-27,1,0.4134296028916684,3.724182636788931,0.13418263678893094,3.725911534389352,0.1359115343893515,3.761525110995617,0.171525110995617
2026-08-28,2026-11,jaox6_7600p,put,76.0,4.03,2026-08-27,1,0.4148134350485987,4.165432255181404,0.13543225518140378,4.165992296829664,0.1359922968296638,4.1848001575390805,0.1548001575390802
2026-08-28,2026-11,jaox6_7800p,put,78.0,4.99,2026-08-27,1,0.4180051231323606,5.138434094968798,0.1484340949687981,5.137407788682939,0.1474077886829388,5.114185560342905,0.1241855603429051
2026-08-28,2026-11,jaox6_8000p,put,80.0,6.09,2026-08-27,1,0.4212670006287997,6.2220682726161645,0.1320682726161646,6.227028868881913,0.137028868881913,6.150380601170449,0.0603806011704488
2026-08-28,2026-11,jaox6_8200p,put,82.0,7.29,2026-08-27,1,0.4257070000432702,7.426089607186933,0.13608960718693286,7.428367921293063,0.1383679212930628,7.291491425814909,0.0014914258149092
2026-08-28,2026-11,jaox6_9000p,put,90.0,13.03,2026-08-27,1,0.4473981774877807,13.163989167436288,0.13398916743628853,13.167796161133596,0.1377961611335951,12.7820458697631,-0.2479541302368986
2026-08-28,2027-03,jaoh7_8000c,call,80.0,5.19,2026-08-27,1,0.3564177907691367,5.312836693242987,0.12283669324298696,5.313630789592168,0.123630789592168,6.542650813427608,1.3526508134276076
2026-08-28,2027-03,jaoh7_8025c,call,80.25,5.11,2026-08-27,1,0.3569951604842043,5.242624466095236,0.13262446609523604,5.235802962188735,0.1258029621887342,6.458273580123368,1.3482735801233678
2026-08-28,2027-03,jaoh7_8075c,call,80.75,4.96,2026-08-27,1,0.3570411759333886,5.082254674878869,0.1222546748788691,5.083753478064793,0.1237534780647928,6.292234842329727,1.3322348423297274
2026-08-28,2027-03,jaoh7_8100c,call,81.0,4.88,2026-08-27,1,0.3574712861256482,5.0120592935149215,0.13205929351492163,5.00950570234549,0.1295057023454902,6.21059168308463,1.3305916830846298
2026-08-28,2027-03,jaoh7_8102c,call,81.02,4.88,2026-08-27,1,0.3572912223956539,5.002052052917972,0.12205205291797228,5.00361647377416,0.1236164737741596,6.204098643228923,1.3240986432289228
2026-08-28,2027-03,jaoh7_8150c,call,81.5,4.74,2026-08-27,1,0.3577029203158256,4.861703306577297,0.121703306577297,4.864498162375337,0.1244981623753371,6.050024269773358,1.3100242697733575
2026-08-28,2027-03,jaoh7_8185c,call,81.85,4.64,2026-08-27,1,0.3584790112557636,4.771439434350917,0.13143943435091732,4.76571363263668,0.1257136326366801,5.939810540125812,1.2998105401258124
2026-08-28,2027-03,jaoh7_8342c,call,83.42,4.22,2026-08-27,1,0.3600546892810923,4.35041050405423,0.13041050405422983,4.349118206380202,0.1291182063802018,5.467022958631664,1.247022958631664
2026-08-28,2027-03,jaoh7_8500c,call,85.0,3.84,2026-08-27,1,0.3619783526684552,3.969494524218837,0.129494524218837,3.97115578495055,0.13115578495055,5.024443777454795,1.1844437774547956
2026-08-28,2027-03,jaoh7_8525c,call,85.25,3.79,2026-08-27,1,0.3626407390162645,3.919348932112407,0.12934893211240706,3.914923509389279,0.1249235093892786,4.957342007351195,1.1673420073511949
2026-08-28,2027-03,jaoh7_8575c,call,85.75,3.68,2026-08-27,1,0.3633341836871872,3.8090885538279573,0.12908855382795714,3.805262505808789,0.1252625058087892,4.825535978585014,1.145535978585014
2026-08-28,2027-03,jaoh7_8675c,call,86.75,3.47,2026-08-27,1,0.3647513912776512,3.598602328601665,0.12860232860166487,3.5967866582605867,0.1267866582605865,4.571366981589314,1.101366981589314
2026-08-28,2027-03,jaoh7_8700c,call,87.0,3.42,2026-08-27,1,0.3651372511462468,3.5484868992223073,0.12848689922230738,3.5468514721758053,0.1268514721758054,4.509754260065266,1.0897542600652663
2026-08-28,2027-03,jaoh7_8705c,call,87.05,3.41,2026-08-27,1,0.3652097698456369,3.5384643053742475,0.12846430537424736,3.536966581559304,0.1269665815593037,4.497523774453961,1.0875237744539603
2026-08-28,2027-03,jaoh7_6800p,put,68.0,4.49,2026-08-27,1,0.3595769863142469,4.583171758871332,0.09317175887133189,4.582430195409296,0.092430195409296,5.650272624521757,1.160272624521757
2026-08-28,2027-03,jaoh7_6900p,put,69.0,4.88,2026-08-27,1,0.3579860747953296,4.971582259653735,0.09158225965373479,4.974581016616783,0.0945810166167833,6.093754057594754,1.2137540575947543
2026-08-28,2027-03,jaoh7_7000p,put,70.0,5.29,2026-08-27,1,0.3569016821324815,5.38998359444694,0.0999835944469396,5.390573158786782,0.1005731587867817,6.555701973863355,1.2657019738633553
2026-08-28,2027-03,jaoh7_7100p,put,71.0,5.73,2026-08-27,1,0.3557975089983036,5.828417906525112,0.0984179065251114,5.83052391925679,0.1005239192567897,7.035499555319858,1.3054995553198578
2026-08-28,2027-03,jaoh7_7150p,put,71.5,5.96,2026-08-27,1,0.355361489525246,6.057641106367076,0.09764110636707635,6.059488828897126,0.099488828897126,7.282334753117754,1.3223347531177536
2026-08-28,2027-03,jaoh7_7400p,put,74.0,7.19,2026-08-27,1,0.3538358357991111,7.2938768476690115,0.10387684766901106,7.293587260059963,0.103587260059963,8.581859088597495,1.3918590885974949
2026-08-28,2027-03,jaoh7_7450p,put,74.5,7.45,2026-08-27,1,0.3533807659146697,7.553166672769056,0.10316667276905545,7.558047483409908,0.1080474834099076,8.854738741013996,1.404738741013996
2026-08-28,2027-03,jaoh7_7500p,put,75.0,7.72,2026-08-27,1,0.3536399647137637,7.832431948222336,0.11243194822233615,7.828287065820943,0.1082870658209431,9.131838654064778,1.4118386540647778
2026-08-28,2027-09,jaou7_6820c,call,68.2,9.54,2026-08-27,1,0.3042419332382143,9.643263427827335,0.10326342782733633,9.647782978884267,0.1077829788842699,12.458266933078988,2.918266933078989
2026-08-28,2027-09,jaou7_6825c,call,68.25,9.52,2026-08-27,1,0.303993502324301,9.613216860999085,0.09321686099908533,9.621510334431909,0.1015103344319072,12.436564547245853,2.916564547245853
2026-08-28,2027-09,jaou7_6860c,call,68.6,9.34,2026-08-27,1,0.30334141147864,9.432823145456696,0.09282314545669657,9.439117817324306,0.0991178173243056,12.285625543759773,2.945625543759773
2026-08-28,2027-09,jaou7_6900c,call,69.0,9.13,2026-08-27,1,0.302715790752634,9.232364634258186,0.1023646342581852,9.23391988341237,0.1039198834123684,12.115230724267905,2.985230724267904
2026-08-28,2027-09,jaou7_6905c,call,69.05,9.1,2026-08-27,1,0.3024439768212126,9.202318374375825,0.10231837437582492,9.208514041969346,0.1085140419693466,12.094086955799597,2.994086955799597
2026-08-28,2027-09,jaou7_6930c,call,69.3,8.98,2026-08-27,1,0.3021805001070096,9.082023742607456,0.1020237426074555,9.082297927416688,0.1022979274166875,11.9888720601132,3.0088720601132
2026-08-28,2027-09,jaou7_7000c,call,70.0,8.63,2026-08-27,1,0.3007146252740163,8.731237134092348,0.10123713409234725,8.736099970750551,0.1060999707505505,11.698761175306869,3.068761175306868
2026-08-28,2027-09,jaou7_7110c,call,71.1,8.11,2026-08-27,1,0.298906726446393,8.209969164603828,0.09996916460382899,8.213488689628006,0.1034886896280067,11.25592725958757,3.145927259587572
2026-08-28,2027-09,jaou7_7200c,call,72.0,7.7,2026-08-27,1,0.2974401525203788,7.798930122891133,0.09893012289113301,7.805259790607154,0.1052597906071541,10.905079609158255,3.205079609158255
2026-08-28,2027-09,jaou7_7335c,call,73.35,7.12,2026-08-27,1,0.2959525268379786,7.227349620032117,0.10734962003211646,7.225226261664117,0.105226261664117,10.396936199763088,3.276936199763088
2026-08-28,2027-09,jaou7_7400c,call,74.0,6.85,2026-08-27,1,0.2950062427948854,6.956602974698651,0.10660297469865121,6.959593994238109,0.109593994238109,10.159868328580949,3.309868328580949
2026-08-28,2027-09,jaou7_7450c,call,74.5,6.65,2026-08-27,1,0.294385972588515,6.756028074699176,0.10602807469917597,6.761210088542318,0.1112100885423172,9.980856611484064,3.330856611484064
2026-08-28,2027-09,jaou7_7500c,call,75.0,6.46,2026-08-27,1,0.2939803433064383,6.565450515255247,0.10545051525524674,6.567942308193206,0.1079423081932056,9.804797976473557,3.344797976473557
2026-08-28,2027-09,jaou7_7542c,call,75.42,6.3,2026-08-27,1,0.2935120573979796,6.404972159270141,0.10497215927014114,6.409510341220398,0.1095103412203979,9.659021969269364,3.3590219692693646
2026-08-28,2027-09,jaou7_7550c,call,75.5,6.27,2026-08-27,1,0.2934284694955986,6.374881227771113,0.10488122777111375,6.3797347616419975,0.1097347616419979,9.631482255977886,3.3614822559778865
2026-08-28,2027-09,jaou7_7600c,call,76.0,6.09,2026-08-27,1,0.2930943226631309,6.194311223508405,0.10431122350840472,6.1965276370577,0.1065276370576997,9.460982106535518,3.370982106535518
2026-08-28,2027-09,jaou7_7610c,call,76.1,6.05,2026-08-27,1,0.2928649167035054,6.1542014684691395,0.10420146846913969,6.160480736475695,0.1104807364756954,9.427203070329146,3.377203070329146
2026-08-28,2027-09,jaou7_7705c,call,77.05,5.72,2026-08-27,1,0.2922179045663159,5.823135606655404,0.10313560665540411,5.827782293004451,0.1077822930044511,9.111716628786812,3.391716628786813
2026-08-28,2027-09,jaou7_7710c,call,77.1,5.7,2026-08-27,1,0.292438655105464,5.81307566787907,0.11307566787906964,5.81075536358504,0.1107553635850395,9.095387409866378,3.3953874098663777
2026-08-28,2027-09,jaou7_7725c,call,77.25,5.65,2026-08-27,1,0.2923626815441459,5.762909243614775,0.11290924361477472,5.759961418855422,0.1099614188554216,9.046547469914008,3.396547469914008
2026-08-28,2027-09,jaou7_5800p,put,58.0,3.34,2026-08-27,1,0.3299474762828959,3.417642274055206,0.07764227405520607,3.426869431381282,0.0868694313812827,5.185159526379292,1.845159526379292
2026-08-28,2027-09,jaou7_5900p,put,59.0,3.6,2026-08-27,1,0.3268007754893289,3.6758554158840653,0.07585541588406519,3.683909843381105,0.0839098433811051,5.566453309799607,1.9664533097996075
2026-08-28,2027-09,jaou7_6000p,put,60.0,3.88,2026-08-27,1,0.3239603226948461,3.9539973291168984,0.07399732911689849,3.9576923957199455,0.0776923957199455,5.962663405781961,2.082663405781961
2026-08-28,2027-09,jaou7_6200p,put,62.0,4.48,2026-08-27,1,0.3186057336720993,4.56013296244687,0.08013296244686963,4.557530122136789,0.077530122136789,6.800995080954415,2.320995080954414
2026-08-28,2027-09,jaou7_6420p,put,64.2,5.21,2026-08-27,1,0.3131384269146398,5.305684433985872,0.09568443398587245,5.301395846387205,0.0913958463872051,7.791960896525332,2.581960896525332
2026-08-28,2027-09,jaou7_6500p,put,65.0,5.5,2026-08-27,1,0.3110980275975523,5.594034281635181,0.09403428163518068,5.594455724542068,0.094455724542068,8.169322809834629,2.669322809834629
2026-08-28,2027-09,jaou7_6750p,put,67.5,6.49,2026-08-27,1,0.3054274461340731,6.578724135620028,0.08872413562002812,6.589802904349574,0.0998029043495734,9.406674888640223,2.916674888640223
2026-08-28,2027-09,jaou7_6800p,put,68.0,6.7,2026-08-27,1,0.3046637220224836,6.7976238600924646,0.09762386009246438,6.80349514908106,0.10349514908106,9.664186178163828,2.9641861781638275
2026-08-28,2027-09,jaou7_6900p,put,69.0,7.14,2026-08-27,1,0.3026620766826309,7.235443812362609,0.09544381236260957,7.245597972309616,0.1055979723096163,10.1896015879975,3.0496015879975
2026-08-28,2027-09,jaou7_7000p,put,70.0,7.6,2026-08-27,1,0.300784380842127,7.693246147656604,0.093246147656604,7.707339298987215,0.107339298987215,10.728740776894297,3.128740776894297
2026-08-28,2027-09,jaou7_7400p,put,74.0,9.65,2026-08-27,1,0.2951945369677716,9.744356050188273,0.09435605018827253,9.749024954604629,0.0990249546046264,13.012282881599733,3.3622828815997323
2026-08-28,2027-09,jaou7_7450p,put,74.5,9.93,2026-08-27,1,0.2946345090128138,10.0232481319636,0.09324813196360004,10.025772044746745,0.0957720447467451,13.311075533431763,3.381075533431764
2026-08-28,2027-09,jaou7_7500p,put,75.0,10.21,2026-08-27,1,0.2942892792909553,10.312137839849782,0.10213783984978164,10.307195644752715,0.0971956447527162,13.61282126735018,3.4028212673501788
2026-08-28,2028-03,jaoh8_6151c,call,61.51,12.44,2026-08-27,1,0.2785443941762994,12.5413240078988,0.1013240078987998,12.547579824253464,0.1075798242534649,16.40823686760538,3.9682368676053783
2026-08-28,2028-03,jaoh8_6200c,call,62.0,12.15,2026-08-27,1,0.2774360498289731,12.251239870780553,0.10123987078055308,12.256723311959805,0.1067233119598025,16.1849212767997,4.0349212767996985
2026-08-28,2028-03,jaoh8_6420c,call,64.2,10.89,2026-08-27,1,0.2727699990651551,11.000718302604426,0.11071830260442539,11.006713181415156,0.1167131814151556,15.215965141885414,4.325965141885414
2026-08-28,2028-03,jaoh8_6500c,call,65.0,10.46,2026-08-27,1,0.2712976918577381,10.57046542104585,0.11046542104584844,10.575139961032384,0.1151399610323835,14.877187725504326,4.417187725504325
2026-08-28,2028-03,jaoh8_6600c,call,66.0,9.94,2026-08-27,1,0.2695803107602241,10.050110229849011,0.11011022984901153,10.053089967630228,0.113089967630227,14.463316554926871,4.523316554926872
2026-08-28,2028-03,jaoh8_6775c,call,67.75,9.07,2026-08-27,1,0.2669863200277038,9.18938831580396,0.1193883158039597,9.186235867171536,0.1162358671715342,13.764815711455864,4.694815711455863
2026-08-28,2028-03,jaoh8_6875c,call,68.75,8.6,2026-08-27,1,0.2655031377775116,8.718942926042082,0.11894292604208268,8.717568036009695,0.1175680360096951,13.380241649152708,4.780241649152709
2026-08-28,2028-03,jaoh8_6890c,call,68.9,8.53,2026-08-27,1,0.2652539796826522,8.648876148744892,0.11887614874489216,8.648934632474075,0.1189346324740761,13.323485494217396,4.793485494217396
2026-08-28,2028-03,jaoh8_7000c,call,70.0,8.03,2026-08-27,1,0.2638265680947119,8.158344986683128,0.12834498668312833,8.158835146599147,0.1288351465991475,12.91436331263584,4.884363312635841
2026-08-28,2028-03,jaoh8_7110c,call,71.1,7.55,2026-08-27,1,0.2624375699705666,7.687791398806465,0.13779139880646518,7.691805122644398,0.1418051226443983,12.517126466064536,4.967126466064536
2026-08-28,2028-03,jaoh8_7275c,call,72.75,6.88,2026-08-27,1,0.2606714551319783,7.026913594203557,0.1469135942035571,7.03378227191488,0.1537822719148796,11.943579179919222,5.063579179919223
2026-08-28,2028-03,jaoh8_7340c,call,73.4,6.63,2026-08-27,1,0.25993426310661,6.776563149543738,0.14656314954373784,6.788306220684582,0.1583062206845822,11.724765686348857,5.094765686348857
2026-08-28,2028-03,jaoh8_7450c,call,74.5,6.22,2026-08-27,1,0.2592712215872107,6.385936216913222,0.1659362169132219,6.390181755514689,0.1701817555146894,11.362861008381849,5.142861008381849
2026-08-28,2028-03,jaoh8_7500c,call,75.0,6.05,2026-08-27,1,0.25870146550376,6.20566268428563,0.15566268428563035,6.216280594076266,0.1662805940762659,11.201900967065804,5.151900967065804
2026-08-28,2028-03,jaoh8_7550c,call,75.5,5.88,2026-08-27,1,0.2586444981692204,6.0453667321808835,0.1653667321808836,6.046717728812393,0.1667177288123928,11.043221328694228,5.163221328694228
2026-08-28,2028-03,jaoh8_7670c,call,76.7,5.49,2026-08-27,1,0.2578679855844566,5.654685969843612,0.16468596984361206,5.6571153581761,0.1671153581760993,10.671332419896707,5.181332419896707
2026-08-28,2028-03,jaoh8_7700c,call,77.0,5.4,2026-08-27,1,0.2578117326355522,5.564511519142002,0.16451151914200146,5.563468029856801,0.1634680298568005,10.580344039240137,5.180344039240136
2026-08-28,2028-03,jaoh8_7775c,call,77.75,5.18,2026-08-27,1,0.2576614471343296,5.344078719652647,0.16407871965264764,5.335767024207094,0.1557670242070941,10.356347875512329,5.176347875512329
2026-08-28,2028-03,jaoh8_5740p,put,57.4,3.82,2026-08-27,1,0.2872273360354476,3.9181704747806556,0.09817047478065577,3.927556470034713,0.1075564700347126,7.229327176374912,3.409327176374912
2026-08-28,2028-03,jaoh8_5900p,put,59.0,4.28,2026-08-27,1,0.2835722842601931,4.385281985414007,0.10528198541400702,4.384427981339119,0.1044279813391186,7.927774812546469,3.647774812546469
2026-08-28,2028-03,jaoh8_6000p,put,60.0,4.58,2026-08-27,1,0.2812310175265784,4.693424172312593,0.11342417231259283,4.692071136105103,0.1120711361051025,8.380008833333747,3.800008833333747
2026-08-28,2028-03,jaoh8_6165p,put,61.65,5.12,2026-08-27,1,0.2772991175215904,5.2302710273406126,0.11027102734061245,5.238001580896801,0.1180015808968004,9.152063924950282,4.032063924950282
2026-08-28,2028-03,jaoh8_6200p,put,62.0,5.24,2026-08-27,1,0.2768356887493663,5.359551868895952,0.11955186889595204,5.360050752990771,0.120050752990771,9.319892765205918,4.079892765205917
2026-08-28,2028-03,jaoh8_6250p,put,62.5,5.42,2026-08-27,1,0.2755108339617164,5.5285797430651975,0.10857974306519758,5.538247061178698,0.1182470611786978,9.56210401078574,4.14210401078574
2026-08-28,2028-03,jaoh8_6500p,put,65.0,6.37,2026-08-27,1,0.2711064311522266,6.493372825310405,0.12337282531040472,6.4978584624023705,0.1278584624023704,10.81550420855863,4.445504208558631
2026-08-28,2028-03,jaoh8_6600p,put,66.0,6.79,2026-08-27,1,0.2695150627257542,6.911218579400174,0.12121857940017389,6.914067149725209,0.1240671497252092,11.33608136953054,4.54608136953054
2026-08-28,2028-03,jaoh8_6750p,put,67.5,7.45,2026-08-27,1,0.2671553907976144,7.5679328085275825,0.11793280852758237,7.573263451057344,0.123263451057344,12.137072996049037,4.687072996049037
2026-08-28,2028-03,jaoh8_7000p,put,70.0,8.63,2026-08-27,1,0.2639227559197648,8.762290000697423,0.13229000069742192,8.764617276257628,0.1346172762576269,13.524921453436956,4.894921453436956
2026-08-28,2028-03,jaoh8_7450p,put,74.5,11.05,2026-08-27,1,0.2592711463762703,11.191842208858304,0.14184220885830356,11.193657854892647,0.1436578548926483,16.1784366411551,5.128436641155098
2026-08-28,2028-09,jaou8_6151c,call,61.51,11.94,2026-08-27,1,0.2578084394386267,12.038622323551195,0.09862232355119538,12.048000198477071,0.1080001984770735,17.19874468997505,5.258744689975051
2026-08-28,2028-09,jaou8_6500c,call,65.0,9.99,2026-08-27,1,0.248393300918833,10.100752608813966,0.11075260881396609,10.094724448715176,0.1047244487151743,15.816125490598294,5.826125490598294
2026-08-28,2028-09,jaou8_6570c,call,65.7,9.63,2026-08-27,1,0.2465002432157104,9.731116633333075,0.10111663333307419,9.73338327466599,0.1033832746659886,15.553112016395168,5.923112016395168
2026-08-28,2028-09,jaou8_6600c,call,66.0,9.47,2026-08-27,1,0.2458797928039045,9.581245308796305,0.11124530879630434,9.581677827508631,0.1116778275086325,15.441788884267924,5.971788884267923
2026-08-28,2028-09,jaou8_6650c,call,66.5,9.22,2026-08-27,1,0.2447642776919099,9.33146068451692,0.11146068451691882,9.333050702321602,0.1130507023216011,15.258116621623712,6.038116621623711
2026-08-28,2028-09,jaou8_6775c,call,67.75,8.61,2026-08-27,1,0.2419662299469694,8.721956711722989,0.11195671172298916,8.734555462691324,0.1245554626913243,14.80872087805227,6.198720878052271
2026-08-28,2028-09,jaou8_7000c,call,70.0,7.6,2026-08-27,1,0.2381232894266013,7.722581745887425,0.12258174588742499,7.739987593379928,0.1399875933799288,14.03404930809269,6.434049308092691
2026-08-28,2028-09,jaou8_7110c,call,71.1,7.16,2026-08-27,1,0.2368734627822743,7.282767331948468,0.12276733194846745,7.291981455939744,0.1319814559397443,13.670539770921838,6.510539770921838
2026-08-28,2028-09,jaou8_7275c,call,72.75,6.53,2026-08-27,1,0.2352079609989808,6.662967144729202,0.1329671447292018,6.665928754213254,0.1359287542132534,13.143056774664316,6.613056774664316
2026-08-28,2028-09,jaou8_7340c,call,73.4,6.3,2026-08-27,1,0.2346553211281183,6.433019286795617,0.13301928679561748,6.434106630225739,0.1341066302257392,12.940976682204068,6.640976682204069
2026-08-28,2028-09,jaou8_7450c,call,74.5,5.93,2026-08-27,1,0.2338866507746242,6.063074077904698,0.13307407790469838,6.060341803334442,0.1303418033344421,12.60645877654358,6.67645877654358
2026-08-28,2028-09,jaou8_7500c,call,75.0,5.77,2026-08-27,1,0.2336147646922882,5.903085488718511,0.13308548871851134,5.8979994845779125,0.1279994845779128,12.457451341359109,6.687451341359109
2026-08-28,2028-09,jaou8_7560c,call,75.6,5.59,2026-08-27,1,0.2332202952171056,5.713099199845322,0.12309919984532236,5.709281738620821,0.1192817386208213,12.2811128012416,6.6911128012416
2026-08-28,2028-09,jaou8_7670c,call,76.7,5.26,2026-08-27,1,0.2326699208352168,5.383096987084144,0.12309698708414452,5.380151032815691,0.1201510328156914,11.964584939830802,6.704584939830802
2026-08-28,2028-09,jaou8_7925c,call,79.25,4.57,2026-08-27,1,0.231874553653843,4.693002914635397,0.12300291463539637,4.696804157667823,0.1268041576678227,11.262916885828092,6.692916885828092
2026-08-28,2028-09,jaou8_8000c,call,80.0,4.38,2026-08-27,1,0.231882442909849,4.512948915896199,0.13294891589619873,4.515768722849376,0.1357687228493764,11.064621200149386,6.684621200149386
2026-08-28,2028-09,jaou8_5000p,put,50.0,2.66,2026-08-27,1,0.2848799159500547,2.7489805357826285,0.08898053578262832,2.7828191555273065,0.1228191555273063,5.910727143617554,3.2507271436175538
2026-08-28,2028-09,jaou8_5500p,put,55.0,3.84,2026-08-27,1,0.2728573377595087,3.931725883636272,0.09172588363627199,3.9145536133296144,0.0745536133296145,7.933197766569601,4.0931977665696015
2026-08-28,2028-09,jaou8_5700p,put,57.0,4.39,2026-08-27,1,0.2681887580334106,4.488483336427246,0.09848333642724594,4.457763468519397,0.0677634685193977,8.82048157154439,4.43048157154439
2026-08-28,2028-09,jaou8_5740p,put,57.4,4.5,2026-08-27,1,0.2673310787028007,4.607803770032996,0.10780377003299613,4.5730243360809,0.0730243360809002,9.003065707974015,4.503065707974015
2026-08-28,2028-09,jaou8_6165p,put,61.65,5.84,2026-08-27,1,0.2566153725596479,5.950329301634641,0.11032930163464094,5.940334492111461,0.100334492111461,11.044245058282687,5.204245058282687
2026-08-28,2028-09,jaou8_6200p,put,62.0,5.96,2026-08-27,1,0.2556921918571658,6.069682639603768,0.10968263960376845,6.06489692338518,0.1048969233851799,11.220346777261366,5.260346777261366
2026-08-28,2028-09,jaou8_6250p,put,62.5,6.13,2026-08-27,1,0.2542459877850949,6.238764238529256,0.10876423852925576,6.246078867422303,0.1160788674223027,11.473999827626985,5.343999827626985
2026-08-28,2028-09,jaou8_6500p,put,65.0,7.05,2026-08-27,1,0.2479615245267483,7.163898626179666,0.11389862617966617,7.209777165090575,0.159777165090575,12.778617352160753,5.728617352160753
2026-08-28,2028-09,jaou8_6750p,put,67.5,8.08,2026-08-27,1,0.2424059217110687,8.19869079666664,0.11869079666663929,8.271181941954845,0.191181941954845,14.143028232303292,6.063028232303292
2026-08-28,2028-09,jaou8_7000p,put,70.0,9.26,2026-08-27,1,0.2383141037292597,9.37309681352586,0.11309681352586054,9.431237152484288,0.1712371524842879,15.562580032660131,6.302580032660131
2026-08-28,2028-09,jaou8_7450p,put,74.5,11.73,2026-08-27,1,0.2346216292382903,11.842240146976067,0.11224014697606677,11.766301868203032,0.0363018682030311,18.24442447781551,6.51442447781551
2026-08-31,2026-09,jaou6_9100c,call,91.0,0.72,2026-08-28,3,0.4380505505442216,0.6691209829862126,-0.050879017013787387,0.6327758858291014,-0.0872241141708985,0.5731301436125165,-0.1468698563874835
2026-08-31,2026-09,jaou6_9150c,call,91.5,0.64,2026-08-28,3,0.440683021084659,0.595289956237314,-0.04471004376268606,0.5587209276555208,-0.0812790723444791,0.4957953223241378,-0.1442046776758622
2026-08-31,2026-09,jaou6_9196c,call,91.96,0.58,2026-08-28,3,0.443610754053996,0.5359303457853906,-0.0440696542146094,0.4978072394410701,-0.0821927605589298,0.4325418152249048,-0.1474581847750951
2026-08-31,2026-09,jaou6_9200c,call,92.0,0.57,2026-08-28,3,0.4449131303094457,0.5347428821192023,-0.03525711788079766,0.4928165502051005,-0.0771834497948993,0.4273905517611596,-0.1426094482388403
2026-08-31,2026-09,jaou6_9225c,call,92.25,0.54,2026-08-28,3,0.4465428342113283,0.5051978133414501,-0.03480218665854995,0.4626802068192246,-0.0773197931807753,0.3963988337889514,-0.1436011662110486
2026-08-31,2026-09,jaou6_9250c,call,92.5,0.51,2026-08-28,3,0.4478290476825148,0.4761055021165185,-0.033894497883481534,0.4342981997696546,-0.0757018002303453,0.3673755874277934,-0.1426244125722066
2026-08-31,2026-09,jaou6_9435c,call,94.35,0.33,2026-08-28,3,0.4569177788875366,0.3042275710318502,-0.025772428968149796,0.2706416865999443,-0.0593583134000557,0.203635585488981,-0.126364414511019
2026-08-31,2026-09,jaou6_9500c,call,95.0,0.29,2026-08-28,3,0.4610609494364536,0.26157619397073556,-0.02842380602926442,0.2289820773398985,-0.0610179226601014,0.163790349906274,-0.1262096500937259
2026-08-31,2026-09,jaou6_9800c,call,98.0,0.14,2026-08-28,3,0.4766343789317684,0.12580305569112815,-0.014196944308871862,0.1063510012512495,-0.0336489987487504,0.0552606237432483,-0.0847393762567517
2026-08-31,2026-09,jaou6_10000c,call,100.0,0.09,2026-08-28,3,0.4953368636238818,0.08548226051629192,-0.00451773948370808,0.0646465396705012,-0.0253534603294987,0.0249686883923579,-0.0650313116076421
2026-08-31,2026-09,jaou6_10205c,call,102.05,0.06,2026-08-28,3,0.502182647703887,0.05006332028155611,-0.009936679718443885,0.0395640596470244,-0.0204359403529755,0.0101868396146762,-0.0498131603853237
2026-08-31,2026-09,jaou6_10240c,call,102.4,0.05,2026-08-28,3,0.5090820122156672,0.04939842054636433,-0.0006015794536356756,0.0364684735701841,-0.0135315264298158,0.0086685651299788,-0.0413314348700212
2026-08-31,2026-09,jaou6_10300c,call,103.0,0.05,2026-08-28,3,0.5050000418890168,0.03880906914386861,-0.01119093085613139,0.0317705843858342,-0.0182294156141657,0.0065172844080161,-0.0434827155919839
2026-08-31,2026-09,jaou6_10500c,call,105.0,0.03,2026-08-28,3,0.5226181108503626,0.02715478376480311,-0.0028452162351968874,0.0204112989728297,-0.0095887010271702,0.0023522005758568,-0.0276477994241432
2026-08-31,2026-09,jaou6_10520c,call,105.2,0.03,2026-08-28,3,0.5261926041302499,0.026969440937269405,-0.0030305590627305937,0.0195579932090076,-0.0104420067909923,0.0021069403619581,-0.0278930596380419
2026-08-31,2026-09,jaou6_10825c,call,108.25,0.02,2026-08-28,3,0.5522095631838903,0.016254125256198394,-0.003745874743801607,0.0105846391799075,-0.0094153608200924,0.0003373374129177,-0.0196626625870823
2026-08-31,2026-09,jaou6_7200p,put,72.0,0.03,2026-08-28,3,0.4384296897997883,0.016967616239817573,-0.013032383760182426,0.0232166810064224,-0.0067833189935775,0.0100156104562302,-0.0199843895437697
2026-08-31,2026-09,jaou6_7400p,put,74.0,0.07,2026-08-28,3,0.4230845083872208,0.0410422997415445,-0.02895770025845551,0.0511335452702557,-0.0188664547297442,0.0350700050464342,-0.0349299949535658
2026-08-31,2026-09,jaou6_7450p,put,74.5,0.09,2026-08-28,3,0.4213064380138339,0.0522749316425255,-0.037725068357474495,0.0625087970066644,-0.0274912029933355,0.0463804602169614,-0.0436195397830386
2026-08-31,2026-09,jaou6_7500p,put,75.0,0.1,2026-08-28,3,0.4171424784910586,0.06397028571842789,-0.03602971428157212,0.0764264428148546,-0.0235735571851453,0.0607857433407771,-0.0392142566592229
2026-08-31,2026-09,jaou6_7600p,put,76.0,0.15,2026-08-28,3,0.4128334033440276,0.09977919330905216,-0.05022080669094783,0.1140269078651154,-0.0359730921348845,0.1009893354992714,-0.0490106645007285
2026-08-31,2026-09,jaou6_7750p,put,77.5,0.25,2026-08-28,3,0.4094237483106284,0.19167725563859328,-0.05832274436140672,0.205053653883743,-0.0449463461162569,0.200141382477679,-0.049858617522321
2026-08-31,2026-09,jaou6_7800p,put,78.0,0.3,2026-08-28,3,0.4080606056744165,0.23432973612024988,-0.06567026387975011,0.2479594448580693,-0.0520405551419306,0.2468911960543268,-0.0531088039456731
2026-08-31,2026-09,jaou6_8000p,put,80.0,0.59,2026-08-28,3,0.4056841336082592,0.5005845626723753,-0.08941543732762469,0.5096813298186875,-0.0803186701813124,0.5279704480810904,-0.0620295519189095
2026-08-31,2026-09,jaou6_8200p,put,82.0,1.07,2026-08-28,3,0.4081335784871934,0.9789432374422313,-0.09105676255776873,0.9696402405605752,-0.1003597594394249,1.0032800630822345,-0.0667199369177655
2026-08-31,2026-09,jaou6_8250p,put,82.5,1.23,2026-08-28,3,0.4088890645125628,1.1370939021225044,-0.0929060978774956,1.123536692442233,-0.106463307557767,1.1591798744271888,-0.0708201255728111
2026-08-31,2026-10,jaov6_9200c,call,92.0,2.06,2026-08-28,3,0.4571053244752092,2.076604046659512,0.016604046659511873,1.9643310464293449,-0.0956689535706551,1.6678793423569669,-0.3921206576430331
2026-08-31,2026-10,jaov6_9225c,call,92.25,2.01,2026-08-28,3,0.4579343200398549,2.026729165483754,0.016729165483754027,1.917767070674548,-0.0922329293254518,1.615087960609611,-0.3949120393903889
2026-08-31,2026-10,jaov6_9348c,call,93.48,1.79,2026-08-28,3,0.4623880759527963,1.8013617565681228,0.011361756568122772,1.7047725230072932,-0.0852274769927068,1.3752174663495766,-0.4147825336504234
2026-08-31,2026-10,jaov6_9353c,call,93.53,1.78,2026-08-28,3,0.4621804676781412,1.7893184948834504,0.009318494883450379,1.696654067959135,-0.0833459320408647,1.3661435152381485,-0.4138564847618515
2026-08-31,2026-10,jaov6_9435c,call,94.35,1.65,2026-08-28,3,0.4661394086095074,1.6625607821477055,0.012560782147705618,1.569144511709874,-0.0808554882901257,1.2243950984226062,-0.4256049015773937
2026-08-31,2026-10,jaov6_9800c,call,98.0,1.17,2026-08-28,3,0.4819122456063521,1.1941432882227256,0.02414328822272571,1.1133853114698322,-0.0566146885301677,0.735706929571214,-0.4342930704287859
2026-08-31,2026-10,jaov6_9911c,call,99.11,1.05,2026-08-28,3,0.4864358523739255,1.0801943603669133,0.030194360366913253,1.0049238430579426,-0.0450761569420574,0.625665009996457,-0.424334990003543
2026-08-31,2026-10,jaov6_9955c,call,99.55,1.01,2026-08-28,3,0.4870543931625823,1.030548968093984,0.0205489680939841,0.9651803237816684,-0.0448196762183316,0.5863486329764053,-0.4236513670235947
2026-08-31,2026-10,jaov6_10000c,call,100.0,0.97,2026-08-28,3,0.4892583678929084,0.9922013720093453,0.022201372009345355,0.9263155351246396,-0.0436844648753602,0.5485357547140045,-0.4214642452859954
2026-08-31,2026-10,jaov6_10205c,call,102.05,0.8,2026-08-28,3,0.4975786259676074,0.8274250088592822,0.02742500885928212,0.7699041941467853,-0.0300958058532146,0.403011158095605,-0.396988841904395
2026-08-31,2026-10,jaov6_10240c,call,102.4,0.78,2026-08-28,3,0.4989375025444907,0.8021214298957079,0.022121429895707867,0.7462653490915117,-0.0337346509084883,0.3819074958989445,-0.3980925041010555
2026-08-31,2026-10,jaov6_10300c,call,103.0,0.74,2026-08-28,3,0.5018224058476715,0.7637956865452625,0.02379568654526254,0.7076138246633868,-0.0323861753366131,0.3479189982622925,-0.3920810017377075
2026-08-31,2026-10,jaov6_10500c,call,105.0,0.62,2026-08-28,3,0.5110650804180705,0.649171146376236,0.029171146376235968,0.5942114601074684,-0.0257885398925316,0.253366431484097,-0.366633568515903
2026-08-31,2026-10,jaov6_10800c,call,108.0,0.48,2026-08-28,3,0.5240370627217903,0.5098887058313067,0.02988870583130676,0.4608896607910914,-0.0191103392089085,0.1555299536551374,-0.3244700463448626
2026-08-31,2026-10,jaov6_11500c,call,115.0,0.28,2026-08-28,3,0.5520348546483577,0.29683680744740243,0.016836807447402402,0.2649631343941377,-0.0150368656058623,0.0471731405846737,-0.2328268594153263
2026-08-31,2026-10,jaov6_12100c,call,121.0,0.19,2026-08-28,3,0.5769436751231292,0.19756503893165384,0.0075650389316538336,0.1724234342082382,-0.0175765657917617,0.0162586662891201,-0.1737413337108799
2026-08-31,2026-10,jaov6_12500c,call,125.0,0.14,2026-08-28,3,0.5968504993198989,0.16010361976157947,0.020103619761579455,0.1324408899697121,-0.0075591100302878,0.0077007747911818,-0.1322992252088182
2026-08-31,2026-10,jaov6_16000c,call,160.0,0.03,2026-08-28,3,0.7228474671963143,0.030583964140384577,0.0005839641403845783,0.0252222084526322,-0.0047777915473677,1.5884255704920636e-05,-0.029984115744295
2026-08-31,2026-10,jaov6_7200p,put,72.0,0.85,2026-08-28,3,0.4103972136109348,0.772715986190601,-0.07728401380939898,0.7772266201666742,-0.0727733798333257,0.7891617985258043,-0.0608382014741957
2026-08-31,2026-10,jaov6_7400p,put,74.0,1.21,2026-08-28,3,0.4083598503237662,1.126713347522882,-0.08328665247711786,1.131229466820736,-0.0787705331792638,1.160886444994019,-0.0491135550059809
2026-08-31,2026-10,jaov6_7450p,put,74.5,1.32,2026-08-28,3,0.407992027998431,1.2326177503477442,-0.08738224965225583,1.2378783294358318,-0.0821216705641683,1.2709905043593412,-0.0490094956406588
2026-08-31,2026-10,jaov6_7500p,put,75.0,1.43,2026-08-28,3,0.4078485387873159,1.3473746045880404,-0.08262539541195957,1.3524275638526806,-0.0775724361473193,1.3884871621066837,-0.0415128378933162
2026-08-31,2026-10,jaov6_7600p,put,76.0,1.69,2026-08-28,3,0.4080989874713855,1.6040276503477022,-0.08597234965229772,1.606390897159769,-0.083609102840231,1.646073082649247,-0.043926917350753
2026-08-31,2026-10,jaov6_7800p,put,78.0,2.31,2026-08-28,3,0.4111102790678228,2.238758381920931,-0.07124161807906892,2.220755085866365,-0.0892449141336348,2.256127071126633,-0.0538729288733672
2026-08-31,2026-10,jaov6_8000p,put,80.0,3.08,2026-08-28,3,0.4156436191824764,3.030647077490616,-0.04935292250938428,2.9865891587336995,-0.0934108412663006,3.00167399974453,-0.0783260002554699
2026-08-31,2026-10,jaov6_8200p,put,82.0,4.01,2026-08-28,3,0.4210549683982689,3.9769712343055756,-0.033028765694424145,3.908897621420408,-0.1011023785795917,3.8890569118836416,-0.1209430881163582
2026-08-31,2026-10,jaov6_9000p,put,90.0,9.12,2026-08-28,3,0.4489272613819641,9.126772234694132,0.006772234694132351,9.028166543957626,-0.091833456042373,8.774825009630208,-0.3451749903697916
2026-08-31,2026-11,jaox6_8950c,call,89.5,3.34,2026-08-28,3,0.4394472687310182,3.337219542308185,-0.002780457691814675,3.245633043900373,-0.0943669560996269,3.0479679910104185,-0.2920320089895813
2026-08-31,2026-11,jaox6_9000c,call,90.0,3.22,2026-08-28,3,0.4409196783680986,3.2195323279428587,-0.0004676720571414883,3.129706704056635,-0.0902932959433653,2.9147106715094755,-0.3052893284905247
2026-08-31,2026-11,jaox6_9025c,call,90.25,3.16,2026-08-28,3,0.4415409707261084,3.160796861954835,0.0007968619548348599,3.0733847342881857,-0.0866152657118144,2.8498771645372534,-0.3101228354627467
2026-08-31,2026-11,jaox6_9100c,call,91.0,2.99,2026-08-28,3,0.4446058836334627,3.0062571296579423,0.016257129657942126,2.910764595573585,-0.0792354044264151,2.6625296975778885,-0.3274703024221117
2026-08-31,2026-11,jaox6_9196c,call,91.96,2.79,2026-08-28,3,0.4473029332504382,2.8055634065055877,0.01556340650558763,2.7158883026521674,-0.0741116973478326,2.4380570612004577,-0.3519429387995423
2026-08-31,2026-11,jaox6_9200c,call,92.0,2.78,2026-08-28,3,0.4479987169112452,2.804788211925017,0.024788211925017123,2.7080789332352078,-0.0719210667647924,2.4290718321552847,-0.3509281678447151
2026-08-31,2026-11,jaox6_9225c,call,92.25,2.73,2026-08-28,3,0.4480264630551108,2.746567643152723,0.016567643152722855,2.659816580791226,-0.070183419208774,2.373562242596176,-0.3564377574038238
2026-08-31,2026-11,jaox6_9348c,call,93.48,2.51,2026-08-28,3,0.4520048282269641,2.5209084994294444,0.010908499429444607,2.435590147204372,-0.074409852795628,2.11624418359108,-0.3937558164089196
2026-08-31,2026-11,jaox6_9353c,call,93.53,2.5,2026-08-28,3,0.4528259368550751,2.5200676988395045,0.020067698839504544,2.426923161260269,-0.0730768387397309,2.106326708431821,-0.3936732915681791
2026-08-31,2026-11,jaox6_9435c,call,94.35,2.36,2026-08-28,3,0.4551752959047671,2.3776579944132163,0.01765799441321647,2.289524758602338,-0.0704752413976619,1.949471745811793,-0.4105282541882069
2026-08-31,2026-11,jaox6_9911c,call,99.11,1.7,2026-08-28,3,0.47149018119219,1.7314385019511966,0.031438501951196685,1.6455363501039173,-0.0544636498960826,1.2261410948454003,-0.4738589051545996
2026-08-31,2026-11,jaox6_10000c,call,100.0,1.6,2026-08-28,3,0.4735004164132905,1.6243138534574721,0.024313853457472057,1.5497046099466278,-0.0502953900533722,1.1214502836159967,-0.4785497163840033
2026-08-31,2026-11,jaox6_10205c,call,102.05,1.4,2026-08-28,3,0.481214507815159,1.4311696729133458,0.031169672913345936,1.352870681883573,-0.0471293181164269,0.9107248744536404,-0.4892751255463595
2026-08-31,2026-11,jaox6_10240c,call,102.4,1.36,2026-08-28,3,0.4819049322593908,1.395473954617672,0.03547395461767189,1.322311039058833,-0.037688960941167,0.8785592161980879,-0.4814407838019122
2026-08-31,2026-11,jaox6_10500c,call,105.0,1.16,2026-08-28,3,0.4910527623285827,1.190336926040837,0.030336926040837042,1.1195730624337497,-0.0404269375662502,0.6697517887753689,-0.490248211224631
2026-08-31,2026-11,jaox6_10800c,call,108.0,0.96,2026-08-28,3,0.5014972588550792,0.9971063696494771,0.03710636964947711,0.930935093042125,-0.029064906957875,0.4850244370466657,-0.4749755629533342
2026-08-31,2026-11,jaox6_7200p,put,72.0,2.03,2026-08-28,3,0.4021664819245203,1.926681901540496,-0.1033180984595039,1.9106876967785933,-0.1193123032214065,2.0787375939629547,0.0487375939629548
2026-08-31,2026-11,jaox6_7400p,put,74.0,2.62,2026-08-28,3,0.4024028564610465,2.518884254224508,-0.1011157457754921,2.5068478686159086,-0.1131521313840915,2.683184525992584,0.0631845259925838
2026-08-31,2026-11,jaox6_7450p,put,74.5,2.78,2026-08-28,3,0.4030465689350803,2.690718265085809,-0.089281734914191,2.6743556641561854,-0.1056443358438143,2.850832933121972,0.0708329331219723
2026-08-31,2026-11,jaox6_7500p,put,75.0,2.96,2026-08-28,3,0.40312844469797,2.8628806638902953,-0.09711933610970469,2.8494386627149018,-0.1105613372850982,3.025294542867216,0.0652945428672162
2026-08-31,2026-11,jaox6_7600p,put,76.0,3.33,2026-08-28,3,0.404693924644617,3.245785666374026,-0.08421433362597419,3.222587039838217,-0.107412960161783,3.3943273908342664,0.0643273908342663
2026-08-31,2026-11,jaox6_7800p,put,78.0,4.16,2026-08-28,3,0.4073225122836489,4.092266004177292,-0.06773399582270834,4.061761462713552,-0.0982385372864484,4.213635958198245,0.053635958198245
2026-08-31,2026-11,jaox6_8000p,put,80.0,5.12,2026-08-28,3,0.4119261774249445,5.080765128645145,-0.03923487135485537,5.024417205301252,-0.0955827946987479,5.142181211352339,0.0221812113523389
2026-08-31,2026-11,jaox6_8200p,put,82.0,6.2,2026-08-28,3,0.4160784035244667,6.174660848070701,-0.025339151929299142,6.107102191714283,-0.0928978082857172,6.177478673949449,-0.0225213260505512
2026-08-31,2026-11,jaox6_9000p,put,90.0,11.56,2026-08-28,3,0.43656249067485,11.56748354734674,0.007483547346739172,11.484202762567492,-0.0757972374325071,11.305385727015915,-0.2546142729840852
2026-08-31,2027-03,jaoh7_7900c,call,79.0,6.04,2026-08-28,3,0.3500977915456,5.978426925652688,-0.061573074347312406,5.964951618934703,-0.0750483810652973,7.366220704698918,1.326220704698918
2026-08-31,2027-03,jaoh7_8000c,call,80.0,5.68,2026-08-28,3,0.3505241477656513,5.627117890700825,-0.05288210929917447,5.613319149004694,-0.066680850995306,7.00080337546653,1.3208033754665305
2026-08-31,2027-03,jaoh7_8025c,call,80.25,5.6,2026-08-28,3,0.3506196615979399,5.5418785689268875,-0.058121431073112184,5.528717409020174,-0.071282590979826,6.911986914856859,1.3119869148568597
2026-08-31,2027-03,jaoh7_8075c,call,80.75,5.43,2026-08-28,3,0.3511387588044997,5.3816299169211055,-0.04837008307889423,5.363396356909261,-0.0666036430907386,6.737197694029085,1.3071976940290853
2026-08-31,2027-03,jaoh7_8100c,call,81.0,5.35,2026-08-28,3,0.3510805509484335,5.2964503427547,-0.053549657245299365,5.282651968509435,-0.0673480314905647,6.651177812265924,1.3011778122659248
2026-08-31,2027-03,jaoh7_8102c,call,81.02,5.35,2026-08-28,3,0.3513837063077686,5.296152299707632,-0.053847700292367406,5.276247038731238,-0.0737529612687613,6.644335814733368,1.294335814733368
2026-08-31,2027-03,jaoh7_8150c,call,81.5,5.2,2026-08-28,3,0.3517836298502649,5.146520050019609,-0.05347994998039152,5.124931585326363,-0.0750684146736375,6.481825723063814,1.2818257230638137
2026-08-31,2027-03,jaoh7_8185c,call,81.85,5.09,2026-08-28,3,0.3520622068243594,5.039587621988794,-0.050412378011206016,5.017471516824927,-0.0725284831750725,6.365396830388439,1.2753968303884395
2026-08-31,2027-03,jaoh7_8342c,call,83.42,4.63,2026-08-28,3,0.3535605772602962,4.58962150764171,-0.04037849235828972,4.564232561853223,-0.0657674381467767,5.865122874318034,1.2351228743180345
2026-08-31,2027-03,jaoh7_8500c,call,85.0,4.22,2026-08-28,3,0.3553729676364843,4.18135186805268,-0.038648131947319975,4.153118917852023,-0.0668810821479768,5.396805702174793,1.1768057021747929
2026-08-31,2027-03,jaoh7_8525c,call,85.25,4.16,2026-08-28,3,0.3560169724137982,4.127236201413161,-0.03276379858683942,4.091977874867053,-0.0680221251329467,5.32573676084885,1.1657367608488496
2026-08-31,2027-03,jaoh7_8575c,call,85.75,4.04,2026-08-28,3,0.3566672050530147,4.008795226752389,-0.031204773247610618,3.972770281372443,-0.0672297186275572,5.186083862904197,1.146083862904197
2026-08-31,2027-03,jaoh7_8675c,call,86.75,3.81,2026-08-28,3,0.3579885095153154,3.7824576185648024,-0.027542381435197605,3.746266159665008,-0.0637338403349918,4.916213743671443,1.1062137436714423
2026-08-31,2027-03,jaoh7_8700c,call,87.0,3.76,2026-08-28,3,0.3583486553732879,3.728501174374483,-0.03149882562551687,3.692041420334112,-0.0679585796658881,4.850720709737619,1.090720709737619
2026-08-31,2027-03,jaoh7_8705c,call,87.05,3.75,2026-08-28,3,0.3584158996201066,3.7177123183535765,-0.03228768164642348,3.681308893134166,-0.0686911068658338,4.837716654864549,1.0877166548645487
2026-08-31,2027-03,jaoh7_6800p,put,68.0,4.2,2026-08-28,3,0.3546473302851198,4.101144860987397,-0.09885513901260357,4.128614634044794,-0.0713853659552059,5.240789105251258,1.0407891052512577
2026-08-31,2027-03,jaoh7_6900p,put,69.0,4.56,2026-08-28,3,0.3532577829774851,4.468190301954716,-0.09180969804528338,4.494014879118034,-0.0659851208819652,5.663961933885215,1.1039619338852154
2026-08-31,2027-03,jaoh7_7000p,put,70.0,4.95,2026-08-28,3,0.3518485572689556,4.855005285486684,-0.09499471451331587,4.882651740250961,-0.0673482597490391,6.105673433699914,1.1556734336999137
2026-08-31,2027-03,jaoh7_7100p,put,71.0,5.36,2026-08-28,3,0.3509130849022492,5.271530867093709,-0.08846913290629121,5.294765187496822,-0.0652348125031787,6.565761379795518,1.2057613797955176
2026-08-31,2027-03,jaoh7_7150p,put,71.5,5.57,2026-08-28,3,0.3505538245723633,5.4897486407050735,-0.08025135929492677,5.509670727624481,-0.0603292723755188,6.802460658338237,1.232460658338237
2026-08-31,2027-03,jaoh7_7400p,put,74.0,6.73,2026-08-28,3,0.348863283426375,6.661056859193195,-0.0689431408068053,6.672727949822919,-0.0572720501770813,8.052784404614378,1.322784404614378
2026-08-31,2027-03,jaoh7_7450p,put,74.5,6.98,2026-08-28,3,0.3484591687050559,6.909426011021317,-0.07057398897868339,6.922947967580034,-0.0570520324199668,8.315980428870542,1.335980428870542
2026-08-31,2027-03,jaoh7_7500p,put,75.0,7.24,2026-08-28,3,0.3482908796510152,7.167848550705875,-0.07215144929412531,7.178975259635044,-0.0610247403649566,8.583484762388968,1.343484762388968
2026-08-31,2027-09,jaou7_6820c,call,68.2,9.9,2026-08-28,3,0.3003397994695408,9.860336655057411,-0.03966334494258916,9.896204878052377,-0.0037951219476255,12.77284717104814,2.87284717104814
2026-08-31,2027-09,jaou7_6825c,call,68.25,9.88,2026-08-28,3,0.3004734250094348,9.83977787882035,-0.04022212117965118,9.869282090397778,-0.0107179096022225,12.750729370625455,2.870729370625454
2026-08-31,2027-09,jaou7_6860c,call,68.6,9.69,2026-08-28,3,0.2998524381723277,9.656013169894223,-0.03398683010577663,9.682321388147844,-0.0076786118521567,12.596842069941966,2.906842069941966
2026-08-31,2027-09,jaou7_6900c,call,69.0,9.48,2026-08-28,3,0.2988872257210738,9.441723463343026,-0.038276536656974613,9.471868062619734,-0.0081319373802664,12.423034654614325,2.9430346546143245
2026-08-31,2027-09,jaou7_6905c,call,69.05,9.46,2026-08-28,3,0.2986194477072731,9.411196398098019,-0.04880360190198196,9.445802869136616,-0.0141971308633852,12.401464977785734,2.941464977785733
2026-08-31,2027-09,jaou7_6930c,call,69.3,9.33,2026-08-28,3,0.2983779304676063,9.288486332964814,-0.04151366703518633,9.31628239513094,-0.0137176048690594,12.294141772403847,2.9641417724038472
2026-08-31,2027-09,jaou7_7000c,call,70.0,8.97,2026-08-28,3,0.2969689116017266,8.930937001874337,-0.039062998125663384,8.960771197970251,-0.0092288020297495,11.99822436811269,3.0282243681126886
2026-08-31,2027-09,jaou7_7110c,call,71.1,8.43,2026-08-28,3,0.2952418700972999,8.399057410875278,-0.03094258912472192,8.423382443431475,-0.0066175565685249,11.546479175182052,3.116479175182052
2026-08-31,2027-09,jaou7_7200c,call,72.0,8.01,2026-08-28,3,0.2938332951127502,7.979365787764451,-0.030634212235549185,8.002981251598017,-0.0070187484019825,11.188554342301355,3.178554342301356
2026-08-31,2027-09,jaou7_7335c,call,73.35,7.41,2026-08-28,3,0.292057584091443,7.384938296233185,-0.02506170376681549,7.404652244668514,-0.0053477553314857,10.670351964621243,3.2603519646212438
2026-08-31,2027-09,jaou7_7400c,call,74.0,7.14,2026-08-28,3,0.2911418940361784,7.108044093273026,-0.03195590672697346,7.130232185650012,-0.0097678143499875,10.428542342356812,3.288542342356812
2026-08-31,2027-09,jaou7_7450c,call,74.5,6.94,2026-08-28,3,0.2905427349678671,6.902782584187451,-0.03721741581254978,6.925111627270165,-0.0148883727298354,10.245837921584789,3.3058379215847884
2026-08-31,2027-09,jaou7_7500c,call,75.0,6.74,2026-08-28,3,0.2901562868529615,6.707582218432371,-0.03241778156762898,6.725135090685476,-0.0148649093145243,10.066006813073123,3.326006813073123
2026-08-31,2027-09,jaou7_7542c,call,75.42,6.57,2026-08-28,3,0.2897023191654465,6.543225114868729,-0.02677488513127102,6.561094349174033,-0.0089056508259677,9.917261251973384,3.347261251973384
2026-08-31,2027-09,jaou7_7550c,call,75.5,6.54,2026-08-28,3,0.2896212958453159,6.512398982034717,-0.027601017965283248,6.530253542114296,-0.0097464578857042,9.889156065157954,3.349156065157953
2026-08-31,2027-09,jaou7_7600c,call,76.0,6.35,2026-08-28,3,0.2893021892266815,6.327291078123317,-0.022708921876682275,6.340413841415348,-0.0095861585846517,9.715058685622022,3.3650586856220226
2026-08-31,2027-09,jaou7_7610c,call,76.1,6.31,2026-08-28,3,0.2890753478786902,6.286246049888612,-0.023753950111387923,6.303045969406917,-0.0069540305930821,9.680572839157922,3.370572839157922
2026-08-31,2027-09,jaou7_7705c,call,77.05,5.97,2026-08-28,3,0.2884504820464475,5.946680977480924,-0.02331902251907536,5.957903401512039,-0.012096598487961,9.358463629766383,3.388463629766384
2026-08-31,2027-09,jaou7_7710c,call,77.1,5.95,2026-08-28,3,0.288307021447341,5.926159219781256,-0.023840780218744584,5.940227232615738,-0.0097727673842618,9.341779180262444,3.391779180262444
2026-08-31,2027-09,jaou7_7725c,call,77.25,5.9,2026-08-28,3,0.2882335372430848,5.874671613345901,-0.025328386654098978,5.887489270608167,-0.0125107293918338,9.2918867071891,3.3918867071891
2026-08-31,2027-09,jaou7_5800p,put,58.0,3.25,2026-08-28,3,0.32614360152892,3.1936906546590773,-0.05630934534092269,3.2332491677292854,-0.0167508322707146,5.0173379679797305,1.7673379679797303
2026-08-31,2027-09,jaou7_5900p,put,59.0,3.5,2026-08-28,3,0.3232149975809347,3.444990767432552,-0.05500923256744805,3.479062380239572,-0.0209376197604278,5.390695672131333,1.8906956721313328
2026-08-31,2027-09,jaou7_6000p,put,60.0,3.77,2026-08-28,3,0.32057836500916,3.7159652323919854,-0.05403476760801462,3.741341981328532,-0.0286580186714684,5.778702255632105,2.008702255632105
2026-08-31,2027-09,jaou7_6200p,put,62.0,4.35,2026-08-28,3,0.3151584682531136,4.297315023406863,-0.05268497659313631,4.3174854907580364,-0.0325145092419631,6.6000552004554445,2.250055200455445
2026-08-31,2027-09,jaou7_6420p,put,64.2,5.06,2026-08-28,3,0.3092465246121761,5.005885745617729,-0.05411425438227102,5.034537509343679,-0.025462490656321,7.573144967029196,2.5131449670291968
2026-08-31,2027-09,jaou7_6500p,put,65.0,5.34,2026-08-28,3,0.307340171269929,5.287838433365099,-0.05216156663490068,5.317735343403891,-0.0222646565961088,7.943944390708052,2.603944390708052
2026-08-31,2027-09,jaou7_6750p,put,67.5,6.3,2026-08-28,3,0.3020402883458932,6.252084010569305,-0.04791598943069442,6.282209913788275,-0.0177900862117246,9.161296454672902,2.8612964546729023
2026-08-31,2027-09,jaou7_6800p,put,68.0,6.5,2026-08-28,3,0.3009643328443269,6.456867764168755,-0.04313223583124515,6.489759619559504,-0.0102403804404955,9.4149180474122,2.9149180474122005
2026-08-31,2027-09,jaou7_6900p,put,69.0,6.93,2026-08-28,3,0.2990923466188599,6.88636617386258,-0.04363382613741962,6.9196526397473885,-0.0103473602526111,9.9321591295554,3.0021591295554
2026-08-31,2027-09,jaou7_7000p,put,70.0,7.37,2026-08-28,3,0.2973342772755553,7.335829486407652,-0.034170513592347795,7.369319403944528,-0.0006805960554716,10.46320588221498,3.0932058822149804
2026-08-31,2027-09,jaou7_7400p,put,74.0,9.37,2026-08-28,3,0.2917741183761453,9.34400964650543,-0.025990353494568907,9.36483128796641,-0.0051687120335888,12.716952013103985,3.3469520131039854
2026-08-31,2027-09,jaou7_7450p,put,74.5,9.64,2026-08-28,3,0.2912545251269982,9.618893096587179,-0.02110690341282151,9.6361167464975,-0.003883253502499,13.01217611191257,3.372176111912569
2026-08-31,2027-09,jaou7_7500p,put,75.0,9.92,2026-08-28,3,0.2905854018928198,9.893789316447478,-0.026210683552521985,9.912160113094233,-0.0078398869057689,13.310273522981513,3.390273522981513
2026-08-31,2028-03,jaoh8_6151c,call,61.51,12.69,2026-08-28,3,0.2749215608344272,12.679046016058185,-0.010953983941814016,12.703977117760616,0.0139771177606178,16.63554178782206,3.945541787822061
2026-08-31,2028-03,jaoh8_6200c,call,62.0,12.39,2026-08-28,3,0.2738575895568904,12.38591699776354,-0.004083002236461297,12.408889635383275,0.0188896353832763,16.409986822677222,4.019986822677222
2026-08-31,2028-03,jaoh8_6420c,call,64.2,11.13,2026-08-28,3,0.2690299314910182,11.111634155479866,-0.0183658445201349,11.138237962808615,0.0082379628086162,15.43101859078974,4.30101859078974
2026-08-31,2028-03,jaoh8_6500c,call,65.0,10.69,2026-08-28,3,0.2676178626359475,10.676322962739796,-0.013677037260203306,10.698531021827083,0.0085310218270855,15.088603033245969,4.398603033245969
2026-08-31,2028-03,jaoh8_6600c,call,66.0,10.16,2026-08-28,3,0.2659687522237106,10.149640012052814,-0.01035998794718651,10.165885332457238,0.0058853324572378,14.670402746868058,4.510402746868058
2026-08-31,2028-03,jaoh8_6775c,call,67.75,9.28,2026-08-28,3,0.2631556206296102,9.26789063363767,-0.01210936636232951,9.27946632686013,-0.0005336731398699,13.96417894562168,4.68417894562168
2026-08-31,2028-03,jaoh8_6875c,call,68.75,8.81,2026-08-28,3,0.2617234141564009,8.791168021415272,-0.018831978584728404,8.799118352096418,-0.0108816479035827,13.575102532400871,4.765102532400871
2026-08-31,2028-03,jaoh8_6890c,call,68.9,8.74,2026-08-28,3,0.2614811783457514,8.72016080259003,-0.01983919740997031,8.728705975671259,-0.0112940243287411,13.5176721903381,4.7776721903381
2026-08-31,2028-03,jaoh8_7000c,call,70.0,8.23,2026-08-28,3,0.259785216085105,8.21278556294383,-0.017214437056169984,8.225375025654467,-0.0046249743455337,13.103769641023842,4.873769641023841
2026-08-31,2028-03,jaoh8_7110c,call,71.1,7.75,2026-08-28,3,0.2581221059418451,7.725442469538949,-0.024557530461050803,7.744842469405499,-0.0051575305945013,12.70199092308302,4.95199092308302
2026-08-31,2028-03,jaoh8_7275c,call,72.75,7.06,2026-08-28,3,0.256086355895612,7.044563001732982,-0.01543699826701772,7.066233672469088,0.0062336724690883,12.12148875605656,5.061488756056561
2026-08-31,2028-03,jaoh8_7340c,call,73.4,6.8,2026-08-28,3,0.2553596520574979,6.790334723294756,-0.009665276705243642,6.812590635636058,0.0125906356360578,11.90002076248823,5.100020762488231
2026-08-31,2028-03,jaoh8_7450c,call,74.5,6.39,2026-08-28,3,0.2540815136306281,6.373252135533372,-0.016747864466627682,6.400638092338912,0.0106380923389126,11.533936359477092,5.143936359477093
2026-08-31,2028-03,jaoh8_7500c,call,75.0,6.21,2026-08-28,3,0.25382496875166,6.200115782118888,-0.009884217881111823,6.220466601030402,0.0104666010304024,11.371006151634392,5.161006151634392
2026-08-31,2028-03,jaoh8_7550c,call,75.5,6.04,2026-08-28,3,0.2534531669468106,6.026991917719028,-0.013008082280972388,6.04465321421289,0.0046532142128903,11.210309643727497,5.170309643727497
2026-08-31,2028-03,jaoh8_7670c,call,76.7,5.64,2026-08-28,3,0.2526623687371145,5.629634163642813,-0.010365836357186353,5.640173107318712,0.0001731073187123,10.833745144744302,5.193745144744303
2026-08-31,2028-03,jaoh8_7700c,call,77.0,5.55,2026-08-28,3,0.2526008586843403,5.537849259834215,-0.012150740165784768,5.542841882196227,-0.0071581178037725,10.741565147230292,5.191565147230292
2026-08-31,2028-03,jaoh8_7775c,call,77.75,5.32,2026-08-28,3,0.2524339527408928,5.313443254206289,-0.006556745793711016,5.306008976156693,-0.0139910238433076,10.51460635213946,5.194606352139459
2026-08-31,2028-03,jaoh8_5740p,put,57.4,3.74,2026-08-28,3,0.2832797316559552,3.716882135500885,-0.023117864499115015,3.7389239732571,-0.0010760267429006,7.108174190472107,3.368174190472107
2026-08-31,2028-03,jaoh8_5900p,put,59.0,4.19,2026-08-28,3,0.2795451436840865,4.167751814740379,-0.022248185259621245,4.183039636409722,-0.0069603635902781,7.7995206885404,3.6095206885404
2026-08-31,2028-03,jaoh8_6000p,put,60.0,4.49,2026-08-28,3,0.2770135718826896,4.461929876492032,-0.028070123507967892,4.482392279885463,-0.007607720114537,8.247384464515635,3.757384464515635
2026-08-31,2028-03,jaoh8_6165p,put,61.65,5.02,2026-08-28,3,0.2733681255741633,4.991989109522037,-0.02801089047796257,5.014178378143172,-0.0058216218568274,9.012323171916384,3.992323171916384
2026-08-31,2028-03,jaoh8_6200p,put,62.0,5.13,2026-08-28,3,0.2726088399257323,5.109844846771596,-0.02015515322840411,5.133161709991803,0.0031617099918035,9.178652814044137,4.048652814044137
2026-08-31,2028-03,jaoh8_6250p,put,62.5,5.31,2026-08-28,3,0.2717148433565839,5.28673554754628,-0.023264452453719997,5.30694333511683,-0.0030566648831698,9.418715152318724,4.108715152318724
2026-08-31,2028-03,jaoh8_6500p,put,65.0,6.24,2026-08-28,3,0.2669965670252233,6.220982234441383,-0.019017765558617228,6.243990925450335,0.0039909254503349,10.66147955775413,4.421479557754131
2026-08-31,2028-03,jaoh8_6600p,put,66.0,6.65,2026-08-28,3,0.2655391743875675,6.634560386810035,-0.015439613189965229,6.651019407309946,0.0010194073099452,11.178016115756638,4.528016115756637
2026-08-31,2028-03,jaoh8_6750p,put,67.5,7.3,2026-08-28,3,0.2633610514284376,7.284901083071613,-0.015098916928386608,7.296384211868631,-0.0036157881313689,11.972802073419684,4.6728020734196845
2026-08-31,2028-03,jaoh8_7000p,put,70.0,8.47,2026-08-28,3,0.2597571686298204,8.448829375733489,-0.02117062426651195,8.464810301144666,-0.0051896988553341,13.350330387434086,4.8803303874340855
2026-08-31,2028-03,jaoh8_7450p,put,74.5,10.84,2026-08-28,3,0.2548351534503957,10.840697538421296,0.0006975384212957181,10.854474790795871,0.0144747907958731,15.986812905599209,5.146812905599209
2026-08-31,2028-09,jaou8_6151c,call,61.51,12.08,2026-08-28,3,0.2547115022441003,12.065107504385159,-0.014892495614841295,12.093412359294112,0.0134123592941133,17.318711556440643,5.238711556440643
2026-08-31,2028-09,jaou8_6500c,call,65.0,10.13,2026-08-28,3,0.2451157268551625,10.102621093756216,-0.027378906243784584,10.11242069188393,-0.0175793081160708,15.927623221464064,5.797623221464063
2026-08-31,2028-09,jaou8_6570c,call,65.7,9.76,2026-08-28,3,0.2435351704948053,9.740056013578677,-0.01994398642132289,9.745673310681235,-0.0143266893187643,15.662934073625689,5.902934073625689
2026-08-31,2028-09,jaou8_6600c,call,66.0,9.61,2026-08-28,3,0.2426296006579507,9.57896157599231,-0.03103842400768997,9.591675382500332,-0.0183246174996671,15.550908763557828,5.940908763557829
2026-08-31,2028-09,jaou8_6650c,call,66.5,9.35,2026-08-28,3,0.2415262619691204,9.327121090286388,-0.022878909713611506,9.339263875252673,-0.0107361247473267,15.366056212649507,6.016056212649508
2026-08-31,2028-09,jaou8_6775c,call,67.75,8.73,2026-08-28,3,0.2387529585792621,8.712511477666903,-0.017488522333097833,8.731534207506902,0.0015342075069018,14.913852677645432,6.183852677645431
2026-08-31,2028-09,jaou8_7000c,call,70.0,7.72,2026-08-28,3,0.2346540742974734,7.694230754077828,-0.02576924592217189,7.7213367018315635,0.0013367018315637,14.134206851970252,6.414206851970252
2026-08-31,2028-09,jaou8_7110c,call,71.1,7.27,2026-08-28,3,0.2334102144407283,7.25024653191165,-0.01975346808834999,7.266236819469202,-0.0037631805307976,13.768377326692631,6.498377326692632
2026-08-31,2028-09,jaou8_7275c,call,72.75,6.64,2026-08-28,3,0.2314592000557615,6.6143690278302945,-0.025630972169705224,6.6303051698966575,-0.0096948301033421,13.237563515015212,6.597563515015213
2026-08-31,2028-09,jaou8_7340c,call,73.4,6.41,2026-08-28,3,0.2309008388815485,6.382106363936569,-0.027893636063430982,6.394856637501485,-0.0151433624985148,13.034133661408282,6.6241336614082815
2026-08-31,2028-09,jaou8_7450c,call,74.5,6.03,2026-08-28,3,0.2301170772999646,6.008352515229223,-0.021647484770777048,6.015309240490486,-0.0146907595095138,12.69736574723118,6.667365747231179
2026-08-31,2028-09,jaou8_7500c,call,75.0,5.87,2026-08-28,3,0.2298361532714309,5.846681332344558,-0.02331866765544177,5.850487960982888,-0.0195120390171119,12.547341305507778,6.677341305507778
2026-08-31,2028-09,jaou8_7560c,call,75.6,5.68,2026-08-28,3,0.2297136692427466,5.6647227916628164,-0.015277208337183268,5.658919774701242,-0.0210802252987578,12.369817388218928,6.689817388218929
2026-08-31,2028-09,jaou8_7670c,call,76.7,5.35,2026-08-28,3,0.2291366298154807,5.3311728777771945,-0.018827122222805137,5.324915859520181,-0.0250841404798185,12.051162244637304,6.701162244637304
2026-08-31,2028-09,jaou8_7925c,call,79.25,4.65,2026-08-28,3,0.2282561964930388,4.633390064217837,-0.016609935782163632,4.631999889680508,-0.018000110319492,11.344823370420327,6.694823370420327
2026-08-31,2028-09,jaou8_8000c,call,80.0,4.46,2026-08-28,3,0.227936354327013,4.441201030575099,-0.01879896942490067,4.448594096442691,-0.0114059035573088,11.145185808075148,6.685185808075148
2026-08-31,2028-09,jaou8_5000p,put,50.0,2.64,2026-08-28,3,0.2808640650854572,2.6156416024918094,-0.024358397508190688,2.6586729029032803,0.0186729029032801,5.852733712181529,3.2127337121815285
2026-08-31,2028-09,jaou8_5500p,put,55.0,3.81,2026-08-28,3,0.269434832566954,3.781779673178894,-0.028220326821105868,3.767404747086994,-0.042595252913006,7.863692945041665,4.053692945041664
2026-08-31,2028-09,jaou8_5700p,put,57.0,4.35,2026-08-28,3,0.2647339398274784,4.325854111999327,-0.024145888000672855,4.301286716272015,-0.0487132837279844,8.746596974252025,4.3965969742520254
2026-08-31,2028-09,jaou8_5740p,put,57.4,4.47,2026-08-28,3,0.2635919854533377,4.434669975175513,-0.03533002482448655,4.414686793926682,-0.0553132060733174,8.92832700923951,4.45832700923951
2026-08-31,2028-09,jaou8_6165p,put,61.65,5.79,2026-08-28,3,0.2531599391621758,5.761422599212757,-0.0285774007872428,5.762596088766571,-0.0274039112334287,10.960613589360769,5.1706135893607685
2026-08-31,2028-09,jaou8_6200p,put,62.0,5.91,2026-08-28,3,0.2522806236023435,5.880301142905339,-0.029698857094660802,5.88560798147594,-0.0243920185240602,11.135993029645778,5.225993029645778
2026-08-31,2028-09,jaou8_6250p,put,62.5,6.08,2026-08-28,3,0.2508947963123478,6.048701297485843,-0.03129870251415667,6.064591935031702,-0.0154080649682981,11.388616919771998,5.308616919771998
2026-08-31,2028-09,jaou8_6500p,put,65.0,6.99,2026-08-28,3,0.2445909289891432,6.960533659393656,-0.029466340606344232,7.017654118699296,0.0276541186992957,12.688034763125982,5.698034763125982
2026-08-31,2028-09,jaou8_6750p,put,67.5,8.01,2026-08-28,3,0.2389920275699331,7.9822075054769215,-0.027792494523078304,8.069152037523166,0.059152037523166,14.04751596166004,6.03751596166004
2026-08-31,2028-09,jaou8_7000p,put,70.0,9.17,2026-08-28,3,0.2351132247907177,9.153893492369823,-0.016106507630176736,9.220206426381246,0.050206426381246,15.462418940166517,6.292418940166517
2026-08-31,2028-09,jaou8_7450p,put,74.5,11.61,2026-08-28,3,0.2314428275566348,11.609704690610553,-0.000295309389446885,11.54182082036028,-0.0681791796397206,18.13659832730836,6.52659832730836
2026-09-01,2026-09,jaou6_9100c,call,91.0,2.07,2026-08-31,1,0.4507084416194479,1.8998915497534021,-0.1701084502465977,1.8326155689324184,-0.2373844310675814,1.705557532477416,-0.3644424675225839
2026-09-01,2026-09,jaou6_9150c,call,91.5,1.89,2026-08-31,1,0.452476888637891,1.7206979862780998,-0.16930201372190012,1.6509053414902066,-0.2390946585097932,1.5206002599566972,-0.3693997400433026
2026-09-01,2026-09,jaou6_9196c,call,91.96,1.74,2026-08-31,1,0.4558867215611956,1.5776214001166513,-0.16237859988334868,1.4968693843016965,-0.2431306156983035,1.3641672854742095,-0.3758327145257905
2026-09-01,2026-09,jaou6_9200c,call,92.0,1.73,2026-08-31,1,0.4547856393159601,1.5582564743370186,-0.17174352566298134,1.4840523719435412,-0.2459476280564587,1.3511733880529455,-0.3788266119470544
2026-09-01,2026-09,jaou6_9225c,call,92.25,1.65,2026-08-31,1,0.4565918492443681,1.4854134672448134,-0.16458653275518653,1.405988545395633,-0.2440114546043672,1.2720270401845326,-0.3779729598154673
2026-09-01,2026-09,jaou6_9250c,call,92.5,1.58,2026-08-31,1,0.457937714367538,1.4132732950984974,-0.16672670490150265,1.3313809840709676,-0.2486190159290324,1.1963800551984851,-0.3836199448015149
2026-09-01,2026-09,jaou6_9435c,call,94.35,1.12,2026-08-31,1,0.4669129986761712,0.9640463120019254,-0.15595368799807474,0.8773424980865001,-0.2426575019135,0.7418904128593728,-0.3781095871406272
2026-09-01,2026-09,jaou6_9500c,call,95.0,0.99,2026-08-31,1,0.473148377674817,0.8526213656721746,-0.13737863432782538,0.7540728479815081,-0.2359271520184919,0.6207441075664671,-0.3692558924335328
2026-09-01,2026-09,jaou6_9800c,call,98.0,0.54,2026-08-31,1,0.486594449690901,0.44009763195774,-0.09990236804226005,0.3671148150159117,-0.1728851849840883,0.254127882978327,-0.285872117021673
2026-09-01,2026-09,jaou6_10000c,call,100.0,0.36,2026-08-31,1,0.4996854086729882,0.288275480771474,-0.07172451922852596,0.2254072015201075,-0.1345927984798924,0.131608533438805,-0.228391466561195
2026-09-01,2026-09,jaou6_10205c,call,102.05,0.24,2026-08-31,1,0.5159304269220855,0.19223143593053682,-0.04776856406946317,0.1373525757527889,-0.1026474242472111,0.0632369076632883,-0.1767630923367117
2026-09-01,2026-09,jaou6_10240c,call,102.4,0.22,2026-08-31,1,0.5099799192922428,0.16537462925863486,-0.05462537074136514,0.1263535991625341,-0.0936464008374658,0.0555299311019984,-0.1644700688980016
2026-09-01,2026-09,jaou6_10300c,call,103.0,0.19,2026-08-31,1,0.5233870530679307,0.15984639639143877,-0.03015360360856123,0.1096198861633865,-0.0803801138366134,0.0443190920208392,-0.1456809079791608
2026-09-01,2026-09,jaou6_10500c,call,105.0,0.13,2026-08-31,1,0.5292865752211899,0.09850761403883827,-0.03149238596116173,0.0690566398341938,-0.0609433601658061,0.0201240228554071,-0.1098759771445929
2026-09-01,2026-09,jaou6_10520c,call,105.2,0.12,2026-08-31,1,0.5333534243638332,0.0974734462093894,-0.022526553790610596,0.0660126210809428,-0.0539873789190571,0.0185214209752599,-0.1014785790247401
2026-09-01,2026-09,jaou6_10825c,call,108.25,0.06,2026-08-31,1,0.5654398975421707,0.061622672556916065,0.0016226725569160674,0.0342378893414157,-0.0257621106585842,0.004536880792515,-0.055463119207485
2026-09-01,2026-09,jaou6_11000c,call,110.0,0.04,2026-08-27,5,0.5852005944847309,0.049344988623009255,0.009344988623009254,0.0241990402355455,-0.0158009597644544,0.0019991439023683,-0.0380008560976317
2026-09-01,2026-09,jaou6_11500c,call,115.0,0.02,2026-08-25,7,0.6175220713911052,0.020826685431578035,0.0008266854315780343,0.0102801762488762,-0.0097198237511237,0.0002379218664049,-0.0197620781335951
2026-09-01,2026-09,jaou6_7400p,put,74.0,0.02,2026-08-31,1,0.4611759508321427,0.006381777931288468,-0.013618222068711532,0.0109686135070976,-0.0090313864929023,0.0020986657013502,-0.0179013342986498
2026-09-01,2026-09,jaou6_7450p,put,74.5,0.02,2026-08-31,1,0.4626443655276426,0.009025280982610795,-0.010974719017389205,0.0135241113086976,-0.0064758886913023,0.0031359383861837,-0.0168640616138163
2026-09-01,2026-09,jaou6_7500p,put,75.0,0.02,2026-08-31,1,0.4521445200861395,0.010001280268085111,-0.00999871973191489,0.0166841628856353,-0.0033158371143646,0.0046561069584764,-0.0153438930415236
2026-09-01,2026-09,jaou6_7600p,put,76.0,0.04,2026-08-31,1,0.4487894724235376,0.01719243481472077,-0.02280756518527923,0.025394772930344,-0.0146052270696559,0.0096807098332425,-0.0303192901667575
2026-09-01,2026-09,jaou6_7750p,put,77.5,0.07,2026-08-31,1,0.4375546992645105,0.03335882301818671,-0.036641176981813295,0.0474313687295584,-0.0225686312704415,0.0247963599830506,-0.0452036400169494
2026-09-01,2026-09,jaou6_7800p,put,78.0,0.08,2026-08-31,1,0.4361030926719412,0.04275002277797313,-0.03724997722202687,0.0582435124087226,-0.0217564875912773,0.0329896799094756,-0.0470103200905244
2026-09-01,2026-09,jaou6_8000p,put,80.0,0.18,2026-08-31,1,0.4309945965412111,0.10829938892457491,-0.07170061107542508,0.1293508378657684,-0.0506491621342315,0.0936666594868283,-0.0863333405131717
2026-09-01,2026-09,jaou6_8200p,put,82.0,0.36,2026-08-31,1,0.4275639334540124,0.24916874651671606,-0.11083125348328393,0.2728345720727878,-0.0871654279272121,0.2278892943739643,-0.1321107056260357
2026-09-01,2026-09,jaou6_8250p,put,82.5,0.42,2026-08-31,1,0.4277442382386609,0.304098471724072,-0.11590152827592798,0.325568744747347,-0.094431255252653,0.2788359639658576,-0.1411640360341424
2026-09-01,2026-10,jaov6_9200c,call,92.0,3.42,2026-08-31,1,0.4553368842762018,3.112457278197131,-0.3075427218028688,2.9569748975584704,-0.4630251024415295,2.6599868325121045,-0.7600131674878954
2026-09-01,2026-10,jaov6_9225c,call,92.25,3.35,2026-08-31,1,0.4561355236703246,3.042335533968454,-0.3076644660315462,2.889042937857348,-0.460957062142652,2.584473895383504,-0.7655261046164963
2026-09-01,2026-10,jaov6_9348c,call,93.48,3.02,2026-08-31,1,0.4611052286093813,2.729321106172442,-0.29067889382755796,2.5763244890191994,-0.4436755109808006,2.2372058008011995,-0.7827941991988006
2026-09-01,2026-10,jaov6_9353c,call,93.53,3.01,2026-08-31,1,0.4611257780433934,2.715410800697982,-0.29458919930201777,2.5643402951336856,-0.4456597048663142,2.22391590768618,-0.7860840923138199
2026-09-01,2026-10,jaov6_9435c,call,94.35,2.81,2026-08-31,1,0.4646682814915988,2.5280587060504125,-0.28194129394958756,2.375489158660068,-0.4345108413399319,2.01498489871232,-0.7950151012876803
2026-09-01,2026-10,jaov6_9800c,call,98.0,2.07,2026-08-31,1,0.47855499589481,1.8269328907263704,-0.2430671092736294,1.6909323892504518,-0.3790676107495481,1.270991252015396,-0.7990087479846038
2026-09-01,2026-10,jaov6_9911c,call,99.11,1.89,2026-08-31,1,0.4819871657626248,1.6493834051705065,-0.24061659482949338,1.5259025200888332,-0.3640974799111667,1.097308634379397,-0.7926913656206029
2026-09-01,2026-10,jaov6_9955c,call,99.55,1.82,2026-08-31,1,0.4839528671735646,1.5889569408992252,-0.23104305910077483,1.465241143797906,-0.354758856202094,1.0342347139963797,-0.7857652860036204
2026-09-01,2026-10,jaov6_10000c,call,100.0,1.75,2026-08-31,1,0.4858288323388283,1.528565273048701,-0.22143472695129907,1.4058268159371508,-0.3441731840628492,0.973046720527501,-0.776953279472499
2026-09-01,2026-10,jaov6_10205c,call,102.05,1.48,2026-08-31,1,0.4928375917297067,1.2718752136041807,-0.20812478639581933,1.1658444426292165,-0.3141555573707835,0.7326045802279773,-0.7473954197720227
2026-09-01,2026-10,jaov6_10240c,call,102.4,1.44,2026-08-31,1,0.4950432037553234,1.2401829214035744,-0.1998170785964255,1.1294661572731417,-0.3105338427268582,0.6971522741710937,-0.7428477258289062
2026-09-01,2026-10,jaov6_10300c,call,103.0,1.37,2026-08-31,1,0.4974951684473533,1.1787066968477522,-0.1912933031522479,1.0699315235545457,-0.3000684764454546,0.6399323718372424,-0.7300676281627577
2026-09-01,2026-10,jaov6_10500c,call,105.0,1.17,2026-08-31,1,0.5051384591460762,0.9935653940997863,-0.17643460590021365,0.8949486184489879,-0.275051381551012,0.479064039119079,-0.6909359608809209
2026-09-01,2026-10,jaov6_10800c,call,108.0,0.92,2026-08-31,1,0.5168419986566811,0.7746355394958835,-0.14536446050411655,0.6889438245313935,-0.2310561754686065,0.304888616143735,-0.615111383856265
2026-09-01,2026-10,jaov6_11500c,call,115.0,0.54,2026-08-31,1,0.5460190521758181,0.45498070990941103,-0.085019290090589,0.3873848288526543,-0.1526151711473456,0.0996256128047588,-0.4403743871952412
2026-09-01,2026-10,jaov6_12100c,call,121.0,0.36,2026-08-31,1,0.5732451883656732,0.30774862769726014,-0.05225137230273985,0.2469672787852859,-0.113032721214714,0.0359839865964041,-0.3240160134035958
2026-09-01,2026-10,jaov6_12500c,call,125.0,0.28,2026-08-31,1,0.584756743599355,0.2277159656049997,-0.05228403439500032,0.1872397579774169,-0.0927602420225831,0.0180172976650818,-0.2619827023349182
2026-09-01,2026-10,jaov6_16000c,call,160.0,0.05,2026-08-31,1,0.7214209899754365,0.046261177563434695,-0.0037388224365653075,0.0340102588973444,-0.0159897411026555,6.230370567074663e-05,-0.0499376962943292
2026-09-01,2026-10,jaov6_7200p,put,72.0,0.61,2026-08-31,1,0.4234969243458417,0.4641879862464169,-0.1458120137535831,0.4960398785493893,-0.1139601214506106,0.4247210646167691,-0.1852789353832308
2026-09-01,2026-10,jaov6_7400p,put,74.0,0.87,2026-08-31,1,0.4199616719213737,0.6886074950921692,-0.18139250490783076,0.7170026442123714,-0.1529973557876286,0.6561899036612393,-0.2138100963387607
2026-09-01,2026-10,jaov6_7450p,put,74.5,0.95,2026-08-31,1,0.4196463722087429,0.7595521564522656,-0.19044784354773436,0.7847933544475065,-0.1652066455524934,0.7269234600590382,-0.2230765399409617
2026-09-01,2026-10,jaov6_7500p,put,75.0,1.03,2026-08-31,1,0.4184310199941188,0.8305172765092248,-0.19948272349077523,0.8582353435940924,-0.1717646564059076,0.8032819500729508,-0.2267180499270492
2026-09-01,2026-10,jaov6_7600p,put,76.0,1.21,2026-08-31,1,0.4183100233484096,1.0035139352697584,-0.20648606473024156,1.0233492353599232,-0.1866507646400768,0.973775537956242,-0.2362244620437579
2026-09-01,2026-10,jaov6_7800p,put,78.0,1.67,2026-08-31,1,0.4186006749986545,1.4315430018437212,-0.23845699815627874,1.4352266975277068,-0.2347733024722931,1.3934186888284237,-0.2765813111715762
2026-09-01,2026-10,jaov6_8000p,put,80.0,2.25,2026-08-31,1,0.4204150327991071,1.989390044235737,-0.26060995576426293,1.971236439910081,-0.278763560089919,1.9283029540095824,-0.3216970459904176
2026-09-01,2026-10,jaov6_8200p,put,82.0,2.98,2026-08-31,1,0.424096602838807,2.6951313813798583,-0.2848686186201417,2.646114437384089,-0.3338855626159112,2.5885731560211243,-0.3914268439788757
2026-09-01,2026-10,jaov6_9000p,put,90.0,7.27,2026-08-31,1,0.4482530340521389,6.962516486157535,-0.307483513842465,6.816837806952375,-0.4531621930476248,6.578099916735188,-0.6919000832648114
2026-09-01,2026-11,jaox6_8950c,call,89.5,4.66,2026-08-31,1,0.4396575916723637,4.326595706040851,-0.3334042939591493,4.204435790842326,-0.4555642091576741,4.0178185110465146,-0.6421814889534856
2026-09-01,2026-11,jaox6_9000c,call,90.0,4.51,2026-08-31,1,0.4409554325851713,4.178973417494548,-0.33102658250545147,4.058221233149852,-0.4517787668501478,3.854314626983076,-0.6556853730169236
2026-09-01,2026-11,jaox6_9025c,call,90.25,4.44,2026-08-31,1,0.4414797072590488,4.105247022156862,-0.33475297784313796,3.9870308632236098,-0.4529691367763906,3.774681000080544,-0.6653189999194562
2026-09-01,2026-11,jaox6_9100c,call,91.0,4.23,2026-08-31,1,0.4433343770227146,3.8952648806098087,-0.33473511939019174,3.780913767339674,-0.4490862326603264,3.543583295032239,-0.6864167049677614
2026-09-01,2026-11,jaox6_9196c,call,91.96,3.98,2026-08-31,1,0.4460561902487122,3.646479462851362,-0.33352053714863805,3.5327918284673228,-0.4472081715326772,3.2649356092745374,-0.7150643907254626
2026-09-01,2026-11,jaox6_9200c,call,92.0,3.97,2026-08-31,1,0.4460112835425812,3.6342959849843695,-0.33570401501563074,3.522823038893214,-0.4471769611067864,3.2537249348758626,-0.7162750651241376
2026-09-01,2026-11,jaox6_9225c,call,92.25,3.9,2026-08-31,1,0.4466890052692321,3.5719413430491227,-0.3280586569508772,3.4611712093287266,-0.4388287906712733,3.184361741826914,-0.7156382581730858
2026-09-01,2026-11,jaox6_9348c,call,93.48,3.61,2026-08-31,1,0.4510945187907413,3.2947909328232905,-0.3152090671767094,3.173736042874561,-0.4362639571254387,2.8601791884859384,-0.7498208115140614
2026-09-01,2026-11,jaox6_9353c,call,93.53,3.6,2026-08-31,1,0.4511494124610709,3.282378693227482,-0.317621306772518,3.162592641333128,-0.4374073586668721,2.8475966260837984,-0.7524033739162017
2026-09-01,2026-11,jaox6_9435c,call,94.35,3.41,2026-08-31,1,0.4536644971861044,3.1058523177995587,-0.3041476822004414,2.9856038242353766,-0.4243961757646235,2.6477406519623696,-0.7622593480376305
2026-09-01,2026-11,jaox6_9911c,call,99.11,2.53,2026-08-31,1,0.4683546586969577,2.263892717200049,-0.2661072827999509,2.1477728056498515,-0.3822271943501483,1.7111644220747753,-0.8188355779252245
2026-09-01,2026-11,jaox6_10000c,call,100.0,2.4,2026-08-31,1,0.4709960688732948,2.1349500859370627,-0.2650499140629372,2.021956442528828,-0.3780435574711722,1.572866060853532,-0.8271339391464678
2026-09-01,2026-11,jaox6_10205c,call,102.05,2.11,2026-08-31,1,0.4777626059741033,1.8749352364098035,-0.23506476359019635,1.7626733530270318,-0.3473266469729681,1.2918440012769548,-0.8181559987230451
2026-09-01,2026-11,jaox6_10240c,call,102.4,2.07,2026-08-31,1,0.4779188936234175,1.823904279648737,-0.24609572035126281,1.7223191394381754,-0.3476808605618244,1.2486242577485795,-0.8213757422514203
2026-09-01,2026-11,jaox6_10500c,call,105.0,1.77,2026-08-31,1,0.4873045102458574,1.5606705414465059,-0.20932945855349416,1.4539949718439844,-0.3160050281560156,0.966630550437512,-0.803369449562488
2026-09-01,2026-11,jaox6_10800c,call,108.0,1.49,2026-08-31,1,0.4963575822000503,1.2971464754516386,-0.19285352454836135,1.203542379100026,-0.2864576208999738,0.7136271909457412,-0.7763728090542588
2026-09-01,2026-11,jaox6_7200p,put,72.0,1.69,2026-08-31,1,0.4120107592436699,1.4786476808031797,-0.2113523191968203,1.4957014396243746,-0.1942985603756253,1.5288406841235265,-0.1611593158764734
2026-09-01,2026-11,jaox6_7400p,put,74.0,2.18,2026-08-31,1,0.411059242983626,1.947278420851994,-0.23272157914800617,1.9565964388608064,-0.2234035611391935,2.0135693374251,-0.1664306625749003
2026-09-01,2026-11,jaox6_7450p,put,74.5,2.32,2026-08-31,1,0.4105169638898322,2.0756745773539347,-0.24432542264606516,2.08775164782748,-0.2322483521725202,2.149471898820777,-0.1705281011792228
2026-09-01,2026-11,jaox6_7500p,put,75.0,2.46,2026-08-31,1,0.4110820917654613,2.2222572826616585,-0.2377427173383415,2.2255948047299974,-0.2344051952700026,2.291333864750519,-0.1686661352494809
2026-09-01,2026-11,jaox6_7600p,put,76.0,2.77,2026-08-31,1,0.4113311951952693,2.5249810458919217,-0.24501895410807828,2.5218925535656997,-0.2481074464343007,2.5936780135782174,-0.1763219864217826
2026-09-01,2026-11,jaox6_7800p,put,78.0,3.49,2026-08-31,1,0.4123557475223883,3.215490648845633,-0.27450935115436703,3.200093686668162,-0.289906313331838,3.2760419535577925,-0.2139580464422077
2026-09-01,2026-11,jaox6_8000p,put,80.0,4.31,2026-08-31,1,0.4147358810105525,4.032123062367516,-0.27787693763248367,3.996532908486353,-0.3134670915136466,4.063704604120376,-0.2462953958796232
2026-09-01,2026-11,jaox6_8200p,put,82.0,5.26,2026-08-31,1,0.4178623183476007,4.969125003452806,-0.29087499654719373,4.91305887707489,-0.3469411229251093,4.957102724937166,-0.3028972750628336
2026-09-01,2026-11,jaox6_9000p,put,90.0,10.13,2026-08-31,1,0.4359888310836392,9.817536332130485,-0.3124636678695154,9.706964593576169,-0.4230354064238319,9.548708103069703,-0.5812918969302974
2026-09-01,2027-03,jaoh7_7900c,call,79.0,6.8,2026-08-31,1,0.3529970906887539,6.557765257705114,-0.24223474229488584,6.54964901326177,-0.2503509867382298,7.917175158228392,1.1171751582283918
2026-09-01,2027-03,jaoh7_8000c,call,80.0,6.43,2026-08-31,1,0.3530240289808773,6.176256760481913,-0.2537432395180863,6.171659661999603,-0.258340338000397,7.533531166776747,1.1035311667767471
2026-09-01,2027-03,jaoh7_8025c,call,80.25,6.34,2026-08-31,1,0.3533708745037764,6.09106420943101,-0.24893579056899018,6.080565568151804,-0.259434431848196,7.440040707720845,1.1000407077208454
2026-09-01,2027-03,jaoh7_8075c,call,80.75,6.17,2026-08-31,1,0.3534354789680644,5.910537178656011,-0.25946282134398935,5.902385902813559,-0.2676140971864411,7.255860596842658,1.0858605968426582
2026-09-01,2027-03,jaoh7_8100c,call,81.0,6.08,2026-08-31,1,0.3536277051786768,5.825379250879662,-0.2546207491203383,5.815277865508084,-0.2647221344919162,7.165232974538125,1.0852329745381253
2026-09-01,2027-03,jaoh7_8102c,call,81.02,6.07,2026-08-31,1,0.3539452757876428,5.825091220005264,-0.24490877999473604,5.808365790308139,-0.2616342096918611,7.158027730509059,1.0880277305090589
2026-09-01,2027-03,jaoh7_8150c,call,81.5,5.91,2026-08-31,1,0.3543372124913077,5.665300905492133,-0.2446990945078671,5.644967637632913,-0.2650323623670871,6.987036599105239,1.0770365991052389
2026-09-01,2027-03,jaoh7_8185c,call,81.85,5.8,2026-08-31,1,0.3544766471214263,5.548172965317976,-0.25182703468202394,5.528807718988571,-0.2711922810114284,6.86457813954862,1.0645781395486198
2026-09-01,2027-03,jaoh7_8342c,call,83.42,5.32,2026-08-31,1,0.3555267546947204,5.057187536532189,-0.26281246346781106,5.037767427709452,-0.2822325722905479,6.336730306155624,1.0167303061556234
2026-09-01,2027-03,jaoh7_8500c,call,85.0,4.88,2026-08-31,1,0.3572948963359255,4.617816539424327,-0.262183460575673,4.590781589274541,-0.2892184107254589,5.841120753163579,0.9611207531635788
2026-09-01,2027-03,jaoh7_8525c,call,85.25,4.82,2026-08-31,1,0.3576521336527735,4.553356134432389,-0.26664386556761155,4.52417434685844,-0.2958256531415602,5.765939744007052,0.9459397440070516
2026-09-01,2027-03,jaoh7_8575c,call,85.75,4.69,2026-08-31,1,0.3582365709822554,4.424474179544064,-0.2655258204559363,4.394210414651591,-0.2957895853484098,5.618031796246884,0.9280317962468834
2026-09-01,2027-03,jaoh7_8675c,call,86.75,4.44,2026-08-31,1,0.3593967354800287,4.1771718403245215,-0.2628281596754789,4.146906183623687,-0.2930938163763139,5.331973797766459,0.8919737977664584
2026-09-01,2027-03,jaoh7_8700c,call,87.0,4.38,2026-08-31,1,0.3599660026192289,4.123130407375242,-0.25686959262475817,4.087631132948308,-0.2923688670516915,5.262495897733991,0.8824958977339907
2026-09-01,2027-03,jaoh7_8705c,call,87.05,4.37,2026-08-31,1,0.3600751776723315,4.112324186949906,-0.2576758130500938,4.075895760448377,-0.2941042395516229,5.248694058388192,0.8786940583881915
2026-09-01,2027-03,jaoh7_6800p,put,68.0,4.09,2026-08-31,1,0.3599946875904492,3.8656298060091885,-0.22437019399081137,3.899099432116248,-0.1909005678837516,4.901228142236869,0.8112281422368692
2026-09-01,2027-03,jaoh7_6900p,put,69.0,4.44,2026-08-31,1,0.3580876945365894,4.204363868850613,-0.23563613114938775,4.238997304017226,-0.2010026959827744,5.306025549980834,0.8660255499808338
2026-09-01,2027-03,jaoh7_7000p,put,70.0,4.81,2026-08-31,1,0.3567241972144906,4.572514780136983,-0.23748521986301618,4.601504881004495,-0.2084951189955042,5.728683009020486,0.9186830090204864
2026-09-01,2027-03,jaoh7_7100p,put,71.0,5.2,2026-08-31,1,0.3553571389233558,4.960338374868611,-0.23966162513138922,4.9869935886689625,-0.2130064113310377,6.16961122021732,0.9696112202173196
2026-09-01,2027-03,jaoh7_7150p,put,71.5,5.41,2026-08-31,1,0.3545466795197481,5.15916796472181,-0.2508320352781901,5.1884433310849705,-0.2215566689150296,6.39688413572838,0.9868841357283796
2026-09-01,2027-03,jaoh7_7400p,put,74.0,6.51,2026-08-31,1,0.3521711411100038,6.262402080523445,-0.24759791947655518,6.283475015227807,-0.226524984772193,7.599784207814983,1.0897842078149829
2026-09-01,2027-03,jaoh7_7450p,put,74.5,6.75,2026-08-31,1,0.3518283438221914,6.500991236467354,-0.2490087635326459,6.520059774110057,-0.2299402258899432,7.853439619418614,1.103439619418614
2026-09-01,2027-03,jaoh7_7500p,put,75.0,7.0,2026-08-31,1,0.3517206699422852,6.749596479661838,-0.25040352033816227,6.762480428480901,-0.2375195715190994,8.111309208065006,1.1113092080650055
2026-09-01,2027-09,jaou7_6820c,call,68.2,10.4,2026-08-31,1,0.3018439989575118,10.212822213855887,-0.1871777861441135,10.247868703665064,-0.1521312963349359,13.100312757697186,2.7003127576971853
2026-09-01,2027-09,jaou7_6825c,call,68.25,10.37,2026-08-31,1,0.301997662933079,10.192340851046874,-0.17765914895312562,10.22040192151321,-0.1495980784867896,13.077863400621435,2.707863400621436
2026-09-01,2027-09,jaou7_6860c,call,68.6,10.19,2026-08-31,1,0.3011338195545092,9.999064396049054,-0.19093560395094578,10.029620458057144,-0.1603795419428557,12.921631023255143,2.731631023255144
2026-09-01,2027-09,jaou7_6900c,call,69.0,9.97,2026-08-31,1,0.3003224274995528,9.785295473155536,-0.18470452684446492,9.81477479339054,-0.1552252066094599,12.745045079367022,2.775045079367022
2026-09-01,2027-09,jaou7_6905c,call,69.05,9.95,2026-08-31,1,0.3004481603480595,9.764817011996332,-0.1851829880036675,9.788158752542303,-0.161841247457696,12.72312201470233,2.7731220147023308
2026-09-01,2027-09,jaou7_6930c,call,69.3,9.82,2026-08-31,1,0.2999284912519411,9.632454356173485,-0.18754564382651573,9.655878398368715,-0.1641216016312849,12.614021304831756,2.7940213048317557
2026-09-01,2027-09,jaou7_7000c,call,70.0,9.46,2026-08-31,1,0.298415956507132,9.265808438875949,-0.19419156112405211,9.292594282525322,-0.1674057174746792,12.3131313124101,2.853131312410099
2026-09-01,2027-09,jaou7_7110c,call,71.1,8.92,2026-08-31,1,0.2963759511030767,8.71529304942899,-0.20470695057101018,8.742885784429461,-0.1771142155705387,11.853731123547972,2.933731123547972
2026-09-01,2027-09,jaou7_7200c,call,72.0,8.49,2026-08-31,1,0.294948630126528,8.286660696570937,-0.20333930342906292,8.312345031027043,-0.1776549689729574,11.489688397233136,2.999688397233136
2026-09-01,2027-09,jaou7_7335c,call,73.35,7.88,2026-08-31,1,0.2929640996587215,7.673711264834144,-0.206288735165856,7.698780964678057,-0.1812190353219431,10.962728341486809,3.082728341486809
2026-09-01,2027-09,jaou7_7400c,call,74.0,7.6,2026-08-31,1,0.2922958343079991,7.397522762760259,-0.20247723723974076,7.41704199340865,-0.1829580065913498,10.716673187129995,3.1166731871299955
2026-09-01,2027-09,jaou7_7450c,call,74.5,7.39,2026-08-31,1,0.2918857781999057,7.192794219830782,-0.19720578016921753,7.206309047119042,-0.1836909528809576,10.530817549844812,3.1408175498448125
2026-09-01,2027-09,jaou7_7500c,call,75.0,7.19,2026-08-31,1,0.2913259830742011,6.98806134827517,-0.20193865172483072,7.000741097524862,-0.1892589024751387,10.347817048385028,3.157817048385028
2026-09-01,2027-09,jaou7_7542c,call,75.42,7.02,2026-08-31,1,0.2906687106202136,6.814066020872825,-0.20593397912717482,6.832023488022696,-0.187976511977304,10.196273144906444,3.1762731449064443
2026-09-01,2027-09,jaou7_7550c,call,75.5,6.99,2026-08-31,1,0.2906176061590834,6.783319248366541,-0.206680751633459,6.800294175882638,-0.1897058241173619,10.167640954240367,3.177640954240367
2026-09-01,2027-09,jaou7_7600c,call,76.0,6.8,2026-08-31,1,0.2901226789694285,6.588633741855106,-0.21136625814489385,6.604920065758253,-0.1950799342417468,9.990428089337671,3.1904280893376717
2026-09-01,2027-09,jaou7_7610c,call,76.1,6.76,2026-08-31,1,0.2899338173039454,6.5476815557043215,-0.21231844429567825,6.566449449963571,-0.1935505500364289,9.955324460136746,3.195324460136746
2026-09-01,2027-09,jaou7_7705c,call,77.05,6.41,2026-08-31,1,0.2892960959079922,6.198922415507607,-0.21107758449239356,6.2109091546161785,-0.1990908453838216,9.627276087145278,3.2172760871452777
2026-09-01,2027-09,jaou7_7710c,call,77.1,6.39,2026-08-31,1,0.2891717659620495,6.178443710771934,-0.21155628922806535,6.192689992668874,-0.1973100073311258,9.610285246663889,3.220285246663889
2026-09-01,2027-09,jaou7_7725c,call,77.25,6.33,2026-08-31,1,0.2891528924478676,6.127090922641409,-0.20290907735859065,6.138325806006811,-0.1916741939931894,9.559464557010918,3.229464557010917
2026-09-01,2027-09,jaou7_5800p,put,58.0,3.28,2026-08-31,1,0.3289498082936818,3.1333702644204227,-0.14662973557957715,3.169366761314434,-0.1106332386855659,4.89870274112771,1.6187027411277106
2026-09-01,2027-09,jaou7_5900p,put,59.0,3.53,2026-08-31,1,0.3258565871068378,3.375971063469251,-0.15402893653074878,3.408068235104317,-0.1219317648956832,5.265652191830068,1.7356521918300678
2026-09-01,2027-09,jaou7_6000p,put,60.0,3.79,2026-08-31,1,0.3230837245918116,3.638248854731854,-0.15175114526814593,3.6626994027763313,-0.1273005972236687,5.647147834215268,1.857147834215268
2026-09-01,2027-09,jaou7_6200p,put,62.0,4.35,2026-08-31,1,0.3174518961854816,4.2021223758250965,-0.14787762417490313,4.2219407612368425,-0.1280592387631571,6.454665619392695,2.104665619392695
2026-09-01,2027-09,jaou7_6420p,put,64.2,5.06,2026-08-31,1,0.3114674335637036,4.8933238995495225,-0.1666761004504771,4.917999182332863,-0.142000817667137,7.412514643170379,2.3525146431703794
2026-09-01,2027-09,jaou7_6500p,put,65.0,5.33,2026-08-31,1,0.3094411996405946,5.166222778116407,-0.1637772218835929,5.192972257437082,-0.1370277425629185,7.777939299187612,2.4479392991876123
2026-09-01,2027-09,jaou7_6750p,put,67.5,6.28,2026-08-31,1,0.3038778280927336,6.103254901383887,-0.17674509861611298,6.129909508859877,-0.1500904911401228,8.9778964090603,2.6978964090602995
2026-09-01,2027-09,jaou7_6800p,put,68.0,6.48,2026-08-31,1,0.3026051135592018,6.298564870240781,-0.18143512975921983,6.331649385580668,-0.1483506144193329,9.228173447075775,2.748173447075775
2026-09-01,2027-09,jaou7_6900p,put,69.0,6.9,2026-08-31,1,0.3007284355803437,6.719060646913638,-0.18093935308636233,6.74965834224942,-0.1503416577505802,9.738522823410388,2.838522823410388
2026-09-01,2027-09,jaou7_7000p,put,70.0,7.34,2026-08-31,1,0.298600105026282,7.149469448020856,-0.19053055197914404,7.187123971140817,-0.1528760288591826,10.262349867310302,2.9223498673103023
2026-09-01,2027-09,jaou7_7400p,put,74.0,9.31,2026-08-31,1,0.2927126576256006,9.110773147925203,-0.19922685207479773,9.13159858839081,-0.1784014116091903,12.488854985457529,3.1788549854575283
2026-09-01,2027-09,jaou7_7450p,put,74.5,9.58,2026-08-31,1,0.2920162029045787,9.375951091273546,-0.20404890872645431,9.396355912760862,-0.1836440872391378,12.780869753600763,3.200869753600763
2026-09-01,2027-09,jaou7_7500p,put,75.0,9.86,2026-08-31,1,0.2915311321417705,9.651174423756487,-0.2088255762435125,9.665859436039472,-0.1941405639605271,13.075739657569391,3.215739657569392
2026-09-01,2028-03,jaoh8_6151c,call,61.51,13.26,2026-08-31,1,0.2753157061211994,12.919647793726453,-0.3403522062735469,12.939199857704086,-0.3208001422959139,16.874290062400956,3.614290062400956
2026-09-01,2028-03,jaoh8_6200c,call,62.0,12.97,2026-08-31,1,0.2740027626379855,12.617082046163002,-0.3529179538369984,12.642673800615356,-0.327326199384645,16.647083695114326,3.677083695114325
2026-09-01,2028-03,jaoh8_6420c,call,64.2,11.68,2026-08-31,1,0.2696527130423651,11.3450405149885,-0.33495948501149897,11.364416805717292,-0.3155831942827074,15.660642586910312,3.980642586910312
2026-09-01,2028-03,jaoh8_6500c,call,65.0,11.23,2026-08-31,1,0.2680748971032368,10.900541913052344,-0.3294580869476569,10.921476860614131,-0.3085231393858691,15.31540127497519,4.08540127497519
2026-09-01,2028-03,jaoh8_6600c,call,66.0,10.68,2026-08-31,1,0.2663093177095276,10.364829401695788,-0.3151705983042117,10.384442314715349,-0.2955576852846509,14.89385153298696,4.21385153298696
2026-09-01,2028-03,jaoh8_6775c,call,67.75,9.76,2026-08-31,1,0.2635444583375791,9.474663520228834,-0.28533647977116594,9.489436547075764,-0.270563452924236,14.181600757749012,4.421600757749012
2026-09-01,2028-03,jaoh8_6875c,call,68.75,9.25,2026-08-31,1,0.2623218300350967,8.998792579859073,-0.25120742014092734,9.003685528447344,-0.2463144715526564,13.789038713444686,4.539038713444686
2026-09-01,2028-03,jaoh8_6890c,call,68.9,9.17,2026-08-31,1,0.2621107260036565,8.927909549860273,-0.2420904501397274,8.9324329145408,-0.2375670854591991,13.73105599284408,4.56105599284408
2026-09-01,2028-03,jaoh8_7000c,call,70.0,8.64,2026-08-31,1,0.2603267189556839,8.411408383245004,-0.22859161675499706,8.422713045824946,-0.217286954175055,13.313228313353395,4.673228313353395
2026-09-01,2028-03,jaoh8_7110c,call,71.1,8.12,2026-08-31,1,0.2588898172803216,7.924901152761047,-0.19509884723895254,7.935413118540467,-0.1845868814595324,12.90775600304839,4.787756003048392
2026-09-01,2028-03,jaoh8_7275c,call,72.75,7.38,2026-08-31,1,0.2565667091590852,7.225130594134607,-0.15486940586539255,7.246017922517628,-0.1339820774823721,12.321551571291929,4.941551571291929
2026-09-01,2028-03,jaoh8_7340c,call,73.4,7.1,2026-08-31,1,0.2556603120996653,6.961290560357824,-0.13870943964217552,6.987940428646004,-0.1120595713539955,12.097831808735656,4.997831808735656
2026-09-01,2028-03,jaoh8_7450c,call,74.5,6.66,2026-08-31,1,0.2546032090187854,6.544884548261002,-0.11511545173899851,6.568278401156899,-0.091721598843101,11.728217732888115,5.068217732888115
2026-09-01,2028-03,jaoh8_7475c,call,74.75,6.56,2026-08-31,1,0.2543828011078589,6.453440024285185,-0.10655997571481457,6.4758603352644135,-0.0841396647355861,11.645670108535173,5.085670108535173
2026-09-01,2028-03,jaoh8_7500c,call,75.0,6.46,2026-08-31,1,0.2541332885620305,6.361994491595783,-0.09800550840421707,6.384527092778152,-0.0754729072218483,11.563658460142566,5.103658460142566
2026-09-01,2028-03,jaoh8_7550c,call,75.5,6.27,2026-08-31,1,0.2538596803841279,6.189152315109364,-0.08084768489063521,6.205092496833682,-0.0649075031663173,11.4012908592503,5.131290859250301
2026-09-01,2028-03,jaoh8_7670c,call,76.7,5.85,2026-08-31,1,0.2529883628754116,5.782371882404332,-0.06762811759566745,5.791777891223909,-0.058222108776091,11.020707120882443,5.170707120882444
2026-09-01,2028-03,jaoh8_7700c,call,77.0,5.75,2026-08-31,1,0.2529837262021375,5.690737746271326,-0.059262253728674,5.692211478243981,-0.0577885217560192,10.927526286493505,5.177526286493505
2026-09-01,2028-03,jaoh8_7775c,call,77.75,5.51,2026-08-31,1,0.2526417053710578,5.456625242494678,-0.05337475750532139,5.449754211880286,-0.0602457881197135,10.698001129715363,5.188001129715364
2026-09-01,2028-03,jaoh8_5740p,put,57.4,3.97,2026-08-31,1,0.2842190271062463,3.653137384901507,-0.316862615098493,3.674348264085756,-0.2956517359142441,7.023722300887577,3.053722300887577
2026-09-01,2028-03,jaoh8_5900p,put,59.0,4.42,2026-08-31,1,0.2804036943422791,4.094768295837406,-0.3252317041625936,4.11069137696332,-0.3093086230366797,7.708986088775839,3.288986088775838
2026-09-01,2028-03,jaoh8_6000p,put,60.0,4.72,2026-08-31,1,0.2780655092561293,4.389343817403468,-0.33065618259653196,4.404713573242605,-0.3152864267573951,8.153087846737682,3.433087846737682
2026-09-01,2028-03,jaoh8_6165p,put,61.65,5.25,2026-08-31,1,0.2743728767485534,4.9100757166760465,-0.3399242833239535,4.926918780657485,-0.323081219342515,8.911738761301898,3.6617387613018977
2026-09-01,2028-03,jaoh8_6200p,put,62.0,5.37,2026-08-31,1,0.2733257001785629,5.018097557278823,-0.351902442721177,5.04374637699911,-0.3262536230008903,9.076736038636383,3.7067360386363832
2026-09-01,2028-03,jaoh8_6250p,put,62.5,5.54,2026-08-31,1,0.2725325856795744,5.1951602933382,-0.34483970666179964,5.214375148738568,-0.3256248512614323,9.314880140922964,3.774880140922965
2026-09-01,2028-03,jaoh8_6500p,put,65.0,6.44,2026-08-31,1,0.2676320911089525,6.110197837747927,-0.32980216225207304,6.1344237535067165,-0.3055762464932838,10.547957275839314,4.107957275839314
2026-09-01,2028-03,jaoh8_6600p,put,66.0,6.83,2026-08-31,1,0.2660467239637515,6.514032141562625,-0.31596785843737507,6.534116593254399,-0.2958834067456006,11.060708752965104,4.230708752965104
2026-09-01,2028-03,jaoh8_6750p,put,67.5,7.44,2026-08-31,1,0.2638473136903143,7.154663964985339,-0.2853360350146614,7.1679701261328415,-0.2720298738671589,11.849663079256818,4.409663079256817
2026-09-01,2028-03,jaoh8_7000p,put,70.0,8.53,2026-08-31,1,0.260423120844408,8.308860336284019,-0.22113966371598082,8.316074008511519,-0.2139259914884803,13.217290409787624,4.687290409787625
2026-09-01,2028-03,jaoh8_7450p,put,74.5,10.77,2026-08-31,1,0.2548134259408606,10.650403179795841,-0.1195968202041584,10.666926376229023,-0.1030736237709746,15.83663531533544,5.066635315335441
2026-09-01,2028-09,jaou8_6151c,call,61.51,12.64,2026-08-31,1,0.2551805213317197,12.250737781603991,-0.3892622183960093,12.28913071971699,-0.3508692802830104,17.503871492298618,4.8638714922986175
2026-09-01,2028-09,jaou8_6500c,call,65.0,10.6,2026-08-31,1,0.2459269767096185,10.287044042473301,-0.31295595752669847,10.297828612529916,-0.302171387470084,16.10522668199123,5.50522668199123
2026-09-01,2028-09,jaou8_6570c,call,65.7,10.21,2026-08-31,1,0.2441205384644065,9.91415583748875,-0.29584416251125134,9.928559096798352,-0.2814409032016485,15.838952523672054,5.628952523672053
2026-09-01,2028-09,jaou8_6600c,call,66.0,10.05,2026-08-31,1,0.2435371585400989,9.762899752498585,-0.2871002475014155,9.77343611553942,-0.2765638844605806,15.72626812871517,5.676268128715169
2026-09-01,2028-09,jaou8_6650c,call,66.5,9.78,2026-08-31,1,0.2421912902340512,9.500800671008644,-0.27919932899135524,9.519092086549444,-0.2609079134505556,15.540309601171233,5.760309601171233
2026-09-01,2028-09,jaou8_6775c,call,67.75,9.12,2026-08-31,1,0.2392549116704777,8.875461432838248,-0.24453856716175082,8.906229162480487,-0.2137708375195117,15.08541009540818,5.965410095408181
2026-09-01,2028-09,jaou8_7000c,call,70.0,8.03,2026-08-31,1,0.235382753423034,7.855663745968702,-0.1743362540312976,7.885805708350718,-0.1441942916492813,14.300894294204522,6.270894294204522
2026-09-01,2028-09,jaou8_7110c,call,71.1,7.54,2026-08-31,1,0.2339667647750591,7.400852828227933,-0.13914717177206715,7.425308212451743,-0.1146917875482564,13.932764799329066,6.392764799329066
2026-09-01,2028-09,jaou8_7275c,call,72.75,6.86,2026-08-31,1,0.2321805551671714,6.763671707586856,-0.09632829241314411,6.780885768966758,-0.079114231033242,13.398549176938692,6.538549176938692
2026-09-01,2028-09,jaou8_7340c,call,73.4,6.61,2026-08-31,1,0.2316866251817876,6.530879783432496,-0.07912021656750401,6.5419855495584285,-0.0680144504415718,13.193767586138817,6.5837675861388165
2026-09-01,2028-09,jaou8_7450c,call,74.5,6.21,2026-08-31,1,0.2307289499288578,6.14617386561052,-0.0638261343894797,6.156489872793443,-0.0535101272065565,12.854622485337371,6.644622485337371
2026-09-01,2028-09,jaou8_7500c,call,75.0,6.03,2026-08-31,1,0.2304967142066012,5.984080047524005,-0.04591995247599545,5.9889288471726525,-0.0410711528273477,12.703530877825276,6.673530877825276
2026-09-01,2028-09,jaou8_7560c,call,75.6,5.83,2026-08-31,1,0.2301478125579175,5.7915753242649695,-0.03842467573503061,5.794050071018535,-0.0359499289814655,12.524708199570547,6.694708199570547
2026-09-01,2028-09,jaou8_7670c,call,76.7,5.49,2026-08-31,1,0.2296756216722187,5.457067010060515,-0.03293298993948479,5.4539307776092905,-0.0360692223907097,12.203738137411074,6.713738137411074
2026-09-01,2028-09,jaou8_7925c,call,79.25,4.78,2026-08-31,1,0.2287434094350425,4.746976746240172,-0.033023253759828286,4.746782865069881,-0.0332171349301191,11.49223137965874,6.71223137965874
2026-09-01,2028-09,jaou8_8000c,call,80.0,4.59,2026-08-31,1,0.2284927705729568,4.554111041601991,-0.035888958398008874,4.559220917996931,-0.0307790820030691,11.291147845454748,6.701147845454749
2026-09-01,2028-09,jaou8_5000p,put,50.0,3.0,2026-08-31,1,0.2819747075666921,2.589075434624082,-0.41092456537591815,2.6337595687103814,-0.3662404312896186,5.801897509580052,2.801897509580052
2026-09-01,2028-09,jaou8_5500p,put,55.0,4.15,2026-08-31,1,0.2704946411105477,3.740772507274542,-0.4092274927254582,3.7323333286561,-0.4176666713439001,7.798935782949714,3.6489357829497138
2026-09-01,2028-09,jaou8_5700p,put,57.0,4.69,2026-08-31,1,0.2655855687730119,4.272695328419301,-0.41730467158069917,4.25983654303611,-0.4301634569638901,8.676177661460526,3.986177661460526
2026-09-01,2028-09,jaou8_5740p,put,57.4,4.8,2026-08-31,1,0.2648236901463469,4.39099433990166,-0.40900566009834005,4.371789223871456,-0.4282107761285436,8.856771814895383,4.056771814895384
2026-09-01,2028-09,jaou8_6165p,put,61.65,6.06,2026-08-31,1,0.2540575295462722,5.692237967626203,-0.3677620323737969,5.700696335129094,-0.3593036648709056,10.876796098190702,4.816796098190703
2026-09-01,2028-09,jaou8_6200p,put,62.0,6.17,2026-08-31,1,0.2532068573912227,5.810605771102776,-0.35939422889722383,5.821848921053621,-0.3481510789463788,11.051144474978129,4.881144474978129
2026-09-01,2028-09,jaou8_6250p,put,62.5,6.33,2026-08-31,1,0.2518615045012401,5.978264392524529,-0.3517356074754714,5.9981006162675685,-0.3318993837324315,11.302284621359837,4.972284621359837
2026-09-01,2028-09,jaou8_6500p,put,65.0,7.18,2026-08-31,1,0.245464014622277,6.876165474452282,-0.3038345255477175,6.936200128676116,-0.2437998713238833,12.594097420473158,5.414097420473159
2026-09-01,2028-09,jaou8_6750p,put,67.5,8.13,2026-08-31,1,0.2397915330427591,7.883509241587923,-0.24649075841207768,7.970727918204947,-0.1592720817950539,13.945925835522976,5.815925835522975
2026-09-01,2028-09,jaou8_7000p,put,70.0,9.21,2026-08-31,1,0.2355686845010772,9.030514580686356,-0.1794854193136448,9.1031082676231,-0.1068917323768996,15.353306447826949,6.143306447826948
2026-09-01,2028-09,jaou8_7450p,put,74.5,11.51,2026-08-31,1,0.231451173090304,11.447282223536492,-0.06271777646350785,11.3881187736193,-0.1218812263806992,18.014221912586247,6.504221912586248
2026-09-02,2026-09,jaou6_9100c,call,91.0,2.11,2026-09-01,1,0.4814164675710954,2.2356191837228323,0.12561918372283243,2.2249027351939623,0.1149027351939624,1.8875415158856472,-0.2224584841143526
2026-09-02,2026-09,jaou6_9150c,call,91.5,1.91,2026-09-01,1,0.4835071795595946,2.0374671234784403,0.12746712347844036,2.0282494334592505,0.1182494334592505,1.6821004092230931,-0.2278995907769068
2026-09-02,2026-09,jaou6_9196c,call,91.96,1.74,2026-09-01,1,0.4861887913557088,1.8717732580414372,0.13177325804143725,1.8600185224168373,0.1200185224168375,1.5075645277771732,-0.2324354722228268
2026-09-02,2026-09,jaou6_9200c,call,92.0,1.73,2026-09-01,1,0.4868956449979147,1.8604026817214392,0.1304026817214392,1.8459489318855613,0.1159489318855613,1.493072502302467,-0.236927497697533
2026-09-02,2026-09,jaou6_9225c,call,92.25,1.65,2026-09-01,1,0.487725112187423,1.7724617760583057,0.12246177605830577,1.7599965844313488,0.1099965844313488,1.4047839884732638,-0.2452160115267361
2026-09-02,2026-09,jaou6_9250c,call,92.5,1.56,2026-09-01,1,0.4898763458982024,1.694700145261997,0.13470014526199692,1.677405486957849,0.1174054869578489,1.320477223229403,-0.2395227767705969
2026-09-02,2026-09,jaou6_9435c,call,94.35,1.06,2026-09-01,1,0.5007833485694159,1.1874612351676659,0.12746123516766583,1.162581275493339,0.1025812754933388,0.8115067111272714,-0.2484932888727287
2026-09-02,2026-09,jaou6_9500c,call,95.0,0.92,2026-09-01,1,0.5046365562529928,1.0446119725075755,0.1246119725075755,1.0178866546697252,0.0978866546697251,0.6755784054405011,-0.2444215945594989
2026-09-02,2026-09,jaou6_9800c,call,98.0,0.48,2026-09-01,1,0.5182669885039711,0.5554852972229578,0.07548529722295783,0.539508843145739,0.059508843145739,0.266966789236664,-0.2130332107633359
2026-09-02,2026-09,jaou6_10000c,call,100.0,0.3,2026-09-01,1,0.5290240561693822,0.36273550679530203,0.06273550679530204,0.3484926915579425,0.0484926915579425,0.1327203216632315,-0.1672796783367685
2026-09-02,2026-09,jaou6_10205c,call,102.05,0.19,2026-09-01,1,0.5416554551430736,0.23620988161207798,0.04620988161207798,0.2213269986870806,0.0313269986870806,0.0604967667817127,-0.1295032332182873
2026-09-02,2026-09,jaou6_10240c,call,102.4,0.17,2026-09-01,1,0.5416599909082136,0.21566027229305776,0.045660272293057746,0.2047599809777868,0.0347599809777867,0.0525662755602808,-0.1174337244397192
2026-09-02,2026-09,jaou6_10300c,call,103.0,0.15,2026-09-01,1,0.5421667237249473,0.18493451868896124,0.03493451868896125,0.1791809300599016,0.0291809300599016,0.0411808009340868,-0.1088191990659132
2026-09-02,2026-09,jaou6_10500c,call,105.0,0.09,2026-09-01,1,0.5560610126835149,0.12339484438226156,0.03339484438226156,0.1149021684746171,0.0249021684746171,0.017811129810043,-0.072188870189957
2026-09-02,2026-09,jaou6_10520c,call,105.2,0.09,2026-09-01,1,0.5531753687734716,0.11360151800999553,0.023601518009995534,0.1099223468080876,0.0199223468080876,0.0163317539474891,-0.0736682460525109
2026-09-02,2026-09,jaou6_10825c,call,108.25,0.04,2026-09-01,1,0.5631962320426821,0.05450610191651719,0.014506101916517189,0.0562612766877523,0.0162612766877523,0.0040664883133134,-0.0359335116866866
2026-09-02,2026-09,jaou6_11000c,call,110.0,0.03,2026-09-01,1,0.5685541525367148,0.0354416349716229,0.005441634971622901,0.0385849856112471,0.0085849856112471,0.0017186045260066,-0.0282813954739933
2026-09-02,2026-09,jaou6_7600p,put,76.0,0.02,2026-09-01,1,0.5028073337489354,0.019580527766313693,-0.000419472233686307,0.0194106268569882,-0.0005893731430117,0.003467489689304,-0.016532510310696
2026-09-02,2026-09,jaou6_7750p,put,77.5,0.04,2026-09-01,1,0.4911440215560227,0.036891433397158835,-0.003108566602841166,0.037352446029411,-0.0026475539705889,0.0102132063067568,-0.0297867936932432
2026-09-02,2026-09,jaou6_7800p,put,78.0,0.05,2026-09-01,1,0.4832600904697958,0.04284288807846437,-0.007157111921535633,0.0463592680886364,-0.0036407319113635,0.01424815030804,-0.03575184969196
2026-09-02,2026-09,jaou6_8000p,put,80.0,0.1,2026-09-01,1,0.4796357068863788,0.10741726309714927,0.007417263097149268,0.1075013753019593,0.0075013753019593,0.0483039287247385,-0.0516960712752615
2026-09-02,2026-09,jaou6_8200p,put,82.0,0.22,2026-09-01,1,0.4732799908301999,0.23489021615786498,0.014890216157864983,0.2358916628561989,0.0158916628561988,0.1370574295412393,-0.0829425704587606
2026-09-02,2026-09,jaou6_8250p,put,82.5,0.26,2026-09-01,1,0.4707428855501457,0.27936836066947546,0.01936836066947545,0.2839758764988147,0.0239758764988147,0.1731217866321027,-0.0868782133678973
2026-09-02,2026-10,jaov6_9200c,call,92.0,3.38,2026-09-01,1,0.4836791700613758,3.523529561761712,0.14352956176171228,3.501292777739685,0.121292777739685,2.7615885453698814,-0.6184114546301185
2026-09-02,2026-10,jaov6_9225c,call,92.25,3.3,2026-09-01,1,0.4846351791889421,3.450994556906138,0.1509945569061384,3.4283947461879007,0.1283947461879009,2.683245464673208,-0.616754535326792
2026-09-02,2026-10,jaov6_9348c,call,93.48,2.97,2026-09-01,1,0.4888112581469588,3.1091856777526203,0.13918567775262014,3.090553789129201,0.1205537891292007,2.322760832075056,-0.6472391679249441
2026-09-02,2026-10,jaov6_9353c,call,93.53,2.96,2026-09-01,1,0.4892398387428854,3.0987326985341714,0.13873269853417147,3.0775282361989915,0.1175282361989915,2.308961581507712,-0.6510384184922882
2026-09-02,2026-10,jaov6_9435c,call,94.35,2.75,2026-09-01,1,0.4921717066101524,2.8914931736700176,0.14149317367001757,2.871434644396221,0.1214346443962215,2.091823196382628,-0.6581768036173719
2026-09-02,2026-10,jaov6_9800c,call,98.0,2.0,2026-09-01,1,0.5053242514066737,2.1246805684819536,0.12468056848195364,2.108932603823312,0.108932603823312,1.318066633371323,-0.6819333666286771
2026-09-02,2026-10,jaov6_9911c,call,99.11,1.82,2026-09-01,1,0.5096644461105059,1.9381329797149989,0.11813297971499881,1.9206701224687557,0.1006701224687554,1.137467418331758,-0.6825325816682422
2026-09-02,2026-10,jaov6_9955c,call,99.55,1.75,2026-09-01,1,0.5110053708915459,1.8657025046234141,0.11570250462341414,1.8509424582388136,0.1009424582388138,1.0718692263826055,-0.6781307736173945
2026-09-02,2026-10,jaov6_10000c,call,100.0,1.69,2026-09-01,1,0.5122466008555618,1.7933129518006807,0.10331295180068079,1.7823540916253735,0.0923540916253735,1.0081456122840218,-0.6818543877159782
2026-09-02,2026-10,jaov6_10205c,call,102.05,1.41,2026-09-01,1,0.5199885800132948,1.5137624557986353,0.10376245579863541,1.5020540413881267,0.0920540413881267,0.7580729549737009,-0.6519270450262991
2026-09-02,2026-10,jaov6_10240c,call,102.4,1.37,2026-09-01,1,0.5214975894805519,1.472328118553993,0.10232811855399282,1.4590623802003766,0.0890623802003764,0.7212343163653586,-0.6487656836346415
2026-09-02,2026-10,jaov6_10300c,call,103.0,1.3,2026-09-01,1,0.5235246975219535,1.3999583319398714,0.09995833193987136,1.3883898191548505,0.0883898191548504,0.6617192827848515,-0.6382807172151486
2026-09-02,2026-10,jaov6_10500c,call,105.0,1.1,2026-09-01,1,0.53150089524875,1.1930973216024767,0.09309732160247663,1.1781932563034134,0.0781932563034133,0.4943178459072384,-0.6056821540927617
2026-09-02,2026-10,jaov6_10800c,call,108.0,0.86,2026-09-01,1,0.5420352157796724,0.935145873652625,0.07514587365262504,0.9251488420983256,0.0651488420983257,0.3137343969891223,-0.5462656030108777
2026-09-02,2026-10,jaov6_11500c,call,115.0,0.5,2026-09-01,1,0.5670889351268473,0.5443774302700639,0.04437743027006391,0.5398433131105087,0.0398433131105087,0.1014546550090117,-0.3985453449909883
2026-09-02,2026-10,jaov6_12100c,call,121.0,0.32,2026-09-01,1,0.590642908541089,0.3601819013513392,0.0401819013513392,0.3515583392759479,0.0315583392759478,0.0362575359933538,-0.2837424640066462
2026-09-02,2026-10,jaov6_12500c,call,125.0,0.25,2026-09-01,1,0.6061951967253327,0.278724677330927,0.028724677330926984,0.26894338076685,0.0189433807668499,0.0179921232518288,-0.2320078767481712
2026-09-02,2026-10,jaov6_16000c,call,160.0,0.04,2026-09-01,1,0.7276846309095959,0.0478122474122671,0.007812247412267097,0.0464211991054912,0.0064211991054912,5.760507558197836e-05,-0.039942394924418
2026-09-02,2026-10,jaov6_7200p,put,72.0,0.51,2026-09-01,1,0.4557983730812583,0.5434436290661413,0.03344362906614129,0.5499108450661279,0.0399108450661278,0.3721563113970466,-0.1378436886029534
2026-09-02,2026-10,jaov6_7400p,put,74.0,0.72,2026-09-01,1,0.4519274668775522,0.7831845863547269,0.0631845863547269,0.7849176800060729,0.0649176800060729,0.5830590218893362,-0.1369409781106637
2026-09-02,2026-10,jaov6_7450p,put,74.5,0.79,2026-09-01,1,0.4514715629655312,0.8574442258240325,0.06744422582403242,0.8564905291267166,0.0664905291267166,0.6479077962242383,-0.1420922037757617
2026-09-02,2026-10,jaov6_7500p,put,75.0,0.87,2026-09-01,1,0.4501811931970051,0.93181812568859,0.06181812568859002,0.933795439965408,0.063795439965408,0.7182551644506627,-0.1517448355493372
2026-09-02,2026-10,jaov6_7600p,put,76.0,1.03,2026-09-01,1,0.4482146424878556,1.0998035424907648,0.06980354249076481,1.10680595966919,0.0768059596691899,0.8761006457731404,-0.1538993542268596
2026-09-02,2026-10,jaov6_7800p,put,78.0,1.44,2026-09-01,1,0.4478868791941213,1.5325644460715697,0.09256444607156977,1.5345581290304793,0.0945581290304793,1.2676740483237738,-0.1723259516762261
2026-09-02,2026-10,jaov6_8000p,put,80.0,1.98,2026-09-01,1,0.4485273652689318,2.083154138470351,0.10315413847035115,2.0852122373360027,0.1052122373360027,1.7724399775451862,-0.2075600224548137
2026-09-02,2026-10,jaov6_8200p,put,82.0,2.65,2026-09-01,1,0.4520096665473098,2.782116337589259,0.13211633758925911,2.771793488011676,0.1217934880116762,2.400799683473088,-0.2492003165269118
2026-09-02,2026-10,jaov6_9000p,put,90.0,6.81,2026-09-01,1,0.4757023722800469,6.959485734171116,0.1494857341711162,6.937488313612146,0.1274883136121465,6.268166475978108,-0.5418335240218912
2026-09-02,2026-11,jaox6_8950c,call,89.5,4.57,2026-09-01,1,0.4629856620329661,4.708800436051442,0.13880043605144188,4.698561016350295,0.1285610163502948,4.066755261783021,-0.5032447382169796
2026-09-02,2026-11,jaox6_9000c,call,90.0,4.42,2026-09-01,1,0.4642548469059114,4.556580368543554,0.13658036854355426,4.548629743715495,0.1286297437154955,3.9008167082863454,-0.5191832917136545
2026-09-02,2026-11,jaox6_9025c,call,90.25,4.35,2026-09-01,1,0.4651168146222558,4.485489890725055,0.13548989072505524,4.4754775029797065,0.1254775029797068,3.820003334019867,-0.5299966659801325
2026-09-02,2026-11,jaox6_9100c,call,91.0,4.14,2026-09-01,1,0.4672205956138537,4.2723376220414595,0.13233762204145982,4.263085081902073,0.1230850819020732,3.5855786646925747,-0.554421335307425
2026-09-02,2026-11,jaox6_9196c,call,91.96,3.88,2026-09-01,1,0.4702226103091829,4.018521559938177,0.1385215599381775,4.006147354166115,0.1261473541661146,3.302852302738597,-0.5771476972614029
2026-09-02,2026-11,jaox6_9200c,call,92.0,3.87,2026-09-01,1,0.470353253193409,4.008367895880434,0.13836789588043352,3.9957936599989496,0.1257936599989495,3.2914835324252025,-0.5785164675747976
2026-09-02,2026-11,jaox6_9225c,call,92.25,3.81,2026-09-01,1,0.4705828628430784,3.937427786210413,0.12742778621041273,3.931706248533202,0.1217062485332021,3.2211423271724064,-0.5888576728275936
2026-09-02,2026-11,jaox6_9348c,call,93.48,3.51,2026-09-01,1,0.4745848166806846,3.642988441521524,0.13298844152152434,3.6315946521208375,0.1215946521208377,2.892420334532281,-0.6175796654677188
2026-09-02,2026-11,jaox6_9353c,call,93.53,3.5,2026-09-01,1,0.4748431711652429,3.632815044444182,0.13281504444418202,3.619913599573744,0.1199135995737439,2.8796580361667394,-0.6203419638332606
2026-09-02,2026-11,jaox6_9435c,call,94.35,3.32,2026-09-01,1,0.4767479683899059,3.4400888184377836,0.12008881843778374,3.4338884535216283,0.1138884535216284,2.6769107936697765,-0.6430892063302234
2026-09-02,2026-11,jaox6_9911c,call,99.11,2.45,2026-09-01,1,0.4911191378599276,2.5472448759648456,0.09724487596484543,2.5381869684587026,0.0881869684587024,1.7268486582274851,-0.723151341772515
2026-09-02,2026-11,jaox6_10000c,call,100.0,2.31,2026-09-01,1,0.4942516417060823,2.4153490723626265,0.10534907236262647,2.401050128431069,0.0910501284310685,1.5866698540895003,-0.7233301459104997
2026-09-02,2026-11,jaox6_10205c,call,102.05,2.04,2026-09-01,1,0.4997049367219059,2.12150253279895,0.08150253279894981,2.11570418887844,0.0757041888784395,1.3019129781658116,-0.7380870218341884
2026-09-02,2026-11,jaox6_10240c,call,102.4,1.99,2026-09-01,1,0.5011534608524747,2.0809106478996746,0.09091064789967462,2.0709306977123743,0.0809306977123742,1.258139512717291,-0.731860487282709
2026-09-02,2026-11,jaox6_10500c,call,105.0,1.7,2026-09-01,1,0.5087705813722663,1.77706388726519,0.07706388726519009,1.7703825153662405,0.0703825153662405,0.9726314571577164,-0.7273685428422836
2026-09-02,2026-11,jaox6_10800c,call,108.0,1.43,2026-09-01,1,0.5182333555198193,1.4936374321797157,0.06363743217971574,1.4846962166268134,0.0546962166268134,0.7168598057754021,-0.7131401942245978
2026-09-02,2026-11,jaox6_7200p,put,72.0,1.53,2026-09-01,1,0.4345023204801805,1.6205491108524939,0.09054911085249384,1.6205931047732118,0.0905931047732118,1.4627725840657704,-0.0672274159342296
2026-09-02,2026-11,jaox6_7400p,put,74.0,1.99,2026-09-01,1,0.4328870944458517,2.098004016566117,0.10800401656611691,2.098080733458115,0.108080733458115,1.9342007355954776,-0.0557992644045224
2026-09-02,2026-11,jaox6_7450p,put,74.5,2.13,2026-09-01,1,0.4328031971277751,2.2347184664164406,0.10471846641644067,2.2334501365402115,0.1034501365402116,2.0668163942251248,-0.0631836057748751
2026-09-02,2026-11,jaox6_7500p,put,75.0,2.26,2026-09-01,1,0.4321958973423356,2.3715123642098703,0.11151236420987054,2.375514371362108,0.1155143713621082,2.2053281804973883,-0.0546718195026114
2026-09-02,2026-11,jaox6_7600p,put,76.0,2.56,2026-09-01,1,0.4320481471829257,2.6748358459721633,0.11483584597216323,2.6802330498773355,0.1202330498773354,2.500797662044325,-0.0592023379556749
2026-09-02,2026-11,jaox6_7800p,put,78.0,3.25,2026-09-01,1,0.4337419857168816,3.3810826800843232,0.13108268008432322,3.3748872992961507,0.1248872992961507,3.1691203410087274,-0.0808796589912725
2026-09-02,2026-11,jaox6_8000p,put,80.0,4.06,2026-09-01,1,0.4351181063847663,4.187617457593477,0.12761745759347765,4.18668135951604,0.1266813595160405,3.94300252843173,-0.1169974715682697
2026-09-02,2026-11,jaox6_8200p,put,82.0,4.99,2026-09-01,1,0.4383534665996885,5.124443272753297,0.13444327275329648,5.116818065441775,0.1268180654417747,4.822907033936426,-0.1670929660635742
2026-09-02,2026-11,jaox6_9000p,put,90.0,9.81,2026-09-01,1,0.4580097575376678,9.95099226112357,0.14099226112356966,9.939937422135536,0.1299374221355353,9.369620583397154,-0.4403794166028465
2026-09-02,2027-03,jaoh7_7900c,call,79.0,6.53,2026-09-01,1,0.3642481315078635,6.608373744700681,0.0783737447006807,6.610381118753628,0.0803811187536274,7.715965487882086,1.1859654878820851
2026-09-02,2027-03,jaoh7_8000c,call,80.0,6.17,2026-09-01,1,0.3648193451958413,6.244806131189554,0.07480613118955404,6.249644398656903,0.079644398656903,7.337959933978244,1.1679599339782438
2026-09-02,2027-03,jaoh7_8025c,call,80.25,6.08,2026-09-01,1,0.3649491779599611,6.15640640795933,0.07640640795932985,6.162671155247122,0.0826711552471222,7.24583070652147,1.1658307065214704
2026-09-02,2027-03,jaoh7_8075c,call,80.75,5.91,2026-09-01,1,0.3655219707569773,5.9895362399424315,0.07953623994243131,5.992498562615579,0.0824985626155792,7.064540842688706,1.1545408426887065
2026-09-02,2027-03,jaoh7_8100c,call,81.0,5.82,2026-09-01,1,0.3655002464985846,5.901150012734981,0.08115001273498113,5.909275934895862,0.0892759348958618,6.975463730429021,1.1554637304290205
2026-09-02,2027-03,jaoh7_8102c,call,81.02,5.82,2026-09-01,1,0.365365834932458,5.891303966594609,0.07130396659460914,5.902671275583177,0.0826712755831771,6.968377188076293,1.1483771880762923
2026-09-02,2027-03,jaoh7_8150c,call,81.5,5.66,2026-09-01,1,0.3657736791878924,5.734304216424853,0.07430421642485285,5.746498766533724,0.0864987665337242,6.800140290133257,1.140140290133257
2026-09-02,2027-03,jaoh7_8185c,call,81.85,5.55,2026-09-01,1,0.3662690644770163,5.6264378620204,0.07643786202040026,5.6354226954535,0.0854226954535004,6.679586757380124,1.1295867573801246
2026-09-02,2027-03,jaoh7_8342c,call,83.42,5.07,2026-09-01,1,0.3679779906007074,5.15594133555655,0.0859413355565497,5.165267442632239,0.095267442632239,6.160370709103933,1.090370709103933
2026-09-02,2027-03,jaoh7_8500c,call,85.0,4.64,2026-09-01,1,0.3699188117035474,4.725146592745446,0.08514659274544645,4.736169637468932,0.0961696374689324,5.6736835682108575,1.0336835682108578
2026-09-02,2027-03,jaoh7_8525c,call,85.25,4.58,2026-09-01,1,0.3705276687115532,4.666495705977291,0.08649570597729106,4.672111826508645,0.0921118265086446,5.599826370997791,1.0198263709977908
2026-09-02,2027-03,jaoh7_8575c,call,85.75,4.45,2026-09-01,1,0.3711375540726414,4.539320401693601,0.08932040169360089,4.547021929872819,0.0970219298728185,5.454575443361169,1.004575443361169
2026-09-02,2027-03,jaoh7_8675c,call,86.75,4.21,2026-09-01,1,0.3723404798890682,4.294868387041304,0.08486838704130406,4.3085864275024885,0.0985864275024885,5.173891784505937,0.9638917845059368
2026-09-02,2027-03,jaoh7_8700c,call,87.0,4.15,2026-09-01,1,0.3726609548646697,4.236227491475586,0.08622749147558562,4.251349903539194,0.1013499035391936,5.10569598169218,0.9556959816921796
2026-09-02,2027-03,jaoh7_8705c,call,87.05,4.14,2026-09-01,1,0.372818746665626,4.226472266268291,0.08647226626829152,4.240013833917484,0.100013833917484,5.092149017671516,0.9521490176715162
2026-09-02,2027-03,jaoh7_6800p,put,68.0,4.05,2026-09-01,1,0.3723230499074573,4.170605842448726,0.12060584244872619,4.160766907296406,0.1107669072964059,4.982057436531129,0.9320574365311288
2026-09-02,2027-03,jaoh7_6900p,put,69.0,4.41,2026-09-01,1,0.3706545051370363,4.526520851300303,0.11652085130030265,4.515772790340447,0.1057727903404472,5.391988950257363,0.9819889502573628
2026-09-02,2027-03,jaoh7_7000p,put,70.0,4.79,2026-09-01,1,0.3690537563738271,4.9026211520549285,0.11262115205492851,4.892814987454534,0.1028149874545336,5.820056481595498,1.0300564815954978
2026-09-02,2027-03,jaoh7_7100p,put,71.0,5.19,2026-09-01,1,0.3675066433700696,5.29889151001475,0.1088915100147494,5.2921604726987965,0.1021604726987961,6.26650880028812,1.0765088002881198
2026-09-02,2027-03,jaoh7_7150p,put,71.5,5.4,2026-09-01,1,0.3671257386634621,5.512081059114617,0.11208105911461708,5.500254615709576,0.1002546157095753,6.496601032666842,1.0966010326668414
2026-09-02,2027-03,jaoh7_7300p,put,73.0,6.06,2026-09-01,1,0.3650245216954402,6.161860327998558,0.10186032799855838,6.158357029472341,0.098357029472341,7.213348197887385,1.153348197887385
2026-09-02,2027-03,jaoh7_7400p,put,74.0,6.53,2026-09-01,1,0.3640655054413791,6.628508434312399,0.09850843431239831,6.625269522424374,0.095269522424374,7.713543155338221,1.1835431553382207
2026-09-02,2027-03,jaoh7_7450p,put,74.5,6.77,2026-09-01,1,0.3637137659180934,6.8718580149671,0.10185801496710045,6.867146992691185,0.0971469926911856,7.969953362222123,1.1999533622221232
2026-09-02,2027-03,jaoh7_7500p,put,75.0,7.03,2026-09-01,1,0.3636044832786546,7.125206751132306,0.09520675113230581,7.114611266236749,0.0846112662367488,8.230774537286068,1.200774537286068
2026-09-02,2027-09,jaou7_6820c,call,68.2,9.92,2026-09-01,1,0.3089558724262247,10.079995480802651,0.15999548080265136,10.055111540460686,0.1351115404606861,12.774829562880084,2.8548295628800844
2026-09-02,2027-09,jaou7_6825c,call,68.25,9.89,2026-09-01,1,0.308742462039751,10.050424136118405,0.16042413611840445,10.028498589029253,0.1384985890292522,12.752686312687604,2.862686312687604
2026-09-02,2027-09,jaou7_6860c,call,68.6,9.71,2026-09-01,1,0.3083433485270205,9.873412264301441,0.1634122643014404,9.843677564640457,0.1336775646404557,12.598623053407742,2.8886230534077413
2026-09-02,2027-09,jaou7_6900c,call,69.0,9.5,2026-09-01,1,0.307255819303462,9.65686615909469,0.15686615909469026,9.635605385109894,0.1356053851098941,12.424613557168197,2.924613557168197
2026-09-02,2027-09,jaou7_6905c,call,69.05,9.47,2026-09-01,1,0.3073945958122265,9.63728863085193,0.1672886308519299,9.60983289697971,0.1398328969797102,12.403018638100736,2.9330186381007355
2026-09-02,2027-09,jaou7_6930c,call,69.3,9.34,2026-09-01,1,0.3069392528018473,9.509451032449473,0.1694510324494729,9.481759143478808,0.1417591434788079,12.295569657288883,2.9555696572888834
2026-09-02,2027-09,jaou7_7000c,call,70.0,8.99,2026-09-01,1,0.3056105017880783,9.155548514653187,0.16554851465318698,9.130145567399572,0.1401455673995713,11.999314858582016,3.009314858582016
2026-09-02,2027-09,jaou7_7110c,call,71.1,8.45,2026-09-01,1,0.3038708751064641,8.625205662774903,0.17520566277490346,8.598402028274357,0.1484020282743579,11.547062107959947,3.097062107959948
2026-09-02,2027-09,jaou7_7200c,call,72.0,8.03,2026-09-01,1,0.3023365599324949,8.203191531166581,0.17319153116658192,8.182159137099763,0.1521591370997637,11.188748172381128,3.158748172381129
2026-09-02,2027-09,jaou7_7335c,call,73.35,7.43,2026-09-01,1,0.3003983289379889,7.605211099951591,0.175211099951591,7.5892502316940815,0.1592502316940818,10.670013179210471,3.240013179210472
2026-09-02,2027-09,jaou7_7400c,call,74.0,7.15,2026-09-01,1,0.299574468417816,7.331000048314458,0.18100004831445737,7.317079344070954,0.1670793440709532,10.42794480611405,3.27794480611405
2026-09-02,2027-09,jaou7_7450c,call,74.5,6.95,2026-09-01,1,0.2989656437640113,7.125450861753867,0.17545086175386704,7.113526772826433,0.1635267728264331,10.245063930433927,3.295063930433927
2026-09-02,2027-09,jaou7_7500c,call,75.0,6.75,2026-09-01,1,0.2985701013342146,6.929854278878639,0.17985427887863903,6.914976385729734,0.1649763857297337,10.065046617860045,3.3150466178600446
2026-09-02,2027-09,jaou7_7542c,call,75.42,6.59,2026-09-01,1,0.2980542715328544,6.7635887549265465,0.17358875492654668,6.752023754720635,0.1620237547206349,9.916149197925002,3.3261491979250017
2026-09-02,2027-09,jaou7_7550c,call,75.5,6.56,2026-09-01,1,0.2980299021326588,6.734282445335864,0.174282445335864,6.721378833437433,0.1613788334374337,9.888016709164267,3.328016709164268
2026-09-02,2027-09,jaou7_7600c,call,76.0,6.37,2026-09-01,1,0.2977049548609277,6.548650037855671,0.1786500378556708,6.532681070638357,0.1626810706383565,9.71375457328804,3.3437545732880407
2026-09-02,2027-09,jaou7_7610c,call,76.1,6.33,2026-09-01,1,0.2975511257996436,6.509544226617514,0.179544226617514,6.495524575850913,0.1655245758509131,9.679235297067148,3.349235297067148
2026-09-02,2027-09,jaou7_7705c,call,77.05,5.98,2026-09-01,1,0.2968845202676476,6.167808691508039,0.1878086915080388,6.152108976078323,0.1721089760783227,9.356817108866355,3.376817108866355
2026-09-02,2027-09,jaou7_7710c,call,77.1,5.97,2026-09-01,1,0.296778657735628,6.1482619029184296,0.1782619029184298,6.134509691236846,0.1645096912368462,9.34011669642544,3.3701166964254403
2026-09-02,2027-09,jaou7_7725c,call,77.25,5.92,2026-09-01,1,0.2964525857717921,6.089624113720507,0.16962411372050745,6.081994037984599,0.1619940379845985,9.290181286161554,3.3701812861615537
2026-09-02,2027-09,jaou7_5800p,put,58.0,3.26,2026-09-01,1,0.3363066610108713,3.3767829013727955,0.11678290137279568,3.3540058807282414,0.0940058807282415,5.003141221033151,1.7431412210331514
2026-09-02,2027-09,jaou7_5900p,put,59.0,3.51,2026-09-01,1,0.3333023771964659,3.6334115944258034,0.12341159442580363,3.60135693852105,0.0913569385210504,5.376031838293849,1.866031838293849
2026-09-02,2027-09,jaou7_6000p,put,60.0,3.77,2026-09-01,1,0.3301664224826396,3.90027708639505,0.1302770863950502,3.865307573385032,0.0953075733850314,5.763574650124898,1.993574650124898
2026-09-02,2027-09,jaou7_6200p,put,62.0,4.35,2026-09-01,1,0.3239286930539124,4.474782844346125,0.12478284434612519,4.4451897735967325,0.0951897735967328,6.58400239786046,2.2340023978604604
2026-09-02,2027-09,jaou7_6420p,put,64.2,5.06,2026-09-01,1,0.3183413310167618,5.202001184530004,0.1420011845300042,5.166938314252202,0.1069383142522024,7.556192388860029,2.4961923888600293
2026-09-02,2027-09,jaou7_6500p,put,65.0,5.34,2026-09-01,1,0.3160671159587284,5.478512478221465,0.1385124782214655,5.451983201913829,0.1119832019138291,7.926694971279811,2.586694971279811
2026-09-02,2027-09,jaou7_6750p,put,67.5,6.29,2026-09-01,1,0.3106726862814757,6.4497646924997465,0.15976469249974645,6.422632231896204,0.1326322318962036,9.14316809123286,2.8531680912328605
2026-09-02,2027-09,jaou7_6800p,put,68.0,6.5,2026-09-01,1,0.3095211812255396,6.654144924034276,0.15414492403427626,6.631477523133715,0.1314775231337153,9.39663434958156,2.8966343495815607
2026-09-02,2027-09,jaou7_6900p,put,69.0,6.92,2026-09-01,1,0.3075205037988602,7.083015348740956,0.1630153487409558,7.064007002271293,0.1440070022712927,9.913563737703578,2.993563737703578
2026-09-02,2027-09,jaou7_7000p,put,70.0,7.37,2026-09-01,1,0.3056590496621967,7.5320106866009,0.16201068660090012,7.516356012635434,0.1463560126354339,10.444311665778356,3.074311665778356
2026-09-02,2027-09,jaou7_7400p,put,74.0,9.36,2026-09-01,1,0.299874584776102,9.538632157355497,0.17863215735549787,9.522664737228428,0.1626647372284289,12.697128119954224,3.337128119954224
2026-09-02,2027-09,jaou7_7450p,put,74.5,9.64,2026-09-01,1,0.2993418165869336,9.813215754217229,0.17321575421722812,9.795264610799356,0.1552646107993549,12.992270557604584,3.352270557604584
2026-09-02,2027-09,jaou7_7500p,put,75.0,9.92,2026-09-01,1,0.2990223581116473,10.09774968678558,0.1777496867855799,10.072605737748008,0.1526057377480079,13.290276558361176,3.3702765583611765
2026-09-02,2028-03,jaoh8_6151c,call,61.51,12.85,2026-09-01,1,0.2875875962918838,12.990809403403892,0.14080940340389247,12.978280150191056,0.1282801501910562,16.60488532157742,3.754885321577421
2026-09-02,2028-03,jaoh8_6200c,call,62.0,12.56,2026-09-01,1,0.2865770502771137,12.703524889456434,0.14352488945643316,12.680440340190012,0.1204403401900116,16.37953320882057,3.819533208820568
2026-09-02,2028-03,jaoh8_6420c,call,64.2,11.28,2026-09-01,1,0.2810332905971806,11.42609278021294,0.1460927802129408,11.391655415685689,0.1116554156856892,15.401480514077065,4.121480514077065
2026-09-02,2028-03,jaoh8_6500c,call,65.0,10.83,2026-09-01,1,0.2791037195855875,10.980833828603082,0.1508338286030817,10.943040844541072,0.1130408445410715,15.059403812999548,4.229403812999548
2026-09-02,2028-03,jaoh8_6600c,call,66.0,10.29,2026-09-01,1,0.2766849637723109,10.436877652908159,0.14687765290815946,10.397577869298624,0.1075778692986251,14.641607632630691,4.351607632630692
2026-09-02,2028-03,jaoh8_6775c,call,67.75,9.37,2026-09-01,1,0.2727121276023998,9.52773407956812,0.15773407956812058,9.48443746656616,0.1144374665661605,13.936112334991344,4.566112334991345
2026-09-02,2028-03,jaoh8_6875c,call,68.75,8.87,2026-09-01,1,0.2703039249071481,9.024095465432687,0.15409546543268782,8.98653109208615,0.1165310920861504,13.5474612576691,4.677461257669101
2026-09-02,2028-03,jaoh8_6890c,call,68.9,8.79,2026-09-01,1,0.2697916267310309,8.94507174712097,0.15507174712097083,8.913350746913608,0.1233507469136085,13.490096414516724,4.700096414516725
2026-09-02,2028-03,jaoh8_7000c,call,70.0,8.26,2026-09-01,1,0.2675105789885387,8.422165860186912,0.16216586018691181,8.388718038807083,0.128718038807083,13.076662612512772,4.816662612512772
2026-09-02,2028-03,jaoh8_7110c,call,71.1,7.75,2026-09-01,1,0.2649778918656144,7.909385896513283,0.1593858965132826,7.885251549224197,0.135251549224197,12.675337119240316,4.925337119240316
2026-09-02,2028-03,jaoh8_7275c,call,72.75,7.02,2026-09-01,1,0.2613703399652892,7.180348054672585,0.1603480546725855,7.16962793611314,0.1496279361131405,12.095523258425782,5.075523258425783
2026-09-02,2028-03,jaoh8_7340c,call,73.4,6.75,2026-09-01,1,0.2599589560230217,6.904706403239725,0.15470640323972518,6.9006815940911785,0.1506815940911785,11.874323494760333,5.124323494760333
2026-09-02,2028-03,jaoh8_7450c,call,74.5,6.32,2026-09-01,1,0.2581722381167388,6.471985146609319,0.15198514660931828,6.4620904636454295,0.1420904636454292,11.508671038786629,5.188671038786628
2026-09-02,2028-03,jaoh8_7475c,call,74.75,6.22,2026-09-01,1,0.2576880008289961,6.373658994514625,0.1536589945146254,6.365292737426819,0.1452927374268195,11.427029855545891,5.207029855545891
2026-09-02,2028-03,jaoh8_7500c,call,75.0,6.13,2026-09-01,1,0.2571748414555946,6.275340929430215,0.14534092943021548,6.269555963794973,0.1395559637949732,11.345940461424185,5.215940461424185
2026-09-02,2028-03,jaoh8_7550c,call,75.5,5.95,2026-09-01,1,0.256372400074879,6.0886511569063995,0.1386511569063993,6.081251833311329,0.131251833311329,11.1854493101466,5.2354493101466
2026-09-02,2028-03,jaoh8_7670c,call,76.7,5.54,2026-09-01,1,0.2551015349272292,5.676396680529828,0.13639668052982756,5.64640713520489,0.1064071352048898,10.809367456230197,5.269367456230197
2026-09-02,2028-03,jaoh8_7700c,call,77.0,5.44,2026-09-01,1,0.2548386798748834,5.578306607784735,0.13830660778473458,5.541426257110249,0.1014262571102486,10.717306960358554,5.277306960358554
2026-09-02,2028-03,jaoh8_7775c,call,77.75,5.21,2026-09-01,1,0.2543207693911642,5.343013517511897,0.13301351751189738,5.2854190564303085,0.0754190564303085,10.490658485413135,5.280658485413135
2026-09-02,2028-03,jaoh8_5740p,put,57.4,3.93,2026-09-01,1,0.2971010039352366,4.05309961709111,0.12309961709111006,4.032656276046245,0.1026562760462446,7.1122997896985565,3.1822997896985563
2026-09-02,2028-03,jaoh8_5900p,put,59.0,4.39,2026-09-01,1,0.2929717906245264,4.511416640119002,0.12141664011900222,4.4914103369187295,0.1014103369187298,7.803997137272398,3.413997137272398
2026-09-02,2028-03,jaoh8_6000p,put,60.0,4.69,2026-09-01,1,0.2904775166320678,4.816837389310297,0.12683738931029698,4.796336940795184,0.1063369407951837,8.252074628200978,3.5620746282009774
2026-09-02,2028-03,jaoh8_6165p,put,61.65,5.22,2026-09-01,1,0.286590063909527,5.356142762301981,0.13614276230198108,5.330950131770087,0.1109501317700871,9.017373928668484,3.797373928668484
2026-09-02,2028-03,jaoh8_6200p,put,62.0,5.34,2026-09-01,1,0.2858668102443503,5.478174901254982,0.138174901254982,5.449484046776047,0.1094840467760471,9.18378121184286,3.84378121184286
2026-09-02,2028-03,jaoh8_6250p,put,62.5,5.51,2026-09-01,1,0.2846784691671952,5.65109972120833,0.14109972120833003,5.621976422717311,0.1119764227173112,9.423957423870917,3.913957423870917
2026-09-02,2028-03,jaoh8_6500p,put,65.0,6.42,2026-09-01,1,0.2786728175142979,6.566252290174422,0.14625229017442187,6.5410758202316455,0.1210758202316455,10.667285040925975,4.247285040925975
2026-09-02,2028-03,jaoh8_6600p,put,66.0,6.81,2026-09-01,1,0.2764486596389901,6.962544250622087,0.15254425062208732,6.93559359936194,0.1255935993619399,11.184033268858505,4.374033268858505
2026-09-02,2028-03,jaoh8_6750p,put,67.5,7.43,2026-09-01,1,0.2730432876322441,7.582201769066895,0.1522017690668953,7.556665692784602,0.1266656927846021,11.9791563407556,4.5491563407556
2026-09-02,2028-03,jaoh8_7000p,put,70.0,8.53,2026-09-01,1,0.2673727764166755,8.688815986104897,0.1588159861048979,8.670842300348486,0.1408423003484866,13.357265881946091,4.827265881946092
2026-09-02,2028-03,jaoh8_7450p,put,74.5,10.8,2026-09-01,1,0.2585213483821784,10.959633953589602,0.15963395358960142,10.927565201327042,0.1275652013270409,15.994724145576148,5.194724145576148
2026-09-02,2028-09,jaou8_6151c,call,61.51,12.28,2026-09-01,1,0.267460394835928,12.467688879475777,0.18768887947577717,12.471020206533186,0.1910202065331869,17.325588613046506,5.045588613046506
2026-09-02,2028-09,jaou8_6500c,call,65.0,10.25,2026-09-01,1,0.2552135811059248,10.440638669407935,0.19063866940793517,10.389955334479737,0.1399553344797368,15.934732616975507,5.684732616975508
2026-09-02,2028-09,jaou8_6570c,call,65.7,9.86,2026-09-01,1,0.252814456630319,10.053397527895644,0.19339752789564457,10.004368422440168,0.1443684224401682,15.670074096404822,5.810074096404822
2026-09-02,2028-09,jaou8_6600c,call,66.0,9.7,2026-09-01,1,0.2519414147531795,9.894589200045205,0.19458920004520586,9.84244735892766,0.1424473589276615,15.558063121364809,5.858063121364809
2026-09-02,2028-09,jaou8_6650c,call,66.5,9.43,2026-09-01,1,0.2503143345280312,9.626602713207248,0.19660271320724831,9.577043058031954,0.1470430580319544,15.373230722769886,5.943230722769886
2026-09-02,2028-09,jaou8_6775c,call,67.75,8.78,2026-09-01,1,0.2462756508999993,8.971744720034886,0.19174472003488674,8.93807465024699,0.1580746502469914,14.921080231887329,6.141080231887329
2026-09-02,2028-09,jaou8_7000c,call,70.0,7.7,2026-09-01,1,0.2403070625390362,7.891234595644134,0.1912345956441337,7.876655465848283,0.1766554658482828,14.141499843281103,6.441499843281103
2026-09-02,2028-09,jaou8_7110c,call,71.1,7.22,2026-09-01,1,0.2378799534603758,7.405937765972465,0.18593776597246503,7.399106626596987,0.1791066265969876,13.775697762519382,6.555697762519382
2026-09-02,2028-09,jaou8_7275c,call,72.75,6.55,2026-09-01,1,0.2348835802767828,6.732987590124821,0.1829875901248208,6.732947539093905,0.182947539093905,13.244919948757907,6.694919948757907
2026-09-02,2028-09,jaou8_7340c,call,73.4,6.3,2026-09-01,1,0.2339079572915378,6.485745603525375,0.18574560352537528,6.486764287941535,0.1867642879415347,13.041494561997052,6.741494561997052
2026-09-02,2028-09,jaou8_7450c,call,74.5,5.91,2026-09-01,1,0.2325256421836019,6.090363458159592,0.18036345815959187,6.090588352193953,0.1805883521939524,12.704725042555674,6.794725042555674
2026-09-02,2028-09,jaou8_7500c,call,75.0,5.74,2026-09-01,1,0.2317918285604894,5.912479592225569,0.17247959222556908,5.918850257717571,0.1788502577175705,12.554700750450078,6.814700750450077
2026-09-02,2028-09,jaou8_7560c,call,75.6,5.54,2026-09-01,1,0.231234625204971,5.714946858453281,0.17494685845328117,5.719510299194936,0.179510299194936,12.377173204244505,6.837173204244505
2026-09-02,2028-09,jaou8_7670c,call,76.7,5.21,2026-09-01,1,0.2306133806155892,5.379347065103263,0.16934706510326336,5.372743468336392,0.1627434683363917,12.058510174455314,6.848510174455314
2026-09-02,2028-09,jaou8_7925c,call,79.25,4.52,2026-09-01,1,0.2297053479621284,4.679162180001684,0.15916218000168403,4.657405165136815,0.1374051651368155,11.352151596607316,6.832151596607316
2026-09-02,2028-09,jaou8_8000c,call,80.0,4.33,2026-09-01,1,0.2295470826250991,4.491938332223978,0.16193833222397824,4.469217790924386,0.1392177909243859,11.15250852225001,6.8225085222500095
2026-09-02,2028-09,jaou8_5000p,put,50.0,2.93,2026-09-01,1,0.3005101314604385,3.037837749666984,0.107837749666984,3.0520964661521788,0.1220964661521786,5.843915100002312,2.913915100002312
2026-09-02,2028-09,jaou8_5500p,put,55.0,4.06,2026-09-01,1,0.2858270602673288,4.201551389816194,0.1415513898161942,4.168489687402948,0.1084896874029484,7.852126791031566,3.792126791031566
2026-09-02,2028-09,jaou8_5700p,put,57.0,4.59,2026-09-01,1,0.280296291154163,4.747768160085879,0.15776816008587957,4.691759945471542,0.1017599454715423,8.733862747274934,4.143862747274934
2026-09-02,2028-09,jaou8_5740p,put,57.4,4.7,2026-09-01,1,0.2790791007629342,4.859053565198927,0.15905356519892688,4.802042677799161,0.1020426777991607,8.91535635432659,4.21535635432659
2026-09-02,2028-09,jaou8_6165p,put,61.65,5.96,2026-09-01,1,0.2656284335498241,6.133728201681684,0.17372820168168435,6.096216300222027,0.1362163002220269,10.94502530732408,4.98502530732408
2026-09-02,2028-09,jaou8_6200p,put,62.0,6.07,2026-09-01,1,0.2644352386177009,6.245021107232996,0.1750211072329959,6.21315364999201,0.1431536499920094,11.12018108764007,5.05018108764007
2026-09-02,2028-09,jaou8_6250p,put,62.5,6.23,2026-09-01,1,0.2627448380921161,6.406891719647447,0.17689171964744688,6.383040795792372,0.1530407957923714,11.37248334660192,5.142483346601919
2026-09-02,2028-09,jaou8_6500p,put,65.0,7.09,2026-09-01,1,0.2544797889971155,7.266651213542336,0.17665121354233637,7.283553196461704,0.1935531964617043,12.670240694562809,5.580240694562809
2026-09-02,2028-09,jaou8_6750p,put,67.5,8.04,2026-09-01,1,0.2468853937446198,8.227027409160243,0.18702740916024396,8.271896368678686,0.2318963686786865,14.02801948262342,5.988019482623422
2026-09-02,2028-09,jaou8_7000p,put,70.0,9.12,2026-09-01,1,0.2406385793388143,9.317826671689836,0.19782667168983714,9.351274057753203,0.2312740577532057,15.441188018784858,6.321188018784859
2026-09-02,2028-09,jaou8_7450p,put,74.5,11.45,2026-09-01,1,0.2332164907865618,11.637433138185273,0.1874331381852734,11.530980726945083,0.0809807269450857,18.11217530618424,6.662175306184242
2026-09-03,2026-09,jaou6_9100c,call,91.0,1.98,2026-09-02,1,0.457981468410905,2.035534550474993,0.055534550474992894,2.025844529506536,0.0458445295065361,1.8238976849715696,-0.1561023150284304
2026-09-03,2026-09,jaou6_9150c,call,91.5,1.78,2026-09-02,1,0.4595196956968784,1.832850715400067,0.05285071540006703,1.828778023129444,0.0487780231294441,1.6156817080092214,-0.1643182919907786
2026-09-03,2026-09,jaou6_9196c,call,91.96,1.61,2026-09-02,1,0.4610686852801294,1.6611298071640723,0.05112980716407223,1.6614383891162057,0.0514383891162055,1.4399954843994751,-0.1700045156005249
2026-09-03,2026-09,jaou6_9200c,call,92.0,1.6,2026-09-02,1,0.4620059507047162,1.6508034069074689,0.05080340690746876,1.647500394896089,0.0475003948960885,1.425436596042026,-0.1745634039579739
2026-09-03,2026-09,jaou6_9225c,call,92.25,1.51,2026-09-02,1,0.46413920110625,1.5698640523980776,0.05986405239807757,1.56255655917444,0.0525565591744401,1.336962910548873,-0.173037089451127
2026-09-03,2026-09,jaou6_9250c,call,92.5,1.43,2026-09-02,1,0.4636610189017687,1.4798129023382147,0.04981290233821478,1.4812818153182503,0.0512818153182503,1.252782759131991,-0.1772172408680088
2026-09-03,2026-09,jaou6_9435c,call,94.35,0.94,2026-09-02,1,0.4730298991210777,0.9814627616469873,0.04146276164698737,0.9839609712818592,0.0439609712818593,0.7491849163147333,-0.1908150836852666
2026-09-03,2026-09,jaou6_9500c,call,95.0,0.8,2026-09-02,1,0.4760269305981002,0.8439308696108506,0.043930869610850576,0.8477858577062172,0.0477858577062171,0.6163838960338637,-0.1836161039661363
2026-09-03,2026-09,jaou6_9800c,call,98.0,0.38,2026-09-02,1,0.4944741369926147,0.4202628627163363,0.04026286271633628,0.414525204434409,0.0345252044344089,0.2296408942789504,-0.1503591057210496
2026-09-03,2026-09,jaou6_10000c,call,100.0,0.23,2026-09-02,1,0.503208135145712,0.25365487274307663,0.02365487274307662,0.2523903408864878,0.0223903408864878,0.1097033756801625,-0.1202966243198375
2026-09-03,2026-09,jaou6_10205c,call,102.05,0.14,2026-09-02,1,0.5161384706981217,0.15495329547109568,0.014953295471095668,0.1502853431496647,0.0102853431496647,0.0480230576636965,-0.0919769423363035
2026-09-03,2026-09,jaou6_10240c,call,102.4,0.13,2026-09-02,1,0.5147360385213704,0.13754177006516496,0.00754177006516496,0.1374637934523641,0.0074637934523641,0.0413974882400217,-0.0886025117599783
2026-09-03,2026-09,jaou6_10300c,call,103.0,0.11,2026-09-02,1,0.5194612521461032,0.12010902320547008,0.01010902320547008,0.1179408709442803,0.0079408709442803,0.0319585928308218,-0.0780414071691782
2026-09-03,2026-09,jaou6_10500c,call,105.0,0.06,2026-09-02,1,0.5258803469199471,0.06923046306376798,0.009230463063767985,0.0706664060297242,0.0106664060297242,0.0132875331380864,-0.0467124668619136
2026-09-03,2026-09,jaou6_10520c,call,105.2,0.06,2026-09-02,1,0.5311335592694748,0.06915478711849919,0.009154787118499194,0.0671345753358648,0.0071345753358648,0.0121569002300008,-0.0478430997699991
2026-09-03,2026-09,jaou6_10825c,call,108.25,0.03,2026-09-02,1,0.5389337368923781,0.028812991285622327,-0.0011870087143776714,0.0307825522744251,0.0007825522744251,0.0028494884952004,-0.0271505115047996
2026-09-03,2026-09,jaou6_11000c,call,110.0,0.02,2026-09-02,1,0.556332215993605,0.021054075376149273,0.001054075376149273,0.0197586308880154,-0.0002413691119845,0.0012551951454536,-0.0187448048545464
2026-09-03,2026-09,jaou6_7750p,put,77.5,0.02,2026-09-02,1,0.4970069860956831,0.025214396179153553,0.005214396179153553,0.0247930747386906,0.0047930747386906,0.0061556457666626,-0.0138443542333374
2026-09-03,2026-09,jaou6_7800p,put,78.0,0.03,2026-09-02,1,0.4948743607499968,0.03230222389966464,0.0023022238996646405,0.0311470431591658,0.0011470431591658,0.0087483597759194,-0.0212516402240805
2026-09-03,2026-09,jaou6_8000p,put,80.0,0.07,2026-09-02,1,0.4730930833413648,0.06973061261361124,-0.00026938738638876414,0.0743750980396278,0.0043750980396278,0.0324797148503736,-0.0375202851496264
2026-09-03,2026-09,jaou6_8200p,put,82.0,0.16,2026-09-02,1,0.4656262209783969,0.16619809222380688,0.006198092223806878,0.1656235878784251,0.0056235878784251,0.100600665359216,-0.059399334640784
2026-09-03,2026-09,jaou6_8250p,put,82.5,0.19,2026-09-02,1,0.4618381054166783,0.19969969903966067,0.00969969903966067,0.200066895662843,0.010066895662843,0.1295473062158543,-0.0604526937841456
2026-09-03,2026-10,jaov6_9200c,call,92.0,3.09,2026-09-02,1,0.4704786263207375,3.1889538781040705,0.09895387810407064,3.1936362233593467,0.1036362233593468,2.5833632266327493,-0.5066367733672505
2026-09-03,2026-10,jaov6_9225c,call,92.25,3.02,2026-09-02,1,0.4706832367814016,3.1114442151461006,0.09144421514610057,3.1239462599499497,0.1039462599499496,2.5078717897346485,-0.5121282102653515
2026-09-03,2026-10,jaov6_9348c,call,93.48,2.7,2026-09-02,1,0.4756127285247972,2.7924677294105185,0.09246772941051828,2.801977537734884,0.1019775377348839,2.1612177790109524,-0.5387822209890478
2026-09-03,2026-10,jaov6_9353c,call,93.53,2.69,2026-09-02,1,0.4760702417335387,2.7828323903753764,0.0928323903753765,2.789598465173413,0.0995984651734129,2.1479793261609053,-0.5420206738390947
2026-09-03,2026-10,jaov6_9435c,call,94.35,2.49,2026-09-02,1,0.4784614864824065,2.580282004284278,0.09028200428427757,2.5940950102837426,0.1040950102837423,1.940174334001345,-0.5498256659986551
2026-09-03,2026-10,jaov6_9700c,call,97.0,1.96,2026-09-02,1,0.4889501276892214,2.042372791033307,0.08237279103330719,2.051013589429767,0.091013589429767,1.3780418828781555,-0.5819581171218444
2026-09-03,2026-10,jaov6_9800c,call,98.0,1.79,2026-09-02,1,0.4917709014760354,1.8605915127022203,0.0705915127022203,1.877397513253173,0.087397513253173,1.2052103203074311,-0.5847896796925689
2026-09-03,2026-10,jaov6_9911c,call,99.11,1.62,2026-09-02,1,0.4962845697399262,1.6888688782360557,0.06886887823605559,1.7022985274806737,0.0822985274806733,1.035162688284394,-0.584837311715606
2026-09-03,2026-10,jaov6_9955c,call,99.55,1.56,2026-09-02,1,0.4976701047540942,1.6221876482552746,0.062187648255274564,1.6376603625656647,0.0776603625656646,0.9736383970781696,-0.5863616029218305
2026-09-03,2026-10,jaov6_10000c,call,100.0,1.5,2026-09-02,1,0.5001272535958492,1.5651378129202265,0.06513781292022647,1.5741970682113329,0.0741970682113328,0.9140802896074116,-0.5859197103925884
2026-09-03,2026-10,jaov6_10205c,call,102.05,1.25,2026-09-02,1,0.5067140864148191,1.2994325372935431,0.04943253729354313,1.3161551255797896,0.0661551255797896,0.6811434134119555,-0.5688565865880445
2026-09-03,2026-10,jaov6_10240c,call,102.4,1.21,2026-09-02,1,0.5082087755301499,1.2615998474540613,0.05159984745406132,1.2767774990943603,0.0667774990943603,0.647037323236963,-0.562962676763037
2026-09-03,2026-10,jaov6_10300c,call,103.0,1.14,2026-09-02,1,0.5101867449917251,1.1954398698631024,0.05543986986310245,1.212170520357706,0.0721705203577061,0.5921617380190578,-0.5478382619809421
2026-09-03,2026-10,jaov6_10500c,call,105.0,0.95,2026-09-02,1,0.5178897764384917,1.00700054883029,0.05700054883029004,1.0209950365665106,0.0709950365665106,0.4386493020874917,-0.5113506979125082
2026-09-03,2026-10,jaov6_10800c,call,108.0,0.73,2026-09-02,1,0.5293217149369606,0.7821129397732542,0.05211293977325426,0.7930589147318852,0.0630589147318851,0.2741829995457112,-0.4558170004542888
2026-09-03,2026-10,jaov6_11500c,call,115.0,0.41,2026-09-02,1,0.5563473044839701,0.4481942855792583,0.0381942855792583,0.4519548601131681,0.0419548601131681,0.0857738078184963,-0.3242261921815036
2026-09-03,2026-10,jaov6_12100c,call,121.0,0.26,2026-09-02,1,0.57737055129376,0.2834565833695918,0.023456583369591777,0.2889314028914473,0.0289314028914473,0.0296953925684123,-0.2303046074315877
2026-09-03,2026-10,jaov6_12500c,call,125.0,0.19,2026-09-02,1,0.5946745667240423,0.22004422459369086,0.030044224593690855,0.2185029527992147,0.0285029527992147,0.0144684522878934,-0.1755315477121066
2026-09-03,2026-10,jaov6_16000c,call,160.0,0.03,2026-09-02,1,0.7135965299441859,0.03358102987124589,0.0035810298712458943,0.0347501115288458,0.0047501115288458,3.830880974309528e-05,-0.0299616911902569
2026-09-03,2026-10,jaov6_7200p,put,72.0,0.47,2026-09-02,1,0.4481642385636196,0.5117666133294296,0.04176661332942966,0.5039544109822476,0.0339544109822476,0.3728073327846368,-0.0971926672153631
2026-09-03,2026-10,jaov6_7400p,put,74.0,0.68,2026-09-02,1,0.4403826686360788,0.7256301309242996,0.04563013092429957,0.7280252246122654,0.0480252246122653,0.5867773488243896,-0.0932226511756104
2026-09-03,2026-10,jaov6_7450p,put,74.5,0.74,2026-09-02,1,0.4397882229482612,0.7968828333112299,0.0568828333112299,0.7969562077103358,0.0569562077103358,0.652740331017499,-0.087259668982501
2026-09-03,2026-10,jaov6_7500p,put,75.0,0.82,2026-09-02,1,0.4400051546057493,0.878263925033588,0.058263925033588015,0.871708093171506,0.051708093171506,0.7243352507695686,-0.0956647492304313
2026-09-03,2026-10,jaov6_7600p,put,76.0,0.98,2026-09-02,1,0.4377469053665074,1.0414905931334921,0.061490593133492144,1.0399940397873682,0.0599940397873681,0.8850869145935597,-0.0949130854064402
2026-09-03,2026-10,jaov6_7800p,put,78.0,1.39,2026-09-02,1,0.4361410697344575,1.4598146821228397,0.06981468212283981,1.4606571008549842,0.0706571008549843,1.2846571077101303,-0.1053428922898696
2026-09-03,2026-10,jaov6_8000p,put,80.0,1.93,2026-09-02,1,0.4370785592458046,2.0107973774811567,0.08079737748115678,2.008884872594087,0.0788848725940869,1.800259620621265,-0.1297403793787348
2026-09-03,2026-10,jaov6_8200p,put,82.0,2.62,2026-09-02,1,0.4387531871318235,2.6944397392702832,0.07443973927028313,2.699127192082896,0.0791271920828959,2.442631810407337,-0.1773681895926633
2026-09-03,2026-10,jaov6_9000p,put,90.0,6.83,2026-09-02,1,0.4623220693392504,6.925271283352119,0.09527128335211899,6.941306919832417,0.1113069198324172,6.391262070875106,-0.438737929124894
2026-09-03,2026-11,jaox6_8950c,call,89.5,4.25,2026-09-02,1,0.453263794159556,4.321363578639627,0.07136357863962672,4.34141026182524,0.0914102618252394,3.822926685847592,-0.4270733141524081
2026-09-03,2026-11,jaox6_9000c,call,90.0,4.11,2026-09-02,1,0.4546363670792068,4.1765934669308376,0.06659346693083723,4.198028586869801,0.0880285868698003,3.66332428509183,-0.4466757149081704
2026-09-03,2026-11,jaox6_9025c,call,90.25,4.04,2026-09-02,1,0.4555473388691782,4.109118637577226,0.06911863757722614,4.128161270529223,0.0881612705292234,3.5855075639202787,-0.4544924360797213
2026-09-03,2026-11,jaox6_9100c,call,91.0,3.84,2026-09-02,1,0.4577823329457424,3.90673871323622,0.06673871323622027,3.9256501462528375,0.0856501462528376,3.36017634462091,-0.4798236553790898
2026-09-03,2026-11,jaox6_9196c,call,91.96,3.59,2026-09-02,1,0.460200197937342,3.6564089468202368,0.0664089468202369,3.6813803672354464,0.0913803672354465,3.08892279285549,-0.50107720714451
2026-09-03,2026-11,jaox6_9200c,call,92.0,3.58,2026-09-02,1,0.4603355859272404,3.646794953089109,0.06679495308910877,3.671554192263736,0.0915541922637359,3.07801878973755,-0.5019812102624499
2026-09-03,2026-11,jaox6_9225c,call,92.25,3.52,2026-09-02,1,0.4613190074904666,3.5891502029799907,0.06915020297999064,3.610762224136419,0.0907622241364189,3.010556934173464,-0.5094430658265359
2026-09-03,2026-11,jaox6_9348c,call,93.48,3.24,2026-09-02,1,0.4647021389031717,3.3009514018360413,0.060951401836041086,3.326796914420746,0.0867969144207458,2.6957888824166973,-0.5442111175833029
2026-09-03,2026-11,jaox6_9353c,call,93.53,3.23,2026-09-02,1,0.464964504576653,3.2913769823074883,0.06137698230748834,3.315768886905752,0.0857688869057522,2.683591763664867,-0.5464082363351328
2026-09-03,2026-11,jaox6_9435c,call,94.35,3.06,2026-09-02,1,0.467668284186821,3.11880985440643,0.05880985440643016,3.140402469517656,0.0804024695176552,2.4901984021871586,-0.5698015978128415
2026-09-03,2026-11,jaox6_9700c,call,97.0,2.56,2026-09-02,1,0.4761098723671758,2.621437593849485,0.061437593849484884,2.639301082329128,0.079301082329128,1.945529479016692,-0.6144705209833081
2026-09-03,2026-11,jaox6_9911c,call,99.11,2.23,2026-09-02,1,0.4828716717165507,2.28779103873948,0.057791038739479994,2.303574251332733,0.0735742513327335,1.5896785677008844,-0.6403214322991155
2026-09-03,2026-11,jaox6_10000c,call,100.0,2.11,2026-09-02,1,0.4850928848218245,2.154521504968351,0.04452150496835117,2.1766904455399634,0.0666904455399635,1.4577834256736326,-0.6522165743263673
2026-09-03,2026-11,jaox6_10205c,call,102.05,1.85,2026-09-02,1,0.4921823298780137,1.8982503976836211,0.04825039768362105,1.9138804700960368,0.0638804700960367,1.190499170715383,-0.6595008292846172
2026-09-03,2026-11,jaox6_10240c,call,102.4,1.8,2026-09-02,1,0.492671799794766,1.8507727684753685,0.05077276847536849,1.8727979732207516,0.0727979732207513,1.1495292907773842,-0.6504707092226159
2026-09-03,2026-11,jaox6_10500c,call,105.0,1.53,2026-09-02,1,0.5009706196036866,1.5763984846247052,0.046398484624705194,1.5981920743415965,0.0681920743415962,0.8833354362904388,-0.6466645637095613
2026-09-03,2026-11,jaox6_10800c,call,108.0,1.27,2026-09-02,1,0.5111338701336479,1.3218779150183853,0.051877915018385234,1.3391891878277866,0.0691891878277866,0.6459264324320952,-0.6240735675679048
2026-09-03,2026-11,jaox6_7200p,put,72.0,1.5,2026-09-02,1,0.424745636340697,1.5857564489383051,0.08575644893830514,1.577793676229744,0.0777936762297439,1.5136953170806786,0.0136953170806786
2026-09-03,2026-11,jaox6_7400p,put,74.0,1.98,2026-09-02,1,0.422626406792833,2.061500869654287,0.08150086965428693,2.0626797876376006,0.0826797876376006,2.0008063394574345,0.0208063394574344
2026-09-03,2026-11,jaox6_7450p,put,74.5,2.12,2026-09-02,1,0.4231354205546994,2.205897263635622,0.08589726363562189,2.200527662236663,0.0805276622366628,2.137514302961913,0.0175143029619126
2026-09-03,2026-11,jaox6_7500p,put,75.0,2.26,2026-09-02,1,0.4221667150507568,2.340306904040837,0.08030690404083707,2.345329848928529,0.085329848928529,2.2803218385917856,0.0203218385917858
2026-09-03,2026-11,jaox6_7600p,put,76.0,2.57,2026-09-02,1,0.4222196120676951,2.649701320312814,0.07970132031281407,2.656308200336592,0.086308200336592,2.5850476952446853,0.0150476952446854
2026-09-03,2026-11,jaox6_7800p,put,78.0,3.27,2026-09-02,1,0.4234182012002875,3.3600135149381947,0.09001351493819465,3.3665778045483767,0.0965778045483767,3.2736845758097752,0.0036845758097752
2026-09-03,2026-11,jaox6_8000p,put,80.0,4.11,2026-09-02,1,0.4256686221699802,4.191924795173045,0.08192479517304463,4.1978486091145735,0.0878486091145731,4.069453119747512,-0.0405468802524886
2026-09-03,2026-11,jaox6_8200p,put,82.0,5.06,2026-09-02,1,0.4288079954835813,5.144876843173762,0.08487684317376232,5.150748648663832,0.0907486486638324,4.972903070549263,-0.0870969294507366
2026-09-03,2026-11,jaox6_9000p,put,90.0,9.97,2026-09-02,1,0.4480677443083392,10.056286437138827,0.08628643713882589,10.081146120074838,0.1111461200748369,9.620222541752456,-0.3497774582475443
2026-09-03,2027-03,jaoh7_7900c,call,79.0,6.13,2026-09-02,1,0.360581910414542,6.1583981773899845,0.028398177389984625,6.168424683386404,0.0384246833864043,7.320008062805857,1.1900080628058571
2026-09-03,2027-03,jaoh7_8000c,call,80.0,5.78,2026-09-02,1,0.3613146151169568,5.812072767375619,0.03207276737561848,5.820918987213804,0.0409189872138036,6.953910656796729,1.1739106567967283
2026-09-03,2027-03,jaoh7_8025c,call,80.25,5.7,2026-09-02,1,0.3613668371550929,5.725499713734213,0.025499713734213003,5.737201225794147,0.0372012257941465,6.864959191293478,1.1649591912934776
2026-09-03,2027-03,jaoh7_8045c,call,80.45,5.63,2026-09-02,1,0.3614651652329741,5.658213603506773,0.028213603506773488,5.671120309246154,0.0411203092461542,6.794484059421102,1.1644840594211017
2026-09-03,2027-03,jaoh7_8075c,call,80.75,5.53,2026-09-02,1,0.3617859650047412,5.562207889578239,0.03220788957823917,5.573473316825077,0.0434733168250769,6.689919874340654,1.1599198743406536
2026-09-03,2027-03,jaoh7_8100c,call,81.0,5.45,2026-09-02,1,0.3616840356537907,5.475648932404112,0.02564893240411159,5.49343896580192,0.0434389658019194,6.603784125793436,1.153784125793436
2026-09-03,2027-03,jaoh7_8102c,call,81.02,5.45,2026-09-02,1,0.3620123571870452,5.475804127930819,0.025804127930818765,5.487088368038957,0.0370883680389564,6.596933039383041,1.1469330393830406
2026-09-03,2027-03,jaoh7_8150c,call,81.5,5.3,2026-09-02,1,0.3622701519574776,5.322204391085078,0.022204391085078434,5.336968073638932,0.0369680736389321,6.434228509948886,1.134228509948886
2026-09-03,2027-03,jaoh7_8185c,call,81.85,5.19,2026-09-02,1,0.3626572550700517,5.2167587048635875,0.026758704863587113,5.230249265158229,0.0402492651582289,6.317657358422948,1.1276573584229477
2026-09-03,2027-03,jaoh7_8342c,call,83.42,4.74,2026-09-02,1,0.3638660250836265,4.756963943122997,0.016963943122997094,4.779034233354729,0.0390342333547284,5.816966937063825,1.0769669370638244
2026-09-03,2027-03,jaoh7_8500c,call,85.0,4.34,2026-09-02,1,0.3657755602723787,4.346220410023573,0.0062204100235732085,4.367949904333545,0.0279499043335453,5.348522496167223,1.008522496167223
2026-09-03,2027-03,jaoh7_8525c,call,85.25,4.28,2026-09-02,1,0.3663064345487916,4.289078032753872,0.009078032753871312,4.30664290730077,0.0266429073007694,5.277457658975104,0.9974576589751036
2026-09-03,2027-03,jaoh7_8575c,call,85.75,4.16,2026-09-02,1,0.36675045556147,4.165029605168363,0.005029605168362927,4.186972007594854,0.0269720075948542,5.137827755717848,0.977827755717848
2026-09-03,2027-03,jaoh7_8675c,call,86.75,3.93,2026-09-02,1,0.368114020313191,3.936432494120279,0.006432494120278687,3.9590419975737032,0.029041997573703,4.868077628545841,0.9380776285458404
2026-09-03,2027-03,jaoh7_8700c,call,87.0,3.88,2026-09-02,1,0.3683508657362733,3.8792823802484615,-0.0007176197515383897,3.904362329529254,0.0243623295292541,4.802632400635736,0.9226324006357364
2026-09-03,2027-03,jaoh7_8705c,call,87.05,3.87,2026-09-02,1,0.3684934261908269,3.8697990212785527,-0.00020097872144742013,3.893534290549489,0.023534290549489,4.78963895187543,0.91963895187543
2026-09-03,2027-03,jaoh7_6800p,put,68.0,4.19,2026-09-02,1,0.365720703181999,4.246023968932302,0.056023968932301216,4.229742468024498,0.0397424680244977,5.176673502314166,0.986673502314166
2026-09-03,2027-03,jaoh7_6900p,put,69.0,4.56,2026-09-02,1,0.3644570482503064,4.619558525789907,0.05955852578990761,4.601320607956406,0.0413206079564067,5.598273824304815,1.0382738243048155
2026-09-03,2027-03,jaoh7_7000p,put,70.0,4.95,2026-09-02,1,0.3632160200292133,5.013415157730701,0.0634151577307005,4.995652069945135,0.0456520699451346,6.0384840183155015,1.0884840183155011
2026-09-03,2027-03,jaoh7_7100p,put,71.0,5.36,2026-09-02,1,0.3619891147387304,5.427557272898697,0.0675572728986964,5.412920740706178,0.0529207407061775,6.497238993083374,1.1372389930833735
2026-09-03,2027-03,jaoh7_7150p,put,71.5,5.58,2026-09-02,1,0.3615046862652083,5.6447270002182846,0.06472700021828448,5.630186444909648,0.0501864449096478,6.733347794421071,1.1533477944210713
2026-09-03,2027-03,jaoh7_7250p,put,72.5,6.03,2026-09-02,1,0.3602881777821151,6.089223188508827,0.059223188508826574,6.08198574052124,0.05198574052124,7.219093850692465,1.1890938506924646
2026-09-03,2027-03,jaoh7_7300p,put,73.0,6.27,2026-09-02,1,0.3600490123891379,6.32653351800377,0.05653351800377049,6.316502963757176,0.0465029637571765,7.468838532844847,1.1988385328448476
2026-09-03,2027-03,jaoh7_7400p,put,74.0,6.75,2026-09-02,1,0.3593205835333215,6.81125346811767,0.06125346811766974,6.802686821770498,0.0526868217704983,7.981163931062612,1.2311639310626123
2026-09-03,2027-03,jaoh7_7450p,put,74.5,7.01,2026-09-02,1,0.3588365467750224,7.058662968514069,0.04866296851406915,7.054301801987977,0.0443018019879772,8.243951164945265,1.2339511649452657
2026-09-03,2027-03,jaoh7_7500p,put,75.0,7.27,2026-09-02,1,0.3590695075534731,7.326013618691607,0.05601361869160737,7.311555110891068,0.0415551108910685,8.511125671269307,1.241125671269307
2026-09-03,2027-09,jaou7_6820c,call,68.2,9.37,2026-09-02,1,0.3028733096073277,9.363757541379185,-0.006242458620814517,9.315482846277538,-0.0545171537224611,12.201649331896885,2.8316493318968856
2026-09-03,2027-09,jaou7_6825c,call,68.25,9.35,2026-09-02,1,0.3026481500938687,9.334561455477633,-0.015438544522366371,9.28951497733318,-0.0604850226668194,12.1800982980001,2.8300982980001006
2026-09-03,2027-09,jaou7_6860c,call,68.6,9.17,2026-09-02,1,0.3021668863253121,9.160167676922134,-0.009832323077866079,9.109270954425044,-0.0607290455749573,12.030241704624876,2.860241704624876
2026-09-03,2027-09,jaou7_6900c,call,69.0,8.96,2026-09-02,1,0.3013590185080545,8.95661771868627,-0.0033822813137316388,8.906559733910365,-0.0534402660896358,11.861077913042667,2.9010779130426663
2026-09-03,2027-09,jaou7_6905c,call,69.05,8.94,2026-09-02,1,0.3011101153640185,8.927437595019487,-0.012562404980512198,8.881467002741775,-0.058532997258224,11.84008515703611,2.900085157036111
2026-09-03,2027-09,jaou7_6930c,call,69.3,8.81,2026-09-02,1,0.3005938384516453,8.80149241807945,-0.008507581920550678,8.756823784297309,-0.0531762157026918,11.735632625708424,2.925632625708424
2026-09-03,2027-09,jaou7_7000c,call,70.0,8.47,2026-09-02,1,0.2994617715720982,8.462876032314202,-0.007123967685798149,8.41509213102628,-0.0549078689737214,11.447713121481105,2.977713121481104
2026-09-03,2027-09,jaou7_7110c,call,71.1,7.96,2026-09-02,1,0.2974323069436483,7.940949859401091,-0.019050140598908527,7.899666063940532,-0.0603339360594681,11.008336510238456,3.048336510238456
2026-09-03,2027-09,jaou7_7200c,call,72.0,7.56,2026-09-02,1,0.2960144422261734,7.535801798477173,-0.024198201522827034,7.497444706859357,-0.0625552931406421,10.660291069491953,3.100291069491953
2026-09-03,2027-09,jaou7_7335c,call,73.35,6.99,2026-09-02,1,0.2940449913057213,6.95813418954272,-0.03186581045728065,6.926590431483017,-0.0634095685169828,10.156380337358645,3.1663803373586443
2026-09-03,2027-09,jaou7_7400c,call,74.0,6.73,2026-09-02,1,0.2930229809818952,6.688928314898292,-0.04107168510170833,6.665431181270804,-0.0645688187291968,9.921380348797117,3.191380348797116
2026-09-03,2027-09,jaou7_7450c,call,74.5,6.53,2026-09-02,1,0.2926198168388047,6.497086683462551,-0.03291331653744933,6.470504624081461,-0.059495375918539,9.744094162925366,3.214094162925366
2026-09-03,2027-09,jaou7_7500c,call,75.0,6.34,2026-09-02,1,0.2920665027081975,6.305282917315768,-0.03471708268423157,6.280704597269587,-0.0592954027304131,9.569631098204676,3.229631098204676
2026-09-03,2027-09,jaou7_7542c,call,75.42,6.19,2026-09-02,1,0.2917759243219553,6.152076671404788,-0.037923328595212524,6.125190956613944,-0.0648090433860568,9.42528245024738,3.23528245024738
2026-09-03,2027-09,jaou7_7550c,call,75.5,6.16,2026-09-02,1,0.2917259601017892,6.123365653959997,-0.03663434604000315,6.095971619698042,-0.0640283803019583,9.398016001706178,3.2380160017061783
2026-09-03,2027-09,jaou7_7600c,call,76.0,5.98,2026-09-02,1,0.2912378580013475,5.94148225956661,-0.038517740433390735,5.916242346508709,-0.0637576534912911,9.229147297983843,3.2491472979838427
2026-09-03,2027-09,jaou7_7610c,call,76.1,5.94,2026-09-02,1,0.2910501878754631,5.903144760217649,-0.03685523978235139,5.880891103845048,-0.0591088961549521,9.195703027886982,3.255703027886981
2026-09-03,2027-09,jaou7_7705c,call,77.05,5.62,2026-09-02,1,0.2900631486611608,5.568501144702368,-0.05149885529763232,5.554795855782421,-0.0652041442175788,8.883436133239925,3.2634361332399253
2026-09-03,2027-09,jaou7_7710c,call,77.1,5.61,2026-09-02,1,0.2903027446470977,5.5591514631161845,-0.050848536883815854,5.538115940087983,-0.0718840599120174,8.867277737154753,3.257277737154753
2026-09-03,2027-09,jaou7_7725c,call,77.25,5.56,2026-09-02,1,0.2902863062418552,5.511486206516549,-0.04851379348345031,5.488362572107486,-0.0716374278925133,8.818967309832457,3.2589673098324576
2026-09-03,2027-09,jaou7_5800p,put,58.0,3.42,2026-09-02,1,0.3305026103461009,3.4477261516503805,0.027726151650380615,3.39972017799008,-0.02027982200992,5.201785940621267,1.7817859406212673
2026-09-03,2027-09,jaou7_5900p,put,59.0,3.69,2026-09-02,1,0.3273875419748348,3.710357898404718,0.02035789840471791,3.656105431576284,-0.0338945684237157,5.585695403646115,1.895695403646115
2026-09-03,2027-09,jaou7_6000p,put,60.0,3.97,2026-09-02,1,0.3241311304202096,3.983423715169387,0.013423715169386785,3.929591602321216,-0.0404083976787847,5.984758949694629,2.0147589496946288
2026-09-03,2027-09,jaou7_6200p,put,62.0,4.58,2026-09-02,1,0.3184941047053096,4.591190961596013,0.011190961596012627,4.530041723316918,-0.0499582766830819,6.829369904644892,2.249369904644892
2026-09-03,2027-09,jaou7_6420p,put,64.2,5.33,2026-09-02,1,0.3125055792312933,5.333778750022537,0.003778750022537025,5.276663052307738,-0.0533369476922622,7.82758965008644,2.4975896500864403
2026-09-03,2027-09,jaou7_6500p,put,65.0,5.62,2026-09-02,1,0.3104785738879875,5.62613388879099,0.006133888790990305,5.5713120060763455,-0.0486879939236546,8.207842322642016,2.5878423226420155
2026-09-03,2027-09,jaou7_6750p,put,67.5,6.62,2026-09-02,1,0.3045315045230361,6.616215714218515,-0.0037842857814851527,6.573757879873685,-0.0462421201263154,9.454356374610684,2.8343563746106843
2026-09-03,2027-09,jaou7_6800p,put,68.0,6.83,2026-09-02,1,0.3036432102394312,6.834460883752033,0.00446088375203324,6.789265201112844,-0.040734798887156,9.713835467211991,2.8838354672119912
2026-09-03,2027-09,jaou7_6900p,put,69.0,7.28,2026-09-02,1,0.3013925220193347,7.2711483114871065,-0.008851688512893752,7.235395287724756,-0.0446047122752437,10.243382359231184,2.963382359231184
2026-09-03,2027-09,jaou7_7000p,put,70.0,7.75,2026-09-02,1,0.2996416808239,7.7380152295849225,-0.011984770415077506,7.701689375835253,-0.0483106241647472,10.786693240859757,3.0366932408597567
2026-09-03,2027-09,jaou7_7400p,put,74.0,9.83,2026-09-02,1,0.2934087206237464,9.79646926902678,-0.03353073097322046,9.766580626019069,-0.063419373980933,13.087063160936292,3.2570631609362923
2026-09-03,2027-09,jaou7_7450p,put,74.5,10.11,2026-09-02,1,0.293076777582722,10.084903804073452,-0.025096195926547438,10.046747632493584,-0.0632523675064167,13.388114811659609,3.2781148116596093
2026-09-03,2027-09,jaou7_7500p,put,75.0,10.4,2026-09-02,1,0.2925948660288557,10.373372074151385,-0.026627925848615064,10.331695278805425,-0.0683047211945755,13.691989583533983,3.291989583533983
2026-09-03,2028-03,jaoh8_6151c,call,61.51,12.32,2026-09-02,1,0.2825296383061711,12.307240373699347,-0.012759626300653082,12.265291994996884,-0.0547080050031176,16.05799436262783,3.7379943626278314
2026-09-03,2028-03,jaoh8_6200c,call,62.0,12.03,2026-09-02,1,0.2814802410092276,12.023052730333822,-0.006947269666177647,11.970984153085436,-0.059015846914562,15.836535252514118,3.8065352525141183
2026-09-03,2028-03,jaoh8_6420c,call,64.2,10.78,2026-09-02,1,0.2760748615511305,10.769932820603778,-0.010067179396221704,10.701019644152476,-0.0789803558475235,14.876085602202904,4.096085602202905
2026-09-03,2028-03,jaoh8_6500c,call,65.0,10.34,2026-09-02,1,0.2740559984427422,10.330051230598707,-0.009948769401292523,10.260457792634806,-0.0795422073651934,14.54039541158776,4.20039541158776
2026-09-03,2028-03,jaoh8_6600c,call,66.0,9.81,2026-09-02,1,0.2718468418111388,9.802938804327162,-0.007061195672838139,9.725962554287108,-0.0840374457128927,14.130452308876794,4.320452308876794
2026-09-03,2028-03,jaoh8_6775c,call,67.75,8.91,2026-09-02,1,0.2676340819124315,8.90607256055028,-0.0039274394497201826,8.83437987063006,-0.0756201293699394,13.439031511260431,4.529031511260431
2026-09-03,2028-03,jaoh8_6875c,call,68.75,8.42,2026-09-02,1,0.2653940738693513,8.419570617444924,-0.00042938255507607437,8.350097727728173,-0.0699022722718272,13.058773385369175,4.638773385369175
2026-09-03,2028-03,jaoh8_6890c,call,68.9,8.35,2026-09-02,1,0.2648575606870985,8.341645237948503,-0.008354762051496323,8.279040006148087,-0.0709599938519129,13.00265354938138,4.65265354938138
2026-09-03,2028-03,jaoh8_7000c,call,70.0,7.83,2026-09-02,1,0.2623955273510364,7.8267400062316,-0.003259993768399916,7.770580562525989,-0.0594194374740109,12.598080110725965,4.768080110725965
2026-09-03,2028-03,jaoh8_7110c,call,71.1,7.34,2026-09-02,1,0.2599819341089161,7.332007340900586,-0.007992659099413935,7.2843090696342525,-0.0556909303657473,12.205451948432424,4.865451948432424
2026-09-03,2028-03,jaoh8_7275c,call,72.75,6.64,2026-09-02,1,0.2563680766290392,6.6251785349530365,-0.014821465046963134,6.596227214471028,-0.0437727855289713,11.63891514066266,4.99891514066266
2026-09-03,2028-03,jaoh8_7340c,call,73.4,6.38,2026-09-02,1,0.2551343003310367,6.364296709738397,-0.015703290261602554,6.338652139519034,-0.0413478604809656,11.422696111512256,5.042696111512256
2026-09-03,2028-03,jaoh8_7450c,call,74.5,5.97,2026-09-02,1,0.2534258722338903,5.949576288025795,-0.020423711974205006,5.919898344606855,-0.0501016553931448,11.065282971381908,5.095282971381908
2026-09-03,2028-03,jaoh8_7475c,call,74.75,5.88,2026-09-02,1,0.252886170114293,5.85311956814117,-0.026880431858829823,5.827704643475762,-0.0522953565242376,10.985596561551274,5.105596561551274
2026-09-03,2028-03,jaoh8_7500c,call,75.0,5.8,2026-09-02,1,0.2526294053924319,5.766521434208588,-0.03347856579141162,5.736604668356252,-0.0633953316437478,10.906485756084855,5.106485756084855
2026-09-03,2028-03,jaoh8_7550c,call,75.5,5.63,2026-09-02,1,0.2520278286205951,5.5933529917359746,-0.03664700826402534,5.557667434834476,-0.0723325651655244,10.74990807226244,5.119908072262439
2026-09-03,2028-03,jaoh8_7670c,call,76.7,5.24,2026-09-02,1,0.2507996920405258,5.1995199657262585,-0.040480034273741694,5.145756454980689,-0.094243545019311,10.383191475673431,5.143191475673431
2026-09-03,2028-03,jaoh8_7700c,call,77.0,5.15,2026-09-02,1,0.2504676586885805,5.103547297227474,-0.04645270277252678,5.0465964464283255,-0.1034035535716748,10.293537856614542,5.143537856614541
2026-09-03,2028-03,jaoh8_7775c,call,77.75,4.93,2026-09-02,1,0.2500928613040279,4.883265342223041,-0.046734657776958954,4.805269384660626,-0.1247306153393736,10.07281671956455,5.14281671956455
2026-09-03,2028-03,jaoh8_5740p,put,57.4,4.13,2026-09-02,1,0.2921393240402663,4.116433771926584,-0.01356622807341612,4.076038644017732,-0.0539613559822678,7.307792049012991,3.177792049012991
2026-09-03,2028-03,jaoh8_5900p,put,59.0,4.6,2026-09-02,1,0.288311312910767,4.5948724334967075,-0.005127566503292158,4.54524837248592,-0.0547516275140793,8.013372459093258,3.4133724590932584
2026-09-03,2028-03,jaoh8_6000p,put,60.0,4.92,2026-09-02,1,0.2857426593463087,4.906799806485989,-0.01320019351401136,4.857407972315686,-0.0625920276843139,8.470166951886657,3.550166951886657
2026-09-03,2028-03,jaoh8_6165p,put,61.65,5.47,2026-09-02,1,0.2817149924430971,5.457250206967294,-0.012749793032705625,5.405167999479764,-0.0648320005202354,9.249861188249298,3.7798611882492974
2026-09-03,2028-03,jaoh8_6200p,put,62.0,5.59,2026-09-02,1,0.2809591220401628,5.581713980079466,-0.008286019920533683,5.526688164927411,-0.0633118350725885,9.419352407064828,3.829352407064828
2026-09-03,2028-03,jaoh8_6250p,put,62.5,5.77,2026-09-02,1,0.2797225332059838,5.758132422932146,-0.011867577067853574,5.7035679099234216,-0.066432090076578,9.663929117510104,3.8939291175101047
2026-09-03,2028-03,jaoh8_6500p,put,65.0,6.71,2026-09-02,1,0.2737783386603471,6.701346492849698,-0.008653507150301998,6.6467636411142905,-0.0632363588857094,10.929411092144074,4.219411092144074
2026-09-03,2028-03,jaoh8_6600p,put,66.0,7.12,2026-09-02,1,0.2714238952745532,7.105105354603773,-0.01489464539622709,7.051931332046816,-0.0680686679531845,11.454867498101644,4.334867498101644
2026-09-03,2028-03,jaoh8_6750p,put,67.5,7.75,2026-09-02,1,0.2681291797482034,7.746174059055494,-0.0038259409445062786,7.690054398364446,-0.0599456016355537,12.263325248982882,4.513325248982882
2026-09-03,2028-03,jaoh8_7000p,put,70.0,8.89,2026-09-02,1,0.2623634295850292,8.88232418115141,-0.007675818848589699,8.835451673315172,-0.054548326684829,13.664093334624948,4.774093334624947
2026-09-03,2028-03,jaoh8_7450p,put,74.5,11.25,2026-09-02,1,0.2535362023369001,11.218948311796701,-0.03105168820329851,11.156508926699871,-0.0934910733001288,16.340593984289292,5.090593984289292
2026-09-03,2028-09,jaou8_6151c,call,61.51,11.79,2026-09-02,1,0.2615462363388555,11.857360560874636,0.06736056087463638,11.805607855667176,0.0156078556671754,16.888305520873278,5.098305520873279
2026-09-03,2028-09,jaou8_6500c,call,65.0,9.79,2026-09-02,1,0.2495514357888852,9.860524225778649,0.07052422577864981,9.762698322765145,-0.0273016772348544,15.517101220794048,5.727101220794049
2026-09-03,2028-09,jaou8_6570c,call,65.7,9.41,2026-09-02,1,0.2471240306613083,9.477599432833436,0.06759943283343617,9.385917834910916,-0.0240821650890854,15.25640850948504,5.846408509485039
2026-09-03,2028-09,jaou8_6600c,call,66.0,9.25,2026-09-02,1,0.2462373337419692,9.32066398969767,0.0706639896976693,9.227883543171522,-0.0221164568284777,15.146094501083557,5.896094501083557
2026-09-03,2028-09,jaou8_6650c,call,66.5,8.99,2026-09-02,1,0.2445851214959089,9.0558354131674,0.0658354131674006,8.969103500247748,-0.0208964997522524,14.964091704987524,5.974091704987524
2026-09-03,2028-09,jaou8_6775c,call,67.75,8.36,2026-09-02,1,0.2407586757990606,8.419010366239508,0.05901036623950873,8.347461679700823,-0.0125383202991766,14.51872955804738,6.15872955804738
2026-09-03,2028-09,jaou8_7000c,call,70.0,7.32,2026-09-02,1,0.2348883345819621,7.3633816273037995,0.04338162730379924,7.319690025109896,-0.0003099748901043,13.751435928756775,6.431435928756775
2026-09-03,2028-09,jaou8_7110c,call,71.1,6.85,2026-09-02,1,0.2326314760232852,6.8954201250941365,0.04542012509413684,6.8595492682507295,0.0095492682507298,13.391482499782365,6.541482499782365
2026-09-03,2028-09,jaou8_7275c,call,72.75,6.21,2026-09-02,1,0.229724966709782,6.243488693809599,0.03348869380959929,6.220382023130118,0.0103820231301181,12.869222542330665,6.659222542330665
2026-09-03,2028-09,jaou8_7340c,call,73.4,5.98,2026-09-02,1,0.2286666185054396,6.000597923234715,0.020597923234714877,5.98504877336307,0.0050487733630699,12.669316927166353,6.689316927166352
2026-09-03,2028-09,jaou8_7450c,call,74.5,5.6,2026-09-02,1,0.2274188705335011,5.622374682373262,0.02237468237326201,5.60741675498855,0.0074167549885499,12.338470278539848,6.7384702785398485
2026-09-03,2028-09,jaou8_7500c,call,75.0,5.44,2026-09-02,1,0.2268970680193359,5.457681791513574,0.01768179151357341,5.4441567376240645,0.0041567376240641,12.191134172596133,6.7511341725961325
2026-09-03,2028-09,jaou8_7560c,call,75.6,5.26,2026-09-02,1,0.2262533237456801,5.2640331166884335,0.004033116688433758,5.255009524390147,-0.0049904756098531,12.016741517145082,6.756741517145082
2026-09-03,2028-09,jaou8_7670c,call,76.7,4.94,2026-09-02,1,0.2257550379260584,4.945203763179627,0.005203763179626897,4.926924185130964,-0.0130758148690359,11.703798778063186,6.763798778063186
2026-09-03,2028-09,jaou8_7925c,call,79.25,4.29,2026-09-02,1,0.2250252592219877,4.280055258195237,-0.009944741804763346,4.25433119537026,-0.0356688046297399,11.010153783269322,6.720153783269322
2026-09-03,2028-09,jaou8_8000c,call,80.0,4.11,2026-09-02,1,0.2247418640513576,4.097174881915136,-0.012825118084863973,4.078431786297516,-0.0315682137024841,10.814264153989962,6.7042641539899615
2026-09-03,2028-09,jaou8_5000p,put,50.0,3.01,2026-09-02,1,0.2957263584625668,3.038606701232272,0.028606701232272158,3.0250647497830983,0.0150647497830984,5.964646025012597,2.9546460250125977
2026-09-03,2028-09,jaou8_5500p,put,55.0,4.18,2026-09-02,1,0.2805638611050229,4.206751725768223,0.026751725768223267,4.142986268388865,-0.0370137316111343,8.00423011846637,3.824230118466371
2026-09-03,2028-09,jaou8_5700p,put,57.0,4.71,2026-09-02,1,0.2747639066843922,4.753984018483608,0.043984018483608445,4.670312835354611,-0.0396871646453886,8.898627647770402,4.188627647770402
2026-09-03,2028-09,jaou8_5740p,put,57.4,4.83,2026-09-02,1,0.2735617908396453,4.867552194510916,0.037552194510915626,4.781681628368256,-0.0483183716317441,9.08263600939923,4.252636009399231
2026-09-03,2028-09,jaou8_6165p,put,61.65,6.12,2026-09-02,1,0.2601682641538628,6.168104548375503,0.04810454837550271,6.093676922207196,-0.0263230777928038,11.139511259418422,5.0195112594184215
2026-09-03,2028-09,jaou8_6200p,put,62.0,6.23,2026-09-02,1,0.2589716351557526,6.281661198911057,0.051661198911056694,6.212627199294666,-0.0173728007053339,11.316951313225143,5.086951313225143
2026-09-03,2028-09,jaou8_6250p,put,62.5,6.39,2026-09-02,1,0.2572742200806606,6.446805030566172,0.056805030566172476,6.385541657832461,-0.0044583421675383,11.572513854865846,5.182513854865847
2026-09-03,2028-09,jaou8_6500p,put,65.0,7.27,2026-09-02,1,0.2492332105928452,7.333596434930067,0.0635964349300675,7.303934165006105,0.0339341650061051,12.887117508344396,5.617117508344396
2026-09-03,2028-09,jaou8_6750p,put,67.5,8.25,2026-09-02,1,0.2414917553009578,8.31202716899461,0.062027168994610804,8.31485270813877,0.0648527081387708,14.261419807409332,6.011419807409332
2026-09-03,2028-09,jaou8_7000p,put,70.0,9.38,2026-09-02,1,0.235032925168283,9.421637163701359,0.04163716370135795,9.421545037728784,0.0415450377287847,15.690861108186528,6.310861108186527
2026-09-03,2028-09,jaou8_7450p,put,74.5,11.8,2026-09-02,1,0.2279100918403802,11.805141038723374,0.005141038723373015,11.66183610851742,-0.1381638914825806,18.390363460661064,6.590363460661063
2026-09-04,2026-09,jaou6_9100c,call,91.0,1.95,2026-09-03,1,0.4470689140711735,1.9832813369260567,0.033281336926056726,1.9766639140210491,0.0266639140210493,1.821280675117936,-0.1287193248820639
2026-09-04,2026-09,jaou6_9150c,call,91.5,1.74,2026-09-03,1,0.4490371486422798,1.7752088629306857,0.0352088629306857,1.7697627700617111,0.0297627700617113,1.6053232278889218,-0.1346767721110782
2026-09-04,2026-09,jaou6_9196c,call,91.96,1.56,2026-09-03,1,0.4507786622052788,1.5987626167435693,0.03876261674356929,1.59488834306862,0.0348883430686199,1.4236773965983578,-0.1363226034016422
2026-09-04,2026-09,jaou6_9200c,call,92.0,1.55,2026-09-03,1,0.4517673578146822,1.5880719910067589,0.03807199100675884,1.580362956292457,0.030362956292457,1.4086326570647576,-0.1413673429352424
2026-09-04,2026-09,jaou6_9225c,call,92.25,1.46,2026-09-03,1,0.4519485891243851,1.4951520448385176,0.03515204483851764,1.491989977792517,0.031989977792517,1.3171942281905626,-0.1428057718094373
2026-09-04,2026-09,jaou6_9250c,call,92.5,1.38,2026-09-03,1,0.4533936136326049,1.4122381756319056,0.032238175631905674,1.4076972010245046,0.0276972010245046,1.2302837007597538,-0.1497162992402461
2026-09-04,2026-09,jaou6_9435c,call,94.35,0.87,2026-09-03,1,0.4632810991577809,0.9083483036395646,0.03834830363956465,0.8995766649877297,0.0295766649877297,0.7155377382336805,-0.1544622617663195
2026-09-04,2026-09,jaou6_9500c,call,95.0,0.74,2026-09-03,1,0.4650186321848348,0.7664620124454866,0.026462012445486627,0.7636521252313213,0.0236521252313213,0.5821153483149283,-0.1578846516850717
2026-09-04,2026-09,jaou6_9800c,call,98.0,0.33,2026-09-03,1,0.4798025868093772,0.34783076430793225,0.017830764307932234,0.3471472323810983,0.0171472323810982,0.2020760070275866,-0.1279239929724134
2026-09-04,2026-09,jaou6_10000c,call,100.0,0.19,2026-09-03,1,0.4914137810764518,0.2034234258997483,0.013423425899748292,0.2013869671743832,0.0113869671743832,0.0922078200768495,-0.0977921799231505
2026-09-04,2026-09,jaou6_10205c,call,102.05,0.11,2026-09-03,1,0.5056419517281366,0.11937397370366087,0.009373973703660873,0.1146167805517713,0.0046167805517712,0.0384057766221056,-0.0715942233778944
2026-09-04,2026-09,jaou6_10240c,call,102.4,0.1,2026-09-03,1,0.5090707542965761,0.11018447929159955,0.010184479291599546,0.1041040224679883,0.0041040224679883,0.0328565020510197,-0.0671434979489803
2026-09-04,2026-09,jaou6_10300c,call,103.0,0.08,2026-09-03,1,0.510989967299263,0.0921399753365339,0.012139975336533895,0.0882995195522198,0.0082995195522198,0.0250220645048309,-0.0549779354951691
2026-09-04,2026-09,jaou6_10500c,call,105.0,0.05,2026-09-03,1,0.5140702986059039,0.0481657461988178,-0.0018342538011822049,0.0512279251492935,0.0012279251492935,0.0095028070186303,-0.0404971929813697
2026-09-04,2026-09,jaou6_10520c,call,105.2,0.04,2026-09-03,1,0.519330820426038,0.04808386794179451,0.008083867941794512,0.0485386773044364,0.0085386773044364,0.0085783969972437,-0.0314216030027563
2026-09-04,2026-09,jaou6_10825c,call,108.25,0.02,2026-09-03,1,0.5417746713617728,0.022728731925438145,0.0027287319254381444,0.0216968921677905,0.0016968921677905,0.0017938712677836,-0.0182061287322164
2026-09-04,2026-09,jaou6_7800p,put,78.0,0.02,2026-09-03,1,0.489725248195958,0.017381689036749748,-0.0026183109632502526,0.0162436735694129,-0.003756326430587,0.0040666363111888,-0.0159333636888112
2026-09-04,2026-09,jaou6_8000p,put,80.0,0.04,2026-09-03,1,0.4734115009691187,0.04463841690320436,0.004638416903204358,0.0451438560364252,0.0051438560364252,0.0185086423319175,-0.0214913576680825
2026-09-04,2026-09,jaou6_8200p,put,82.0,0.1,2026-09-03,1,0.4616326419135079,0.11162266121930209,0.011622661219302083,0.1124231878221397,0.0124231878221397,0.0648069150813416,-0.0351930849186584
2026-09-04,2026-09,jaou6_8250p,put,82.5,0.13,2026-09-03,1,0.4563130211560912,0.13498367841579118,0.004983678415791171,0.1389859901549428,0.0089859901549428,0.0856661514648346,-0.0443338485351654
2026-09-04,2026-10,jaov6_9200c,call,92.0,3.05,2026-09-03,1,0.4611141971389973,3.2496302455900423,0.1996302455900425,3.2306701638422,0.1806701638422003,2.737167993846288,-0.312832006153712
2026-09-04,2026-10,jaov6_9225c,call,92.25,2.97,2026-09-03,1,0.4619812706329699,3.1759484653469356,0.20594846534693545,3.157527882590188,0.1875278825901878,2.6576681438001604,-0.3123318561998398
2026-09-04,2026-10,jaov6_9348c,call,93.48,2.64,2026-09-03,1,0.4665431009253697,2.838787646806471,0.19878764680647087,2.82001424157374,0.1800142415737395,2.292121511038953,-0.3478784889610473
2026-09-04,2026-10,jaov6_9353c,call,93.53,2.63,2026-09-03,1,0.4669536377628232,2.828142443683377,0.19814244368337697,2.807052552294731,0.177052552294731,2.2781495465357646,-0.3518504534642352
2026-09-04,2026-10,jaov6_9435c,call,94.35,2.43,2026-09-03,1,0.4693818613394172,2.6175359534336633,0.18753595343366314,2.6025211156919563,0.1725211156919561,2.0585573774074994,-0.3714426225925007
2026-09-04,2026-10,jaov6_9700c,call,97.0,1.88,2026-09-03,1,0.4798880467799412,2.0579488952665512,0.17794889526655133,2.036517113813009,0.1565171138130092,1.46334603036226,-0.4166539696377398
2026-09-04,2026-10,jaov6_9800c,call,98.0,1.71,2026-09-03,1,0.4836922015472565,1.8784086731744774,0.16840867317447739,1.856448758106716,0.1464487581067159,1.280092078879287,-0.4299079211207128
2026-09-04,2026-10,jaov6_9911c,call,99.11,1.54,2026-09-03,1,0.4880347610893524,1.6987974977951616,0.1587974977951616,1.67540122932464,0.1354012293246398,1.0997658965223511,-0.4402341034776489
2026-09-04,2026-10,jaov6_9955c,call,99.55,1.48,2026-09-03,1,0.4900789001306139,1.635298150120742,0.155298150120742,1.6087284366100203,0.1287284366100203,1.034446225381806,-0.4455537746181939
2026-09-04,2026-10,jaov6_10000c,call,100.0,1.41,2026-09-03,1,0.4920236642185188,1.571847386791551,0.16184738679155108,1.54336072112951,0.13336072112951,0.971105383922403,-0.4388946160775969
2026-09-04,2026-10,jaov6_10205c,call,102.05,1.16,2026-09-03,1,0.4999501975503873,1.3077618921123868,0.14776189211238688,1.2786609085597216,0.1186609085597216,0.7235512422873891,-0.4364487577126108
2026-09-04,2026-10,jaov6_10240c,call,102.4,1.12,2026-09-03,1,0.5010283197088728,1.2655880677513507,0.14558806775135058,1.2384410360241525,0.1184410360241523,0.6872896669917163,-0.4327103330082837
2026-09-04,2026-10,jaov6_10300c,call,103.0,1.06,2026-09-03,1,0.5022320685582237,1.1919435442269184,0.13194354422691834,1.1725656412816643,0.1125656412816644,0.6288505229386079,-0.4311494770613922
2026-09-04,2026-10,jaov6_10500c,call,105.0,0.88,2026-09-03,1,0.5088356830673294,0.9915779413298842,0.11157794132988419,0.978564756232814,0.0985647562328141,0.4652688340666559,-0.4147311659333441
2026-09-04,2026-10,jaov6_10800c,call,108.0,0.67,2026-09-03,1,0.5196169755602126,0.7596322379889241,0.08963223798892406,0.7494910304815717,0.0794910304815716,0.2904833368368938,-0.3795166631631062
2026-09-04,2026-10,jaov6_11500c,call,115.0,0.36,2026-09-03,1,0.5458910030618681,0.42307411809427115,0.06307411809427116,0.4133758709291926,0.0533758709291926,0.0901569926929426,-0.2698430073070574
2026-09-04,2026-10,jaov6_12100c,call,121.0,0.22,2026-09-03,1,0.568377693514629,0.26616215184620173,0.04616215184620173,0.2572902641317074,0.0372902641317074,0.0309327754789343,-0.1890672245210657
2026-09-04,2026-10,jaov6_12500c,call,125.0,0.17,2026-09-03,1,0.5803406524431888,0.1934812673085599,0.0234812673085599,0.1913447365002394,0.0213447365002393,0.0149523522787343,-0.1550476477212657
2026-09-04,2026-10,jaov6_16000c,call,160.0,0.03,2026-09-03,1,0.7052818515121266,0.02919011297664512,-0.0008098870233548792,0.0275772369021317,-0.0024227630978682,3.605230412470353e-05,-0.0299639476958752
2026-09-04,2026-10,jaov6_7200p,put,72.0,0.39,2026-09-03,1,0.4382705327297841,0.40262451244350217,0.012624512443502156,0.4046495355045643,0.0146495355045642,0.314924941456373,-0.075075058543627
2026-09-04,2026-10,jaov6_7400p,put,74.0,0.56,2026-09-03,1,0.4317798810616839,0.5898133397821148,0.029813339782114756,0.5956160566068256,0.0356160566068255,0.5039975463120088,-0.0560024536879912
2026-09-04,2026-10,jaov6_7450p,put,74.5,0.62,2026-09-03,1,0.4296219570750551,0.6436326263584267,0.023632626358426667,0.6550788827344967,0.0350788827344966,0.5628556982388875,-0.0571443017611125
2026-09-04,2026-10,jaov6_7500p,put,75.0,0.68,2026-09-03,1,0.4301574896759028,0.7159637045782592,0.03596370457825915,0.7198893582782979,0.0398893582782978,0.6269299587704554,-0.0530700412295446
2026-09-04,2026-10,jaov6_7600p,put,76.0,0.81,2026-09-03,1,0.4283186187258973,0.8610422337153985,0.0510422337153984,0.8669096005615753,0.0569096005615752,0.7720069657310308,-0.0379930342689692
2026-09-04,2026-10,jaov6_7800p,put,78.0,1.16,2026-09-03,1,0.4271364252682625,1.2368039635432204,0.0768039635432205,1.2399888190765935,0.0799888190765936,1.136174963413112,-0.0238250365868879
2026-09-04,2026-10,jaov6_8000p,put,80.0,1.62,2026-09-03,1,0.4280036407862503,1.7381040585189194,0.11810405851891925,1.7353591489697422,0.115359148969742,1.6128787939884075,-0.0071212060115926
2026-09-04,2026-10,jaov6_8200p,put,82.0,2.24,2026-09-03,1,0.4312078647283439,2.386378510824132,0.14637851082413178,2.3698936594256663,0.1298936594256661,2.213848847568188,-0.026151152431812
2026-09-04,2026-10,jaov6_9000p,put,90.0,6.23,2026-09-03,1,0.4536033866561296,6.437975172240512,0.20797517224051187,6.41268162164913,0.1826816216491291,5.996113453886507,-0.2338865461134931
2026-09-04,2026-11,jaox6_8950c,call,89.5,4.29,2026-09-03,1,0.4481583885247047,4.5016261337847645,0.21162613378476447,4.466345860509167,0.1763458605091665,4.066845907320939,-0.2231540926790609
2026-09-04,2026-11,jaox6_9000c,call,90.0,4.14,2026-09-03,1,0.4498408410777728,4.354159870109466,0.2141598701094667,4.316881047524273,0.1768810475242732,3.898783916038928,-0.2412160839610715
2026-09-04,2026-11,jaox6_9025c,call,90.25,4.07,2026-09-03,1,0.4505524741845055,4.280473289780052,0.21047328978005186,4.244032508907061,0.1740325089070609,3.8169615646695214,-0.2530384353304789
2026-09-04,2026-11,jaox6_9100c,call,91.0,3.86,2026-09-03,1,0.4529037604079644,4.069712091166478,0.20971209116647804,4.032815389791966,0.1728153897919662,3.579742800499248,-0.2802571995007517
2026-09-04,2026-11,jaox6_9196c,call,91.96,3.6,2026-09-03,1,0.4552632860258723,3.806385854798494,0.2063858547984938,3.777911299855329,0.1779112998553289,3.2937229126619285,-0.3062770873380716
2026-09-04,2026-11,jaox6_9200c,call,92.0,3.59,2026-09-03,1,0.4553663044382498,3.7958450125187913,0.2058450125187914,3.767654200448479,0.1776542004484786,3.282230680989166,-0.3077693190108337
2026-09-04,2026-11,jaox6_9225c,call,92.25,3.53,2026-09-03,1,0.4561506041843919,3.7325184380609366,0.20251843806093683,3.7041907023290506,0.1741907023290507,3.2111447112871603,-0.3188552887128395
2026-09-04,2026-11,jaox6_9348c,call,93.48,3.23,2026-09-03,1,0.4600312004658408,3.4367891078280635,0.20678910782806348,3.4076178420869425,0.1776178420869425,2.8792203495019155,-0.3507796504980844
2026-09-04,2026-11,jaox6_9353c,call,93.53,3.22,2026-09-03,1,0.4602561449494084,3.4261872625567125,0.20618726255671227,3.396095825341184,0.1760958253411839,2.866336435498428,-0.3536635645015722
2026-09-04,2026-11,jaox6_9435c,call,94.35,3.04,2026-09-03,1,0.4630743450351053,3.2463614133120764,0.20636141331207636,3.212829038480888,0.1728290384808879,2.661728287654024,-0.3782717123459762
2026-09-04,2026-11,jaox6_9700c,call,97.0,2.53,2026-09-03,1,0.4709801134257698,2.7173196738248717,0.1873196738248719,2.688672130650468,0.1586721306504683,2.083607744154357,-0.4463922558456428
2026-09-04,2026-11,jaox6_9911c,call,99.11,2.19,2026-09-03,1,0.4777497195026232,2.3673988634424883,0.17739886344248834,2.3370929037391077,0.1470929037391073,1.7051402827412026,-0.4848597172587974
2026-09-04,2026-11,jaox6_10000c,call,100.0,2.06,2026-09-03,1,0.4810398419487431,2.239879177314331,0.1798791773143309,2.2041352534681926,0.1441352534681925,1.56454622989055,-0.4954537701094501
2026-09-04,2026-11,jaox6_10205c,call,102.05,1.8,2026-09-03,1,0.4875000542762537,1.9638103284080974,0.1638103284080974,1.928612911660667,0.1286129116606669,1.2794207097922976,-0.5205792902077024
2026-09-04,2026-11,jaox6_10240c,call,102.4,1.75,2026-09-03,1,0.4876818625078765,1.9110051186585677,0.1610051186585677,1.885528779384653,0.1355287793846527,1.2356573059743832,-0.5143426940256168
2026-09-04,2026-11,jaox6_10500c,call,105.0,1.48,2026-09-03,1,0.4959968995512145,1.6239249301263448,0.14392493012634477,1.5974687862789791,0.1174687862789791,0.9508404253049834,-0.5291595746950166
2026-09-04,2026-11,jaox6_10800c,call,108.0,1.22,2026-09-03,1,0.5049599130172828,1.3474088989072295,0.1274088989072295,1.3257298602799306,0.1057298602799305,0.696773996323907,-0.523226003676093
2026-09-04,2026-11,jaox6_7200p,put,72.0,1.3,2026-09-03,1,0.4154651993974741,1.3546438901268978,0.05464389012689774,1.356395678078968,0.056395678078968,1.366813767277646,0.0668137672776458
2026-09-04,2026-11,jaox6_7400p,put,74.0,1.72,2026-09-03,1,0.4148713665639613,1.8017043237268275,0.08170432372682757,1.8021693484839376,0.0821693484839378,1.820100756210431,0.100100756210431
2026-09-04,2026-11,jaox6_7450p,put,74.5,1.85,2026-09-03,1,0.4151964805292524,1.9328276249561451,0.08282762495614504,1.929672363827132,0.0796723638271319,1.9482609392947945,0.0982609392947944
2026-09-04,2026-11,jaox6_7500p,put,75.0,1.97,2026-09-03,1,0.4149386373250556,2.0640417597345646,0.09404175973456463,2.06392519829423,0.0939251982942301,2.082365682559584,0.1123656825595842
2026-09-04,2026-11,jaox6_7600p,put,76.0,2.25,2026-09-03,1,0.415395055474823,2.3556626379659686,0.10566263796596864,2.353243835453154,0.1032438354531546,2.36879761563336,0.1187976156333601
2026-09-04,2026-11,jaox6_7800p,put,78.0,2.9,2026-09-03,1,0.4163188876694619,3.0176558997643657,0.11765589976436575,3.018365282127961,0.1183652821279612,3.019162784285744,0.1191627842857441
2026-09-04,2026-11,jaox6_8000p,put,80.0,3.66,2026-09-03,1,0.4195840757773956,3.8181357341229747,0.15813573412297455,3.802936276741252,0.1429362767412518,3.776060590876823,0.116060590876823
2026-09-04,2026-11,jaox6_8200p,put,82.0,4.56,2026-09-03,1,0.4227463454650669,4.728889073344044,0.16888907334404468,4.708726824406771,0.1487268244067712,4.64015078169178,0.0801507816917803
2026-09-04,2026-11,jaox6_9000p,put,90.0,9.3,2026-09-03,1,0.441842160051782,9.49855930223703,0.19855930223702956,9.467128022324868,0.1671280223248672,9.141451464779283,-0.1585485352207172
2026-09-04,2027-03,jaoh7_7900c,call,79.0,6.55,2026-09-03,1,0.3592358359467759,6.675038798708214,0.12503879870821422,6.660226558946196,0.1102265589461959,7.8784580215843825,1.3284580215843826
2026-09-04,2027-03,jaoh7_8000c,call,80.0,6.17,2026-09-03,1,0.3597890258098224,6.302928180639519,0.13292818063951906,6.28639555275329,0.11639555275329,7.493170327577038,1.3231703275770377
2026-09-04,2027-03,jaoh7_8025c,call,80.25,6.08,2026-09-03,1,0.3601524260496176,6.217554550357769,0.13755455035776887,6.196301684109466,0.1163016841094659,7.399295577474943,1.3192955774749429
2026-09-04,2027-03,jaoh7_8045c,call,80.45,6.01,2026-09-03,1,0.3601200437865841,6.143158076863902,0.1331580768639018,6.125179994170697,0.1151799941706972,7.324888943666505,1.3148889436665048
2026-09-04,2027-03,jaoh7_8075c,call,80.75,5.91,2026-09-03,1,0.3602476865602984,6.036663370368511,0.12666337036851072,6.020072743647326,0.1100727436473256,7.214380824818689,1.304380824818689
2026-09-04,2027-03,jaoh7_8100c,call,81.0,5.82,2026-09-03,1,0.3604570047020456,5.951326085083636,0.13132608508363575,5.933914580520994,0.1139145805209933,7.1233762684540185,1.3033762684540182
2026-09-04,2027-03,jaoh7_8102c,call,81.02,5.81,2026-09-03,1,0.3607777965502398,5.951026353527998,0.14102635352799808,5.927077748300312,0.1170777483003124,7.116138832475357,1.3061388324753578
2026-09-04,2027-03,jaoh7_8150c,call,81.5,5.65,2026-09-03,1,0.3612040991235872,5.790895147155993,0.14089514715599272,5.7654517225925295,0.1154517225925291,6.944474325112414,1.2944743251124136
2026-09-04,2027-03,jaoh7_8185c,call,81.85,5.54,2026-09-03,1,0.3613688978192551,5.673519741370598,0.13351974137059752,5.650542550290108,0.1105425502901082,6.821571080026297,1.2815710800262972
2026-09-04,2027-03,jaoh7_8342c,call,83.42,5.06,2026-09-03,1,0.3630364473707862,5.19171804372269,0.13171804372269058,5.164668207359892,0.1046682073598921,6.2919879803232055,1.231987980323206
2026-09-04,2027-03,jaoh7_8500c,call,85.0,4.62,2026-09-03,1,0.3654652980204625,4.761660221457578,0.1416602214575775,4.722126754011787,0.1021267540117865,5.794956704127821,1.1749567041278208
2026-09-04,2027-03,jaoh7_8525c,call,85.25,4.55,2026-09-03,1,0.3658520854746592,4.6970549649904845,0.14705496499048465,4.656152720249746,0.1061527202497458,5.7195808633933245,1.169580863393325
2026-09-04,2027-03,jaoh7_8575c,call,85.75,4.42,2026-09-03,1,0.3664968731022746,4.567885808146226,0.14788580814622598,4.527398069726899,0.1073980697268988,5.571342468835917,1.1513424688359173
2026-09-04,2027-03,jaoh7_8675c,call,86.75,4.18,2026-09-03,1,0.3677845930001369,4.320024381539646,0.14002438153964647,4.282286061549765,0.1022860615497656,5.284734076088827,1.1047340760888271
2026-09-04,2027-03,jaoh7_8700c,call,87.0,4.12,2026-09-03,1,0.36838776691404,4.265849445737003,0.14584944573700298,4.223512533331248,0.1035125333312478,5.21513120788209,1.0951312078820896
2026-09-04,2027-03,jaoh7_8705c,call,87.05,4.11,2026-09-03,1,0.3685037690010981,4.255016635955851,0.14501663595585068,4.211875258750869,0.1018752587508684,5.201305889255476,1.0913058892554757
2026-09-04,2027-03,jaoh7_6800p,put,68.0,3.79,2026-09-03,1,0.3626713723797959,3.8411737117608986,0.05117371176089858,3.874207107956668,0.0842071079566677,4.806170766678322,1.0161707666783224
2026-09-04,2027-03,jaoh7_6900p,put,69.0,4.13,2026-09-03,1,0.3613034876336059,4.18871752208165,0.058717522081650486,4.216191222722638,0.086191222722638,5.208025798567401,1.0780257985674009
2026-09-04,2027-03,jaoh7_7000p,put,70.0,4.49,2026-09-03,1,0.35993908445248,4.555852369758952,0.06585236975895192,4.581359075556028,0.0913590755560278,5.6278248898751535,1.1378248898751533
2026-09-04,2027-03,jaoh7_7100p,put,71.0,4.88,2026-09-03,1,0.3585714858640064,4.942639604340037,0.06263960434003746,4.970074381289363,0.0900743812893631,6.065966020939122,1.185966020939122
2026-09-04,2027-03,jaoh7_7150p,put,71.5,5.08,2026-09-03,1,0.3582611413110903,5.150850886960213,0.07085088696021291,5.173344774250707,0.0933447742507072,6.291907435729035,1.2119074357290351
2026-09-04,2027-03,jaoh7_7250p,put,72.5,5.5,2026-09-03,1,0.3573694569398846,5.577192271595464,0.0771922715954636,5.597812364063814,0.097812364063814,6.757386996620046,1.2573869966200464
2026-09-04,2027-03,jaoh7_7300p,put,73.0,5.72,2026-09-03,1,0.3572828517495794,5.805275284462134,0.08527528446213406,5.819028224241395,0.0990282242413949,6.996672308338583,1.2766723083385836
2026-09-04,2027-03,jaoh7_7400p,put,74.0,6.18,2026-09-03,1,0.356359805328442,6.261465516981734,0.08146551698173443,6.279416559238796,0.0994165592387963,7.488908026794808,1.308908026794808
2026-09-04,2027-03,jaoh7_7450p,put,74.5,6.42,2026-09-03,1,0.3564960920976285,6.50954425107073,0.0895442510707305,6.518564732214854,0.0985647322148537,7.741582192923309,1.3215821929233087
2026-09-04,2027-03,jaoh7_7500p,put,75.0,6.66,2026-09-03,1,0.3563870338719954,6.757651160771061,0.09765116077106129,6.763654512127898,0.103654512127898,7.998442843643021,1.338442843643021
2026-09-04,2027-09,jaou7_6820c,call,68.2,9.96,2026-09-03,1,0.3031109101326373,10.024128783661302,0.06412878366130137,10.087191747798991,0.1271917477989923,12.852075483868292,2.8920754838682914
2026-09-04,2027-09,jaou7_6825c,call,68.25,9.93,2026-09-03,1,0.3032353880093266,10.003135012771029,0.0731350127710293,10.060045439877625,0.1300454398776231,12.82977532259955,2.8997753225995506
2026-09-04,2027-09,jaou7_6860c,call,68.6,9.74,2026-09-03,1,0.3025392304949685,9.81620865572494,0.0762086557249404,9.871541515770511,0.1315415157705111,12.674598941466208,2.9345989414662075
2026-09-04,2027-09,jaou7_6900c,call,69.0,9.53,2026-09-03,1,0.3014865013178339,9.598255843339587,0.06825584333958723,9.659370961306298,0.1293709613062983,12.499280022326472,2.9692800223264726
2026-09-04,2027-09,jaou7_6905c,call,69.05,9.5,2026-09-03,1,0.3015833441249314,9.577264254936749,0.0772642549367486,9.63309463718897,0.1330946371889698,12.477521144635023,2.977521144635024
2026-09-04,2027-09,jaou7_6930c,call,69.3,9.37,2026-09-03,1,0.3009134476285234,9.442270760407148,0.07227076040714842,9.502530357890013,0.1325303578900136,12.369248408366747,2.999248408366748
2026-09-04,2027-09,jaou7_7000c,call,70.0,9.01,2026-09-03,1,0.2997275779499052,9.088259267261348,0.07825926726134824,9.144202724499328,0.1342027244993282,12.070733249064816,3.060733249064816
2026-09-04,2027-09,jaou7_7110c,call,71.1,8.47,2026-09-03,1,0.2981371154401779,8.556171563737024,0.0861715637370235,8.602710052742896,0.1327100527428957,11.615046112082512,3.145046112082511
2026-09-04,2027-09,jaou7_7200c,call,72.0,8.04,2026-09-03,1,0.2969053938248747,8.138073738465875,0.0980737384658763,8.179248008288022,0.1392480082880229,11.254046197199663,3.2140461971996643
2026-09-04,2027-09,jaou7_7335c,call,73.35,7.44,2026-09-03,1,0.2952137814733231,7.54098845554312,0.10098845554311975,7.576830412176259,0.1368304121762582,10.731555520836746,3.291555520836746
2026-09-04,2027-09,jaou7_7400c,call,74.0,7.16,2026-09-03,1,0.2945288381111483,7.26803371353793,0.1080337135379299,7.300654958473267,0.1406549584732666,10.487657297463247,3.3276572974632472
2026-09-04,2027-09,jaou7_7450c,call,74.5,6.95,2026-09-03,1,0.293826949892178,7.058034424808587,0.1080344248085865,7.094276848174943,0.1442768481749423,10.30350029796657,3.35350029796657
2026-09-04,2027-09,jaou7_7500c,call,75.0,6.75,2026-09-03,1,0.2933408934813123,6.8581503005763125,0.10815030057631247,6.893122150750645,0.1431221507506448,10.122137934945709,3.372137934945709
2026-09-04,2027-09,jaou7_7542c,call,75.42,6.58,2026-09-03,1,0.2931695722760912,6.699987547653159,0.11998754765315933,6.728152106857753,0.1481521068577524,9.972088182247065,3.3920881822470648
2026-09-04,2027-09,jaou7_7550c,call,75.5,6.55,2026-09-03,1,0.2930725857264622,6.66840832410479,0.11840832410478974,6.697140456517879,0.1471404565178788,9.94374861710164,3.3937486171016404
2026-09-04,2027-09,jaou7_7600c,call,76.0,6.36,2026-09-03,1,0.2926564227025341,6.4786546353855945,0.11865463538559418,6.506277051656537,0.1462770516565363,9.768239339447838,3.408239339447838
2026-09-04,2027-09,jaou7_7610c,call,76.1,6.32,2026-09-03,1,0.2924081512436495,6.436628285188959,0.11662828518895907,6.468713460249885,0.1487134602498843,9.73346437230587,3.413464372305869
2026-09-04,2027-09,jaou7_7705c,call,77.05,5.98,2026-09-03,1,0.2919706137783027,6.09846187271695,0.1184618727169493,6.121857630517832,0.1418576305178316,9.408685225414407,3.428685225414407
2026-09-04,2027-09,jaou7_7710c,call,77.1,5.96,2026-09-03,1,0.2921866267591919,6.087647008478121,0.12764700847812094,6.104098463652051,0.1440984636520514,9.391863060453794,3.431863060453794
2026-09-04,2027-09,jaou7_7725c,call,77.25,5.91,2026-09-03,1,0.2920854696304872,6.0347890442271535,0.12478904422715331,6.051115714821734,0.1411157148217334,9.341558773509131,3.4315587735091317
2026-09-04,2027-09,jaou7_5800p,put,58.0,3.15,2026-09-03,1,0.3291418774506017,3.1788086787395713,0.02880867873957138,3.2520523973106528,0.1020523973106528,4.926897589321817,1.7768975893218175
2026-09-04,2027-09,jaou7_5900p,put,59.0,3.39,2026-09-03,1,0.3264232251577448,3.433091173031668,0.043091173031668095,3.494959832750053,0.1049598327500533,5.296677233893977,1.9066772338939768
2026-09-04,2027-09,jaou7_6000p,put,60.0,3.65,2026-09-03,1,0.3235159208355445,3.6969403306460134,0.04694033064601344,3.754217314195291,0.1042173141952909,5.681117688745148,2.0311176887451485
2026-09-04,2027-09,jaou7_6200p,put,62.0,4.22,2026-09-03,1,0.3180108617916282,4.2730055915269585,0.05300559152695872,4.324001238374022,0.104001238374022,6.495154083031083,2.275154083031083
2026-09-04,2027-09,jaou7_6420p,put,64.2,4.93,2026-09-03,1,0.312351126660832,4.98340527255889,0.053405272558890715,5.033653241233914,0.1036532412339141,7.460674035652433,2.5306740356524333
2026-09-04,2027-09,jaou7_6500p,put,65.0,5.2,2026-09-03,1,0.310232135101444,5.258513499160131,0.0585134991601306,5.314077963336773,0.114077963336773,7.828901175818462,2.628901175818462
2026-09-04,2027-09,jaou7_6750p,put,67.5,6.15,2026-09-03,1,0.3046769593050468,6.210315589426535,0.060315589426534366,6.269698023316628,0.1196980233166273,9.038302169187554,2.888302169187554
2026-09-04,2027-09,jaou7_6800p,put,68.0,6.35,2026-09-03,1,0.3034729637078821,6.410456254535285,0.06045625453528558,6.475454660652968,0.1254546606529683,9.290459143339374,2.9404591433393747
2026-09-04,2027-09,jaou7_6900p,put,69.0,6.77,2026-09-03,1,0.3017261567381112,6.840543229867259,0.07054322986725925,6.9017520516709885,0.1317520516709889,9.804711939928415,3.034711939928416
2026-09-04,2027-09,jaou7_7000p,put,70.0,7.21,2026-09-03,1,0.3000888600942866,7.290475428847719,0.08047542884771897,7.34782080433197,0.1378208043319704,10.332743341328408,3.122743341328408
2026-09-04,2027-09,jaou7_7400p,put,74.0,9.19,2026-09-03,1,0.2946380945896703,9.289867528090312,0.09986752809031252,9.3291453693594,0.1391453693593991,12.57598008837343,3.3859800883734312
2026-09-04,2027-09,jaou7_7450p,put,74.5,9.46,2026-09-03,1,0.293997200804907,9.559847104235647,0.09984710423564636,9.598701591052656,0.138701591052655,12.87011217620758,3.41011217620758
2026-09-04,2027-09,jaou7_7500p,put,75.0,9.74,2026-09-03,1,0.2935722996496708,9.83994592874866,0.09994592874866015,9.8730292795002,0.1330292795002012,13.16703890051754,3.4270389005175392
2026-09-04,2028-03,jaoh8_6151c,call,61.51,12.81,2026-09-03,1,0.2829857012161138,12.962064832181529,0.15206483218152833,13.059385709501454,0.2493857095014533,16.68130603576792,3.8713060357679208
2026-09-04,2028-03,jaoh8_6200c,call,62.0,12.51,2026-09-03,1,0.2817258774319532,12.66485708603659,0.15485708603659099,12.75530953525419,0.24530953525419,16.454724041642926,3.9447240416429263
2026-09-04,2028-03,jaoh8_6420c,call,64.2,11.21,2026-09-03,1,0.2764159752086747,11.38148338554058,0.1714833855405793,11.441810919656191,0.2318109196561923,15.471267622244836,4.261267622244835
2026-09-04,2028-03,jaoh8_6500c,call,65.0,10.76,2026-09-03,1,0.2743887362787347,10.928999304433498,0.1689993044334983,10.985634372250344,0.2256343722503455,15.127229859000778,4.367229859000778
2026-09-04,2028-03,jaoh8_6600c,call,66.0,10.21,2026-09-03,1,0.2720796175669322,10.383136060603263,0.17313606060326237,10.43185230254972,0.2218523025497205,14.70713663187761,4.497136631877609
2026-09-04,2028-03,jaoh8_6775c,call,67.75,9.28,2026-09-03,1,0.2677609436536582,9.454783752754167,0.17478375275416802,9.50728775349699,0.2272877534969914,13.99762395754634,4.717623957546341
2026-09-04,2028-03,jaoh8_6875c,call,68.75,8.77,2026-09-03,1,0.265407822273394,8.948287675008345,0.1782876750083453,9.004681162409126,0.2346811624091263,13.606708135759316,4.8367081357593165
2026-09-04,2028-03,jaoh8_6890c,call,68.9,8.7,2026-09-03,1,0.265124765886828,8.875808025551638,0.175808025551639,8.930911108164647,0.2309111081646477,13.548993059251494,4.848993059251495
2026-09-04,2028-03,jaoh8_7000c,call,70.0,8.16,2026-09-03,1,0.2624990715855737,8.337418880884854,0.17741888088485425,8.402869974818408,0.242869974818408,13.133111139017402,4.973111139017401
2026-09-04,2028-03,jaoh8_7110c,call,71.1,7.64,2026-09-03,1,0.2602346942241217,7.828948343803695,0.18894834380369563,7.897590484595287,0.257590484595287,12.729519052900471,5.089519052900472
2026-09-04,2028-03,jaoh8_7275c,call,72.75,6.91,2026-09-03,1,0.2568359742529431,7.101059630499113,0.19105963049911256,7.182146854818014,0.2721468548180139,12.146297669831329,5.236297669831329
2026-09-04,2028-03,jaoh8_7340c,call,73.4,6.64,2026-09-03,1,0.255630480189134,6.830097323402722,0.19009732340272212,6.914187429667592,0.2741874296675926,11.9237800501288,5.2837800501288
2026-09-04,2028-03,jaoh8_7450c,call,74.5,6.2,2026-09-03,1,0.254073455912387,6.401809990221861,0.20180999022186086,6.478380345501214,0.2783803455012137,11.556102980266171,5.356102980266171
2026-09-04,2028-03,jaoh8_7475c,call,74.75,6.1,2026-09-03,1,0.2537394596417496,6.307679239953994,0.20767923995399418,6.3824027303969855,0.2824027303969858,11.47399432031641,5.37399432031641
2026-09-04,2028-03,jaoh8_7500c,call,75.0,6.01,2026-09-03,1,0.2536934459356215,6.223715596628456,0.21371559662845652,6.287552927318573,0.277552927318573,11.392443282579968,5.382443282579969
2026-09-04,2028-03,jaoh8_7550c,call,75.5,5.82,2026-09-03,1,0.2531959039838502,6.045599963439917,0.22559996343991706,6.101218245469841,0.2812182454698408,11.231005835500886,5.411005835500886
2026-09-04,2028-03,jaoh8_7670c,call,76.7,5.41,2026-09-03,1,0.2521013260083449,5.636371630344836,0.2263716303448362,5.672106878621968,0.2621068786219673,10.852723185037847,5.442723185037847
2026-09-04,2028-03,jaoh8_7700c,call,77.0,5.31,2026-09-03,1,0.2519652336084326,5.541703903311382,0.23170390331138258,5.568767858288508,0.2587678582885084,10.760116153505589,5.450116153505589
2026-09-04,2028-03,jaoh8_7775c,call,77.75,5.07,2026-09-03,1,0.2516102762675258,5.310132374475234,0.24013237447523395,5.317202193727132,0.2472021937271318,10.532088110860403,5.462088110860403
2026-09-04,2028-03,jaoh8_5740p,put,57.4,3.75,2026-09-03,1,0.2926810272409197,3.8977057667298443,0.14770576672984426,3.957928093345858,0.207928093345858,7.042506008186113,3.2925060081861126
2026-09-04,2028-03,jaoh8_5900p,put,59.0,4.19,2026-09-03,1,0.2885066068722098,4.345796567932082,0.1557965679320814,4.407202803630188,0.2172028036301876,7.7308300187212975,3.540830018721297
2026-09-04,2028-03,jaoh8_6000p,put,60.0,4.49,2026-09-03,1,0.2862321003372239,4.651509291778913,0.1615092917789127,4.706566207279179,0.2165662072791789,8.176894511005587,3.686894511005587
2026-09-04,2028-03,jaoh8_6165p,put,61.65,5.01,2026-09-03,1,0.2821693270954299,5.17726217905236,0.16726217905236052,5.23270668931658,0.2227066893165803,8.938945361351882,3.9289453613518814
2026-09-04,2028-03,jaoh8_6200p,put,62.0,5.13,2026-09-03,1,0.2812521249848259,5.292011203478109,0.1620112034781087,5.34956651927449,0.2195665192744904,9.104683612424258,3.9746836124242586
2026-09-04,2028-03,jaoh8_6250p,put,62.5,5.3,2026-09-03,1,0.280137770380235,5.464399762289566,0.1643997622895661,5.5197467131808535,0.2197467131808537,9.343906146578014,4.043906146578014
2026-09-04,2028-03,jaoh8_6500p,put,65.0,6.2,2026-09-03,1,0.2740677565291259,6.365294137903195,0.16529413790319492,6.428776270385344,0.2287762703853433,10.582607704499036,4.382607704499036
2026-09-04,2028-03,jaoh8_6600p,put,66.0,6.58,2026-09-03,1,0.2719148981859736,6.759151559696207,0.17915155969620677,6.820002799832935,0.2400027998329346,11.09765390228151,4.517653902281509
2026-09-04,2028-03,jaoh8_6750p,put,67.5,7.19,2026-09-03,1,0.2682530737332758,7.364492521165218,0.17449252116521752,7.436964938679672,0.2469649386796719,11.890209405053705,4.700209405053704
2026-09-04,2028-03,jaoh8_7000p,put,70.0,8.28,2026-09-03,1,0.2626072305148022,8.462417184198003,0.18241718419800357,8.546531921574589,0.2665319215745896,13.264186109043855,4.984186109043856
2026-09-04,2028-03,jaoh8_7450p,put,74.5,10.54,2026-09-03,1,0.2545207303783567,10.745847305737843,0.20584730573784427,10.801758712932507,0.2617587129325081,15.895305362368012,5.3553053623680125
2026-09-04,2028-09,jaou8_6151c,call,61.51,12.25,2026-09-03,1,0.2594283259329883,12.292642765817439,0.042642765817438644,12.432294887351771,0.1822948873517731,17.383033126612297,5.133033126612297
2026-09-04,2028-09,jaou8_6500c,call,65.0,10.21,2026-09-03,1,0.247455427714425,10.251017452777248,0.04101745277724689,10.32234147640094,0.1123414764009389,15.985587825232653,5.775587825232652
2026-09-04,2028-09,jaou8_6570c,call,65.7,9.82,2026-09-03,1,0.2451323072888982,9.862209278162458,0.04220927816245812,9.931807268987368,0.1118072689873663,15.71962943472761,5.8996294347276095
2026-09-04,2028-09,jaou8_6600c,call,66.0,9.65,2026-09-03,1,0.244162449521313,9.698391179921952,0.04839117992195163,9.767862547841608,0.1178625478416073,15.607080831208773,5.957080831208772
2026-09-04,2028-09,jaou8_6650c,call,66.5,9.38,2026-09-03,1,0.2426623178774873,9.431980160850623,0.05198016085062207,9.499218162008017,0.1192181620080141,15.421356059727684,6.041356059727683
2026-09-04,2028-09,jaou8_6775c,call,67.75,8.73,2026-09-03,1,0.2390544318476892,8.785695779065243,0.05569577906524259,8.85290070121708,0.1229007012170804,14.967062898636824,6.237062898636824
2026-09-04,2028-09,jaou8_7000c,call,70.0,7.63,2026-09-03,1,0.2336506716991307,7.7158019513713,0.08580195137129998,7.781094789330244,0.1510947893302443,14.18376811177238,6.5537681117723805
2026-09-04,2028-09,jaou8_7110c,call,71.1,7.15,2026-09-03,1,0.231338480453631,7.231036188832291,0.08103618883229036,7.299841453593694,0.1498414535936936,13.81626461514496,6.666264615144959
2026-09-04,2028-09,jaou8_7275c,call,72.75,6.47,2026-09-03,1,0.2287703457733353,6.569113420356273,0.09911342035627335,6.629822382686854,0.1598223826868539,13.283043069403076,6.813043069403077
2026-09-04,2028-09,jaou8_7340c,call,73.4,6.22,2026-09-03,1,0.228078278899537,6.33063982391138,0.11063982391137994,6.382667996878175,0.1626679968781754,13.078670628608482,6.858670628608482
2026-09-04,2028-09,jaou8_7450c,call,74.5,5.82,2026-09-03,1,0.2267764296409425,5.936321818058247,0.11632181805824704,5.985533290322708,0.165533290322708,12.74028739915462,6.9202873991546205
2026-09-04,2028-09,jaou8_7500c,call,75.0,5.65,2026-09-03,1,0.2263877959110717,5.769967044479852,0.11996704447985174,5.813635371684787,0.1636353716847862,12.58955275485277,6.93955275485277
2026-09-04,2028-09,jaou8_7560c,call,75.6,5.46,2026-09-03,1,0.2261366621935353,5.582520772803843,0.12252077280384288,5.614323194449019,0.1543231944490193,12.411175237223004,6.951175237223004
2026-09-04,2028-09,jaou8_7670c,call,76.7,5.12,2026-09-03,1,0.2256030988918417,5.2490140046395455,0.12901400463954538,5.26820296250888,0.1482029625088801,12.09101109167552,6.97101109167552
2026-09-04,2028-09,jaou8_7925c,call,79.25,4.42,2026-09-03,1,0.2253240744523087,4.569454497537014,0.1494544975370138,4.557037375995884,0.1370373759958836,11.381418194401382,6.961418194401382
2026-09-04,2028-09,jaou8_8000c,call,80.0,4.24,2026-09-03,1,0.2251312458536835,4.381004718681936,0.14100471868193587,4.370700694737544,0.1307006947375439,11.180885886472565,6.940885886472564
2026-09-04,2028-09,jaou8_5000p,put,50.0,2.82,2026-09-03,1,0.2944671717686558,2.874206039023349,0.054206039023349195,2.960716861634218,0.140716861634218,5.793820500299801,2.973820500299801
2026-09-04,2028-09,jaou8_5500p,put,55.0,3.94,2026-09-03,1,0.2795752237190917,3.998354648086563,0.0583546480865631,4.03015956228902,0.0901595622890201,7.793570932007553,3.853570932007553
2026-09-04,2028-09,jaou8_5700p,put,57.0,4.45,2026-09-03,1,0.2732291280127578,4.507992622275816,0.05799262227581625,4.537565914866649,0.0875659148666487,8.672239838909558,4.222239838909558
2026-09-04,2028-09,jaou8_5740p,put,57.4,4.56,2026-09-03,1,0.2722654206161344,4.623689336449733,0.06368933644973307,4.644932997558128,0.0849329975581278,8.85314014245119,4.293140142451191
2026-09-04,2028-09,jaou8_6165p,put,61.65,5.81,2026-09-03,1,0.2586597041122487,5.865810597026633,0.0558105970266336,5.9143093025716,0.1043093025716004,10.876875272084735,5.066875272084736
2026-09-04,2028-09,jaou8_6200p,put,62.0,5.92,2026-09-03,1,0.2573620697716405,5.971639987558688,0.05163998755868793,6.02975372133118,0.1097537213311801,11.051566099738064,5.131566099738064
2026-09-04,2028-09,jaou8_6250p,put,62.5,6.08,2026-09-03,1,0.255520177687594,6.125607776153804,0.04560777615380385,6.19766318321897,0.11766318321897,11.303206496837946,5.223206496837946
2026-09-04,2028-09,jaou8_6500p,put,65.0,6.92,2026-09-03,1,0.2473431278343277,6.974172495097548,0.05417249509754818,7.091100870766852,0.1711008707668515,12.597702722439603,5.677702722439603
2026-09-04,2028-09,jaou8_6750p,put,67.5,7.86,2026-09-03,1,0.2396968128804359,7.920956843626936,0.06095684362693543,8.077174343004915,0.2171743430049142,13.952467188548075,6.092467188548075
2026-09-04,2028-09,jaou8_7000p,put,70.0,8.94,2026-09-03,1,0.2338450155993385,9.016670365319902,0.07667036531990234,9.159054664646922,0.2190546646469222,15.362950832014718,6.422950832014719
2026-09-04,2028-09,jaou8_7450p,put,74.5,11.26,2026-09-03,1,0.2277625066962534,11.375556479677163,0.11555647967716354,11.354239641374496,0.0942396413744948,18.0298311601288,6.769831160128801
2026-09-08,2026-10,jaov6_9200c,call,92.0,3.54,2026-09-04,4,0.4422471032411887,3.4485798251391966,-0.09142017486080345,3.389936120111288,-0.1500638798887124,3.1342885461384284,-0.4057114538615716
2026-09-08,2026-10,jaov6_9225c,call,92.25,3.45,2026-09-04,4,0.4424125534954894,3.3572885265751062,-0.09271147342489394,3.3059992306332564,-0.1440007693667437,3.042884420085703,-0.4071155799142971
2026-09-08,2026-10,jaov6_9348c,call,93.48,3.05,2026-09-04,4,0.4470837127428487,2.9746071639252913,-0.07539283607470848,2.919909282085792,-0.1300907179142081,2.6224427959928733,-0.4275572040071265
2026-09-08,2026-10,jaov6_9353c,call,93.53,3.04,2026-09-04,4,0.4475334596170551,2.9625785757427523,-0.07742142425724774,2.905128654704608,-0.1348713452953927,2.6063458292060484,-0.4336541707939516
2026-09-08,2026-10,jaov6_9435c,call,94.35,2.8,2026-09-04,4,0.4505616495016899,2.7306419309171663,-0.06935806908283348,2.672437904986192,-0.1275620950138081,2.352807496900124,-0.4471925030998758
2026-09-08,2026-10,jaov6_9700c,call,97.0,2.15,2026-09-04,4,0.4603111878824234,2.0929588957594065,-0.05704110424059339,2.0353245377526705,-0.1146754622473293,1.664130799569287,-0.485869200430713
2026-09-08,2026-10,jaov6_9800c,call,98.0,1.94,2026-09-04,4,0.4644083188091524,1.8956280603294569,-0.04437193967054309,1.835415451959016,-0.1045845480409843,1.4513338685286976,-0.4886661314713023
2026-09-08,2026-10,jaov6_9911c,call,99.11,1.73,2026-09-04,4,0.468971322515938,1.698594281536442,-0.031405718463557886,1.636189028498552,-0.0938109715014481,1.2426263476315504,-0.4873736523684495
2026-09-08,2026-10,jaov6_9955c,call,99.55,1.66,2026-09-04,4,0.4710771105462754,1.628823333939321,-0.031176666060678926,1.5633300872940554,-0.0966699127059445,1.1672303568988591,-0.4927696431011408
2026-09-08,2026-10,jaov6_10000c,call,100.0,1.58,2026-09-04,4,0.471798236327252,1.5491053390062905,-0.030894660993709522,1.4921897807172988,-0.0878102192827012,1.0941570307050943,-0.4858429692949058
2026-09-08,2026-10,jaov6_10205c,call,102.05,1.29,2026-09-04,4,0.4795764353542937,1.2614104879466999,-0.02858951205330018,1.2074820622905973,-0.0825179377094027,0.8085720542902779,-0.4814279457097221
2026-09-08,2026-10,jaov6_10240c,call,102.4,1.24,2026-09-04,4,0.4805869709647964,1.2158107452672469,-0.02418925473275313,1.1647560137945068,-0.0752439862054932,0.7668842756756479,-0.4731157243243521
2026-09-08,2026-10,jaov6_10300c,call,103.0,1.17,2026-09-04,4,0.4831148772464981,1.14687008283538,-0.023129917164619984,1.0951204788480196,-0.0748795211519803,0.6997824006395873,-0.4702175993604126
2026-09-08,2026-10,jaov6_10500c,call,105.0,0.96,2026-09-04,4,0.490850297455592,0.9414482208322646,-0.018551779167735316,0.8928222355638867,-0.0671777644361132,0.512116023314844,-0.447883976685156
2026-09-08,2026-10,jaov6_10800c,call,108.0,0.71,2026-09-04,4,0.5025446221515244,0.7039278538601735,-0.006072146139826429,0.660426929747739,-0.0495730702522609,0.3140635966904014,-0.3959364033095985
2026-09-08,2026-10,jaov6_11500c,call,115.0,0.37,2026-09-04,4,0.5277728630966655,0.3613975916144745,-0.008602408385525506,0.3374931258764805,-0.0325068741235194,0.0921384005821655,-0.2778615994178345
2026-09-08,2026-10,jaov6_12100c,call,121.0,0.23,2026-09-04,4,0.5494672056783686,0.2119146246968696,-0.018085375303130397,0.1986057223465199,-0.0313942776534801,0.0297787811483292,-0.2002212188516708
2026-09-08,2026-10,jaov6_12500c,call,125.0,0.17,2026-09-04,4,0.5682742623706561,0.15929584665907098,-0.010704153340929029,0.1431383458424461,-0.0268616541575539,0.0137477688586387,-0.1562522311413613
2026-09-08,2026-10,jaov6_16000c,call,160.0,0.02,2026-09-04,4,0.707270846009416,0.02289671002734254,0.002896710027342538,0.0191970467457012,-0.0008029532542987,1.5837021030513374e-05,-0.0199841629789694
2026-09-08,2026-10,jaov6_7200p,put,72.0,0.29,2026-09-04,4,0.4348719096409245,0.22050883016623857,-0.06949116983376141,0.238521182621735,-0.0514788173782649,0.1707097195346598,-0.1192902804653401
2026-09-08,2026-10,jaov6_7400p,put,74.0,0.43,2026-09-04,4,0.4255010183992604,0.3317190875819662,-0.09828091241803377,0.3527926376731525,-0.0772073623268475,0.2919723906761126,-0.1380276093238874
2026-09-08,2026-10,jaov6_7450p,put,74.5,0.47,2026-09-04,4,0.4249284744814962,0.37247040470811577,-0.09752959529188421,0.3893992070919569,-0.080600792908043,0.3310723730101166,-0.1389276269898833
2026-09-08,2026-10,jaov6_7500p,put,75.0,0.52,2026-09-04,4,0.4234252001353756,0.4135846511762349,-0.10641534882376513,0.4298145263708566,-0.0901854736291434,0.3744201125620742,-0.1455798874379258
2026-09-08,2026-10,jaov6_7600p,put,76.0,0.63,2026-09-04,4,0.4197247175850702,0.504111011479468,-0.12588898852053199,0.523382549135782,-0.106617450864218,0.4747315042595264,-0.1552684957404735
2026-09-08,2026-10,jaov6_7800p,put,78.0,0.9,2026-09-04,4,0.4164672169979621,0.7581595437313098,-0.14184045626869024,0.7713409939914158,-0.1286590060085842,0.7377445697986222,-0.1622554302013777
2026-09-08,2026-10,jaov6_8000p,put,80.0,1.28,2026-09-04,4,0.4139633082748715,1.107973077334007,-0.17202692266599295,1.120264088566051,-0.1597359114339489,1.099447912823402,-0.180552087176598
2026-09-08,2026-10,jaov6_8200p,put,82.0,1.77,2026-09-04,4,0.4157727389798133,1.6021545864781457,-0.16784541352185434,1.5937091721511818,-0.1762908278488182,1.5776543372165006,-0.1923456627834994
2026-09-08,2026-10,jaov6_8250p,put,82.5,1.92,2026-09-04,4,0.4155778463183935,1.740715171046232,-0.17928482895376785,1.7340187812358794,-0.1859812187641205,1.717027463590214,-0.2029725364097858
2026-09-08,2026-10,jaov6_9000p,put,90.0,5.22,2026-09-04,4,0.4345438193971668,5.0961480626770586,-0.1238519373229412,5.031132359768601,-0.1888676402313986,4.864929042489077,-0.3550709575109225
2026-09-08,2026-11,jaox6_8950c,call,89.5,4.91,2026-09-04,4,0.4331419637856421,4.833645726622858,-0.07635427337714251,4.7617856150565965,-0.1482143849434036,4.60425804434371,-0.3057419556562903
2026-09-08,2026-11,jaox6_9000c,call,90.0,4.74,2026-09-04,4,0.4345546708016337,4.664794267601888,-0.07520573239811235,4.593002083391095,-0.146997916608905,4.416388415927927,-0.323611584072073
2026-09-08,2026-11,jaox6_9025c,call,90.25,4.66,2026-09-04,4,0.4354812695823457,4.585575495994431,-0.07442450400556933,4.510781549325627,-0.1492184506743727,4.324751446247314,-0.3352485537526863
2026-09-08,2026-11,jaox6_9100c,call,91.0,4.41,2026-09-04,4,0.4377263633340743,4.348601911215769,-0.06139808878423114,4.272585342012321,-0.1374146579876791,4.058681462360957,-0.3513185376390435
2026-09-08,2026-11,jaox6_9196c,call,91.96,4.12,2026-09-04,4,0.4400867165960612,4.0555673570886634,-0.06443264291133666,3.9855912275143854,-0.1344087724856137,3.7375296036800703,-0.3824703963199298
2026-09-08,2026-11,jaox6_9200c,call,92.0,4.11,2026-09-04,4,0.4402188002851861,4.044236198819278,-0.06576380118072223,3.974055444259829,-0.1359445557401715,3.724619717772269,-0.3853802822277314
2026-09-08,2026-11,jaox6_9225c,call,92.25,4.04,2026-09-04,4,0.4411814823491255,3.9760204428205266,-0.06397955717947346,3.902704385675824,-0.1372956143241763,3.644722125040177,-0.3952778749598229
2026-09-08,2026-11,jaox6_9348c,call,93.48,3.69,2026-09-04,4,0.4443711658300593,3.6369647286786124,-0.05303527132138752,3.569885919404217,-0.1201140805957829,3.2712539320266507,-0.4187460679733492
2026-09-08,2026-11,jaox6_9353c,call,93.53,3.68,2026-09-04,4,0.4446260334776245,3.625474230093168,-0.054525769906832,3.5569784771153707,-0.1230215228846294,3.256776125593949,-0.4232238744060512
2026-09-08,2026-11,jaox6_9435c,call,94.35,3.47,2026-09-04,4,0.4471495300410102,3.421207317706507,-0.048792682293492984,3.3519375439715136,-0.1180624560284866,3.02672129394073,-0.44327870605927
2026-09-08,2026-11,jaox6_9700c,call,97.0,2.87,2026-09-04,4,0.4555349401377994,2.841178944698052,-0.028821055301948117,2.768823263739272,-0.1011767362607285,2.371798243569125,-0.4982017564308751
2026-09-08,2026-11,jaox6_9911c,call,99.11,2.48,2026-09-04,4,0.4622165169318761,2.453850238405679,-0.02614976159432114,2.381323924567818,-0.098676075432182,1.940782577488355,-0.5392174225116451
2026-09-08,2026-11,jaox6_10000c,call,100.0,2.33,2026-09-04,4,0.4648612603633617,2.3058534648223845,-0.024146535177615558,2.2357540922267702,-0.0942459077732298,1.7807275081623375,-0.5492724918376626
2026-09-08,2026-11,jaox6_10205c,call,102.05,2.03,2026-09-04,4,0.4717772852105192,2.0089724169663192,-0.021027583033680575,1.936150741625361,-0.0938492583746388,1.4554717910303514,-0.5745282089696484
2026-09-08,2026-11,jaox6_10240c,call,102.4,1.98,2026-09-04,4,0.4720247981300043,1.9528024199884968,-0.027197580011503186,1.889582089063474,-0.0904179109365259,1.4055615812078062,-0.5744384187921938
2026-09-08,2026-11,jaox6_10500c,call,105.0,1.66,2026-09-04,4,0.4807087389375279,1.6445707613449951,-0.015429238655004784,1.5805148534139302,-0.0794851465860697,1.0799026164613112,-0.5800973835386887
2026-09-08,2026-11,jaox6_10800c,call,108.0,1.36,2026-09-04,4,0.4898763715270479,1.348734475835771,-0.01126552416422899,1.2932765883353865,-0.0667234116646138,0.7901242043427036,-0.5698757956572965
2026-09-08,2026-11,jaox6_7200p,put,72.0,1.11,2026-09-04,4,0.4091532800232563,0.9680833275596772,-0.1419166724403229,0.9816523168842296,-0.1283476831157706,1.0247829812397704,-0.0852170187602296
2026-09-08,2026-11,jaox6_7400p,put,74.0,1.46,2026-09-04,4,0.4066812082457773,1.3106207334985314,-0.1493792665014686,1.324010416144965,-0.1359895838550349,1.3963870093863913,-0.0636129906136087
2026-09-08,2026-11,jaox6_7450p,put,74.5,1.57,2026-09-04,4,0.4071585928821166,1.4186589537502545,-0.15134104624974554,1.4237795680806364,-0.1462204319193636,1.5029361609729912,-0.0670638390270088
2026-09-08,2026-11,jaox6_7500p,put,75.0,1.68,2026-09-04,4,0.406077194723303,1.5182417076828312,-0.16175829231716876,1.5296455488463965,-0.1503544511536036,1.6153209495792702,-0.0646790504207297
2026-09-08,2026-11,jaox6_7600p,put,76.0,1.91,2026-09-04,4,0.4059796646874068,1.7536376931900843,-0.15636230680991559,1.7604644854737188,-0.1495355145262811,1.8580276239105424,-0.0519723760894574
2026-09-08,2026-11,jaox6_7800p,put,78.0,2.46,2026-09-04,4,0.4067678533390932,2.3096622826589446,-0.1503377173410554,2.303497611562701,-0.1565023884372989,2.416028575417173,-0.0439714245828271
2026-09-08,2026-11,jaox6_8000p,put,80.0,3.12,2026-09-04,4,0.4076117877893564,2.9728142353664406,-0.14718576463355948,2.9629435327581017,-0.1570564672418983,3.07755269655732,-0.0424473034426799
2026-09-08,2026-11,jaox6_8200p,put,82.0,3.9,2026-09-04,4,0.4105542374564698,3.7740247207632525,-0.12597527923674745,3.74513210217353,-0.1548678978264699,3.846621332489176,-0.0533786675108238
2026-09-08,2026-11,jaox6_8250p,put,82.5,4.11,2026-09-04,4,0.4111025634086527,3.9897581493305827,-0.12024185066941762,3.960226226642524,-0.1497737733574764,4.055771218577279,-0.0542287814227213
2026-09-08,2026-11,jaox6_9000p,put,90.0,8.24,2026-09-04,4,0.4276465970814887,8.160989177930816,-0.07901082206918453,8.093703004991577,-0.1462969950084236,7.996610142766559,-0.2433898572334412
2026-09-08,2027-03,jaoh7_7900c,call,79.0,7.21,2026-09-04,4,0.3533909702993192,7.115423918626601,-0.09457608137339868,7.100549817359413,-0.1094501826405869,8.442745012216037,1.2327450122160366
2026-09-08,2027-03,jaoh7_8000c,call,80.0,6.81,2026-09-04,4,0.3535702769422498,6.71029559499948,-0.09970440500051936,6.698245664884384,-0.1117543351156156,8.036189504646137,1.226189504646137
2026-09-08,2027-03,jaoh7_8025c,call,80.25,6.71,2026-09-04,4,0.3537135940379135,6.614115016142821,-0.0958849838571787,6.60117659275936,-0.1088234072406404,7.93700013722407,1.2270001372240698
2026-09-08,2027-03,jaoh7_8045c,call,80.45,6.63,2026-09-04,4,0.353883504040438,6.539208194944732,-0.09079180505526807,6.524517647333106,-0.1054823526668942,7.858373921393629,1.228373921393629
2026-09-08,2027-03,jaoh7_8075c,call,80.75,6.52,2026-09-04,4,0.3543093834685196,6.431931334604349,-0.08806866539565039,6.411177367645442,-0.1088226323545571,7.74162802602298,1.2216280260229802
2026-09-08,2027-03,jaoh7_8100c,call,81.0,6.43,2026-09-04,4,0.3542939552757919,6.335839837801046,-0.0941601621989534,6.318226295495809,-0.1117737045041904,7.645411551288864,1.215411551288864
2026-09-08,2027-03,jaoh7_8102c,call,81.02,6.42,2026-09-04,4,0.3541589986467335,6.325325445792747,-0.0946745542072529,6.310848732398688,-0.1091512676013115,7.6377595599816654,1.2177595599816655
2026-09-08,2027-03,jaoh7_8150c,call,81.5,6.24,2026-09-04,4,0.3545762587528551,6.153839796422773,-0.08616020357722753,6.136367078972403,-0.1036329210275974,7.455975923984557,1.215975923984557
2026-09-08,2027-03,jaoh7_8185c,call,81.85,6.12,2026-09-04,4,0.3550755657002487,6.035617723376219,-0.0843822766237814,6.012233922357899,-0.1077660776421014,7.325629456842031,1.205629456842031
2026-09-08,2027-03,jaoh7_8342c,call,83.42,5.59,2026-09-04,4,0.3567538863552585,5.519713438551604,-0.07028656144839562,5.486597112876984,-0.1034028871230159,6.764386778085493,1.174386778085493
2026-09-08,2027-03,jaoh7_8500c,call,85.0,5.11,2026-09-04,4,0.3585965751623173,5.045535265293382,-0.06446473470661829,5.0068039522417545,-0.1031960477582458,6.236305065508221,1.1263050655082203
2026-09-08,2027-03,jaoh7_8525c,call,85.25,5.04,2026-09-04,4,0.358700161438694,4.9702225302251755,-0.06977746977482457,4.935195431424407,-0.1048045685755934,6.15602453874285,1.1160245387428498
2026-09-08,2027-03,jaoh7_8575c,call,85.75,4.9,2026-09-04,4,0.3592589439688222,4.8298955283093745,-0.07010447169062584,4.795386179857018,-0.1046138201429824,5.998140484443793,1.0981404844437923
2026-09-08,2027-03,jaoh7_8635c,call,86.35,4.74,2026-09-04,4,0.3604853202190379,4.6780343617493,-0.06196563825070012,4.63348525726169,-0.1065147427383106,5.813518279464872,1.0735182794648717
2026-09-08,2027-03,jaoh7_8675c,call,86.75,4.63,2026-09-04,4,0.3608369094716465,4.570062038110157,-0.05993796188984302,4.529022723584721,-0.1009772764152785,5.693194946008838,1.0631949460088377
2026-09-08,2027-03,jaoh7_8700c,call,87.0,4.57,2026-09-04,4,0.3611249275099663,4.50517644367078,-0.06482355632922054,4.465114615917106,-0.1048853840828947,5.619085459641632,1.049085459641632
2026-09-08,2027-03,jaoh7_8705c,call,87.05,4.55,2026-09-04,4,0.3612773195849192,4.494254337724967,-0.05574566227503297,4.452458953829365,-0.0975410461706349,5.604363824257087,1.054363824257087
2026-09-08,2027-03,jaoh7_6800p,put,68.0,3.54,2026-09-04,4,0.3598231468715797,3.3899479554235104,-0.15005204457648968,3.4259485902977023,-0.1140514097022977,4.366216260338513,0.826216260338513
2026-09-08,2027-03,jaoh7_6900p,put,69.0,3.85,2026-09-04,4,0.3581355574462284,3.704898794804162,-0.14510120519583802,3.738668112493228,-0.1113318875067723,4.745098682744916,0.8950986827449161
2026-09-08,2027-03,jaoh7_7000p,put,70.0,4.19,2026-09-04,4,0.356484010061087,4.0394048130731015,-0.15059518692689888,4.073590737207592,-0.1164092627924082,5.142257152457927,0.9522571524579266
2026-09-08,2027-03,jaoh7_7100p,put,71.0,4.55,2026-09-04,4,0.3553654911876618,4.403298020657584,-0.14670197934241624,4.431204332043222,-0.1187956679567774,5.557234679161286,1.0072346791612858
2026-09-08,2027-03,jaoh7_7150p,put,71.5,4.73,2026-09-04,4,0.3546754043119615,4.590217628725881,-0.1397823712741193,4.61864480332452,-0.1113551966754808,5.771515276227703,1.0415152762277025
2026-09-08,2027-03,jaoh7_7250p,put,72.5,5.12,2026-09-04,4,0.3535406314848449,4.983810610884956,-0.13618938911504408,5.010984140436469,-0.1090158595635308,6.213718044052335,1.093718044052335
2026-09-08,2027-03,jaoh7_7300p,put,73.0,5.33,2026-09-04,4,0.3530906784368573,5.190520767340644,-0.13947923265935636,5.215939059381148,-0.1140609406188524,6.441667591254343,1.111667591254343
2026-09-08,2027-03,jaoh7_7400p,put,74.0,5.75,2026-09-04,4,0.3524167281895468,5.623858671937672,-0.12614132806232803,5.643508087947136,-0.1064919120528635,6.910906160717703,1.160906160717703
2026-09-08,2027-03,jaoh7_7450p,put,74.5,5.97,2026-09-04,4,0.3521907459891039,5.850521838983216,-0.11947816101678388,5.866137101681867,-0.1038628983181331,7.152079495735461,1.1820794957354614
2026-09-08,2027-03,jaoh7_7500p,put,75.0,6.2,2026-09-04,4,0.3517196282255471,6.077270770284155,-0.1227292297158451,6.094661050436702,-0.1053389495632979,7.397828729467699,1.197828729467699
2026-09-08,2027-09,jaou7_6820c,call,68.2,10.37,2026-09-04,4,0.3006672610454583,10.267809088873989,-0.10219091112601042,10.298954848023548,-0.0710451519764507,13.137082471432546,2.7670824714325466
2026-09-08,2027-09,jaou7_6825c,call,68.25,10.35,2026-09-04,4,0.3004507239575501,10.237300195048613,-0.11269980495138654,10.271045342869035,-0.0789546571309625,13.11437870432701,2.76437870432701
2026-09-08,2027-09,jaou7_6860c,call,68.6,10.15,2026-09-04,4,0.2996528243957095,10.043618018434971,-0.1063819815650291,10.07719909040531,-0.0728009095946902,12.95637005956513,2.806370059565129
2026-09-08,2027-09,jaou7_6900c,call,69.0,9.94,2026-09-04,4,0.2989159796855063,9.82937804210281,-0.1106219578971892,9.858925992788247,-0.0810740072117504,12.777764101591842,2.8377641015918424
2026-09-08,2027-09,jaou7_6905c,call,69.05,9.91,2026-09-04,4,0.2986755566308977,9.798867742718835,-0.11113225728116483,9.831887288519178,-0.0781127114808217,12.755586301773358,2.8455863017733574
2026-09-08,2027-09,jaou7_6930c,call,69.3,9.78,2026-09-04,4,0.2982026594283193,9.66621642691397,-0.11378357308602993,9.697513192591764,-0.0824868074082338,12.645194661660938,2.8651946616609383
2026-09-08,2027-09,jaou7_7000c,call,70.0,9.41,2026-09-04,4,0.2968172356763964,9.298795156936887,-0.1112048430631134,9.328544435257747,-0.0814555647422512,12.340668260362415,2.930668260362415
2026-09-08,2027-09,jaou7_7110c,call,71.1,8.85,2026-09-04,4,0.29496810938802,8.747107697840164,-0.10289230215983558,8.770456091056221,-0.0795439089437781,11.875810816029642,3.025810816029642
2026-09-08,2027-09,jaou7_7200c,call,72.0,8.42,2026-09-04,4,0.2933240776281167,8.30758082960557,-0.11241917039443017,8.333586104519187,-0.0864138954808133,11.507552474133876,3.087552474133876
2026-09-08,2027-09,jaou7_7335c,call,73.35,7.8,2026-09-04,4,0.2915522028104493,7.693369782396945,-0.10663021760305469,7.71145532400149,-0.0885446759985102,10.97469385075825,3.17469385075825
2026-09-08,2027-09,jaou7_7400c,call,74.0,7.51,2026-09-04,4,0.2906195432948508,7.406590541501179,-0.10340945849882122,7.425997659291645,-0.0840023407083547,10.726067851178277,3.216067851178277
2026-09-08,2027-09,jaou7_7450c,call,74.5,7.3,2026-09-04,4,0.289921092347046,7.19140796263307,-0.1085920373669298,7.212585721728429,-0.087414278271571,10.538134038019493,3.238134038019493
2026-09-08,2027-09,jaou7_7500c,call,75.0,7.09,2026-09-04,4,0.289432155950896,6.986270017762775,-0.1037299822372253,7.004496986411917,-0.0855030135880827,10.353245379378508,3.263245379378509
2026-09-08,2027-09,jaou7_7542c,call,75.42,6.92,2026-09-04,4,0.2888324362465781,6.811969156001982,-0.10803084399801755,6.833784057103817,-0.0862159428961826,10.200092743090345,3.2800927430903446
2026-09-08,2027-09,jaou7_7550c,call,75.5,6.88,2026-09-04,4,0.2887922424634717,6.781158902767769,-0.09884109723223133,6.801687301105249,-0.0783126988947504,10.171151727602751,3.2911517276027515
2026-09-08,2027-09,jaou7_7600c,call,76.0,6.68,2026-09-04,4,0.2883640425536097,6.58610597006059,-0.09389402993940976,6.604107818385072,-0.075892181614928,9.991990043484668,3.311990043484668
2026-09-08,2027-09,jaou7_7610c,call,76.1,6.65,2026-09-04,4,0.2881881633645543,6.545091367330732,-0.10490863266926809,6.565214928841795,-0.0847850711582056,9.956519624551234,3.3065196245512336
2026-09-08,2027-09,jaou7_7705c,call,77.05,6.29,2026-09-04,4,0.2876714503474626,6.195673745101715,-0.09432625489828528,6.2059726950165,-0.0840273049834996,9.625103680191474,3.335103680191474
2026-09-08,2027-09,jaou7_7710c,call,77.1,6.27,2026-09-04,4,0.2875532002533702,6.175171001248676,-0.094828998751324,6.187574089370211,-0.0824259106297882,9.607940401085097,3.3379404010850973
2026-09-08,2027-09,jaou7_7725c,call,77.25,6.21,2026-09-04,4,0.2875528464257441,6.123714351787115,-0.08628564821288531,6.1326807180781024,-0.0773192819218975,9.55662110032618,3.346621100326179
2026-09-08,2027-09,jaou7_5800p,put,58.0,3.1,2026-09-04,4,0.3276919553333161,3.0039206278638915,-0.09607937213610862,3.0363896703755806,-0.0636103296244194,4.746965753695378,1.6469657536953783
2026-09-08,2027-09,jaou7_5900p,put,59.0,3.34,2026-09-04,4,0.3243344705291285,3.235512953526902,-0.10448704647309803,3.269197546068733,-0.0708024539312663,5.108322307633998,1.7683223076339978
2026-09-08,2027-09,jaou7_6000p,put,60.0,3.59,2026-09-04,4,0.3213196735115466,3.4867511493445296,-0.10324885065547029,3.5178818718214657,-0.0721181281785341,5.484432819685674,1.894432819685674
2026-09-08,2027-09,jaou7_6200p,put,62.0,4.15,2026-09-04,4,0.3156849482971028,4.038465523664749,-0.11153447633525104,4.065167639151797,-0.0848323608482033,6.281033717273101,2.131033717273101
2026-09-08,2027-09,jaou7_6420p,put,64.2,4.83,2026-09-04,4,0.3101445730861465,4.727313527829354,-0.10268647217064597,4.748185687783174,-0.0818143122168262,7.227488506557234,2.3974885065572336
2026-09-08,2027-09,jaou7_6500p,put,65.0,5.1,2026-09-04,4,0.3078601912855784,4.989510583791551,-0.11048941620844843,5.018498249618144,-0.0815017503818555,7.5892406072519645,2.489240607251965
2026-09-08,2027-09,jaou7_6750p,put,67.5,6.01,2026-09-04,4,0.3023520447090361,5.9142494321817125,-0.09575056781828728,5.941348209352197,-0.0686517906478023,8.777828469839514,2.7678284698395146
2026-09-08,2027-09,jaou7_6800p,put,68.0,6.21,2026-09-04,4,0.3011619432669398,6.109151058549487,-0.10084894145051315,6.140381065982916,-0.0696189340170843,9.026070402451438,2.8160704024514382
2026-09-08,2027-09,jaou7_6900p,put,69.0,6.62,2026-09-04,4,0.2990694838573215,6.518864456614841,-0.10113554338515929,6.5531100531300055,-0.0668899468699946,9.53244602299554,2.91244602299554
2026-09-08,2027-09,jaou7_7000p,put,70.0,7.05,2026-09-04,4,0.297096054514283,6.948532105784059,-0.10146789421594082,6.985492632460483,-0.0645073675395169,10.052186748510389,3.002186748510389
2026-09-08,2027-09,jaou7_7400p,put,74.0,8.98,2026-09-04,4,0.2910242618567558,8.88740353153216,-0.09259646846784086,8.911978056058867,-0.0680219439411331,12.264932606303324,3.2849326063033235
2026-09-08,2027-09,jaou7_7450p,put,74.5,9.25,2026-09-04,4,0.2903873187661114,9.152360198916428,-0.09763980108357195,9.174781616412965,-0.0752183835870372,12.555417076516674,3.305417076516674
2026-09-08,2027-09,jaou7_7500p,put,75.0,9.52,2026-09-04,4,0.2899600783463526,9.427363481460379,-0.09263651853962074,9.442401762097877,-0.0775982379021247,12.848946701247824,3.3289467012478244
2026-09-08,2028-03,jaoh8_6151c,call,61.51,13.04,2026-09-04,4,0.2774998470109704,12.967778729974256,-0.07222127002574297,12.999856033884738,-0.0401439661152611,16.812363492996557,3.7723634929965577
2026-09-08,2028-03,jaoh8_6200c,call,62.0,12.75,2026-09-04,4,0.2762047025121401,12.665519529610823,-0.0844804703891775,12.693982089254002,-0.0560179107459983,16.583958542883032,3.833958542883032
2026-09-08,2028-03,jaoh8_6420c,call,64.2,11.45,2026-09-04,4,0.2705823604078422,11.355214523166158,-0.09478547683384164,11.370610283092114,-0.0793897169078849,15.592481899688805,4.142481899688805
2026-09-08,2028-03,jaoh8_6500c,call,65.0,10.99,2026-09-04,4,0.2687231018730117,10.901400654196324,-0.08859934580367579,10.91012176170136,-0.0798782382986402,15.24549150989142,4.255491509891419
2026-09-08,2028-03,jaoh8_6600c,call,66.0,10.44,2026-09-04,4,0.2663699537328366,10.346618244410935,-0.09338175558906414,10.35042534646334,-0.0895746535366583,14.82191105647806,4.38191105647806
2026-09-08,2028-03,jaoh8_6775c,call,67.75,9.5,2026-09-04,4,0.2621326703572789,9.408228300318752,-0.09177169968124765,9.414178245184932,-0.0858217548150683,14.106350346205954,4.606350346205954
2026-09-08,2028-03,jaoh8_6875c,call,68.75,8.99,2026-09-04,4,0.2597282449894103,8.893424957342235,-0.09657504265776495,8.90419062842614,-0.0858093715738608,13.7120472610123,4.7220472610123
2026-09-08,2028-03,jaoh8_6890c,call,68.9,8.92,2026-09-04,4,0.2595321622071453,8.822694317557492,-0.09730568244250826,8.829272477894675,-0.0907275221053254,13.653803985313566,4.733803985313566
2026-09-08,2028-03,jaoh8_7000c,call,70.0,8.37,2026-09-04,4,0.2569063489113512,8.277419312493727,-0.09258068750627224,8.292509497299815,-0.0774905027001846,13.234133358101444,4.864133358101444
2026-09-08,2028-03,jaoh8_7110c,call,71.1,7.85,2026-09-04,4,0.2543173256384848,7.752160507709915,-0.0978394922900847,7.778024655561951,-0.0719753444380488,12.82703704031302,4.97703704031302
2026-09-08,2028-03,jaoh8_7275c,call,72.75,7.11,2026-09-04,4,0.250882166636281,7.014331790553702,-0.09566820944629839,7.048032715779496,-0.0619672842205041,12.238584542896549,5.128584542896548
2026-09-08,2028-03,jaoh8_7340c,call,73.4,6.83,2026-09-04,4,0.2497088148908161,6.741283378850117,-0.08871662114988332,6.774151220868647,-0.0558487791313533,12.014050808948395,5.184050808948395
2026-09-08,2028-03,jaoh8_7450c,call,74.5,6.38,2026-09-04,4,0.2477780789650853,6.296186165733141,-0.08381383426685929,6.32814925435806,-0.0518507456419401,11.643184159885749,5.263184159885749
2026-09-08,2028-03,jaoh8_7475c,call,74.75,6.29,2026-09-04,4,0.2472566138131519,6.1950359592610615,-0.0949640407389385,6.22983211787005,-0.0601678821299502,11.560382452994032,5.270382452994032
2026-09-08,2028-03,jaoh8_7500c,call,75.0,6.19,2026-09-04,4,0.2470170011856792,6.103902099598221,-0.08609790040177945,6.132636812806176,-0.0573631871938244,11.478115569157898,5.288115569157898
2026-09-08,2028-03,jaoh8_7550c,call,75.5,6.0,2026-09-04,4,0.2461342757282429,5.9116321078130065,-0.08836789218699348,5.941597646053361,-0.0584023539466391,11.31523542713916,5.315235427139161
2026-09-08,2028-03,jaoh8_7670c,call,76.7,5.58,2026-09-04,4,0.2449681146925177,5.49633323146748,-0.08366676853252031,5.501169765034219,-0.078830234965781,10.933496610641756,5.353496610641756
2026-09-08,2028-03,jaoh8_7700c,call,77.0,5.48,2026-09-04,4,0.2446487378649333,5.395030705031458,-0.08496929496854211,5.39500671679883,-0.0849932832011708,10.840052307459333,5.360052307459332
2026-09-08,2028-03,jaoh8_7775c,call,77.75,5.24,2026-09-04,4,0.2439825050052277,5.1518288446194065,-0.08817115538059372,5.136411035960616,-0.1035889640393845,10.609875370032428,5.369875370032428
2026-09-08,2028-03,jaoh8_5740p,put,57.4,3.74,2026-09-04,4,0.2866774250102403,3.666018287305368,-0.07398171269463205,3.6807332615926303,-0.0592667384073699,6.928817796039708,3.188817796039708
2026-09-08,2028-03,jaoh8_5900p,put,59.0,4.18,2026-09-04,4,0.2824853230048825,4.099247221223749,-0.08075277877625098,4.118531763794332,-0.0614682362056679,7.611101797803216,3.4311017978032163
2026-09-08,2028-03,jaoh8_6000p,put,60.0,4.47,2026-09-04,4,0.2801682878206755,4.394869523153385,-0.07513047684661434,4.410497816427846,-0.059502183572154,8.053529432753406,3.583529432753406
2026-09-08,2028-03,jaoh8_6165p,put,61.65,4.99,2026-09-04,4,0.2761541980163947,4.907562947748973,-0.08243705225102715,4.924083347505336,-0.0659166524946641,8.809620789048841,3.819620789048841
2026-09-08,2028-03,jaoh8_6200p,put,62.0,5.11,2026-09-04,4,0.2754747327785909,5.0259668900244225,-0.08403310997557778,5.038228647113771,-0.0717713528862296,8.974122628441677,3.864122628441677
2026-09-08,2028-03,jaoh8_6250p,put,62.5,5.27,2026-09-04,4,0.2743428080308125,5.193706060277594,-0.07629393972240539,5.2045025920487005,-0.0654974079512991,9.211584312052612,3.941584312052612
2026-09-08,2028-03,jaoh8_6500p,put,65.0,6.16,2026-09-04,4,0.2685262378380977,6.082301264175418,-0.07769873582458242,6.093585427070155,-0.0664145729298448,10.441624394267428,4.281624394267428
2026-09-08,2028-03,jaoh8_6600p,put,66.0,6.55,2026-09-04,4,0.2660068427401715,6.457717709869213,-0.09228229013078693,6.476695096934902,-0.0733049030650976,10.953366873793192,4.403366873793192
2026-09-08,2028-03,jaoh8_6750p,put,67.5,7.15,2026-09-04,4,0.2626172328722428,7.060773562470709,-0.08922643752929105,7.081422305328102,-0.0685776946718981,11.740994697575053,4.590994697575052
2026-09-08,2028-03,jaoh8_7000p,put,70.0,8.23,2026-09-04,4,0.2568569310330773,8.139214855447797,-0.09078514455220343,8.170719842383221,-0.0592801576167794,13.106880907173064,4.876880907173064
2026-09-08,2028-03,jaoh8_7450p,put,74.5,10.46,2026-09-04,4,0.2480995981115327,10.378816853067352,-0.0811831469326485,10.391585700600768,-0.0684142993992331,15.72488490718341,5.26488490718341
2026-09-08,2028-09,jaou8_6151c,call,61.51,12.4,2026-09-04,4,0.2580813875431565,12.314901411227844,-0.0850985887721567,12.374079993520777,-0.0259200064792235,17.42411406641746,5.024114066417459
2026-09-08,2028-09,jaou8_6500c,call,65.0,10.35,2026-09-04,4,0.2462367603751693,10.267363785378734,-0.08263621462126558,10.256861552355156,-0.0931384476448435,16.020286257339787,5.670286257339788
2026-09-08,2028-09,jaou8_6570c,call,65.7,9.96,2026-09-04,4,0.2438903421946769,9.875837034134202,-0.08416296586579897,9.864351724739633,-0.0956482752603697,15.753057107421618,5.7930571074216175
2026-09-08,2028-09,jaou8_6600c,call,66.0,9.79,2026-09-04,4,0.2427441154097809,9.705192606781821,-0.08480739321817765,9.699512796313009,-0.0904872036869903,15.63998432628277,5.849984326282771
2026-09-08,2028-09,jaou8_6650c,call,66.5,9.52,2026-09-04,4,0.2411480487558397,9.434093844835196,-0.08590615516480327,9.429317483822448,-0.0906825161775515,15.453400745148407,5.933400745148408
2026-09-08,2028-09,jaou8_6775c,call,67.75,8.86,2026-09-04,4,0.2374530806714097,8.781329488114345,-0.07867051188565455,8.77881327912116,-0.0811867208788399,14.997031625807711,6.137031625807712
2026-09-08,2028-09,jaou8_7000c,call,70.0,7.76,2026-09-04,4,0.2312222998162245,7.676368747181432,-0.08363125281856743,7.69852197134013,-0.0614780286598692,14.210173662672434,6.450173662672434
2026-09-08,2028-09,jaou8_7110c,call,71.1,7.27,2026-09-04,4,0.2290539332405036,7.1939454164530625,-0.07605458354693706,7.212769920791157,-0.0572300792088427,13.8410536195697,6.5710536195697
2026-09-08,2028-09,jaou8_7275c,call,72.75,6.59,2026-09-04,4,0.2259795498915582,6.510388165024252,-0.07961183497574797,6.535701343757362,-0.0542986562426381,13.30550588650686,6.715505886506859
2026-09-08,2028-09,jaou8_7340c,call,73.4,6.34,2026-09-04,4,0.2249597376187523,6.259015153678079,-0.08098484632192093,6.285699495162109,-0.054300504837891,13.100255173968744,6.760255173968744
2026-09-08,2028-09,jaou8_7450c,call,74.5,5.94,2026-09-04,4,0.2234858425317734,5.8567380938607885,-0.08326190613921192,5.883691367894142,-0.0563086321058587,12.760343052685094,6.820343052685094
2026-09-08,2028-09,jaou8_7500c,call,75.0,5.77,2026-09-04,4,0.2229859897199179,5.685725028576433,-0.08427497142356621,5.709564964099404,-0.0604350359005954,12.60893811369073,6.83893811369073
2026-09-08,2028-09,jaou8_7560c,call,75.6,5.57,2026-09-04,4,0.2226505976432143,5.494530898433297,-0.0754691015667035,5.507574852591669,-0.062425147408331,12.429758278512258,6.859758278512258
2026-09-08,2028-09,jaou8_7670c,call,76.7,5.22,2026-09-04,4,0.2219031090656643,5.1524042901335045,-0.06759570986649521,5.1565534179890165,-0.0634465820109833,12.10817902504308,6.8881790250430806
2026-09-08,2028-09,jaou8_7925c,call,79.25,4.52,2026-09-04,4,0.2209266470209995,4.44781269740118,-0.07218730259881934,4.434225816719689,-0.0857741832803107,11.395588493049376,6.875588493049376
2026-09-08,2028-09,jaou8_8000c,call,80.0,4.34,2026-09-04,4,0.2209434547672703,4.266560652944097,-0.07343934705590272,4.244695213365479,-0.0953047866345206,11.194259807288422,6.854259807288422
2026-09-08,2028-09,jaou8_5000p,put,50.0,2.84,2026-09-04,4,0.2920324994146525,2.7821040187033113,-0.0578959812966886,2.817980711038388,-0.0220192889616122,5.732673390135436,2.892673390135436
2026-09-08,2028-09,jaou8_5500p,put,55.0,3.95,2026-09-04,4,0.27738982063727,3.8924989601180506,-0.057501039881949545,3.8804552412574616,-0.0695447587425386,7.721777002478533,3.771777002478533
2026-09-08,2028-09,jaou8_5700p,put,57.0,4.47,2026-09-04,4,0.2711835268978061,4.398541369447935,-0.07145863055206458,4.382776369958574,-0.0872236300414259,8.596532608849602,4.126532608849602
2026-09-08,2028-09,jaou8_5740p,put,57.4,4.58,2026-09-04,4,0.2700441137634493,4.507727144970927,-0.07227285502907321,4.488953301660072,-0.0910466983399285,8.776669406377101,4.196669406377101
2026-09-08,2028-09,jaou8_6165p,put,61.65,5.82,2026-09-04,4,0.2569016911712304,5.749056656040047,-0.07094334395995361,5.7420395282601895,-0.0779604717398108,10.792702348541606,4.972702348541606
2026-09-08,2028-09,jaou8_6200p,put,62.0,5.93,2026-09-04,4,0.2557467787189825,5.858340181202602,-0.07165981879739736,5.855849591256143,-0.0741504087438569,10.966786132844184,5.036786132844185
2026-09-08,2028-09,jaou8_6250p,put,62.5,6.09,2026-09-04,4,0.2541072732695933,6.017313135847636,-0.07268686415236392,6.021350145432872,-0.0686498545671279,11.2175610821652,5.127561082165201
2026-09-08,2028-09,jaou8_6500p,put,65.0,6.94,2026-09-04,4,0.2457336263134958,6.852158571256268,-0.08784142874373213,6.901507483178044,-0.0384925168219565,12.50777780302569,5.567777803025689
2026-09-08,2028-09,jaou8_6750p,put,67.5,7.87,2026-09-04,4,0.2379400470148784,7.78692863898203,-0.08307136101797052,7.872514535991526,0.0025145359915255,13.858487643206876,5.988487643206876
2026-09-08,2028-09,jaou8_7000p,put,70.0,8.94,2026-09-04,4,0.2316750155308182,8.861659146614258,-0.07834085338574148,8.93805541849033,-0.0019445815096688,15.26528938408228,6.32528938408228
2026-09-08,2028-09,jaou8_7450p,put,74.5,11.24,2026-09-04,4,0.2244941604413619,11.172544419140962,-0.06745558085903802,11.102860131783356,-0.1371398682166447,17.926320532246493,6.6863205322464925
2026-09-09,2026-10,jaov6_9200c,call,92.0,4.74,2026-09-08,1,0.4510059434440607,4.63754071088419,-0.10245928911581004,4.522279820694017,-0.2177201793059833,4.220663134850033,-0.5193368651499668
2026-09-09,2026-10,jaov6_9225c,call,92.25,4.64,2026-09-08,1,0.4513277151504579,4.527815884465576,-0.11218411553442387,4.417920089793342,-0.2220799102066575,4.107307482292741,-0.5326925177072583
2026-09-09,2026-10,jaov6_9348c,call,93.48,4.15,2026-09-08,1,0.4545008604957003,4.033855591425573,-0.11614440857442698,3.934142462523269,-0.2158575374767313,3.5813364843183355,-0.5686635156816648
2026-09-09,2026-10,jaov6_9353c,call,93.53,4.13,2026-09-08,1,0.4551577386846926,4.0204069019832005,-0.1095930980167994,3.9154950434953073,-0.2145049565046926,3.5610838116127588,-0.5689161883872411
2026-09-09,2026-10,jaov6_9435c,call,94.35,3.84,2026-09-08,1,0.4575283978544774,3.72077039268624,-0.11922960731375998,3.6206302339613736,-0.2193697660386262,3.241201533297466,-0.5987984667025339
2026-09-09,2026-10,jaov6_9700c,call,97.0,3.01,2026-09-08,1,0.4665462634156633,2.895654181324853,-0.11434581867514693,2.7997457128235093,-0.2102542871764905,2.3547560289327665,-0.6552439710672333
2026-09-09,2026-10,jaov6_9800c,call,98.0,2.75,2026-09-08,1,0.4694521887665331,2.625992642798549,-0.12400735720145084,2.537643912433344,-0.2123560875666563,2.0741668267695887,-0.6758331732304113
2026-09-09,2026-10,jaov6_9911c,call,99.11,2.48,2026-09-08,1,0.4727146598921795,2.3541686228201866,-0.1258313771798134,2.274035071343833,-0.2059649286561669,1.7950066051359472,-0.6849933948640528
2026-09-09,2026-10,jaov6_9955c,call,99.55,2.38,2026-09-08,1,0.4748649065213852,2.2618641969033457,-0.11813580309665417,2.176997875056168,-0.2030021249438323,1.6929484529221837,-0.6870515470778162
2026-09-09,2026-10,jaov6_10000c,call,100.0,2.29,2026-09-08,1,0.475635322801256,2.1582176362377354,-0.1317823637622646,2.081908305864534,-0.208091694135466,1.5935244168933895,-0.6964755831066105
2026-09-09,2026-10,jaov6_10205c,call,102.05,1.89,2026-09-08,1,0.4835050418440294,1.7745131797766371,-0.11548682022336276,1.697778972476618,-0.1922210275233817,1.2006241383788898,-0.6893758616211101
2026-09-09,2026-10,jaov6_10240c,call,102.4,1.83,2026-09-08,1,0.4839758910448442,1.708931567709307,-0.12106843229069297,1.639610759601113,-0.1903892403988873,1.142528306074542,-0.6874716939254581
2026-09-09,2026-10,jaov6_10300c,call,103.0,1.73,2026-09-08,1,0.4864589692709289,1.6151341325316528,-0.11486586746834715,1.5444980054778974,-0.1855019945221026,1.048421104921063,-0.681578895078937
2026-09-09,2026-10,jaov6_10500c,call,105.0,1.44,2026-09-08,1,0.4938478413383058,1.3328377521285073,-0.10716224787149264,1.2659002469030358,-0.1740997530969641,0.781281455396462,-0.658718544603538
2026-09-09,2026-10,jaov6_10800c,call,108.0,1.09,2026-09-08,1,0.5037185763933079,0.9937668908536456,-0.09623310914635452,0.9412918801374692,-0.1487081198625308,0.4920619308729817,-0.5979380691270184
2026-09-09,2026-10,jaov6_11500c,call,115.0,0.59,2026-09-08,1,0.5303712254181772,0.5224472918862744,-0.0675527081137256,0.4810874466668809,-0.108912553333119,0.1523607371699629,-0.437639262830037
2026-09-09,2026-10,jaov6_12100c,call,121.0,0.36,2026-09-08,1,0.5574382203225609,0.3238960438661618,-0.03610395613383821,0.2798388905600284,-0.0801611094399715,0.0515669163346153,-0.3084330836653847
2026-09-09,2026-10,jaov6_12500c,call,125.0,0.26,2026-09-08,1,0.5742365763721764,0.23871376486563783,-0.021286235134362175,0.1991316783489661,-0.0608683216510338,0.023969854062982,-0.236030145937018
2026-09-09,2026-10,jaov6_16000c,call,160.0,0.04,2026-09-08,1,0.6979414687054872,0.026858472134296495,-0.013141527865703505,0.0218012446987468,-0.0181987553012532,4.074200804044027e-05,-0.0399592579919595
2026-09-09,2026-10,jaov6_7200p,put,72.0,0.19,2026-09-08,1,0.4607826615219837,0.1668173184746493,-0.02318268152535069,0.1899933824221449,-6.617577855083656e-06,0.0892554402094897,-0.1007445597905103
2026-09-09,2026-10,jaov6_7400p,put,74.0,0.29,2026-09-08,1,0.4531652409178565,0.2550362216387363,-0.03496377836126369,0.277949284736092,-0.0120507152639079,0.1608783499245862,-0.1291216500754138
2026-09-09,2026-10,jaov6_7450p,put,74.5,0.32,2026-09-08,1,0.4505792144830354,0.28054149757860003,-0.03945850242139998,0.305867940409616,-0.0141320595903839,0.1848114694568626,-0.1351885305431374
2026-09-09,2026-10,jaov6_7500p,put,75.0,0.35,2026-09-08,1,0.4495997273787018,0.3132080989192332,-0.0367919010807668,0.3365908782178728,-0.0134091217821271,0.2116782229958824,-0.1383217770041175
2026-09-09,2026-10,jaov6_7600p,put,76.0,0.42,2026-09-08,1,0.4470594943488022,0.38590963417230384,-0.034090365827696145,0.4074177871696527,-0.0125822128303472,0.2749365330999749,-0.145063466900025
2026-09-09,2026-10,jaov6_7800p,put,78.0,0.62,2026-09-08,1,0.4410027064509044,0.5687833743018373,-0.051216625698162654,0.5940409503048354,-0.0259590496951646,0.4467928753848137,-0.1732071246151862
2026-09-09,2026-10,jaov6_8000p,put,80.0,0.89,2026-09-08,1,0.4384800392346327,0.8375676929393929,-0.052432307060607086,0.8562330642807723,-0.0337669357192277,0.6947208233312496,-0.1952791766687504
2026-09-09,2026-10,jaov6_8200p,put,82.0,1.27,2026-09-08,1,0.4362208722761458,1.1970725128898376,-0.07292748711016239,1.2139529525363386,-0.0560470474636614,1.036866627447459,-0.233133372552541
2026-09-09,2026-10,jaov6_8250p,put,82.5,1.38,2026-09-08,1,0.4367097081609126,1.310392657853539,-0.06960734214646092,1.320644949666795,-0.0593550503332052,1.1392532548320529,-0.240746745167947
2026-09-09,2026-10,jaov6_9000p,put,90.0,4.09,2026-09-08,1,0.4462353309049529,3.9954819923787745,-0.09451800762122531,3.9400287087293977,-0.1499712912706021,3.644323543825134,-0.445676456174866
2026-09-09,2026-11,jaox6_8950c,call,89.5,5.97,2026-09-08,1,0.4385421328626283,5.858626412046902,-0.11137358795309815,5.786999544928267,-0.183000455071733,5.547649304264176,-0.4223506957358234
2026-09-09,2026-11,jaox6_9000c,call,90.0,5.77,2026-09-08,1,0.4398925359370658,5.664032165645437,-0.10596783435456292,5.589296698956011,-0.1807033010439882,5.33361140961922,-0.4363885903807798
2026-09-09,2026-11,jaox6_9025c,call,90.25,5.68,2026-09-08,1,0.4407745915791192,5.571956126622712,-0.10804387337728816,5.492784477993542,-0.1872155220064577,5.228849888226228,-0.4511501117737717
2026-09-09,2026-11,jaox6_9100c,call,91.0,5.4,2026-09-08,1,0.4421260299452947,5.285795385553761,-0.11420461444623964,5.212423815563389,-0.1875761844366117,4.923832615650163,-0.4761673843498375
2026-09-09,2026-11,jaox6_9196c,call,91.96,5.06,2026-09-08,1,0.4447599317117686,4.951205567554114,-0.10879443244588582,4.873110797095333,-0.1868892029046662,4.5537018030126655,-0.5062981969873341
2026-09-09,2026-11,jaox6_9200c,call,92.0,5.04,2026-09-08,1,0.4449911525110068,4.939448363683603,-0.10055163631639719,4.859437146482336,-0.1805628535176637,4.538751222660768,-0.5012487773392325
2026-09-09,2026-11,jaox6_9225c,call,92.25,4.96,2026-09-08,1,0.4458408398702454,4.858207346701272,-0.10179265329872766,4.774802771435545,-0.1851972285644549,4.446180622176597,-0.5138193778234026
2026-09-09,2026-11,jaox6_9348c,call,93.48,4.56,2026-09-08,1,0.4483129957979743,4.453439789933417,-0.10656021006658278,4.378649709218675,-0.1813502907813244,4.012074728351665,-0.5479252716483343
2026-09-09,2026-11,jaox6_9353c,call,93.53,4.55,2026-09-08,1,0.4486820399830634,4.4414494480511255,-0.10855055194887431,4.363240277607586,-0.1867597223924137,3.9951705233756303,-0.5548294766243695
2026-09-09,2026-11,jaox6_9435c,call,94.35,4.31,2026-09-08,1,0.4508364088762875,4.196803011717054,-0.11319698828294555,4.117994923232049,-0.1920050767679502,3.726374349638266,-0.5836256503617334
2026-09-09,2026-11,jaox6_9700c,call,97.0,3.61,2026-09-08,1,0.4578491247698462,3.4931708532631873,-0.11682914673681255,3.415831491957071,-0.1941685080429289,2.9557247337368944,-0.6542752662631055
2026-09-09,2026-11,jaox6_9911c,call,99.11,3.14,2026-09-08,1,0.464440040286009,3.030680446377846,-0.10931955362215406,2.9454236398373457,-0.1945763601626544,2.4399535777460173,-0.7000464222539828
2026-09-09,2026-11,jaox6_10000c,call,100.0,2.96,2026-09-08,1,0.4669695061405728,2.8522244312070253,-0.10777556879297467,2.76795136072939,-0.19204863927061,2.246660279952479,-0.7133397200475211
2026-09-09,2026-11,jaox6_10205c,call,102.05,2.59,2026-09-08,1,0.4737340315187175,2.49274873333529,-0.09725126666470985,2.401453173113808,-0.1885468268861925,1.8510215994072232,-0.7389784005927766
2026-09-09,2026-11,jaox6_10240c,call,102.4,2.53,2026-09-08,1,0.4745870240089242,2.432958259503838,-0.09704174049616165,2.34434422032037,-0.1856557796796298,1.790043286590616,-0.7399567134093838
2026-09-09,2026-11,jaox6_10500c,call,105.0,2.14,2026-09-08,1,0.4822974079765657,2.047527804642582,-0.09247219535741813,1.9644370509827769,-0.1755629490172232,1.3897190720144006,-0.7502809279855995
2026-09-09,2026-11,jaox6_10800c,call,108.0,1.77,2026-09-08,1,0.4911712025741981,1.683704318834249,-0.08629568116575093,1.610178161110512,-0.1598218388894881,1.028363230223723,-0.7416367697762771
2026-09-09,2026-11,jaox6_7200p,put,72.0,0.87,2026-09-08,1,0.4281093499072589,0.8404717917002493,-0.02952820829975067,0.8738437865786537,0.0038437865786536,0.7710570285649624,-0.0989429714350376
2026-09-09,2026-11,jaox6_7400p,put,74.0,1.17,2026-09-08,1,0.4236950889916671,1.1217181523944149,-0.04828184760558507,1.1537524187145607,-0.0162475812854392,1.0691755914060312,-0.1008244085939686
2026-09-09,2026-11,jaox6_7450p,put,74.5,1.25,2026-09-08,1,0.4237533098292358,1.2117185088793754,-0.03828149112062462,1.2354804717770929,-0.0145195282229071,1.155637554974304,-0.0943624450256959
2026-09-09,2026-11,jaox6_7500p,put,75.0,1.34,2026-09-08,1,0.4232139943042203,1.3017787076058518,-0.03822129239414829,1.3223227165595637,-0.0176772834404366,1.247258632066584,-0.0927413679334161
2026-09-09,2026-11,jaox6_7600p,put,76.0,1.54,2026-09-08,1,0.4214965428207627,1.4908311251959567,-0.049168874804043305,1.5121637374069614,-0.0278362625930386,1.4465371800828322,-0.0934628199171678
2026-09-09,2026-11,jaox6_7800p,put,78.0,2.01,2026-09-08,1,0.4200851720077017,1.9502398799742817,-0.059760120025718066,1.961935221482486,-0.0480647785175136,1.9129125670699887,-0.0970874329300111
2026-09-09,2026-11,jaox6_8000p,put,80.0,2.59,2026-09-08,1,0.4195373043028829,2.5114283544104605,-0.07857164558953933,2.514591055380116,-0.075408944619884,2.4741692524381094,-0.1158307475618904
2026-09-09,2026-11,jaox6_8200p,put,82.0,3.28,2026-09-08,1,0.4201057826343361,3.1864052814847605,-0.09359471851523926,3.179333211708923,-0.1006667882910767,3.1374634970243456,-0.1425365029756542
2026-09-09,2026-11,jaox6_8250p,put,82.5,3.47,2026-09-08,1,0.4201011991684835,3.36967260285984,-0.10032739714016037,3.3638235480168888,-0.1061764519831114,3.31981216918089,-0.1501878308191102
2026-09-09,2026-11,jaox6_9000p,put,90.0,7.2,2026-09-08,1,0.4332583409460436,7.100297074664181,-0.09970292533581926,7.028570810242073,-0.1714291897579274,6.852362370506454,-0.3476376294935459
2026-09-09,2027-03,jaoh7_7900c,call,79.0,7.74,2026-09-08,1,0.3577956855953472,7.632586224537479,-0.10741377546252107,7.630279493177873,-0.1097205068221276,8.87347262807736,1.1334726280773602
2026-09-09,2027-03,jaoh7_8000c,call,80.0,7.32,2026-09-08,1,0.3582033214107283,7.216209358209146,-0.10379064179085429,7.207997768999449,-0.1120022310005515,8.45320257093916,1.1332025709391598
2026-09-09,2027-03,jaoh7_8025c,call,80.25,7.21,2026-09-08,1,0.358168360104156,7.112134233973581,-0.09786576602641883,7.105955058991031,-0.1040449410089694,8.350669066712774,1.140669066712774
2026-09-09,2027-03,jaoh7_8045c,call,80.45,7.13,2026-09-08,1,0.3581015011877732,7.028877874540323,-0.10112212545967658,7.0253251172439946,-0.1046748827560053,8.269288300202222,1.1392883002022218
2026-09-09,2027-03,jaoh7_8075c,call,80.75,7.01,2026-09-08,1,0.3584013868026456,6.914076488299628,-0.09592351170037183,6.906043149301566,-0.1039568506984336,8.148345273014032,1.138345273014032
2026-09-09,2027-03,jaoh7_8100c,call,81.0,6.92,2026-09-08,1,0.3586701646802362,6.820101679475543,-0.09989832052445724,6.8081556945608375,-0.1118443054391624,8.048642031655877,1.1286420316558772
2026-09-09,2027-03,jaoh7_8102c,call,81.02,6.91,2026-09-08,1,0.3585592505633689,6.809760745295529,-0.10023925470447104,6.800383853536266,-0.1096161464637344,8.040710463304272,1.130710463304272
2026-09-09,2027-03,jaoh7_8150c,call,81.5,6.72,2026-09-08,1,0.3585845774652423,6.622092358013617,-0.09790764198638247,6.616470084623689,-0.1035299153763107,7.852278389267759,1.1322783892677588
2026-09-09,2027-03,jaoh7_8185c,call,81.85,6.59,2026-09-08,1,0.3590051169171067,6.496627322770705,-0.09337267722929443,6.485499583708102,-0.1045004162918976,7.717141844993634,1.127141844993634
2026-09-09,2027-03,jaoh7_8342c,call,83.42,6.03,2026-09-08,1,0.3600526037977435,5.942463812912984,-0.08753618708701616,5.929699581513104,-0.1003004184868965,7.134171170936558,1.1041711709365574
2026-09-09,2027-03,jaoh7_8500c,call,85.0,5.52,2026-09-08,1,0.3616609786614196,5.439254099034962,-0.08074590096503798,5.420580333161432,-0.0994196668385676,6.585665372465421,1.0656653724654213
2026-09-09,2027-03,jaoh7_8525c,call,85.25,5.44,2026-09-08,1,0.3620252886949355,5.365714627800421,-0.07428537219957931,5.34444126665072,-0.0955587333492804,6.502095866956421,1.0620958669564209
2026-09-09,2027-03,jaoh7_8575c,call,85.75,5.29,2026-09-08,1,0.3626171628276139,5.218671186222235,-0.07132881377776545,5.195668028678045,-0.0943319713219548,6.337680651388959,1.0476806513889594
2026-09-09,2027-03,jaoh7_8635c,call,86.35,5.12,2026-09-08,1,0.3634736283975286,5.050420030685374,-0.06957996931462596,5.023187651690901,-0.0968123483090988,6.145086666344544,1.025086666344544
2026-09-09,2027-03,jaoh7_8675c,call,86.75,5.01,2026-09-08,1,0.3637417795126381,4.934891504056847,-0.0751084959431525,4.91178357501651,-0.09821642498349,6.019560342384971,1.0095603423849715
2026-09-09,2027-03,jaoh7_8700c,call,87.0,4.94,2026-09-08,1,0.3642764337944036,4.871617453238723,-0.06838254676127775,4.843583484573164,-0.0964165154268368,5.942308407821449,1.0023084078214488
2026-09-09,2027-03,jaoh7_8705c,call,87.05,4.93,2026-09-08,1,0.3639894072805102,4.850807440338354,-0.07919255966164584,4.83007377462644,-0.0999262253735597,5.926961609966378,0.9969616099663784
2026-09-09,2027-03,jaoh7_6800p,put,68.0,3.38,2026-09-08,1,0.3684685677976843,3.3155963068104555,-0.06440369318954442,3.341101551243421,-0.0388984487565791,4.128034966790601,0.748034966790601
2026-09-09,2027-03,jaoh7_6900p,put,69.0,3.68,2026-09-08,1,0.366212846127445,3.6107058318195495,-0.06929416818045064,3.6397109237330927,-0.0402890762669074,4.492626910271172,0.8126269102711716
2026-09-09,2027-03,jaoh7_7000p,put,70.0,4.0,2026-09-08,1,0.3646075972377601,3.9352227316547026,-0.0647772683452974,3.958976530363154,-0.0410234696368458,4.875664534827148,0.8756645348271483
2026-09-09,2027-03,jaoh7_7100p,put,71.0,4.35,2026-09-08,1,0.3630575582963564,4.279398625145616,-0.07060137485438389,4.299399665807872,-0.0506003341921275,5.276757691716263,0.9267576917162632
2026-09-09,2027-03,jaoh7_7150p,put,71.5,4.53,2026-09-08,1,0.3619104304428175,4.451467368091806,-0.07853263190819426,4.477679873616988,-0.0523201263830124,5.483882019947966,0.953882019947966
2026-09-09,2027-03,jaoh7_7250p,put,72.5,4.91,2026-09-08,1,0.360424517080281,4.825202322244873,-0.0847976777551267,4.850600197346468,-0.059399802653532,5.911635266291374,1.001635266291374
2026-09-09,2027-03,jaoh7_7300p,put,73.0,5.11,2026-09-08,1,0.3600655529878197,5.026913613856247,-0.08308638614375319,5.045312872113558,-0.064687127886442,6.132266957148463,1.0222669571484628
2026-09-09,2027-03,jaoh7_7400p,put,74.0,5.52,2026-09-08,1,0.3586050181836911,5.430343581346504,-0.0896564186534956,5.451382469007264,-0.0686175309927357,6.587116270992407,1.0671162709924076
2026-09-09,2027-03,jaoh7_7450p,put,74.5,5.73,2026-09-08,1,0.35800282622591,5.641981780070458,-0.08801821992954206,5.662778015022082,-0.0672219849779187,6.821194456690289,1.091194456690289
2026-09-09,2027-03,jaoh7_7500p,put,75.0,5.96,2026-09-08,1,0.3576440277650523,5.863568125808531,-0.09643187419146937,5.879763620856869,-0.0802363791431313,7.05953791763811,1.0995379176381102
2026-09-09,2027-09,jaou7_6820c,call,68.2,10.4,2026-09-08,1,0.3045850423611896,10.347873664052758,-0.05212633594724281,10.35076924147786,-0.0492307585221389,13.113823034281978,2.713823034281978
2026-09-09,2027-09,jaou7_6825c,call,68.25,10.37,2026-09-08,1,0.3047677451824044,10.327874696508196,-0.04212530349180277,10.323090538778054,-0.0469094612219453,13.091124854153234,2.721124854153235
2026-09-09,2027-09,jaou7_6860c,call,68.6,10.18,2026-09-08,1,0.303704626489864,10.127972547671234,-0.05202745232876538,10.13080384903347,-0.0491961509665301,12.93315549389595,2.753155493895949
2026-09-09,2027-09,jaou7_6900c,call,69.0,9.96,2026-09-08,1,0.3031032523305967,9.91806503287864,-0.041934967121360245,9.914191722199677,-0.0458082778003259,12.754596875857043,2.7945968758570423
2026-09-09,2027-09,jaou7_6905c,call,69.05,9.94,2026-09-08,1,0.3028790064303924,9.888082644648634,-0.05191735535136566,9.887351446294618,-0.0526485537053815,12.732425029004528,2.7924250290045283
2026-09-09,2027-09,jaou7_6930c,call,69.3,9.8,2026-09-08,1,0.3024907001245426,9.758143399697866,-0.04185660030213434,9.753938612277643,-0.0460613877223572,12.62206418466294,2.8220641846629384
2026-09-09,2027-09,jaou7_7000c,call,70.0,9.44,2026-09-08,1,0.3009686415340509,9.388339349434887,-0.05166065056511293,9.387384985253956,-0.0526150147460438,12.317633724388068,2.877633724388069
2026-09-09,2027-09,jaou7_7110c,call,71.1,8.88,2026-09-08,1,0.2987612156663703,8.828666576709692,-0.0513334232903091,8.83225671332796,-0.0477432866720413,11.85293997497968,2.9729399749796794
2026-09-09,2027-09,jaou7_7200c,call,72.0,8.44,2026-09-08,1,0.2974345360605194,8.39893803515261,-0.041061964847388666,8.397041211081488,-0.0429587889185114,11.484827166071614,3.044827166071615
2026-09-09,2027-09,jaou7_7335c,call,73.35,7.81,2026-09-08,1,0.2954167852843506,7.77938373287632,-0.03061626712367982,7.7760985300703425,-0.0339014699296571,10.952199808876612,3.1421998088766125
2026-09-09,2027-09,jaou7_7400c,call,74.0,7.53,2026-09-08,1,0.2943569839548327,7.489617803023277,-0.04038219697672307,7.490666431475863,-0.0393335685241371,10.703687901061212,3.173687901061212
2026-09-09,2027-09,jaou7_7450c,call,74.5,7.31,2026-09-08,1,0.2938400014179755,7.279791118931934,-0.03020888106806563,7.277037265913633,-0.0329627340863663,10.515844809456476,3.205844809456477
2026-09-09,2027-09,jaou7_7500c,call,75.0,7.1,2026-09-08,1,0.2931720954652367,7.069976718147249,-0.030023281852750827,7.068529077009287,-0.0314709229907128,10.331050658499166,3.231050658499166
2026-09-09,2027-09,jaou7_7542c,call,75.42,6.93,2026-09-08,1,0.2927260206345994,6.900131447574669,-0.02986855242533082,6.897310467527631,-0.0326895324723688,10.177977302877837,3.247977302877837
2026-09-09,2027-09,jaou7_7550c,call,75.5,6.9,2026-09-08,1,0.2923545211008844,6.8601747460605225,-0.03982525393947789,6.865101754150678,-0.0348982458493223,10.1490522120038,3.2490522120038
2026-09-09,2027-09,jaou7_7600c,call,76.0,6.7,2026-09-08,1,0.2917485482056251,6.660368217058893,-0.039631782941107474,6.666711031154542,-0.0332889688454578,9.969994272942309,3.2699942729423084
2026-09-09,2027-09,jaou7_7610c,call,76.1,6.66,2026-09-08,1,0.291970050478418,6.630391160216411,-0.02960883978358897,6.627633100398614,-0.0323668996013859,9.934544473744223,3.274544473744223
2026-09-09,2027-09,jaou7_7705c,call,77.05,6.3,2026-09-08,1,0.2910784370924521,6.270761083573627,-0.02923891642637244,6.266265330597986,-0.0337346694020137,9.603326467391184,3.3033264673911846
2026-09-09,2027-09,jaou7_7710c,call,77.1,6.28,2026-09-08,1,0.2909788930923195,6.250783606723728,-0.0292163932762719,6.247736854028242,-0.0322631459717586,9.586173888592793,3.3061738885927925
2026-09-09,2027-09,jaou7_7725c,call,77.25,6.23,2026-09-08,1,0.2906714592631592,6.190851931306973,-0.03914806869302723,6.192443349828811,-0.0375566501711892,9.534886867931728,3.304886867931728
2026-09-09,2027-09,jaou7_5800p,put,58.0,3.15,2026-09-08,1,0.3326110075139728,3.094067080502869,-0.05593291949713075,3.099682405814816,-0.0503175941851838,4.740620642214133,1.5906206422141334
2026-09-09,2027-09,jaou7_5900p,put,59.0,3.39,2026-09-08,1,0.3294827182966275,3.3340020402707378,-0.05599795972926236,3.333423713222293,-0.0565762867777066,5.101856665413115,1.711856665413115
2026-09-09,2027-09,jaou7_6000p,put,60.0,3.64,2026-09-08,1,0.3262257797994387,3.583962270252778,-0.0560377297472221,3.5829591835327044,-0.0570408164672957,5.477862066731352,1.837862066731352
2026-09-09,2027-09,jaou7_6200p,put,62.0,4.19,2026-09-08,1,0.3206446226789021,4.143918909579092,-0.04608109042090813,4.131671425854412,-0.0583285741455883,6.274286738581974,2.084286738581974
2026-09-09,2027-09,jaou7_6420p,put,64.2,4.88,2026-09-08,1,0.3144337381340993,4.823985647260316,-0.056014352739683915,4.8157855951858926,-0.0642144048141073,7.22061915333246,2.34061915333246
2026-09-09,2027-09,jaou7_6500p,put,65.0,5.15,2026-09-08,1,0.3123838116308417,5.094033486645868,-0.055966513354132275,5.086364562819759,-0.0636354371802419,7.582344476073282,2.4323444760732817
2026-09-09,2027-09,jaou7_6750p,put,67.5,6.06,2026-09-08,1,0.3060685854912652,6.0042902577455255,-0.055709742254474115,6.0095718245092815,-0.0504281754907181,8.77090649149486,2.7109064914948595
2026-09-09,2027-09,jaou7_6800p,put,68.0,6.26,2026-09-08,1,0.3050415055968206,6.204353275930616,-0.055646724069383424,6.208588655792553,-0.0514113442074464,9.0191515919543,2.7591515919543
2026-09-09,2027-09,jaou7_6900p,put,69.0,6.67,2026-09-08,1,0.3028976765040033,6.614503005211073,-0.05549699478892656,6.621198271931341,-0.0488017280686587,9.525543380569962,2.855543380569962
2026-09-09,2027-09,jaou7_7000p,put,70.0,7.1,2026-09-08,1,0.3008839797574806,7.04467475561943,-0.05532524438056985,7.053346301626038,-0.0466536983739613,10.045318807955857,2.945318807955857
2026-09-09,2027-09,jaou7_7400p,put,74.0,9.02,2026-09-08,1,0.2943709369768461,8.975557283460477,-0.04444271653952292,8.977803537139113,-0.0421964628608861,12.258327300048483,3.238327300048484
2026-09-09,2027-09,jaou7_7450p,put,74.5,9.29,2026-09-08,1,0.2939110198849038,9.245679008811685,-0.04432099118831445,9.240240263607628,-0.0497597363923709,12.548853497871184,3.2588534978711845
2026-09-09,2027-09,jaou7_7500p,put,75.0,9.56,2026-09-08,1,0.2933000759149795,9.515812937774777,-0.04418706222522317,9.507470747732782,-0.0525292522672184,12.842428636341312,3.2824286363413115
2026-09-09,2028-03,jaoh8_6151c,call,61.51,13.09,2026-09-08,1,0.2801229472763895,13.02831886775337,-0.061681132246629744,13.047664446894627,-0.0423355531053708,16.798885725630225,3.708885725630225
2026-09-09,2028-03,jaoh8_6200c,call,62.0,12.79,2026-09-08,1,0.2792358362256571,12.738358901844272,-0.05164109815572715,12.743621203206713,-0.046378796793288,16.570504702621665,3.7805047026216654
2026-09-09,2028-03,jaoh8_6420c,call,64.2,11.5,2026-09-08,1,0.2738223816982546,11.438618650261475,-0.06138134973852516,11.427475757534712,-0.0725242424652883,15.57914875384945,4.07914875384945
2026-09-09,2028-03,jaoh8_6500c,call,65.0,11.04,2026-09-08,1,0.2717061087424507,10.978729911078009,-0.06127008892199015,10.96917936984711,-0.0708206301528893,15.232202677399767,4.192202677399768
2026-09-09,2028-03,jaoh8_6600c,call,66.0,10.49,2026-09-08,1,0.2694606812345656,10.428862510878675,-0.06113748912132522,10.411872237638413,-0.0781277623615874,14.80868352552018,4.31868352552018
2026-09-09,2028-03,jaoh8_6775c,call,67.75,9.56,2026-09-08,1,0.2650953620692181,9.48913588164405,-0.07086411835595108,9.478825342879754,-0.0811746571202469,14.09323520945141,4.53323520945141
2026-09-09,2028-03,jaoh8_6875c,call,68.75,9.05,2026-09-08,1,0.2628107732205286,8.979298429294893,-0.07070157070510774,8.970087607494628,-0.0799123925053724,13.699001037811897,4.649001037811896
2026-09-09,2028-03,jaoh8_6890c,call,68.9,8.97,2026-09-08,1,0.2626333278553386,8.909317270433458,-0.06068272956654219,8.895320085342876,-0.0746799146571248,13.640767933967254,4.670767933967253
2026-09-09,2028-03,jaoh8_7000c,call,70.0,8.43,2026-09-08,1,0.2598283598389747,8.359521663220477,-0.07047833677952298,8.35936678281946,-0.0706332171805392,13.22117345622524,4.79117345622524
2026-09-09,2028-03,jaoh8_7110c,call,71.1,7.91,2026-09-08,1,0.2573833549289198,7.839725018617964,-0.07027498138203647,7.845173859626734,-0.0648261403732659,12.814163940639578,4.904163940639577
2026-09-09,2028-03,jaoh8_7275c,call,72.75,7.17,2026-09-08,1,0.2538628045642142,7.100048533855323,-0.06995146614467718,7.114665680742895,-0.0553343192571045,12.225844485680993,5.055844485680993
2026-09-09,2028-03,jaoh8_7340c,call,73.4,6.89,2026-09-08,1,0.2524710271786139,6.820184089835434,-0.06981591016456612,6.840275360995979,-0.0497246390040206,12.001364373055786,5.111364373055786
2026-09-09,2028-03,jaoh8_7450c,call,74.5,6.44,2026-09-08,1,0.2503901276630452,6.370412209813447,-0.06958779018655381,6.393035423355998,-0.0469645766440027,11.630592616253452,5.190592616253452
2026-09-09,2028-03,jaoh8_7475c,call,74.75,6.34,2026-09-08,1,0.2502178518805951,6.2804533540630345,-0.05954664593696535,6.294372939379285,-0.0456270606207152,11.54781406617844,5.20781406617844
2026-09-09,2028-03,jaoh8_7500c,call,75.0,6.25,2026-09-08,1,0.2497036651368541,6.18050916957674,-0.06949083042325999,6.19680927200023,-0.0531907279997696,11.4655706045719,5.2155706045719
2026-09-09,2028-03,jaoh8_7550c,call,75.5,6.06,2026-09-08,1,0.2488968029134638,5.9906134451230955,-0.06938655487690415,6.004965732282613,-0.0550342677173869,11.302735125312608,5.242735125312609
2026-09-09,2028-03,jaoh8_7670c,call,76.7,5.64,2026-09-08,1,0.2476003504984016,5.570846109878222,-0.06915389012177808,5.562255302304763,-0.0777446976952367,10.921105959718332,5.2811059597183325
2026-09-09,2028-03,jaoh8_7700c,call,77.0,5.54,2026-09-08,1,0.2473274015100566,5.470903993455044,-0.06909600654495573,5.455447814183918,-0.084552185816082,10.827690195106715,5.287690195106715
2026-09-09,2028-03,jaoh8_7775c,call,77.75,5.29,2026-09-08,1,0.2467783278056915,5.231046091003206,-0.05895390899679409,5.195120012334164,-0.0948799876658359,10.59758205899605,5.30758205899605
2026-09-09,2028-03,jaoh8_5740p,put,57.4,3.78,2026-09-08,1,0.28971502863236,3.7322374787258177,-0.047762521274182124,3.732455298533475,-0.0475447014665246,6.919403376648027,3.139403376648028
2026-09-09,2028-03,jaoh8_5900p,put,59.0,4.22,2026-09-08,1,0.2856337388652065,4.171836206154406,-0.04816379384559344,4.172295857822792,-0.0477041421772073,7.601212049003699,3.3812120490036994
2026-09-09,2028-03,jaoh8_6000p,put,60.0,4.52,2026-09-08,1,0.2830118572891974,4.461596696717782,-0.05840330328221732,4.465378549957634,-0.0546214500423651,8.043348005564134,3.5233480055641344
2026-09-09,2028-03,jaoh8_6165p,put,61.65,5.04,2026-09-08,1,0.2791388046345918,4.981200782901336,-0.05879921709866398,4.980512781558803,-0.0594872184411974,8.798960801932775,3.758960801932776
2026-09-09,2028-03,jaoh8_6200p,put,62.0,5.16,2026-09-08,1,0.278490638023406,5.101113038140515,-0.05888696185948472,5.0949369975053616,-0.0650630024946385,8.963362599849097,3.803362599849097
2026-09-09,2028-03,jaoh8_6250p,put,62.5,5.32,2026-09-08,1,0.2770485264679765,5.261009055187272,-0.05899094481272815,5.26157810591496,-0.0584218940850407,9.2006833163261,3.880683316326099
2026-09-09,2028-03,jaoh8_6500p,put,65.0,6.22,2026-09-08,1,0.2711423306303848,6.150473526127728,-0.06952647387227184,6.151921365005292,-0.0680786349947082,10.43002549121162,4.21002549121162
2026-09-09,2028-03,jaoh8_6600p,put,66.0,6.6,2026-09-08,1,0.2690612125243423,6.540265271476512,-0.05973472852348749,6.535256140371324,-0.0647438596286757,10.941494644860173,4.341494644860173
2026-09-09,2028-03,jaoh8_6750p,put,67.5,7.2,2026-09-08,1,0.2655068787673479,7.139988540023399,-0.06001145997660107,7.140012210746065,-0.0599877892539355,11.728716242164063,4.528716242164063
2026-09-09,2028-03,jaoh8_7000p,put,70.0,8.29,2026-09-08,1,0.2597222497802384,8.219574729432331,-0.07042527056766801,8.228524945095618,-0.0614750549043812,13.093937797677802,4.803937797677802
2026-09-09,2028-03,jaoh8_7450p,put,74.5,10.52,2026-09-08,1,0.2506296178378184,10.448945430862556,-0.07105456913744312,10.445421257179234,-0.0745787428207656,15.710804332582647,5.190804332582648
2026-09-09,2028-09,jaou8_6151c,call,61.51,12.37,2026-09-08,1,0.260778042366439,12.33551157780462,-0.03448842219537873,12.36614989021994,-0.0038501097800605,17.355970514618246,4.985970514618247
2026-09-09,2028-09,jaou8_6500c,call,65.0,10.33,2026-09-08,1,0.2486980668968873,10.290925411100401,-0.039074588899598695,10.257896825803977,-0.0721031741960231,15.955420516444873,5.625420516444873
2026-09-09,2028-09,jaou8_6570c,call,65.7,9.94,2026-09-08,1,0.2463725113292321,9.90205522125442,-0.037944778745579555,9.867227947350434,-0.0727720526495652,15.688861520353017,5.748861520353017
2026-09-09,2028-09,jaou8_6600c,call,66.0,9.77,2026-09-08,1,0.2452353933006992,9.73255173160154,-0.03744826839846027,9.703179064466964,-0.0668209355330358,15.576070571161784,5.806070571161785
2026-09-09,2028-09,jaou8_6650c,call,66.5,9.5,2026-09-08,1,0.2436559592953097,9.463368714879739,-0.03663128512026148,9.434300394758598,-0.0656996052414022,15.389950924529408,5.889950924529408
2026-09-09,2028-09,jaou8_6775c,call,67.75,8.85,2026-09-08,1,0.2397190592134818,8.805442451010352,-0.0445575489896477,8.787075831382722,-0.0629241686172772,14.93472848731386,6.0847284873138605
2026-09-09,2028-09,jaou8_7000c,call,70.0,7.75,2026-09-08,1,0.233592025528166,7.709211717604091,-0.04078828239590937,7.7125658394556496,-0.0374341605443504,14.14989724725153,6.3998972472515305
2026-09-09,2028-09,jaou8_7110c,call,71.1,7.26,2026-09-08,1,0.2311999742821639,7.221042556585126,-0.038957443414873616,7.229542573196617,-0.030457426803383,13.7817325613777,6.5217325613777
2026-09-09,2028-09,jaou8_7275c,call,72.75,6.59,2026-09-08,1,0.2282223846586033,6.543756621703133,-0.0462433782968672,6.556398182806384,-0.0336018171936158,13.247597897121532,6.657597897121532
2026-09-09,2028-09,jaou8_7340c,call,73.4,6.34,2026-09-08,1,0.2272433018221628,6.2948098328720725,-0.04519016712792734,6.307877149363489,-0.0321228506365107,13.042891796837306,6.7028917968373065
2026-09-09,2028-09,jaou8_7450c,call,74.5,5.94,2026-09-08,1,0.2258416692496501,5.896563405420211,-0.043436594579789656,5.908281021488168,-0.0317189785118321,12.703932354518546,6.763932354518546
2026-09-09,2028-09,jaou8_7500c,call,75.0,5.77,2026-09-08,1,0.2253759964964748,5.7273394794702135,-0.04266052052978608,5.735209607456728,-0.0347903925432717,12.5529575624684,6.7829575624684
2026-09-09,2028-09,jaou8_7560c,call,75.6,5.57,2026-09-08,1,0.2247980833100839,5.528268713209786,-0.041731286790214206,5.534449792977653,-0.0355502070223474,12.374294757877912,6.804294757877912
2026-09-09,2028-09,jaou8_7670c,call,76.7,5.23,2026-09-08,1,0.2238417793847832,5.179947498340421,-0.05005250165957964,5.185579390608346,-0.0444206093916541,12.053639195238814,6.823639195238814
2026-09-09,2028-09,jaou8_7925c,call,79.25,4.53,2026-09-08,1,0.2230509465527325,4.483574287049904,-0.046425712950096454,4.467699542803443,-0.0623004571965575,11.34310927659857,6.81310927659857
2026-09-09,2028-09,jaou8_8000c,call,80.0,4.35,2026-09-08,1,0.2231246999129526,4.304569331693939,-0.045430668306060795,4.279332640151636,-0.0706673598483638,11.142355125012742,6.792355125012742
2026-09-09,2028-09,jaou8_5000p,put,50.0,2.87,2026-09-08,1,0.2946499537997329,2.8456662715122896,-0.024333728487710538,2.8666571245910752,-0.0033428754089248,5.739018728551839,2.869018728551839
2026-09-09,2028-09,jaou8_5500p,put,55.0,3.99,2026-09-08,1,0.2795544505770626,3.9584791200074303,-0.03152087999256992,3.939682957774784,-0.0503170422252168,7.729745027347234,3.739745027347234
2026-09-09,2028-09,jaou8_5700p,put,57.0,4.51,2026-09-08,1,0.2737153228326419,4.479805173748202,-0.03019482625179748,4.445833900169347,-0.0641660998306523,8.605107018562624,4.095107018562624
2026-09-09,2028-09,jaou8_5740p,put,57.4,4.62,2026-09-08,1,0.272575880092192,4.5900839848510255,-0.029916015148974573,4.55274075030443,-0.0672592496955699,8.785363985431548,4.165363985431548
2026-09-09,2028-09,jaou8_6165p,put,61.65,5.87,2026-09-08,1,0.2591437518023788,5.833380154553995,-0.03661984544600472,5.81268239095187,-0.0573176090481304,10.802625644898216,4.932625644898216
2026-09-09,2028-09,jaou8_6200p,put,62.0,5.98,2026-09-08,1,0.2579954628179493,5.9436784096101265,-0.036321590389873926,5.92697483341779,-0.0530251665822101,10.97680799107963,4.9968079910796295
2026-09-09,2028-09,jaou8_6250p,put,62.5,6.14,2026-09-08,1,0.2563659838800791,6.10411095933662,-0.03588904066337939,6.093140634652536,-0.0468593653474638,11.227725489784094,5.087725489784094
2026-09-09,2028-09,jaou8_6500p,put,65.0,6.99,2026-09-08,1,0.2483499446854926,6.956387460246136,-0.03361253975386447,6.976182044121851,-0.0138179558781494,12.518674107560368,5.528674107560368
2026-09-09,2028-09,jaou8_6750p,put,67.5,7.93,2026-09-08,1,0.2403386008159996,7.888856542642664,-0.04114345735733593,7.949289463871155,0.0192894638711553,13.870101350869602,5.940101350869602
2026-09-09,2028-09,jaou8_7000p,put,70.0,9.0,2026-09-08,1,0.2338949222852959,8.961387717435173,-0.03861228256482718,9.016105640018877,0.0161056400188766,15.277529027256886,6.277529027256886
2026-09-09,2028-09,jaou8_7450p,put,74.5,11.32,2026-09-08,1,0.2264025025496344,11.265783183208946,-0.05421681679105461,11.181115616934385,-0.1388843830656156,17.939504504524777,6.619504504524777
2026-09-10,2026-10,jaov6_9200c,call,92.0,8.38,2026-09-09,1,0.4605674055109966,7.729112063087742,-0.6508879369122589,7.569401699806202,-0.8105983001937984,7.258757246363286,-1.1212427536367144
2026-09-10,2026-10,jaov6_9225c,call,92.25,8.24,2026-09-09,1,0.4617915591802052,7.587918549736622,-0.6520814502633785,7.421924145489715,-0.8180758545102851,7.100400586589252,-1.139599413410748
2026-09-10,2026-10,jaov6_9348c,call,93.48,7.58,2026-09-09,1,0.4653694665536408,6.89843134942244,-0.6815686505775602,6.727644003308219,-0.8523559966917809,6.352757064572836,-1.2272429354271637
2026-09-10,2026-10,jaov6_9353c,call,93.53,7.56,2026-09-09,1,0.4654165256852018,6.870406585675604,-0.6895934143243956,6.700517585089203,-0.8594824149107962,6.323476984139604,-1.2365230158603957
2026-09-10,2026-10,jaov6_9435c,call,94.35,7.14,2026-09-09,1,0.468771107921152,6.449853541656722,-0.6901464583432775,6.267758266626555,-0.8722417333734445,5.855954193061649,-1.284045806938351
2026-09-10,2026-10,jaov6_9700c,call,97.0,5.95,2026-09-09,1,0.4778502229888669,5.217701366644828,-0.732298633355172,5.021498028100839,-0.928501971899161,4.503612098107334,-1.446387901892666
2026-09-10,2026-10,jaov6_9800c,call,98.0,5.54,2026-09-09,1,0.4820351597799836,4.816395338739194,-0.723604661260806,4.609092390161656,-0.9309076098383438,4.055092173796907,-1.4849078262030933
2026-09-10,2026-10,jaov6_9911c,call,99.11,5.13,2026-09-09,1,0.4859215413639834,4.395751122904672,-0.7342488770953279,4.186278294801035,-0.943721705198965,3.596493128250236,-1.533506871749764
2026-09-10,2026-10,jaov6_9955c,call,99.55,4.97,2026-09-09,1,0.4874436344201354,4.238118976515055,-0.7318810234849451,4.028467154877725,-0.9415328451222748,3.426089927896891,-1.5439100721031087
2026-09-10,2026-10,jaov6_10000c,call,100.0,4.82,2026-09-09,1,0.4898873613691197,4.0919639733179896,-0.7280360266820107,3.872631310921348,-0.9473686890786528,3.258111820954437,-1.5618881790455634
2026-09-10,2026-10,jaov6_10205c,call,102.05,4.16,2026-09-09,1,0.4970185246030603,3.4461281624761644,-0.7138718375238358,3.2302027858387725,-0.9297972141612276,2.5709648487597048,-1.5890351512402954
2026-09-10,2026-10,jaov6_10240c,call,102.4,4.06,2026-09-09,1,0.4983580688837091,3.3471347235074775,-0.7128652764925221,3.130984657007818,-0.9290153429921816,2.465615458581738,-1.5943845414182616
2026-09-10,2026-10,jaov6_10300c,call,103.0,3.89,2026-09-09,1,0.5004604020993867,3.1817318928899674,-0.7082681071100327,2.9675667790411517,-0.9224332209588488,2.2929220890628565,-1.5970779109371436
2026-09-10,2026-10,jaov6_10500c,call,105.0,3.36,2026-09-09,1,0.5081687304430051,2.691971692053204,-0.6680283079467957,2.479845340705337,-0.880154659294663,1.786183442122094,-1.573816557877906
2026-09-10,2026-10,jaov6_10800c,call,108.0,2.7,2026-09-09,1,0.5187306500094605,2.085619456939575,-0.6143805430604252,1.892288508714052,-0.807711491285948,1.2012503418831295,-1.4987496581168709
2026-09-10,2026-10,jaov6_11500c,call,115.0,1.62,2026-09-09,1,0.5460272937863702,1.1721330310212688,-0.44786696897873135,1.0140136776829658,-0.6059863223170343,0.4332023560802795,-1.1867976439197203
2026-09-10,2026-10,jaov6_12100c,call,121.0,1.06,2026-09-09,1,0.5692788513666225,0.7299703463499091,-0.33002965365009096,0.6072364065482084,-0.4527635934517916,0.1638736006559495,-0.8961263993440506
2026-09-10,2026-10,jaov6_12500c,call,125.0,0.81,2026-09-09,1,0.5830813219651839,0.533408890084083,-0.27659110991591707,0.4386815324735656,-0.3713184675264344,0.0825067946339138,-0.7274932053660863
2026-09-10,2026-10,jaov6_16000c,call,160.0,0.11,2026-09-09,1,0.7279080043689127,0.07876106800448326,-0.031238931995516736,0.051846859282531,-0.0581531407174689,0.0001297784702571,-0.1098702215297429
2026-09-10,2026-10,jaov6_7200p,put,72.0,0.15,2026-09-09,1,0.4721522820392717,0.06113275611093982,-0.08886724388906017,0.089102439944007,-0.0608975600559929,0.0232933568726315,-0.1267066431273684
2026-09-10,2026-10,jaov6_7400p,put,74.0,0.21,2026-09-09,1,0.4657738125091206,0.09866703181375414,-0.11133296818624586,0.1272739338224475,-0.0827260661775524,0.0457278841237685,-0.1642721158762315
2026-09-10,2026-10,jaov6_7450p,put,74.5,0.23,2026-09-09,1,0.4638557394123637,0.11025532988323405,-0.11974467011676596,0.1395100285703385,-0.0904899714296614,0.0536308021504087,-0.1763691978495913
2026-09-10,2026-10,jaov6_7500p,put,75.0,0.25,2026-09-09,1,0.4611465649479268,0.12177157747533585,-0.12822842252466415,0.153047937329525,-0.0969520626704749,0.062701721270636,-0.187298278729364
2026-09-10,2026-10,jaov6_7600p,put,76.0,0.3,2026-09-09,1,0.4564194031977303,0.14937348206042955,-0.15062651793957044,0.184556749910481,-0.115443250089519,0.0849818219063898,-0.2150181780936101
2026-09-10,2026-10,jaov6_7800p,put,78.0,0.44,2026-09-09,1,0.4519429755380847,0.23424417988081814,-0.20575582011918186,0.2696042162720928,-0.1703957837279071,0.1505862488093016,-0.2894137511906984
2026-09-10,2026-10,jaov6_8000p,put,80.0,0.62,2026-09-09,1,0.44745708159621,0.35648421355010385,-0.26351578644989615,0.3938789995491198,-0.2261210004508801,0.2539383454220098,-0.3660616545779901
2026-09-10,2026-10,jaov6_8200p,put,82.0,0.87,2026-09-09,1,0.4465643805522682,0.5435101345939763,-0.32648986540602365,0.571728179000937,-0.298271820999063,0.408758714309343,-0.461241285690657
2026-09-10,2026-10,jaov6_8250p,put,82.5,0.95,2026-09-09,1,0.4461779980794847,0.5998178787457,-0.3501821212542999,0.6264889913413612,-0.3235110086586388,0.4573952582922884,-0.4926047417077115
2026-09-10,2026-10,jaov6_9000p,put,90.0,2.84,2026-09-09,1,0.4552261525865654,2.2396026623520067,-0.6003973376479932,2.1662265273305445,-0.6737734726694553,1.869391514064586,-0.9706084859354138
2026-09-10,2026-11,jaox6_8950c,call,89.5,8.98,2026-09-09,1,0.4462556976139687,8.349469680200086,-0.6305303197999148,8.194894504874396,-0.7851054951256042,7.95250434319218,-1.0274956568078206
2026-09-10,2026-11,jaox6_9000c,call,90.0,8.73,2026-09-09,1,0.447228967353773,8.097700664692562,-0.6322993353074384,7.944028322795379,-0.7859716772046212,7.682706222514515,-1.0472937774854856
2026-09-10,2026-11,jaox6_9025c,call,90.25,8.61,2026-09-09,1,0.4482558445064832,7.982026732859526,-0.6279732671404732,7.82106687082745,-0.7889331291725492,7.550210638642867,-1.059789361357132
2026-09-10,2026-11,jaox6_9100c,call,91.0,8.26,2026-09-09,1,0.4500476450259455,7.625561837379147,-0.6344381626208531,7.461966960160463,-0.7980330398395372,7.162159453546783,-1.0978405464532166
2026-09-10,2026-11,jaox6_9196c,call,91.96,7.83,2026-09-09,1,0.4523435495596055,7.189320688958286,-0.6406793110417137,7.023409179324814,-0.8065908206751864,6.686751859032771,-1.1432481409672288
2026-09-10,2026-11,jaox6_9200c,call,92.0,7.81,2026-09-09,1,0.4520021681890465,7.165119227836088,-0.644880772163912,7.005642176258764,-0.8043578237412357,6.667449572482637,-1.1425504275173628
2026-09-10,2026-11,jaox6_9225c,call,92.25,7.7,2026-09-09,1,0.4529509401661483,7.060592675621737,-0.6394073243782632,6.895505380472079,-0.8044946195279215,6.547782046157011,-1.1522179538429889
2026-09-10,2026-11,jaox6_9348c,call,93.48,7.19,2026-09-09,1,0.4558427514315694,6.541136681167058,-0.6488633188329427,6.376059600924413,-0.8139403990755874,5.981856334281769,-1.2081436657182314
2026-09-10,2026-11,jaox6_9353c,call,93.53,7.17,2026-09-09,1,0.4563563101743768,6.526699798322751,-0.6433002016772491,6.355719691853708,-0.8142803081462917,5.959645407346108,-1.210354592653892
2026-09-10,2026-11,jaox6_9435c,call,94.35,6.85,2026-09-09,1,0.4589202250297053,6.210027678670823,-0.6399723213291768,6.030588651253298,-0.8194113487467014,5.604085767526476,-1.245914232473524
2026-09-10,2026-11,jaox6_9700c,call,97.0,5.9,2026-09-09,1,0.466567040169126,5.2755575221288815,-0.6244424778711188,5.083955949769292,-0.8160440502307083,4.56298729145532,-1.3370127085446804
2026-09-10,2026-11,jaox6_9911c,call,99.11,5.25,2026-09-09,1,0.4729749259217972,4.635425796412595,-0.6145742035874049,4.435266542696569,-0.814733457303431,3.847894368435862,-1.402105631564138
2026-09-10,2026-11,jaox6_10000c,call,100.0,4.99,2026-09-09,1,0.4755673253261025,4.387865511433888,-0.6021344885661124,4.187167193004009,-0.8028328069959914,3.5745709750515133,-1.4154290249484869
2026-09-10,2026-11,jaox6_10205c,call,102.05,4.45,2026-09-09,1,0.4819201879563436,3.8728397557488443,-0.5771602442511559,3.6684269029206247,-0.7815730970793755,3.005458851608762,-1.444541148391238
2026-09-10,2026-11,jaox6_10240c,call,102.4,4.37,2026-09-09,1,0.4828375762007005,3.789095940225099,-0.5809040597749009,3.586773606271572,-0.7832263937284285,2.916092169166394,-1.453907830833606
2026-09-10,2026-11,jaox6_10500c,call,105.0,3.78,2026-09-09,1,0.4907923308479473,3.237064156185157,-0.5429358438148428,3.03746084316344,-0.7425391568365605,2.31933558726854,-1.4606644127314596
2026-09-10,2026-11,jaox6_10800c,call,108.0,3.2,2026-09-09,1,0.4999115687614699,2.7048677225321947,-0.4951322774678055,2.51471340593992,-0.6852865940600803,1.764798712015659,-1.4352012879843412
2026-09-10,2026-11,jaox6_7200p,put,72.0,0.69,2026-09-09,1,0.4325630368383884,0.4864022707105988,-0.20359772928940112,0.5281858498373495,-0.1618141501626504,0.4290485567026675,-0.2609514432973324
2026-09-10,2026-11,jaox6_7400p,put,74.0,0.92,2026-09-09,1,0.4298251898402166,0.6740099105940551,-0.2459900894059449,0.7094196573908427,-0.2105803426091573,0.614457165814457,-0.305542834185543
2026-09-10,2026-11,jaox6_7450p,put,74.5,0.99,2026-09-09,1,0.4284235843601952,0.7244164617782793,-0.26558353822172065,0.7630734980190432,-0.2269265019809567,0.6693487336281813,-0.3206512663718187
2026-09-10,2026-11,jaox6_7500p,put,75.0,1.06,2026-09-09,1,0.4277009124187534,0.7821766696515731,-0.277823330348427,0.8204256510552064,-0.2395743489447936,0.7280535800119253,-0.3319464199880747
2026-09-10,2026-11,jaox6_7600p,put,76.0,1.21,2026-09-09,1,0.42686522422525,0.9127183201416003,-0.2972816798583997,0.9469663702565008,-0.2630336297434992,0.8573075908240296,-0.3526924091759703
2026-09-10,2026-11,jaox6_7800p,put,78.0,1.58,2026-09-09,1,0.4258197226394866,1.2280531707714673,-0.3519468292285328,1.2526408405983016,-0.3273591594016984,1.167188739041971,-0.412811260958029
2026-09-10,2026-11,jaox6_8000p,put,80.0,2.03,2026-09-09,1,0.4263143193023416,1.632371787111902,-0.3976282128880979,1.6383107756518989,-0.3916892243481009,1.5543542857487205,-0.4756457142512793
2026-09-10,2026-11,jaox6_8200p,put,82.0,2.58,2026-09-09,1,0.4275270184818928,2.13039717562606,-0.4496028243739403,2.115080250597826,-0.4649197494021742,2.027443096589097,-0.552556903410903
2026-09-10,2026-11,jaox6_8250p,put,82.5,2.73,2026-09-09,1,0.4279177865707265,2.270344642500133,-0.4596553574998672,2.249667551094067,-0.4803324489059331,2.1597505668824186,-0.5702494331175814
2026-09-10,2026-11,jaox6_9000p,put,90.0,5.81,2026-09-09,1,0.4401610999600912,5.207018588222943,-0.6029814117770567,5.086152564714695,-0.7238474352853048,4.8808558734963405,-0.9291441265036592
2026-09-10,2027-03,jaoh7_7900c,call,79.0,9.06,2026-09-09,1,0.3627784369878133,8.752138370882324,-0.3078616291176761,8.763600889951636,-0.2963991100483643,9.928029097441426,0.8680290974414255
2026-09-10,2027-03,jaoh7_8000c,call,80.0,8.6,2026-09-09,1,0.3629966855817048,8.296487671875838,-0.30351232812416207,8.295933034286046,-0.3040669657139538,9.47732442888552,0.8773244288855206
2026-09-10,2027-03,jaoh7_8025c,call,80.25,8.49,2026-09-09,1,0.3626847893786452,8.177534601242789,-0.3124653987572117,8.182606646504349,-0.3073933534956516,9.36723267708753,0.8772326770875303
2026-09-10,2027-03,jaoh7_8045c,call,80.45,8.4,2026-09-09,1,0.362766010911008,8.090463604647397,-0.3095363953526036,8.092972266943887,-0.3070277330561133,9.279881307252374,0.8798813072523739
2026-09-10,2027-03,jaoh7_8075c,call,80.75,8.27,2026-09-09,1,0.3628237828596536,7.9598692944513445,-0.3101307055486551,7.960224823049435,-0.3097751769505645,9.150078501871144,0.8800785018711448
2026-09-10,2027-03,jaoh7_8100c,call,81.0,8.16,2026-09-09,1,0.3632745602198715,7.861196834233681,-0.29880316576631927,7.8511571867079555,-0.3088428132920446,9.042981630543665,0.8829816305436644
2026-09-10,2027-03,jaoh7_8102c,call,81.02,8.15,2026-09-09,1,0.3631792814553967,7.8504626050414785,-0.29953739495852183,7.842492640103017,-0.3075073598969835,9.034456391987543,0.884456391987543
2026-09-10,2027-03,jaoh7_8125c,call,81.25,8.05,2026-09-09,1,0.3632117425181883,7.752392468976698,-0.29760753102330284,7.743496366209313,-0.3065036337906877,8.936856205891454,0.8868562058914531
2026-09-10,2027-03,jaoh7_8150c,call,81.5,7.95,2026-09-09,1,0.3630966957124237,7.643590258225049,-0.30640974177495117,7.637235422659667,-0.3127645773403333,8.831719985360728,0.8817199853607276
2026-09-10,2027-03,jaoh7_8185c,call,81.85,7.8,2026-09-09,1,0.3633093511732408,7.501451716884381,-0.2985482831156192,7.490808014061,-0.309191985939,8.686246654300659,0.8862466543006589
2026-09-10,2027-03,jaoh7_8342c,call,83.42,7.19,2026-09-09,1,0.3641058419324037,6.887781853905219,-0.3022181460947815,6.866976147527942,-0.3230238524720583,8.056503010505491,0.8665030105054905
2026-09-10,2027-03,jaoh7_8500c,call,85.0,6.61,2026-09-09,1,0.3654356647334416,6.3256844372094045,-0.2843155627905958,6.291977417298608,-0.318022582701392,7.4605800937529985,0.8505800937529981
2026-09-10,2027-03,jaoh7_8525c,call,85.25,6.53,2026-09-09,1,0.3655047443534492,6.237510092086691,-0.29248990791330964,6.205685939193119,-0.3243140608068815,7.369690970379048,0.8396909703790474
2026-09-10,2027-03,jaoh7_8575c,call,85.75,6.36,2026-09-09,1,0.3659722832018554,6.071534585252627,-0.28846541474737375,6.036846610013066,-0.3231533899869339,7.1908967681442455,0.8308967681442452
2026-09-10,2027-03,jaoh7_8635c,call,86.35,6.16,2026-09-09,1,0.3667648598962151,5.882812168427077,-0.27718783157292304,5.840721350710004,-0.3192786492899957,6.981269780453562,0.8212697804535622
2026-09-10,2027-03,jaoh7_8675c,call,86.75,6.04,2026-09-09,1,0.3673091655872985,5.7605187366818305,-0.2794812633181696,5.713826036032608,-0.3261739639673919,6.844324392433154,0.8043243924331538
2026-09-10,2027-03,jaoh7_8700c,call,87.0,5.96,2026-09-09,1,0.3675330220266173,5.6828098177516155,-0.27719018224838443,5.636057091391298,-0.3239429086087018,6.75983994250977,0.7998399425097702
2026-09-10,2027-03,jaoh7_8705c,call,87.05,5.94,2026-09-09,1,0.3677630015251145,5.671430786967631,-0.2685692130323698,5.620644183617147,-0.3193558163828536,6.743043407519625,0.8030434075196249
2026-09-10,2027-03,jaoh7_6800p,put,68.0,3.15,2026-09-09,1,0.3722389237026069,2.937250392490693,-0.21274960750930694,2.993524488514728,-0.1564755114852718,3.6805368100183298,0.5305368100183299
2026-09-10,2027-03,jaoh7_6900p,put,69.0,3.44,2026-09-09,1,0.3701274937640072,3.2062854183920333,-0.23371458160796665,3.2623725593692985,-0.1776274406307014,4.015821472253407,0.575821472253407
2026-09-10,2027-03,jaoh7_7000p,put,70.0,3.74,2026-09-09,1,0.3681487749948036,3.4942695508871804,-0.24573044911281983,3.551106043762351,-0.1888939562376492,4.368893016513711,0.628893016513711
2026-09-10,2027-03,jaoh7_7100p,put,71.0,4.06,2026-09-09,1,0.3668031942699897,3.810981531643023,-0.24901846835697672,3.860338366405662,-0.1996616335943377,4.740337722628326,0.6803377226283267
2026-09-10,2027-03,jaoh7_7150p,put,71.5,4.23,2026-09-09,1,0.3660199523174336,3.974118813689529,-0.2558811863104715,4.02281273289883,-0.2071872671011707,4.932737257252634,0.7027372572526334
2026-09-10,2027-03,jaoh7_7250p,put,72.5,4.58,2026-09-09,1,0.3647503908680943,4.319708998841501,-0.2602910011584987,4.363775726215066,-0.2162242737849338,5.330780699544366,0.7507806995443662
2026-09-10,2027-03,jaoh7_7300p,put,73.0,4.77,2026-09-09,1,0.3642550131562252,4.502209095497798,-0.2677909045022018,4.542367406172851,-0.2276325938271481,5.53623332870424,0.7662333287042404
2026-09-10,2027-03,jaoh7_7400p,put,74.0,5.15,2026-09-09,1,0.3630318639807263,4.876915928840787,-0.2730840711592135,4.915986849830667,-0.234013150169333,5.960243851445226,0.8102438514452253
2026-09-10,2027-03,jaoh7_7450p,put,74.5,5.35,2026-09-09,1,0.3623080883426887,5.069122944798709,-0.2808770552012909,5.111083683819709,-0.2389163161802905,6.1788295874498855,0.8288295874498859
2026-09-10,2027-03,jaoh7_7500p,put,75.0,5.56,2026-09-09,1,0.3623198742493069,5.2810129212486165,-0.27898707875138307,5.311741564471549,-0.2482584355284505,6.40181612075166,0.8418161207516608
2026-09-10,2027-09,jaou7_6820c,call,68.2,10.84,2026-09-09,1,0.3065860403324387,10.664397102875641,-0.1756028971243584,10.693030360623188,-0.1469696393768114,13.411593914811183,2.5715939148111837
2026-09-10,2027-09,jaou7_6825c,call,68.25,10.81,2026-09-09,1,0.3063834779587983,10.63403343050923,-0.17596656949076994,10.664791856712462,-0.1452081432875385,13.38864804840741,2.578648048407409
2026-09-10,2027-09,jaou7_6860c,call,68.6,10.62,2026-09-09,1,0.3056889134627283,10.441412787005024,-0.17858721299497482,10.468575620390183,-0.151424379609816,13.228945367840428,2.6089453678404286
2026-09-10,2027-09,jaou7_6900c,call,69.0,10.4,2026-09-09,1,0.3046928529871991,10.218416733613681,-0.18158326638631905,10.247451093483088,-0.1525489065169125,13.048379187762244,2.648379187762244
2026-09-10,2027-09,jaou7_6905c,call,69.05,10.37,2026-09-09,1,0.30484554654983,10.198020691637772,-0.17197930836222675,10.220045303021749,-0.1499546969782503,13.02595500502312,2.65595500502312
2026-09-10,2027-09,jaou7_6930c,call,69.3,10.23,2026-09-09,1,0.3040704370275217,10.056148147335563,-0.1738518526644377,10.08380044683886,-0.1461995531611393,12.91432544423524,2.68432544423524
2026-09-10,2027-09,jaou7_7000c,call,70.0,9.86,2026-09-09,1,0.3029002346011489,9.690806175053089,-0.1691938249469107,9.70928322581778,-0.1507167741822197,12.60614080568396,2.746140805683961
2026-09-10,2027-09,jaou7_7110c,call,71.1,9.3,2026-09-09,1,0.300656797519732,9.12235171215896,-0.17764828784104125,9.141573621285325,-0.1584263787146778,12.135429293657095,2.8354292936570946
2026-09-10,2027-09,jaou7_7200c,call,72.0,8.85,2026-09-09,1,0.2989385261062314,8.675367744662976,-0.17463225533702342,8.696043977248458,-0.1539560227515419,11.76242218796656,2.912422187966561
2026-09-10,2027-09,jaou7_7335c,call,73.35,8.22,2026-09-09,1,0.296528355181421,8.034821313910028,-0.1851786860899729,8.059679971104329,-0.1603200288956721,11.222636129012056,3.002636129012055
2026-09-10,2027-09,jaou7_7400c,call,74.0,7.92,2026-09-09,1,0.2958190554231454,7.749751077534029,-0.17024892246597112,7.766874494243029,-0.1531255057569707,10.970858840082576,3.050858840082576
2026-09-10,2027-09,jaou7_7450c,call,74.5,7.7,2026-09-09,1,0.294932095186373,7.525832324605472,-0.1741676753945285,7.547607535763366,-0.1523924642366338,10.780540661052736,3.080540661052736
2026-09-10,2027-09,jaou7_7500c,call,75.0,7.49,2026-09-09,1,0.2942564415938531,7.311930159146988,-0.17806984085301192,7.333497300326645,-0.1565026996733554,10.593086586112875,3.103086586112875
2026-09-10,2027-09,jaou7_7542c,call,75.42,7.32,2026-09-09,1,0.2938043652041904,7.138668286320932,-0.18133171367906797,7.157604547677185,-0.1623954523228157,10.437971612437924,3.1179716124379238
2026-09-10,2027-09,jaou7_7550c,call,75.5,7.28,2026-09-09,1,0.293792288206397,7.108055317916205,-0.17194468208379554,7.124509070171112,-0.155490929828888,10.408649492524292,3.128649492524292
2026-09-10,2027-09,jaou7_7600c,call,76.0,7.08,2026-09-09,1,0.2931795071288052,6.904177160817296,-0.17582283918270392,6.920603770491836,-0.1593962295081636,10.226976289232704,3.146976289232704
2026-09-10,2027-09,jaou7_7610c,call,76.1,7.04,2026-09-09,1,0.2930392083583398,6.863400766170083,-0.1765992338299167,6.880428925831912,-0.1595710741680882,10.19098775425509,3.15098775425509
2026-09-10,2027-09,jaou7_7705c,call,77.05,6.67,2026-09-09,1,0.2921362138433017,6.496107401010824,-0.17389259898917597,6.508750114787976,-0.1612498852120243,9.85493027574451,3.184930275744509
2026-09-10,2027-09,jaou7_7710c,call,77.1,6.65,2026-09-09,1,0.2920360184098613,6.475717724936572,-0.17428227506342875,6.489684784654999,-0.1603152153450011,9.837519386939714,3.187519386939714
2026-09-10,2027-09,jaou7_7725c,call,77.25,6.59,2026-09-09,1,0.2920886197006062,6.424601402202261,-0.16539859779773902,6.432784423814972,-0.1572155761850275,9.78545842526612,3.19545842526612
2026-09-10,2027-09,jaou7_5800p,put,58.0,3.16,2026-09-09,1,0.3354654203279325,3.0482003108106053,-0.11179968918939487,3.07891516841603,-0.0810848315839702,4.65625386170978,1.4962538617097805
2026-09-10,2027-09,jaou7_5900p,put,59.0,3.4,2026-09-09,1,0.3322343566810344,3.281758548240836,-0.11824145175916412,3.307123820473807,-0.0928761795261929,5.012153069287213,1.612153069287213
2026-09-10,2027-09,jaou7_6000p,put,60.0,3.65,2026-09-09,1,0.3288832571288721,3.525121269920527,-0.1248787300794727,3.550664882419205,-0.0993351175807943,5.382799684470782,1.7327996844707818
2026-09-10,2027-09,jaou7_6200p,put,62.0,4.2,2026-09-09,1,0.3226921107510506,4.061071557424846,-0.13892844257515424,4.085986638060328,-0.1140133619396719,6.167860764350032,1.967860764350032
2026-09-10,2027-09,jaou7_6420p,put,64.2,4.88,2026-09-09,1,0.3167738129065085,4.734487856632223,-0.1455121433677773,4.753227683287783,-0.1267723167122172,7.10090129442155,2.22090129442155
2026-09-10,2027-09,jaou7_6500p,put,65.0,5.15,2026-09-09,1,0.3146760882622418,4.9982233374659,-0.15177666253410038,5.0171301091555165,-0.1328698908444838,7.457974708090491,2.307974708090491
2026-09-10,2027-09,jaou7_6750p,put,67.5,6.05,2026-09-09,1,0.3082334520679456,5.887935356961807,-0.16206464303819246,5.917732497818807,-0.1322675021811932,8.631298629202556,2.581298629202556
2026-09-10,2027-09,jaou7_6800p,put,68.0,6.25,2026-09-09,1,0.3071848639106861,6.083738183942587,-0.1662618160574132,6.111932438883367,-0.1380675611166326,8.876522038939118,2.626522038939118
2026-09-10,2027-09,jaou7_6900p,put,69.0,6.65,2026-09-09,1,0.3050013631397985,6.485262058546673,-0.16473794145332743,6.514638475940687,-0.1353615240593138,9.376927973123806,2.7269279731238054
2026-09-10,2027-09,jaou7_7000p,put,70.0,7.08,2026-09-09,1,0.3029525910098123,6.906668794205913,-0.17333120579408678,6.936548487520497,-0.143451512479503,9.89042526563781,2.810425265637811
2026-09-10,2027-09,jaou7_7400p,put,74.0,8.97,2026-09-09,1,0.2959800309669228,8.791614151150213,-0.17838584884978737,8.817404028454456,-0.1525959715455442,12.078085998405584,3.108085998405583
2026-09-10,2027-09,jaou7_7450p,put,74.5,9.23,2026-09-09,1,0.2955133091825465,9.05722687601124,-0.17277312398876,9.074171032350089,-0.1558289676499136,12.365635656671891,3.135635656671891
2026-09-10,2027-09,jaou7_7500p,put,75.0,9.49,2026-09-09,1,0.2948959895010241,9.3228363811273,-0.16716361887270104,9.335699749571216,-0.1543002504287844,12.65604941902818,3.1660494190281803
2026-09-10,2028-03,jaoh8_6151c,call,61.51,13.49,2026-09-09,1,0.2823640307708186,13.31702956987601,-0.17297043012399094,13.356714568251316,-0.1332854317486838,17.055130647897315,3.5651306478973144
2026-09-10,2028-03,jaoh8_6200c,call,62.0,13.19,2026-09-09,1,0.2810895830321246,13.014771817937199,-0.175228182062801,13.0516487601024,-0.1383512398975988,16.825486947454817,3.635486947454817
2026-09-10,2028-03,jaoh8_6420c,call,64.2,11.88,2026-09-09,1,0.2759224480437692,11.714121143464894,-0.16587885653510703,11.72970503451995,-0.1502949654800502,15.82832128444579,3.9483212844457896
2026-09-10,2028-03,jaoh8_6500c,call,65.0,11.42,2026-09-09,1,0.2737711698504966,11.250117249687277,-0.16988275031272337,11.268801875848544,-0.1511981241514561,15.479134732338176,4.059134732338176
2026-09-10,2028-03,jaoh8_6600c,call,66.0,10.86,2026-09-09,1,0.2714866436230047,10.694949810220667,-0.1650501897793326,10.70785902251582,-0.1521409774841799,15.052803744799476,4.192803744799477
2026-09-10,2028-03,jaoh8_6775c,call,67.75,9.91,2026-09-09,1,0.26738629910337,9.755636999111658,-0.15436300088834187,9.76744550881484,-0.1425544911851606,14.332428641653294,4.422428641653294
2026-09-10,2028-03,jaoh8_6875c,call,68.75,9.39,2026-09-09,1,0.2650707837988661,9.240167378537151,-0.14983262146284915,9.253933658217187,-0.1360663417828131,13.935324116070948,4.545324116070947
2026-09-10,2028-03,jaoh8_6890c,call,68.9,9.32,2026-09-09,1,0.264570144233558,9.159343216851742,-0.1606567831482586,9.17841531601715,-0.1415846839828507,13.876649385121826,4.556649385121826
2026-09-10,2028-03,jaoh8_7000c,call,70.0,8.77,2026-09-09,1,0.26205611115621,8.61319832738347,-0.15680167261652933,8.636685508148524,-0.1333144918514754,13.453638114793808,4.683638114793808
2026-09-10,2028-03,jaoh8_7110c,call,71.1,8.23,2026-09-09,1,0.2595888540813481,8.086954953672883,-0.14304504632711712,8.116253849642714,-0.1137461503572865,13.043331742762676,4.813331742762676
2026-09-10,2028-03,jaoh8_7275c,call,72.75,7.48,2026-09-09,1,0.2560451882826707,7.337446695941462,-0.14255330405853872,7.375572481174236,-0.1044275188257648,12.45004595212103,4.97004595212103
2026-09-10,2028-03,jaoh8_7340c,call,73.4,7.2,2026-09-09,1,0.2546475667762506,7.053662820369932,-0.1463371796300681,7.096923828409639,-0.1030761715903612,12.223619950788445,5.0236199507884445
2026-09-10,2028-03,jaoh8_7450c,call,74.5,6.74,2026-09-09,1,0.2525612940504297,6.597252181213589,-0.14274781878641107,6.642180971897114,-0.0978190281028865,11.849508744525677,5.109508744525677
2026-09-10,2028-03,jaoh8_7475c,call,74.75,6.64,2026-09-09,1,0.2520767169221228,6.495790925696134,-0.14420907430386531,6.541764262456288,-0.0982357375437112,11.766042100556067,5.126042100556068
2026-09-10,2028-03,jaoh8_7500c,call,75.0,6.55,2026-09-09,1,0.2518743936170052,6.404362881248921,-0.145637118751079,6.442429137249405,-0.1075708627505944,11.683102506106788,5.1331025061067885
2026-09-10,2028-03,jaoh8_7550c,call,75.5,6.35,2026-09-09,1,0.2510680113729723,6.211461889284851,-0.13853811071514865,6.24699278181956,-0.1030072181804397,11.51880898900437,5.16880898900437
2026-09-10,2028-03,jaoh8_7670c,call,76.7,5.92,2026-09-09,1,0.2497775377351009,5.784617983260829,-0.13538201673917083,5.795407880677228,-0.1245921193227719,11.133487361012646,5.213487361012646
2026-09-10,2028-03,jaoh8_7700c,call,77.0,5.82,2026-09-09,1,0.2495070297019556,5.682926349606675,-0.13707365039332498,5.686330859095534,-0.1336691409044661,11.039159496657852,5.219159496657852
2026-09-10,2028-03,jaoh8_7775c,call,77.75,5.57,2026-09-09,1,0.2486485814757746,5.428687651283106,-0.14131234871689458,5.420249495374921,-0.1497505046250795,10.806719060201118,5.236719060201118
2026-09-10,2028-03,jaoh8_5740p,put,57.4,3.83,2026-09-09,1,0.2916742303786507,3.6848828405906175,-0.14511715940938252,3.705274437788788,-0.1247255622112124,6.8459784472396645,3.0159784472396645
2026-09-10,2028-03,jaoh8_5900p,put,59.0,4.28,2026-09-09,1,0.2875107693729385,4.11578331210921,-0.16421668789079025,4.140653529087903,-0.1393464709120975,7.521327130929126,3.2413271309291254
2026-09-10,2028-03,jaoh8_6000p,put,60.0,4.57,2026-09-09,1,0.2852220667733304,4.409819421965986,-0.16018057803401398,4.430603673868015,-0.139396326131985,7.959390038987165,3.3893900389871643
2026-09-10,2028-03,jaoh8_6165p,put,61.65,5.09,2026-09-09,1,0.2812683188533159,4.919672862839651,-0.1703271371603492,4.939959544994254,-0.1500404550057457,8.708104266306888,3.618104266306888
2026-09-10,2028-03,jaoh8_6200p,put,62.0,5.2,2026-09-09,1,0.2806049527292306,5.037438860616337,-0.162561139383663,5.053057364715578,-0.1469426352844225,8.871029426658682,3.6710294266586816
2026-09-10,2028-03,jaoh8_6250p,put,62.5,5.37,2026-09-09,1,0.2791418503128438,5.194299716779525,-0.17570028322047548,5.217741109610899,-0.1522588903891009,9.106228262194298,3.736228262194298
2026-09-10,2028-03,jaoh8_6500p,put,65.0,6.24,2026-09-09,1,0.2734857550547847,6.077821678372724,-0.16217832162727586,6.09716837818812,-0.1428316218118803,10.324726400503874,4.0847264005038735
2026-09-10,2028-03,jaoh8_6600p,put,66.0,6.62,2026-09-09,1,0.2710407101397141,6.45102509195171,-0.1689749080482903,6.475598852049178,-0.1444011479508224,10.831745142619114,4.211745142619114
2026-09-10,2028-03,jaoh8_6750p,put,67.5,7.21,2026-09-09,1,0.2674530468905213,7.040596122697715,-0.169403877302285,7.072413925486013,-0.1375860745139867,11.612301597970816,4.402301597970816
2026-09-10,2028-03,jaoh8_7000p,put,70.0,8.27,2026-09-09,1,0.2619483004124174,8.112678263056559,-0.15732173694344098,8.14613636933668,-0.1238636306633189,12.965978431229225,4.695978431229225
2026-09-10,2028-03,jaoh8_7450p,put,74.5,10.46,2026-09-09,1,0.2528465152602269,10.30938881864067,-0.15061118135933071,10.331714842542947,-0.1282851574570518,15.561922844403837,5.101922844403836
2026-09-10,2028-09,jaou8_6151c,call,61.51,12.64,2026-09-09,1,0.2618716610022569,12.49326649303416,-0.1467335069658411,12.567777021179612,-0.0722229788203883,17.514466383803338,4.8744663838033375
2026-09-10,2028-09,jaou8_6500c,call,65.0,10.59,2026-09-09,1,0.2498636451118517,10.445546293607551,-0.14445370639244892,10.448620310760193,-0.1413796892398089,16.11122647969862,5.521226479698619
2026-09-10,2028-09,jaou8_6570c,call,65.7,10.2,2026-09-09,1,0.2474934366873525,10.053819715443865,-0.1461802845561344,10.055387987786016,-0.1446120122139831,15.843994127361997,5.643994127361998
2026-09-10,2028-09,jaou8_6600c,call,66.0,10.04,2026-09-09,1,0.2463373384754534,9.88307471664274,-0.15692528335725875,9.89020406357371,-0.1497959364262886,15.730919454348657,5.690919454348657
2026-09-10,2028-09,jaou8_6650c,call,66.5,9.76,2026-09-09,1,0.244727284738265,9.611781238889293,-0.14821876111070686,9.619386472130774,-0.1406135278692257,15.544334375569504,5.784334375569504
2026-09-10,2028-09,jaou8_6775c,call,67.75,9.1,2026-09-09,1,0.2410050645932211,8.95840752533789,-0.14159247466210978,8.967068606461671,-0.1329313935383282,15.08791731038576,5.987917310385761
2026-09-10,2028-09,jaou8_7000c,call,70.0,8.0,2026-09-09,1,0.2347504902925095,7.851932076154046,-0.1480679238459537,7.882607471899655,-0.1173925281003454,14.30082030237894,6.30082030237894
2026-09-10,2028-09,jaou8_7110c,call,71.1,7.51,2026-09-09,1,0.2323019389947944,7.358602052133124,-0.15139794786687588,7.394417652066036,-0.1155823479339632,13.931550322968226,6.421550322968226
2026-09-10,2028-09,jaou8_7275c,call,72.75,6.82,2026-09-09,1,0.2295285218167826,6.683494032251552,-0.13650596774844814,6.713251374715384,-0.1067486252846166,13.395692683108232,6.575692683108231
2026-09-10,2028-09,jaou8_7340c,call,73.4,6.56,2026-09-09,1,0.2285208697409382,6.43146088800398,-0.12853911199601953,6.461504403766743,-0.0984955962332563,13.190312258377975,6.630312258377976
2026-09-10,2028-09,jaou8_7450c,call,74.5,6.16,2026-09-09,1,0.2270738928465337,6.02801510243435,-0.13198489756565035,6.056395631519892,-0.1036043684801084,12.850061376093056,6.690061376093055
2026-09-10,2028-09,jaou8_7500c,call,75.0,5.98,2026-09-09,1,0.2265889966380785,5.8564570038857315,-0.12354299611426889,5.880804904541891,-0.0991950954581097,12.698485683007224,6.718485683007224
2026-09-10,2028-09,jaou8_7560c,call,75.6,5.78,2026-09-09,1,0.225988688289426,5.654589495299033,-0.12541050470096682,5.677017575514319,-0.1029824244856811,12.519092980726048,6.739092980726048
2026-09-10,2028-09,jaou8_7670c,call,76.7,5.43,2026-09-09,1,0.2252810333335776,5.31121427274638,-0.11878572725361991,5.322603307176324,-0.1073966928236753,12.197112326259385,6.767112326259385
2026-09-10,2028-09,jaou8_7925c,call,79.25,4.72,2026-09-09,1,0.2244203648723359,4.603647238614949,-0.11635276138505102,4.592074275893186,-0.1279257241068139,11.483530039869244,6.763530039869244
2026-09-10,2028-09,jaou8_8000c,call,80.0,4.53,2026-09-09,1,0.2244770848831709,4.42152583252436,-0.10847416747564065,4.400083303115764,-0.1299166968842362,11.281927430471798,6.751927430471798
2026-09-10,2028-09,jaou8_5000p,put,50.0,2.91,2026-09-09,1,0.2957465882126462,2.8194376679135544,-0.09056233208644571,2.860832061958348,-0.049167938041652,5.709910256077527,2.799910256077527
2026-09-10,2028-09,jaou8_5500p,put,55.0,4.04,2026-09-09,1,0.280739700217348,3.922526506253906,-0.11747349374609417,3.923833024032646,-0.1161669759673538,7.688371461684906,3.6483714616849054
2026-09-10,2028-09,jaou8_5700p,put,57.0,4.55,2026-09-09,1,0.2747844701859204,4.434962594764075,-0.11503740523592487,4.425462260232093,-0.1245377397679066,8.558423941433235,4.008423941433235
2026-09-10,2028-09,jaou8_5740p,put,57.4,4.66,2026-09-09,1,0.2736233484717665,4.543390245090254,-0.11660975490974579,4.531426731026425,-0.1285732689735752,8.737586910341262,4.077586910341262
2026-09-10,2028-09,jaou8_6165p,put,61.65,5.91,2026-09-09,1,0.2603019118554378,5.7757156247395605,-0.13428437526043968,5.780489575454932,-0.1295104245450682,10.742701441883511,4.832701441883511
2026-09-10,2028-09,jaou8_6200p,put,62.0,6.02,2026-09-09,1,0.2591361635517096,5.884176812807345,-0.13582318719265452,5.893809417175158,-0.1261905828248419,10.91583881760591,4.8958388176059096
2026-09-10,2028-09,jaou8_6250p,put,62.5,6.18,2026-09-09,1,0.2574822644314465,6.041951889373998,-0.13804811062600209,6.058563668866226,-0.1214363311337738,11.165242585870171,4.985242585870171
2026-09-10,2028-09,jaou8_6500p,put,65.0,7.03,2026-09-09,1,0.2493525797162299,6.880372913749838,-0.1496270862501623,6.934132082357227,-0.0958679176427734,12.448342932003252,5.418342932003252
2026-09-10,2028-09,jaou8_6750p,put,67.5,7.96,2026-09-09,1,0.2415289075841498,7.80805931056486,-0.15194068943513983,7.899000926692698,-0.0609990733073022,13.79155505666372,5.83155505666372
2026-09-10,2028-09,jaou8_7000p,put,70.0,9.02,2026-09-09,1,0.2349916151345434,8.865050164630237,-0.15494983536976292,8.956705829203122,-0.0632941707968779,15.190665042634937,6.170665042634937
2026-09-10,2028-09,jaou8_7450p,put,74.5,11.3,2026-09-09,1,0.2279403535536331,11.16070000735455,-0.13929999264545145,11.10277183419512,-0.19722816580488,17.83736157550528,6.53736157550528
2026-09-11,2027-03,jaoh7_7900c,call,79.0,8.34,2026-09-10,1,0.3769830362007924,8.44094160462484,0.1009416046248397,8.43787690978589,0.0978769097858904,9.299583730309706,0.9595837303097065
2026-09-11,2027-03,jaoh7_8000c,call,80.0,7.9,2026-09-10,1,0.3768765398340201,8.00026893251642,0.10026893251641944,8.000141542866698,0.100141542866698,8.866132094526318,0.9661320945263174
2026-09-11,2027-03,jaoh7_8025c,call,80.25,7.8,2026-09-10,1,0.376947630015981,7.8950722992893585,0.09507229928935867,7.894120744295989,0.0941207442959894,8.760257881212423,0.9602578812124234
2026-09-11,2027-03,jaoh7_8045c,call,80.45,7.71,2026-09-10,1,0.376875803144355,7.808939088650987,0.09893908865098666,7.810277348956935,0.1002773489569346,8.676290692055625,0.9662906920556252
2026-09-11,2027-03,jaoh7_8075c,call,80.75,7.59,2026-09-10,1,0.3769341617375437,7.684695339400621,0.09469533940062114,7.686125362287827,0.096125362287827,8.551583167661702,0.9615831676617024
2026-09-11,2027-03,jaoh7_8100c,call,81.0,7.49,2026-09-10,1,0.3768505736814886,7.579517580250832,0.08951758025083212,7.584135539066513,0.0941355390665128,8.44878809942679,0.9587880994267906
2026-09-11,2027-03,jaoh7_8102c,call,81.02,7.48,2026-09-10,1,0.3767871604458104,7.569917645423091,0.08991764542309078,7.576033829837721,0.0960338298377205,8.440603503910145,0.9606035039101446
2026-09-11,2027-03,jaoh7_8125c,call,81.25,7.39,2026-09-10,1,0.3767163299514907,7.474348657798707,0.08434865779870737,7.483473694793193,0.0934736947931931,8.346887087519644,0.956887087519644
2026-09-11,2027-03,jaoh7_8150c,call,81.5,7.29,2026-09-10,1,0.3769852109006907,7.379062730967285,0.08906273096728512,7.384131562719195,0.0941315627191947,8.245887898485782,0.9558878984857816
2026-09-11,2027-03,jaoh7_8185c,call,81.85,7.15,2026-09-10,1,0.3768235903146953,7.2357975256047595,0.08579752560475917,7.247253446194937,0.0972534461949363,8.106139867069245,0.9561398670692453
2026-09-11,2027-03,jaoh7_8342c,call,83.42,6.57,2026-09-10,1,0.3777502611926174,6.655216022622637,0.08521602262263706,6.664215965757654,0.0942159657576535,7.502961356947389,0.9329613569473888
2026-09-11,2027-03,jaoh7_8455c,call,84.55,6.18,2026-09-10,1,0.3781021074784746,6.2561419981811515,0.07614199818115175,6.274945991096981,0.0949459910969814,7.092060978405025,0.9120609784050248
2026-09-11,2027-03,jaoh7_8500c,call,85.0,6.04,2026-09-10,1,0.3783039609667701,6.104355794930057,0.06435579493005683,6.126757038212857,0.0867570382128573,6.933990165155526,0.8939901651555262
2026-09-11,2027-03,jaoh7_8525c,call,85.25,5.96,2026-09-10,1,0.3787540972227783,6.028736384628182,0.0687363846281821,6.046073925652176,0.086073925652176,6.8474329975081805,0.8874329975081805
2026-09-11,2027-03,jaoh7_8575c,call,85.75,5.8,2026-09-10,1,0.3790659079360124,5.867705794056367,0.06770579405636745,5.888177382456842,0.0881773824568421,6.676960081903439,0.8769600819034391
2026-09-11,2027-03,jaoh7_8635c,call,86.35,5.62,2026-09-10,1,0.3793847695846281,5.678390135036024,0.058390135036024304,5.704700808255072,0.0847008082550715,6.476910293863404,0.8569102938634039
2026-09-11,2027-03,jaoh7_8675c,call,86.75,5.5,2026-09-10,1,0.3800632484358975,5.56519915283559,0.06519915283559019,5.585945751146586,0.0859457511465864,6.346433283738703,0.846433283738703
2026-09-11,2027-03,jaoh7_8700c,call,87.0,5.43,2026-09-10,1,0.3802031794347262,5.489573446864032,0.05957344686403232,5.513146086286238,0.0831460862862378,6.266022492726553,0.8360224927265536
2026-09-11,2027-03,jaoh7_8705c,call,87.05,5.41,2026-09-10,1,0.3800432555846932,5.4705481300654615,0.060548130065461336,5.498716131703526,0.0887161317035261,6.250039463010558,0.8400394630105579
2026-09-11,2027-03,jaoh7_6800p,put,68.0,3.3,2026-09-10,1,0.385178013734088,3.3705627957557347,0.07056279575573488,3.3459409201812704,0.0459409201812706,3.909142066761689,0.6091420667616894
2026-09-11,2027-03,jaoh7_6900p,put,69.0,3.59,2026-09-10,1,0.3837945555464174,3.6767396079617,0.08673960796170022,3.646061466958244,0.0560614669582442,4.259874015791686,0.6698740157916863
2026-09-11,2027-03,jaoh7_7000p,put,70.0,3.9,2026-09-10,1,0.3820079122920003,3.993323282866081,0.09332328286608105,3.9664776698805184,0.0664776698805185,4.629263280301948,0.7292632803019479
2026-09-11,2027-03,jaoh7_7100p,put,71.0,4.24,2026-09-10,1,0.3803846598553687,4.330452909435055,0.09045290943505435,4.307625623209239,0.0676256232092384,5.016762273763412,0.7767622737634117
2026-09-11,2027-03,jaoh7_7150p,put,71.5,4.42,2026-09-10,1,0.379758587096251,4.509233817525165,0.08923381752516502,4.486088688229157,0.0660886882291569,5.217243483712108,0.7972434837121085
2026-09-11,2027-03,jaoh7_7250p,put,72.5,4.78,2026-09-10,1,0.3783235234921015,4.8770769168978445,0.09707691689784426,4.858977515642079,0.0789775156420784,5.631228691670298,0.8512286916702978
2026-09-11,2027-03,jaoh7_7300p,put,73.0,4.98,2026-09-10,1,0.3780303210915244,5.0762139283250285,0.09621392832502806,5.053461364572728,0.0734613645727275,5.844895362691807,0.864895362691807
2026-09-11,2027-03,jaoh7_7400p,put,74.0,5.38,2026-09-10,1,0.3767336023183564,5.474639238219471,0.09463923821947073,5.458613371664203,0.0786133716642032,6.285569937777243,0.9055699377772432
2026-09-11,2027-03,jaoh7_7450p,put,74.5,5.59,2026-09-10,1,0.3762408133900478,5.68399039502368,0.09399039502368023,5.669307752092023,0.0793077520920233,6.512644123832266,0.9226441238322662
2026-09-11,2027-03,jaoh7_7500p,put,75.0,5.8,2026-09-10,1,0.3760100221376034,5.903426365023579,0.10342636502357916,5.885423038646231,0.0854230386462306,6.744197692372627,0.9441976923726269
2026-09-11,2027-03,jaoh7_7690p,put,76.9,6.67,2026-09-10,1,0.3745942573014137,6.769724093451943,0.09972409345194322,6.756035097187937,0.0860350971879366,7.663474150028818,0.9934741500288178
2026-09-11,2027-09,jaou7_6820c,call,68.2,10.8,2026-09-10,1,0.3133490785605342,10.799343596263137,-0.0006564037368637088,10.79777451310704,-0.0022254868929607,13.362681665708031,2.5626816657080305
2026-09-11,2027-09,jaou7_6825c,call,68.25,10.77,2026-09-10,1,0.3131546999784181,10.769389973527678,-0.0006100264723212234,10.76970309148372,-0.0002969085162796,13.339761120511575,2.569761120511576
2026-09-11,2027-09,jaou7_6860c,call,68.6,10.57,2026-09-10,1,0.3125204723130312,10.579680074753545,0.009680074753545043,10.574642629690851,0.0046426296908528,13.18023699396088,2.6102369939608803
2026-09-11,2027-09,jaou7_6900c,call,69.0,10.36,2026-09-10,1,0.3115946056776272,10.360025238397073,2.5238397073579222e-05,10.354808619679371,-0.0051913803206264,12.999876932923923,2.639876932923924
2026-09-11,2027-09,jaou7_6905c,call,69.05,10.33,2026-09-10,1,0.3113771702862367,10.330073886220958,7.38862209583857e-05,10.327561807981835,-0.0024381920181628,12.977478635541608,2.647478635541608
2026-09-11,2027-09,jaou7_6930c,call,69.3,10.19,2026-09-10,1,0.3106481244513164,10.190299725997724,0.0002997259977242095,10.192103894469575,0.0021038944695757,12.86597945742622,2.675979457426221
2026-09-11,2027-09,jaou7_7000c,call,70.0,9.82,2026-09-10,1,0.3092384828562561,9.820907018147402,0.0009070181474015726,9.819717608817417,-0.0002823911825853,12.558171920255797,2.7381719202557964
2026-09-11,2027-09,jaou7_7110c,call,71.1,9.26,2026-09-10,1,0.307223174783049,9.261871778910246,0.0018717789102460358,9.255129345419933,-0.0048706545800669,12.088080142164486,2.8280801421644863
2026-09-11,2027-09,jaou7_7200c,call,72.0,8.82,2026-09-10,1,0.3053356504804437,8.812693248598004,-0.007306751401996436,8.811934769376947,-0.0080652306230533,11.71558769939756,2.8955876993975598
2026-09-11,2027-09,jaou7_7335c,call,73.35,8.19,2026-09-10,1,0.3032434171855796,8.183910949792995,-0.006089050207004121,8.178683392195968,-0.0113166078040318,11.176583975064853,2.9865839750648533
2026-09-11,2027-09,jaou7_7400c,call,74.0,7.9,2026-09-10,1,0.3019713888408773,7.884524759454767,-0.015475240545232971,7.887203750228042,-0.0127962497719584,10.92518429107738,3.0251842910773803
2026-09-11,2027-09,jaou7_7450c,call,74.5,7.68,2026-09-10,1,0.3012131652856886,7.664987748939226,-0.01501225106077353,7.66887854755802,-0.01112145244198,10.735150522692628,3.055150522692628
2026-09-11,2027-09,jaou7_7500c,call,75.0,7.47,2026-09-10,1,0.3006685984716807,7.4554402910533435,-0.014559708946656258,7.455641485955811,-0.014358514044189,10.54799213325021,3.07799213325021
2026-09-11,2027-09,jaou7_7542c,call,75.42,7.29,2026-09-10,1,0.3003284309197178,7.285814808783231,-0.004185191216769191,7.280428903593439,-0.0095710964065611,10.393126162299268,3.103126162299268
2026-09-11,2027-09,jaou7_7550c,call,75.5,7.26,2026-09-10,1,0.2999778580692313,7.245905543598425,-0.014094456401574362,7.247457450942549,-0.0125425490574508,10.363848806420114,3.103848806420114
2026-09-11,2027-09,jaou7_7600c,call,76.0,7.06,2026-09-10,1,0.2995017407707324,7.04635916737949,-0.013640832620509968,7.0442871533558655,-0.015712846644134,10.182472067534174,3.122472067534175
2026-09-11,2027-09,jaou7_7610c,call,76.1,7.02,2026-09-10,1,0.299389181582085,7.006451369043357,-0.013548630956642604,7.004250999778364,-0.0157490002216356,10.146544272206352,3.126544272206353
2026-09-11,2027-09,jaou7_7705c,call,77.05,6.65,2026-09-10,1,0.2983935924491451,6.637326799133053,-0.012673200866947454,6.633751840454331,-0.0162481595456691,9.811064904942246,3.161064904942245
2026-09-11,2027-09,jaou7_7710c,call,77.1,6.63,2026-09-10,1,0.2983080000567057,6.617375459605276,-0.01262454039472427,6.614741702615902,-0.015258297384098,9.793684932582437,3.163684932582437
2026-09-11,2027-09,jaou7_7725c,call,77.25,6.58,2026-09-10,1,0.2980426843581099,6.5575222265841715,-0.022477773415828572,6.558002798258165,-0.0219972017418355,9.741717706398717,3.1617177063987167
2026-09-11,2027-09,jaou7_5800p,put,58.0,3.15,2026-09-10,1,0.3412121608208953,3.1561009638158932,0.006100963815893312,3.1584906400884183,0.0084906400884183,4.646879976413,1.4968799764130003
2026-09-11,2027-09,jaou7_5900p,put,59.0,3.39,2026-09-10,1,0.3380858112279429,3.396159825975019,0.006159825975018851,3.3932135456707933,0.0032135456707931,5.002556437118076,1.612556437118076
2026-09-11,2027-09,jaou7_6000p,put,60.0,3.65,2026-09-10,1,0.3348463744512288,3.6462462011288235,-0.003753798871176439,3.643172041018961,-0.0068279589810393,5.372997425878451,1.7229974258784515
2026-09-11,2027-09,jaou7_6200p,put,62.0,4.2,2026-09-10,1,0.328905285107282,4.196472089858313,-0.003527910141687407,4.190866478125601,-0.009133521874399,6.1576978666293085,1.9576978666293083
2026-09-11,2027-09,jaou7_6420p,put,64.2,4.88,2026-09-10,1,0.3228867956921935,4.876816179975847,-0.003183820024152517,4.87066030631458,-0.0093396936854199,7.0904249818494645,2.210424981849465
2026-09-11,2027-09,jaou7_6500p,put,65.0,5.15,2026-09-10,1,0.3209248668217023,5.146962190875329,-0.0030378091246712202,5.1387690000876285,-0.0112309999123718,7.447398996226772,2.297398996226772
2026-09-11,2027-09,jaou7_6750p,put,67.5,6.05,2026-09-10,1,0.3145549478035046,6.04753382185562,-0.0024661781443802155,6.050995191685304,0.0009951916853045,8.620488252934878,2.5704882529348785
2026-09-11,2027-09,jaou7_6800p,put,68.0,6.25,2026-09-10,1,0.31361071575677,6.247651030862502,-0.002348969137497825,6.247211361338695,-0.0027886386613049,8.865672454090923,2.615672454090923
2026-09-11,2027-09,jaou7_6900p,put,69.0,6.65,2026-09-10,1,0.311262845291902,6.647925940743917,-0.0020740592560830606,6.653612137241423,0.0036121372414221,9.366006687648246,2.716006687648246
2026-09-11,2027-09,jaou7_7000p,put,70.0,7.08,2026-09-10,1,0.3094458478070159,7.078196497390898,-0.0018035026091016704,7.0787467617465705,-0.0012532382534296,9.879454260912086,2.7994542609120856
2026-09-11,2027-09,jaou7_7400p,put,74.0,8.98,2026-09-10,1,0.3024265436366435,8.96946418273363,-0.010535817266370984,8.967481969598474,-0.0125180304015266,12.06707697546154,3.087076975461539
2026-09-11,2027-09,jaou7_7450p,put,74.5,9.24,2026-09-10,1,0.301744285581945,9.22963013104642,-0.010369868953580053,9.22465367273025,-0.01534632726975,12.35461950004277,3.114619500042769
2026-09-11,2027-09,jaou7_7500p,put,75.0,9.5,2026-09-10,1,0.3009155396167682,9.489809157583373,-0.010190842416626822,9.486458200089338,-0.0135417999106621,12.645037403566333,3.1450374035663327
2026-09-11,2028-03,jaoh8_6151c,call,61.51,13.51,2026-09-10,1,0.2886760356097735,13.469922147061533,-0.04007785293846666,13.485694037134325,-0.0243059628656769,17.024664247479397,3.5146642474793968
2026-09-11,2028-03,jaoh8_6200c,call,62.0,13.21,2026-09-10,1,0.2874069627675625,13.170153253361827,-0.039846746638174224,13.179341622964303,-0.0306583770356958,16.79512617005496,3.5851261700549597
2026-09-11,2028-03,jaoh8_6420c,call,64.2,11.91,2026-09-10,1,0.2816188137233983,11.861197665283541,-0.04880233471645923,11.851857254955814,-0.0581427450441864,15.79844855582812,3.88844855582812
2026-09-11,2028-03,jaoh8_6500c,call,65.0,11.45,2026-09-10,1,0.2795164097654973,11.40157852993816,-0.0484214700618395,11.38905852505784,-0.0609414749421599,15.44944118849567,3.999441188495672
2026-09-11,2028-03,jaoh8_6600c,call,66.0,10.89,2026-09-10,1,0.2769722120850889,10.842051117513773,-0.04794888248622797,10.825854112753015,-0.0641458872469833,15.02333380334016,4.133333803340159
2026-09-11,2028-03,jaoh8_6775c,call,67.75,9.95,2026-09-10,1,0.2723866565420725,9.892889475762184,-0.057110524237815596,9.881808427841625,-0.0681915721583745,14.303365933470731,4.353365933470732
2026-09-11,2028-03,jaoh8_6875c,call,68.75,9.43,2026-09-10,1,0.2698668226288692,9.373365241938508,-0.05663475806149165,9.366425463840232,-0.0635745361597663,13.90649794235138,4.476497942351381
2026-09-11,2028-03,jaoh8_6890c,call,68.9,9.35,2026-09-10,1,0.2697043619742438,9.303424328251877,-0.046575671748122716,9.29063998530412,-0.0593600146958799,13.84785899636523,4.497858996365231
2026-09-11,2028-03,jaoh8_7000c,call,70.0,8.8,2026-09-10,1,0.2670149490431174,8.753945227790183,-0.046054772209817685,8.747062157473461,-0.0529378425265392,13.425105802371872,4.625105802371872
2026-09-11,2028-03,jaoh8_7110c,call,71.1,8.27,2026-09-10,1,0.2640764809687759,8.214482968551291,-0.055517031448708565,8.224981518776703,-0.0450184812232965,13.015066203310296,4.745066203310296
2026-09-11,2028-03,jaoh8_7275c,call,72.75,7.52,2026-09-10,1,0.2604846629961713,7.4652456399328795,-0.05475436006712009,7.482203660450444,-0.0377963395495557,12.422193580299478,4.902193580299478
2026-09-11,2028-03,jaoh8_7340c,call,73.4,7.24,2026-09-10,1,0.2591987440760193,7.185539476260141,-0.05446052373985921,7.202851919891189,-0.0371480801088113,12.195930557877556,4.955930557877556
2026-09-11,2028-03,jaoh8_7450c,call,74.5,6.78,2026-09-10,1,0.2569995722265836,6.726039196854731,-0.05396080314526941,6.747072379104572,-0.0329276208954283,11.822097135509733,5.042097135509732
2026-09-11,2028-03,jaoh8_7475c,call,74.75,6.68,2026-09-10,1,0.2565617009346521,6.6261492069363035,-0.05385079306369622,6.646446145223724,-0.0335538547762759,11.738695610159697,5.058695610159697
2026-09-11,2028-03,jaoh8_7500c,call,75.0,6.59,2026-09-10,1,0.2564055872637292,6.5362422561191,-0.053757743880900044,6.546910885484812,-0.0430891145151877,11.655821785855755,5.065821785855755
2026-09-11,2028-03,jaoh8_7550c,call,75.5,6.39,2026-09-10,1,0.255383519878579,6.336471273401125,-0.05352872659887442,6.351101847490978,-0.0388981525090219,11.4916607113198,5.101660711319801
2026-09-11,2028-03,jaoh8_7670c,call,76.7,5.96,2026-09-10,1,0.2540151245267961,5.906955388826127,-0.05304461117387316,5.898765617071075,-0.0612343829289248,11.106651517156068,5.1466515171560685
2026-09-11,2028-03,jaoh8_7700c,call,77.0,5.85,2026-09-10,1,0.2538045239522806,5.807068320578092,-0.042931679421907454,5.7895305868894,-0.0604694131105993,11.012402697731437,5.162402697731437
2026-09-11,2028-03,jaoh8_7775c,call,77.75,5.61,2026-09-10,1,0.2531004437710953,5.557361232150287,-0.05263876784971355,5.523102582331838,-0.0868974176681627,10.78015896162392,5.17015896162392
2026-09-11,2028-03,jaoh8_5740p,put,57.4,3.87,2026-09-10,1,0.2976564757433492,3.8197468616671166,-0.050253138332883474,3.827189778673187,-0.0428102213268131,6.826282654378224,2.9562826543782235
2026-09-11,2028-03,jaoh8_5900p,put,59.0,4.31,2026-09-10,1,0.2939410379432305,4.269059916624531,-0.040940083375468284,4.266987328649391,-0.0430126713506089,7.500537905311475,3.1905379053114755
2026-09-11,2028-03,jaoh8_6000p,put,60.0,4.61,2026-09-10,1,0.2913122234708504,4.5586452855308135,-0.051354714469186824,4.55910501690566,-0.0508949830943405,7.937920068133399,3.3279200681333982
2026-09-11,2028-03,jaoh8_6165p,put,61.65,5.12,2026-09-10,1,0.2874641214405396,5.0779340076308745,-0.04206599236912556,5.070970200226212,-0.0490297997737885,8.685515611632402,3.565515611632402
2026-09-11,2028-03,jaoh8_6200p,put,62.0,5.24,2026-09-10,1,0.2864672266694812,5.187792894121881,-0.05220710587811883,5.18442308278508,-0.0555769172149203,8.84820498870086,3.608204988700861
2026-09-11,2028-03,jaoh8_6250p,put,62.5,5.4,2026-09-10,1,0.2854028338830895,5.357571779756421,-0.04242822024357906,5.349503786469882,-0.0504962135301187,9.083068440994008,3.683068440994008
2026-09-11,2028-03,jaoh8_6500p,put,65.0,6.28,2026-09-10,1,0.2789706818104673,6.226529490567695,-0.053470509432305136,6.228926163410859,-0.0510738365891416,10.299901132985804,4.019901132985804
2026-09-11,2028-03,jaoh8_6600p,put,66.0,6.65,2026-09-10,1,0.2766568059342649,6.606099995817307,-0.04390000418269313,6.606411812005434,-0.0435881879945663,10.806254123111705,4.1562541231117045
2026-09-11,2028-03,jaoh8_6750p,put,67.5,7.24,2026-09-10,1,0.2729586849951206,7.195471184174047,-0.04452881582595314,7.200797656453598,-0.0392023435464023,11.585825819401116,4.345825819401116
2026-09-11,2028-03,jaoh8_7000p,put,70.0,8.3,2026-09-10,1,0.2669235371357436,8.25442422576121,-0.04557577423878989,8.267832720377351,-0.0321672796226497,12.93786762326906,4.637867623269059
2026-09-11,2028-03,jaoh8_7450p,put,74.5,10.5,2026-09-10,1,0.2575292326536859,10.442478926504492,-0.057521073495507835,10.433813376988942,-0.0661866230110579,15.530930645173267,5.030930645173267
2026-09-11,2028-09,jaou8_6151c,call,61.51,12.55,2026-09-10,1,0.2665423256483522,12.594982681306606,0.04498268130660499,12.6313217931979,0.0813217931978993,17.45556181447894,4.90556181447894
2026-09-11,2028-09,jaou8_6500c,call,65.0,10.51,2026-09-10,1,0.2541860493204775,10.549359037075039,0.03935903707503918,10.524186725934012,0.014186725934012,16.054726419174823,5.544726419174824
2026-09-11,2028-09,jaou8_6570c,call,65.7,10.12,2026-09-10,1,0.2518242675177786,10.160242434917903,0.04024243491790358,10.13294088464822,0.0129408846482199,15.787977011504562,5.667977011504563
2026-09-11,2028-09,jaou8_6600c,call,66.0,9.95,2026-09-10,1,0.2509679778484902,10.00061140820349,0.05061140820349053,9.968560035990604,0.0185600359906032,15.675107337408171,5.725107337408172
2026-09-11,2028-09,jaou8_6650c,call,66.5,9.68,2026-09-10,1,0.249073512271914,9.721260521308269,0.04126052130826885,9.69901472799864,0.0190147279986394,15.488862738265745,5.808862738265745
2026-09-11,2028-09,jaou8_6775c,call,67.75,9.02,2026-09-10,1,0.2451003906487115,9.062837442228828,0.04283744222882824,9.04950393704159,0.029503937041591,15.033290113034324,6.013290113034325
2026-09-11,2028-09,jaou8_7000c,call,70.0,7.92,2026-09-10,1,0.2389602949350908,7.96561705310277,0.0456170531027702,7.968690474509103,0.0486904745091028,14.247693329284564,6.327693329284564
2026-09-11,2028-09,jaou8_7110c,call,71.1,7.43,2026-09-10,1,0.2365862177307251,7.476927026135055,0.04692702613505517,7.481609864401851,0.0516098644018514,13.879141086028376,6.449141086028376
2026-09-11,2028-09,jaou8_7275c,call,72.75,6.74,2026-09-10,1,0.233381649182365,6.788853981105499,0.048853981105498434,6.801282145730728,0.0612821457307282,13.344350043579302,6.604350043579302
2026-09-11,2028-09,jaou8_7340c,call,73.4,6.49,2026-09-10,1,0.232150870563054,6.529606340644934,0.039606340644933624,6.549600124385201,0.0596001243852004,13.13938324949138,6.649383249491379
2026-09-11,2028-09,jaou8_7450c,call,74.5,6.09,2026-09-10,1,0.2308111075521596,6.13080339845301,0.04080339845301051,6.144273135744954,0.0542731357449541,12.799842494011234,6.709842494011234
2026-09-11,2028-09,jaou8_7500c,call,75.0,5.91,2026-09-10,1,0.2300940383053464,5.951353329029724,0.04135332902972344,5.968451721949863,0.0584517219498632,12.64859008722551,6.738590087225511
2026-09-11,2028-09,jaou8_7560c,call,75.6,5.71,2026-09-10,1,0.2295571705010444,5.751978392984119,0.04197839298411932,5.764283601428005,0.054283601428005,12.46958334357534,6.759583343575341
2026-09-11,2028-09,jaou8_7670c,call,76.7,5.36,2026-09-10,1,0.2286846817299616,5.403099924774285,0.04309992477428448,5.408891128682837,0.048891128682837,12.148298001961487,6.788298001961487
2026-09-11,2028-09,jaou8_7925c,call,79.25,4.65,2026-09-10,1,0.2278333764928607,4.695503058776259,0.0455030587762586,4.67485732964724,0.02485732964724,11.436301541864868,6.786301541864868
2026-09-11,2028-09,jaou8_8000c,call,80.0,4.47,2026-09-10,1,0.2276865740890528,4.506175668816083,0.03617566881608347,4.481553300417595,0.0115533004175949,11.235149447309375,6.765149447309375
2026-09-11,2028-09,jaou8_5000p,put,50.0,2.88,2026-09-10,1,0.2998435884791701,2.907245883163295,0.027245883163295126,2.9311272724881405,0.0511272724881406,5.69892042077784,2.8189204207778404
2026-09-11,2028-09,jaou8_5500p,put,55.0,3.99,2026-09-10,1,0.2851749894810719,4.037058479704651,0.047058479704650935,4.013147169652338,0.0231471696523382,7.675088838900532,3.685088838900532
2026-09-11,2028-09,jaou8_5700p,put,57.0,4.51,2026-09-10,1,0.2788753087000135,4.547050449869827,0.03705044986982742,4.521630597397699,0.0116305973976995,8.544199818734654,4.034199818734654
2026-09-11,2028-09,jaou8_5740p,put,57.4,4.62,2026-09-10,1,0.2777238441453625,4.657047195850609,0.037047195850608894,4.628893194444924,0.0088931944449237,8.723172709103538,4.103172709103538
2026-09-11,2028-09,jaou8_6165p,put,61.65,5.87,2026-09-10,1,0.2645652204651519,5.90713363403314,0.03713363403313963,5.889874835624506,0.0198748356245062,10.726237246475174,4.856237246475174
2026-09-11,2028-09,jaou8_6200p,put,62.0,5.98,2026-09-10,1,0.2634179569007638,6.017150712409954,0.03715071240995371,6.004001621561459,0.0240016215614584,10.89920333166198,4.919203331661979
2026-09-11,2028-09,jaou8_6250p,put,62.5,6.14,2026-09-10,1,0.2617919808482158,6.177176109997222,0.03717610999722254,6.1698569864367885,0.0298569864367888,11.148362199532984,5.008362199532985
2026-09-11,2028-09,jaou8_6500p,put,65.0,6.98,2026-09-10,1,0.2538297451672061,7.0273223191041225,0.0473223191041221,7.049961723694127,0.0699617236941261,12.430235310650776,5.450235310650776
2026-09-11,2028-09,jaou8_6750p,put,67.5,7.91,2026-09-10,1,0.2459345539195291,7.9575091135573395,0.04750911355733933,8.017613481269665,0.1076134812696647,13.77220488899267,5.86220488899267
2026-09-11,2028-09,jaou8_7000p,put,70.0,8.97,2026-09-10,1,0.2393972468277283,9.017623771858386,0.047623771858384956,9.07620241399998,0.1062024139999806,15.17003312981387,6.200033129813869
2026-09-11,2028-09,jaou8_7450p,put,74.5,11.25,2026-09-10,1,0.2318841728316945,11.297437230138076,0.0474372301380761,11.218856224822527,-0.0311437751774725,17.814330112688552,6.564330112688552
2026-09-14,2027-03,jaoh7_7900c,call,79.0,8.59,2026-09-11,3,0.3722928486276009,8.56276278467319,-0.027237215326810116,8.56174412841884,-0.0282558715811607,9.515465407707245,0.9254654077072448
2026-09-14,2027-03,jaoh7_8000c,call,80.0,8.13,2026-09-11,3,0.3722475270287176,8.112548216624806,-0.017451783375195262,8.11334180798159,-0.0166581920184114,9.072969064214904,0.9429690642149032
2026-09-14,2027-03,jaoh7_8025c,call,80.25,8.02,2026-09-11,3,0.3725639422561079,8.00999708826325,-0.010002911736750164,8.004707539757481,-0.0152924602425184,8.9649317684257,0.9449317684257004
2026-09-14,2027-03,jaoh7_8045c,call,80.45,7.93,2026-09-11,3,0.3723179171043397,7.918014614014578,-0.011985385985421537,7.918789276164713,-0.0112107238352869,8.879200148097265,0.9492001480972654
2026-09-14,2027-03,jaoh7_8075c,call,80.75,7.8,2026-09-11,3,0.3725768314200088,7.795001403111549,-0.004998596888451168,7.791551948491291,-0.0084480515087088,8.751780752316973,0.9517807523169736
2026-09-14,2027-03,jaoh7_8100c,call,81.0,7.7,2026-09-11,3,0.3727348514067107,7.6925140254342566,-0.007485974565743625,7.687016113384175,-0.0129838866158253,8.646707878846275,0.9467078788462748
2026-09-14,2027-03,jaoh7_8102c,call,81.02,7.69,2026-09-11,3,0.3726532997254988,7.6823229890875675,-0.007677010912432891,7.678711720370899,-0.0112882796290998,8.638346455779626,0.9483464557796256
2026-09-14,2027-03,jaoh7_8125c,call,81.25,7.59,2026-09-11,3,0.3728408843990456,7.590047301422411,4.7301422410939153e-05,7.583831439836903,-0.0061685601630969,8.542664131137816,0.9526641311378156
2026-09-14,2027-03,jaoh7_8150c,call,81.5,7.49,2026-09-11,3,0.3728953620743885,7.487600477419802,-0.0023995225801982656,7.48198997847387,-0.0080100215261298,8.439677033887445,0.9496770338874452
2026-09-14,2027-03,jaoh7_8185c,call,81.85,7.34,2026-09-11,3,0.3728857571345554,7.344206955133621,0.004206955133621015,7.341652846484498,0.0016528464844984,8.29700805202907,0.9570080520290708
2026-09-14,2027-03,jaoh7_8342c,call,83.42,6.73,2026-09-11,3,0.3738358797955972,6.749350943164143,0.019350943164142542,6.7436916821864585,0.0136916821864581,7.680345027885554,0.950345027885554
2026-09-14,2027-03,jaoh7_8430c,call,84.3,6.41,2026-09-11,3,0.3746794711487674,6.441341440582883,0.03134144058288246,6.430484081703787,0.0204840817037865,7.351404948734851,0.941404948734851
2026-09-14,2027-03,jaoh7_8455c,call,84.55,6.33,2026-09-11,3,0.3745917292119221,6.349109828469347,0.019109828469346724,6.344299407518965,0.0142994075189646,7.260048642763825,0.9300486427638246
2026-09-14,2027-03,jaoh7_8500c,call,85.0,6.17,2026-09-11,3,0.3753307045737047,6.2051456661154125,0.03514566611541259,6.192226900011833,0.0222269000118329,7.098129079584578,0.9281290795845782
2026-09-14,2027-03,jaoh7_8525c,call,85.25,6.09,2026-09-11,3,0.375574272165723,6.122970994535886,0.032970994535886256,6.109422818620984,0.0194228186209839,7.009601974726055,0.9196019747260556
2026-09-14,2027-03,jaoh7_8575c,call,85.75,5.92,2026-09-11,3,0.3759243017042145,5.958678576360644,0.038678576360643646,5.947362890078773,0.0273628900787734,6.835294546023586,0.9152945460235856
2026-09-14,2027-03,jaoh7_8635c,call,86.35,5.73,2026-09-11,3,0.376664085201032,5.773643053810582,0.0436430538105812,5.759028663572005,0.0290286635720047,6.630817152688199,0.900817152688199
2026-09-14,2027-03,jaoh7_8675c,call,86.75,5.61,2026-09-11,3,0.3770159141202592,5.650346560500146,0.0403465605001454,5.637119006010384,0.0271190060103831,6.497214044447508,0.8872140444475081
2026-09-14,2027-03,jaoh7_8700c,call,87.0,5.53,2026-09-11,3,0.3774130124230597,5.5783209004025,0.04832090040249959,5.56238170557449,0.0323817055744894,6.414884528358526,0.8848845283585254
2026-09-14,2027-03,jaoh7_8705c,call,87.05,5.52,2026-09-11,3,0.377206058020163,5.55790433158144,0.03790433158144069,5.547567355993703,0.0275673559937033,6.398529923618236,0.8785299236182365
2026-09-14,2027-03,jaoh7_6800p,put,68.0,3.22,2026-09-11,3,0.3809877613928103,3.129035830852363,-0.09096416914763727,3.141476103909943,-0.0785238960900573,3.723321145294151,0.5033211452941506
2026-09-14,2027-03,jaoh7_6900p,put,69.0,3.5,2026-09-11,3,0.3788271509543349,3.409055249836678,-0.09094475016332204,3.4242275322287217,-0.0757724677712783,4.063901799637894,0.5639017996378941
2026-09-14,2027-03,jaoh7_7000p,put,70.0,3.8,2026-09-11,3,0.3768383736859866,3.70885861100367,-0.09114138899632973,3.727410509714362,-0.0725894902856376,4.422809859004962,0.6228098590049624
2026-09-14,2027-03,jaoh7_7100p,put,71.0,4.12,2026-09-11,3,0.3755251708554218,4.038314683810283,-0.0816853161897173,4.051579527576081,-0.0684204724239192,4.800234568139691,0.6802345681396913
2026-09-14,2027-03,jaoh7_7150p,put,71.5,4.29,2026-09-11,3,0.3750325844829485,4.212961646205805,-0.07703835379419477,4.221684600444977,-0.0683153995550229,4.995697906200934,0.7056979062009336
2026-09-14,2027-03,jaoh7_7250p,put,72.5,4.64,2026-09-11,3,0.3733153366203869,4.562440732713964,-0.0775592672860359,4.578189721084558,-0.0618102789154413,5.399955568585749,0.7599555685857498
2026-09-14,2027-03,jaoh7_7300p,put,73.0,4.83,2026-09-11,3,0.373126893752713,4.756970851284907,-0.0730291487150927,4.764674265160164,-0.0653257348398357,5.608633788483944,0.778633788483944
2026-09-14,2027-03,jaoh7_7400p,put,74.0,5.21,2026-09-11,3,0.3720159323020953,5.146245237213751,-0.0637547627862487,5.154274751687085,-0.0557252483129149,6.039379840258962,0.8293798402589623
2026-09-14,2027-03,jaoh7_7450p,put,74.5,5.41,2026-09-11,3,0.3716023101696059,5.3508538465861735,-0.059146153413826674,5.35743987426094,-0.0525601257390606,6.261412840511547,0.8514128405115464
2026-09-14,2027-03,jaoh7_7500p,put,75.0,5.62,2026-09-11,3,0.3709533828397632,5.555529743419549,-0.06447025658045114,5.566204412153028,-0.053795587846972,6.487970630308757,0.8679706303087569
2026-09-14,2027-03,jaoh7_7690p,put,76.9,6.45,2026-09-11,3,0.369860052147308,6.405164046672812,-0.044835953327187816,6.4106735165898,-0.0393264834102007,7.388847286542829,0.9388472865428286
2026-09-14,2027-09,jaou7_6820c,call,68.2,10.81,2026-09-11,3,0.3133744012040562,10.87172255412107,0.06172255412106864,10.878478940057038,0.0684789400570373,13.421860159742309,2.6118601597423083
2026-09-14,2027-09,jaou7_6825c,call,68.25,10.79,2026-09-11,3,0.3131782135460096,10.841571778253472,0.051571778253473255,10.850320884931794,0.0603208849317944,13.398800999086154,2.6088009990861547
2026-09-14,2027-09,jaou7_6860c,call,68.6,10.59,2026-09-11,3,0.3121495167561923,10.640477513721631,0.05047751372163134,10.65465621920193,0.0646562192019306,13.238317857413652,2.648317857413652
2026-09-14,2027-09,jaou7_6900c,call,69.0,10.37,2026-09-11,3,0.3115936446062551,10.429161888581486,0.059161888581487077,10.434136574334955,0.0641365743349577,13.056877910702609,2.6868779107026093
2026-09-14,2027-09,jaou7_6905c,call,69.05,10.34,2026-09-11,3,0.3113743588680076,10.399014298529623,0.05901429852962359,10.40680443200979,0.0668044320097909,13.03434403821934,2.69434403821934
2026-09-14,2027-09,jaou7_6930c,call,69.3,10.21,2026-09-11,3,0.3106367623996678,10.258237883309059,0.048237883309058205,10.27092113146188,0.0609211314618782,12.922166168150332,2.712166168150331
2026-09-14,2027-09,jaou7_7000c,call,70.0,9.83,2026-09-11,3,0.3092044342583901,9.886007861084611,0.056007861084610866,9.89735522326644,0.0673552232664391,12.612435128460232,2.782435128460232
2026-09-14,2027-09,jaou7_7110c,call,71.1,9.26,2026-09-11,3,0.3071538327224609,9.322527914175922,0.06252791417592185,9.330948623774717,0.070948623774715,12.139252971159724,2.8792529711597243
2026-09-14,2027-09,jaou7_7200c,call,72.0,8.81,2026-09-11,3,0.3056039463703187,8.879716305617805,0.06971630561780451,8.886299603293578,0.0762996032935774,11.76432953773832,2.954329537738319
2026-09-14,2027-09,jaou7_7335c,call,73.35,8.17,2026-09-11,3,0.3034647734340077,8.245576726407334,0.07557672640733415,8.250924222619483,0.0809242226194832,11.221884105344149,3.051884105344149
2026-09-14,2027-09,jaou7_7400c,call,74.0,7.88,2026-09-11,3,0.3025320302355621,7.953620941552331,0.07362094155233123,7.95844684390353,0.0784468439035297,10.968896963756226,3.088896963756226
2026-09-14,2027-09,jaou7_7450c,call,74.5,7.65,2026-09-11,3,0.3017559282784364,7.732141265243534,0.08214126524353382,7.739365187753944,0.0893651877539438,10.777742833087888,3.127742833087888
2026-09-14,2027-09,jaou7_7500c,call,75.0,7.44,2026-09-11,3,0.3011942112580048,7.520667942212078,0.08066794221207729,7.525381235189545,0.0853812351895442,10.58942099683973,3.149420996839729
2026-09-14,2027-09,jaou7_7542c,call,75.42,7.26,2026-09-11,3,0.3004793881111754,7.339459375970954,0.07945937597095387,7.349548615541253,0.0895486155412532,10.433557781879191,3.173557781879192
2026-09-14,2027-09,jaou7_7550c,call,75.5,7.23,2026-09-11,3,0.3004861725447571,7.309223156523044,0.07922315652304324,7.316459817934799,0.0864598179347986,10.404113691144811,3.174113691144811
2026-09-14,2027-09,jaou7_7600c,call,76.0,7.02,2026-09-11,3,0.2999934646134371,7.107788024594161,0.08778802459416113,7.112561574186145,0.0925615741861456,10.221646531753676,3.201646531753676
2026-09-14,2027-09,jaou7_7610c,call,76.1,6.98,2026-09-11,3,0.2998775654727549,7.067504485789498,0.08750448578949754,7.07238095611062,0.0923809561106194,10.185491237267923,3.205491237267923
2026-09-14,2027-09,jaou7_7705c,call,77.05,6.61,2026-09-11,3,0.298850734342453,6.694851542739428,0.08485154273942808,6.700527873250033,0.0905278732500329,9.84790619083012,3.2379061908301194
2026-09-14,2027-09,jaou7_7710c,call,77.1,6.59,2026-09-11,3,0.2987634266183144,6.674715480278494,0.0847154802784944,6.681447394826922,0.0914473948269218,9.830421054953408,3.2404210549534085
2026-09-14,2027-09,jaou7_7725c,call,77.25,6.53,2026-09-11,3,0.2988537943476462,6.624294916488669,0.09429491648866861,6.624498014344953,0.0944980143449525,9.778126132368106,3.248126132368106
2026-09-14,2027-09,jaou7_5800p,put,58.0,3.08,2026-09-11,3,0.3408990621007343,3.09131150571449,0.011311505714489911,3.1073131575814976,0.0273131575814975,4.574790197608994,1.494790197608994
2026-09-14,2027-09,jaou7_5900p,put,59.0,3.32,2026-09-11,3,0.3377813608416524,3.3284558996858973,0.008455899685897439,3.3400079059380925,0.0200079059380926,4.927362855732266,1.607362855732266
2026-09-14,2027-09,jaou7_6000p,put,60.0,3.57,2026-09-11,3,0.3350254199468985,3.5855050093668037,0.015505009366803879,3.587878547863861,0.017878547863861,5.294770826638756,1.7247708266387565
2026-09-14,2027-09,jaou7_6200p,put,62.0,4.11,2026-09-11,3,0.3290630019934321,4.129603146117384,0.019603146117384007,4.131229029696206,0.0212290296962054,6.073389490047769,1.9633894900477689
2026-09-14,2027-09,jaou7_6420p,put,64.2,4.77,2026-09-11,3,0.323020616229894,4.802954245080789,0.03295424508078959,4.806011570939445,0.0360115709394452,6.999333053010154,2.229333053010154
2026-09-14,2027-09,jaou7_6500p,put,65.0,5.03,2026-09-11,3,0.3210500313697976,5.070497567750379,0.040497567750378494,5.072245065052424,0.0422450650524233,7.354030463711009,2.3240304637110087
2026-09-14,2027-09,jaou7_6750p,put,67.5,5.92,2026-09-11,3,0.31465128885647,5.962886677390879,0.0428866773908787,5.978462719159893,0.0584627191598929,8.52013675298684,2.60013675298684
2026-09-14,2027-09,jaou7_6800p,put,68.0,6.11,2026-09-11,3,0.3137016496190309,6.16133672688374,0.051336726883739914,6.173454783457911,0.0634547834579102,8.763966111387235,2.653966111387235
2026-09-14,2027-09,jaou7_6900p,put,69.0,6.51,2026-09-11,3,0.3113418254025907,6.5583126323633945,0.04831263236339467,6.577390108085554,0.0673901080855543,9.261729820737896,2.7517298207378964
2026-09-14,2027-09,jaou7_7000p,put,70.0,6.92,2026-09-11,3,0.3095135499687493,6.985265934329641,0.06526593432964134,7.000040815337592,0.0800408153375915,9.77260567832088,2.852605678320881
2026-09-14,2027-09,jaou7_7400p,put,74.0,8.79,2026-09-11,3,0.3028082475667525,8.873556330701383,0.08355633070138424,8.878768826285105,0.088768826285106,11.950342072918328,3.160342072918329
2026-09-14,2027-09,jaou7_7450p,put,74.5,9.05,2026-09-11,3,0.3021192144444025,9.132155559322175,0.08215555932217455,9.134693515907385,0.0846935159073822,12.23684726216267,3.1868472621626687
2026-09-14,2027-09,jaou7_7500p,put,75.0,9.31,2026-09-11,3,0.3012834369077312,9.390782373103649,0.08078237310364855,9.395254312690131,0.0852543126901324,12.526184745827194,3.216184745827194
2026-09-14,2028-03,jaoh8_6151c,call,61.51,13.41,2026-09-11,3,0.2901390474432193,13.493810973212572,0.08381097321257158,13.510101699712502,0.1001016997125017,16.996398019837798,3.586398019837798
2026-09-14,2028-03,jaoh8_6200c,call,62.0,13.11,2026-09-11,3,0.2888442984767267,13.19357427010929,0.08357427010929008,13.20474678944352,0.0947467894435192,16.766532473426096,3.656532473426097
2026-09-14,2028-03,jaoh8_6420c,call,64.2,11.8,2026-09-11,3,0.2832969025118033,11.892605754540822,0.09260575454082165,11.881228916217513,0.0812289162175119,15.768505415433353,3.968505415433352
2026-09-14,2028-03,jaoh8_6500c,call,65.0,11.34,2026-09-11,3,0.2811564487296557,11.43231299289862,0.09231299289861994,11.419646610160594,0.0796466101605943,15.419039624872196,4.0790396248721965
2026-09-14,2028-03,jaoh8_6600c,call,66.0,10.78,2026-09-11,3,0.2785686117198301,10.871978736796088,0.09197873679608826,10.857779545585489,0.0777795455854892,14.992385210540254,4.212385210540255
2026-09-14,2028-03,jaoh8_6775c,call,67.75,9.83,2026-09-11,3,0.2742404030527696,9.931485265892288,0.10148526589228801,9.91555894259471,0.0855589425947105,14.271560749697745,4.441560749697745
2026-09-14,2028-03,jaoh8_6875c,call,68.75,9.31,2026-09-11,3,0.2716834844411303,9.41127339115214,0.10127339115213907,9.400912869682283,0.0909128696822847,13.874247494640178,4.564247494640178
2026-09-14,2028-03,jaoh8_6890c,call,68.9,9.24,2026-09-11,3,0.2711959671645643,9.331253982277838,0.09125398227783776,9.325218338229371,0.0852183382293709,13.815544240799635,4.575544240799635
2026-09-14,2028-03,jaoh8_7000c,call,70.0,8.69,2026-09-11,3,0.2684745705856446,8.781076076479254,0.0910760764792542,8.78215004196964,0.0921500419696403,13.39232626958168,4.702326269581681
2026-09-14,2028-03,jaoh8_7110c,call,71.1,8.16,2026-09-11,3,0.2658219055683437,8.250950795174854,0.09095079517485338,8.260301308233645,0.1003013082336448,12.981875348783197,4.8218753487831965
2026-09-14,2028-03,jaoh8_7275c,call,72.75,7.41,2026-09-11,3,0.2621933341943583,7.500844476115254,0.09084447611525359,7.517355592069482,0.1073555920694815,12.388474333314305,4.978474333314304
2026-09-14,2028-03,jaoh8_7340c,call,73.4,7.12,2026-09-11,3,0.260895837640152,7.220827986456663,0.1008279864566628,7.237771359228025,0.1177713592280245,12.162020109608054,5.042020109608054
2026-09-14,2028-03,jaoh8_7450c,call,74.5,6.67,2026-09-11,3,0.2586803327895576,6.760847706562584,0.09084770656258367,6.781391395541647,0.1113913955416467,11.78788892076694,5.117888920766941
2026-09-14,2028-03,jaoh8_7475c,call,74.75,6.57,2026-09-11,3,0.2582394342470287,6.660855024951043,0.09085502495104247,6.680593374907987,0.110593374907987,11.704429779305777,5.134429779305776
2026-09-14,2028-03,jaoh8_7500c,call,75.0,6.47,2026-09-11,3,0.2580810060893304,6.570841850325155,0.10084185032515514,6.580873566103875,0.1108735661038755,11.62150144182774,5.151501441827739
2026-09-14,2028-03,jaoh8_7550c,call,75.5,6.28,2026-09-11,3,0.2570536482692774,6.370883010714699,0.09088301071469918,6.384657808450349,0.1046578084503488,11.457237388526792,5.177237388526792
2026-09-14,2028-03,jaoh8_7670c,call,76.7,5.85,2026-09-11,3,0.2556776960352363,5.9409367479701825,0.09093674797018281,5.931148495886732,0.0811484958867323,11.071982867250089,5.221982867250089
2026-09-14,2028-03,jaoh8_7700c,call,77.0,5.74,2026-09-11,3,0.2551522412069543,5.830975404192755,0.09097540419275507,5.821578634339072,0.0815786343390714,10.977680279178196,5.237680279178196
2026-09-14,2028-03,jaoh8_7775c,call,77.75,5.5,2026-09-11,3,0.2547604483170245,5.591010003071795,0.09101000307179508,5.554244846793064,0.0542448467930638,10.745306916011476,5.245306916011476
2026-09-14,2028-03,jaoh8_5740p,put,57.4,3.78,2026-09-11,3,0.299724360075022,3.848969761607787,0.06896976160778712,3.855225469829129,0.0752254698291294,6.793719733841364,3.013719733841364
2026-09-14,2028-03,jaoh8_5900p,put,59.0,4.22,2026-09-11,3,0.2955426727930618,4.28814139703705,0.06814139703705013,4.292890296348956,0.0728902963489561,7.466852328442967,3.246852328442968
2026-09-14,2028-03,jaoh8_6000p,put,60.0,4.51,2026-09-11,3,0.2932639487661911,4.587636978850805,0.0776369788508049,4.583883383549525,0.0738833835495249,7.90357873070041,3.39357873070041
2026-09-14,2028-03,jaoh8_6165p,put,61.65,5.02,2026-09-11,3,0.2889949053730547,5.0969239761257334,0.07692397612573387,5.094287763097398,0.0742877630973986,8.65016294125027,3.630162941250271
2026-09-14,2028-03,jaoh8_6200p,put,62.0,5.13,2026-09-11,3,0.2883509041192116,5.216763985563559,0.08676398556355913,5.207498213233035,0.077498213233035,8.812651041598205,3.6826510415982048
2026-09-14,2028-03,jaoh8_6250p,put,62.5,5.29,2026-09-11,3,0.2869158059169676,5.376586204053897,0.08658620405389694,5.372275341785006,0.0822753417850057,9.047235800039005,3.757235800039005
2026-09-14,2028-03,jaoh8_6500p,put,65.0,6.17,2026-09-11,3,0.2807818137810488,6.255762711745354,0.0857627117453541,6.250965361114671,0.0809653611146705,10.262809769806903,4.092809769806904
2026-09-14,2028-03,jaoh8_6600p,put,66.0,6.54,2026-09-11,3,0.278118421943807,6.625524540183818,0.08552454018381805,6.628535796020048,0.0885357960200474,10.768705881062498,4.228705881062498
2026-09-14,2028-03,jaoh8_6750p,put,67.5,7.13,2026-09-11,3,0.2744087540435407,7.215228009608326,0.08522800960832644,7.223457726309421,0.0934577263094214,11.547674248335882,4.417674248335882
2026-09-14,2028-03,jaoh8_7000p,put,70.0,8.18,2026-09-11,3,0.2683679636610608,8.274954747568078,0.09495474756807809,8.292447800237836,0.1124478002378364,12.898849042454064,4.718849042454064
2026-09-14,2028-03,jaoh8_7450p,put,74.5,10.37,2026-09-11,3,0.2593208673531174,10.475070731991856,0.1050707319918569,10.464870178628514,0.0948701786285148,15.490889058783226,5.120889058783227
2026-09-14,2028-09,jaou8_6151c,call,61.51,12.44,2026-09-11,3,0.2651083185844212,12.526226690344458,0.08622669034445885,12.567975109007088,0.127975109007087,17.418775331137386,4.978775331137387
2026-09-14,2028-09,jaou8_6500c,call,65.0,10.39,2026-09-11,3,0.2530059313934162,10.486538339517493,0.09653833951749213,10.459948709150035,0.0699487091500365,16.017061486600355,5.627061486600354
2026-09-14,2028-09,jaou8_6570c,call,65.7,10.0,2026-09-11,3,0.2506294874580561,10.096649184104134,0.09664918410413392,10.06859484882698,0.0685948488269811,15.750158195565923,5.750158195565923
2026-09-14,2028-09,jaou8_6600c,call,66.0,9.84,2026-09-11,3,0.2494712850422118,9.926712017061591,0.0867120170615916,9.904176512453342,0.0641765124533417,15.637227952371028,5.797227952371028
2026-09-14,2028-09,jaou8_6650c,call,66.5,9.57,2026-09-11,3,0.2478609505804229,9.656801696128044,0.08680169612804356,9.634581064248062,0.0645810642480615,15.450888669385089,5.880888669385088
2026-09-14,2028-09,jaou8_6775c,call,67.75,8.91,2026-09-11,3,0.2438585184874141,8.997065047852075,0.08706504785207514,8.985016358925776,0.0750163589257759,14.995104540763371,6.085104540763371
2026-09-14,2028-09,jaou8_7000c,call,70.0,7.81,2026-09-11,3,0.2376601312735988,7.897613744882715,0.08761374488271567,7.904384518821322,0.0943845188213226,14.2092093952336,6.3992093952336
2026-09-14,2028-09,jaou8_7110c,call,71.1,7.31,2026-09-11,3,0.2352549433442501,7.407903033540187,0.09790303354018715,7.417530323729679,0.1075303237296791,13.84055079884958,6.530550798849581
2026-09-14,2028-09,jaou8_7275c,call,72.75,6.63,2026-09-11,3,0.2319991891987615,6.7183892808227546,0.08838928082275466,6.737713873103633,0.1077138731036333,13.305640157110872,6.675640157110872
2026-09-14,2028-09,jaou8_7340c,call,73.4,6.38,2026-09-11,3,0.2310295600299801,6.468581091357368,0.08858109135736836,6.486288790640955,0.1062887906409555,13.10064186680574,6.72064186680574
2026-09-14,2028-09,jaou8_7450c,call,74.5,5.98,2026-09-11,3,0.2296528679738866,6.068913987020087,0.0889139870200868,6.081465339007997,0.1014653390079969,12.761056539258348,6.781056539258348
2026-09-14,2028-09,jaou8_7500c,call,75.0,5.8,2026-09-11,3,0.2289178794311477,5.88908618159622,0.08908618159621984,5.905900274473202,0.1059002744732025,12.60979285103421,6.809792851034211
2026-09-14,2028-09,jaou8_7560c,call,75.6,5.6,2026-09-11,3,0.228359755312095,5.689275143848546,0.08927514384854618,5.702061384080715,0.1020613840807156,12.430781029298895,6.830781029298896
2026-09-14,2028-09,jaou8_7670c,call,76.7,5.26,2026-09-11,3,0.2274466846872275,5.339636526284859,0.07963652628485907,5.3473302511807725,0.0873302511807727,12.109490980167983,6.849490980167984
2026-09-14,2028-09,jaou8_7925c,call,79.25,4.55,2026-09-11,3,0.2264955165897355,4.630476932995246,0.08047693299524639,4.615078008451849,0.0650780084518487,11.397573870276505,6.847573870276505
2026-09-14,2028-09,jaou8_8000c,call,80.0,4.36,2026-09-11,3,0.2266138206542136,4.4507108136204705,0.09071081362047018,4.422352104847097,0.0623521048470969,11.196460210872075,6.836460210872075
2026-09-14,2028-09,jaou8_5000p,put,50.0,2.81,2026-09-11,3,0.2986121087965789,2.867858323801663,0.05785832380166278,2.8896241769533084,0.0796241769533083,5.677263754469394,2.867263754469393
2026-09-14,2028-09,jaou8_5500p,put,55.0,3.92,2026-09-11,3,0.2833975572598483,3.976492120206025,0.05649212020602512,3.965899030726668,0.0458990307266677,7.6507425807325875,3.730742580732588
2026-09-14,2028-09,jaou8_5700p,put,57.0,4.43,2026-09-11,3,0.2775567683285244,4.496092138795042,0.06609213879504239,4.472269734822788,0.0422697348227885,8.518967063521647,4.088967063521647
2026-09-14,2028-09,jaou8_5740p,put,57.4,4.54,2026-09-11,3,0.2764200340185186,4.606022779016538,0.06602277901653775,4.579127618461428,0.0391276184614275,8.697773002893785,4.1577730028937845
2026-09-14,2028-09,jaou8_6165p,put,61.65,5.77,2026-09-11,3,0.2633844725034145,5.855639428192894,0.08563942819289405,5.836280672373586,0.066280672373586,10.699306985073912,4.929306985073913
2026-09-14,2028-09,jaou8_6200p,put,62.0,5.88,2026-09-11,3,0.2622449207277356,5.9656374844348115,0.08563748443481156,5.950137216569392,0.0701372165693916,10.872165543415154,4.992165543415154
2026-09-14,2028-09,jaou8_6250p,put,62.5,6.04,2026-09-11,3,0.260629439253945,6.125640919783419,0.08564091978341892,6.115620236767142,0.0756202367671416,11.121174354164449,5.081174354164449
2026-09-14,2028-09,jaou8_6500p,put,65.0,6.88,2026-09-11,3,0.2524108774169382,6.965796675997057,0.08579667599705676,6.994126547885845,0.1141265478858448,12.402358668358875,5.522358668358876
2026-09-14,2028-09,jaou8_6750p,put,67.5,7.8,2026-09-11,3,0.244553812869099,7.896152114039921,0.09615211403992152,7.960676014434522,0.1606760144345225,13.743766117637724,5.9437661176377246
2026-09-14,2028-09,jaou8_7000p,put,70.0,8.86,2026-09-11,3,0.2380398276150791,8.956642196792775,0.09664219679277508,9.018733094581458,0.1587330945814589,15.141177350822009,6.281177350822009
2026-09-14,2028-09,jaou8_7450p,put,74.5,11.14,2026-09-11,3,0.2305378063526923,11.237753864384464,0.09775386438446354,11.162068325111896,0.0220683251118956,17.785028191293655,6.645028191293655
