valuation_date,apo_expiry,calibration_type,target_type,contract_id,strike,log_moneyness,market_settlement,volume,positive_volume,n_calibration_contracts,transfer_sigma_q,sigma_p_posterior_mean,transfer_sigma_q_minus_sigma_p,calibration_mse,transfer_price,transfer_error,transfer_abs_error,baseline_pi_price,baseline_pi_error,baseline_pi_abs_error
2026-08-21,2028-03,call,put,jaoh8_5740p,57.4,-0.2101401172761452,3.46,0.0,False,18,0.2547727275873891,0.4159189634594484,-0.16114623587205928,0.048006781980820236,2.8679960195417102,-0.5920039804582897,0.5920039804582897,6.967682535863697,3.5076825358636974,3.5076825358636974
2026-08-21,2028-03,call,put,jaoh8_5900p,59.0,-0.1826469766959464,3.88,0.0,False,18,0.2547727275873891,0.4159189634594484,-0.16114623587205928,0.048006781980820236,3.3515354459952036,-0.5284645540047963,0.5284645540047963,7.64572940612795,3.7657294061279503,3.7657294061279503
2026-08-21,2028-03,call,put,jaoh8_6000p,60.0,-0.1658398583795652,4.16,0.0,False,18,0.2547727275873891,0.4159189634594484,-0.16114623587205928,0.048006781980820236,3.6774427397064695,-0.48255726029353063,0.48255726029353063,8.085273747130922,3.9252737471309214,3.9252737471309214
2026-08-21,2028-03,call,put,jaoh8_6165p,61.65,-0.1387111909913126,4.66,0.0,False,18,0.2547727275873891,0.4159189634594484,-0.16114623587205928,0.048006781980820236,4.25525315776267,-0.40474684223732993,0.40474684223732993,8.836101002213262,4.176101002213262,4.176101002213262
2026-08-21,2028-03,call,put,jaoh8_6200p,62.0,-0.1330500355565743,4.77,0.0,False,18,0.2547727275873891,0.4159189634594484,-0.16114623587205928,0.048006781980820236,4.384236541048784,-0.38576345895121555,0.38576345895121555,8.99940979205302,4.229409792053021,4.229409792053021
2026-08-21,2028-03,call,put,jaoh8_6250p,62.5,-0.1250178638593101,4.93,0.0,False,18,0.2547727275873891,0.4159189634594484,-0.16114623587205928,0.048006781980820236,4.572389232158964,-0.3576107678410354,0.3576107678410354,9.2351170750306,4.3051170750306,4.3051170750306
2026-08-21,2028-03,call,put,jaoh8_6500p,65.0,-0.0857971507060288,5.81,0.0,False,18,0.2547727275873891,0.4159189634594484,-0.16114623587205928,0.048006781980820236,5.581440578947995,-0.22855942105200455,0.22855942105200455,10.45553575177398,4.64553575177398,4.64553575177398
2026-08-21,2028-03,call,put,jaoh8_6600p,66.0,-0.0705296785752403,6.2,0.0,False,18,0.2547727275873891,0.4159189634594484,-0.16114623587205928,0.048006781980820236,6.01661464258305,-0.1833853574169506,0.1833853574169506,10.963056994041272,4.763056994041272,4.763056994041272
2026-08-21,2028-03,call,put,jaoh8_6750p,67.5,-0.0480568227231818,6.82,0.0,False,18,0.2547727275873891,0.4159189634594484,-0.16114623587205928,0.048006781980820236,6.702595948899486,-0.11740405110051455,0.11740405110051455,11.744148030578833,4.9241480305788325,4.9241480305788325
2026-08-21,2028-03,call,put,jaoh8_7000p,70.0,-0.0116891785523069,7.94,0.0,False,18,0.2547727275873891,0.4159189634594484,-0.16114623587205928,0.048006781980820236,7.932390195048865,-0.0076098049511355015,0.0076098049511355015,13.09788340046947,5.15788340046947,5.15788340046947
2026-08-21,2028-03,call,put,jaoh8_7450p,74.5,0.0506147047838478,10.24,0.0,False,18,0.2547727275873891,0.4159189634594484,-0.16114623587205928,0.048006781980820236,10.40442637733717,0.16442637733717014,0.16442637733717014,15.69181650022824,5.45181650022824,5.45181650022824
2026-08-21,2028-03,put,call,jaoh8_6151c,61.51,-0.140984657381389,13.35,0.0,False,11,0.2638304782846226,0.4159189634594484,-0.15208848517482582,0.06159567819824803,13.163979585303018,-0.18602041469698172,0.18602041469698172,17.47102939169832,4.12102939169832,4.12102939169832
2026-08-21,2028-03,put,call,jaoh8_6200c,62.0,-0.1330500355565743,13.04,0.0,False,11,0.2638304782846226,0.4159189634594484,-0.15208848517482582,0.06159567819824803,12.889266999141396,-0.15073300085860275,0.15073300085860275,17.240996981492653,4.200996981492654,4.200996981492654
2026-08-21,2028-03,put,call,jaoh8_6420c,64.2,-0.0981812099057504,11.73,0.0,False,11,0.2638304782846226,0.4159189634594484,-0.15208848517482582,0.06159567819824803,11.708282548455808,-0.02171745154419291,0.02171745154419291,16.241548487894672,4.511548487894672,4.511548487894672
2026-08-21,2028-03,put,call,jaoh8_6500c,65.0,-0.0857971507060288,11.27,0.0,False,11,0.2638304782846226,0.4159189634594484,-0.15208848517482582,0.06159567819824803,11.299919101420505,0.029919101420505356,0.029919101420505356,15.891366043490503,4.621366043490504,4.621366043490504
2026-08-21,2028-03,put,call,jaoh8_6600c,66.0,-0.0705296785752403,10.72,0.0,False,11,0.2638304782846226,0.4159189634594484,-0.15208848517482582,0.06159567819824803,10.805081311476336,0.08508131147633513,0.08508131147633513,15.463634986516755,4.743634986516755,4.743634986516755
2026-08-21,2028-03,put,call,jaoh8_6775c,67.75,-0.0443599608418556,9.8,0.0,False,11,0.2638304782846226,0.4159189634594484,-0.15208848517482582,0.06159567819824803,9.980263694461154,0.18026369446115353,0.18026369446115353,14.740509297487282,4.9405092974872815,4.9405092974872815
2026-08-21,2028-03,put,call,jaoh8_6875c,68.75,-0.0297076840549852,9.3,0.0,False,11,0.2638304782846226,0.4159189634594484,-0.15208848517482582,0.06159567819824803,9.53203096989658,0.232030969896579,0.232030969896579,14.341630853549647,5.041630853549647,5.041630853549647
2026-08-21,2028-03,put,call,jaoh8_6890c,68.9,-0.0275282425820529,9.23,0.0,False,11,0.2638304782846226,0.4159189634594484,-0.15208848517482582,0.06159567819824803,9.466221906591883,0.2362219065918829,0.2362219065918829,14.282674033012164,5.052674033012163,5.052674033012163
2026-08-21,2028-03,put,call,jaoh8_7000c,70.0,-0.0116891785523069,8.71,0.0,False,11,0.2638304782846226,0.4159189634594484,-0.15208848517482582,0.06159567819824803,8.994835252473676,0.284835252473675,0.284835252473675,13.857452195980812,5.1474521959808115,5.1474521959808115
2026-08-21,2028-03,put,call,jaoh8_7110c,71.1,0.0039029162075291,8.2,0.0,False,11,0.2638304782846226,0.4159189634594484,-0.15208848517482582,0.06159567819824803,8.542886952774454,0.3428869527744549,0.3428869527744549,13.444764032956602,5.244764032956603,5.244764032956603
2026-08-21,2028-03,put,call,jaoh8_7275c,72.75,0.026844485449936,7.49,0.0,False,11,0.2638304782846226,0.4159189634594484,-0.15208848517482582,0.06159567819824803,7.900445554695592,0.41044555469559185,0.41044555469559185,12.847653289895993,5.3576532898959925,5.3576532898959925
2026-08-21,2028-03,put,call,jaoh8_7340c,73.4,0.0357395150188041,7.22,0.0,False,11,0.2638304782846226,0.4159189634594484,-0.15208848517482582,0.06159567819824803,7.658756186230068,0.4387561862300684,0.4387561862300684,12.61963689354448,5.399636893544479,5.399636893544479
2026-08-21,2028-03,put,call,jaoh8_7450c,74.5,0.0506147047838478,6.79,0.0,False,11,0.2638304782846226,0.4159189634594484,-0.15208848517482582,0.06159567819824803,7.264015522978849,0.4740155229788492,0.4740155229788492,12.242749949154923,5.452749949154923,5.452749949154923
2026-08-21,2028-03,put,call,jaoh8_7500c,75.0,0.0573036929346446,6.6,0.0,False,11,0.2638304782846226,0.4159189634594484,-0.15208848517482582,0.06159567819824803,7.0904062816555475,0.4904062816555479,0.4904062816555479,12.075076179340872,5.475076179340872,5.475076179340872
2026-08-21,2028-03,put,call,jaoh8_7550c,75.5,0.0639482356533131,6.42,0.0,False,11,0.2638304782846226,0.4159189634594484,-0.15208848517482582,0.06159567819824803,6.920366484340833,0.5003664843408329,0.5003664843408329,11.909485024496131,5.4894850244961315,5.4894850244961315
2026-08-21,2028-03,put,call,jaoh8_7670c,76.7,0.0797172877715445,6.0,0.0,False,11,0.2638304782846226,0.4159189634594484,-0.15208848517482582,0.06159567819824803,6.526543042014311,0.5265430420143113,0.5265430420143113,11.520835182508302,5.520835182508302,5.520835182508302
2026-08-21,2028-03,put,call,jaoh8_7700c,77.0,0.0836210012520178,5.9,0.0,False,11,0.2638304782846226,0.4159189634594484,-0.15208848517482582,0.06159567819824803,6.431176424017181,0.5311764240171808,0.5311764240171808,11.425664505355932,5.525664505355932,5.525664505355932
2026-08-21,2028-03,put,call,jaoh8_7775c,77.75,0.0933141304576776,5.65,0.0,False,11,0.2638304782846226,0.4159189634594484,-0.15208848517482582,0.06159567819824803,6.198048825874605,0.5480488258746048,0.5480488258746048,11.19106651761058,5.541066517610579,5.541066517610579
2026-08-21,2028-09,call,put,jaou8_5000p,50.0,-0.3276717206679394,2.46,0.0,False,16,0.23191454021780736,0.4159189634594484,-0.18400442324164104,0.08036854651339037,1.5235167321571517,-0.9364832678428483,0.9364832678428483,5.767916529209529,3.307916529209529,3.307916529209529
2026-08-21,2028-09,call,put,jaou8_5500p,55.0,-0.2323615408636145,3.57,0.0,False,16,0.23191454021780736,0.4159189634594484,-0.18400442324164104,0.08036854651339037,2.672122492889075,-0.8978775071109246,0.8978775071109246,7.749199346422803,4.179199346422804,4.179199346422804
2026-08-21,2028-09,call,put,jaou8_5700p,57.0,-0.1966434582615353,4.09,0.0,False,16,0.23191454021780736,0.4159189634594484,-0.18400442324164104,0.08036854651339037,3.2507675347087,-0.8392324652912997,0.8392324652912997,8.61982801061653,4.52982801061653,4.52982801061653
2026-08-21,2028-09,call,put,jaou8_5740p,57.4,-0.1896504227705648,4.2,0.0,False,16,0.23191454021780736,0.4159189634594484,-0.18400442324164104,0.08036854651339037,3.3749038310464883,-0.8250961689535119,0.8250961689535119,8.799061693123043,4.599061693123043,4.599061693123043
2026-08-21,2028-09,call,put,jaou8_6165p,61.65,-0.1182214964857321,5.47,0.0,False,16,0.23191454021780736,0.4159189634594484,-0.18400442324164104,0.08036854651339037,4.867993992084216,-0.6020060079157838,0.6020060079157838,10.804225144808322,5.334225144808323,5.334225144808323
2026-08-21,2028-09,call,put,jaou8_6200p,62.0,-0.1125603410509939,5.59,0.0,False,16,0.23191454021780736,0.4159189634594484,-0.18400442324164104,0.08036854651339037,5.005097898961849,-0.5849021010381508,0.5849021010381508,10.977309141582278,5.3873091415822785,5.3873091415822785
2026-08-21,2028-09,call,put,jaou8_6250p,62.5,-0.1045281693537296,5.75,0.0,False,16,0.23191454021780736,0.4159189634594484,-0.18400442324164104,0.08036854651339037,5.204661258603559,-0.5453387413964412,0.5453387413964412,11.226609452720576,5.4766094527205755,5.4766094527205755
2026-08-21,2028-09,call,put,jaou8_6500p,65.0,-0.0653074562004483,6.63,0.0,False,16,0.23191454021780736,0.4159189634594484,-0.18400442324164104,0.08036854651339037,6.267096001421844,-0.3629039985781555,0.3629039985781555,12.508857716827434,5.878857716827434,5.878857716827434
2026-08-21,2028-09,call,put,jaou8_6750p,67.5,-0.0275671282176013,7.6,0.0,False,16,0.23191454021780736,0.4159189634594484,-0.18400442324164104,0.08036854651339037,7.434797595458972,-0.16520240454102808,0.16520240454102808,13.850647370786598,6.250647370786599,6.250647370786599
2026-08-21,2028-09,call,put,jaou8_7000p,70.0,0.0088005159532734,8.7,31.0,True,16,0.23191454021780736,0.4159189634594484,-0.18400442324164104,0.08036854651339037,8.70357827495931,0.0035782749593114005,0.0035782749593114005,15.248248505659,6.548248505659,6.548248505659
2026-08-21,2028-09,call,put,jaou8_7450p,74.5,0.0711043992894283,11.05,0.0,False,16,0.23191454021780736,0.4159189634594484,-0.18400442324164104,0.08036854651339037,11.22557551998089,0.17557551998088883,0.17557551998088883,17.892033851202264,6.842033851202263,6.842033851202263
2026-08-21,2028-09,put,call,jaou8_6151c,61.51,-0.1204949628758085,12.67,0.0,False,11,0.24646909059764208,0.4159189634594484,-0.16944987286180632,0.18432427951390992,12.476784805325156,-0.19321519467484372,0.19321519467484372,18.056383947493117,5.386383947493117,5.386383947493117
2026-08-21,2028-09,put,call,jaou8_6500c,65.0,-0.0653074562004483,10.66,0.0,False,11,0.24646909059764208,0.4159189634594484,-0.16944987286180632,0.18432427951390992,10.77306241456861,0.11306241456860988,0.11306241456860988,16.638850633714384,5.978850633714384,5.978850633714384
2026-08-21,2028-09,put,call,jaou8_6570c,65.7,-0.0545958006055206,10.27,0.0,False,11,0.24646909059764208,0.4159189634594484,-0.16944987286180632,0.18432427951390992,10.454908439023647,0.18490843902364773,0.18490843902364773,16.368561180253778,6.098561180253778,6.098561180253778
2026-08-21,2028-09,put,call,jaou8_6600c,66.0,-0.05003998406966,10.11,0.0,False,11,0.24646909059764208,0.4159189634594484,-0.16944987286180632,0.18432427951390992,10.320916180115669,0.21091618011566915,0.21091618011566915,16.25417646820689,6.14417646820689,6.14417646820689
2026-08-21,2028-09,put,call,jaou8_6650c,66.5,-0.042492778434277,9.85,0.0,False,11,0.24646909059764208,0.4159189634594484,-0.16944987286180632,0.18432427951390992,10.100716064884768,0.2507160648847684,0.2507160648847684,16.065422785552187,6.215422785552187,6.215422785552187
2026-08-21,2028-09,put,call,jaou8_6775c,67.75,-0.0238702663362751,9.2,0.0,False,11,0.24646909059764208,0.4159189634594484,-0.16944987286180632,0.18432427951390992,9.567078344619974,0.3670783446199746,0.3670783446199746,15.603529664083734,6.4035296640837345,6.4035296640837345
2026-08-21,2028-09,put,call,jaou8_7000c,70.0,0.0088005159532734,8.13,0.0,False,11,0.24646909059764208,0.4159189634594484,-0.16944987286180632,0.18432427951390992,8.665719432271032,0.5357194322710317,0.5357194322710317,14.806505566330385,6.676505566330384,6.676505566330384
2026-08-21,2028-09,put,call,jaou8_7110c,71.1,0.0243926107131096,7.65,0.0,False,11,0.24646909059764208,0.4159189634594484,-0.16944987286180632,0.18432427951390992,8.251880734852815,0.6018807348528146,0.6018807348528146,14.43240838609312,6.78240838609312,6.78240838609312
2026-08-21,2028-09,put,call,jaou8_7275c,72.75,0.0473341799555163,6.99,0.0,False,11,0.24646909059764208,0.4159189634594484,-0.16944987286180632,0.18432427951390992,7.662914778637486,0.6729147786374856,0.6729147786374856,13.889242862060884,6.899242862060884,6.899242862060884
2026-08-21,2028-09,put,call,jaou8_7340c,73.4,0.0562292095243844,6.74,0.0,False,11,0.24646909059764208,0.4159189634594484,-0.16944987286180632,0.18432427951390992,7.441083240973341,0.7010832409733405,0.7010832409733405,13.680997618139632,6.940997618139631,6.940997618139631
2026-08-21,2028-09,put,call,jaou8_7450c,74.5,0.0711043992894283,6.34,0.0,False,11,0.24646909059764208,0.4159189634594484,-0.16944987286180632,0.18432427951390992,7.078409332262861,0.7384093322628615,0.7384093322628615,13.33572864127964,6.995728641279641,6.995728641279641
2026-08-21,2028-09,put,call,jaou8_7500c,75.0,0.0777933874402249,6.17,0.0,False,11,0.24646909059764208,0.4159189634594484,-0.16944987286180632,0.18432427951390992,6.918742721479377,0.7487427214793767,0.7487427214793767,13.181843394382142,7.011843394382142,7.011843394382142
2026-08-21,2028-09,put,call,jaou8_7560c,75.6,0.0857615570894018,5.97,0.0,False,11,0.24646909059764208,0.4159189634594484,-0.16944987286180632,0.18432427951390992,6.731333833848762,0.7613338338487621,0.7613338338487621,12.999646793865503,7.029646793865504,7.029646793865504
2026-08-21,2028-09,put,call,jaou8_7670c,76.7,0.1002069822771249,5.62,0.0,False,11,0.24646909059764208,0.4159189634594484,-0.16944987286180632,0.18432427951390992,6.39937807805392,0.7793780780539201,0.7793780780539201,12.67256563650642,7.0525656365064195,7.0525656365064195
2026-08-21,2028-09,put,call,jaou8_7925c,79.25,0.1329126866613044,4.88,0.0,False,11,0.24646909059764208,0.4159189634594484,-0.16944987286180632,0.18432427951390992,5.685325517298399,0.8053255172983995,0.8053255172983995,11.947198489729804,7.067198489729804,7.067198489729804
2026-08-21,2028-09,put,call,jaou8_8000c,80.0,0.1423319085777961,4.68,0.0,False,11,0.24646909059764208,0.4159189634594484,-0.16944987286180632,0.18432427951390992,5.489404956499649,0.809404956499649,0.809404956499649,11.742141894714424,7.062141894714424,7.062141894714424
2026-08-24,2028-03,call,put,jaoh8_5740p,57.4,-0.2020593274838595,3.55,0.0,False,18,0.25501335287152865,0.4158820804801681,-0.16086872760863946,0.04486299226252603,2.9703448964464076,-0.5796551035535922,0.5796551035535922,7.076233405377014,3.526233405377014,3.526233405377014
2026-08-24,2028-03,call,put,jaoh8_5900p,59.0,-0.1745661869036607,3.98,0.0,False,18,0.25501335287152865,0.4158820804801681,-0.16086872760863946,0.04486299226252603,3.4670811135457207,-0.5129188864542793,0.5129188864542793,7.762693335784839,3.7826933357848387,3.7826933357848387
2026-08-24,2028-03,call,put,jaoh8_6000p,60.0,-0.1577590685872795,4.27,0.0,False,18,0.25501335287152865,0.4158820804801681,-0.16086872760863946,0.04486299226252603,3.8015235572117625,-0.4684764427882371,0.4684764427882371,8.207458236213915,3.9374582362139154,3.9374582362139154
2026-08-24,2028-03,call,put,jaoh8_6165p,61.65,-0.1306304011990269,4.79,0.0,False,18,0.25501335287152865,0.4158820804801681,-0.16086872760863946,0.04486299226252603,4.393830754359033,-0.39616924564096667,0.39616924564096667,8.96706478173194,4.17706478173194,4.17706478173194
2026-08-24,2028-03,call,put,jaoh8_6200p,62.0,-0.1249692457642886,4.9,0.0,False,18,0.25501335287152865,0.4158820804801681,-0.16086872760863946,0.04486299226252603,4.525947476022969,-0.37405252397703137,0.37405252397703137,9.132237174675316,4.232237174675316,4.232237174675316
2026-08-24,2028-03,call,put,jaoh8_6250p,62.5,-0.1169370740670243,5.07,0.0,False,18,0.25501335287152865,0.4158820804801681,-0.16086872760863946,0.04486299226252603,4.718607671277567,-0.351392328722433,0.351392328722433,9.370613341706768,4.300613341706768,4.300613341706768
2026-08-24,2028-03,call,put,jaoh8_6500p,65.0,-0.0777163609137431,5.97,0.0,False,18,0.25501335287152865,0.4158820804801681,-0.16086872760863946,0.04486299226252603,5.750652946058584,-0.21934705394141574,0.21934705394141574,10.604625306805929,4.634625306805929,4.634625306805929
2026-08-24,2028-03,call,put,jaoh8_6600p,66.0,-0.0624488887829547,6.37,0.0,False,18,0.25501335287152865,0.4158820804801681,-0.16086872760863946,0.04486299226252603,6.195184637495522,-0.1748153625044777,0.1748153625044777,11.11765742173509,4.747657421735091,4.747657421735091
2026-08-24,2028-03,call,put,jaoh8_6750p,67.5,-0.039976032930896,7.0,0.0,False,18,0.25501335287152865,0.4158820804801681,-0.16086872760863946,0.04486299226252603,6.895304750503498,-0.10469524949650211,0.10469524949650211,11.906914760585586,4.906914760585586,4.906914760585586
2026-08-24,2028-03,call,put,jaoh8_7000p,70.0,-0.0036083887600212,8.15,0.0,False,18,0.25501335287152865,0.4158820804801681,-0.16086872760863946,0.04486299226252603,8.148761984629811,-0.0012380153701894159,0.0012380153701894159,13.27471831098361,5.12471831098361,5.12471831098361
2026-08-24,2028-03,call,put,jaoh8_7450p,74.5,0.0586954945761335,10.5,0.0,False,18,0.25501335287152865,0.4158820804801681,-0.16086872760863946,0.04486299226252603,10.662855888980683,0.16285588898068326,0.16285588898068326,15.893615332653692,5.393615332653692,5.393615332653692
2026-08-24,2028-03,put,call,jaoh8_6151c,61.51,-0.1329038675891033,12.94,0.0,False,11,0.26380174771851894,0.4158820804801681,-0.15208033276164917,0.058783231349338765,12.764231430401791,-0.1757685695982083,0.1757685695982083,17.07084141187732,4.130841411877322,4.130841411877322
2026-08-24,2028-03,put,call,jaoh8_6200c,62.0,-0.1249692457642886,12.64,0.0,False,11,0.26380174771851894,0.4158820804801681,-0.15208033276164917,0.058783231349338765,12.493525986995184,-0.14647401300481633,0.14647401300481633,16.843277190580167,4.203277190580167,4.203277190580167
2026-08-24,2028-03,put,call,jaoh8_6420c,64.2,-0.0901004201134647,11.35,0.0,False,11,0.26380174771851894,0.4158820804801681,-0.15208033276164917,0.058783231349338765,11.330938185690123,-0.01906181430987708,0.01906181430987708,15.85502893498018,4.50502893498018,4.50502893498018
2026-08-24,2028-03,put,call,jaoh8_6500c,65.0,-0.0777163609137431,10.9,0.0,False,11,0.26380174771851894,0.4158820804801681,-0.15208033276164917,0.058783231349338765,10.929400455412233,0.02940045541223313,0.02940045541223313,15.509051560494132,4.609051560494132,4.609051560494132
2026-08-24,2028-03,put,call,jaoh8_6600c,66.0,-0.0624488887829547,10.36,0.0,False,11,0.26380174771851894,0.4158820804801681,-0.15208033276164917,0.058783231349338765,10.443172683865129,0.08317268386512922,0.08317268386512922,15.08654575468441,4.726545754684411,4.726545754684411
2026-08-24,2028-03,put,call,jaoh8_6775c,67.75,-0.03627917104957,9.46,0.0,False,11,0.26380174771851894,0.4158820804801681,-0.15208033276164917,0.058783231349338765,9.633574905487468,0.17357490548746668,0.17357490548746668,14.372474116089906,4.912474116089905,4.912474116089905
2026-08-24,2028-03,put,call,jaoh8_6875c,68.75,-0.0216268942626995,8.97,0.0,False,11,0.26380174771851894,0.4158820804801681,-0.15208033276164917,0.058783231349338765,9.194093488425597,0.22409348842559673,0.22409348842559673,13.978787232680334,5.0087872326803335,5.0087872326803335
2026-08-24,2028-03,put,call,jaoh8_6890c,68.9,-0.0194474527897672,8.9,0.0,False,11,0.26380174771851894,0.4158820804801681,-0.15208033276164917,0.058783231349338765,9.129598982119127,0.22959898211912666,0.22959898211912666,13.920626579949824,5.020626579949823,5.020626579949823
2026-08-24,2028-03,put,call,jaoh8_7000c,70.0,-0.0036083887600212,8.38,0.0,False,11,0.26380174771851894,0.4158820804801681,-0.15208033276164917,0.058783231349338765,8.667858049741286,0.2878580497412848,0.2878580497412848,13.501454960977396,5.121454960977395,5.121454960977395
2026-08-24,2028-03,put,call,jaoh8_7110c,71.1,0.0119837059998149,7.89,0.0,False,11,0.26380174771851894,0.4158820804801681,-0.15208033276164917,0.058783231349338765,8.22554907477311,0.3355490747731098,0.3355490747731098,13.094590487498536,5.204590487498536,5.204590487498536
2026-08-24,2028-03,put,call,jaoh8_7275c,72.75,0.0349252752422216,7.2,0.0,False,11,0.26380174771851894,0.4158820804801681,-0.15208033276164917,0.058783231349338765,7.597506857279416,0.39750685727941626,0.39750685727941626,12.506180509102498,5.306180509102497,5.306180509102497
2026-08-24,2028-03,put,call,jaoh8_7340c,73.4,0.0438203048110898,6.94,0.0,False,11,0.26380174771851894,0.4158820804801681,-0.15208033276164917,0.058783231349338765,7.361457075181243,0.42145707518124276,0.42145707518124276,12.281572439544735,5.341572439544735,5.341572439544735
2026-08-24,2028-03,put,call,jaoh8_7450c,74.5,0.0586954945761335,6.52,0.0,False,11,0.26380174771851894,0.4158820804801681,-0.15208033276164917,0.058783231349338765,6.976202262213155,0.4562022622131554,0.4562022622131554,11.910431339322503,5.390431339322504,5.390431339322504
2026-08-24,2028-03,put,call,jaoh8_7500c,75.0,0.0653844827269302,6.33,0.0,False,11,0.26380174771851894,0.4158820804801681,-0.15208033276164917,0.058783231349338765,6.806876556895481,0.4768765568954807,0.4768765568954807,11.74516902748768,5.41516902748768,5.41516902748768
2026-08-24,2028-03,put,call,jaoh8_7550c,75.5,0.0720290254455987,6.16,0.0,False,11,0.26380174771851894,0.4158820804801681,-0.15208033276164917,0.058783231349338765,6.6411003904021735,0.48110039040217334,0.48110039040217334,11.582076133401843,5.422076133401843,5.422076133401843
2026-08-24,2028-03,put,call,jaoh8_7670c,76.7,0.0877980775638302,5.75,0.0,False,11,0.26380174771851894,0.4158820804801681,-0.15208033276164917,0.058783231349338765,6.257419311595897,0.5074193115958971,0.5074193115958971,11.199682148674288,5.449682148674288,5.449682148674288
2026-08-24,2028-03,put,call,jaoh8_7700c,77.0,0.0917017910443037,5.65,0.0,False,11,0.26380174771851894,0.4158820804801681,-0.15208033276164917,0.058783231349338765,6.164566608886176,0.5145666088861756,0.5145666088861756,11.106038200408909,5.4560382004089085,5.4560382004089085
2026-08-24,2028-03,put,call,jaoh8_7775c,77.75,0.1013949202499632,5.42,0.0,False,11,0.26380174771851894,0.4158820804801681,-0.15208033276164917,0.058783231349338765,5.937682618694735,0.5176826186947352,0.5176826186947352,10.875346232469768,5.455346232469768,5.455346232469768
2026-08-24,2028-09,call,put,jaou8_5000p,50.0,-0.3210684914694143,2.52,0.0,False,16,0.23210250136399746,0.4158820804801681,-0.18377957911617065,0.07240200319154554,1.571831128490814,-0.948168871509186,0.948168871509186,5.831287595841795,3.311287595841795,3.311287595841795
2026-08-24,2028-09,call,put,jaou8_5500p,55.0,-0.2257583116650894,3.64,0.0,False,16,0.23210250136399746,0.4158820804801681,-0.18377957911617065,0.07240200319154554,2.7481438136751475,-0.8918561863248526,0.8918561863248526,7.830531115242298,4.1905311152422975,4.1905311152422975
2026-08-24,2028-09,call,put,jaou8_5700p,57.0,-0.1900402290630101,4.17,0.0,False,16,0.23210250136399746,0.4158820804801681,-0.18377957911617065,0.07240200319154554,3.3393560106020708,-0.8306439893979292,0.8306439893979292,8.708418238140915,4.538418238140915,4.538418238140915
2026-08-24,2028-09,call,put,jaou8_5740p,57.4,-0.1830471935720395,4.28,0.0,False,16,0.23210250136399746,0.4158820804801681,-0.18377957911617065,0.07240200319154554,3.4660897590340625,-0.8139102409659378,0.8139102409659378,8.88912691606193,4.609126916061929,4.609126916061929
2026-08-24,2028-09,call,put,jaou8_6165p,61.65,-0.111618267287207,5.58,0.0,False,16,0.23210250136399746,0.4158820804801681,-0.18377957911617065,0.07240200319154554,4.988142113957939,-0.5918578860420611,0.5918578860420611,10.91005276759787,5.33005276759787,5.33005276759787
2026-08-24,2028-09,call,put,jaou8_6200p,62.0,-0.1059571118524688,5.69,0.0,False,16,0.23210250136399746,0.4158820804801681,-0.18377957911617065,0.07240200319154554,5.127719453243933,-0.5622805467560674,0.5622805467560674,11.08444942758738,5.3944494275873796,5.3944494275873796
2026-08-24,2028-09,call,put,jaou8_6250p,62.5,-0.0979249401552045,5.86,0.0,False,16,0.23210250136399746,0.4158820804801681,-0.18377957911617065,0.07240200319154554,5.3308334615351365,-0.5291665384648638,0.5291665384648638,11.335648714557284,5.475648714557283,5.475648714557283
2026-08-24,2028-09,call,put,jaou8_6500p,65.0,-0.0587042270019232,6.75,0.0,False,16,0.23210250136399746,0.4158820804801681,-0.18377957911617065,0.07240200319154554,6.411255081619578,-0.33874491838042164,0.33874491838042164,12.6276096420539,5.8776096420538995,5.8776096420538995
2026-08-24,2028-09,call,put,jaou8_6750p,67.5,-0.0209638990190762,7.74,0.0,False,16,0.23210250136399746,0.4158820804801681,-0.18377957911617065,0.07240200319154554,7.59715001223821,-0.1428499877617906,0.1428499877617906,13.97939639679125,6.23939639679125,6.23939639679125
2026-08-24,2028-09,call,put,jaou8_7000p,70.0,0.0154037451517986,8.87,0.0,False,16,0.23210250136399746,0.4158820804801681,-0.18377957911617065,0.07240200319154554,8.884098200040476,0.014098200040477238,0.014098200040477238,15.386692858254532,6.516692858254533,6.516692858254533
2026-08-24,2028-09,call,put,jaou8_7450p,74.5,0.0777076284879534,11.27,0.0,False,16,0.23210250136399746,0.4158820804801681,-0.18377957911617065,0.07240200319154554,11.438092396339613,0.16809239633961326,0.16809239633961326,18.047363301624337,6.777363301624337,6.777363301624337
2026-08-24,2028-09,put,call,jaou8_6151c,61.51,-0.1138917336772835,12.35,0.0,False,11,0.2463773583736802,0.4158820804801681,-0.16950472210648793,0.1827650012835922,12.172660231074293,-0.17733976892570702,0.17733976892570702,17.745317085809077,5.3953170858090775,5.3953170858090775
2026-08-24,2028-09,put,call,jaou8_6500c,65.0,-0.0587042270019232,10.36,0.0,False,11,0.2463773583736802,0.4158820804801681,-0.16950472210648793,0.1827650012835922,10.490746155343789,0.13074615534378964,0.13074615534378964,16.340077145028648,5.980077145028648,5.980077145028648
2026-08-24,2028-09,put,call,jaou8_6570c,65.7,-0.0479925714069954,9.99,0.0,False,11,0.2463773583736802,0.4158820804801681,-0.16950472210648793,0.1827650012835922,10.17704772631909,0.18704772631908995,0.18704772631908995,16.0724120058336,6.082412005833598,6.082412005833598
2026-08-24,2028-09,put,call,jaou8_6600c,66.0,-0.0434367548711347,9.83,0.0,False,11,0.2463773583736802,0.4158820804801681,-0.16950472210648793,0.1827650012835922,10.04497035588726,0.2149703558872602,0.2149703558872602,15.959135690136302,6.129135690136302,6.129135690136302
2026-08-24,2028-09,put,call,jaou8_6650c,66.5,-0.0358895492357519,9.57,0.0,False,11,0.2463773583736802,0.4158820804801681,-0.16950472210648793,0.1827650012835922,9.827967607973873,0.25796760797387286,0.25796760797387286,15.772189028443252,6.202189028443252,6.202189028443252
2026-08-24,2028-09,put,call,jaou8_6775c,67.75,-0.01726703713775,8.93,0.0,False,11,0.2463773583736802,0.4158820804801681,-0.16950472210648793,0.1827650012835922,9.3023462156047,0.3723462156047006,0.3723462156047006,15.314809391721344,6.384809391721344,6.384809391721344
2026-08-24,2028-09,put,call,jaou8_7000c,70.0,0.0154037451517986,7.89,0.0,False,11,0.2463773583736802,0.4158820804801681,-0.16950472210648793,0.1827650012835922,8.415436637575763,0.5254366375757629,0.5254366375757629,14.525774039438494,6.635774039438494,6.635774039438494
2026-08-24,2028-09,put,call,jaou8_7110c,71.1,0.0309958399116347,7.42,0.0,False,11,0.2463773583736802,0.4158820804801681,-0.16950472210648793,0.1827650012835922,8.00863958710557,0.5886395871055701,0.5886395871055701,14.155450737392654,6.735450737392654,6.735450737392654
2026-08-24,2028-09,put,call,jaou8_7275c,72.75,0.0539374091540414,6.77,0.0,False,11,0.2463773583736802,0.4158820804801681,-0.16950472210648793,0.1827650012835922,7.430169108475469,0.6601691084754693,0.6601691084754693,13.61791919289084,6.84791919289084,6.84791919289084
2026-08-24,2028-09,put,call,jaou8_7340c,73.4,0.0628324387229096,6.53,0.0,False,11,0.2463773583736802,0.4158820804801681,-0.16950472210648793,0.1827650012835922,7.212441960294646,0.6824419602946454,0.6824419602946454,13.411833006905516,6.881833006905516,6.881833006905516
2026-08-24,2028-09,put,call,jaou8_7450c,74.5,0.0777076284879534,6.15,0.0,False,11,0.2463773583736802,0.4158820804801681,-0.16950472210648793,0.1827650012835922,6.856665336267136,0.706665336267136,0.706665336267136,13.070396793196585,6.920396793196584,6.920396793196584
2026-08-24,2028-09,put,call,jaou8_7500c,75.0,0.08439661663875,5.98,0.0,False,11,0.2463773583736802,0.4158820804801681,-0.16950472210648793,0.1827650012835922,6.700111154718578,0.7201111547185777,0.7201111547185777,12.918251264331714,6.938251264331713,6.938251264331713
2026-08-24,2028-09,put,call,jaou8_7560c,75.6,0.0923647862879269,5.78,0.0,False,11,0.2463773583736802,0.4158820804801681,-0.16950472210648793,0.1827650012835922,6.516416540669196,0.7364165406691958,0.7364165406691958,12.73815117162532,6.95815117162532,6.95815117162532
2026-08-24,2028-09,put,call,jaou8_7670c,76.7,0.1068102114756502,5.44,0.0,False,11,0.2463773583736802,0.4158820804801681,-0.16950472210648793,0.1827650012835922,6.191206717171237,0.7512067171712369,0.7512067171712369,12.414887483486709,6.974887483486708,6.974887483486708
2026-08-24,2028-09,put,call,jaou8_7925c,79.25,0.1395159158598296,4.72,0.0,False,11,0.2463773583736802,0.4158820804801681,-0.16950472210648793,0.1827650012835922,5.492431769254178,0.7724317692541787,0.7724317692541787,11.698059400252122,6.978059400252122,6.978059400252122
2026-08-24,2028-09,put,call,jaou8_8000c,80.0,0.1489351377763212,4.53,0.0,False,11,0.2463773583736802,0.4158820804801681,-0.16950472210648793,0.1827650012835922,5.3008978317685935,0.7708978317685933,0.7708978317685933,11.49547448779975,6.96547448779975,6.96547448779975
2026-08-25,2026-09,call,put,jaou6_7200p,72.0,-0.1295208358296683,0.26,0.0,False,18,0.48186700116212317,0.4159071885081959,0.06595981265392725,0.0015250170007150782,0.3612269282667828,0.10122692826678281,0.10122692826678281,0.1955384725992357,-0.0644615274007643,0.0644615274007643
2026-08-25,2026-09,call,put,jaou6_7400p,74.0,-0.1021218616415538,0.47,0.0,False,18,0.48186700116212317,0.4159071885081959,0.06595981265392725,0.0015250170007150782,0.6355861751013601,0.1655861751013601,0.1655861751013601,0.3929285639119337,-0.07707143608806627,0.07707143608806627
2026-08-25,2026-09,call,put,jaou6_7450p,74.5,-0.0953878294602097,0.55,0.0,False,18,0.48186700116212317,0.4159071885081959,0.06595981265392725,0.0015250170007150782,0.7240671121504949,0.17406711215049486,0.17406711215049486,0.4607838151335529,-0.08921618486644717,0.08921618486644717
2026-08-25,2026-09,call,put,jaou6_7500p,75.0,-0.0886988413094132,0.63,50.0,True,18,0.48186700116212317,0.4159071885081959,0.06595981265392725,0.0015250170007150782,0.8214726602032574,0.19147266020325737,0.19147266020325737,0.5374692646914238,-0.09253073530857625,0.09253073530857625
2026-08-25,2026-09,call,put,jaou6_7600p,76.0,-0.0754536145593925,0.82,0.0,False,18,0.48186700116212317,0.4159071885081959,0.06595981265392725,0.0015250170007150782,1.0448582019832777,0.22485820198327777,0.22485820198327777,0.7198069709895422,-0.10019302901045779,0.10019302901045779
2026-08-25,2026-09,call,put,jaou6_7750p,77.5,-0.0559090184864222,1.19,0.0,False,18,0.48186700116212317,0.4159071885081959,0.06595981265392725,0.0015250170007150782,1.4574251658278357,0.2674251658278357,0.2674251658278357,1.0759383308323034,-0.11406166916769656,0.11406166916769656
2026-08-25,2026-09,call,put,jaou6_7800p,78.0,-0.0494781281561319,1.33,0.0,False,18,0.48186700116212317,0.4159071885081959,0.06595981265392725,0.0015250170007150782,1.6169952460074666,0.2869952460074665,0.2869952460074665,1.2188263772978798,-0.11117362270212028,0.11117362270212028
2026-08-25,2026-09,call,put,jaou6_8000p,80.0,-0.024160320171842,2.06,0.0,False,18,0.48186700116212317,0.4159071885081959,0.06595981265392725,0.0015250170007150782,2.372106791909291,0.312106791909291,0.312106791909291,1.9219829512099615,-0.1380170487900385,0.1380170487900385
2026-08-25,2026-09,call,put,jaou6_8200p,82.0,0.0005322924185295,3.02,0.0,False,18,0.48186700116212317,0.4159071885081959,0.06595981265392725,0.0015250170007150782,3.319603669232963,0.2996036692329631,0.2996036692329631,2.8479332339679337,-0.17206676603206628,0.17206676603206628
2026-08-25,2026-09,call,put,jaou6_8250p,82.5,0.0066113384949117,3.3,0.0,False,18,0.48186700116212317,0.4159071885081959,0.06595981265392725,0.0015250170007150782,3.5865341601658725,0.28653416016587263,0.28653416016587263,3.1146900004936726,-0.1853099995063272,0.1853099995063272
2026-08-25,2026-09,put,call,jaou6_9100c,91.0,0.1046725516711264,0.65,0.0,False,10,0.4363855149775026,0.4159071885081959,0.020478326469306696,0.00019053532968007282,0.5049868817278329,-0.14501311827216712,0.14501311827216712,0.4221123313115121,-0.22788766868848792,0.22788766868848792
2026-08-25,2026-09,put,call,jaou6_9150c,91.5,0.110152017435752,0.59,0.0,False,10,0.4363855149775026,0.4159071885081959,0.020478326469306696,0.00019053532968007282,0.4491860055621642,-0.14081399443783577,0.14081399443783577,0.3721222869251582,-0.21787771307484177,0.21787771307484177
2026-08-25,2026-09,put,call,jaou6_9196c,91.96,0.1151667450492569,0.55,0.0,False,10,0.4363855149775026,0.4159071885081959,0.020478326469306696,0.00019053532968007282,0.4026339152108411,-0.14736608478915897,0.14736608478915897,0.3306028087370734,-0.21939719126292667,0.21939719126292667
2026-08-25,2026-09,put,call,jaou6_9200c,92.0,0.1156016222033167,0.54,0.0,False,10,0.4363855149775026,0.4159071885081959,0.020478326469306696,0.00019053532968007282,0.398791264060941,-0.14120873593905903,0.14120873593905903,0.327183091182183,-0.21281690881781706,0.21281690881781706
2026-08-25,2026-09,put,call,jaou6_9225c,92.25,0.1183153280749129,0.52,0.0,False,10,0.4363855149775026,0.4159071885081959,0.020478326469306696,0.00019053532968007282,0.37548911154348297,-0.14451088845651705,0.14451088845651705,0.3064829681506458,-0.21351703184935422,0.21351703184935422
2026-08-25,2026-09,put,call,jaou6_9250c,92.5,0.1210216896726558,0.5,0.0,False,10,0.4363855149775026,0.4159071885081959,0.020478326469306696,0.00019053532968007282,0.35338233392020846,-0.14661766607979154,0.14661766607979154,0.2869239446833223,-0.21307605531667773,0.21307605531667773
2026-08-25,2026-09,put,call,jaou6_9435c,94.35,0.1408243169688355,0.37,0.0,False,10,0.4363855149775026,0.4159071885081959,0.020478326469306696,0.00019053532968007282,0.2223175220964973,-0.1476824779035027,0.1476824779035027,0.1732976575711771,-0.1967023424288229,0.1967023424288229
2026-08-25,2026-09,put,call,jaou6_9500c,95.0,0.1476899367548172,0.33,0.0,False,10,0.4363855149775026,0.4159071885081959,0.020478326469306696,0.00019053532968007282,0.1877935157623172,-0.1422064842376828,0.1422064842376828,0.1441676180714921,-0.18583238192850793,0.18583238192850793
2026-08-25,2026-09,put,call,jaou6_9800c,98.0,0.1787805238248483,0.2,0.0,False,10,0.4363855149775026,0.4159071885081959,0.020478326469306696,0.00019053532968007282,0.08292081822739165,-0.11707918177260836,0.11707918177260836,0.0594213546137418,-0.1405786453862582,0.1405786453862582
2026-08-25,2026-09,put,call,jaou6_10000c,100.0,0.1989832311423677,0.15,0.0,False,10,0.4363855149775026,0.4159071885081959,0.020478326469306696,0.00019053532968007282,0.046484380771009075,-0.10351561922899091,0.10351561922899091,0.031779359219894,-0.118220640780106,0.118220640780106
2026-08-25,2026-09,put,call,jaou6_10205c,102.05,0.2192759344101301,0.11,0.0,False,10,0.4363855149775026,0.4159071885081959,0.020478326469306696,0.00019053532968007282,0.025010885564269295,-0.0849891144357307,0.0849891144357307,0.0159577300348504,-0.0940422699651496,0.0940422699651496
2026-08-25,2026-09,put,call,jaou6_10240c,102.4,0.2226997577596839,0.1,0.0,False,10,0.4363855149775026,0.4159071885081959,0.020478326469306696,0.00019053532968007282,0.022441195186897512,-0.0775588048131025,0.0775588048131025,0.0141273998101133,-0.08587260018988671,0.08587260018988671
2026-08-25,2026-09,put,call,jaou6_10300c,103.0,0.2285420333839121,0.09,0.0,False,10,0.4363855149775026,0.4159071885081959,0.020478326469306696,0.00019053532968007282,0.01860318432619664,-0.07139681567380335,0.07139681567380335,0.011435716149007,-0.078564283850993,0.078564283850993
2026-08-25,2026-09,put,call,jaou6_10500c,105.0,0.2477733953117996,0.07,0.0,False,10,0.4363855149775026,0.4159071885081959,0.020478326469306696,0.00019053532968007282,0.009804693778034059,-0.06019530622196595,0.06019530622196595,0.0054606380662561,-0.0645393619337439,0.0645393619337439
2026-08-25,2026-09,put,call,jaou6_10520c,105.2,0.2496763454578859,0.07,0.0,False,10,0.4363855149775026,0.4159071885081959,0.020478326469306696,0.00019053532968007282,0.009184844658483415,-0.06081515534151659,0.06081515534151659,0.0050535936573057,-0.0649464063426943,0.0649464063426943
2026-08-25,2026-09,put,call,jaou6_10825c,108.25,0.2782564120368756,0.04,0.0,False,10,0.4363855149775026,0.4159071885081959,0.020478326469306696,0.00019053532968007282,0.003302127438531275,-0.036697872561468725,0.036697872561468725,0.0014145743475558,-0.0385854256524442,0.0385854256524442
2026-08-25,2026-09,put,call,jaou6_11000c,110.0,0.2942934109466926,0.04,0.0,False,10,0.4363855149775026,0.4159071885081959,0.020478326469306696,0.00019053532968007282,0.0017962470022468535,-0.038203752997753145,0.038203752997753145,0.0006452057414716,-0.0393547942585284,0.0393547942585284
2026-08-25,2026-09,put,call,jaou6_11500c,115.0,0.3387451735175264,0.02,0.0,False,10,0.4363855149775026,0.4159071885081959,0.020478326469306696,0.00019053532968007282,0.00029107277065570263,-0.019708927229344298,0.019708927229344298,8.781416696367297e-05,-0.019912185833036326,0.019912185833036326
2026-08-25,2026-11,call,put,jaox6_7200p,72.0,-0.089176689737185,2.84,0.0,False,16,0.4620108530254912,0.4159071885081959,0.046103664517295306,0.02728422328561393,3.5345255386584737,0.6945255386584739,0.6945255386584739,2.9801147328425124,0.14011473284251252,0.14011473284251252
2026-08-25,2026-11,call,put,jaox6_7400p,74.0,-0.0617777155490706,3.61,0.0,False,16,0.4620108530254912,0.4159071885081959,0.046103664517295306,0.02728422328561393,4.330438480153456,0.7204384801534558,0.7204384801534558,3.738661324243243,0.12866132424324306,0.12866132424324306
2026-08-25,2026-11,call,put,jaox6_7450p,74.5,-0.0550436833677265,3.82,0.0,False,16,0.4620108530254912,0.4159071885081959,0.046103664517295306,0.02728422328561393,4.544842032760709,0.724842032760709,0.724842032760709,3.9451680790681714,0.1251680790681715,0.1251680790681715
2026-08-25,2026-11,call,put,jaox6_7500p,75.0,-0.0483546952169298,4.05,0.0,False,16,0.4620108530254912,0.4159071885081959,0.046103664517295306,0.02728422328561393,4.7654075107298715,0.7154075107298716,0.7154075107298716,4.158412757157486,0.10841275715748644,0.10841275715748644
2026-08-25,2026-11,call,put,jaox6_7600p,76.0,-0.0351094684669092,4.51,0.0,False,16,0.4620108530254912,0.4159071885081959,0.046103664517295306,0.02728422328561393,5.224959067924899,0.7149590679248989,0.7149590679248989,4.60541995351281,0.09541995351281063,0.09541995351281063
2026-08-25,2026-11,call,put,jaox6_7800p,78.0,-0.0091339820636486,5.53,0.0,False,16,0.4620108530254912,0.4159071885081959,0.046103664517295306,0.02728422328561393,6.216969516453877,0.6869695164538765,0.6869695164538765,5.580473125455089,0.05047312545508831,0.05047312545508831
2026-08-25,2026-11,call,put,jaox6_8000p,80.0,0.0161838259206412,6.67,0.0,False,16,0.4620108530254912,0.4159071885081959,0.046103664517295306,0.02728422328561393,7.303947677487341,0.6339476774873409,0.6339476774873409,6.659795091080414,-0.010204908919585698,0.010204908919585698
2026-08-25,2026-11,call,put,jaox6_8200p,82.0,0.0408764385110127,7.92,0.0,False,16,0.4620108530254912,0.4159071885081959,0.046103664517295306,0.02728422328561393,8.482179313185858,0.5621793131858581,0.5621793131858581,7.840647429516188,-0.07935257048381228,0.07935257048381228
2026-08-25,2026-11,call,put,jaox6_9000p,90.0,0.1339668615770246,13.8,0.0,False,16,0.4620108530254912,0.4159071885081959,0.046103664517295306,0.02728422328561393,14.004791222033056,0.20479122203305522,0.20479122203305522,13.454917306112076,-0.34508269388792456,0.34508269388792456
2026-08-25,2026-11,put,call,jaox6_8950c,89.5,0.1283958165275692,2.77,0.0,False,9,0.4150549870416722,0.4159071885081959,-0.0008522014665237054,0.021506969497557937,2.370178467744927,-0.3998215322550731,0.3998215322550731,2.408439825611791,-0.3615601743882091,0.3615601743882091
2026-08-25,2026-11,put,call,jaox6_9000c,90.0,0.1339668615770246,2.68,0.0,False,9,0.4150549870416722,0.4159071885081959,-0.0008522014665237054,0.021506969497557937,2.2628111598723324,-0.41718884012766777,0.41718884012766777,2.300853633011174,-0.379146366988826,0.379146366988826
2026-08-25,2026-11,put,call,jaox6_9025c,90.25,0.1367407884597499,2.63,0.0,False,9,0.4150549870416722,0.4159071885081959,-0.0008522014665237054,0.021506969497557937,2.210701942233504,-0.419298057766496,0.419298057766496,2.248629784254784,-0.3813702157452159,0.3813702157452159
2026-08-25,2026-11,put,call,jaox6_9100c,91.0,0.1450166977636097,2.5,0.0,False,9,0.4150549870416722,0.4159071885081959,-0.0008522014665237054,0.021506969497557937,2.060492214664568,-0.4395077853354321,0.4395077853354321,2.0982867725254977,-0.40171322747450233,0.40171322747450233
2026-08-25,2026-11,put,call,jaox6_9196c,91.96,0.1555108911417403,2.34,0.0,False,9,0.4150549870416722,0.4159071885081959,-0.0008522014665237054,0.021506969497557937,1.8811045876682222,-0.45889541233177766,0.45889541233177766,1.9189598424270664,-0.42104015757293345,0.42104015757293345
2026-08-25,2026-11,put,call,jaox6_9200c,92.0,0.1559457682957998,2.34,0.0,False,9,0.4150549870416722,0.4159071885081959,-0.0008522014665237054,0.021506969497557937,1.8739329570986314,-0.46606704290136847,0.46606704290136847,1.911783978560784,-0.4282160214392159,0.4282160214392159
2026-08-25,2026-11,put,call,jaox6_9225c,92.25,0.1586594741673961,2.3,0.0,False,9,0.4150549870416722,0.4159071885081959,-0.0008522014665237054,0.021506969497557937,1.82964507564286,-0.4703549243571399,0.4703549243571399,1.867464163243144,-0.4325358367568559,0.4325358367568559
2026-08-25,2026-11,put,call,jaox6_9348c,93.48,0.1719047009174169,2.12,0.0,False,9,0.4150549870416722,0.4159071885081959,-0.0008522014665237054,0.021506969497557937,1.624752377677291,-0.49524762232270914,0.49524762232270914,1.6621556786955625,-0.45784432130443764,0.45784432130443764
2026-08-25,2026-11,put,call,jaox6_9353c,93.53,0.1724394316932191,2.11,0.0,False,9,0.4150549870416722,0.4159071885081959,-0.0008522014665237054,0.021506969497557937,1.6168656943001152,-0.4931343056998847,0.4931343056998847,1.654242764057156,-0.4557572359428439,0.4557572359428439
2026-08-25,2026-11,put,call,jaox6_9435c,94.35,0.1811684630613188,2.0,0.0,False,9,0.4150549870416722,0.4159071885081959,-0.0008522014665237054,0.021506969497557937,1.492230240147601,-0.5077697598523989,0.5077697598523989,1.5291748657477775,-0.4708251342522225,0.4708251342522225
2026-08-25,2026-11,put,call,jaox6_9911c,99.11,0.2303875356653766,1.48,0.0,False,9,0.4150549870416722,0.4159071885081959,-0.0008522014665237054,0.021506969497557937,0.9228841506188267,-0.5571158493811733,0.5571158493811733,0.9582312870085032,-0.5217687129914967,0.5217687129914967
2026-08-25,2026-11,put,call,jaox6_10000c,100.0,0.2393273772348509,1.4,0.0,False,9,0.4150549870416722,0.4159071885081959,-0.0008522014665237054,0.021506969497557937,0.8413293950356093,-0.5586706049643906,0.5586706049643906,0.8760597888993134,-0.5239402111006866,0.5239402111006866
2026-08-25,2026-11,put,call,jaox6_10205c,102.05,0.2596200805026133,1.24,0.0,False,9,0.4150549870416722,0.4159071885081959,-0.0008522014665237054,0.021506969497557937,0.6778084617834449,-0.5621915382165551,0.5621915382165551,0.7104441898040997,-0.5295558101959003,0.5295558101959003
2026-08-25,2026-11,put,call,jaox6_10240c,102.4,0.2630439038521671,1.21,0.0,False,9,0.4150549870416722,0.4159071885081959,-0.0008522014665237054,0.021506969497557937,0.6529877838895073,-0.5570122161104927,0.5570122161104927,0.685140173566073,-0.5248598264339269,0.5248598264339269
2026-08-25,2026-11,put,call,jaox6_10500c,105.0,0.2881175414042831,1.04,0.0,False,9,0.4150549870416722,0.4159071885081959,-0.0008522014665237054,0.021506969497557937,0.49317062155000685,-0.5468293784499931,0.5468293784499931,0.5214051755192369,-0.5185948244807631,0.5185948244807631
2026-08-25,2026-11,put,call,jaox6_10800c,108.0,0.3162884183709792,0.88,0.0,False,9,0.4150549870416722,0.4159071885081959,-0.0008522014665237054,0.021506969497557937,0.354085606979759,-0.525914393020241,0.525914393020241,0.377045493687296,-0.502954506312704,0.502954506312704
2026-08-25,2027-03,call,put,jaoh7_6800p,68.0,-0.0873501942648807,4.54,0.0,False,13,0.3549950750764832,0.4159071885081959,-0.06091211343171271,0.00432706103020838,4.573815049142022,0.033815049142021714,0.033815049142021714,5.752648828172831,1.2126488281728314,1.2126488281728314
2026-08-25,2027-03,call,put,jaoh7_6900p,69.0,-0.072751394843728,4.94,0.0,False,13,0.3549950750764832,0.4159071885081959,-0.06091211343171271,0.00432706103020838,4.993825127138407,0.05382512713840626,0.05382512713840626,6.1990985191075945,1.259098519107594,1.259098519107594
2026-08-25,2027-03,call,put,jaoh7_7000p,70.0,-0.0583626573916284,5.35,0.0,False,13,0.3549950750764832,0.4159071885081959,-0.06091211343171271,0.00432706103020838,5.435237403622053,0.08523740362205334,0.08523740362205334,6.663805101975384,1.313805101975384,1.313805101975384
2026-08-25,2027-03,call,put,jaoh7_7100p,71.0,-0.0441780223996719,5.8,0.0,False,13,0.3549950750764832,0.4159071885081959,-0.06091211343171271,0.00432706103020838,5.897887239125451,0.09788723912545105,0.09788723912545105,7.1462406477747065,1.3462406477747066,1.3462406477747066
2026-08-25,2027-03,call,put,jaoh7_7150p,71.5,-0.0371604497410254,6.03,0.0,False,13,0.3549950750764832,0.4159071885081959,-0.06091211343171271,0.00432706103020838,6.1371085206365334,0.1071085206365332,0.1071085206365332,7.39432794905614,1.3643279490561397,1.3643279490561397
2026-08-25,2027-03,call,put,jaoh7_7400p,74.0,-0.0027928062368177,7.28,0.0,False,13,0.3549950750764832,0.4159071885081959,-0.06091211343171271,0.00432706103020838,7.410756344101862,0.13075634410186154,0.13075634410186154,8.69935171821489,1.41935171821489,1.41935171821489
2026-08-25,2027-03,call,put,jaoh7_7450p,74.5,0.0039412259445263,7.55,0.0,False,13,0.3549950750764832,0.4159071885081959,-0.06091211343171271,0.00432706103020838,7.680696953314036,0.13069695331403608,0.13069695331403608,8.97323343590668,1.4232334359066803,1.4232334359066803
2026-08-25,2027-03,call,put,jaoh7_7500p,75.0,0.010630214095323,7.82,0.0,False,13,0.3549950750764832,0.4159071885081959,-0.06091211343171271,0.00432706103020838,7.955595878267257,0.1355958782672566,0.1355958782672566,9.251308061498046,1.4313080614980453,1.4313080614980453
2026-08-25,2027-03,put,call,jaoh7_8000c,80.0,0.0751687352328942,5.23,0.0,False,8,0.35017469440835897,0.4159071885081959,-0.06573249409983695,0.001001354770016022,5.205839073926865,-0.02416092607313569,0.02416092607313569,6.590693254124833,1.3606932541248327,1.3606932541248327
2026-08-25,2027-03,put,call,jaoh7_8025c,80.25,0.0782888625691377,5.15,0.0,False,8,0.35017469440835897,0.4159071885081959,-0.06573249409983695,0.001001354770016022,5.124112242942837,-0.02588775705716362,0.02588775705716362,6.506533322505755,1.3565333225057543,1.3565333225057543
2026-08-25,2027-03,put,call,jaoh7_8075c,80.75,0.0845000626617785,5.0,0.0,False,8,0.35017469440835897,0.4159071885081959,-0.06573249409983695,0.001001354770016022,4.96387022528419,-0.03612977471580958,0.03612977471580958,6.340926478941181,1.3409264789411814,1.3409264789411814
2026-08-25,2027-03,put,call,jaoh7_8102c,81.02,0.087838138333557,4.92,0.0,False,8,0.35017469440835897,0.4159071885081959,-0.06573249409983695,0.001001354770016022,4.8790996575603245,-0.04090034243967544,0.04090034243967544,6.252993481675202,1.332993481675202,1.332993481675202
2026-08-25,2027-03,put,call,jaoh7_8150c,81.5,0.0937451208058295,4.78,0.0,False,8,0.35017469440835897,0.4159071885081959,-0.06573249409983695,0.001001354770016022,4.731400595695452,-0.048599404304548344,0.048599404304548344,6.099271604437719,1.319271604437719,1.319271604437719
2026-08-25,2027-03,put,call,jaoh7_8185c,81.85,0.0980304043761564,4.68,0.0,False,8,0.35017469440835897,0.4159071885081959,-0.06573249409983695,0.001001354770016022,4.626096329383559,-0.053903670616440635,0.053903670616440635,5.989307332094341,1.309307332094341,1.309307332094341
2026-08-25,2027-03,put,call,jaoh7_8342c,83.42,0.1170301893278117,4.27,0.0,False,8,0.35017469440835897,0.4159071885081959,-0.06573249409983695,0.001001354770016022,4.177848501599041,-0.09215149840095815,0.09215149840095815,5.517344153834709,1.2473441538347094,1.2473441538347094
2026-08-25,2027-03,put,call,jaoh7_8500c,85.0,0.1357933570493289,3.89,0.0,False,8,0.35017469440835897,0.4159071885081959,-0.06573249409983695,0.001001354770016022,3.7648302624744794,-0.12516973752552074,0.12516973752552074,5.07524783926688,1.18524783926688,1.18524783926688
2026-08-25,2027-03,put,call,jaoh7_8525c,85.25,0.1387302167226387,3.84,0.0,False,8,0.35017469440835897,0.4159071885081959,-0.06573249409983695,0.001001354770016022,3.7028246153522413,-0.13717538464775858,0.13717538464775858,5.008198490208231,1.1681984902082307,1.1681984902082307
2026-08-25,2027-03,put,call,jaoh7_8575c,85.75,0.1445781866050619,3.73,0.0,False,8,0.35017469440835897,0.4159071885081959,-0.06573249409983695,0.001001354770016022,3.5814680444721048,-0.14853195552789522,0.14853195552789522,4.876468054624359,1.1464680546243593,1.1464680546243593
2026-08-25,2027-03,put,call,jaoh7_8675c,86.75,0.1561725193859812,3.53,0.0,False,8,0.35017469440835897,0.4159071885081959,-0.06573249409983695,0.001001354770016022,3.349112335337083,-0.18088766466291695,0.18088766466291695,4.622348368064594,1.0923483680645938,1.0923483680645938
2026-08-25,2027-03,put,call,jaoh7_8700c,87.0,0.1590502192135962,3.48,0.0,False,8,0.35017469440835897,0.4159071885081959,-0.06573249409983695,0.001001354770016022,3.293126943491226,-0.18687305650877395,0.18687305650877395,4.560732444289803,1.080732444289803,1.080732444289803
2026-08-25,2027-03,put,call,jaoh7_8705c,87.05,0.1596247667732105,3.47,0.0,False,8,0.35017469440835897,0.4159071885081959,-0.06573249409983695,0.001001354770016022,3.2820289080797664,-0.18797109192023376,0.18797109192023376,4.548500625084183,1.078500625084183,1.078500625084183
2026-08-25,2027-09,call,put,jaou7_5800p,58.0,-0.206472442025637,3.29,0.0,False,20,0.29097087711724773,0.4159071885081959,-0.12493631139094818,0.014599301376777372,2.6231762490574155,-0.6668237509425845,0.6668237509425845,5.194039504698844,1.9040395046988436,1.9040395046988436
2026-08-25,2027-09,call,put,jaou7_5900p,59.0,-0.189378008666337,3.55,0.0,False,20,0.29097087711724773,0.4159071885081959,-0.12493631139094818,0.014599301376777372,2.9127730347817256,-0.6372269652182743,0.6372269652182743,5.574643328139552,2.024643328139552,2.024643328139552
2026-08-25,2027-09,call,put,jaou7_6000p,60.0,-0.1725708903499557,3.82,0.0,False,20,0.29097087711724773,0.4159071885081959,-0.12493631139094818,0.014599301376777372,3.221676336463389,-0.5983236635366107,0.5983236635366107,5.97004165413411,2.15004165413411,2.15004165413411
2026-08-25,2027-09,call,put,jaou7_6200p,62.0,-0.1397810675269648,4.41,0.0,False,20,0.29097087711724773,0.4159071885081959,-0.12493631139094818,0.014599301376777372,3.898052915664879,-0.5119470843351213,0.5119470843351213,6.806431767145516,2.3964317671455158,2.3964317671455158
2026-08-25,2027-09,call,put,jaou7_6420p,64.2,-0.1049122418761409,5.13,0.0,False,20,0.29097087711724773,0.4159071885081959,-0.12493631139094818,0.014599301376777372,4.732807704005159,-0.3971922959948406,0.3971922959948406,7.795069366160253,2.665069366160253,2.665069366160253
2026-08-25,2027-09,call,put,jaou7_6500p,65.0,-0.0925281826764193,5.42,0.0,False,20,0.29097087711724773,0.4159071885081959,-0.12493631139094818,0.014599301376777372,5.059885589627435,-0.36011441037256464,0.36011441037256464,8.171449848476687,2.751449848476687,2.751449848476687
2026-08-25,2027-09,call,put,jaou7_6750p,67.5,-0.0547878546935723,6.39,0.0,False,20,0.29097087711724773,0.4159071885081959,-0.12493631139094818,0.014599301376777372,6.161993252175549,-0.22800674782445096,0.22800674782445096,9.405650964727643,3.0156509647276435,3.0156509647276435
2026-08-25,2027-09,call,put,jaou7_6800p,68.0,-0.0474077473959497,6.59,0.0,False,20,0.29097087711724773,0.4159071885081959,-0.12493631139094818,0.014599301376777372,6.396777305116787,-0.19322269488321275,0.19322269488321275,9.662482175619989,3.0724821756199887,3.0724821756199887
2026-08-25,2027-09,call,put,jaou7_6900p,69.0,-0.0328089479747971,7.03,0.0,False,20,0.29097087711724773,0.4159071885081959,-0.12493631139094818,0.014599301376777372,6.880465837510518,-0.14953416248948237,0.14953416248948237,10.186382273529436,3.1563822735294353,3.1563822735294353
2026-08-25,2027-09,call,put,jaou7_7000p,70.0,-0.0184202105226974,7.48,0.0,False,20,0.29097087711724773,0.4159071885081959,-0.12493631139094818,0.014599301376777372,7.382739459168542,-0.09726054083145819,0.09726054083145819,10.723978221372874,3.243978221372874,3.243978221372874
2026-08-25,2027-09,call,put,jaou7_7400p,74.0,0.0371496406321133,9.51,0.0,False,20,0.29097087711724773,0.4159071885081959,-0.12493631139094818,0.014599301376777372,9.570825910847477,0.060825910847476905,0.060825910847476905,13.001368694350152,3.491368694350152,3.491368694350152
2026-08-25,2027-09,call,put,jaou7_7450p,74.5,0.0438836728134574,9.79,0.0,False,20,0.29097087711724773,0.4159071885081959,-0.12493631139094818,0.014599301376777372,9.863674734056914,0.07367473405691527,0.07367473405691527,13.299323227249795,3.509323227249796,3.509323227249796
2026-08-25,2027-09,call,put,jaou7_7500p,75.0,0.050572660964254,10.08,0.0,False,20,0.29097087711724773,0.4159071885081959,-0.12493631139094818,0.014599301376777372,10.160645576685592,0.08064557668559225,0.08064557668559225,13.60025067163958,3.5202506716395803,3.5202506716395803
2026-08-25,2027-09,put,call,jaou7_6820c,68.2,-0.04447088772264,9.65,0.0,False,13,0.3009114235123414,0.4159071885081959,-0.11499576499585451,0.083665265025557,9.723757120275641,0.07375712027564063,0.07375712027564063,12.662488383393883,3.012488383393883,3.012488383393883
2026-08-25,2027-09,put,call,jaou7_6825c,68.25,-0.0437380185069874,9.62,0.0,False,13,0.3009114235123414,0.4159071885081959,-0.11499576499585451,0.083665265025557,9.700036169887031,0.08003616988703222,0.08003616988703222,12.640654331806228,3.020654331806229,3.020654331806229
2026-08-25,2027-09,put,call,jaou7_6860c,68.6,-0.038622917840217,9.44,0.0,False,13,0.3009114235123414,0.4159071885081959,-0.11499576499585451,0.083665265025557,9.535260417669866,0.09526041766986637,0.09526041766986637,12.488782489831916,3.0487824898319165,3.0487824898319165
2026-08-25,2027-09,put,call,jaou7_6900c,69.0,-0.0328089479747971,9.23,0.0,False,13,0.3009114235123414,0.4159071885081959,-0.11499576499585451,0.083665265025557,9.34965722995251,0.11965722995250871,0.11965722995250871,12.317303020809891,3.087303020809891,3.087303020809891
2026-08-25,2027-09,put,call,jaou7_6905c,69.05,-0.0320845727167553,9.2,0.0,False,13,0.3009114235123414,0.4159071885081959,-0.11499576499585451,0.083665265025557,9.32665935300765,0.12665935300764986,0.12665935300764986,12.296024874439215,3.096024874439216,3.096024874439216
2026-08-25,2027-09,put,call,jaou7_6930c,69.3,-0.028470546376199,9.08,0.0,False,13,0.3009114235123414,0.4159071885081959,-0.11499576499585451,0.083665265025557,9.2123424157049,0.13234241570489935,0.13234241570489935,12.19014285236052,3.1101428523605197,3.1101428523605197
2026-08-25,2027-09,put,call,jaou7_7000c,70.0,-0.0184202105226974,8.73,0.0,False,13,0.3009114235123414,0.4159071885081959,-0.11499576499585451,0.083665265025557,8.898182957208663,0.1681829572086624,0.1681829572086624,11.898133366849176,3.168133366849176,3.168133366849176
2026-08-25,2027-09,put,call,jaou7_7110c,71.1,-0.0028281157628613,8.2,0.0,False,13,0.3009114235123414,0.4159071885081959,-0.11499576499585451,0.083665265025557,8.421933978884796,0.22193397888479716,0.22193397888479716,11.452317527092344,3.2523175270923446,3.2523175270923446
2026-08-25,2027-09,put,call,jaou7_7200c,72.0,0.0097506664439987,7.78,0.0,False,13,0.3009114235123414,0.4159071885081959,-0.11499576499585451,0.083665265025557,8.047842183427491,0.2678421834274909,0.2678421834274909,11.099032847957645,3.3190328479576445,3.3190328479576445
2026-08-25,2027-09,put,call,jaou7_7335c,73.35,0.028327052016934,7.2,0.0,False,13,0.3009114235123414,0.4159071885081959,-0.11499576499585451,0.083665265025557,7.512347937408058,0.3123479374080578,0.3123479374080578,10.587255241756274,3.3872552417562742,3.3872552417562742
2026-08-25,2027-09,put,call,jaou7_7400c,74.0,0.0371496406321133,6.93,0.0,False,13,0.3009114235123414,0.4159071885081959,-0.11499576499585451,0.083665265025557,7.265247826311818,0.33524782631181793,0.33524782631181793,10.348461432609852,3.4184614326098526,3.4184614326098526
2026-08-25,2027-09,put,call,jaou7_7450c,74.5,0.0438836728134574,6.73,0.0,False,13,0.3009114235123414,0.4159071885081959,-0.11499576499585451,0.083665265025557,7.079820086878998,0.34982008687899757,0.34982008687899757,10.16803316460742,3.43803316460742,3.43803316460742
2026-08-25,2027-09,put,call,jaou7_7500c,75.0,0.050572660964254,6.53,0.0,False,13,0.3009114235123414,0.4159071885081959,-0.11499576499585451,0.083665265025557,6.898377964089173,0.36837796408917267,0.36837796408917267,9.990577808095129,3.4605778080951284,3.4605778080951284
2026-08-25,2027-09,put,call,jaou7_7542c,75.42,0.0561570392581547,6.37,0.0,False,13,0.3009114235123414,0.4159071885081959,-0.11499576499585451,0.083665265025557,6.749007953785315,0.37900795378531527,0.37900795378531527,9.843652836256224,3.473652836256224,3.473652836256224
2026-08-25,2027-09,put,call,jaou7_7550c,75.5,0.0572172036829224,6.34,0.0,False,13,0.3009114235123414,0.4159071885081959,-0.11499576499585451,0.083665265025557,6.720868511507566,0.3808685115075665,0.3808685115075665,9.815887498604503,3.4758874986045036,3.4758874986045036
2026-08-25,2027-09,put,call,jaou7_7600c,76.0,0.0638178877142745,6.16,0.0,False,13,0.3009114235123414,0.4159071885081959,-0.11499576499585451,0.083665265025557,6.547238013809066,0.38723801380906586,0.38723801380906586,9.643991697313757,3.4839916973137566,3.4839916973137566
2026-08-25,2027-09,put,call,jaou7_7610c,76.1,0.0651328122955836,6.12,0.0,False,13,0.3009114235123414,0.4159071885081959,-0.11499576499585451,0.083665265025557,6.51297261264088,0.3929726126408797,0.3929726126408797,9.609942479455864,3.4899424794558636,3.4899424794558636
2026-08-25,2027-09,put,call,jaou7_7705c,77.05,0.0775391091940681,5.79,0.0,False,13,0.3009114235123414,0.4159071885081959,-0.11499576499585451,0.083665265025557,6.194997216983345,0.4049972169833449,0.4049972169833449,9.29179184086589,3.5017918408658906,3.5017918408658906
2026-08-25,2027-09,put,call,jaou7_7710c,77.1,0.0781878279972273,5.77,0.0,False,13,0.3009114235123414,0.4159071885081959,-0.11499576499585451,0.083665265025557,6.178635852102231,0.40863585210223174,0.40863585210223174,9.275315532475332,3.5053155324753327,3.5053155324753327
2026-08-25,2027-09,put,call,jaou7_7725c,77.25,0.0801314632057983,5.72,0.0,False,13,0.3009114235123414,0.4159071885081959,-0.11499576499585451,0.083665265025557,6.129773706261845,0.40977370626184495,0.40977370626184495,9.226052096777751,3.5060520967777515,3.5060520967777515
2026-08-25,2028-03,call,put,jaoh8_5740p,57.4,-0.1936818205616514,3.69,0.0,False,18,0.25629516230949645,0.4159071885081959,-0.15961202619869946,0.03979333864122047,3.11779105050333,-0.57220894949667,0.57220894949667,7.217387817576194,3.527387817576194,3.527387817576194
2026-08-25,2028-03,call,put,jaoh8_5900p,59.0,-0.1661886799814528,4.14,0.0,False,18,0.25629516230949645,0.4159071885081959,-0.15961202619869946,0.03979333864122047,3.631104403607944,-0.5088955963920556,0.5088955963920556,7.913825313066123,3.7738253130661237,3.7738253130661237
2026-08-25,2028-03,call,put,jaoh8_6000p,60.0,-0.1493815616650715,4.44,0.0,False,18,0.25629516230949645,0.4159071885081959,-0.15961202619869946,0.03979333864122047,3.97610538292024,-0.46389461707976043,0.46389461707976043,8.364776789762878,3.924776789762878,3.924776789762878
2026-08-25,2028-03,call,put,jaoh8_6165p,61.65,-0.1222528942768188,4.97,0.0,False,18,0.25629516230949645,0.4159071885081959,-0.15961202619869946,0.03979333864122047,4.5860747930114485,-0.38392520698855126,0.38392520698855126,9.134670371355124,4.1646703713551245,4.1646703713551245
2026-08-25,2028-03,call,put,jaoh8_6200p,62.0,-0.1165917388420807,5.08,0.0,False,18,0.25629516230949645,0.4159071885081959,-0.15961202619869946,0.03979333864122047,4.721966393364795,-0.358033606635205,0.358033606635205,9.302025512266413,4.222025512266413,4.222025512266413
2026-08-25,2028-03,call,put,jaoh8_6250p,62.5,-0.1085595671448163,5.26,0.0,False,18,0.25629516230949645,0.4159071885081959,-0.15961202619869946,0.03979333864122047,4.920031458360067,-0.33996854163993273,0.33996854163993273,9.54354696221605,4.28354696221605,4.28354696221605
2026-08-25,2028-03,call,put,jaoh8_6500p,65.0,-0.0693388539915351,6.19,0.0,False,18,0.25629516230949645,0.4159071885081959,-0.15961202619869946,0.03979333864122047,5.979202508933056,-0.2107974910669448,0.2107974910669448,10.79342443025681,4.603424430256809,4.603424430256809
2026-08-25,2028-03,call,put,jaoh8_6600p,66.0,-0.0540713818607467,6.6,0.0,False,18,0.25629516230949645,0.4159071885081959,-0.15961202619869946,0.03979333864122047,6.434571512682186,-0.165428487317814,0.165428487317814,11.312645819105793,4.712645819105793,4.712645819105793
2026-08-25,2028-03,call,put,jaoh8_6750p,67.5,-0.031598526008688,7.25,0.0,False,18,0.25629516230949645,0.4159071885081959,-0.15961202619869946,0.03979333864122047,7.150858486493821,-0.09914151350617928,0.09914151350617928,12.111437308050316,4.861437308050316,4.861437308050316
2026-08-25,2028-03,call,put,jaoh8_7000p,70.0,0.0047691181621866,8.42,0.0,False,18,0.25629516230949645,0.4159071885081959,-0.15961202619869946,0.03979333864122047,8.430844851061336,0.010844851061335703,0.010844851061335703,13.495406777713796,5.075406777713797,5.075406777713797
2026-08-25,2028-03,call,put,jaoh8_7450p,74.5,0.0670730014983416,10.83,0.0,False,18,0.25629516230949645,0.4159071885081959,-0.15961202619869946,0.03979333864122047,10.99059084424652,0.1605908442465207,0.1605908442465207,16.14231229251773,5.3123122925177295,5.3123122925177295
2026-08-25,2028-03,put,call,jaoh8_6151c,61.51,-0.1245263606668953,12.57,0.0,False,11,0.2648361798697932,0.4159071885081959,-0.15107100863840273,0.05706283598125708,12.408931507892312,-0.16106849210768814,0.16106849210768814,16.696900752031645,4.126900752031645,4.126900752031645
2026-08-25,2028-03,put,call,jaoh8_6200c,62.0,-0.1165917388420807,12.28,0.0,False,11,0.2648361798697932,0.4159071885081959,-0.15107100863840273,0.05706283598125708,12.142813867968467,-0.13718613203153218,0.13718613203153218,16.47193901610012,4.19193901610012,4.19193901610012
2026-08-25,2028-03,put,call,jaoh8_6420c,64.2,-0.0817229131912567,11.01,0.0,False,11,0.2648361798697932,0.4159071885081959,-0.15107100863840273,0.05706283598125708,11.000967471867082,-0.009032528132918216,0.009032528132918216,15.495494296176622,4.485494296176622,4.485494296176622
2026-08-25,2028-03,put,call,jaoh8_6500c,65.0,-0.0693388539915351,10.57,0.0,False,11,0.2648361798697932,0.4159071885081959,-0.15107100863840273,0.05706283598125708,10.60699696839355,0.03699696839355049,0.03699696839355049,15.153957264507971,4.583957264507971,4.583957264507971
2026-08-25,2028-03,put,call,jaoh8_6600c,66.0,-0.0540713818607467,10.04,0.0,False,11,0.2648361798697932,0.4159071885081959,-0.15107100863840273,0.05706283598125708,10.13021979223628,0.0902197922362813,0.0902197922362813,14.736718430162773,4.696718430162774,4.696718430162774
2026-08-25,2028-03,put,call,jaoh8_6775c,67.75,-0.0279016641273619,9.16,0.0,False,11,0.2648361798697932,0.4159071885081959,-0.15107100863840273,0.05706283598125708,9.337078291699672,0.17707829169967226,0.17707829169967226,14.032132459911448,4.872132459911448,4.872132459911448
2026-08-25,2028-03,put,call,jaoh8_6875c,68.75,-0.0132493873404915,8.68,0.0,False,11,0.2648361798697932,0.4159071885081959,-0.15107100863840273,0.05706283598125708,8.906919799858608,0.22691979985860833,0.22691979985860833,13.643952426544049,4.963952426544049,4.963952426544049
2026-08-25,2028-03,put,call,jaoh8_6890c,68.9,-0.0110699458675593,8.61,0.0,False,11,0.2648361798697932,0.4159071885081959,-0.15107100863840273,0.05706283598125708,8.843817142752082,0.23381714275208232,0.23381714275208232,13.586657479262277,4.976657479262277,4.976657479262277
2026-08-25,2028-03,put,call,jaoh8_7000c,70.0,0.0047691181621866,8.11,0.0,False,11,0.2648361798697932,0.4159071885081959,-0.15107100863840273,0.05706283598125708,8.392221784464157,0.28222178446415747,0.28222178446415747,13.17363849599404,5.06363849599404,5.06363849599404
2026-08-25,2028-03,put,call,jaoh8_7110c,71.1,0.0203612129220228,7.63,0.0,False,11,0.2648361798697932,0.4159071885081959,-0.15107100863840273,0.05706283598125708,7.959935333916546,0.32993533391654584,0.32993533391654584,12.772585059761449,5.142585059761449,5.142585059761449
2026-08-25,2028-03,put,call,jaoh8_7275c,72.75,0.0433027821644297,6.96,0.0,False,11,0.2648361798697932,0.4159071885081959,-0.15107100863840273,0.05706283598125708,7.346653536748118,0.38665353674811787,0.38665353674811787,12.193161643669526,5.2331616436695265,5.2331616436695265
2026-08-25,2028-03,put,call,jaoh8_7340c,73.4,0.0521978117332977,6.71,0.0,False,11,0.2648361798697932,0.4159071885081959,-0.15107100863840273,0.05706283598125708,7.116317229964885,0.40631722996488495,0.40631722996488495,11.97207622595279,5.26207622595279,5.26207622595279
2026-08-25,2028-03,put,call,jaoh8_7450c,74.5,0.0670730014983416,6.3,0.0,False,11,0.2648361798697932,0.4159071885081959,-0.15107100863840273,0.05706283598125708,6.740588213721065,0.4405882137210648,0.4405882137210648,11.606473006424144,5.306473006424144,5.306473006424144
2026-08-25,2028-03,put,call,jaoh8_7500c,75.0,0.0737619896491382,6.12,0.0,False,11,0.2648361798697932,0.4159071885081959,-0.15107100863840273,0.05706283598125708,6.575529764535027,0.4555297645350267,0.4555297645350267,11.44376843164728,5.32376843164728,5.32376843164728
2026-08-25,2028-03,put,call,jaoh8_7550c,75.5,0.0804065323678067,5.95,0.0,False,11,0.2648361798697932,0.4159071885081959,-0.15107100863840273,0.05706283598125708,6.413980003245467,0.4639800032454664,0.4639800032454664,11.28330099145151,5.33330099145151,5.33330099145151
2026-08-25,2028-03,put,call,jaoh8_7670c,76.7,0.0961755844860383,5.56,0.0,False,11,0.2648361798697932,0.4159071885081959,-0.15107100863840273,0.05706283598125708,6.04026912023164,0.4802691202316405,0.4802691202316405,10.907219703258914,5.347219703258914,5.347219703258914
2026-08-25,2028-03,put,call,jaoh8_7700c,77.0,0.1000792979665116,5.47,0.0,False,11,0.2648361798697932,0.4159071885081959,-0.15107100863840273,0.05706283598125708,5.9498695698731305,0.4798695698731308,0.4798695698731308,10.81515815116066,5.34515815116066,5.34515815116066
2026-08-25,2028-03,put,call,jaoh8_7775c,77.75,0.1097724271721712,5.25,0.0,False,11,0.2648361798697932,0.4159071885081959,-0.15107100863840273,0.05706283598125708,5.7290473910450475,0.47904739104504745,0.47904739104504745,10.588477953062934,5.3384779530629345,5.3384779530629345
2026-08-25,2028-09,call,put,jaou8_5000p,50.0,-0.3143240033982017,2.61,0.0,False,16,0.2332983648837514,0.4159071885081959,-0.1826088236244445,0.06371140926324828,1.6499908137402635,-0.9600091862597364,0.9600091862597364,5.920010984000111,3.3100109840001113,3.3100109840001113
2026-08-25,2028-09,call,put,jaou8_5500p,55.0,-0.2190138235938769,3.77,0.0,False,16,0.2332983648837514,0.4159071885081959,-0.1826088236244445,0.06371140926324828,2.864642320381188,-0.9053576796188119,0.9053576796188119,7.942139993112158,4.172139993112157,4.172139993112157
2026-08-25,2028-09,call,put,jaou8_5700p,57.0,-0.1832957409917976,4.31,0.0,False,16,0.2332983648837514,0.4159071885081959,-0.1826088236244445,0.06371140926324828,3.472474481975592,-0.8375255180244077,0.8375255180244077,8.829259006923325,4.519259006923325,4.519259006923325
2026-08-25,2028-09,call,put,jaou8_5740p,57.4,-0.176302705500827,4.42,0.0,False,16,0.2332983648837514,0.4159071885081959,-0.1826088236244445,0.06371140926324828,3.602592497420673,-0.8174075025793268,0.8174075025793268,9.011815383665434,4.591815383665434,4.591815383665434
2026-08-25,2028-09,call,put,jaou8_6165p,61.65,-0.1048737792159944,5.74,0.0,False,16,0.2332983648837514,0.4159071885081959,-0.1826088236244445,0.06371140926324828,5.161342462703883,-0.5786575372961176,0.5786575372961176,11.052591440341708,5.312591440341707,5.312591440341707
2026-08-25,2028-09,call,put,jaou8_6200p,62.0,-0.0992126237812562,5.86,0.0,False,16,0.2332983648837514,0.4159071885081959,-0.1826088236244445,0.06371140926324828,5.303973039687144,-0.556026960312856,0.556026960312856,11.22864830135409,5.3686483013540895,5.3686483013540895
2026-08-25,2028-09,call,put,jaou8_6250p,62.5,-0.0911804520839919,6.03,0.0,False,16,0.2332983648837514,0.4159071885081959,-0.1826088236244445,0.06371140926324828,5.5114495806977,-0.5185504193022998,0.5185504193022998,11.48223565482134,5.452235654821339,5.452235654821339
2026-08-25,2028-09,call,put,jaou8_6500p,65.0,-0.0519597389307106,6.94,0.0,False,16,0.2332983648837514,0.4159071885081959,-0.1826088236244445,0.06371140926324828,6.613619075057176,-0.326380924942824,0.326380924942824,12.786397783992689,5.846397783992688,5.846397783992688
2026-08-25,2028-09,call,put,jaou8_6750p,67.5,-0.0142194109478636,7.96,0.0,False,16,0.2332983648837514,0.4159071885081959,-0.1826088236244445,0.06371140926324828,7.820958681639688,-0.13904131836031208,0.13904131836031208,14.150434750494474,6.190434750494474,6.190434750494474
2026-08-25,2028-09,call,put,jaou8_7000p,70.0,0.0221482332230112,9.12,0.0,False,16,0.2332983648837514,0.4159071885081959,-0.1826088236244445,0.06371140926324828,9.128819134392483,0.008819134392483718,0.008819134392483718,15.569717932251596,6.4497179322515965,6.4497179322515965
2026-08-25,2028-09,call,put,jaou8_7450p,74.5,0.084452116559166,11.56,0.0,False,16,0.2332983648837514,0.4159071885081959,-0.1826088236244445,0.06371140926324828,11.718560006415299,0.1585600064152981,0.1585600064152981,18.251398975129952,6.691398975129951,6.691398975129951
2026-08-25,2028-09,put,call,jaou8_6151c,61.51,-0.1071472456060708,12.09,0.0,False,11,0.24760968068391195,0.4159071885081959,-0.16829750782428396,0.182310893018084,11.933884261244453,-0.15611573875554718,0.15611573875554718,17.472620842707272,5.382620842707272,5.382620842707272
2026-08-25,2028-09,put,call,jaou8_6500c,65.0,-0.0519597389307106,10.12,0.0,False,11,0.24760968068391195,0.4159071885081959,-0.16829750782428396,0.182310893018084,10.275855347524768,0.15585534752476882,0.15585534752476882,16.079281318594013,5.959281318594014,5.959281318594014
2026-08-25,2028-09,put,call,jaou8_6570c,65.7,-0.0412480833357829,9.75,0.0,False,11,0.24760968068391195,0.4159071885081959,-0.16829750782428396,0.182310893018084,9.966893180272946,0.21689318027294568,0.21689318027294568,15.814104602124186,6.064104602124186,6.064104602124186
2026-08-25,2028-09,put,call,jaou8_6600c,66.0,-0.0366922667999222,9.59,0.0,False,11,0.24760968068391195,0.4159071885081959,-0.16829750782428396,0.182310893018084,9.83683697965462,0.2468369796546206,0.2468369796546206,15.7018627977951,6.1118627977951,6.1118627977951
2026-08-25,2028-09,put,call,jaou8_6650c,66.5,-0.0291450611645393,9.34,0.0,False,11,0.24760968068391195,0.4159071885081959,-0.16829750782428396,0.182310893018084,9.623190056188475,0.2831900561884755,0.2831900561884755,15.516645800581465,6.176645800581465,6.176645800581465
2026-08-25,2028-09,put,call,jaou8_6775c,67.75,-0.0105225490665374,8.72,0.0,False,11,0.24760968068391195,0.4159071885081959,-0.16829750782428396,0.182310893018084,9.10587944737757,0.38587944737756885,0.38587944737756885,15.063492347422752,6.343492347422751,6.343492347422751
2026-08-25,2028-09,put,call,jaou8_7000c,70.0,0.0221482332230112,7.7,0.0,False,11,0.24760968068391195,0.4159071885081959,-0.16829750782428396,0.182310893018084,8.233589360636639,0.5335893606366389,0.5335893606366389,14.282038689154902,6.582038689154902,6.582038689154902
2026-08-25,2028-09,put,call,jaou8_7110c,71.1,0.0377403279828473,7.25,0.0,False,11,0.24760968068391195,0.4159071885081959,-0.16829750782428396,0.182310893018084,7.833753792874608,0.5837537928746084,0.5837537928746084,13.915277376286388,6.665277376286388,6.665277376286388
2026-08-25,2028-09,put,call,jaou8_7275c,72.75,0.0606818972252541,6.62,0.0,False,11,0.24760968068391195,0.4159071885081959,-0.16829750782428396,0.182310893018084,7.265466531860876,0.6454665318608761,0.6454665318608761,13.383012779801115,6.763012779801115,6.763012779801115
2026-08-25,2028-09,put,call,jaou8_7340c,73.4,0.0695769267941221,6.38,0.0,False,11,0.24760968068391195,0.4159071885081959,-0.16829750782428396,0.182310893018084,7.051659943961703,0.6716599439617035,0.6716599439617035,13.178996851832483,6.7989968518324835,6.7989968518324835
2026-08-25,2028-09,put,call,jaou8_7450c,74.5,0.084452116559166,6.01,0.0,False,11,0.24760968068391195,0.4159071885081959,-0.16829750782428396,0.182310893018084,6.702394681893781,0.6923946818937816,0.6923946818937816,12.841213232105044,6.8312132321050445,6.8312132321050445
2026-08-25,2028-09,put,call,jaou8_7500c,75.0,0.0911411047099626,5.84,0.0,False,11,0.24760968068391195,0.4159071885081959,-0.16829750782428396,0.182310893018084,6.54874743757481,0.70874743757481,0.70874743757481,12.690713258722816,6.850713258722816,6.850713258722816
2026-08-25,2028-09,put,call,jaou8_7560c,75.6,0.0991092743591394,5.65,0.0,False,11,0.24760968068391195,0.4159071885081959,-0.16829750782428396,0.182310893018084,6.36849655579208,0.7184965557920799,0.7184965557920799,12.512616707614391,6.862616707614391,6.862616707614391
2026-08-25,2028-09,put,call,jaou8_7670c,76.7,0.1135546995468627,5.32,0.0,False,11,0.24760968068391195,0.4159071885081959,-0.16829750782428396,0.182310893018084,6.049471334230625,0.7294713342306247,0.7294713342306247,12.192898439158508,6.872898439158508,6.872898439158508
2026-08-25,2028-09,put,call,jaou8_7925c,79.25,0.1462604039310422,4.62,0.0,False,11,0.24760968068391195,0.4159071885081959,-0.16829750782428396,0.182310893018084,5.364372683358988,0.7443726833589883,0.7443726833589883,11.484011081625043,6.864011081625043,6.864011081625043
2026-08-25,2028-09,put,call,jaou8_8000c,80.0,0.1556796258475337,4.43,0.0,False,11,0.24760968068391195,0.4159071885081959,-0.16829750782428396,0.182310893018084,5.17668170649594,0.7466817064959406,0.7466817064959406,11.283600942573557,6.853600942573557,6.853600942573557
2026-08-26,2026-09,call,put,jaou6_7200p,72.0,-0.1282666109814436,0.26,0.0,False,17,0.48239320314547574,0.4156123363824248,0.06678086676305095,0.001040032428479109,0.3294475967898922,0.06944759678989221,0.06944759678989221,0.1742555010898402,-0.08574449891015981,0.08574449891015981
2026-08-26,2026-09,call,put,jaou6_7400p,74.0,-0.1008676367933292,0.47,0.0,False,17,0.48239320314547574,0.4156123363824248,0.06678086676305095,0.001040032428479109,0.5931784138123284,0.12317841381232841,0.12317841381232841,0.3615924973448347,-0.1084075026551653,0.1084075026551653
2026-08-26,2026-09,call,put,jaou6_7450p,74.5,-0.0941336046119852,0.54,0.0,False,17,0.48239320314547574,0.4156123363824248,0.06678086676305095,0.001040032428479109,0.6791733903964481,0.13917339039644805,0.13917339039644805,0.4268117673797351,-0.11318823262026495,0.11318823262026495
2026-08-26,2026-09,call,put,jaou6_7500p,75.0,-0.0874446164611886,0.62,0.0,False,17,0.48239320314547574,0.4156123363824248,0.06678086676305095,0.001040032428479109,0.7742310056786641,0.1542310056786641,0.1542310056786641,0.5008489315514395,-0.1191510684485605,0.1191510684485605
2026-08-26,2026-09,call,put,jaou6_7600p,76.0,-0.0741993897111679,0.81,0.0,False,17,0.48239320314547574,0.4156123363824248,0.06678086676305095,0.001040032428479109,0.9934746060154387,0.18347460601543863,0.18347460601543863,0.678715346138255,-0.13128465386174504,0.13128465386174504
2026-08-26,2026-09,call,put,jaou6_7750p,77.5,-0.0546547936381976,1.18,0.0,False,17,0.48239320314547574,0.4156123363824248,0.06678086676305095,0.001040032428479109,1.4017035760808767,0.22170357608087676,0.22170357608087676,1.0296704246301256,-0.15032957536987435,0.15032957536987435
2026-08-26,2026-09,call,put,jaou6_7800p,78.0,-0.0482239033079072,1.32,0.0,False,17,0.48239320314547574,0.4156123363824248,0.06678086676305095,0.001040032428479109,1.5604424806454578,0.2404424806454577,0.2404424806454577,1.171439292019821,-0.14856070798017895,0.14856070798017895
2026-08-26,2026-09,call,put,jaou6_8000p,80.0,-0.0229060953236174,2.04,0.0,False,17,0.48239320314547574,0.4156123363824248,0.06678086676305095,0.001040032428479109,2.315845527178111,0.27584552717811084,0.27584552717811084,1.8746762685212408,-0.16532373147875923,0.16532373147875923
2026-08-26,2026-09,call,put,jaou6_8200p,82.0,0.001786517266754,3.0,0.0,False,17,0.48239320314547574,0.4156123363824248,0.06678086676305095,0.001040032428479109,3.26978955310252,0.26978955310252006,0.26978955310252006,2.808239063213815,-0.191760936786185,0.191760936786185
2026-08-26,2026-09,call,put,jaou6_8250p,82.5,0.0078655633431363,3.28,0.0,False,17,0.48239320314547574,0.4156123363824248,0.06678086676305095,0.001040032428479109,3.5392682572070338,0.25926825720703395,0.25926825720703395,3.07806094076918,-0.20193905923081967,0.20193905923081967
2026-08-26,2026-09,put,call,jaou6_9100c,91.0,0.1059267765193509,0.58,0.0,False,10,0.442225617160022,0.4156123363824248,0.026613280777597226,0.00020296874658198545,0.46240360137553216,-0.1175963986244678,0.1175963986244678,0.3660284709665579,-0.21397152903344208,0.21397152903344208
2026-08-26,2026-09,put,call,jaou6_9150c,91.5,0.1114062422839766,0.53,0.0,False,10,0.442225617160022,0.4156123363824248,0.026613280777597226,0.00020296874658198545,0.40981245311307263,-0.1201875468869274,0.1201875468869274,0.3203570457967026,-0.20964295420329743,0.20964295420329743
2026-08-26,2026-09,put,call,jaou6_9196c,91.96,0.1164209698974817,0.48,0.0,False,10,0.442225617160022,0.4156123363824248,0.026613280777597226,0.00020296874658198545,0.3660866927368146,-0.11391330726318538,0.11391330726318538,0.2827250595333297,-0.19727494046667027,0.19727494046667027
2026-08-26,2026-09,put,call,jaou6_9200c,92.0,0.1168558470515412,0.48,0.0,False,10,0.442225617160022,0.4156123363824248,0.026613280777597226,0.00020296874658198545,0.3624839065540306,-0.11751609344596936,0.11751609344596936,0.2796397519791259,-0.2003602480208741,0.2003602480208741
2026-08-26,2026-09,put,call,jaou6_9225c,92.25,0.1195695529231375,0.46,0.0,False,10,0.442225617160022,0.4156123363824248,0.026613280777597226,0.00020296874658198545,0.3406591413751838,-0.11934085862481619,0.11934085862481619,0.2610031307374452,-0.19899686926255483,0.19899686926255483
2026-08-26,2026-09,put,call,jaou6_9250c,92.5,0.1222759145208805,0.44,0.0,False,10,0.442225617160022,0.4156123363824248,0.026613280777597226,0.00020296874658198545,0.3199918415430157,-0.12000815845698432,0.12000815845698432,0.2434458152180574,-0.19655418478194261,0.19655418478194261
2026-08-26,2026-09,put,call,jaou6_9435c,94.35,0.1420785418170602,0.32,0.0,False,10,0.442225617160022,0.4156123363824248,0.026613280777597226,0.00020296874658198545,0.19837459675965644,-0.12162540324034357,0.12162540324034357,0.1428830960729784,-0.17711690392702162,0.17711690392702162
2026-08-26,2026-09,put,call,jaou6_9500c,95.0,0.1489441616030418,0.28,0.0,False,10,0.442225617160022,0.4156123363824248,0.026613280777597226,0.00020296874658198545,0.16666686128008434,-0.11333313871991568,0.11333313871991568,0.1177400192777405,-0.16225998072225953,0.16225998072225953
2026-08-26,2026-09,put,call,jaou6_9800c,98.0,0.1800347486730729,0.17,0.0,False,10,0.442225617160022,0.4156123363824248,0.026613280777597226,0.00020296874658198545,0.0716758723813678,-0.09832412761863221,0.09832412761863221,0.0461680863857368,-0.12383191361426321,0.12383191361426321
2026-08-26,2026-09,put,call,jaou6_10000c,100.0,0.2002374559905923,0.12,0.0,False,10,0.442225617160022,0.4156123363824248,0.026613280777597226,0.00020296874658198545,0.0394302612536956,-0.0805697387463044,0.0805697387463044,0.0236316700376869,-0.09636832996231309,0.09636832996231309
2026-08-26,2026-09,put,call,jaou6_10205c,102.05,0.2205301592583547,0.09,0.0,False,10,0.442225617160022,0.4156123363824248,0.026613280777597226,0.00020296874658198545,0.020789577892387102,-0.0692104221076129,0.0692104221076129,0.0112998291100079,-0.0787001708899921,0.0787001708899921
2026-08-26,2026-09,put,call,jaou6_10240c,102.4,0.2239539826079085,0.08,0.0,False,10,0.442225617160022,0.4156123363824248,0.026613280777597226,0.00020296874658198545,0.018587442004784852,-0.06141255799521515,0.06141255799521515,0.0099228755228656,-0.0700771244771344,0.0700771244771344
2026-08-26,2026-09,put,call,jaou6_10300c,103.0,0.2297962582321368,0.07,0.0,False,10,0.442225617160022,0.4156123363824248,0.026613280777597226,0.00020296874658198545,0.015314053523366667,-0.05468594647663334,0.05468594647663334,0.0079038429021862,-0.062096157097813805,0.062096157097813805
2026-08-26,2026-09,put,call,jaou6_10500c,105.0,0.2490276201600244,0.05,0.0,False,10,0.442225617160022,0.4156123363824248,0.026613280777597226,0.00020296874658198545,0.007903318091300206,-0.04209668190869979,0.04209668190869979,0.0035512807532346,-0.0464487192467654,0.0464487192467654
2026-08-26,2026-09,put,call,jaou6_10520c,105.2,0.2509305703061105,0.05,0.0,False,10,0.442225617160022,0.4156123363824248,0.026613280777597226,0.00020296874658198545,0.00738781861552341,-0.042612181384476595,0.042612181384476595,0.0032677309872067,-0.0467322690127933,0.0467322690127933
2026-08-26,2026-09,put,call,jaou6_10825c,108.25,0.2795106368851002,0.03,0.0,False,10,0.442225617160022,0.4156123363824248,0.026613280777597226,0.00020296874658198545,0.002568378360343453,-0.027431621639656546,0.027431621639656546,0.0008262561237195,-0.029173743876280498,0.029173743876280498
2026-08-26,2026-09,put,call,jaou6_11000c,110.0,0.2955476357949171,0.03,0.0,False,10,0.442225617160022,0.4156123363824248,0.026613280777597226,0.00020296874658198545,0.0013695136540982015,-0.028630486345901797,0.028630486345901797,0.0003579598445104,-0.0296420401554896,0.0296420401554896
2026-08-26,2026-10,call,put,jaov6_7200p,72.0,-0.1087977832973315,1.55,0.0,False,18,0.49556950500859365,0.4156123363824248,0.07995716862616886,0.015605095011333815,2.159733248373101,0.6097332483731008,0.6097332483731008,1.4667141837459858,-0.08328581625401421,0.08328581625401421
2026-08-26,2026-10,call,put,jaov6_7400p,74.0,-0.0813988091092172,2.13,0.0,False,18,0.49556950500859365,0.4156123363824248,0.07995716862616886,0.015605095011333815,2.8064019669056544,0.6764019669056545,0.6764019669056545,2.027265714963803,-0.10273428503619675,0.10273428503619675
2026-08-26,2026-10,call,put,jaov6_7450p,74.5,-0.074664776927873,2.29,0.0,False,18,0.49556950500859365,0.4156123363824248,0.07995716862616886,0.015605095011333815,2.9856841414880915,0.6956841414880914,0.6956841414880914,2.18733472666621,-0.10266527333378983,0.10266527333378983
2026-08-26,2026-10,call,put,jaov6_7500p,75.0,-0.0679757887770764,2.47,0.0,False,18,0.49556950500859365,0.4156123363824248,0.07995716862616886,0.015605095011333815,3.1721258235295062,0.702125823529506,0.702125823529506,2.355724018876554,-0.11427598112344617,0.11427598112344617
2026-08-26,2026-10,call,put,jaov6_7600p,76.0,-0.0547305620270558,2.85,0.0,False,18,0.49556950500859365,0.4156123363824248,0.07995716862616886,0.015605095011333815,3.5666308466301437,0.7166308466301436,0.7166308466301436,2.7179441883982207,-0.13205581160177937,0.13205581160177937
2026-08-26,2026-10,call,put,jaov6_7800p,78.0,-0.0287550756237952,3.71,0.0,False,18,0.49556950500859365,0.4156123363824248,0.07995716862616886,0.015605095011333815,4.442550069578221,0.7325500695782212,0.7325500695782212,3.545553880870956,-0.16444611912904383,0.16444611912904383
2026-08-26,2026-10,call,put,jaov6_8000p,80.0,-0.0034372676395053,4.73,0.0,False,18,0.49556950500859365,0.4156123363824248,0.07995716862616886,0.015605095011333815,5.433694583783515,0.7036945837835145,0.7036945837835145,4.511709719928746,-0.21829028007125473,0.21829028007125473
2026-08-26,2026-10,call,put,jaov6_8200p,82.0,0.0212553449508662,5.89,0.0,False,18,0.49556950500859365,0.4156123363824248,0.07995716862616886,0.015605095011333815,6.537226617836941,0.6472266178369415,0.6472266178369415,5.611983145181368,-0.2780168548186319,0.2780168548186319
2026-08-26,2026-10,call,put,jaov6_9000p,90.0,0.114345768016878,11.69,0.0,False,18,0.49556950500859365,0.4156123363824248,0.07995716862616886,0.015605095011333815,11.956213969458346,0.26621396945834697,0.26621396945834697,11.204517975078913,-0.4854820249210867,0.4854820249210867
2026-08-26,2026-10,put,call,jaov6_9200c,92.0,0.1363246747356533,1.71,0.0,False,9,0.4321712302831815,0.4156123363824248,0.01655889390075671,0.015225052241687841,1.336935475712669,-0.37306452428733095,0.37306452428733095,1.185888585308267,-0.524111414691733,0.524111414691733
2026-08-26,2026-10,put,call,jaov6_9225c,92.25,0.1390383806072496,1.67,0.0,False,9,0.4321712302831815,0.4156123363824248,0.01655889390075671,0.015225052241687841,1.296064165686962,-0.3739358343130379,0.3739358343130379,1.1473553395552538,-0.5226446604447461,0.5226446604447461
2026-08-26,2026-10,put,call,jaov6_9348c,93.48,0.1522836073572702,1.5,0.0,False,9,0.4321712302831815,0.4156123363824248,0.01655889390075671,0.015225052241687841,1.110268706620059,-0.38973129337994106,0.38973129337994106,0.9733074593075374,-0.5266925406924626,0.5266925406924626
2026-08-26,2026-10,put,call,jaov6_9353c,93.53,0.1528183381330726,1.5,0.0,False,9,0.4321712302831815,0.4156123363824248,0.01655889390075671,0.015225052241687841,1.1032313844089057,-0.39676861559109433,0.39676861559109433,0.96674886854564,-0.53325113145436,0.53325113145436
2026-08-26,2026-10,put,call,jaov6_9435c,94.35,0.1615473695011722,1.4,0.0,False,9,0.4321712302831815,0.4156123363824248,0.01655889390075671,0.015225052241687841,0.9932303433702604,-0.4067696566297395,0.4067696566297395,0.864558039644253,-0.5354419603557469,0.5354419603557469
2026-08-26,2026-10,put,call,jaov6_9800c,98.0,0.1995035763571849,1.03,0.0,False,9,0.4321712302831815,0.4156123363824248,0.01655889390075671,0.015225052241687841,0.6119581367184442,-0.4180418632815558,0.4180418632815558,0.5158454448512196,-0.5141545551487804,0.5141545551487804
2026-08-26,2026-10,put,call,jaov6_9911c,99.11,0.2107664421052301,0.94,0.0,False,9,0.4321712302831815,0.4156123363824248,0.01655889390075671,0.015225052241687841,0.525403550826531,-0.41459644917346894,0.41459644917346894,0.4389327645124862,-0.5010672354875138,0.5010672354875138
2026-08-26,2026-10,put,call,jaov6_9955c,99.55,0.2151961281968183,0.91,0.0,False,9,0.4321712302831815,0.4156123363824248,0.01655889390075671,0.015225052241687841,0.49426368808979965,-0.4157363119102004,0.4157363119102004,0.4113586001659244,-0.4986413998340756,0.4986413998340756
2026-08-26,2026-10,put,call,jaov6_10000c,100.0,0.2197062836747045,0.88,0.0,False,9,0.4321712302831815,0.4156123363824248,0.01655889390075671,0.015225052241687841,0.4641501965965326,-0.4158498034034674,0.4158498034034674,0.3847062007098188,-0.4952937992901812,0.4952937992901812
2026-08-26,2026-10,put,call,jaov6_10205c,102.05,0.2399989869424668,0.75,0.0,False,9,0.4321712302831815,0.4156123363824248,0.01655889390075671,0.015225052241687841,0.34693972522770783,-0.40306027477229217,0.40306027477229217,0.2815526160084235,-0.4684473839915765,0.4684473839915765
2026-08-26,2026-10,put,call,jaov6_10240c,102.4,0.2434228102920205,0.73,0.0,False,9,0.4321712302831815,0.4156123363824248,0.01655889390075671,0.015225052241687841,0.32987258479044324,-0.40012741520955675,0.40012741520955675,0.2667423882596338,-0.46325761174036617,0.46325761174036617
2026-08-26,2026-10,put,call,jaov6_10300c,103.0,0.2492650859162488,0.69,0.0,False,9,0.4321712302831815,0.4156123363824248,0.01655889390075671,0.015225052241687841,0.30239429987385774,-0.3876057001261422,0.3876057001261422,0.2430664632408684,-0.44693353675913156,0.44693353675913156
2026-08-26,2026-10,put,call,jaov6_10500c,105.0,0.2684964478441365,0.6,0.0,False,9,0.4321712302831815,0.4156123363824248,0.01655889390075671,0.015225052241687841,0.22528744222046646,-0.3747125577795335,0.3747125577795335,0.1777789938445554,-0.42222100615544456,0.42222100615544456
2026-08-26,2026-10,put,call,jaov6_10800c,108.0,0.2966673248108327,0.48,0.0,False,9,0.4321712302831815,0.4156123363824248,0.01655889390075671,0.015225052241687841,0.14310980096515216,-0.33689019903484785,0.33689019903484785,0.1100380821806829,-0.3699619178193171,0.3699619178193171
2026-08-26,2026-10,put,call,jaov6_11500c,115.0,0.3594682260498631,0.3,0.0,False,9,0.4321712302831815,0.4156123363824248,0.01655889390075671,0.015225052241687841,0.04714449595659893,-0.25285550404340107,0.25285550404340107,0.0341248876169032,-0.2658751123830968,0.2658751123830968
2026-08-26,2026-10,put,call,jaov6_12100c,121.0,0.4103266432833541,0.21,0.0,False,9,0.4321712302831815,0.4156123363824248,0.01655889390075671,0.015225052241687841,0.01731350547902969,-0.1926864945209703,0.1926864945209703,0.0121471642426333,-0.1978528357573667,0.1978528357573667
2026-08-26,2026-10,put,call,jaov6_12500c,125.0,0.4428498349889142,0.17,0.0,False,9,0.4321712302831815,0.4156123363824248,0.01655889390075671,0.015225052241687841,0.008686545157865787,-0.16131345484213422,0.16131345484213422,0.0058898391360417,-0.1641101608639583,0.1641101608639583
2026-08-26,2026-10,put,call,jaov6_16000c,160.0,0.68970991292044,0.04,0.0,False,9,0.4321712302831815,0.4156123363824248,0.01655889390075671,0.015225052241687841,1.2711748372356888e-05,-0.039987288251627645,0.039987288251627645,1.591057708025128e-05,-0.03998408942291975,0.03998408942291975
2026-08-26,2026-11,call,put,jaox6_7200p,72.0,-0.0907724829854345,2.87,0.0,False,16,0.46834217985470905,0.4156123363824248,0.052729843472284266,0.02859552898855726,3.538823813856305,0.6688238138563047,0.6688238138563047,2.9084059534340856,0.03840595343408548,0.03840595343408548
2026-08-26,2026-11,call,put,jaox6_7400p,74.0,-0.0633735087973201,3.63,0.0,False,16,0.46834217985470905,0.4156123363824248,0.052729843472284266,0.02859552898855726,4.331647970120904,0.701647970120904,0.701647970120904,3.658109843033678,0.02810984303367814,0.02810984303367814
2026-08-26,2026-11,call,put,jaox6_7450p,74.5,-0.056639476615976,3.84,0.0,False,16,0.46834217985470905,0.4156123363824248,0.052729843472284266,0.02859552898855726,4.545157757495437,0.7051577574954369,0.7051577574954369,3.862464611504399,0.022464611504398935,0.022464611504398935
2026-08-26,2026-11,call,put,jaox6_7500p,75.0,-0.0499504884651794,4.05,0.0,False,16,0.46834217985470905,0.4156123363824248,0.052729843472284266,0.02859552898855726,4.7647821377928725,0.7147821377928727,0.7147821377928727,4.073638066104952,0.023638066104951783,0.023638066104951783
2026-08-26,2026-11,call,put,jaox6_7600p,76.0,-0.0367052617151588,4.51,0.0,False,16,0.46834217985470905,0.4156123363824248,0.052729843472284266,0.02859552898855726,5.222313105871043,0.7123131058710435,0.7123131058710435,4.516379438596348,0.006379438596348486,0.006379438596348486
2026-08-26,2026-11,call,put,jaox6_7800p,78.0,-0.0107297753118981,5.53,0.0,False,16,0.46834217985470905,0.4156123363824248,0.052729843472284266,0.02859552898855726,6.20976034774233,0.67976034774233,0.67976034774233,5.483873196754803,-0.04612680324519758,0.04612680324519758
2026-08-26,2026-11,call,put,jaox6_8000p,80.0,0.0145880326723916,6.65,0.0,False,16,0.46834217985470905,0.4156123363824248,0.052729843472284266,0.02859552898855726,7.291553577553645,0.641553577553645,0.641553577553645,6.55634388949916,-0.09365611050084066,0.09365611050084066
2026-08-26,2026-11,call,put,jaox6_8200p,82.0,0.0392806452627632,7.9,0.0,False,16,0.46834217985470905,0.4156123363824248,0.052729843472284266,0.02859552898855726,8.464084665248135,0.564084665248135,0.564084665248135,7.7312477811427165,-0.16875221885728386,0.16875221885728386
2026-08-26,2026-11,call,put,jaox6_9000p,90.0,0.1323710683287751,13.74,0.0,False,16,0.46834217985470905,0.4156123363824248,0.052729843472284266,0.02859552898855726,13.961155522790733,0.22115552279073292,0.22115552279073292,13.330595105553158,-0.40940489444684225,0.40940489444684225
2026-08-26,2026-11,put,call,jaox6_8950c,89.5,0.1268000232793197,2.85,0.0,False,9,0.42155991476652005,0.4156123363824248,0.0059475783840952645,0.019123976389243822,2.4518733949155784,-0.39812660508442166,0.39812660508442166,2.4074853296939827,-0.44251467030601743,0.44251467030601743
2026-08-26,2026-11,put,call,jaox6_9000c,90.0,0.1323710683287751,2.75,0.0,False,9,0.42155991476652005,0.4156123363824248,0.0059475783840952645,0.019123976389243822,2.342505987940326,-0.40749401205967395,0.40749401205967395,2.2992752317569405,-0.4507247682430595,0.4507247682430595
2026-08-26,2026-11,put,call,jaox6_9025c,90.25,0.1351449952115003,2.7,0.0,False,9,0.42155991476652005,0.4156123363824248,0.0059475783840952645,0.019123976389243822,2.289399593051998,-0.41060040694800204,0.41060040694800204,2.2467547042543,-0.45324529574570027,0.45324529574570027
2026-08-26,2026-11,put,call,jaox6_9100c,91.0,0.14342090451536,2.57,0.0,False,9,0.42155991476652005,0.4156123363824248,0.0059475783840952645,0.019123976389243822,2.1362132136442065,-0.4337867863557934,0.4337867863557934,2.095561019265636,-0.47443898073436364,0.47443898073436364
2026-08-26,2026-11,put,call,jaox6_9196c,91.96,0.1539150978934909,2.41,0.0,False,9,0.42155991476652005,0.4156123363824248,0.0059475783840952645,0.019123976389243822,1.9530572282776628,-0.4569427717223373,0.4569427717223373,1.9153363188157029,-0.49466368118429727,0.49466368118429727
2026-08-26,2026-11,put,call,jaox6_9200c,92.0,0.1543499750475504,2.41,0.0,False,9,0.42155991476652005,0.4156123363824248,0.0059475783840952645,0.019123976389243822,1.9457297907928452,-0.4642702092071549,0.4642702092071549,1.9081272407488576,-0.5018727592511425,0.5018727592511425
2026-08-26,2026-11,put,call,jaox6_9225c,92.25,0.1570636809191466,2.37,0.0,False,9,0.42155991476652005,0.4156123363824248,0.0059475783840952645,0.019123976389243822,1.9004705400840873,-0.4695294599159128,0.4695294599159128,1.8636029966615388,-0.5063970033384613,0.5063970033384613
2026-08-26,2026-11,put,call,jaox6_9348c,93.48,0.1703089076691673,2.19,0.0,False,9,0.42155991476652005,0.4156123363824248,0.0059475783840952645,0.019123976389243822,1.6908662517193762,-0.49913374828062373,0.49913374828062373,1.6574239135624549,-0.5325760864375451,0.5325760864375451
2026-08-26,2026-11,put,call,jaox6_9353c,93.53,0.1708436384449696,2.18,0.0,False,9,0.42155991476652005,0.4156123363824248,0.0059475783840952645,0.019123976389243822,1.6827906407587399,-0.4972093592412603,0.4972093592412603,1.6494804693215637,-0.5305195306784365,0.5305195306784365
2026-08-26,2026-11,put,call,jaox6_9435c,94.35,0.1795726698130692,2.07,0.0,False,9,0.42155991476652005,0.4156123363824248,0.0059475783840952645,0.019123976389243822,1.5550889678552835,-0.5149110321447163,0.5149110321447163,1.523952817161372,-0.5460471828386277,0.5460471828386277
2026-08-26,2026-11,put,call,jaox6_9911c,99.11,0.2287917424171272,1.53,0.0,False,9,0.42155991476652005,0.4156123363824248,0.0059475783840952645,0.019123976389243822,0.9693912868898672,-0.5606087131101328,0.5606087131101328,0.951651628835964,-0.578348371164036,0.578348371164036
2026-08-26,2026-11,put,call,jaox6_10000c,100.0,0.2377315839866014,1.45,0.0,False,9,0.42155991476652005,0.4156123363824248,0.0059475783840952645,0.019123976389243822,0.8850932496478645,-0.5649067503521354,0.5649067503521354,0.8694416291156621,-0.5805583708843378,0.5805583708843378
2026-08-26,2026-11,put,call,jaox6_10205c,102.05,0.2580242872543639,1.28,0.0,False,9,0.42155991476652005,0.4156123363824248,0.0059475783840952645,0.019123976389243822,0.7156628020850678,-0.5643371979149322,0.5643371979149322,0.7039022375589695,-0.5760977624410305,0.5760977624410305
2026-08-26,2026-11,put,call,jaox6_10240c,102.4,0.2614481106039176,1.26,0.0,False,9,0.42155991476652005,0.4156123363824248,0.0059475783840952645,0.019123976389243822,0.6898909706786781,-0.5701090293213219,0.5701090293213219,0.6786299356630195,-0.5813700643369805,0.5813700643369805
2026-08-26,2026-11,put,call,jaox6_10500c,105.0,0.2865217481560334,1.08,0.0,False,9,0.42155991476652005,0.4156123363824248,0.0059475783840952645,0.019123976389243822,0.5235359223562847,-0.5564640776437154,0.5564640776437154,0.5152674401350124,-0.5647325598649877,0.5647325598649877
2026-08-26,2026-11,put,call,jaox6_10800c,108.0,0.3146926251227297,0.92,0.0,False,9,0.42155991476652005,0.4156123363824248,0.0059475783840952645,0.019123976389243822,0.3780342875850014,-0.5419657124149986,0.5419657124149986,0.3715460671448578,-0.5484539328551423,0.5484539328551423
2026-08-26,2027-03,call,put,jaoh7_6800p,68.0,-0.0871451063253837,4.65,0.0,False,13,0.36045566864937817,0.4156123363824248,-0.055156667733046616,0.004152112313219814,4.6659847286313045,0.01598472863130418,0.01598472863130418,5.732311344491857,1.082311344491857,1.082311344491857
2026-08-26,2027-03,call,put,jaoh7_6900p,69.0,-0.0725463069042311,5.04,0.0,False,13,0.36045566864937817,0.4156123363824248,-0.055156667733046616,0.004152112313219814,5.088484109774935,0.048484109774935114,0.048484109774935114,6.178561576112111,1.138561576112111,1.138561576112111
2026-08-26,2027-03,call,put,jaoh7_7000p,70.0,-0.0581575694521315,5.46,4.0,True,13,0.36045566864937817,0.4156123363824248,-0.055156667733046616,0.004152112313219814,5.532136843364726,0.07213684336472603,0.07213684336472603,6.643136767710876,1.1831367677108764,1.1831367677108764
2026-08-26,2027-03,call,put,jaoh7_7100p,71.0,-0.043972934460175,5.9,0.0,False,13,0.36045566864937817,0.4156123363824248,-0.055156667733046616,0.004152112313219814,5.996772005068078,0.09677200506807804,0.09677200506807804,7.125498036284664,1.2254980362846633,1.2254980362846633
2026-08-26,2027-03,call,put,jaoh7_7150p,71.5,-0.0369553618015285,6.13,0.0,False,13,0.36045566864937817,0.4156123363824248,-0.055156667733046616,0.004152112313219814,6.236889006111857,0.10688900611185748,0.10688900611185748,7.373575149653888,1.2435751496538883,1.2435751496538883
2026-08-26,2027-03,call,put,jaoh7_7400p,74.0,-0.0025877182973207,7.37,0.0,False,13,0.36045566864937817,0.4156123363824248,-0.055156667733046616,0.004152112313219814,7.514040617661247,0.14404061766124698,0.14404061766124698,8.678771060603776,1.3087710606037755,1.3087710606037755
2026-08-26,2027-03,call,put,jaoh7_7450p,74.5,0.0041463138840233,7.64,0.0,False,13,0.36045566864937817,0.4156123363824248,-0.055156667733046616,0.004152112313219814,7.784488271100488,0.14448827110048867,0.14448827110048867,8.952728238582768,1.3127282385827685,1.3127282385827685
2026-08-26,2027-03,call,put,jaoh7_7500p,75.0,0.0108353020348199,7.91,0.0,False,13,0.36045566864937817,0.4156123363824248,-0.055156667733046616,0.004152112313219814,8.059830684281705,0.14983068428170476,0.14983068428170476,9.230885627196738,1.3208856271967377,1.3208856271967377
2026-08-26,2027-03,put,call,jaoh7_8000c,80.0,0.075373823172391,5.32,0.0,False,8,0.355583628003258,0.4156123363824248,-0.060028708379166795,0.0018061256149073525,5.29461930051587,-0.025380699484130353,0.025380699484130353,6.556199348990894,1.236199348990894,1.236199348990894
2026-08-26,2027-03,put,call,jaoh7_8025c,80.25,0.0784939505086347,5.24,0.0,False,8,0.355583628003258,0.4156123363824248,-0.060028708379166795,0.0018061256149073525,5.212760968273888,-0.027239031726112195,0.027239031726112195,6.472112364726965,1.232112364726965,1.232112364726965
2026-08-26,2027-03,put,call,jaoh7_8075c,80.75,0.0847051506012754,5.09,0.0,False,8,0.355583628003258,0.4156123363824248,-0.060028708379166795,0.0018061256149073525,5.052217661713932,-0.037782338286067585,0.037782338286067585,6.306662552310818,1.2166625523108179,1.2166625523108179
2026-08-26,2027-03,put,call,jaoh7_8102c,81.02,0.0880432262730538,5.01,0.0,False,8,0.355583628003258,0.4156123363824248,-0.060028708379166795,0.0018061256149073525,4.967263621077454,-0.04273637892254545,0.04273637892254545,6.218820056111939,1.2088200561119393,1.2088200561119393
2026-08-26,2027-03,put,call,jaoh7_8150c,81.5,0.0939502087453265,4.87,0.0,False,8,0.355583628003258,0.4156123363824248,-0.060028708379166795,0.0018061256149073525,4.819203378697158,-0.050796621302842127,0.050796621302842127,6.065271499532948,1.1952714995329483,1.1952714995329483
2026-08-26,2027-03,put,call,jaoh7_8185c,81.85,0.0982354923156532,4.77,0.0,False,8,0.355583628003258,0.4156123363824248,-0.060028708379166795,0.0018061256149073525,4.713608204901656,-0.056391795098343245,0.056391795098343245,5.95544521610262,1.1854452161026208,1.1854452161026208
2026-08-26,2027-03,put,call,jaoh7_8342c,83.42,0.1172352772673087,4.36,0.0,False,8,0.355583628003258,0.4156123363824248,-0.060028708379166795,0.0018061256149073525,4.263785860258263,-0.09621413974173709,0.09621413974173709,5.484119330192392,1.124119330192392,1.124119330192392
2026-08-26,2027-03,put,call,jaoh7_8500c,85.0,0.135998444988826,3.98,0.0,False,8,0.355583628003258,0.4156123363824248,-0.060028708379166795,0.0018061256149073525,3.848778008073918,-0.1312219919260822,0.1312219919260822,5.042755679443986,1.062755679443986,1.062755679443986
2026-08-26,2027-03,put,call,jaoh7_8525c,85.25,0.1389353046621356,3.92,0.0,False,8,0.355583628003258,0.4156123363824248,-0.060028708379166795,0.0018061256149073525,3.7864239341955064,-0.13357606580449355,0.13357606580449355,4.975830009219484,1.0558300092194841,1.0558300092194841
2026-08-26,2027-03,put,call,jaoh7_8575c,85.75,0.1447832745445587,3.81,0.0,False,8,0.355583628003258,0.4156123363824248,-0.060028708379166795,0.0018061256149073525,3.66434499895817,-0.14565500104183027,0.14565500104183027,4.844356224064492,1.0343562240644917,1.0343562240644917
2026-08-26,2027-03,put,call,jaoh7_8675c,86.75,0.1563776073254781,3.61,0.0,False,8,0.355583628003258,0.4156123363824248,-0.060028708379166795,0.0018061256149073525,3.430448626761332,-0.179551373238668,0.179551373238668,4.590778617078434,0.9807786170784341,0.9807786170784341
2026-08-26,2027-03,put,call,jaoh7_8700c,87.0,0.1592553071530932,3.56,0.0,False,8,0.355583628003258,0.4156123363824248,-0.060028708379166795,0.0018061256149073525,3.374059348343557,-0.18594065165644302,0.18594065165644302,4.529303617876571,0.9693036178765708,0.9693036178765708
2026-08-26,2027-03,put,call,jaoh7_8705c,87.05,0.1598298547127075,3.55,0.0,False,8,0.355583628003258,0.4156123363824248,-0.060028708379166795,0.0018061256149073525,3.3628796818452753,-0.18712031815472452,0.18712031815472452,4.517100148407253,0.967100148407253,0.967100148407253
2026-08-26,2027-09,call,put,jaou7_5800p,58.0,-0.2040406164802335,3.41,0.0,False,20,0.2954158191039224,0.4156123363824248,-0.12019651727850239,0.013574966491635237,2.7361295027658272,-0.6738704972341729,0.6738704972341729,5.215872171063232,1.805872171063232,1.805872171063232
2026-08-26,2027-09,call,put,jaou7_5900p,59.0,-0.1869461831209333,3.67,0.0,False,20,0.2954158191039224,0.4156123363824248,-0.12019651727850239,0.013574966491635237,3.0321982047049936,-0.6378017952950064,0.6378017952950064,5.598061679998206,1.9280616799982058,1.9280616799982058
2026-08-26,2027-09,call,put,jaou7_6000p,60.0,-0.1701390648045521,3.94,0.0,False,20,0.2954158191039224,0.4156123363824248,-0.12019651727850239,0.013574966491635237,3.3474809595373944,-0.5925190404626055,0.5925190404626055,5.995151242028969,2.0551512420289693,2.0551512420289693
2026-08-26,2027-09,call,put,jaou7_6200p,62.0,-0.1373492419815612,4.54,0.0,False,20,0.2954158191039224,0.4156123363824248,-0.12019651727850239,0.013574966491635237,4.036230124642861,-0.5037698753571389,0.5037698753571389,6.835148611144275,2.295148611144275,2.295148611144275
2026-08-26,2027-09,call,put,jaou7_6420p,64.2,-0.1024804163307372,5.28,0.0,False,20,0.2954158191039224,0.4156123363824248,-0.12019651727850239,0.013574966491635237,4.883809187576842,-0.3961908124231579,0.3961908124231579,7.8277410098524145,2.5477410098524143,2.5477410098524143
2026-08-26,2027-09,call,put,jaou7_6500p,65.0,-0.0900963571310156,5.57,0.0,False,20,0.2954158191039224,0.4156123363824248,-0.12019651727850239,0.013574966491635237,5.2153059130373025,-0.3546940869626978,0.3546940869626978,8.205655791656891,2.635655791656891,2.635655791656891
2026-08-26,2027-09,call,put,jaou7_6750p,67.5,-0.0523560291481686,6.56,0.0,False,20,0.2954158191039224,0.4156123363824248,-0.12019651727850239,0.013574966491635237,6.330263623923731,-0.22973637607626873,0.22973637607626873,9.44459569370555,2.88459569370555,2.88459569370555
2026-08-26,2027-09,call,put,jaou7_6800p,68.0,-0.044975921850546,6.77,0.0,False,20,0.2954158191039224,0.4156123363824248,-0.12019651727850239,0.013574966491635237,6.567431987927294,-0.2025680120727058,0.2025680120727058,9.702398053055946,2.9323980530559464,2.9323980530559464
2026-08-26,2027-09,call,put,jaou7_6900p,69.0,-0.0303771224293934,7.2,0.0,False,20,0.2954158191039224,0.4156123363824248,-0.12019651727850239,0.013574966491635237,7.0556943254131745,-0.14430567458682564,0.14430567458682564,10.228362334194284,3.0283623341942834,3.0283623341942834
2026-08-26,2027-09,call,put,jaou7_7000p,70.0,-0.0159883849772938,7.66,0.0,False,20,0.2954158191039224,0.4156123363824248,-0.12019651727850239,0.013574966491635237,7.562276762478684,-0.09772323752131573,0.09772323752131573,10.768018136354977,3.1080181363549766,3.1080181363549766
2026-08-26,2027-09,call,put,jaou7_7400p,74.0,0.0395814661775168,9.71,0.0,False,20,0.2954158191039224,0.4156123363824248,-0.12019651727850239,0.013574966491635237,9.76488988726791,0.05488988726791,0.05488988726791,13.053348459869474,3.343348459869473,3.343348459869473
2026-08-26,2027-09,call,put,jaou7_7450p,74.5,0.046315498358861,10.0,0.0,False,20,0.2954158191039224,0.4156123363824248,-0.12019651727850239,0.013574966491635237,10.059250030090993,0.05925003009099328,0.05925003009099328,13.35232781659736,3.3523278165973593,3.3523278165973593
2026-08-26,2027-09,call,put,jaou7_7500p,75.0,0.0530044865096576,10.28,0.0,False,20,0.2954158191039224,0.4156123363824248,-0.12019651727850239,0.013574966491635237,10.357665600252634,0.0776656002526348,0.0776656002526348,13.654263270562105,3.374263270562105,3.374263270562105
2026-08-26,2027-09,put,call,jaou7_6820c,68.2,-0.0420390621772363,9.65,0.0,False,13,0.3054585611933081,0.4156123363824248,-0.11015377518911668,0.08162009127562445,9.731973570436569,0.08197357043656872,0.08197357043656872,12.537553343722236,2.887553343722235,2.887553343722235
2026-08-26,2027-09,put,call,jaou7_6825c,68.25,-0.0413061929615837,9.62,0.0,False,13,0.3054585611933081,0.4156123363824248,-0.11015377518911668,0.08162009127562445,9.708479208504514,0.08847920850451452,0.08847920850451452,12.515821095456587,2.895821095456588,2.895821095456588
2026-08-26,2027-09,put,call,jaou7_6860c,68.6,-0.0361910922948133,9.44,0.0,False,13,0.3054585611933081,0.4156123363824248,-0.11015377518911668,0.08162009127562445,9.545271966893791,0.10527196689379181,0.10527196689379181,12.364672668144744,2.924672668144744,2.924672668144744
2026-08-26,2027-09,put,call,jaou7_6900c,69.0,-0.0303771224293934,9.24,0.0,False,13,0.3054585611933081,0.4156123363824248,-0.11015377518911668,0.08162009127562445,9.361423409367658,0.12142340936765805,0.12142340936765805,12.194031068573324,2.9540310685733235,2.9540310685733235
2026-08-26,2027-09,put,call,jaou7_6905c,69.05,-0.0296527471713517,9.21,0.0,False,13,0.3054585611933081,0.4156123363824248,-0.11015377518911668,0.08162009127562445,9.338641999397248,0.12864199939724763,0.12864199939724763,12.172856255642383,2.9628562556423823,2.9628562556423823
2026-08-26,2027-09,put,call,jaou7_6930c,69.3,-0.0260387208307952,9.08,0.0,False,13,0.3054585611933081,0.4156123363824248,-0.11015377518911668,0.08162009127562445,9.225397817474322,0.145397817474322,0.145397817474322,12.067484567992546,2.9874845679925457,2.9874845679925457
2026-08-26,2027-09,put,call,jaou7_7000c,70.0,-0.0159883849772938,8.74,0.0,False,13,0.3054585611933081,0.4156123363824248,-0.11015377518911668,0.08162009127562445,8.914156700899408,0.17415670089940782,0.17415670089940782,11.776925975558104,3.0369259755581037,3.0369259755581037
2026-08-26,2027-09,put,call,jaou7_7110c,71.1,-0.0003962902174576,8.21,0.0,False,13,0.3054585611933081,0.4156123363824248,-0.11015377518911668,0.08162009127562445,8.442237493656474,0.2322374936564735,0.2322374936564735,11.333352180910278,3.1233521809102776,3.1233521809102776
2026-08-26,2027-09,put,call,jaou7_7200c,72.0,0.0121824919894025,7.8,0.0,False,13,0.3054585611933081,0.4156123363824248,-0.11015377518911668,0.08162009127562445,8.07145399325685,0.2714539932568494,0.2714539932568494,10.981879009860975,3.1818790098609755,3.1818790098609755
2026-08-26,2027-09,put,call,jaou7_7335c,73.35,0.0307588775623379,7.22,0.0,False,13,0.3054585611933081,0.4156123363824248,-0.11015377518911668,0.08162009127562445,7.540526937665601,0.32052693766560125,0.32052693766560125,10.472763110798471,3.2527631107984716,3.2527631107984716
2026-08-26,2027-09,put,call,jaou7_7400c,74.0,0.0395814661775168,6.96,0.0,False,13,0.3054585611933081,0.4156123363824248,-0.11015377518911668,0.08162009127562445,7.295457657548736,0.33545765754873624,0.33545765754873624,10.235212718368953,3.2752127183689526,3.2752127183689526
2026-08-26,2027-09,put,call,jaou7_7450c,74.5,0.046315498358861,6.76,0.0,False,13,0.3054585611933081,0.4156123363824248,-0.11015377518911668,0.08162009127562445,7.1115183638098,0.3515183638098005,0.3515183638098005,10.055811627508882,3.2958116275088827,3.2958116275088827
2026-08-26,2027-09,put,call,jaou7_7500c,75.0,0.0530044865096576,6.57,0.0,False,13,0.3054585611933081,0.4156123363824248,-0.11015377518911668,0.08162009127562445,6.931501083765712,0.36150108376571133,0.36150108376571133,9.879366633885674,3.3093666338856735,3.3093666338856735
2026-08-26,2027-09,put,call,jaou7_7542c,75.42,0.0585888648035582,6.41,0.0,False,13,0.3054585611933081,0.4156123363824248,-0.11015377518911668,0.08162009127562445,6.783279186457621,0.37327918645762104,0.37327918645762104,9.733256928506984,3.323256928506984,3.323256928506984
2026-08-26,2027-09,put,call,jaou7_7550c,75.5,0.0596490292283261,6.38,0.0,False,13,0.3054585611933081,0.4156123363824248,-0.11015377518911668,0.08162009127562445,6.755353417118055,0.37535341711805525,0.37535341711805525,9.70565299313954,3.3256529931395393,3.3256529931395393
2026-08-26,2027-09,put,call,jaou7_7600c,76.0,0.0662497132596783,6.2,0.0,False,13,0.3054585611933081,0.4156123363824248,-0.11015377518911668,0.08162009127562445,6.583022265348141,0.3830222653481412,0.3830222653481412,9.534753314882105,3.3347533148821045,3.3347533148821045
2026-08-26,2027-09,put,call,jaou7_7610c,76.1,0.0675646378409873,6.16,0.0,False,13,0.3054585611933081,0.4156123363824248,-0.11015377518911668,0.08162009127562445,6.549009299568032,0.38900929956803143,0.38900929956803143,9.500891704606158,3.3408917046061575,3.3408917046061575
2026-08-26,2027-09,put,call,jaou7_7705c,77.05,0.0799709347394718,5.83,0.0,False,13,0.3054585611933081,0.4156123363824248,-0.11015377518911668,0.08162009127562445,6.2333099681651465,0.4033099681651464,0.4033099681651464,9.1846267200845,3.3546267200845,3.3546267200845
2026-08-26,2027-09,put,call,jaou7_7710c,77.1,0.0806196535426308,5.81,0.0,False,13,0.3054585611933081,0.4156123363824248,-0.11015377518911668,0.08162009127562445,6.217062334617842,0.4070623346178426,0.4070623346178426,9.168255015854273,3.358255015854273,3.358255015854273
2026-08-26,2027-09,put,call,jaou7_7725c,77.25,0.082563288751202,5.76,0.0,False,13,0.3054585611933081,0.4156123363824248,-0.11015377518911668,0.08162009127562445,6.16853778347708,0.4085377834770805,0.4085377834770805,9.119289597402222,3.3592895974022223,3.3592895974022223
2026-08-26,2028-03,call,put,jaoh8_5740p,57.4,-0.1911448107462685,3.85,0.0,False,18,0.26140850890507594,0.4156123363824248,-0.15420382747734884,0.03963321514751871,3.2725468535494766,-0.5774531464505235,0.5774531464505235,7.242527668813678,3.392527668813678,3.392527668813678
2026-08-26,2028-03,call,put,jaoh8_5900p,59.0,-0.1636516701660698,4.31,0.0,False,18,0.26140850890507594,0.4156123363824248,-0.15420382747734884,0.03963321514751871,3.7976197127331375,-0.5123802872668621,0.5123802872668621,7.94120635207132,3.6312063520713203,3.6312063520713203
2026-08-26,2028-03,call,put,jaoh8_6000p,60.0,-0.1468445518496886,4.61,0.0,False,18,0.26140850890507594,0.4156123363824248,-0.15420382747734884,0.03963321514751871,4.149695400414885,-0.4603045995851156,0.4603045995851156,8.39357432581341,3.783574325813409,3.783574325813409
2026-08-26,2028-03,call,put,jaoh8_6165p,61.65,-0.1197158844614359,5.15,0.0,False,18,0.26140850890507594,0.4156123363824248,-0.15420382747734884,0.03963321514751871,4.77079689053315,-0.3792031094668502,0.3792031094668502,9.165831291121732,4.0158312911217315,4.0158312911217315
2026-08-26,2028-03,call,put,jaoh8_6200p,62.0,-0.1140547290266976,5.27,0.0,False,18,0.26140850890507594,0.4156123363824248,-0.15420382747734884,0.03963321514751871,4.908955499869481,-0.3610445001305189,0.3610445001305189,9.333696006206836,4.063696006206836,4.063696006206836
2026-08-26,2028-03,call,put,jaoh8_6250p,62.5,-0.1060225573294334,5.44,0.0,False,18,0.26140850890507594,0.4156123363824248,-0.15420382747734884,0.03963321514751871,5.11019843864794,-0.3298015613520606,0.3298015613520606,9.575955093545756,4.135955093545756,4.135955093545756
2026-08-26,2028-03,call,put,jaoh8_6500p,65.0,-0.0668018441761522,6.4,0.0,False,18,0.26140850890507594,0.4156123363824248,-0.15420382747734884,0.03963321514751871,6.184121885458945,-0.21587811454105577,0.21587811454105577,10.829571873276633,4.4295718732766325,4.4295718732766325
2026-08-26,2028-03,call,put,jaoh8_6600p,66.0,-0.0515343720453636,6.81,0.0,False,18,0.26140850890507594,0.4156123363824248,-0.15420382747734884,0.03963321514751871,6.644832032274431,-0.1651679677255684,0.1651679677255684,11.350253576098494,4.540253576098494,4.540253576098494
2026-08-26,2028-03,call,put,jaoh8_6750p,67.5,-0.0290615161933051,7.47,0.0,False,18,0.26140850890507594,0.4156123363824248,-0.15420382747734884,0.03963321514751871,7.368503672210304,-0.10149632778969586,0.10149632778969586,12.151343874952182,4.681343874952183,4.681343874952183
2026-08-26,2028-03,call,put,jaoh8_7000p,70.0,0.0073061279775697,8.65,0.0,False,18,0.26140850890507594,0.4156123363824248,-0.15420382747734884,0.03963321514751871,8.659092963945612,0.009092963945612098,0.009092963945612098,13.539271602153512,4.889271602153512,4.889271602153512
2026-08-26,2028-03,call,put,jaoh8_7450p,74.5,0.0696100113137244,11.08,0.0,False,18,0.26140850890507594,0.4156123363824248,-0.15420382747734884,0.03963321514751871,11.232608217069242,0.15260821706924155,0.15260821706924155,16.193092282392506,5.113092282392506,5.113092282392506
2026-08-26,2028-03,put,call,jaoh8_6151c,61.51,-0.1219893508515124,12.59,0.0,False,11,0.27000361807998835,0.4156123363824248,-0.14560871830243644,0.05599062086729221,12.428596621013531,-0.16140337898646884,0.16140337898646884,16.561623429645397,3.9716234296453976,3.9716234296453976
2026-08-26,2028-03,put,call,jaoh8_6200c,62.0,-0.1140547290266976,12.3,0.0,False,11,0.27000361807998835,0.4156123363824248,-0.14560871830243644,0.05599062086729221,12.165626922613573,-0.134373077386428,0.134373077386428,16.337435609032845,4.037435609032844,4.037435609032844
2026-08-26,2028-03,put,call,jaoh8_6420c,64.2,-0.0791859033758737,11.04,0.0,False,11,0.27000361807998835,0.4156123363824248,-0.14560871830243644,0.05599062086729221,11.037073233832492,-0.0029267661675067558,0.0029267661675067558,15.36453220917802,4.32453220917802,4.32453220917802
2026-08-26,2028-03,put,call,jaoh8_6500c,65.0,-0.0668018441761522,10.61,0.0,False,11,0.27000361807998835,0.4156123363824248,-0.14560871830243644,0.05599062086729221,10.647577864819988,0.037577864819988704,0.037577864819988704,15.024311090710826,4.414311090710827,4.414311090710827
2026-08-26,2028-03,put,call,jaoh8_6600c,66.0,-0.0515343720453636,10.08,0.0,False,11,0.27000361807998835,0.4156123363824248,-0.14560871830243644,0.05599062086729221,10.17611403807403,0.0961140380740293,0.0961140380740293,14.608659331735412,4.528659331735412,4.528659331735412
2026-08-26,2028-03,put,call,jaoh8_6775c,67.75,-0.025364654311979,9.21,0.0,False,11,0.27000361807998835,0.4156123363824248,-0.14560871830243644,0.05599062086729221,9.391503094626884,0.1815030946268834,0.1815030946268834,13.906974201368053,4.696974201368052,4.696974201368052
2026-08-26,2028-03,put,call,jaoh8_6875c,68.75,-0.0107123775251086,8.74,0.0,False,11,0.27000361807998835,0.4156123363824248,-0.14560871830243644,0.05599062086729221,8.965774199196705,0.22577419919670483,0.22577419919670483,13.520526880021873,4.780526880021872,4.780526880021872
2026-08-26,2028-03,put,call,jaoh8_6890c,68.9,-0.0085329360521763,8.67,0.0,False,11,0.27000361807998835,0.4156123363824248,-0.14560871830243644,0.05599062086729221,8.903307935851963,0.23330793585196297,0.23330793585196297,13.46349209323111,4.7934920932311105,4.7934920932311105
2026-08-26,2028-03,put,call,jaoh8_7000c,70.0,0.0073061279775697,8.17,0.0,False,11,0.27000361807998835,0.4156123363824248,-0.14560871830243644,0.05599062086729221,8.456156112425152,0.28615611242515193,0.28615611242515193,13.052343510601338,4.882343510601338,4.882343510601338
2026-08-26,2028-03,put,call,jaoh8_7110c,71.1,0.0228982227374058,7.7,0.0,False,11,0.27000361807998835,0.4156123363824248,-0.14560871830243644,0.05599062086729221,8.027921896115192,0.32792189611519174,0.32792189611519174,12.6531046651801,4.9531046651801,4.9531046651801
2026-08-26,2028-03,put,call,jaoh8_7275c,72.75,0.0458397919798125,7.03,0.0,False,11,0.27000361807998835,0.4156123363824248,-0.14560871830243644,0.05599062086729221,7.419995076428364,0.38999507642836395,0.38999507642836395,12.07650677481126,5.04650677481126,5.04650677481126
2026-08-26,2028-03,put,call,jaoh8_7340c,73.4,0.0547348215486806,6.78,0.0,False,11,0.27000361807998835,0.4156123363824248,-0.14560871830243644,0.05599062086729221,7.1915343958371265,0.41153439583712625,0.41153439583712625,11.856513919275082,5.076513919275082,5.076513919275082
2026-08-26,2028-03,put,call,jaoh8_7450c,74.5,0.0696100113137244,6.38,0.0,False,11,0.27000361807998835,0.4156123363824248,-0.14560871830243644,0.05599062086729221,6.818685636698141,0.43868563669814087,0.43868563669814087,11.492663612752606,5.112663612752606,5.112663612752606
2026-08-26,2028-03,put,call,jaoh8_7500c,75.0,0.076298999464521,6.2,0.0,False,11,0.27000361807998835,0.4156123363824248,-0.14560871830243644,0.05599062086729221,6.6548166122671635,0.4548166122671633,0.4548166122671633,11.330791321650429,5.130791321650428,5.130791321650428
2026-08-26,2028-03,put,call,jaoh8_7550c,75.5,0.0829435421831898,6.03,0.0,False,11,0.27000361807998835,0.4156123363824248,-0.14560871830243644,0.05599062086729221,6.494382904524677,0.464382904524677,0.464382904524677,11.171184979366442,5.141184979366442,5.141184979366442
2026-08-26,2028-03,put,call,jaoh8_7670c,76.7,0.0987125943014213,5.65,0.0,False,11,0.27000361807998835,0.4156123363824248,-0.14560871830243644,0.05599062086729221,6.123058137392145,0.47305813739214475,0.47305813739214475,10.797113142814052,5.147113142814051,5.147113142814051
2026-08-26,2028-03,put,call,jaoh8_7700c,77.0,0.1026163077818946,5.55,0.0,False,11,0.27000361807998835,0.4156123363824248,-0.14560871830243644,0.05599062086729221,6.03319208071778,0.48319208071777986,0.48319208071777986,10.705565310813425,5.155565310813425,5.155565310813425
2026-08-26,2028-03,put,call,jaoh8_7775c,77.75,0.1123094369875542,5.33,0.0,False,11,0.27000361807998835,0.4156123363824248,-0.14560871830243644,0.05599062086729221,5.813596358704836,0.48359635870483597,0.48359635870483597,10.480183209119796,5.150183209119795,5.150183209119795
2026-08-26,2028-09,call,put,jaou8_5000p,50.0,-0.3131548684248118,2.73,0.0,False,16,0.23856954653794496,0.4156123363824248,-0.17704278984447983,0.06432250182154917,1.7594313946216893,-0.9705686053783107,0.9705686053783107,5.918394392003731,3.188394392003731,3.188394392003731
2026-08-26,2028-09,call,put,jaou8_5500p,55.0,-0.2178446886204869,3.92,0.0,False,16,0.23856954653794496,0.4156123363824248,-0.17704278984447983,0.06432250182154917,3.009939535152794,-0.9100604648472057,0.9100604648472057,7.941554295866645,4.021554295866645,4.021554295866645
2026-08-26,2028-09,call,put,jaou8_5700p,57.0,-0.1821266060184077,4.47,0.0,False,16,0.23856954653794496,0.4156123363824248,-0.17704278984447983,0.06432250182154917,3.6309028149726483,-0.8390971850273514,0.8390971850273514,8.829160493539831,4.359160493539831,4.359160493539831
2026-08-26,2028-09,call,put,jaou8_5740p,57.4,-0.175133570527437,4.58,0.0,False,16,0.23856954653794496,0.4156123363824248,-0.17704278984447983,0.06432250182154917,3.7635264779438042,-0.8164735220561958,0.8164735220561958,9.011817824680888,4.431817824680888,4.431817824680888
2026-08-26,2028-09,call,put,jaou8_6165p,61.65,-0.1037046442426045,5.92,0.0,False,16,0.23856954653794496,0.4156123363824248,-0.17704278984447983,0.06432250182154917,5.34591557022465,-0.5740844297753496,0.5740844297753496,11.053775302114412,5.133775302114412,5.133775302114412
2026-08-26,2028-09,call,put,jaou8_6200p,62.0,-0.0980434888078663,6.04,0.0,False,16,0.23856954653794496,0.4156123363824248,-0.17704278984447983,0.06432250182154917,5.4902265497421405,-0.5497734502578595,0.5497734502578595,11.22993922622615,5.189939226226151,5.189939226226151
2026-08-26,2028-09,call,put,jaou8_6250p,62.5,-0.090011317110602,6.22,0.0,False,16,0.23856954653794496,0.4156123363824248,-0.17704278984447983,0.06432250182154917,5.700028618615396,-0.5199713813846039,0.5199713813846039,11.483682666037865,5.263682666037865,5.263682666037865
2026-08-26,2028-09,call,put,jaou8_6500p,65.0,-0.0507906039573206,7.14,0.0,False,16,0.23856954653794496,0.4156123363824248,-0.17704278984447983,0.06432250182154917,6.812469855084581,-0.32753014491541865,0.32753014491541865,12.788687130364393,5.648687130364393,5.648687130364393
2026-08-26,2028-09,call,put,jaou8_6750p,67.5,-0.0130502759744737,8.16,0.0,False,16,0.23856954653794496,0.4156123363824248,-0.17704278984447983,0.06432250182154917,8.02777959963109,-0.1322204003689098,0.1322204003689098,14.153599785859896,5.993599785859896,5.993599785859896
2026-08-26,2028-09,call,put,jaou8_7000p,70.0,0.0233173681964012,9.33,0.0,False,16,0.23856954653794496,0.4156123363824248,-0.17704278984447983,0.06432250182154917,9.341325558375017,0.011325558375016698,0.011325558375016698,15.573772023002755,6.243772023002755,6.243772023002755
2026-08-26,2028-09,call,put,jaou8_7450p,74.5,0.085621251532556,11.78,0.0,False,16,0.23856954653794496,0.4156123363824248,-0.17704278984447983,0.06432250182154917,11.935880929706297,0.15588092970629752,0.15588092970629752,18.25706777820609,6.47706777820609,6.47706777820609
2026-08-26,2028-09,put,call,jaou8_6151c,61.51,-0.1059781106326809,12.2,0.0,False,11,0.25290318058551187,0.4156123363824248,-0.16270915579691292,0.18269823240565455,12.043414954029522,-0.15658504597047695,0.15658504597047695,17.397811225098646,5.197811225098647,5.197811225098647
2026-08-26,2028-09,put,call,jaou8_6500c,65.0,-0.0507906039573206,10.25,0.0,False,11,0.25290318058551187,0.4156123363824248,-0.16270915579691292,0.18269823240565455,10.400503722651822,0.15050372265182155,0.15050372265182155,16.00670471388205,5.756704713882051,5.756704713882051
2026-08-26,2028-09,put,call,jaou8_6570c,65.7,-0.040078948362393,9.88,0.0,False,11,0.25290318058551187,0.4156123363824248,-0.16270915579691292,0.18269823240565455,10.094089673758784,0.2140896737587834,0.2140896737587834,15.741993826262783,5.861993826262783,5.861993826262783
2026-08-26,2028-09,put,call,jaou8_6600c,66.0,-0.0355231318265322,9.72,0.0,False,11,0.25290318058551187,0.4156123363824248,-0.16270915579691292,0.18269823240565455,9.965075678934449,0.24507567893444815,0.24507567893444815,15.629949046940997,5.909949046940996,5.909949046940996
2026-08-26,2028-09,put,call,jaou8_6650c,66.5,-0.0279759261911493,9.47,0.0,False,11,0.25290318058551187,0.4156123363824248,-0.16270915579691292,0.18269823240565455,9.753099398693635,0.28309939869363454,0.28309939869363454,15.445066271680467,5.975066271680467,5.975066271680467
2026-08-26,2028-09,put,call,jaou8_6775c,67.75,-0.0093534140931476,8.85,0.0,False,11,0.25290318058551187,0.4156123363824248,-0.16270915579691292,0.18269823240565455,9.239604050768465,0.38960405076846527,0.38960405076846527,14.992731397495092,6.142731397495092,6.142731397495092
2026-08-26,2028-09,put,call,jaou8_7000c,70.0,0.0233173681964012,7.84,0.0,False,11,0.25290318058551187,0.4156123363824248,-0.16270915579691292,0.18269823240565455,8.37290074838594,0.5329007483859396,0.5329007483859396,14.212781616426389,6.372781616426389,6.372781616426389
2026-08-26,2028-09,put,call,jaou8_7110c,71.1,0.0389094629562373,7.39,0.0,False,11,0.25290318058551187,0.4156123363824248,-0.16270915579691292,0.18269823240565455,7.975213192854654,0.5852131928546545,0.5852131928546545,13.846748701784858,6.456748701784858,6.456748701784858
2026-08-26,2028-09,put,call,jaou8_7275c,72.75,0.0618510321986441,6.76,0.0,False,11,0.25290318058551187,0.4156123363824248,-0.16270915579691292,0.18269823240565455,7.4094582806978675,0.6494582806978677,0.6494582806978677,13.315567694725411,6.555567694725411,6.555567694725411
2026-08-26,2028-09,put,call,jaou8_7340c,73.4,0.0707460617675122,6.53,0.0,False,11,0.25290318058551187,0.4156123363824248,-0.16270915579691292,0.18269823240565455,7.196429673662085,0.6664296736620852,0.6664296736620852,13.11199455724922,6.58199455724922,6.58199455724922
2026-08-26,2028-09,put,call,jaou8_7450c,74.5,0.085621251532556,6.15,0.0,False,11,0.25290318058551187,0.4156123363824248,-0.16270915579691292,0.18269823240565455,6.848209044031221,0.6982090440312207,0.6982090440312207,12.774970180545091,6.624970180545091,6.624970180545091
2026-08-26,2028-09,put,call,jaou8_7500c,75.0,0.0923102396833525,5.99,0.0,False,11,0.25290318058551187,0.4156123363824248,-0.16270915579691292,0.18269823240565455,6.694926795327299,0.7049267953272986,0.7049267953272986,12.62481755823443,6.634817558234429,6.634817558234429
2026-08-26,2028-09,put,call,jaou8_7560c,75.6,0.1002784093325294,5.8,0.0,False,11,0.25290318058551187,0.4156123363824248,-0.16270915579691292,0.18269823240565455,6.515025959256094,0.7150259592560939,0.7150259592560939,12.447136653074718,6.6471366530747185,6.6471366530747185
2026-08-26,2028-09,put,call,jaou8_7670c,76.7,0.1147238345202525,5.46,0.0,False,11,0.25290318058551187,0.4156123363824248,-0.16270915579691292,0.18269823240565455,6.196401132623232,0.7364011326232323,0.7364011326232323,12.128169591681532,6.668169591681532,6.668169591681532
2026-08-26,2028-09,put,call,jaou8_7925c,79.25,0.1474295389044322,4.76,0.0,False,11,0.25290318058551187,0.4156123363824248,-0.16270915579691292,0.18269823240565455,5.511107537137777,0.7511075371377771,0.7511075371377771,11.421005140212277,6.661005140212277,6.661005140212277
2026-08-26,2028-09,put,call,jaou8_8000c,80.0,0.1568487608209236,4.58,0.0,False,11,0.25290318058551187,0.4156123363824248,-0.16270915579691292,0.18269823240565455,5.3230826559753845,0.7430826559753845,0.7430826559753845,11.221095750633856,6.6410957506338555,6.6410957506338555
2026-08-27,2026-09,call,put,jaou6_7200p,72.0,-0.1434332799600881,0.15,0.0,False,17,0.47012870304659915,0.4154825254006624,0.054646177645936767,0.001247193709561522,0.17896324203710634,0.028963242037106346,0.028963242037106346,0.0938855199750355,-0.0561144800249645,0.0561144800249645
2026-08-27,2026-09,call,put,jaou6_7400p,74.0,-0.1160343057719737,0.28,0.0,False,17,0.47012870304659915,0.4154825254006624,0.054646177645936767,0.001247193709561522,0.35333764553468505,0.07333764553468503,0.07333764553468503,0.2145027224391824,-0.06549727756081763,0.06549727756081763
2026-08-27,2026-09,call,put,jaou6_7450p,74.5,-0.1093002735906295,0.33,0.0,False,17,0.47012870304659915,0.4154825254006624,0.054646177645936767,0.001247193709561522,0.41315071072910925,0.08315071072910923,0.08315071072910923,0.2588738283771932,-0.07112617162280682,0.07112617162280682
2026-08-27,2026-09,call,put,jaou6_7500p,75.0,-0.1026112854398329,0.38,15.0,True,17,0.47012870304659915,0.4154825254006624,0.054646177645936767,0.001247193709561522,0.4806033564508265,0.10060335645082652,0.10060335645082652,0.3099481259876434,-0.07005187401235663,0.07005187401235663
2026-08-27,2026-09,call,put,jaou6_7600p,76.0,-0.0893660586898123,0.51,0.0,False,17,0.47012870304659915,0.4154825254006624,0.054646177645936767,0.001247193709561522,0.6407386061235316,0.1307386061235316,0.1307386061235316,0.435527694731963,-0.074472305268037,0.074472305268037
2026-08-27,2026-09,call,put,jaou6_7750p,77.5,-0.069821462616842,0.77,0.0,False,17,0.47012870304659915,0.4154825254006624,0.054646177645936767,0.001247193709561522,0.9523568457056033,0.1823568457056033,0.1823568457056033,0.6952301482929593,-0.07476985170704076,0.07476985170704076
2026-08-27,2026-09,call,put,jaou6_7800p,78.0,-0.0633905722865517,0.88,0.0,False,17,0.47012870304659915,0.4154825254006624,0.054646177645936767,0.001247193709561522,1.0773415730886864,0.19734157308868638,0.19734157308868638,0.803638162002477,-0.07636183799752305,0.07636183799752305
2026-08-27,2026-09,call,put,jaou6_8000p,80.0,-0.0380727643022617,1.45,0.0,False,17,0.47012870304659915,0.4154825254006624,0.054646177645936767,0.001247193709561522,1.6943025767435067,0.24430257674350675,0.24430257674350675,1.3630218299219805,-0.08697817007801945,0.08697817007801945
2026-08-27,2026-09,call,put,jaou6_8200p,82.0,-0.0133801517118902,2.25,0.0,False,17,0.47012870304659915,0.4154825254006624,0.054646177645936767,0.001247193709561522,2.512300153154737,0.2623001531547371,0.2623001531547371,2.1460812046653555,-0.10391879533464454,0.10391879533464454
2026-08-27,2026-09,call,put,jaou6_8250p,82.5,-0.0073011056355081,2.49,0.0,False,17,0.47012870304659915,0.4154825254006624,0.054646177645936767,0.001247193709561522,2.7493401456776088,0.25934014567760855,0.25934014567760855,2.3789073016364357,-0.1110926983635645,0.1110926983635645
2026-08-27,2026-09,put,call,jaou6_9100c,91.0,0.0907601075407066,0.66,0.0,False,10,0.43102210420139364,0.4154825254006624,0.015539578800731257,0.0003801679719565128,0.5414361570975997,-0.1185638429024003,0.1185638429024003,0.4745999878349757,-0.18540001216502433,0.18540001216502433
2026-08-27,2026-09,put,call,jaou6_9150c,91.5,0.0962395733053322,0.6,0.0,False,10,0.43102210420139364,0.4154825254006624,0.015539578800731257,0.0003801679719565128,0.4785523945620996,-0.1214476054379004,0.1214476054379004,0.4167462660426709,-0.18325373395732908,0.18325373395732908
2026-08-27,2026-09,put,call,jaou6_9196c,91.96,0.1012543009188372,0.55,0.0,False,10,0.43102210420139364,0.4154825254006624,0.015539578800731257,0.0003801679719565128,0.4263209216442148,-0.12367907835578523,0.12367907835578523,0.3688793189206596,-0.18112068107934043,0.18112068107934043
2026-08-27,2026-09,put,call,jaou6_9200c,92.0,0.1016891780728969,0.55,0.0,False,10,0.43102210420139364,0.4154825254006624,0.015539578800731257,0.0003801679719565128,0.4220200407470788,-0.12797995925292127,0.12797995925292127,0.3649400085500827,-0.18505999144991736,0.18505999144991736
2026-08-27,2026-09,put,call,jaou6_9225c,92.25,0.1044028839444932,0.52,0.0,False,10,0.43102210420139364,0.4154825254006624,0.015539578800731257,0.0003801679719565128,0.3959770093016669,-0.12402299069833311,0.12402299069833311,0.3410912342610627,-0.17890876573893733,0.17890876573893733
2026-08-27,2026-09,put,call,jaou6_9250c,92.5,0.1071092455422361,0.5,0.0,False,10,0.43102210420139364,0.4154825254006624,0.015539578800731257,0.0003801679719565128,0.37133405025074123,-0.12866594974925877,0.12866594974925877,0.3185444018940469,-0.18145559810595308,0.18145559810595308
2026-08-27,2026-09,put,call,jaou6_9435c,94.35,0.1269118728384158,0.36,0.0,False,10,0.43102210420139364,0.4154825254006624,0.015539578800731257,0.0003801679719565128,0.2268995547656451,-0.13310044523435488,0.13310044523435488,0.1879876707787789,-0.1720123292212211,0.1720123292212211
2026-08-27,2026-09,put,call,jaou6_9500c,95.0,0.1337774926243974,0.32,0.0,False,10,0.43102210420139364,0.4154825254006624,0.015539578800731257,0.0003801679719565128,0.1894991801233552,-0.1305008198766448,0.1305008198766448,0.1549758588515786,-0.1650241411484214,0.1650241411484214
2026-08-27,2026-09,put,call,jaou6_9800c,98.0,0.1648680796944284,0.18,0.0,False,10,0.43102210420139364,0.4154825254006624,0.015539578800731257,0.0003801679719565128,0.07881928940010881,-0.10118071059989119,0.10118071059989119,0.0606559327609155,-0.1193440672390845,0.1193440672390845
2026-08-27,2026-09,put,call,jaou6_10000c,100.0,0.1850707870119479,0.13,0.0,False,10,0.43102210420139364,0.4154825254006624,0.015539578800731257,0.0003801679719565128,0.04218448658797283,-0.08781551341202717,0.08781551341202717,0.0310441541716228,-0.0989558458283772,0.0989558458283772
2026-08-27,2026-09,put,call,jaou6_10205c,102.05,0.2053634902797104,0.09,0.0,False,10,0.43102210420139364,0.4154825254006624,0.015539578800731257,0.0003801679719565128,0.021533804107152787,-0.0684661958928472,0.0684661958928472,0.0148466043538668,-0.0751533956461332,0.0751533956461332
2026-08-27,2026-09,put,call,jaou6_10240c,102.4,0.2087873136292641,0.08,0.0,False,10,0.43102210420139364,0.4154825254006624,0.015539578800731257,0.0003801679719565128,0.019138945853761007,-0.06086105414623899,0.06086105414623899,0.0130278474642341,-0.0669721525357659,0.0669721525357659
2026-08-27,2026-09,put,call,jaou6_10300c,103.0,0.2146295892534923,0.08,0.0,False,10,0.43102210420139364,0.4154825254006624,0.015539578800731257,0.0003801679719565128,0.01560461039424771,-0.06439538960575229,0.06439538960575229,0.0103737404479746,-0.06962625955202541,0.06962625955202541
2026-08-27,2026-09,put,call,jaou6_10500c,105.0,0.23386095118138,0.05,0.0,False,10,0.43102210420139364,0.4154825254006624,0.015539578800731257,0.0003801679719565128,0.007758839850726303,-0.0422411601492737,0.0422411601492737,0.0046680080646071,-0.045331991935392904,0.045331991935392904
2026-08-27,2026-09,put,call,jaou6_10520c,105.2,0.235763901327466,0.05,0.0,False,10,0.43102210420139364,0.4154825254006624,0.015539578800731257,0.0003801679719565128,0.007224345635028286,-0.042775654364971716,0.042775654364971716,0.0043003614130862,-0.0456996385869138,0.0456996385869138
2026-08-27,2026-09,put,call,jaou6_10825c,108.25,0.2643439679064558,0.03,0.0,False,10,0.43102210420139364,0.4154825254006624,0.015539578800731257,0.0003801679719565128,0.002355326347081877,-0.02764467365291812,0.02764467365291812,0.0011078756397088,-0.028892124360291198,0.028892124360291198
2026-08-27,2026-09,put,call,jaou6_11000c,110.0,0.2803809668162729,0.03,0.0,False,10,0.43102210420139364,0.4154825254006624,0.015539578800731257,0.0003801679719565128,0.001206209006932852,-0.028793790993067146,0.028793790993067146,0.0004551887068173,-0.029544811293182698,0.029544811293182698
2026-08-27,2026-10,call,put,jaov6_7200p,72.0,-0.1214016209641704,1.3,0.0,False,18,0.49134985509291307,0.4154825254006624,0.07586732969225068,0.016907363047815607,1.8473682847952677,0.5473682847952677,0.5473682847952677,1.2336252702095294,-0.06637472979047065,0.06637472979047065
2026-08-27,2026-10,call,put,jaov6_7400p,74.0,-0.0940026467760559,1.8,0.0,False,18,0.49134985509291307,0.4154825254006624,0.07586732969225068,0.016907363047815607,2.4340666411594176,0.6340666411594176,0.6340666411594176,1.7329854779710987,-0.06701452202890135,0.06701452202890135
2026-08-27,2026-10,call,put,jaov6_7450p,74.5,-0.0872686145947118,1.95,0.0,False,18,0.49134985509291307,0.4154825254006624,0.07586732969225068,0.016907363047815607,2.5980281776966665,0.6480281776966665,0.6480281776966665,1.8766601839260653,-0.0733398160739347,0.0733398160739347
2026-08-27,2026-10,call,put,jaov6_7500p,75.0,-0.0805796264439153,2.11,15.0,True,18,0.49134985509291307,0.4154825254006624,0.07586732969225068,0.016907363047815607,2.7690665626257402,0.6590665626257404,0.6590665626257404,2.0282738870445294,-0.0817261129554705,0.0817261129554705
2026-08-27,2026-10,call,put,jaov6_7600p,76.0,-0.0673343996938946,2.45,0.0,False,18,0.49134985509291307,0.4154825254006624,0.07586732969225068,0.016907363047815607,3.1326139029848488,0.6826139029848486,0.6826139029848486,2.356147031731932,-0.093852968268068,0.093852968268068
2026-08-27,2026-10,call,put,jaov6_7800p,78.0,-0.0413589132906339,3.24,0.0,False,18,0.49134985509291307,0.4154825254006624,0.07586732969225068,0.016907363047815607,3.9466753218762523,0.706675321876252,0.706675321876252,3.11333111337795,-0.12666888662205,0.12666888662205
2026-08-27,2026-10,call,put,jaov6_8000p,80.0,-0.0160411053063441,4.19,0.0,False,18,0.49134985509291307,0.4154825254006624,0.07586732969225068,0.016907363047815607,4.877223679863044,0.6872236798630436,0.6872236798630436,4.009328367664911,-0.18067163233508943,0.18067163233508943
2026-08-27,2026-10,call,put,jaov6_8200p,82.0,0.0086515072840274,5.28,0.0,False,18,0.49134985509291307,0.4154825254006624,0.07586732969225068,0.016907363047815607,5.922675976618407,0.6426759766184071,0.6426759766184071,5.040645704277621,-0.23935429572237954,0.23935429572237954
2026-08-27,2026-10,call,put,jaov6_9000p,90.0,0.1017419303500394,10.88,0.0,False,18,0.49134985509291307,0.4154825254006624,0.07586732969225068,0.016907363047815607,11.150804134366249,0.27080413436624795,0.27080413436624795,10.405427959841992,-0.4745720401580087,0.4745720401580087
2026-08-27,2026-10,put,call,jaov6_9200c,92.0,0.1237208370688145,1.87,0.0,False,9,0.4297082385392866,0.4154825254006624,0.014225713138624196,0.01521424755426249,1.496833812283886,-0.3731661877161141,0.3731661877161141,1.3559955008685836,-0.5140044991314165,0.5140044991314165
2026-08-27,2026-10,put,call,jaov6_9225c,92.25,0.1264345429404109,1.83,0.0,False,9,0.4297082385392866,0.4154825254006624,0.014225713138624196,0.01521424755426249,1.4515298370723393,-0.3784701629276608,0.3784701629276608,1.3127747890551174,-0.5172252109448827,0.5172252109448827
2026-08-27,2026-10,put,call,jaov6_9348c,93.48,0.1396797696904314,1.64,0.0,False,9,0.4297082385392866,0.4154825254006624,0.014225713138624196,0.01521424755426249,1.245268458160633,-0.3947315418393669,0.3947315418393669,1.116746684548505,-0.5232533154514949,0.5232533154514949
2026-08-27,2026-10,put,call,jaov6_9353c,93.53,0.1402145004662338,1.64,0.0,False,9,0.4297082385392866,0.4154825254006624,0.014225713138624196,0.01521424755426249,1.2374454977985334,-0.4025545022014665,0.4025545022014665,1.1093414084805182,-0.5306585915194817,0.5306585915194817
2026-08-27,2026-10,put,call,jaov6_9435c,94.35,0.1489435318343334,1.53,0.0,False,9,0.4297082385392866,0.4154825254006624,0.014225713138624196,0.01521424755426249,1.1150610389326816,-0.4149389610673184,0.4149389610673184,0.9938892992533482,-0.5361107007466518,0.5361107007466518
2026-08-27,2026-10,put,call,jaov6_9800c,98.0,0.1868997386903463,1.12,0.0,False,9,0.4297082385392866,0.4154825254006624,0.014225713138624196,0.01521424755426249,0.6892568392408526,-0.43074316075914754,0.43074316075914754,0.5973455718767704,-0.5226544281232297,0.5226544281232297
2026-08-27,2026-10,put,call,jaov6_9911c,99.11,0.1981626044383913,1.02,0.0,False,9,0.4297082385392866,0.4154825254006624,0.014225713138624196,0.01521424755426249,0.5922116479398531,-0.42778835206014687,0.42778835206014687,0.5091755718080916,-0.5108244281919084,0.5108244281919084
2026-08-27,2026-10,put,call,jaov6_9955c,99.55,0.2025922905299795,0.99,0.0,False,9,0.4297082385392866,0.4154825254006624,0.014225713138624196,0.01521424755426249,0.5572599812271364,-0.4327400187728636,0.4327400187728636,0.477690920565514,-0.512309079434486,0.512309079434486
2026-08-27,2026-10,put,call,jaov6_10000c,100.0,0.2071024460078656,0.95,0.0,False,9,0.4297082385392866,0.4154825254006624,0.014225713138624196,0.01521424755426249,0.5234408797275159,-0.4265591202724841,0.4265591202724841,0.4472970349295571,-0.5027029650704429,0.5027029650704429
2026-08-27,2026-10,put,call,jaov6_10205c,102.05,0.2273951492756281,0.81,0.0,False,9,0.4297082385392866,0.4154825254006624,0.014225713138624196,0.01521424755426249,0.39161891854238134,-0.4183810814576187,0.4183810814576187,0.3290461592760763,-0.4809538407239238,0.4809538407239238
2026-08-27,2026-10,put,call,jaov6_10240c,102.4,0.2308189726251816,0.79,0.0,False,9,0.4297082385392866,0.4154825254006624,0.014225713138624196,0.01521424755426249,0.3723984710391841,-0.4176015289608159,0.4176015289608159,0.3118826070731252,-0.47811739292687483,0.47811739292687483
2026-08-27,2026-10,put,call,jaov6_10300c,103.0,0.2366612482494101,0.75,0.0,False,9,0.4297082385392866,0.4154825254006624,0.014225713138624196,0.01521424755426249,0.34143925194212843,-0.40856074805787157,0.40856074805787157,0.2843732765669645,-0.4656267234330355,0.4656267234330355
2026-08-27,2026-10,put,call,jaov6_10500c,105.0,0.2558926101772977,0.64,0.0,False,9,0.4297082385392866,0.4154825254006624,0.014225713138624196,0.01521424755426249,0.25447067452794514,-0.3855293254720549,0.3855293254720549,0.2083507953301667,-0.4316492046698333,0.4316492046698333
2026-08-27,2026-10,put,call,jaov6_10800c,108.0,0.2840634871439939,0.51,0.0,False,9,0.4297082385392866,0.4154825254006624,0.014225713138624196,0.01521424755426249,0.16163266263536197,-0.34836733736463804,0.34836733736463804,0.1294303224037131,-0.3805696775962869,0.3805696775962869
2026-08-27,2026-10,put,call,jaov6_11500c,115.0,0.3468643883830243,0.32,0.0,False,9,0.4297082385392866,0.4154825254006624,0.014225713138624196,0.01521424755426249,0.053081047997741077,-0.2669189520022589,0.2669189520022589,0.0403880111294697,-0.2796119888705303,0.2796119888705303
2026-08-27,2026-10,put,call,jaov6_12100c,121.0,0.3977228056165153,0.22,0.0,False,9,0.4297082385392866,0.4154825254006624,0.014225713138624196,0.01521424755426249,0.019383893120043003,-0.200616106879957,0.200616106879957,0.0144444611899747,-0.2055555388100253,0.2055555388100253
2026-08-27,2026-10,put,call,jaov6_12500c,125.0,0.4302459973220754,0.18,0.0,False,9,0.4297082385392866,0.4154825254006624,0.014225713138624196,0.01521424755426249,0.009675296110106478,-0.17032470388989351,0.17032470388989351,0.0070268469683228,-0.1729731530316772,0.1729731530316772
2026-08-27,2026-10,put,call,jaov6_16000c,160.0,0.6771060752536012,0.04,0.0,False,9,0.4297082385392866,0.4154825254006624,0.014225713138624196,0.01521424755426249,1.3053571677887612e-05,-0.039986946428322116,0.039986946428322116,2.1216577857147347e-05,-0.03997878342214285,0.03997878342214285
2026-08-27,2026-11,call,put,jaox6_7200p,72.0,-0.1003659205504819,2.6,0.0,False,16,0.46560758775683475,0.4154825254006624,0.05012506235617237,0.029232242343846783,3.250217576328553,0.6502175763285529,0.6502175763285529,2.667670955321098,0.0676709553210979,0.0676709553210979
2026-08-27,2026-11,call,put,jaox6_7400p,74.0,-0.0729669463623675,3.32,0.0,False,16,0.46560758775683475,0.4154825254006624,0.05012506235617237,0.029232242343846783,4.004235400972218,0.6842354009722178,0.6842354009722178,3.3768010485684674,0.05680104856846757,0.05680104856846757
2026-08-27,2026-11,call,put,jaox6_7450p,74.5,-0.0662329141810233,3.52,0.0,False,16,0.46560758775683475,0.4154825254006624,0.05012506235617237,0.029232242343846783,4.2080460992840605,0.6880460992840605,0.6880460992840605,3.5710284383219606,0.05102843832196058,0.05102843832196058
2026-08-27,2026-11,call,put,jaox6_7500p,75.0,-0.0595439260302267,3.73,15.0,True,16,0.46560758775683475,0.4154825254006624,0.05012506235617237,0.029232242343846783,4.417993151746444,0.6879931517464439,0.6879931517464439,3.7719793369267696,0.041979336926769584,0.041979336926769584
2026-08-27,2026-11,call,put,jaox6_7600p,76.0,-0.0462986992802062,4.17,0.0,False,16,0.46560758775683475,0.4154825254006624,0.05012506235617237,0.029232242343846783,4.856274267112659,0.6862742671126592,0.6862742671126592,4.194058755346773,0.02405875534677282,0.02405875534677282
2026-08-27,2026-11,call,put,jaox6_7800p,78.0,-0.0203232128769454,5.14,0.0,False,16,0.46560758775683475,0.4154825254006624,0.05012506235617237,0.029232242343846783,5.805900507480239,0.6659005074802389,0.6659005074802389,5.120374336994863,-0.019625663005136573,0.019625663005136573
2026-08-27,2026-11,call,put,jaox6_8000p,80.0,0.0049945951073444,6.22,0.0,False,16,0.46560758775683475,0.4154825254006624,0.05012506235617237,0.029232242343846783,6.8512210093686,0.6312210093686001,0.6312210093686001,6.152565822211831,-0.06743417778816863,0.06743417778816863
2026-08-27,2026-11,call,put,jaox6_8200p,82.0,0.0296872076977157,7.42,0.0,False,16,0.46560758775683475,0.4154825254006624,0.05012506235617237,0.029232242343846783,7.989074095941947,0.5690740959419474,0.5690740959419474,7.289053168530905,-0.13094683146909514,0.13094683146909514
2026-08-27,2026-11,call,put,jaox6_9000p,90.0,0.1227776307637278,13.14,0.0,False,16,0.46560758775683475,0.4154825254006624,0.05012506235617237,0.029232242343846783,13.370766044703686,0.23076604470368522,0.23076604470368522,12.756881777591776,-0.3831182224082248,0.3831182224082248
2026-08-27,2026-11,put,call,jaox6_8950c,89.5,0.1172065857142724,3.02,0.0,False,9,0.41961413761003397,0.4154825254006624,0.004131612209371582,0.018466281448379446,2.6152290135655805,-0.40477098643441956,0.40477098643441956,2.5918694586648936,-0.4281305413351064,0.4281305413351064
2026-08-27,2026-11,put,call,jaox6_9000c,90.0,0.1227776307637278,2.91,100.0,True,9,0.41961413761003397,0.4154825254006624,0.004131612209371582,0.018466281448379446,2.499306822902242,-0.410693177097758,0.410693177097758,2.476481129031116,-0.433518870968884,0.433518870968884
2026-08-27,2026-11,put,call,jaox6_9025c,90.25,0.1255515576464531,2.86,0.0,False,9,0.41961413761003397,0.4154825254006624,0.004131612209371582,0.018466281448379446,2.4429947668474665,-0.41700523315253335,0.41700523315253335,2.420505732272156,-0.4394942677278437,0.4394942677278437
2026-08-27,2026-11,put,call,jaox6_9100c,91.0,0.1338274669503127,2.72,100.0,True,9,0.41961413761003397,0.4154825254006624,0.004131612209371582,0.018466281448379446,2.280476735757247,-0.43952326424275334,0.43952326424275334,2.259167500630788,-0.4608324993692121,0.4608324993692121
2026-08-27,2026-11,put,call,jaox6_9196c,91.96,0.1443216603284435,2.55,0.0,False,9,0.41961413761003397,0.4154825254006624,0.004131612209371582,0.018466281448379446,2.085994594072952,-0.46400540592704775,0.46400540592704775,2.066541147845014,-0.48345885215498585,0.48345885215498585
2026-08-27,2026-11,put,call,jaox6_9200c,92.0,0.144756537482503,2.54,0.0,False,9,0.41961413761003397,0.4154825254006624,0.004131612209371582,0.018466281448379446,2.0782101393785384,-0.46178986062146166,0.46178986062146166,2.058847792625887,-0.48115220737411324,0.48115220737411324
2026-08-27,2026-11,put,call,jaox6_9225c,92.25,0.1474702433540992,2.5,0.0,False,9,0.41961413761003397,0.4154825254006624,0.004131612209371582,0.018466281448379446,2.0301213068937805,-0.46987869310621955,0.46987869310621955,2.011333036952656,-0.4886669630473439,0.4886669630473439
2026-08-27,2026-11,put,call,jaox6_9348c,93.48,0.16071547010412,2.3,0.0,False,9,0.41961413761003397,0.4154825254006624,0.004131612209371582,0.018466281448379446,1.8072593074373844,-0.49274069256261543,0.49274069256261543,1.7911419734744032,-0.5088580265255966,0.5088580265255966
2026-08-27,2026-11,put,call,jaox6_9353c,93.53,0.1612502008799223,2.3,0.0,False,9,0.41961413761003397,0.4154825254006624,0.004131612209371582,0.018466281448379446,1.7986677804796747,-0.5013322195203251,0.5013322195203251,1.7826517453902933,-0.5173482546097066,0.5173482546097066
2026-08-27,2026-11,put,call,jaox6_9435c,94.35,0.169979232248022,2.18,0.0,False,9,0.41961413761003397,0.4154825254006624,0.004131612209371582,0.018466281448379446,1.6627562106025104,-0.5172437893974897,0.5172437893974897,1.6483004140446174,-0.5316995859553828,0.5316995859553828
2026-08-27,2026-11,put,call,jaox6_9911c,99.11,0.2191983048520798,1.61,0.0,False,9,0.41961413761003397,0.4154825254006624,0.004131612209371582,0.018466281448379446,1.0381041288280677,-0.5718958711719324,0.5718958711719324,1.0331441302280369,-0.5768558697719632,0.5768558697719632
2026-08-27,2026-11,put,call,jaox6_10000c,100.0,0.2281381464215541,1.52,0.0,False,9,0.41961413761003397,0.4154825254006624,0.004131612209371582,0.018466281448379446,0.9480149649484282,-0.5719850350515718,0.5719850350515718,0.9446183787704748,-0.5753816212295252,0.5753816212295252
2026-08-27,2026-11,put,call,jaox6_10205c,102.05,0.2484308496893165,1.34,0.0,False,9,0.41961413761003397,0.4154825254006624,0.004131612209371582,0.018466281448379446,0.7667981127445668,-0.5732018872554333,0.5732018872554333,0.7662298948681714,-0.5737701051318287,0.5737701051318287
2026-08-27,2026-11,put,call,jaox6_10240c,102.4,0.2518546730388701,1.32,0.0,False,9,0.41961413761003397,0.4154825254006624,0.004131612209371582,0.018466281448379446,0.7392161376486556,-0.5807838623513445,0.5807838623513445,0.738990712415909,-0.5810092875840911,0.5810092875840911
2026-08-27,2026-11,put,call,jaox6_10500c,105.0,0.2769283105909861,1.13,0.0,False,9,0.41961413761003397,0.4154825254006624,0.004131612209371582,0.018466281448379446,0.561066885416521,-0.5689331145834788,0.5689331145834788,0.562352162905609,-0.5676478370943909,0.5676478370943909
2026-08-27,2026-11,put,call,jaox6_10800c,108.0,0.3050991875576824,0.96,0.0,False,9,0.41961413761003397,0.4154825254006624,0.004131612209371582,0.018466281448379446,0.40509885190395495,-0.5549011480960451,0.5549011480960451,0.4066509030402893,-0.5533490969597107,0.5533490969597107
2026-08-27,2027-03,call,put,jaoh7_6800p,68.0,-0.0876665331719319,4.62,0.0,False,14,0.3600835189416587,0.4154825254006624,-0.0553990064590037,0.0041599816572552815,4.629617020412065,0.00961702041206447,0.00961702041206447,5.697367722440617,1.0773677224406173,1.0773677224406173
2026-08-27,2027-03,call,put,jaoh7_6900p,69.0,-0.0730677337507792,5.01,0.0,False,14,0.3600835189416587,0.4154825254006624,-0.0553990064590037,0.0041599816572552815,5.0507942481834,0.04079424818340005,0.04079424818340005,6.142530768218118,1.1325307682181185,1.1325307682181185
2026-08-27,2027-03,call,put,jaoh7_7000p,70.0,-0.0586789962986795,5.43,6.0,True,14,0.3600835189416587,0.4154825254006624,-0.0553990064590037,0.0041599816572552815,5.493192322367181,0.06319232236718086,0.06319232236718086,6.606089041058687,1.1760890410586873,1.1760890410586873
2026-08-27,2027-03,call,put,jaoh7_7100p,71.0,-0.0444943613067231,5.87,0.0,False,14,0.3600835189416587,0.4154825254006624,-0.0553990064590037,0.0041599816572552815,5.956644095094311,0.08664409509431081,0.08664409509431081,7.087463238520689,1.217463238520689,1.217463238520689
2026-08-27,2027-03,call,put,jaoh7_7150p,71.5,-0.0374767886480766,6.1,0.0,False,14,0.3600835189416587,0.4154825254006624,-0.0553990064590037,0.0041599816572552815,6.196197097226246,0.0961970972262467,0.0961970972262467,7.335071861108251,1.235071861108251,1.235071861108251
2026-08-27,2027-03,call,put,jaoh7_7400p,74.0,-0.0031091451438688,7.34,0.0,False,14,0.3600835189416587,0.4154825254006624,-0.0553990064590037,0.0041599816572552815,7.470816515941139,0.13081651594113897,0.13081651594113897,8.638166155228111,1.2981661552281114,1.2981661552281114
2026-08-27,2027-03,call,put,jaoh7_7450p,74.5,0.0036248870374753,7.6,0.0,False,14,0.3600835189416587,0.4154825254006624,-0.0553990064590037,0.0041599816572552815,7.7408164886207285,0.14081648862072882,0.14081648862072882,8.911732691692173,1.311732691692173,1.311732691692173
2026-08-27,2027-03,call,put,jaoh7_7500p,75.0,0.0103138751882719,7.88,0.0,False,14,0.3600835189416587,0.4154825254006624,-0.0553990064590037,0.0041599816572552815,8.015731009656594,0.13573100965659446,0.13573100965659446,9.189508531644863,1.3095085316448634,1.3095085316448634
2026-08-27,2027-03,put,call,jaoh7_8000c,80.0,0.0748523963258429,5.31,0.0,False,8,0.3556624356344934,0.4154825254006624,-0.05982008976616898,0.0017231707715235148,5.294219065716528,-0.01578093428347138,0.01578093428347138,6.549181048816685,1.2391810488166852,1.2391810488166852
2026-08-27,2027-03,put,call,jaoh7_8025c,80.25,0.0779725236620866,5.24,0.0,False,8,0.3556624356344934,0.4154825254006624,-0.05982008976616898,0.0017231707715235148,5.212209409886361,-0.02779059011363927,0.02779059011363927,6.464960887960549,1.224960887960549,1.224960887960549
2026-08-27,2027-03,put,call,jaoh7_8075c,80.75,0.0841837237547272,5.08,0.0,False,8,0.3556624356344934,0.4154825254006624,-0.05982008976616898,0.0017231707715235148,5.051373377130404,-0.02862662286959594,0.02862662286959594,6.299241763372997,1.219241763372997,1.219241763372997
2026-08-27,2027-03,put,call,jaoh7_8100c,81.0,0.0872749163244001,5.01,0.0,False,8,0.3556624356344934,0.4154825254006624,-0.05982008976616898,0.0017231707715235148,4.97252930771236,-0.03747069228763955,0.03747069228763955,6.217746444777368,1.207746444777368,1.207746444777368
2026-08-27,2027-03,put,call,jaoh7_8102c,81.02,0.0875217994265058,5.0,0.0,False,8,0.3556624356344934,0.4154825254006624,-0.05982008976616898,0.0017231707715235148,4.966266717343374,-0.033733282656625896,0.033733282656625896,6.211265252264022,1.2112652522640222,1.2112652522640222
2026-08-27,2027-03,put,call,jaoh7_8150c,81.5,0.0934287818987783,4.86,0.0,False,8,0.3556624356344934,0.4154825254006624,-0.05982008976616898,0.0017231707715235148,4.8179444873938415,-0.04205551260615881,0.04205551260615881,6.057478001106298,1.1974780011062975,1.1974780011062975
2026-08-27,2027-03,put,call,jaoh7_8185c,81.85,0.0977140654691053,4.77,0.0,False,8,0.3556624356344934,0.4154825254006624,-0.05982008976616898,0.0017231707715235148,4.712165733157236,-0.057834266842763604,0.057834266842763604,5.947476913405608,1.1774769134056084,1.1774769134056084
2026-08-27,2027-03,put,call,jaoh7_8342c,83.42,0.1167138504207605,4.35,0.0,False,8,0.3556624356344934,0.4154825254006624,-0.05982008976616898,0.0017231707715235148,4.261595225559087,-0.08840477444091288,0.08840477444091288,5.4754933726947295,1.1254933726947298,1.1254933726947298
2026-08-27,2027-03,put,call,jaoh7_8500c,85.0,0.1354770181422778,3.97,0.0,False,8,0.3556624356344934,0.4154825254006624,-0.05982008976616898,0.0017231707715235148,3.8459534737810688,-0.12404652621893142,0.12404652621893142,5.033587058192172,1.0635870581921716,1.0635870581921716
2026-08-27,2027-03,put,call,jaoh7_8525c,85.25,0.1384138778155876,3.92,0.0,False,8,0.3556624356344934,0.4154825254006624,-0.05982008976616898,0.0017231707715235148,3.7835095267869394,-0.13649047321306051,0.13649047321306051,4.9665833148779965,1.0465833148779966,1.0465833148779966
2026-08-27,2027-03,put,call,jaoh7_8575c,85.75,0.1442618476980107,3.81,0.0,False,8,0.3556624356344934,0.4154825254006624,-0.05982008976616898,0.0017231707715235148,3.661259085831791,-0.14874091416820923,0.14874091416820923,4.834963586591787,1.0249635865917868,1.0249635865917868
2026-08-27,2027-03,put,call,jaoh7_8675c,86.75,0.15585618047893,3.6,0.0,False,8,0.3556624356344934,0.4154825254006624,-0.05982008976616898,0.0017231707715235148,3.42705170805942,-0.17294829194058003,0.17294829194058003,4.581129447027448,0.9811294470274476,0.9811294470274476
2026-08-27,2027-03,put,call,jaoh7_8700c,87.0,0.1587338803065451,3.55,0.0,False,8,0.3556624356344934,0.4154825254006624,-0.05982008976616898,0.0017231707715235148,3.3705911434455924,-0.17940885655440741,0.17940885655440741,4.519594937558932,0.9695949375589326,0.9695949375589326
2026-08-27,2027-03,put,call,jaoh7_8705c,87.05,0.1593084278661594,3.54,0.0,False,8,0.3556624356344934,0.4154825254006624,-0.05982008976616898,0.0017231707715235148,3.3593975227145063,-0.18060247728549372,0.18060247728549372,4.507379612496422,0.9673796124964218,0.9673796124964218
2026-08-27,2027-09,call,put,jaou7_5800p,58.0,-0.2021664414799015,3.45,0.0,False,20,0.297147592579899,0.4154825254006624,-0.1183349328207634,0.01426198304688732,2.788473183537292,-0.6615268164627084,0.6615268164627084,5.231732140685974,1.7817321406859739,1.7817321406859739
2026-08-27,2027-09,call,put,jaou7_5900p,59.0,-0.1850720081206014,3.71,0.0,False,20,0.297147592579899,0.4154825254006624,-0.1183349328207634,0.01426198304688732,3.0878272343050615,-0.6221727656949385,0.6221727656949385,5.615098778206451,1.905098778206451,1.905098778206451
2026-08-27,2027-09,call,put,jaou7_6000p,60.0,-0.1682648898042202,3.99,0.0,False,20,0.297147592579899,0.4154825254006624,-0.1183349328207634,0.01426198304688732,3.4063928955292333,-0.5836071044707669,0.5836071044707669,6.0134507434493205,2.0234507434493203,2.0234507434493203
2026-08-27,2027-09,call,put,jaou7_6200p,62.0,-0.1354750669812293,4.6,0.0,False,20,0.297147592579899,0.4154825254006624,-0.1183349328207634,0.01426198304688732,4.101651498896111,-0.49834850110388906,0.49834850110388906,6.856135756877658,2.2561357568776588,2.2561357568776588
2026-08-27,2027-09,call,put,jaou7_6420p,64.2,-0.1006062413304053,5.35,0.0,False,20,0.297147592579899,0.4154825254006624,-0.1183349328207634,0.01426198304688732,4.95621444955333,-0.39378555044666985,0.39378555044666985,7.851663500955873,2.501663500955873,2.501663500955873
2026-08-27,2027-09,call,put,jaou7_6500p,65.0,-0.0882221821306837,5.64,0.0,False,20,0.297147592579899,0.4154825254006624,-0.1183349328207634,0.01426198304688732,5.290184869848117,-0.3498151301518826,0.3498151301518826,8.230726299976416,2.5907262999764162,2.5907262999764162
2026-08-27,2027-09,call,put,jaou7_6750p,67.5,-0.0504818541478366,6.63,0.0,False,20,0.297147592579899,0.4154825254006624,-0.1183349328207634,0.01426198304688732,6.412582557246809,-0.21741744275319075,0.21741744275319075,9.473183527473886,2.8431835274738857,2.8431835274738857
2026-08-27,2027-09,call,put,jaou7_6800p,68.0,-0.0431017468502141,6.85,0.0,False,20,0.297147592579899,0.4154825254006624,-0.1183349328207634,0.01426198304688732,6.651179375569145,-0.19882062443085502,0.19882062443085502,9.73172032055258,2.8817203205525797,2.8817203205525797
2026-08-27,2027-09,call,put,jaou7_6900p,69.0,-0.0285029474290615,7.29,0.0,False,20,0.297147592579899,0.4154825254006624,-0.1183349328207634,0.01426198304688732,7.142233029997258,-0.14776697000274197,0.14776697000274197,10.259227639277452,2.9692276392774515,2.9692276392774515
2026-08-27,2027-09,call,put,jaou7_7000p,70.0,-0.0141142099769619,7.75,4.0,True,20,0.297147592579899,0.4154825254006624,-0.1183349328207634,0.01426198304688732,7.651515190627829,-0.09848480937217108,0.09848480937217108,10.800416126587557,3.0504161265875567,3.0504161265875567
2026-08-27,2027-09,call,put,jaou7_7400p,74.0,0.0414556411778488,9.81,0.0,False,20,0.297147592579899,0.4154825254006624,-0.1183349328207634,0.01426198304688732,9.8639386192304,0.053938619230399,0.053938619230399,13.0916579336406,3.2816579336405987,3.2816579336405987
2026-08-27,2027-09,call,put,jaou7_7450p,74.5,0.0481896733591929,10.09,0.0,False,20,0.297147592579899,0.4154825254006624,-0.1183349328207634,0.01426198304688732,10.159408915957826,0.06940891595782617,0.06940891595782617,13.391412296254762,3.301412296254762,3.301412296254762
2026-08-27,2027-09,call,put,jaou7_7500p,75.0,0.0548786615099896,10.38,0.0,False,20,0.297147592579899,0.4154825254006624,-0.1183349328207634,0.01426198304688732,10.458908281836063,0.07890828183606224,0.07890828183606224,13.694063520818055,3.3140635208180544,3.3140635208180544
2026-08-27,2027-09,put,call,jaou7_6820c,68.2,-0.0401648871769044,9.61,0.0,False,13,0.3070190839552366,0.4154825254006624,-0.1084634414454258,0.0791145593306959,9.683658374332751,0.07365837433275146,0.07365837433275146,12.439867259351594,2.8298672593515946,2.8298672593515946
2026-08-27,2027-09,put,call,jaou7_6825c,68.25,-0.0394320179612518,9.58,0.0,False,13,0.3070190839552366,0.4154825254006624,-0.1084634414454258,0.0791145593306959,9.660301316372854,0.08030131637285365,0.08030131637285365,12.418216364354423,2.838216364354423,2.838216364354423
2026-08-27,2027-09,put,call,jaou7_6860c,68.6,-0.0343169172944813,9.4,0.0,False,13,0.3070190839552366,0.4154825254006624,-0.1084634414454258,0.0791145593306959,9.498050079749698,0.09805007974969726,0.09805007974969726,12.267641535532148,2.8676415355321474,2.8676415355321474
2026-08-27,2027-09,put,call,jaou7_6900c,69.0,-0.0285029474290615,9.2,0.0,False,13,0.3070190839552366,0.4154825254006624,-0.1084634414454258,0.0791145593306959,9.315282941172361,0.11528294117236193,0.11528294117236193,12.097655344661929,2.8976553446619295,2.8976553446619295
2026-08-27,2027-09,put,call,jaou7_6905c,69.05,-0.0277785721710197,9.17,0.0,False,13,0.3070190839552366,0.4154825254006624,-0.1084634414454258,0.0791145593306959,9.292635858592012,0.12263585859201243,0.12263585859201243,12.076560505825087,2.9065605058250874,2.9065605058250874
2026-08-27,2027-09,put,call,jaou7_6930c,69.3,-0.0241645458304633,9.05,0.0,False,13,0.3070190839552366,0.4154825254006624,-0.1084634414454258,0.0791145593306959,9.180060443675313,0.1300604436753119,0.1300604436753119,11.971589070327536,2.921589070327535,2.921589070327535
2026-08-27,2027-09,put,call,jaou7_7000c,70.0,-0.0141142099769619,8.7,0.0,False,13,0.3070190839552366,0.4154825254006624,-0.1084634414454258,0.0791145593306959,8.870665989460651,0.1706659894606517,0.1706659894606517,11.682171717779942,2.982171717779943,2.982171717779943
2026-08-27,2027-09,put,call,jaou7_7110c,71.1,0.0014778847828741,8.18,0.0,False,13,0.3070190839552366,0.4154825254006624,-0.1084634414454258,0.0791145593306959,8.401569168166278,0.22156916816627792,0.22156916816627792,11.2403611316249,3.0603611316248998,3.0603611316248998
2026-08-27,2027-09,put,call,jaou7_7200c,72.0,0.0140566669897344,7.77,0.0,False,13,0.3070190839552366,0.4154825254006624,-0.1084634414454258,0.0791145593306959,8.033020074477218,0.2630200744772182,0.2630200744772182,10.890304423955255,3.1203044239552558,3.1203044239552558
2026-08-27,2027-09,put,call,jaou7_7335c,73.35,0.0326330525626698,7.2,0.0,False,13,0.3070190839552366,0.4154825254006624,-0.1084634414454258,0.0791145593306959,7.5053141363894635,0.30531413638946336,0.30531413638946336,10.3832856064162,3.1832856064161996,3.1832856064161996
2026-08-27,2027-09,put,call,jaou7_7400c,74.0,0.0414556411778488,6.93,0.0,False,13,0.3070190839552366,0.4154825254006624,-0.1084634414454258,0.0791145593306959,7.26173871867596,0.33173871867596016,0.33173871867596016,10.146725068064615,3.2167250680646156,3.2167250680646156
2026-08-27,2027-09,put,call,jaou7_7450c,74.5,0.0481896733591929,6.73,0.0,False,13,0.3070190839552366,0.4154825254006624,-0.1084634414454258,0.0791145593306959,7.078922975776303,0.3489229757763024,0.3489229757763024,9.968143373582734,3.2381433735827336,3.2381433735827336
2026-08-27,2027-09,put,call,jaou7_7500c,75.0,0.0548786615099896,6.54,0.0,False,13,0.3070190839552366,0.4154825254006624,-0.1084634414454258,0.0791145593306959,6.900006866836286,0.3600068668362857,0.3600068668362857,9.792458541049983,3.2524585410499833,3.2524585410499833
2026-08-27,2027-09,put,call,jaou7_7542c,75.42,0.0604630398038902,6.38,0.0,False,13,0.3070190839552366,0.4154825254006624,-0.1084634414454258,0.0791145593306959,6.752692588176542,0.37269258817654194,0.37269258817654194,9.647015489569254,3.2670154895692542,3.2670154895692542
2026-08-27,2027-09,put,call,jaou7_7550c,75.5,0.0615232042286581,6.35,0.0,False,13,0.3070190839552366,0.4154825254006624,-0.1084634414454258,0.0791145593306959,6.724937897075754,0.3749378970757542,0.3749378970757542,9.619540884644024,3.269540884644025,3.269540884644025
2026-08-27,2027-09,put,call,jaou7_7600c,76.0,0.0681238882600102,6.17,0.0,False,13,0.3070190839552366,0.4154825254006624,-0.1084634414454258,0.0791145593306959,6.55366290391471,0.38366290391471036,0.38366290391471036,9.449409755419357,3.2794097554193566,3.2794097554193566
2026-08-27,2027-09,put,call,jaou7_7610c,76.1,0.0694388128413192,6.13,0.0,False,13,0.3070190839552366,0.4154825254006624,-0.1084634414454258,0.0791145593306959,6.519858461695903,0.3898584616959031,0.3898584616959031,9.41570847157863,3.285708471578631,3.285708471578631
2026-08-27,2027-09,put,call,jaou7_7705c,77.05,0.0818451097398037,5.8,0.0,False,13,0.3070190839552366,0.4154825254006624,-0.1084634414454258,0.0791145593306959,6.2060950569226305,0.4060950569226307,0.4060950569226307,9.100931483520515,3.3009314835205155,3.3009314835205155
2026-08-27,2027-09,put,call,jaou7_7710c,77.1,0.0824938285429628,5.79,0.0,False,13,0.3070190839552366,0.4154825254006624,-0.1084634414454258,0.0791145593306959,6.189947056983241,0.3999470569832413,0.3999470569832413,9.084632819626636,3.294632819626636,3.294632819626636
2026-08-27,2027-09,put,call,jaou7_7725c,77.25,0.0844374637515339,5.74,0.0,False,13,0.3070190839552366,0.4154825254006624,-0.1084634414454258,0.0791145593306959,6.141720053524723,0.4017200535247225,0.4017200535247225,9.03590665706736,3.295906657067359,3.295906657067359
2026-08-27,2028-03,call,put,jaoh8_5740p,57.4,-0.1880680298502383,3.95,0.0,False,18,0.26420424212991783,0.4154825254006624,-0.15127828327074455,0.038663706073374375,3.380289083671258,-0.5697109163287424,0.5697109163287424,7.281744383625979,3.3317443836259786,3.3317443836259786
2026-08-27,2028-03,call,put,jaoh8_5900p,59.0,-0.1605748892700396,4.42,0.0,False,18,0.26420424212991783,0.4154825254006624,-0.15127828327074455,0.038663706073374375,3.914368433195593,-0.5056315668044071,0.5056315668044071,7.983440614438588,3.563440614438588,3.563440614438588
2026-08-27,2028-03,call,put,jaoh8_6000p,60.0,-0.1437677709536584,4.73,0.0,False,18,0.26420424212991783,0.4154825254006624,-0.15127828327074455,0.038663706073374375,4.2719696133234315,-0.4580303866765689,0.4580303866765689,8.437713283469158,3.7077132834691575,3.7077132834691575
2026-08-27,2028-03,call,put,jaoh8_6165p,61.65,-0.1166391035654058,5.27,0.0,False,18,0.26420424212991783,0.4154825254006624,-0.15127828327074455,0.038663706073374375,4.901959811265472,-0.36804018873452726,0.36804018873452726,9.213117874130406,3.9431178741304063,3.9431178741304063
2026-08-27,2028-03,call,put,jaoh8_6200p,62.0,-0.1109779481306675,5.4,0.0,False,18,0.26420424212991783,0.4154825254006624,-0.15127828327074455,0.038663706073374375,5.041961845490177,-0.35803815450982324,0.35803815450982324,9.381661338959075,3.981661338959075,3.981661338959075
2026-08-27,2028-03,call,put,jaoh8_6250p,62.5,-0.1029457764334033,5.57,0.0,False,18,0.26420424212991783,0.4154825254006624,-0.15127828327074455,0.038663706073374375,5.245810175856635,-0.3241898241433656,0.3241898241433656,9.624893534557575,4.054893534557575,4.054893534557575
2026-08-27,2028-03,call,put,jaoh8_6500p,65.0,-0.063725063280122,6.54,0.0,False,18,0.26420424212991783,0.4154825254006624,-0.15127828327074455,0.038663706073374375,6.3322135852087165,-0.20778641479128357,0.20778641479128357,10.88340989214842,4.343409892148419,4.343409892148419
2026-08-27,2028-03,call,put,jaoh8_6600p,66.0,-0.0484575911493335,6.96,0.0,False,18,0.26420424212991783,0.4154825254006624,-0.15127828327074455,0.038663706073374375,6.7976357354023005,-0.16236426459769948,0.16236426459769948,11.406011408799728,4.446011408799728,4.446011408799728
2026-08-27,2028-03,call,put,jaoh8_6750p,67.5,-0.0259847352972749,7.62,0.0,False,18,0.26420424212991783,0.4154825254006624,-0.15127828327074455,0.038663706073374375,7.528048960896932,-0.09195103910306823,0.09195103910306823,12.210069977714204,4.5900699777142036,4.5900699777142036
2026-08-27,2028-03,call,put,jaoh8_7000p,70.0,0.0103829088735998,8.82,0.0,False,18,0.26420424212991783,0.4154825254006624,-0.15127828327074455,0.038663706073374375,8.828956201075389,0.008956201075388748,0.008956201075388748,13.60307750062013,4.783077500620129,4.783077500620129
2026-08-27,2028-03,call,put,jaoh8_7450p,74.5,0.0726867922097547,11.26,0.0,False,18,0.26420424212991783,0.4154825254006624,-0.15127828327074455,0.038663706073374375,11.418034407721386,0.15803440772138622,0.15803440772138622,16.26566758889272,5.0056675888927185,5.0056675888927185
2026-08-27,2028-03,put,call,jaoh8_6151c,61.51,-0.1189125699554822,12.52,0.0,False,11,0.27262849524849964,0.4154825254006624,-0.14285403015216275,0.05509349547235476,12.354030252669926,-0.16596974733007386,0.16596974733007386,16.4080726894426,3.888072689442602,3.888072689442602
2026-08-27,2028-03,put,call,jaoh8_6200c,62.0,-0.1109779481306675,12.23,0.0,False,11,0.27262849524849964,0.4154825254006624,-0.14285403015216275,0.05509349547235476,12.093548094394697,-0.13645190560530374,0.13645190560530374,16.1848805285614,3.9548805285614,3.9548805285614
2026-08-27,2028-03,put,call,jaoh8_6420c,64.2,-0.0761091224798436,10.98,0.0,False,11,0.27262849524849964,0.4154825254006624,-0.14285403015216275,0.05509349547235476,10.975797673610735,-0.00420232638926521,0.00420232638926521,15.216495247941609,4.236495247941608,4.236495247941608
2026-08-27,2028-03,put,call,jaoh8_6500c,65.0,-0.063725063280122,10.55,0.0,False,11,0.27262849524849964,0.4154825254006624,-0.14285403015216275,0.05509349547235476,10.59006848933149,0.04006848933148888,0.04006848933148888,14.877920464318674,4.327920464318673,4.327920464318673
2026-08-27,2028-03,put,call,jaoh8_6600c,66.0,-0.0484575911493335,10.03,0.0,False,11,0.27262849524849964,0.4154825254006624,-0.14285403015216275,0.05509349547235476,10.123180335752163,0.09318033575216411,0.09318033575216411,14.46428577515929,4.434285775159291,4.434285775159291
2026-08-27,2028-03,put,call,jaoh8_6775c,67.75,-0.0222878734159488,9.17,0.0,False,11,0.27262849524849964,0.4154825254006624,-0.14285403015216275,0.05509349547235476,9.34620449291181,0.1762044929118094,0.1762044929118094,13.766233845283727,4.596233845283727,4.596233845283727
2026-08-27,2028-03,put,call,jaoh8_6875c,68.75,-0.0076355966290784,8.7,0.0,False,11,0.27262849524849964,0.4154825254006624,-0.14285403015216275,0.05509349547235476,8.924616538170989,0.2246165381709897,0.2246165381709897,13.381963938470417,4.6819639384704175,4.6819639384704175
2026-08-27,2028-03,put,call,jaoh8_6890c,68.9,-0.0054561551561461,8.63,0.0,False,11,0.27262849524849964,0.4154825254006624,-0.14285403015216275,0.05509349547235476,8.862757140858124,0.23275714085812282,0.23275714085812282,13.325250009991244,4.695250009991243,4.695250009991243
2026-08-27,2028-03,put,call,jaoh8_7000c,70.0,0.0103829088735998,8.14,0.0,False,11,0.27262849524849964,0.4154825254006624,-0.14285403015216275,0.05509349547235476,8.419940284271911,0.27994028427191076,0.27994028427191076,12.916407043736925,4.776407043736924,4.776407043736924
2026-08-27,2028-03,put,call,jaoh8_7110c,71.1,0.025975003633436,7.67,0.0,False,11,0.27262849524849964,0.4154825254006624,-0.14285403015216275,0.05509349547235476,7.995835853008316,0.3258358530083161,0.3258358530083161,12.519432005631344,4.8494320056313445,4.8494320056313445
2026-08-27,2028-03,put,call,jaoh8_7275c,72.75,0.0489165728758428,7.01,0.0,False,11,0.27262849524849964,0.4154825254006624,-0.14285403015216275,0.05509349547235476,7.393715363180497,0.3837153631804968,0.3837153631804968,11.946310527337884,4.936310527337884,4.936310527337884
2026-08-27,2028-03,put,call,jaoh8_7340c,73.4,0.0578116024447107,6.76,0.0,False,11,0.27262849524849964,0.4154825254006624,-0.14285403015216275,0.05509349547235476,7.167413880028037,0.40741388002803713,0.40741388002803713,11.727634468042032,4.967634468042032,4.967634468042032
2026-08-27,2028-03,put,call,jaoh8_7450c,74.5,0.0726867922097547,6.37,0.0,False,11,0.27262849524849964,0.4154825254006624,-0.14285403015216275,0.05509349547235476,6.7980549063428635,0.42805490634286336,0.42805490634286336,11.365934205861398,4.995934205861398,4.995934205861398
2026-08-27,2028-03,put,call,jaoh8_7500c,75.0,0.0793757803605512,6.19,0.0,False,11,0.27262849524849964,0.4154825254006624,-0.14285403015216275,0.05509349547235476,6.635704320436929,0.44570432043692865,0.44570432043692865,11.205091858870178,5.015091858870178,5.015091858870178
2026-08-27,2028-03,put,call,jaoh8_7550c,75.5,0.0860203230792198,6.03,0.0,False,11,0.27262849524849964,0.4154825254006624,-0.14285403015216275,0.05509349547235476,6.4767469911914635,0.4467469911914632,0.4467469911914632,11.04652902096329,5.016529020963289,5.016529020963289
2026-08-27,2028-03,put,call,jaoh8_7670c,76.7,0.1017893751974513,5.64,0.0,False,11,0.27262849524849964,0.4154825254006624,-0.14285403015216275,0.05509349547235476,6.10879573459879,0.46879573459879076,0.46879573459879076,10.674910816999796,5.034910816999797,5.034910816999797
2026-08-27,2028-03,put,call,jaoh8_7700c,77.0,0.1056930886779247,5.55,0.0,False,11,0.27262849524849964,0.4154825254006624,-0.14285403015216275,0.05509349547235476,6.019736016566792,0.46973601656679254,0.46973601656679254,10.58399613489228,5.03399613489228,5.03399613489228
2026-08-27,2028-03,put,call,jaoh8_7775c,77.75,0.1153862178835844,5.33,0.0,False,11,0.27262849524849964,0.4154825254006624,-0.14285403015216275,0.05509349547235476,5.802092250677083,0.4720922506770826,0.4720922506770826,10.360186911152736,5.030186911152736,5.030186911152736
2026-08-27,2028-09,call,put,jaou8_5000p,50.0,-0.3095414068046743,2.77,0.0,False,16,0.23892775477155273,0.4154825254006624,-0.17655477062910965,0.059971037486002104,1.794698972169158,-0.975301027830842,0.975301027830842,5.953907865941417,3.1839078659414173,3.1839078659414173
2026-08-27,2028-09,call,put,jaou8_5500p,55.0,-0.2142312270003493,3.96,0.0,False,16,0.23892775477155273,0.4154825254006624,-0.17655477062910965,0.059971037486002104,3.0624031259374718,-0.8975968740625282,0.8975968740625282,7.986594603842332,4.026594603842332,4.026594603842332
2026-08-27,2028-09,call,put,jaou8_5700p,57.0,-0.1785131443982701,4.52,0.0,False,16,0.23892775477155273,0.4154825254006624,-0.17655477062910965,0.059971037486002104,3.6908400189170294,-0.8291599810829702,0.8291599810829702,8.878046312941976,4.358046312941976,4.358046312941976
2026-08-27,2028-09,call,put,jaou8_5740p,57.4,-0.1715201089072995,4.64,0.0,False,16,0.23892775477155273,0.4154825254006624,-0.17655477062910965,0.059971037486002104,3.8249870689392864,-0.8150129310607133,0.8150129310607133,9.061466279045812,4.421466279045812,4.421466279045812
2026-08-27,2028-09,call,put,jaou8_6165p,61.65,-0.100091182622467,5.99,0.0,False,16,0.23892775477155273,0.4154825254006624,-0.17655477062910965,0.059971037486002104,5.423928904816977,-0.5660710951830232,0.5660710951830232,11.111683483413904,5.121683483413904,5.121683483413904
2026-08-27,2028-09,call,put,jaou8_6200p,62.0,-0.0944300271877287,6.11,0.0,False,16,0.23892775477155273,0.4154825254006624,-0.17655477062910965,0.059971037486002104,5.569619744994438,-0.5403802550055623,0.5403802550055623,11.28854310255755,5.17854310255755,5.17854310255755
2026-08-27,2028-09,call,put,jaou8_6250p,62.5,-0.0863978554904645,6.28,0.0,False,16,0.23892775477155273,0.4154825254006624,-0.17655477062910965,0.059971037486002104,5.781394049943142,-0.4986059500568585,0.4986059500568585,11.543280034978505,5.2632800349785045,5.2632800349785045
2026-08-27,2028-09,call,put,jaou8_6500p,65.0,-0.0471771423371831,7.21,0.0,False,16,0.23892775477155273,0.4154825254006624,-0.17655477062910965,0.059971037486002104,6.90367782065676,-0.3063221793432396,0.3063221793432396,12.853420273119388,5.643420273119388,5.643420273119388
2026-08-27,2028-09,call,put,jaou8_6750p,67.5,-0.0094368143543361,8.25,0.0,False,16,0.23892775477155273,0.4154825254006624,-0.17655477062910965,0.059971037486002104,8.128706864705935,-0.12129313529406538,0.12129313529406538,14.223369119992514,5.973369119992514,5.973369119992514
2026-08-27,2028-09,call,put,jaou8_7000p,70.0,0.0269308298165387,9.43,0.0,False,16,0.23892775477155273,0.4154825254006624,-0.17655477062910965,0.059971037486002104,9.451738151543989,0.02173815154398895,0.02173815154398895,15.648486309699194,6.218486309699195,6.218486309699195
2026-08-27,2028-09,call,put,jaou8_7450p,74.5,0.0892347131526934,11.91,0.0,False,16,0.23892775477155273,0.4154825254006624,-0.17655477062910965,0.059971037486002104,12.06249825061953,0.15249825061953004,0.15249825061953004,18.34037980158976,6.430379801589758,6.430379801589758
2026-08-27,2028-09,put,call,jaou8_6151c,61.51,-0.1023646490125434,12.04,0.0,False,11,0.25300970294699093,0.4154825254006624,-0.16247282245367145,0.18149502794074882,11.88664293351103,-0.15335706648896874,0.15335706648896874,17.228332622631097,5.188332622631098,5.188332622631098
2026-08-27,2028-09,put,call,jaou8_6500c,65.0,-0.0471771423371831,10.1,0.0,False,11,0.25300970294699093,0.4154825254006624,-0.16247282245367145,0.18149502794074882,10.256474964994121,0.15647496499412128,0.15647496499412128,15.844610557411906,5.744610557411907,5.744610557411907
2026-08-27,2028-09,put,call,jaou8_6570c,65.7,-0.0364654867422554,9.73,0.0,False,11,0.25300970294699093,0.4154825254006624,-0.16247282245367145,0.18149502794074882,9.952619513814913,0.2226195138149123,0.2226195138149123,15.58138998021598,5.851389980215979,5.851389980215979
2026-08-27,2028-09,put,call,jaou8_6600c,66.0,-0.0319096702063947,9.58,0.0,False,11,0.25300970294699093,0.4154825254006624,-0.16247282245367145,0.18149502794074882,9.824700846314894,0.24470084631489364,0.24470084631489364,15.469980234132294,5.8899802341322935,5.8899802341322935
2026-08-27,2028-09,put,call,jaou8_6650c,66.5,-0.0243624645710118,9.33,0.0,False,11,0.25300970294699093,0.4154825254006624,-0.16247282245367145,0.18149502794074882,9.614547870406177,0.28454787040617724,0.28454787040617724,15.286167156294225,5.956167156294224,5.956167156294224
2026-08-27,2028-09,put,call,jaou8_6775c,67.75,-0.0057399524730099,8.72,0.0,False,11,0.25300970294699093,0.4154825254006624,-0.16247282245367145,0.18149502794074882,9.105594052163248,0.38559405216324727,0.38559405216324727,14.836388169381904,6.116388169381903,6.116388169381903
2026-08-27,2028-09,put,call,jaou8_7000c,70.0,0.0269308298165387,7.72,0.0,False,11,0.25300970294699093,0.4154825254006624,-0.16247282245367145,0.18149502794074882,8.246975792289888,0.5269757922898881,0.5269757922898881,14.061073692804005,6.341073692804005,6.341073692804005
2026-08-27,2028-09,put,call,jaou8_7110c,71.1,0.0425229245763747,7.28,0.0,False,11,0.25300970294699093,0.4154825254006624,-0.16247282245367145,0.18149502794074882,7.8531843513084105,0.5731843513084103,0.5731843513084103,13.697247665061544,6.417247665061544,6.417247665061544
2026-08-27,2028-09,put,call,jaou8_7275c,72.75,0.0654644938187815,6.66,0.0,False,11,0.25300970294699093,0.4154825254006624,-0.16247282245367145,0.18149502794074882,7.293186518682387,0.6331865186823871,0.6331865186823871,13.169274539807851,6.509274539807851,6.509274539807851
2026-08-27,2028-09,put,call,jaou8_7340c,73.4,0.0743595233876496,6.43,0.0,False,11,0.25300970294699093,0.4154825254006624,-0.16247282245367145,0.18149502794074882,7.0823936755504375,0.6523936755504378,0.6523936755504378,12.967028466210357,6.537028466210357,6.537028466210357
2026-08-27,2028-09,put,call,jaou8_7450c,74.5,0.0892347131526934,6.06,0.0,False,11,0.25300970294699093,0.4154825254006624,-0.16247282245367145,0.18149502794074882,6.737911159627683,0.6779111596276834,0.6779111596276834,12.632224573625628,6.572224573625628,6.572224573625628
2026-08-27,2028-09,put,call,jaou8_7500c,75.0,0.09592370130349,5.9,0.0,False,11,0.25300970294699093,0.4154825254006624,-0.16247282245367145,0.18149502794074882,6.586308134576514,0.6863081345765139,0.6863081345765139,12.483095894260009,6.583095894260008,6.583095894260008
2026-08-27,2028-09,put,call,jaou8_7560c,75.6,0.1038918709526669,5.71,0.0,False,11,0.25300970294699093,0.4154825254006624,-0.16247282245367145,0.18149502794074882,6.408405172346096,0.6984051723460958,0.6984051723460958,12.306598422522145,6.596598422522145,6.596598422522145
2026-08-27,2028-09,put,call,jaou8_7670c,76.7,0.1183372961403902,5.38,0.0,False,11,0.25300970294699093,0.4154825254006624,-0.16247282245367145,0.18149502794074882,6.093392423995634,0.713392423995634,0.713392423995634,11.989783784972026,6.609783784972026,6.609783784972026
2026-08-27,2028-09,put,call,jaou8_7925c,79.25,0.1510430005245697,4.69,0.0,False,11,0.25300970294699093,0.4154825254006624,-0.16247282245367145,0.18149502794074882,5.416203473439232,0.7262034734392318,0.7262034734392318,11.287436976772016,6.597436976772015,6.597436976772015
2026-08-27,2028-09,put,call,jaou8_8000c,80.0,0.1604622224410612,4.51,0.0,False,11,0.25300970294699093,0.4154825254006624,-0.16247282245367145,0.18149502794074882,5.230486968265065,0.7204869682650656,0.7204869682650656,11.08895425629666,6.57895425629666,6.57895425629666
2026-08-28,2026-09,call,put,jaou6_7200p,72.0,-0.1418348911456983,0.11,0.0,False,16,0.4464091838178947,0.4151487711068752,0.03126041271101948,0.0005962028399925513,0.12073641790612655,0.010736417906126547,0.010736417906126547,0.0796937535647094,-0.030306246435290604,0.030306246435290604
2026-08-28,2026-09,call,put,jaou6_7400p,74.0,-0.1144359169575838,0.21,0.0,False,16,0.4464091838178947,0.4151487711068752,0.03126041271101948,0.0005962028399925513,0.26137635576304774,0.05137635576304775,0.05137635576304775,0.1904298639642327,-0.019570136035767294,0.019570136035767294
2026-08-28,2026-09,call,put,jaou6_7450p,74.5,-0.1077018847762398,0.25,0.0,False,16,0.4464091838178947,0.4151487711068752,0.03126041271101948,0.0005962028399925513,0.31188326951597034,0.06188326951597034,0.06188326951597034,0.232199503088716,-0.01780049691128399,0.01780049691128399
2026-08-28,2026-09,call,put,jaou6_7500p,75.0,-0.1010128966254431,0.29,15.0,True,16,0.4464091838178947,0.4151487711068752,0.03126041271101948,0.0005962028399925513,0.36985494173990663,0.07985494173990665,0.07985494173990665,0.2806520454518509,-0.009347954548149073,0.009347954548149073
2026-08-28,2026-09,call,put,jaou6_7600p,76.0,-0.0877676698754225,0.4,0.0,False,16,0.4464091838178947,0.4151487711068752,0.03126041271101948,0.0005962028399925513,0.5109394412539032,0.1109394412539032,0.1109394412539032,0.4010599579992887,0.001059957999288652,0.001059957999288652
2026-08-28,2026-09,call,put,jaou6_7750p,77.5,-0.0682230738024523,0.64,0.0,False,16,0.4464091838178947,0.4151487711068752,0.03126041271101948,0.0005962028399925513,0.7955689562619499,0.1555689562619499,0.1555689562619499,0.6539856828815188,0.013985682881518802,0.013985682881518802
2026-08-28,2026-09,call,put,jaou6_7800p,78.0,-0.0617921834721618,0.74,0.0,False,16,0.4464091838178947,0.4151487711068752,0.03126041271101948,0.0005962028399925513,0.9124824075405762,0.1724824075405762,0.1724824075405762,0.760610936501431,0.020610936501430976,0.020610936501430976
2026-08-28,2026-09,call,put,jaou6_8000p,80.0,-0.036474375487872,1.28,0.0,False,16,0.4464091838178947,0.4151487711068752,0.03126041271101948,0.0005962028399925513,1.504917031855896,0.22491703185589595,0.22491703185589595,1.3171520291757743,0.037152029175774315,0.037152029175774315
2026-08-28,2026-09,call,put,jaou6_8200p,82.0,-0.0117817628975005,2.08,0.0,False,16,0.4464091838178947,0.4151487711068752,0.03126041271101948,0.0005962028399925513,2.314998823290691,0.23499882329069077,0.23499882329069077,2.106114373041432,0.026114373041431715,0.026114373041431715
2026-08-28,2026-09,call,put,jaou6_8250p,82.5,-0.0057027168211182,2.32,0.0,False,16,0.4464091838178947,0.4151487711068752,0.03126041271101948,0.0005962028399925513,2.5530346210490134,0.2330346210490135,0.2330346210490135,2.3418831019124258,0.02188310191242593,0.02188310191242593
2026-08-28,2026-09,put,call,jaou6_9100c,91.0,0.0923584963550964,0.49,0.0,False,10,0.40957211413987915,0.4151487711068752,-0.005576656966996052,0.0003691405697650224,0.3925818518197979,-0.09741814818020211,0.09741814818020211,0.4043976445922875,-0.0856023554077125,0.0856023554077125
2026-08-28,2026-09,put,call,jaou6_9150c,91.5,0.0978379621197221,0.44,0.0,False,10,0.40957211413987915,0.4151487711068752,-0.005576656966996052,0.0003691405697650224,0.3409563192759882,-0.09904368072401182,0.09904368072401182,0.3521832857145591,-0.08781671428544091,0.08781671428544091
2026-08-28,2026-09,put,call,jaou6_9196c,91.96,0.102852689733227,0.4,0.0,False,10,0.40957211413987915,0.4151487711068752,-0.005576656966996052,0.0003691405697650224,0.2987477799076652,-0.10125222009233481,0.10125222009233481,0.3091471200349157,-0.09085287996508434,0.09085287996508434
2026-08-28,2026-09,put,call,jaou6_9200c,92.0,0.1032875668872866,0.4,0.0,False,10,0.40957211413987915,0.4151487711068752,-0.005576656966996052,0.0003691405697650224,0.2953017818323954,-0.1046982181676046,0.1046982181676046,0.3056175509285307,-0.09438244907146931,0.09438244907146931
2026-08-28,2026-09,put,call,jaou6_9225c,92.25,0.106001272758883,0.38,0.0,False,10,0.40957211413987915,0.4151487711068752,-0.005576656966996052,0.0003691405697650224,0.2745376718755894,-0.10546232812441059,0.10546232812441059,0.2843231736719824,-0.0956768263280176,0.0956768263280176
2026-08-28,2026-09,put,call,jaou6_9250c,92.5,0.1087076343566259,0.36,0.0,False,10,0.40957211413987915,0.4151487711068752,-0.005576656966996052,0.0003691405697650224,0.2550590819942105,-0.10494091800578947,0.10494091800578947,0.2643363382188111,-0.0956636617811889,0.0956636617811889
2026-08-28,2026-09,put,call,jaou6_9435c,94.35,0.1285102616528055,0.24,0.0,False,10,0.40957211413987915,0.4151487711068752,-0.005576656966996052,0.0003691405697650224,0.14488161150935158,-0.09511838849064841,0.09511838849064841,0.1509589388122924,-0.0890410611877076,0.0890410611877076
2026-08-28,2026-09,put,call,jaou6_9500c,95.0,0.1353758814387871,0.21,0.0,False,10,0.40957211413987915,0.4151487711068752,-0.005576656966996052,0.0003691405697650224,0.11774973846093509,-0.0922502615390649,0.0922502615390649,0.1228834240984493,-0.0871165759015507,0.0871165759015507
2026-08-28,2026-09,put,call,jaou6_9800c,98.0,0.1664664685088182,0.11,0.0,False,10,0.40957211413987915,0.4151487711068752,-0.005576656966996052,0.0003691405697650224,0.04275053105013666,-0.06724946894986333,0.06724946894986333,0.0451128317020383,-0.0648871682979617,0.0648871682979617
2026-08-28,2026-09,put,call,jaou6_10000c,100.0,0.1866691758263377,0.08,0.0,False,10,0.40957211413987915,0.4151487711068752,-0.005576656966996052,0.0003691405697650224,0.020712121331679354,-0.05928787866832065,0.05928787866832065,0.0218679488088946,-0.0581320511911054,0.0581320511911054
2026-08-28,2026-09,put,call,jaou6_10205c,102.05,0.2069618790941001,0.05,0.0,False,10,0.40957211413987915,0.4151487711068752,-0.005576656966996052,0.0003691405697650224,0.009481269531954066,-0.04051873046804594,0.04051873046804594,0.0098433119897583,-0.040156688010241706,0.040156688010241706
2026-08-28,2026-09,put,call,jaou6_10240c,102.4,0.2103857024436538,0.05,0.0,False,10,0.40957211413987915,0.4151487711068752,-0.005576656966996052,0.0003691405697650224,0.008265947335507515,-0.04173405266449249,0.04173405266449249,0.008521285685449,-0.041478714314551,0.041478714314551
2026-08-28,2026-09,put,call,jaou6_10300c,103.0,0.2162279780678821,0.04,0.0,False,10,0.40957211413987915,0.4151487711068752,-0.005576656966996052,0.0003691405697650224,0.006517569400127694,-0.033482430599872305,0.033482430599872305,0.0066328114844663,-0.0333671885155337,0.0333671885155337
2026-08-28,2026-09,put,call,jaou6_10500c,105.0,0.2354593399957698,0.03,0.0,False,10,0.40957211413987915,0.4151487711068752,-0.005576656966996052,0.0003691405697650224,0.0028871165533345348,-0.027112883446665466,0.027112883446665466,0.0028287268443781,-0.0271712731556219,0.0271712731556219
2026-08-28,2026-09,put,call,jaou6_10520c,105.2,0.2373622901418559,0.03,0.0,False,10,0.40957211413987915,0.4151487711068752,-0.005576656966996052,0.0003691405697650224,0.0026565048277331403,-0.02734349517226686,0.02734349517226686,0.0025917874718091,-0.0274082125281909,0.0274082125281909
2026-08-28,2026-09,put,call,jaou6_10825c,108.25,0.2659423567208456,0.02,0.0,False,10,0.40957211413987915,0.4151487711068752,-0.005576656966996052,0.0003691405697650224,0.0007177761877200738,-0.019282223812279925,0.019282223812279925,0.0005474832148698,-0.0194525167851302,0.0194525167851302
2026-08-28,2026-10,call,put,jaov6_7200p,72.0,-0.1198124004667388,1.2,0.0,False,18,0.47425902885337184,0.4151487711068752,0.05911025774649664,0.013010423123040528,1.6912768992405471,0.4912768992405472,0.4912768992405472,1.2198030894997087,0.01980308949970877,0.01980308949970877
2026-08-28,2026-10,call,put,jaov6_7400p,74.0,-0.0924134262786244,1.68,0.0,False,18,0.47425902885337184,0.4151487711068752,0.05911025774649664,0.013010423123040528,2.2615987482504973,0.5815987482504974,0.5815987482504974,1.7200098631798024,0.040009863179802485,0.040009863179802485
2026-08-28,2026-10,call,put,jaov6_7450p,74.5,-0.0856793940972802,1.82,0.0,False,18,0.47425902885337184,0.4151487711068752,0.05911025774649664,0.013010423123040528,2.4220874206571743,0.6020874206571742,0.6020874206571742,1.8641681768517504,0.04416817685175034,0.04416817685175034
2026-08-28,2026-10,call,put,jaov6_7500p,75.0,-0.0789904059464837,1.97,15.0,True,18,0.47425902885337184,0.4151487711068752,0.05911025774649664,0.013010423123040528,2.589932593840313,0.6199325938403131,0.6199325938403131,2.0163808258335454,0.046380825833545414,0.046380825833545414
2026-08-28,2026-10,call,put,jaov6_7600p,76.0,-0.065745179196463,2.3,0.0,False,18,0.47425902885337184,0.4151487711068752,0.05911025774649664,0.013010423123040528,2.947984194710835,0.6479841947108351,0.6479841947108351,2.3457259150738827,0.045725915073882906,0.045725915073882906
2026-08-28,2026-10,call,put,jaov6_7800p,78.0,-0.0397696927932024,3.09,0.0,False,18,0.47425902885337184,0.4151487711068752,0.05911025774649664,0.013010423123040528,3.7548970729479407,0.6648970729479409,0.6648970729479409,3.107262736203761,0.017262736203761175,0.017262736203761175
2026-08-28,2026-10,call,put,jaov6_8000p,80.0,-0.0144518848089125,4.04,0.0,False,18,0.47425902885337184,0.4151487711068752,0.05911025774649664,0.013010423123040528,4.683731087282778,0.6437310872827782,0.6437310872827782,4.0095694579022085,-0.030430542097791502,0.030430542097791502
2026-08-28,2026-10,call,put,jaov6_8200p,82.0,0.010240727781459,5.14,0.0,False,18,0.47425902885337184,0.4151487711068752,0.05911025774649664,0.013010423123040528,5.732938130514885,0.5929381305148853,0.5929381305148853,5.048708385731137,-0.09129161426886245,0.09129161426886245
2026-08-28,2026-10,call,put,jaov6_9000p,90.0,0.1033311508474709,10.78,0.0,False,18,0.47425902885337184,0.4151487711068752,0.05911025774649664,0.013010423123040528,11.020691153529981,0.2406911535299816,0.2406911535299816,10.454808340805291,-0.32519165919470794,0.32519165919470794
2026-08-28,2026-10,put,call,jaov6_9200c,92.0,0.125310057566246,1.66,0.0,False,9,0.4158380396261978,0.4151487711068752,0.0006892685193226056,0.01341314988241132,1.3133767227099467,-0.34662327729005327,0.34662327729005327,1.287913541666044,-0.3720864583339558,0.3720864583339558
2026-08-28,2026-10,put,call,jaov6_9225c,92.25,0.1280237634378424,1.62,0.0,False,9,0.4158380396261978,0.4151487711068752,0.0006892685193226056,0.01341314988241132,1.270976955263827,-0.34902304473617307,0.34902304473617307,1.2459927947718343,-0.3740072052281658,0.3740072052281658
2026-08-28,2026-10,put,call,jaov6_9348c,93.48,0.1412689901878631,1.44,0.0,False,9,0.4158380396261978,0.4151487711068752,0.0006892685193226056,0.01341314988241132,1.0789912931418042,-0.36100870685819575,0.36100870685819575,1.0562480015210045,-0.38375199847899544,0.38375199847899544
2026-08-28,2026-10,put,call,jaov6_9353c,93.53,0.1418037209636655,1.43,0.0,False,9,0.4158380396261978,0.4151487711068752,0.0006892685193226056,0.01341314988241132,1.0717463155936937,-0.3582536844063062,0.3582536844063062,1.0490930984175393,-0.38090690158246066,0.38090690158246066
2026-08-28,2026-10,put,call,jaov6_9435c,94.35,0.150532752331765,1.33,0.0,False,9,0.4158380396261978,0.4151487711068752,0.0006892685193226056,0.01341314988241132,0.9587879664225408,-0.37121203357745924,0.37121203357745924,0.9376828349561012,-0.3923171650438989,0.3923171650438989
2026-08-28,2026-10,put,call,jaov6_9800c,98.0,0.1884889591877778,0.96,0.0,False,9,0.4158380396261978,0.4151487711068752,0.0006892685193226056,0.01341314988241132,0.572648874506687,-0.38735112549331296,0.38735112549331296,0.5573753053193775,-0.40262469468062245,0.40262469468062245
2026-08-28,2026-10,put,call,jaov6_9911c,99.11,0.1997518249358229,0.87,0.0,False,9,0.4158380396261978,0.4151487711068752,0.0006892685193226056,0.01341314988241132,0.4865833938324618,-0.3834166061675382,0.3834166061675382,0.47357653075342,-0.39642346924658,0.39642346924658
2026-08-28,2026-10,put,call,jaov6_9955c,99.55,0.204181511027411,0.83,0.0,False,9,0.4158380396261978,0.4151487711068752,0.0006892685193226056,0.01341314988241132,0.45581498391285163,-0.3741850160871483,0.3741850160871483,0.4436470349407972,-0.38635296505920275,0.38635296505920275
2026-08-28,2026-10,put,call,jaov6_10000c,100.0,0.2086916665052971,0.8,0.0,False,9,0.4158380396261978,0.4151487711068752,0.0006892685193226056,0.01341314988241132,0.4261706356232594,-0.37382936437674064,0.37382936437674064,0.414769527929428,-0.38523047207057204,0.38523047207057204
2026-08-28,2026-10,put,call,jaov6_10205c,102.05,0.2289843697730596,0.67,0.0,False,9,0.4158380396261978,0.4151487711068752,0.0006892685193226056,0.01341314988241132,0.31198837759617304,-0.358011622403827,0.358011622403827,0.3028084530858665,-0.3671915469141335,0.3671915469141335
2026-08-28,2026-10,put,call,jaov6_10240c,102.4,0.2324081931226132,0.65,0.0,False,9,0.4158380396261978,0.4151487711068752,0.0006892685193226056,0.01341314988241132,0.29554843059182107,-0.35445156940817896,0.35445156940817896,0.2866781570548257,-0.36332184294517433,0.36332184294517433
2026-08-28,2026-10,put,call,jaov6_10300c,103.0,0.2382504687468415,0.62,0.0,False,9,0.4158380396261978,0.4151487711068752,0.0006892685193226056,0.01341314988241132,0.2691974313277158,-0.3508025686722842,0.3508025686722842,0.2608826332479123,-0.3591173667520877,0.3591173667520877
2026-08-28,2026-10,put,call,jaov6_10500c,105.0,0.2574818306747292,0.53,0.0,False,9,0.4158380396261978,0.4151487711068752,0.0006892685193226056,0.01341314988241132,0.1961562505352509,-0.33384374946474915,0.33384374946474915,0.1898942932145437,-0.3401057067854563,0.3401057067854563
2026-08-28,2026-10,put,call,jaov6_10800c,108.0,0.2856527076414255,0.42,0.0,False,9,0.4158380396261978,0.4151487711068752,0.0006892685193226056,0.01341314988241132,0.12025915472533767,-0.2997408452746623,0.2997408452746623,0.1167260048271431,-0.3032739951728569,0.3032739951728569
2026-08-28,2026-10,put,call,jaov6_11500c,115.0,0.3484536088804559,0.25,0.0,False,9,0.4158380396261978,0.4151487711068752,0.0006892685193226056,0.01341314988241132,0.03612078751829835,-0.21387921248170166,0.21387921248170166,0.0354881411007857,-0.2145118588992143,0.2145118588992143
2026-08-28,2026-10,put,call,jaov6_12100c,121.0,0.3993120261139469,0.17,0.0,False,9,0.4158380396261978,0.4151487711068752,0.0006892685193226056,0.01341314988241132,0.012140084021181793,-0.1578599159788182,0.1578599159788182,0.0123854106780755,-0.15761458932192451,0.15761458932192451
2026-08-28,2026-10,put,call,jaov6_12500c,125.0,0.431835217819507,0.14,0.0,False,9,0.4158380396261978,0.4151487711068752,0.0006892685193226056,0.01341314988241132,0.005717290586189663,-0.13428270941381035,0.13428270941381035,0.0058956033260483,-0.13410439667395171,0.13410439667395171
2026-08-28,2026-10,put,call,jaov6_16000c,160.0,0.6786952957510328,0.03,0.0,False,9,0.4158380396261978,0.4151487711068752,0.0006892685193226056,0.01341314988241132,4.348295930256879e-06,-0.02999565170406974,0.02999565170406974,1.2133725035123026e-05,-0.029987866274964876,0.029987866274964876
2026-08-28,2026-11,call,put,jaox6_7200p,72.0,-0.0992346479278362,2.49,0.0,False,16,0.45330623522769214,0.4151487711068752,0.03815746412081694,0.02539740256456355,3.0907532756656506,0.6007532756656504,0.6007532756656504,2.65482528932156,0.1648252893215596,0.1648252893215596
2026-08-28,2026-11,call,put,jaox6_7400p,74.0,-0.0718356737397217,3.19,0.0,False,16,0.45330623522769214,0.4151487711068752,0.03815746412081694,0.02539740256456355,3.8358104874105567,0.6458104874105568,0.6458104874105568,3.3653483579741263,0.1753483579741264,0.1753483579741264
2026-08-28,2026-11,call,put,jaox6_7450p,74.5,-0.0651016415583777,3.39,0.0,False,16,0.45330623522769214,0.4151487711068752,0.03815746412081694,0.02539740256456355,4.037853095660447,0.6478530956604467,0.6478530956604467,3.5600468454520424,0.1700468454520423,0.1700468454520423
2026-08-28,2026-11,call,put,jaox6_7500p,75.0,-0.058412653407581,3.59,15.0,True,16,0.45330623522769214,0.4151487711068752,0.03815746412081694,0.02539740256456355,4.246228878510295,0.6562288785102952,0.6562288785102952,3.761525110995617,0.17152511099561707,0.17152511099561707
2026-08-28,2026-11,call,put,jaox6_7600p,76.0,-0.0451674266575604,4.03,0.0,False,16,0.45330623522769214,0.4151487711068752,0.03815746412081694,0.02539740256456355,4.681968628246725,0.651968628246725,0.651968628246725,4.1848001575390805,0.15480015753908027,0.15480015753908027
2026-08-28,2026-11,call,put,jaox6_7800p,78.0,-0.0191919402542998,4.99,0.0,False,16,0.45330623522769214,0.4151487711068752,0.03815746412081694,0.02539740256456355,5.628955647474426,0.6389556474744253,0.6389556474744253,5.114185560342905,0.12418556034290518,0.12418556034290518
2026-08-28,2026-11,call,put,jaox6_8000p,80.0,0.00612586772999,6.09,0.0,False,16,0.45330623522769214,0.4151487711068752,0.03815746412081694,0.02539740256456355,6.674878975535993,0.5848789755359931,0.5848789755359931,6.150380601170449,0.060380601170448855,0.060380601170448855
2026-08-28,2026-11,call,put,jaox6_8200p,82.0,0.0308184803203615,7.29,0.0,False,16,0.45330623522769214,0.4151487711068752,0.03815746412081694,0.02539740256456355,7.816433909647156,0.5264339096471558,0.5264339096471558,7.291491425814909,0.0014914258149092419,0.0014914258149092419
2026-08-28,2026-11,call,put,jaox6_9000p,90.0,0.1239089033863734,13.03,0.0,False,16,0.45330623522769214,0.4151487711068752,0.03815746412081694,0.02539740256456355,13.237553895738092,0.20755389573809246,0.20755389573809246,12.7820458697631,-0.2479541302368986,0.2479541302368986
2026-08-28,2026-11,put,call,jaox6_8950c,89.5,0.118337858336918,2.8,0.0,False,9,0.40963115182945714,0.4151487711068752,-0.005517619277418062,0.01688123648698285,2.4314491555606748,-0.36855084443932506,0.36855084443932506,2.5265758609924247,-0.2734241390075751,0.2734241390075751
2026-08-28,2026-11,put,call,jaox6_9000c,90.0,0.1239089033863734,2.7,0.0,False,9,0.40963115182945714,0.4151487711068752,-0.005517619277418062,0.01688123648698285,2.3189776725371978,-0.3810223274628024,0.3810223274628024,2.412770564853877,-0.2872294351461231,0.2872294351461231
2026-08-28,2026-11,put,call,jaox6_9025c,90.25,0.1266828302690986,2.65,0.0,False,9,0.40963115182945714,0.4151487711068752,-0.005517619277418062,0.01688123648698285,2.264413169222173,-0.38558683077782696,0.38558683077782696,2.3575860855749164,-0.29241391442508347,0.29241391442508347
2026-08-28,2026-11,put,call,jaox6_9100c,91.0,0.1349587395729585,2.52,0.0,False,9,0.40963115182945714,0.4151487711068752,-0.005517619277418062,0.01688123648698285,2.1072151709178994,-0.41278482908210057,0.41278482908210057,2.198538319585572,-0.32146168041442813,0.32146168041442813
2026-08-28,2026-11,put,call,jaox6_9196c,91.96,0.1454529329510892,2.35,0.0,False,9,0.40963115182945714,0.4151487711068752,-0.005517619277418062,0.01688123648698285,1.9196802062232434,-0.43031979377675666,0.43031979377675666,2.0089118649258384,-0.3410881350741617,0.3410881350741617
2026-08-28,2026-11,put,call,jaox6_9200c,92.0,0.1458878101051487,2.35,0.0,False,9,0.40963115182945714,0.4151487711068752,-0.005517619277418062,0.01688123648698285,1.9121878928802316,-0.4378121071197685,0.4378121071197685,2.001338534993695,-0.3486614650063049,0.3486614650063049
2026-08-28,2026-11,put,call,jaox6_9225c,92.25,0.148601515976745,2.3,0.0,False,9,0.40963115182945714,0.4151487711068752,-0.005517619277418062,0.01688123648698285,1.8659289423653216,-0.43407105763467824,0.43407105763467824,1.954566554544677,-0.34543344545532273,0.34543344545532273
2026-08-28,2026-11,put,call,jaox6_9348c,93.48,0.1618467427267657,2.11,0.0,False,9,0.40963115182945714,0.4151487711068752,-0.005517619277418062,0.01688123648698285,1.6521453600375808,-0.45785463996241904,0.45785463996241904,1.737980672358554,-0.37201932764144585,0.37201932764144585
2026-08-28,2026-11,put,call,jaox6_9353c,93.53,0.162381473502568,2.11,0.0,False,9,0.40963115182945714,0.4151487711068752,-0.005517619277418062,0.01688123648698285,1.6439246639128544,-0.46607533608714546,0.46607533608714546,1.7296335156484444,-0.3803664843515555,0.3803664843515555
2026-08-28,2026-11,put,call,jaox6_9435c,94.35,0.1711105048706676,1.99,0.0,False,9,0.40963115182945714,0.4151487711068752,-0.005517619277418062,0.01688123648698285,1.5141020525830637,-0.47589794741693625,0.47589794741693625,1.5976586187847344,-0.3923413812152656,0.3923413812152656
2026-08-28,2026-11,put,call,jaox6_9911c,99.11,0.2203295774747256,1.45,0.0,False,9,0.40963115182945714,0.4151487711068752,-0.005517619277418062,0.01688123648698285,0.923988237411847,-0.526011762588153,0.526011762588153,0.995434487780596,-0.454565512219404,0.454565512219404
2026-08-28,2026-11,put,call,jaox6_10000c,100.0,0.2292694190441997,1.36,0.0,False,9,0.40963115182945714,0.4151487711068752,-0.005517619277418062,0.01688123648698285,0.8400074509095989,-0.5199925490904012,0.5199925490904012,0.9090429780515622,-0.4509570219484379,0.4509570219484379
2026-08-28,2026-11,put,call,jaox6_10205c,102.05,0.2495621223119622,1.2,0.0,False,9,0.40963115182945714,0.4151487711068752,-0.005517619277418062,0.01688123648698285,0.6722325985270796,-0.5277674014729203,0.5277674014729203,0.7352412583792154,-0.46475874162078457,0.46475874162078457
2026-08-28,2026-11,put,call,jaox6_10240c,102.4,0.252985945661516,1.17,0.0,False,9,0.40963115182945714,0.4151487711068752,-0.005517619277418062,0.01688123648698285,0.6468494681710658,-0.5231505318289341,0.5231505318289341,0.7087267207437247,-0.46127327925627526,0.46127327925627526
2026-08-28,2026-11,put,call,jaox6_10500c,105.0,0.2780595832136318,1.0,0.0,False,9,0.40963115182945714,0.4151487711068752,-0.005517619277418062,0.01688123648698285,0.4840718134536295,-0.5159281865463705,0.5159281865463705,0.5372268167788393,-0.4627731832211607,0.4627731832211607
2026-08-28,2026-11,put,call,jaox6_10800c,108.0,0.3062304601803281,0.84,0.0,False,9,0.40963115182945714,0.4151487711068752,-0.005517619277418062,0.01688123648698285,0.34361764570034825,-0.4963823542996517,0.4963823542996517,0.386594825272592,-0.453405174727408,0.453405174727408
2026-08-28,2027-03,call,put,jaoh7_6800p,68.0,-0.0884218268501971,4.49,0.0,False,15,0.35343486301562066,0.4151487711068752,-0.06171390809125454,0.0035304858214249423,4.467103662927972,-0.022896337072028317,0.022896337072028317,5.650272624521757,1.160272624521757,1.160272624521757
2026-08-28,2027-03,call,put,jaoh7_6900p,69.0,-0.0738230274290445,4.88,0.0,False,15,0.35343486301562066,0.4151487711068752,-0.06171390809125454,0.0035304858214249423,4.883428442911297,0.0034284429112974024,0.0034284429112974024,6.093754057594754,1.2137540575947545,1.2137540575947545
2026-08-28,2027-03,call,put,jaoh7_7000p,70.0,-0.0594342899769448,5.29,0.0,False,15,0.35343486301562066,0.4151487711068752,-0.06171390809125454,0.0035304858214249423,5.32138184903923,0.03138184903922969,0.03138184903922969,6.555701973863355,1.2657019738633553,1.2657019738633553
2026-08-28,2027-03,call,put,jaoh7_7100p,71.0,-0.0452496549849884,5.73,0.0,False,15,0.35343486301562066,0.4151487711068752,-0.06171390809125454,0.0035304858214249423,5.780809750847056,0.050809750847055746,0.050809750847055746,7.035499555319858,1.3054995553198578,1.3054995553198578
2026-08-28,2027-03,call,put,jaoh7_7150p,71.5,-0.0382320823263418,5.96,0.0,False,15,0.35343486301562066,0.4151487711068752,-0.06171390809125454,0.0035304858214249423,6.01851148924879,0.05851148924879013,0.05851148924879013,7.282334753117754,1.3223347531177536,1.3223347531177536
2026-08-28,2027-03,call,put,jaoh7_7400p,74.0,-0.0038644388221341,7.19,0.0,False,15,0.35343486301562066,0.4151487711068752,-0.06171390809125454,0.0035304858214249423,7.285501394917628,0.09550139491762799,0.09550139491762799,8.581859088597495,1.3918590885974949,1.3918590885974949
2026-08-28,2027-03,call,put,jaoh7_7450p,74.5,0.00286959335921,7.45,0.0,False,15,0.35343486301562066,0.4151487711068752,-0.06171390809125454,0.0035304858214249423,7.554300526453591,0.10430052645359122,0.10430052645359122,8.854738741013996,1.404738741013996,1.404738741013996
2026-08-28,2027-03,call,put,jaoh7_7500p,75.0,0.0095585815100066,7.72,0.0,False,15,0.35343486301562066,0.4151487711068752,-0.06171390809125454,0.0035304858214249423,7.828121410415944,0.10812141041594447,0.10812141041594447,9.131838654064778,1.4118386540647778,1.4118386540647778
2026-08-28,2027-03,put,call,jaoh7_7900c,79.0,0.0615183204407177,5.52,0.0,False,8,0.3506965063320189,0.4151487711068752,-0.06445226477485633,0.0018487569374423638,5.532555988674132,0.012555988674132657,0.012555988674132657,6.889266114036108,1.3692661140361082,1.3692661140361082
2026-08-28,2027-03,put,call,jaoh7_8000c,80.0,0.0740971026475777,5.19,0.0,False,8,0.3506965063320189,0.4151487711068752,-0.06445226477485633,0.0018487569374423638,5.193590400702937,0.0035904007029365914,0.0035904007029365914,6.542650813427608,1.3526508134276076,1.3526508134276076
2026-08-28,2027-03,put,call,jaoh7_8025c,80.25,0.0772172299838214,5.11,0.0,False,8,0.3506965063320189,0.4151487711068752,-0.06445226477485633,0.0018487569374423638,5.111597492018291,0.0015974920182904029,0.0015974920182904029,6.458273580123368,1.3482735801233678,1.3482735801233678
2026-08-28,2027-03,put,call,jaoh7_8075c,80.75,0.0834284300764621,4.96,31.0,True,8,0.3506965063320189,0.4151487711068752,-0.06445226477485633,0.0018487569374423638,4.950847058653211,-0.009152941346789234,0.009152941346789234,6.292234842329727,1.3322348423297274,1.3322348423297274
2026-08-28,2027-03,put,call,jaoh7_8100c,81.0,0.086519622646135,4.88,0.0,False,8,0.3506965063320189,0.4151487711068752,-0.06445226477485633,0.0018487569374423638,4.872071359876603,-0.007928640123396669,0.007928640123396669,6.21059168308463,1.3305916830846298,1.3305916830846298
2026-08-28,2027-03,put,call,jaoh7_8102c,81.02,0.0867665057482407,4.88,0.0,False,8,0.3506965063320189,0.4151487711068752,-0.06445226477485633,0.0018487569374423638,4.865814964744,-0.014185035256000234,0.014185035256000234,6.204098643228923,1.3240986432289228,1.3240986432289228
2026-08-28,2027-03,put,call,jaoh7_8150c,81.5,0.0926734882205131,4.74,0.0,False,8,0.3506965063320189,0.4151487711068752,-0.06445226477485633,0.0018487569374423638,4.7176731898830555,-0.022326810116944706,0.022326810116944706,6.050024269773358,1.3100242697733577,1.3100242697733577
2026-08-28,2027-03,put,call,jaoh7_8185c,81.85,0.0969587717908399,4.64,0.0,False,8,0.3506965063320189,0.4151487711068752,-0.06445226477485633,0.0018487569374423638,4.612063805183684,-0.027936194816315485,0.027936194816315485,5.939810540125812,1.2998105401258124,1.2998105401258124
2026-08-28,2027-03,put,call,jaoh7_8342c,83.42,0.1159585567424953,4.22,0.0,False,8,0.3506965063320189,0.4151487711068752,-0.06445226477485633,0.0018487569374423638,4.162625086550445,-0.05737491344955448,0.05737491344955448,5.467022958631664,1.2470229586316641,1.2470229586316641
2026-08-28,2027-03,put,call,jaoh7_8500c,85.0,0.1347217244640125,3.84,0.0,False,8,0.3506965063320189,0.4151487711068752,-0.06445226477485633,0.0018487569374423638,3.748686705338929,-0.09131329466107108,0.09131329466107108,5.024443777454795,1.1844437774547956,1.1844437774547956
2026-08-28,2027-03,put,call,jaoh7_8525c,85.25,0.1376585841373222,3.79,0.0,False,8,0.3506965063320189,0.4151487711068752,-0.06445226477485633,0.0018487569374423638,3.686559610794484,-0.10344038920551624,0.10344038920551624,4.957342007351195,1.1673420073511949,1.1673420073511949
2026-08-28,2027-03,put,call,jaoh7_8575c,85.75,0.1435065540197454,3.68,0.0,False,8,0.3506965063320189,0.4151487711068752,-0.06445226477485633,0.0018487569374423638,3.5649790879935517,-0.11502091200644848,0.11502091200644848,4.825535978585014,1.145535978585014,1.145535978585014
2026-08-28,2027-03,put,call,jaoh7_8675c,86.75,0.1551008868006648,3.47,0.0,False,8,0.3506965063320189,0.4151487711068752,-0.06445226477485633,0.0018487569374423638,3.3322486286885002,-0.13775137131149995,0.13775137131149995,4.571366981589314,1.101366981589314,1.101366981589314
2026-08-28,2027-03,put,call,jaoh7_8700c,87.0,0.1579785866282798,3.42,0.0,False,8,0.3506965063320189,0.4151487711068752,-0.06445226477485633,0.0018487569374423638,3.2761842377343777,-0.1438157622656222,0.1438157622656222,4.509754260065266,1.0897542600652663,1.0897542600652663
2026-08-28,2027-03,put,call,jaoh7_8705c,87.05,0.1585531341878941,3.41,0.0,False,8,0.3506965063320189,0.4151487711068752,-0.06445226477485633,0.0018487569374423638,3.265071087699687,-0.14492891230031324,0.14492891230031324,4.497523774453961,1.0875237744539605,1.0875237744539605
2026-08-28,2027-09,call,put,jaou7_5800p,58.0,-0.20347809329328,3.34,0.0,False,20,0.2933408558252965,0.4151487711068752,-0.1218079152815787,0.014720017156011917,2.68475302351178,-0.6552469764882201,0.6552469764882201,5.185159526379292,1.845159526379292,1.845159526379292
2026-08-28,2027-09,call,put,jaou7_5900p,59.0,-0.1863836599339799,3.6,0.0,False,20,0.2933408558252965,0.4151487711068752,-0.1218079152815787,0.014720017156011917,2.978488958319341,-0.6215110416806593,0.6215110416806593,5.566453309799607,1.9664533097996073,1.9664533097996073
2026-08-28,2027-09,call,put,jaou7_6000p,60.0,-0.1695765416175987,3.88,0.0,False,20,0.2933408558252965,0.4151487711068752,-0.1218079152815787,0.014720017156011917,3.2915512796515927,-0.5884487203484072,0.5884487203484072,5.962663405781961,2.082663405781961,2.082663405781961
2026-08-28,2027-09,call,put,jaou7_6200p,62.0,-0.1367867187946078,4.48,0.0,False,20,0.2933408558252965,0.4151487711068752,-0.1218079152815787,0.014720017156011917,3.9762405417128335,-0.503759458287167,0.503759458287167,6.800995080954415,2.3209950809544146,2.3209950809544146
2026-08-28,2027-09,call,put,jaou7_6420p,64.2,-0.1019178931437839,5.21,0.0,False,20,0.2933408558252965,0.4151487711068752,-0.1218079152815787,0.014720017156011917,4.820008567371602,-0.3899914326283982,0.3899914326283982,7.791960896525332,2.581960896525332,2.581960896525332
2026-08-28,2027-09,call,put,jaou7_6500p,65.0,-0.0895338339440623,5.5,0.0,False,20,0.2933408558252965,0.4151487711068752,-0.1218079152815787,0.014720017156011917,5.150301758300162,-0.349698241699838,0.349698241699838,8.169322809834629,2.669322809834629,2.669322809834629
2026-08-28,2027-09,call,put,jaou7_6750p,67.5,-0.0517935059612153,6.49,0.0,False,20,0.2933408558252965,0.4151487711068752,-0.1218079152815787,0.014720017156011917,6.262149181984631,-0.22785081801536933,0.22785081801536933,9.406674888640223,2.916674888640223,2.916674888640223
2026-08-28,2027-09,call,put,jaou7_6800p,68.0,-0.0444133986635927,6.7,0.0,False,20,0.2933408558252965,0.4151487711068752,-0.1218079152815787,0.014720017156011917,6.498814759078607,-0.20118524092139278,0.20118524092139278,9.664186178163828,2.9641861781638275,2.9641861781638275
2026-08-28,2027-09,call,put,jaou7_6900p,69.0,-0.02981459924244,7.14,0.0,False,20,0.2933408558252965,0.4151487711068752,-0.1218079152815787,0.014720017156011917,6.986190182552239,-0.1538098174477609,0.1538098174477609,10.1896015879975,3.0496015879974996,3.0496015879974996
2026-08-28,2027-09,call,put,jaou7_7000p,70.0,-0.0154258617903404,7.6,0.0,False,20,0.2933408558252965,0.4151487711068752,-0.1218079152815787,0.014720017156011917,7.492042127620017,-0.10795787237998233,0.10795787237998233,10.728740776894297,3.128740776894297,3.128740776894297
2026-08-28,2027-09,call,put,jaou7_7400p,74.0,0.0401439893644703,9.65,0.0,False,20,0.2933408558252965,0.4151487711068752,-0.1218079152815787,0.014720017156011917,9.693220777426587,0.04322077742658692,0.04322077742658692,13.012282881599733,3.3622828815997323,3.3622828815997323
2026-08-28,2027-09,call,put,jaou7_7450p,74.5,0.0468780215458142,9.93,0.0,False,20,0.2933408558252965,0.4151487711068752,-0.1218079152815787,0.014720017156011917,9.987558085912154,0.057558085912154056,0.057558085912154056,13.311075533431763,3.3810755334317637,3.3810755334317637
2026-08-28,2027-09,call,put,jaou7_7500p,75.0,0.053567009696611,10.21,0.0,False,20,0.2933408558252965,0.4151487711068752,-0.1218079152815787,0.014720017156011917,10.285982945225566,0.07598294522556515,0.07598294522556515,13.61282126735018,3.4028212673501788,3.4028212673501788
2026-08-28,2027-09,put,call,jaou7_6820c,68.2,-0.0414765389902829,9.54,0.0,False,13,0.30339606096866,0.4151487711068752,-0.1117527101382152,0.07768255787654768,9.620879472927022,0.08087947292702324,0.08087947292702324,12.458266933078988,2.918266933078989,2.918266933078989
2026-08-28,2027-09,put,call,jaou7_6825c,68.25,-0.0407436697746303,9.52,0.0,False,13,0.30339606096866,0.4151487711068752,-0.1117527101382152,0.07768255787654768,9.597396206983621,0.0773962069836216,0.0773962069836216,12.436564547245853,2.9165645472458532,2.9165645472458532
2026-08-28,2027-09,put,call,jaou7_6860c,68.6,-0.03562856910786,9.34,0.0,False,13,0.30339606096866,0.4151487711068752,-0.1117527101382152,0.07768255787654768,9.434276992109883,0.09427699210988294,0.09427699210988294,12.285625543759773,2.945625543759773,2.945625543759773
2026-08-28,2027-09,put,call,jaou7_6900c,69.0,-0.02981459924244,9.13,0.0,False,13,0.30339606096866,0.4151487711068752,-0.1117527101382152,0.07768255787654768,9.250551144388506,0.12055114438850545,0.12055114438850545,12.115230724267905,2.985230724267904,2.985230724267904
2026-08-28,2027-09,put,call,jaou7_6905c,69.05,-0.0290902239843983,9.1,0.0,False,13,0.30339606096866,0.4151487711068752,-0.1117527101382152,0.07768255787654768,9.227786724508096,0.12778672450809658,0.12778672450809658,12.094086955799597,2.994086955799597,2.994086955799597
2026-08-28,2027-09,put,call,jaou7_6930c,69.3,-0.0254761976438419,8.98,0.0,False,13,0.30339606096866,0.4151487711068752,-0.1117527101382152,0.07768255787654768,9.11463297571355,0.13463297571354893,0.13463297571354893,11.9888720601132,3.0088720601132,3.0088720601132
2026-08-28,2027-09,put,call,jaou7_7000c,70.0,-0.0154258617903404,8.63,0.0,False,13,0.30339606096866,0.4151487711068752,-0.1117527101382152,0.07768255787654768,8.803693371042382,0.17369337104238092,0.17369337104238092,11.698761175306869,3.068761175306868,3.068761175306868
2026-08-28,2027-09,put,call,jaou7_7110c,71.1,0.0001662329694957,8.11,0.0,False,13,0.30339606096866,0.4151487711068752,-0.1117527101382152,0.07768255787654768,8.33238953921693,0.2223895392169304,0.2223895392169304,11.25592725958757,3.1459272595875714,3.1459272595875714
2026-08-28,2027-09,put,call,jaou7_7200c,72.0,0.0127450151763558,7.7,0.0,False,13,0.30339606096866,0.4151487711068752,-0.1117527101382152,0.07768255787654768,7.962235045875618,0.2622350458756175,0.2622350458756175,10.905079609158255,3.205079609158255,3.205079609158255
2026-08-28,2027-09,put,call,jaou7_7335c,73.35,0.0313214007492911,7.12,0.0,False,13,0.30339606096866,0.4151487711068752,-0.1117527101382152,0.07768255787654768,7.432455343859787,0.3124553438597868,0.3124553438597868,10.396936199763088,3.276936199763088,3.276936199763088
2026-08-28,2027-09,put,call,jaou7_7400c,74.0,0.0401439893644703,6.85,0.0,False,13,0.30339606096866,0.4151487711068752,-0.1117527101382152,0.07768255787654768,7.188022362608395,0.33802236260839535,0.33802236260839535,10.159868328580949,3.309868328580949,3.309868328580949
2026-08-28,2027-09,put,call,jaou7_7450c,74.5,0.0468780215458142,6.65,0.0,False,13,0.30339606096866,0.4151487711068752,-0.1117527101382152,0.07768255787654768,7.004608221448409,0.35460822144840876,0.35460822144840876,9.980856611484064,3.330856611484064,3.330856611484064
2026-08-28,2027-09,put,call,jaou7_7500c,75.0,0.053567009696611,6.46,0.0,False,13,0.30339606096866,0.4151487711068752,-0.1117527101382152,0.07768255787654768,6.825146272191626,0.3651462721916259,0.3651462721916259,9.804797976473557,3.344797976473557,3.344797976473557
2026-08-28,2027-09,put,call,jaou7_7542c,75.42,0.0591513879905116,6.3,0.0,False,13,0.30339606096866,0.4151487711068752,-0.1117527101382152,0.07768255787654768,6.677413582603256,0.3774135826032561,0.3774135826032561,9.659021969269364,3.3590219692693646,3.3590219692693646
2026-08-28,2027-09,put,call,jaou7_7550c,75.5,0.0602115524152795,6.27,0.0,False,13,0.30339606096866,0.4151487711068752,-0.1117527101382152,0.07768255787654768,6.649583304509783,0.37958330450978384,0.37958330450978384,9.631482255977886,3.3614822559778865,3.3614822559778865
2026-08-28,2027-09,put,call,jaou7_7600c,76.0,0.0668122364466317,6.09,0.0,False,13,0.30339606096866,0.4151487711068752,-0.1117527101382152,0.07768255787654768,6.477865385069386,0.38786538506938584,0.38786538506938584,9.460982106535518,3.370982106535518,3.370982106535518
2026-08-28,2027-09,put,call,jaou7_7610c,76.1,0.0681271610279406,6.05,0.0,False,13,0.30339606096866,0.4151487711068752,-0.1117527101382152,0.07768255787654768,6.443978414711058,0.3939784147110581,0.3939784147110581,9.427203070329146,3.377203070329146,3.377203070329146
2026-08-28,2027-09,put,call,jaou7_7705c,77.05,0.0805334579264253,5.72,0.0,False,13,0.30339606096866,0.4151487711068752,-0.1117527101382152,0.07768255787654768,6.12952991628052,0.40952991628051993,0.40952991628051993,9.111716628786812,3.3917166287868126,3.3917166287868126
2026-08-28,2027-09,put,call,jaou7_7710c,77.1,0.0811821767295843,5.7,0.0,False,13,0.30339606096866,0.4151487711068752,-0.1117527101382152,0.07768255787654768,6.11335075155899,0.4133507515589896,0.4133507515589896,9.095387409866378,3.3953874098663777,3.3953874098663777
2026-08-28,2027-09,put,call,jaou7_7725c,77.25,0.0831258119381553,5.65,0.0,False,13,0.30339606096866,0.4151487711068752,-0.1117527101382152,0.07768255787654768,6.0650331469335255,0.4150331469335251,0.4150331469335251,9.046547469914008,3.396547469914008,3.396547469914008
2026-08-28,2028-03,call,put,jaoh8_5740p,57.4,-0.1892221487396739,3.82,0.0,False,18,0.2598266947600903,0.4151487711068752,-0.1553220763467849,0.04563962330000448,3.2446540878747356,-0.5753459121252642,0.5753459121252642,7.229327176374912,3.409327176374912,3.409327176374912
2026-08-28,2028-03,call,put,jaoh8_5900p,59.0,-0.1617290081594751,4.28,0.0,False,18,0.2598266947600903,0.4151487711068752,-0.1553220763467849,0.04563962330000448,3.7688903526782944,-0.5111096473217058,0.5111096473217058,7.927774812546469,3.6477748125464684,3.6477748125464684
2026-08-28,2028-03,call,put,jaoh8_6000p,60.0,-0.1449218898430939,4.58,0.0,False,18,0.2598266947600903,0.4151487711068752,-0.1553220763467849,0.04563962330000448,4.120588351664072,-0.4594116483359283,0.4594116483359283,8.380008833333747,3.800008833333747,3.800008833333747
2026-08-28,2028-03,call,put,jaoh8_6165p,61.65,-0.1177932224548414,5.12,0.0,False,18,0.2598266947600903,0.4151487711068752,-0.1553220763467849,0.04563962330000448,4.741315247362512,-0.37868475263748813,0.37868475263748813,9.152063924950282,4.032063924950282,4.032063924950282
2026-08-28,2028-03,call,put,jaoh8_6200p,62.0,-0.112132067020103,5.24,0.0,False,18,0.2598266947600903,0.4151487711068752,-0.1553220763467849,0.04563962330000448,4.879434258290466,-0.36056574170953404,0.36056574170953404,9.319892765205918,4.079892765205917,4.079892765205917
2026-08-28,2028-03,call,put,jaoh8_6250p,62.5,-0.1040998953228387,5.42,30.0,True,18,0.2598266947600903,0.4151487711068752,-0.1553220763467849,0.04563962330000448,5.080644701772801,-0.3393552982271988,0.3393552982271988,9.56210401078574,4.14210401078574,4.14210401078574
2026-08-28,2028-03,call,put,jaoh8_6500p,65.0,-0.0648791821695575,6.37,0.0,False,18,0.2598266947600903,0.4151487711068752,-0.1553220763467849,0.04563962330000448,6.154822521194212,-0.21517747880578852,0.21517747880578852,10.81550420855863,4.4455042085586305,4.4455042085586305
2026-08-28,2028-03,call,put,jaoh8_6600p,66.0,-0.049611710038769,6.79,0.0,False,18,0.2598266947600903,0.4151487711068752,-0.1553220763467849,0.04563962330000448,6.61582231832087,-0.17417768167913028,0.17417768167913028,11.33608136953054,4.5460813695305395,4.5460813695305395
2026-08-28,2028-03,call,put,jaoh8_6750p,67.5,-0.0271388541867104,7.45,0.0,False,18,0.2598266947600903,0.4151487711068752,-0.1553220763467849,0.04563962330000448,7.3401175953327735,-0.10988240466722665,0.10988240466722665,12.137072996049037,4.687072996049037,4.687072996049037
2026-08-28,2028-03,call,put,jaoh8_7000p,70.0,0.0092287899841642,8.63,0.0,False,18,0.2598266947600903,0.4151487711068752,-0.1553220763467849,0.04563962330000448,8.632208438461209,0.0022084384612082175,0.0022084384612082175,13.524921453436956,4.894921453436956,4.894921453436956
2026-08-28,2028-03,call,put,jaoh8_7450p,74.5,0.0715326733203192,11.05,0.0,False,18,0.2598266947600903,0.4151487711068752,-0.1553220763467849,0.04563962330000448,11.20961024587967,0.15961024587966932,0.15961024587966932,16.1784366411551,5.128436641155098,5.128436641155098
2026-08-28,2028-03,put,call,jaoh8_6151c,61.51,-0.1200666888449177,12.44,0.0,False,11,0.26853227787139006,0.4151487711068752,-0.14661649323548515,0.055597971755379325,12.261617312615146,-0.17838268738485397,0.17838268738485397,16.40823686760538,3.9682368676053787,3.9682368676053787
2026-08-28,2028-03,put,call,jaoh8_6200c,62.0,-0.112132067020103,12.15,0.0,False,11,0.26853227787139006,0.4151487711068752,-0.14661649323548515,0.055597971755379325,11.999537720570533,-0.15046227942946722,0.15046227942946722,16.1849212767997,4.0349212767996985,4.0349212767996985
2026-08-28,2028-03,put,call,jaoh8_6420c,64.2,-0.0772632413692791,10.89,0.0,False,11,0.26853227787139006,0.4151487711068752,-0.14661649323548515,0.055597971755379325,10.875270733437887,-0.014729266562113708,0.014729266562113708,15.215965141885414,4.325965141885414,4.325965141885414
2026-08-28,2028-03,put,call,jaoh8_6500c,65.0,-0.0648791821695575,10.46,0.0,False,11,0.26853227787139006,0.4151487711068752,-0.14661649323548515,0.055597971755379325,10.48744857600674,0.02744857600673889,0.02744857600673889,14.877187725504326,4.417187725504325,4.417187725504325
2026-08-28,2028-03,put,call,jaoh8_6600c,66.0,-0.049611710038769,9.94,0.0,False,11,0.26853227787139006,0.4151487711068752,-0.14661649323548515,0.055597971755379325,10.018158311450637,0.0781583114506379,0.0781583114506379,14.463316554926871,4.523316554926872,4.523316554926872
2026-08-28,2028-03,put,call,jaoh8_6775c,67.75,-0.0234419923053844,9.07,0.0,False,11,0.26853227787139006,0.4151487711068752,-0.14661649323548515,0.055597971755379325,9.237559146421242,0.16755914642124203,0.16755914642124203,13.764815711455864,4.694815711455863,4.694815711455863
2026-08-28,2028-03,put,call,jaoh8_6875c,68.75,-0.0087897155185139,8.6,0.0,False,11,0.26853227787139006,0.4151487711068752,-0.14661649323548515,0.055597971755379325,8.814233789006538,0.21423378900653844,0.21423378900653844,13.380241649152708,4.780241649152709,4.780241649152709
2026-08-28,2028-03,put,call,jaoh8_6890c,68.9,-0.0066102740455816,8.53,0.0,False,11,0.26853227787139006,0.4151487711068752,-0.14661649323548515,0.055597971755379325,8.752134612683864,0.22213461268386503,0.22213461268386503,13.323485494217396,4.793485494217396,4.793485494217396
2026-08-28,2028-03,put,call,jaoh8_7000c,70.0,0.0092287899841642,8.03,0.0,False,11,0.26853227787139006,0.4151487711068752,-0.14661649323548515,0.055597971755379325,8.307724289214162,0.2777242892141629,0.2777242892141629,12.91436331263584,4.884363312635841,4.884363312635841
2026-08-28,2028-03,put,call,jaoh8_7110c,71.1,0.0248208847440004,7.55,0.0,False,11,0.26853227787139006,0.4151487711068752,-0.14661649323548515,0.055597971755379325,7.882313494026717,0.3323134940267174,0.3323134940267174,12.517126466064536,4.967126466064536,4.967126466064536
2026-08-28,2028-03,put,call,jaoh8_7275c,72.75,0.0477624539864071,6.88,0.0,False,11,0.26853227787139006,0.4151487711068752,-0.14661649323548515,0.055597971755379325,7.278758637959684,0.39875863795968414,0.39875863795968414,11.943579179919222,5.0635791799192225,5.0635791799192225
2026-08-28,2028-03,put,call,jaoh8_7340c,73.4,0.0566574835552753,6.63,0.0,False,11,0.26853227787139006,0.4151487711068752,-0.14661649323548515,0.055597971755379325,7.0520602913186625,0.42206029131866263,0.42206029131866263,11.724765686348857,5.094765686348857,5.094765686348857
2026-08-28,2028-03,put,call,jaoh8_7450c,74.5,0.0715326733203192,6.22,0.0,False,11,0.26853227787139006,0.4151487711068752,-0.14661649323548515,0.055597971755379325,6.682238894631416,0.4622388946314162,0.4622388946314162,11.362861008381849,5.142861008381849,5.142861008381849
2026-08-28,2028-03,put,call,jaoh8_7500c,75.0,0.0782216614711158,6.05,35.0,True,11,0.26853227787139006,0.4151487711068752,-0.14661649323548515,0.055597971755379325,6.519762792077064,0.4697627920770646,0.4697627920770646,11.201900967065804,5.151900967065804,5.151900967065804
2026-08-28,2028-03,put,call,jaoh8_7550c,75.5,0.0848662041897843,5.88,0.0,False,11,0.26853227787139006,0.4151487711068752,-0.14661649323548515,0.055597971755379325,6.360731466210756,0.4807314662107558,0.4807314662107558,11.043221328694228,5.163221328694228,5.163221328694228
2026-08-28,2028-03,put,call,jaoh8_7670c,76.7,0.1006352563080158,5.49,0.0,False,11,0.26853227787139006,0.4151487711068752,-0.14661649323548515,0.055597971755379325,5.992806456569617,0.5028064565696164,0.5028064565696164,10.671332419896707,5.181332419896707,5.181332419896707
2026-08-28,2028-03,put,call,jaoh8_7700c,77.0,0.1045389697884891,5.4,0.0,False,11,0.26853227787139006,0.4151487711068752,-0.14661649323548515,0.055597971755379325,5.903796940227666,0.5037969402276659,0.5037969402276659,10.580344039240137,5.180344039240136,5.180344039240136
2026-08-28,2028-03,put,call,jaoh8_7775c,77.75,0.1142320989941488,5.18,0.0,False,11,0.26853227787139006,0.4151487711068752,-0.14661649323548515,0.055597971755379325,5.686352349974553,0.506352349974553,0.506352349974553,10.356347875512329,5.176347875512329,5.176347875512329
2026-08-28,2028-09,call,put,jaou8_5000p,50.0,-0.31042155942127,2.66,0.0,False,16,0.2354437469373675,0.4151487711068752,-0.1797050241695077,0.06341555105235308,1.7103475069622682,-0.9496524930377319,0.9496524930377319,5.910727143617554,3.2507271436175538,3.2507271436175538
2026-08-28,2028-09,call,put,jaou8_5500p,55.0,-0.2151113796169451,3.84,0.0,False,16,0.2354437469373675,0.4151487711068752,-0.1797050241695077,0.06341555105235308,2.948806380312835,-0.891193619687165,0.891193619687165,7.933197766569601,4.0931977665696015,4.0931977665696015
2026-08-28,2028-09,call,put,jaou8_5700p,57.0,-0.1793932970148658,4.39,0.0,False,16,0.2354437469373675,0.4151487711068752,-0.1797050241695077,0.06341555105235308,3.5660737246156096,-0.8239262753843901,0.8239262753843901,8.82048157154439,4.43048157154439,4.43048157154439
2026-08-28,2028-09,call,put,jaou8_5740p,57.4,-0.1724002615238953,4.5,0.0,False,16,0.2354437469373675,0.4151487711068752,-0.1797050241695077,0.06341555105235308,3.6980487501664516,-0.8019512498335484,0.8019512498335484,9.003065707974015,4.503065707974015,4.503065707974015
2026-08-28,2028-09,call,put,jaou8_6165p,61.65,-0.1009713352390627,5.84,0.0,False,16,0.2354437469373675,0.4151487711068752,-0.1797050241695077,0.06341555105235308,5.275532665733946,-0.5644673342660536,0.5644673342660536,11.044245058282687,5.204245058282687,5.204245058282687
2026-08-28,2028-09,call,put,jaou8_6200p,62.0,-0.0953101798043245,5.96,0.0,False,16,0.2354437469373675,0.4151487711068752,-0.1797050241695077,0.06341555105235308,5.419604593709564,-0.5403954062904361,0.5403954062904361,11.220346777261366,5.260346777261366,5.260346777261366
2026-08-28,2028-09,call,put,jaou8_6250p,62.5,-0.0872780081070602,6.13,0.0,False,16,0.2354437469373675,0.4151487711068752,-0.1797050241695077,0.06341555105235308,5.62910864029515,-0.5008913597048501,0.5008913597048501,11.473999827626985,5.343999827626985,5.343999827626985
2026-08-28,2028-09,call,put,jaou8_6500p,65.0,-0.0480572949537789,7.05,0.0,False,16,0.2354437469373675,0.4151487711068752,-0.1797050241695077,0.06341555105235308,6.7408138860155,-0.3091861139844996,0.3091861139844996,12.778617352160753,5.728617352160753,5.728617352160753
2026-08-28,2028-09,call,put,jaou8_6750p,67.5,-0.0103169669709319,8.08,0.0,False,16,0.2354437469373675,0.4151487711068752,-0.1797050241695077,0.06341555105235308,7.956586294569583,-0.12341370543041741,0.12341370543041741,14.143028232303292,6.063028232303292,6.063028232303292
2026-08-28,2028-09,call,put,jaou8_7000p,70.0,0.0260506771999429,9.26,0.0,False,16,0.2354437469373675,0.4151487711068752,-0.1797050241695077,0.06341555105235308,9.27167995225086,0.011679952250860381,0.011679952250860381,15.562580032660131,6.302580032660131,6.302580032660131
2026-08-28,2028-09,call,put,jaou8_7450p,74.5,0.0883545605360977,11.73,0.0,False,16,0.2354437469373675,0.4151487711068752,-0.1797050241695077,0.06341555105235308,11.87127872172212,0.14127872172212008,0.14127872172212008,18.24442447781551,6.51442447781551,6.51442447781551
2026-08-28,2028-09,put,call,jaou8_6151c,61.51,-0.1032448016291392,11.94,0.0,False,11,0.24953300595734723,0.4151487711068752,-0.16561576514952797,0.17489453516721443,11.775219391126328,-0.16478060887367185,0.16478060887367185,17.19874468997505,5.258744689975051,5.258744689975051
2026-08-28,2028-09,put,call,jaou8_6500c,65.0,-0.0480572949537789,9.99,0.0,False,11,0.24953300595734723,0.4151487711068752,-0.16561576514952797,0.17489453516721443,10.139260014457514,0.14926001445751425,0.14926001445751425,15.816125490598294,5.826125490598294,5.826125490598294
2026-08-28,2028-09,put,call,jaou8_6570c,65.7,-0.0373456393588512,9.63,0.0,False,11,0.24953300595734723,0.4151487711068752,-0.16561576514952797,0.17489453516721443,9.834516840949187,0.20451684094918576,0.20451684094918576,15.553112016395168,5.923112016395168,5.923112016395168
2026-08-28,2028-09,put,call,jaou8_6600c,66.0,-0.0327898228229905,9.47,0.0,False,11,0.24953300595734723,0.4151487711068752,-0.16561576514952797,0.17489453516721443,9.706246082688622,0.23624608268862168,0.23624608268862168,15.441788884267924,5.971788884267923,5.971788884267923
2026-08-28,2028-09,put,call,jaou8_6650c,66.5,-0.0252426171876075,9.22,0.0,False,11,0.24953300595734723,0.4151487711068752,-0.16561576514952797,0.17489453516721443,9.49554409881079,0.2755440988107889,0.2755440988107889,15.258116621623712,6.038116621623711,6.038116621623711
2026-08-28,2028-09,put,call,jaou8_6775c,67.75,-0.0066201050896057,8.61,0.0,False,11,0.24953300595734723,0.4151487711068752,-0.16561576514952797,0.17489453516721443,8.985423894913968,0.3754238949139683,0.3754238949139683,14.80872087805227,6.198720878052271,6.198720878052271
2026-08-28,2028-09,put,call,jaou8_7000c,70.0,0.0260506771999429,7.6,0.0,False,11,0.24953300595734723,0.4151487711068752,-0.16561576514952797,0.17489453516721443,8.125437759061489,0.5254377590614894,0.5254377590614894,14.03404930809269,6.434049308092691,6.434049308092691
2026-08-28,2028-09,put,call,jaou8_7110c,71.1,0.0416427719597791,7.16,0.0,False,11,0.24953300595734723,0.4151487711068752,-0.16561576514952797,0.17489453516721443,7.731310883745014,0.5713108837450136,0.5713108837450136,13.670539770921838,6.510539770921838,6.510539770921838
2026-08-28,2028-09,put,call,jaou8_7275c,72.75,0.0645843412021858,6.53,0.0,False,11,0.24953300595734723,0.4151487711068752,-0.16561576514952797,0.17489453516721443,7.171203411209607,0.6412034112096068,0.6412034112096068,13.143056774664316,6.613056774664316,6.613056774664316
2026-08-28,2028-09,put,call,jaou8_7340c,73.4,0.0734793707710538,6.3,0.0,False,11,0.24953300595734723,0.4151487711068752,-0.16561576514952797,0.17489453516721443,6.960492433226539,0.6604924332265396,0.6604924332265396,12.940976682204068,6.640976682204069,6.640976682204069
2026-08-28,2028-09,put,call,jaou8_7450c,74.5,0.0883545605360977,5.93,0.0,False,11,0.24953300595734723,0.4151487711068752,-0.16561576514952797,0.17489453516721443,6.616302889898265,0.6863028898982657,0.6863028898982657,12.60645877654358,6.67645877654358,6.67645877654358
2026-08-28,2028-09,put,call,jaou8_7500c,75.0,0.0950435486868943,5.77,35.0,True,11,0.24953300595734723,0.4151487711068752,-0.16561576514952797,0.17489453516721443,6.464895264395771,0.6948952643957718,0.6948952643957718,12.457451341359109,6.687451341359109,6.687451341359109
2026-08-28,2028-09,put,call,jaou8_7560c,75.6,0.1030117183360712,5.59,0.0,False,11,0.24953300595734723,0.4151487711068752,-0.16561576514952797,0.17489453516721443,6.287276482201233,0.6972764822012332,0.6972764822012332,12.2811128012416,6.6911128012416,6.6911128012416
2026-08-28,2028-09,put,call,jaou8_7670c,76.7,0.1174571435237945,5.26,0.0,False,11,0.24953300595734723,0.4151487711068752,-0.16561576514952797,0.17489453516721443,5.9729207193443745,0.7129207193443747,0.7129207193443747,11.964584939830802,6.704584939830802,6.704584939830802
2026-08-28,2028-09,put,call,jaou8_7925c,79.25,0.150162847907974,4.57,0.0,False,11,0.24953300595734723,0.4151487711068752,-0.16561576514952797,0.17489453516721443,5.297883304173298,0.7278833041732975,0.7278833041732975,11.262916885828092,6.692916885828092,6.692916885828092
2026-08-28,2028-09,put,call,jaou8_8000c,80.0,0.1595820698244656,4.38,0.0,False,11,0.24953300595734723,0.4151487711068752,-0.16561576514952797,0.17489453516721443,5.112953049677195,0.732953049677195,0.732953049677195,11.064621200149386,6.684621200149386,6.684621200149386
2026-08-31,2026-09,call,put,jaou6_7200p,72.0,-0.1694657042840611,0.03,0.0,False,16,0.4576384978570903,0.415232766409877,0.042405731447213324,0.0006525971344474009,0.023707904249693712,-0.006292095750306287,0.006292095750306287,0.0100156104562302,-0.019984389543769798,0.019984389543769798
2026-08-31,2026-09,call,put,jaou6_7400p,74.0,-0.1420667300959467,0.07,0.0,False,16,0.4576384978570903,0.415232766409877,0.042405731447213324,0.0006525971344474009,0.06690511486206852,-0.0030948851379314912,0.0030948851379314912,0.0350700050464342,-0.03492999495356581,0.03492999495356581
2026-08-31,2026-09,call,put,jaou6_7450p,74.5,-0.1353326979146026,0.09,0.0,False,16,0.4576384978570903,0.415232766409877,0.042405731447213324,0.0006525971344474009,0.08477691047389158,-0.005223089526108421,0.005223089526108421,0.0463804602169614,-0.0436195397830386,0.0436195397830386
2026-08-31,2026-09,call,put,jaou6_7500p,75.0,-0.128643709763806,0.1,15.0,True,16,0.4576384978570903,0.415232766409877,0.042405731447213324,0.0006525971344474009,0.10651120539713865,0.006511205397138647,0.006511205397138647,0.0607857433407771,-0.03921425665922291,0.03921425665922291
2026-08-31,2026-09,call,put,jaou6_7600p,76.0,-0.1153984830137853,0.15,0.0,False,16,0.4576384978570903,0.415232766409877,0.042405731447213324,0.0006525971344474009,0.16404627253695203,0.014046272536952037,0.014046272536952037,0.1009893354992714,-0.04901066450072859,0.04901066450072859
2026-08-31,2026-09,call,put,jaou6_7750p,77.5,-0.0958538869408151,0.25,0.0,False,16,0.4576384978570903,0.415232766409877,0.042405731447213324,0.0006525971344474009,0.2959652538865818,0.04596525388658179,0.04596525388658179,0.200141382477679,-0.049858617522321014,0.049858617522321014
2026-08-31,2026-09,call,put,jaou6_7800p,78.0,-0.0894229966105247,0.3,0.0,False,16,0.4576384978570903,0.415232766409877,0.042405731447213324,0.0006525971344474009,0.3551259944667784,0.055125994466778405,0.055125994466778405,0.2468911960543268,-0.05310880394567319,0.05310880394567319
2026-08-31,2026-09,call,put,jaou6_8000p,80.0,-0.0641051886262348,0.59,0.0,False,16,0.4576384978570903,0.415232766409877,0.042405731447213324,0.0006525971344474009,0.6888120693548982,0.09881206935489828,0.09881206935489828,0.5279704480810904,-0.062029551918909576,0.062029551918909576
2026-08-31,2026-09,call,put,jaou6_8200p,82.0,-0.0394125760358633,1.07,0.0,False,16,0.4576384978570903,0.415232766409877,0.042405731447213324,0.0006525971344474009,1.2134086818203293,0.1434086818203293,0.1434086818203293,1.0032800630822345,-0.06671993691776557,0.06671993691776557
2026-08-31,2026-09,call,put,jaou6_8250p,82.5,-0.0333335299594811,1.23,0.0,False,16,0.4576384978570903,0.415232766409877,0.042405731447213324,0.0006525971344474009,1.379100670498373,0.14910067049837306,0.14910067049837306,1.1591798744271888,-0.07082012557281114,0.07082012557281114
2026-08-31,2026-09,put,call,jaou6_9100c,91.0,0.0647276832167336,0.72,0.0,False,10,0.4311217079486614,0.415232766409877,0.015888941538784396,0.00037868114734603865,0.6417427969633098,-0.07825720303669015,0.07825720303669015,0.5731301436125165,-0.1468698563874835,0.1468698563874835
2026-08-31,2026-09,put,call,jaou6_9150c,91.5,0.0702071489813591,0.64,0.0,False,10,0.4311217079486614,0.415232766409877,0.015888941538784396,0.00037868114734603865,0.5598219971099562,-0.08017800289004384,0.08017800289004384,0.4957953223241378,-0.1442046776758622,0.1442046776758622
2026-08-31,2026-09,put,call,jaou6_9196c,91.96,0.0752218765948642,0.58,0.0,False,10,0.4311217079486614,0.415232766409877,0.015888941538784396,0.00037868114734603865,0.4923541119851841,-0.08764588801481588,0.08764588801481588,0.4325418152249048,-0.14745818477509515,0.14745818477509515
2026-08-31,2026-09,put,call,jaou6_9200c,92.0,0.0756567537489239,0.57,0.0,False,10,0.4311217079486614,0.415232766409877,0.015888941538784396,0.00037868114734603865,0.4868255297977969,-0.08317447020220303,0.08317447020220303,0.4273905517611596,-0.14260944823884036,0.14260944823884036
2026-08-31,2026-09,put,call,jaou6_9225c,92.25,0.0783704596205201,0.54,0.0,False,10,0.4311217079486614,0.415232766409877,0.015888941538784396,0.00037868114734603865,0.45344548911825533,-0.0865545108817447,0.0865545108817447,0.3963988337889514,-0.14360116621104863,0.14360116621104863
2026-08-31,2026-09,put,call,jaou6_9250c,92.5,0.081076821218263,0.51,0.0,False,10,0.4311217079486614,0.415232766409877,0.015888941538784396,0.00037868114734603865,0.4220249338334343,-0.0879750661665657,0.0879750661665657,0.3673755874277934,-0.1426244125722066,0.1426244125722066
2026-08-31,2026-09,put,call,jaou6_9435c,94.35,0.1008794485144427,0.33,0.0,False,10,0.4311217079486614,0.415232766409877,0.015888941538784396,0.00037868114734603865,0.2421768562435943,-0.08782314375640571,0.08782314375640571,0.203635585488981,-0.126364414511019,0.126364414511019
2026-08-31,2026-09,put,call,jaou6_9500c,95.0,0.1077450683004244,0.29,0.0,False,10,0.4311217079486614,0.415232766409877,0.015888941538784396,0.00037868114734603865,0.19728023412811524,-0.09271976587188474,0.09271976587188474,0.163790349906274,-0.12620965009372598,0.12620965009372598
2026-08-31,2026-09,put,call,jaou6_9800c,98.0,0.1388356553704555,0.14,0.0,False,10,0.4311217079486614,0.415232766409877,0.015888941538784396,0.00037868114734603865,0.07178260945604034,-0.06821739054395967,0.06821739054395967,0.0552606237432483,-0.08473937625675171,0.08473937625675171
2026-08-31,2026-09,put,call,jaou6_10000c,100.0,0.1590383626879749,0.09,0.0,False,10,0.4311217079486614,0.415232766409877,0.015888941538784396,0.00037868114734603865,0.03456629733964054,-0.055433702660359456,0.055433702660359456,0.0249686883923579,-0.0650313116076421,0.0650313116076421
2026-08-31,2026-09,put,call,jaou6_10205c,102.05,0.1793310659557373,0.06,0.0,False,10,0.4311217079486614,0.415232766409877,0.015888941538784396,0.00037868114734603865,0.015630446303212097,-0.0443695536967879,0.0443695536967879,0.0101868396146762,-0.049813160385323796,0.049813160385323796
2026-08-31,2026-09,put,call,jaou6_10240c,102.4,0.182754889305291,0.05,0.0,False,10,0.4311217079486614,0.415232766409877,0.015888941538784396,0.00037868114734603865,0.013590459926753087,-0.03640954007324691,0.03640954007324691,0.0086685651299788,-0.0413314348700212,0.0413314348700212
2026-08-31,2026-09,put,call,jaou6_10300c,103.0,0.1885971649295192,0.05,0.0,False,10,0.4311217079486614,0.415232766409877,0.015888941538784396,0.00037868114734603865,0.010662642117329786,-0.03933735788267022,0.03933735788267022,0.0065172844080161,-0.043482715591983905,0.043482715591983905
2026-08-31,2026-09,put,call,jaou6_10500c,105.0,0.2078285268574068,0.03,0.0,False,10,0.4311217079486614,0.415232766409877,0.015888941538784396,0.00037868114734603865,0.004629637562011843,-0.025370362437988157,0.025370362437988157,0.0023522005758568,-0.0276477994241432,0.0276477994241432
2026-08-31,2026-09,put,call,jaou6_10520c,105.2,0.209731477003493,0.03,0.0,False,10,0.4311217079486614,0.415232766409877,0.015888941538784396,0.00037868114734603865,0.004250120896472102,-0.025749879103527898,0.025749879103527898,0.0021069403619581,-0.0278930596380419,0.0278930596380419
2026-08-31,2026-09,put,call,jaou6_10825c,108.25,0.2383115435824828,0.02,0.0,False,10,0.4311217079486614,0.415232766409877,0.015888941538784396,0.00037868114734603865,0.0011024291581544338,-0.018897570841845568,0.018897570841845568,0.0003373374129177,-0.0196626625870823,0.0196626625870823
2026-08-31,2026-10,call,put,jaov6_7200p,72.0,-0.1462188731533038,0.85,0.0,False,18,0.47229600799993954,0.415232766409877,0.05706324159006254,0.013710618685129537,1.159449025832867,0.30944902583286693,0.30944902583286693,0.7891617985258043,-0.06083820147419572,0.06083820147419572
2026-08-31,2026-10,call,put,jaov6_7400p,74.0,-0.1188198989651894,1.21,0.0,False,18,0.47229600799993954,0.415232766409877,0.05706324159006254,0.013710618685129537,1.6048313483214507,0.3948313483214507,0.3948313483214507,1.160886444994019,-0.04911355500598091,0.04911355500598091
2026-08-31,2026-10,call,put,jaov6_7450p,74.5,-0.1120858667838452,1.32,0.0,False,18,0.47229600799993954,0.415232766409877,0.05706324159006254,0.013710618685129537,1.7327076066231157,0.4127076066231157,0.4127076066231157,1.2709905043593412,-0.04900949564065882,0.04900949564065882
2026-08-31,2026-10,call,put,jaov6_7500p,75.0,-0.1053968786330486,1.43,15.0,True,18,0.47229600799993954,0.415232766409877,0.05706324159006254,0.013710618685129537,1.8674983108507508,0.43749831085075086,0.43749831085075086,1.3884871621066837,-0.04151283789331628,0.04151283789331628
2026-08-31,2026-10,call,put,jaov6_7600p,76.0,-0.0921516518830281,1.69,0.0,False,18,0.47229600799993954,0.415232766409877,0.05706324159006254,0.013710618685129537,2.158343714374955,0.46834371437495514,0.46834371437495514,1.646073082649247,-0.04392691735075305,0.04392691735075305
2026-08-31,2026-10,call,put,jaov6_7800p,78.0,-0.0661761654797673,2.31,0.0,False,18,0.47229600799993954,0.415232766409877,0.05706324159006254,0.013710618685129537,2.8280913628089426,0.5180913628089425,0.5180913628089425,2.256127071126633,-0.053872928873367254,0.053872928873367254
2026-08-31,2026-10,call,put,jaov6_8000p,80.0,-0.0408583574954775,3.08,0.0,False,18,0.47229600799993954,0.415232766409877,0.05706324159006254,0.013710618685129537,3.6191872491518993,0.5391872491518992,0.5391872491518992,3.00167399974453,-0.07832600025546999,0.07832600025546999
2026-08-31,2026-10,call,put,jaov6_8200p,82.0,-0.016165744905106,4.01,0.0,False,18,0.47229600799993954,0.415232766409877,0.05706324159006254,0.013710618685129537,4.533586782273825,0.5235867822738252,0.5235867822738252,3.8890569118836416,-0.12094308811635823,0.12094308811635823
2026-08-31,2026-10,call,put,jaov6_9000p,90.0,0.076924678160906,9.12,0.0,False,18,0.47229600799993954,0.415232766409877,0.05706324159006254,0.013710618685129537,9.363034797397916,0.24303479739791634,0.24303479739791634,8.774825009630208,-0.3451749903697916,0.3451749903697916
2026-08-31,2026-10,put,call,jaov6_9200c,92.0,0.0989035848796811,2.06,0.0,False,9,0.42440481036939265,0.415232766409877,0.009172043959515652,0.007622846933392846,1.7741581969738085,-0.28584180302619155,0.28584180302619155,1.6678793423569669,-0.39212065764303317,0.39212065764303317
2026-08-31,2026-10,put,call,jaov6_9225c,92.25,0.1016172907512774,2.01,0.0,False,9,0.42440481036939265,0.415232766409877,0.009172043959515652,0.007622846933392846,1.7199187093554262,-0.29008129064457355,0.29008129064457355,1.615087960609611,-0.3949120393903889,0.3949120393903889
2026-08-31,2026-10,put,call,jaov6_9348c,93.48,0.1148625175012982,1.79,0.0,False,9,0.42440481036939265,0.415232766409877,0.009172043959515652,0.007622846933392846,1.4727778418556954,-0.31722215814430466,0.31722215814430466,1.3752174663495766,-0.4147825336504234,0.4147825336504234
2026-08-31,2026-10,put,call,jaov6_9353c,93.53,0.1153972482771004,1.78,0.0,False,9,0.42440481036939265,0.415232766409877,0.009172043959515652,0.007622846933392846,1.4633990301145663,-0.31660096988543374,0.31660096988543374,1.3661435152381485,-0.41385648476185155,0.41385648476185155
2026-08-31,2026-10,put,call,jaov6_9435c,94.35,0.1241262796452,1.65,0.0,False,9,0.42440481036939265,0.415232766409877,0.009172043959515652,0.007622846933392846,1.3166378517725856,-0.3333621482274143,0.3333621482274143,1.2243950984226062,-0.4256049015773937,0.4256049015773937
2026-08-31,2026-10,put,call,jaov6_9800c,98.0,0.1620824865012127,1.17,0.0,False,9,0.42440481036939265,0.415232766409877,0.009172043959515652,0.007622846933392846,0.8060588057489654,-0.36394119425103455,0.36394119425103455,0.735706929571214,-0.43429307042878595,0.43429307042878595
2026-08-31,2026-10,put,call,jaov6_9911c,99.11,0.1733453522492579,1.05,0.0,False,9,0.42440481036939265,0.415232766409877,0.009172043959515652,0.007622846933392846,0.689928486639118,-0.36007151336088206,0.36007151336088206,0.625665009996457,-0.424334990003543,0.424334990003543
2026-08-31,2026-10,put,call,jaov6_9955c,99.55,0.1777750383408461,1.01,0.0,False,9,0.42440481036939265,0.415232766409877,0.009172043959515652,0.007622846933392846,0.6481540357885821,-0.3618459642114179,0.3618459642114179,0.5863486329764053,-0.42365136702359474,0.42365136702359474
2026-08-31,2026-10,put,call,jaov6_10000c,100.0,0.1822851938187322,0.97,0.0,False,9,0.42440481036939265,0.415232766409877,0.009172043959515652,0.007622846933392846,0.6077659816441111,-0.36223401835588886,0.36223401835588886,0.5485357547140045,-0.42146424528599546,0.42146424528599546
2026-08-31,2026-10,put,call,jaov6_10205c,102.05,0.2025778970864946,0.8,0.0,False,9,0.42440481036939265,0.415232766409877,0.009172043959515652,0.007622846933392846,0.4507578787737378,-0.34924212122626225,0.34924212122626225,0.403011158095605,-0.39698884190439504,0.39698884190439504
2026-08-31,2026-10,put,call,jaov6_10240c,102.4,0.2060017204360483,0.78,0.0,False,9,0.42440481036939265,0.415232766409877,0.009172043959515652,0.007622846933392846,0.4279385518633935,-0.3520614481366065,0.3520614481366065,0.3819074958989445,-0.3980925041010555,0.3980925041010555
2026-08-31,2026-10,put,call,jaov6_10300c,103.0,0.2118439960602766,0.74,0.0,False,9,0.42440481036939265,0.415232766409877,0.009172043959515652,0.007622846933392846,0.39123412016969855,-0.34876587983030144,0.34876587983030144,0.3479189982622925,-0.3920810017377075,0.3920810017377075
2026-08-31,2026-10,put,call,jaov6_10500c,105.0,0.2310753579881641,0.62,0.0,False,9,0.42440481036939265,0.415232766409877,0.009172043959515652,0.007622846933392846,0.2885596870541439,-0.3314403129458561,0.3314403129458561,0.253366431484097,-0.366633568515903,0.366633568515903
2026-08-31,2026-10,put,call,jaov6_10800c,108.0,0.2592462349548605,0.48,0.0,False,9,0.42440481036939265,0.415232766409877,0.009172043959515652,0.007622846933392846,0.18002511608877775,-0.29997488391122223,0.29997488391122223,0.1555299536551374,-0.3244700463448626,0.3244700463448626
2026-08-31,2026-10,put,call,jaov6_11500c,115.0,0.3220471361938909,0.28,0.0,False,9,0.42440481036939265,0.415232766409877,0.009172043959515652,0.007622846933392846,0.056124386436250805,-0.22387561356374922,0.22387561356374922,0.0471731405846737,-0.23282685941532633,0.23282685941532633
2026-08-31,2026-10,put,call,jaov6_12100c,121.0,0.372905553427382,0.19,0.0,False,9,0.42440481036939265,0.415232766409877,0.009172043959515652,0.007622846933392846,0.019401225712942134,-0.17059877428705786,0.17059877428705786,0.0162586662891201,-0.1737413337108799,0.1737413337108799
2026-08-31,2026-10,put,call,jaov6_12500c,125.0,0.405428745132942,0.14,0.0,False,9,0.42440481036939265,0.415232766409877,0.009172043959515652,0.007622846933392846,0.009292380289448456,-0.13070761971055156,0.13070761971055156,0.0077007747911818,-0.1322992252088182,0.1322992252088182
2026-08-31,2026-10,put,call,jaov6_16000c,160.0,0.6522888230644678,0.03,0.0,False,9,0.42440481036939265,0.415232766409877,0.009172043959515652,0.007622846933392846,7.7680194833135e-06,-0.029992231980516686,0.029992231980516686,1.5884255704920636e-05,-0.02998411574429508,0.02998411574429508
2026-08-31,2026-11,call,put,jaox6_7200p,72.0,-0.1240946451426117,2.03,0.0,False,16,0.45233554317885444,0.415232766409877,0.03710277676897744,0.02573310382186225,2.4643379158230676,0.4343379158230678,0.4343379158230678,2.0787375939629547,0.04873759396295485,0.04873759396295485
2026-08-31,2026-11,call,put,jaox6_7400p,74.0,-0.0966956709544972,2.62,0.0,False,16,0.45233554317885444,0.415232766409877,0.03710277676897744,0.02573310382186225,3.1096724641122098,0.48967246411220966,0.48967246411220966,2.683184525992584,0.06318452599258384,0.06318452599258384
2026-08-31,2026-11,call,put,jaox6_7450p,74.5,-0.0899616387731531,2.78,0.0,False,16,0.45233554317885444,0.415232766409877,0.03710277676897744,0.02573310382186225,3.2864067844948783,0.5064067844948785,0.5064067844948785,2.8508329331219717,0.07083293312197192,0.07083293312197192
2026-08-31,2026-11,call,put,jaox6_7500p,75.0,-0.0832726506223564,2.96,15.0,True,16,0.45233554317885444,0.415232766409877,0.03710277676897744,0.02573310382186225,3.4693817738056696,0.5093817738056696,0.5093817738056696,3.0252945428672158,0.06529454286721581,0.06529454286721581
2026-08-31,2026-11,call,put,jaox6_7600p,76.0,-0.0700274238723358,3.33,0.0,False,16,0.45233554317885444,0.415232766409877,0.03710277676897744,0.02573310382186225,3.8541577884427163,0.5241577884427162,0.5241577884427162,3.3943273908342664,0.06432739083426631,0.06432739083426631
2026-08-31,2026-11,call,put,jaox6_7800p,78.0,-0.0440519374690752,4.16,0.0,False,16,0.45233554317885444,0.415232766409877,0.03710277676897744,0.02573310382186225,4.699352226700638,0.5393522267006379,0.5393522267006379,4.213635958198245,0.05363595819824507,0.05363595819824507
2026-08-31,2026-11,call,put,jaox6_8000p,80.0,-0.0187341294847853,5.12,0.0,False,16,0.45233554317885444,0.415232766409877,0.03710277676897744,0.02573310382186225,5.6450652625603395,0.5250652625603394,0.5250652625603394,5.142181211352339,0.02218121135233897,0.02218121135233897
2026-08-31,2026-11,call,put,jaox6_8200p,82.0,0.005958483105586,6.2,0.0,False,16,0.45233554317885444,0.415232766409877,0.03710277676897744,0.02573310382186225,6.68949673548776,0.4894967354877595,0.4894967354877595,6.177478673949449,-0.022521326050551238,0.022521326050551238
2026-08-31,2026-11,call,put,jaox6_9000p,90.0,0.0990489061715981,11.56,0.0,False,16,0.45233554317885444,0.415232766409877,0.03710277676897744,0.02573310382186225,11.774194176322219,0.21419417632221815,0.21419417632221815,11.305385727015915,-0.25461427298408523,0.25461427298408523
2026-08-31,2026-11,put,call,jaox6_8950c,89.5,0.0934778611221427,3.34,0.0,False,9,0.4155815449778639,0.415232766409877,0.0003487785679869293,0.009658957743375324,3.023741402714021,-0.3162585972859788,0.3162585972859788,3.0479679910104185,-0.29203200898958137,0.29203200898958137
2026-08-31,2026-11,put,call,jaox6_9000c,90.0,0.0990489061715981,3.22,0.0,False,9,0.4155815449778639,0.415232766409877,0.0003487785679869293,0.009658957743375324,2.890614588254071,-0.32938541174592917,0.32938541174592917,2.9147106715094755,-0.3052893284905247,0.3052893284905247
2026-08-31,2026-11,put,call,jaox6_9025c,90.25,0.1018228330543233,3.16,0.0,False,9,0.4155815449778639,0.415232766409877,0.0003487785679869293,0.009658957743375324,2.8258940592143573,-0.3341059407856428,0.3341059407856428,2.8498771645372534,-0.31012283546274677,0.31012283546274677
2026-08-31,2026-11,put,call,jaox6_9100c,91.0,0.1100987423581831,2.99,0.0,False,9,0.4155815449778639,0.415232766409877,0.0003487785679869293,0.009658957743375324,2.638922470861803,-0.35107752913819734,0.35107752913819734,2.6625296975778885,-0.3274703024221117,0.3274703024221117
2026-08-31,2026-11,put,call,jaox6_9196c,91.96,0.1205929357363137,2.79,0.0,False,9,0.4155815449778639,0.415232766409877,0.0003487785679869293,0.009658957743375324,2.414814345578404,-0.3751856544215961,0.3751856544215961,2.4380570612004577,-0.3519429387995423,0.3519429387995423
2026-08-31,2026-11,put,call,jaox6_9200c,92.0,0.1210278128903732,2.78,0.0,False,9,0.4155815449778639,0.415232766409877,0.0003487785679869293,0.009658957743375324,2.405835873605824,-0.37416412639417596,0.37416412639417596,2.4290718321552847,-0.35092816784471514,0.35092816784471514
2026-08-31,2026-11,put,call,jaox6_9225c,92.25,0.1237415187619695,2.73,0.0,False,9,0.4155815449778639,0.415232766409877,0.0003487785679869293,0.009658957743375324,2.3503570336479513,-0.37964296635204864,0.37964296635204864,2.373562242596176,-0.3564377574038238,0.3564377574038238
2026-08-31,2026-11,put,call,jaox6_9348c,93.48,0.1369867455119902,2.51,0.0,False,9,0.4155815449778639,0.415232766409877,0.0003487785679869293,0.009658957743375324,2.0929367546361894,-0.41706324536381034,0.41706324536381034,2.11624418359108,-0.39375581640891966,0.39375581640891966
2026-08-31,2026-11,put,call,jaox6_9353c,93.53,0.1375214762877926,2.5,0.0,False,9,0.4155815449778639,0.415232766409877,0.0003487785679869293,0.009658957743375324,2.0830028609514843,-0.41699713904851565,0.41699713904851565,2.106326708431821,-0.3936732915681791,0.3936732915681791
2026-08-31,2026-11,put,call,jaox6_9435c,94.35,0.1462505076558921,2.36,0.0,False,9,0.4155815449778639,0.415232766409877,0.0003487785679869293,0.009658957743375324,1.9257578672507258,-0.43424213274927403,0.43424213274927403,1.949471745811793,-0.41052825418820693,0.41052825418820693
2026-08-31,2026-11,put,call,jaox6_9911c,99.11,0.19546958025995,1.7,0.0,False,9,0.4155815449778639,0.415232766409877,0.0003487785679869293,0.009658957743375324,1.2008544962905474,-0.49914550370945254,0.49914550370945254,1.2261410948454003,-0.4738589051545996,0.4738589051545996
2026-08-31,2026-11,put,call,jaox6_10000c,100.0,0.2044094218294244,1.6,0.0,False,9,0.4155815449778639,0.415232766409877,0.0003487785679869293,0.009658957743375324,1.0960535964465445,-0.5039464035534555,0.5039464035534555,1.1214502836159967,-0.47854971638400334,0.47854971638400334
2026-08-31,2026-11,put,call,jaox6_10205c,102.05,0.2247021250971867,1.4,0.0,False,9,0.4155815449778639,0.415232766409877,0.0003487785679869293,0.009658957743375324,0.885121356300287,-0.5148786436997129,0.5148786436997129,0.9107248744536404,-0.48927512554635955,0.48927512554635955
2026-08-31,2026-11,put,call,jaox6_10240c,102.4,0.2281259484467405,1.36,0.0,False,9,0.4155815449778639,0.415232766409877,0.0003487785679869293,0.009658957743375324,0.8530073144054032,-0.5069926855945969,0.5069926855945969,0.8785592161980879,-0.48144078380191224,0.48144078380191224
2026-08-31,2026-11,put,call,jaox6_10500c,105.0,0.2531995859988564,1.16,0.0,False,9,0.4155815449778639,0.415232766409877,0.0003487785679869293,0.009658957743375324,0.6455897993901323,-0.5144102006098676,0.5144102006098676,0.6697517887753689,-0.490248211224631,0.490248211224631
2026-08-31,2026-11,put,call,jaox6_10800c,108.0,0.2813704629655528,0.96,0.0,False,9,0.4155815449778639,0.415232766409877,0.0003487785679869293,0.009658957743375324,0.46414586898387866,-0.4958541310161213,0.4958541310161213,0.4850244370466657,-0.47497556295333426,0.47497556295333426
2026-08-31,2027-03,call,put,jaoh7_6800p,68.0,-0.10348407593856,4.2,0.0,False,15,0.3556586287230997,0.415232766409877,-0.05957413768677727,0.002691433362903801,4.119824108621534,-0.08017589137846581,0.08017589137846581,5.240789105251258,1.0407891052512577,1.0407891052512577
2026-08-31,2027-03,call,put,jaoh7_6900p,69.0,-0.0888852765174074,4.56,0.0,False,15,0.3556586287230997,0.415232766409877,-0.05957413768677727,0.002691433362903801,4.513810942450214,-0.04618905754978542,0.04618905754978542,5.663961933885215,1.1039619338852154,1.1039619338852154
2026-08-31,2027-03,call,put,jaoh7_7000p,70.0,-0.0744965390653077,4.95,0.0,False,15,0.3556586287230997,0.415232766409877,-0.05957413768677727,0.002691433362903801,4.929231409252508,-0.020768590747492155,0.020768590747492155,6.105673433699914,1.1556734336999135,1.1556734336999135
2026-08-31,2027-03,call,put,jaoh7_7100p,71.0,-0.0603119040733512,5.36,0.0,False,15,0.3556586287230997,0.415232766409877,-0.05957413768677727,0.002691433362903801,5.366003417266624,0.0060034172666236785,0.0060034172666236785,6.565761379795518,1.2057613797955176,1.2057613797955176
2026-08-31,2027-03,call,put,jaoh7_7150p,71.5,-0.0532943314147048,5.57,0.0,False,15,0.3556586287230997,0.415232766409877,-0.05957413768677727,0.002691433362903801,5.592353128990039,0.02235312899003894,0.02235312899003894,6.802460658338237,1.232460658338237,1.232460658338237
2026-08-31,2027-03,call,put,jaoh7_7400p,74.0,-0.018926687910497,6.73,0.0,False,15,0.3556586287230997,0.415232766409877,-0.05957413768677727,0.002691433362903801,6.80267946659996,0.0726794665999595,0.0726794665999595,8.052784404614378,1.322784404614378,1.322784404614378
2026-08-31,2027-03,call,put,jaoh7_7450p,74.5,-0.0121926557291528,6.98,0.0,False,15,0.3556586287230997,0.415232766409877,-0.05957413768677727,0.002691433362903801,7.0602213630475505,0.08022136304755012,0.08022136304755012,8.315980428870542,1.335980428870542,1.335980428870542
2026-08-31,2027-03,call,put,jaoh7_7500p,75.0,-0.0055036675783563,7.24,0.0,False,15,0.3556586287230997,0.415232766409877,-0.05957413768677727,0.002691433362903801,7.3228279291008285,0.08282792910082826,0.08282792910082826,8.583484762388968,1.343484762388968,1.343484762388968
2026-08-31,2027-03,put,call,jaoh7_7900c,79.0,0.0464560713523547,6.04,0.0,False,8,0.3548010220926093,0.415232766409877,-0.06043174431726772,0.0032194766832146894,6.078314793036547,0.03831479303654728,0.03831479303654728,7.366220704698918,1.326220704698918,1.326220704698918
2026-08-31,2027-03,put,call,jaoh7_8000c,80.0,0.0590348535592147,5.68,0.0,False,8,0.3548010220926093,0.415232766409877,-0.06043174431726772,0.0032194766832146894,5.717598702449324,0.037598702449324506,0.037598702449324506,7.00080337546653,1.3208033754665305,1.3208033754665305
2026-08-31,2027-03,put,call,jaoh7_8025c,80.25,0.0621549808954584,5.6,0.0,False,8,0.3548010220926093,0.415232766409877,-0.06043174431726772,0.0032194766832146894,5.630220609113476,0.030220609113476016,0.030220609113476016,6.911986914856859,1.3119869148568597,1.3119869148568597
2026-08-31,2027-03,put,call,jaoh7_8075c,80.75,0.0683661809880991,5.43,31.0,True,8,0.3548010220926093,0.415232766409877,-0.06043174431726772,0.0032194766832146894,5.458767256989459,0.028767256989459256,0.028767256989459256,6.737197694029085,1.3071976940290853,1.3071976940290853
2026-08-31,2027-03,put,call,jaoh7_8100c,81.0,0.071457373557772,5.35,0.0,False,8,0.3548010220926093,0.415232766409877,-0.06043174431726772,0.0032194766832146894,5.374675053963893,0.024675053963893134,0.024675053963893134,6.651177812265924,1.3011778122659248,1.3011778122659248
2026-08-31,2027-03,put,call,jaoh7_8102c,81.02,0.0717042566598776,5.35,0.0,False,8,0.3548010220926093,0.415232766409877,-0.06043174431726772,0.0032194766832146894,5.367994371770083,0.017994371770083006,0.017994371770083006,6.644335814733368,1.2943358147333681,1.2943358147333681
2026-08-31,2027-03,put,call,jaoh7_8150c,81.5,0.0776112391321502,5.2,0.0,False,8,0.3548010220926093,0.415232766409877,-0.06043174431726772,0.0032194766832146894,5.209716743919238,0.00971674391923738,0.00971674391923738,6.481825723063814,1.2818257230638137,1.2818257230638137
2026-08-31,2027-03,put,call,jaoh7_8185c,81.85,0.0818965227024771,5.09,0.0,False,8,0.3548010220926093,0.415232766409877,-0.06043174431726772,0.0032194766832146894,5.096775048635021,0.006775048635021541,0.006775048635021541,6.365396830388439,1.2753968303884395,1.2753968303884395
2026-08-31,2027-03,put,call,jaoh7_8342c,83.42,0.1008963076541324,4.63,0.0,False,8,0.3548010220926093,0.415232766409877,-0.06043174431726772,0.0032194766832146894,4.615092361162306,-0.01490763883769386,0.01490763883769386,5.865122874318034,1.2351228743180345,1.2351228743180345
2026-08-31,2027-03,put,call,jaoh7_8500c,85.0,0.1196594753756496,4.22,0.0,False,8,0.3548010220926093,0.415232766409877,-0.06043174431726772,0.0032194766832146894,4.1698586254273975,-0.05014137457260226,0.05014137457260226,5.396805702174793,1.1768057021747929,1.1768057021747929
2026-08-31,2027-03,put,call,jaoh7_8525c,85.25,0.1225963350489594,4.16,0.0,False,8,0.3548010220926093,0.415232766409877,-0.06043174431726772,0.0032194766832146894,4.10289258023289,-0.0571074197671102,0.0571074197671102,5.32573676084885,1.1657367608488496,1.1657367608488496
2026-08-31,2027-03,put,call,jaoh7_8575c,85.75,0.1284443049313825,4.04,0.0,False,8,0.3548010220926093,0.415232766409877,-0.06043174431726772,0.0032194766832146894,3.9717299200947824,-0.0682700799052176,0.0682700799052176,5.186083862904197,1.146083862904197,1.146083862904197
2026-08-31,2027-03,put,call,jaoh7_8675c,86.75,0.1400386377123018,3.81,0.0,False,8,0.3548010220926093,0.415232766409877,-0.06043174431726772,0.0032194766832146894,3.7202267316541833,-0.08977326834581678,0.08977326834581678,4.916213743671443,1.1062137436714425,1.1062137436714425
2026-08-31,2027-03,put,call,jaoh7_8700c,87.0,0.1429163375399169,3.76,0.0,False,8,0.3548010220926093,0.415232766409877,-0.06043174431726772,0.0032194766832146894,3.65955233787304,-0.10044766212695988,0.10044766212695988,4.850720709737619,1.090720709737619,1.090720709737619
2026-08-31,2027-03,put,call,jaoh7_8705c,87.05,0.1434908850995312,3.75,0.0,False,8,0.3548010220926093,0.415232766409877,-0.06043174431726772,0.0032194766832146894,3.6475212321250488,-0.10247876787495125,0.10247876787495125,4.837716654864549,1.0877166548645487,1.0877166548645487
2026-08-31,2027-09,call,put,jaou7_5800p,58.0,-0.2117560754099607,3.25,0.0,False,20,0.29447917954296476,0.415232766409877,-0.12075358686691223,0.016395912655068127,2.5723309581072034,-0.6776690418927966,0.6776690418927966,5.0173379679797305,1.7673379679797305,1.7673379679797305
2026-08-31,2027-09,call,put,jaou7_5900p,59.0,-0.1946616420506605,3.5,0.0,False,20,0.29447917954296476,0.415232766409877,-0.12075358686691223,0.016395912655068127,2.8568670366115594,-0.6431329633884406,0.6431329633884406,5.390695672131333,1.8906956721313328,1.8906956721313328
2026-08-31,2027-09,call,put,jaou7_6000p,60.0,-0.1778545237342793,3.77,0.0,False,20,0.29447917954296476,0.415232766409877,-0.12075358686691223,0.016395912655068127,3.160475695948678,-0.6095243040513219,0.6095243040513219,5.778702255632105,2.008702255632105,2.008702255632105
2026-08-31,2027-09,call,put,jaou7_6200p,62.0,-0.1450647009112884,4.35,0.0,False,20,0.29447917954296476,0.415232766409877,-0.12075358686691223,0.016395912655068127,3.8256090155698086,-0.524390984430191,0.524390984430191,6.6000552004554445,2.250055200455445,2.250055200455445
2026-08-31,2027-09,call,put,jaou7_6420p,64.2,-0.1101958752604643,5.06,0.0,False,20,0.29447917954296476,0.415232766409877,-0.12075358686691223,0.016395912655068127,4.647098290930476,-0.4129017090695237,0.4129017090695237,7.573144967029196,2.5131449670291968,2.5131449670291968
2026-08-31,2027-09,call,put,jaou7_6500p,65.0,-0.0978118160607428,5.34,0.0,False,20,0.29447917954296476,0.415232766409877,-0.12075358686691223,0.016395912655068127,4.969148942534954,-0.3708510574650461,0.3708510574650461,7.943944390708052,2.603944390708052,2.603944390708052
2026-08-31,2027-09,call,put,jaou7_6750p,67.5,-0.0600714880778958,6.3,0.0,False,20,0.29447917954296476,0.415232766409877,-0.12075358686691223,0.016395912655068127,6.054968061643677,-0.24503193835632242,0.24503193835632242,9.161296454672902,2.8612964546729023,2.8612964546729023
2026-08-31,2027-09,call,put,jaou7_6800p,68.0,-0.0526913807802732,6.5,0.0,False,20,0.29447917954296476,0.415232766409877,-0.12075358686691223,0.016395912655068127,6.286404855463828,-0.21359514453617212,0.21359514453617212,9.4149180474122,2.9149180474122005,2.9149180474122005
2026-08-31,2027-09,call,put,jaou7_6900p,69.0,-0.0380925813591205,6.93,0.0,False,20,0.29447917954296476,0.415232766409877,-0.12075358686691223,0.016395912655068127,6.763325888795734,-0.16667411120426578,0.16667411120426578,9.9321591295554,3.0021591295554,3.0021591295554
2026-08-31,2027-09,call,put,jaou7_7000p,70.0,-0.0237038439070209,7.37,0.0,False,20,0.29447917954296476,0.415232766409877,-0.12075358686691223,0.016395912655068127,7.258748458617351,-0.11125154138264914,0.11125154138264914,10.46320588221498,3.0932058822149804,3.0932058822149804
2026-08-31,2027-09,call,put,jaou7_7400p,74.0,0.0318660072477896,9.37,0.0,False,20,0.29447917954296476,0.415232766409877,-0.12075358686691223,0.016395912655068127,9.4189167470029,0.04891674700290061,0.04891674700290061,12.716952013103985,3.3469520131039854,3.3469520131039854
2026-08-31,2027-09,call,put,jaou7_7450p,74.5,0.0386000394291337,9.64,0.0,False,20,0.29447917954296476,0.415232766409877,-0.12075358686691223,0.016395912655068127,9.708249793067948,0.0682497930679471,0.0682497930679471,13.01217611191257,3.3721761119125695,3.3721761119125695
2026-08-31,2027-09,call,put,jaou7_7500p,75.0,0.0452890275799305,9.92,0.0,False,20,0.29447917954296476,0.415232766409877,-0.12075358686691223,0.016395912655068127,10.001705180403352,0.08170518040335217,0.08170518040335217,13.310273522981513,3.390273522981513,3.390273522981513
2026-08-31,2027-09,put,call,jaou7_6820c,68.2,-0.0497545211069634,9.9,0.0,False,13,0.3049330947105133,0.415232766409877,-0.11029967169936372,0.08541119507029525,9.98145627467179,0.0814562746717904,0.0814562746717904,12.77284717104814,2.8728471710481394,2.8728471710481394
2026-08-31,2027-09,put,call,jaou7_6825c,68.25,-0.0490216518913108,9.88,0.0,False,13,0.3049330947105133,0.415232766409877,-0.11029967169936372,0.08541119507029525,9.957462347480947,0.07746234748094594,0.07746234748094594,12.750729370625455,2.8707293706254546,2.8707293706254546
2026-08-31,2027-09,put,call,jaou7_6860c,68.6,-0.0439065512245405,9.69,0.0,False,13,0.3049330947105133,0.415232766409877,-0.11029967169936372,0.08541119507029525,9.79076794937744,0.10076794937744005,0.10076794937744005,12.596842069941966,2.906842069941966,2.906842069941966
2026-08-31,2027-09,put,call,jaou7_6900c,69.0,-0.0380925813591205,9.48,0.0,False,13,0.3049330947105133,0.415232766409877,-0.11029967169936372,0.08541119507029525,9.602955893757645,0.12295589375764493,0.12295589375764493,12.423034654614325,2.9430346546143245,2.9430346546143245
2026-08-31,2027-09,put,call,jaou7_6905c,69.05,-0.0373682061010788,9.46,0.0,False,13,0.3049330947105133,0.415232766409877,-0.11029967169936372,0.08541119507029525,9.579680743768611,0.11968074376861004,0.11968074376861004,12.401464977785734,2.941464977785733,2.941464977785733
2026-08-31,2027-09,put,call,jaou7_6930c,69.3,-0.0337541797605224,9.33,0.0,False,13,0.3049330947105133,0.415232766409877,-0.11029967169936372,0.08541119507029525,9.463973691110045,0.13397369111004487,0.13397369111004487,12.294141772403847,2.9641417724038472,2.9641417724038472
2026-08-31,2027-09,put,call,jaou7_7000c,70.0,-0.0237038439070209,8.97,0.0,False,13,0.3049330947105133,0.415232766409877,-0.11029967169936372,0.08541119507029525,9.145890324705741,0.1758903247057404,0.1758903247057404,11.99822436811269,3.0282243681126886,3.0282243681126886
2026-08-31,2027-09,put,call,jaou7_7110c,71.1,-0.0081117491471848,8.43,0.0,False,13,0.3049330947105133,0.415232766409877,-0.11029967169936372,0.08541119507029525,8.663391294972577,0.23339129497257716,0.23339129497257716,11.546479175182052,3.116479175182052,3.116479175182052
2026-08-31,2027-09,put,call,jaou7_7200c,72.0,0.0044670330596752,8.01,0.0,False,13,0.3049330947105133,0.415232766409877,-0.11029967169936372,0.08541119507029525,8.28412156895629,0.27412156895629103,0.27412156895629103,11.188554342301355,3.1785543423013554,3.1785543423013554
2026-08-31,2027-09,put,call,jaou7_7335c,73.35,0.0230434186326107,7.41,0.0,False,13,0.3049330947105133,0.415232766409877,-0.11029967169936372,0.08541119507029525,7.7407767600910535,0.3307767600910534,0.3307767600910534,10.670351964621243,3.2603519646212433,3.2603519646212433
2026-08-31,2027-09,put,call,jaou7_7400c,74.0,0.0318660072477896,7.14,0.0,False,13,0.3049330947105133,0.415232766409877,-0.11029967169936372,0.08541119507029525,7.489869905384764,0.3498699053847645,0.3498699053847645,10.428542342356812,3.288542342356812,3.288542342356812
2026-08-31,2027-09,put,call,jaou7_7450c,74.5,0.0386000394291337,6.94,0.0,False,13,0.3049330947105133,0.415232766409877,-0.11029967169936372,0.08541119507029525,7.301505365732083,0.36150536573208303,0.36150536573208303,10.245837921584789,3.3058379215847884,3.3058379215847884
2026-08-31,2027-09,put,call,jaou7_7500c,75.0,0.0452890275799305,6.74,0.0,False,13,0.3049330947105133,0.415232766409877,-0.11029967169936372,0.08541119507029525,7.117120888535211,0.3771208885352104,0.3771208885352104,10.066006813073123,3.326006813073123,3.326006813073123
2026-08-31,2027-09,put,call,jaou7_7542c,75.42,0.050873405873831,6.57,0.0,False,13,0.3049330947105133,0.415232766409877,-0.11029967169936372,0.08541119507029525,6.965276227370444,0.3952762273704433,0.3952762273704433,9.917261251973384,3.347261251973384,3.347261251973384
2026-08-31,2027-09,put,call,jaou7_7550c,75.5,0.0519335702985991,6.54,0.0,False,13,0.3049330947105133,0.415232766409877,-0.11029967169936372,0.08541119507029525,6.936665192466219,0.39666519246621856,0.39666519246621856,9.889156065157954,3.3491560651579535,3.3491560651579535
2026-08-31,2027-09,put,call,jaou7_7600c,76.0,0.0585342543299512,6.35,0.0,False,13,0.3049330947105133,0.415232766409877,-0.11029967169936372,0.08541119507029525,6.760086194418508,0.4100861944185086,0.4100861944185086,9.715058685622022,3.3650586856220226,3.3650586856220226
2026-08-31,2027-09,put,call,jaou7_7610c,76.1,0.0598491789112601,6.31,0.0,False,13,0.3049330947105133,0.415232766409877,-0.11029967169936372,0.08541119507029525,6.725230963582504,0.41523096358250466,0.41523096358250466,9.680572839157922,3.370572839157922,3.370572839157922
2026-08-31,2027-09,put,call,jaou7_7705c,77.05,0.0722554758097448,5.97,0.0,False,13,0.3049330947105133,0.415232766409877,-0.11029967169936372,0.08541119507029525,6.401653264422158,0.4316532644221587,0.4316532644221587,9.358463629766383,3.3884636297663837,3.3884636297663837
2026-08-31,2027-09,put,call,jaou7_7710c,77.1,0.0729041946129038,5.95,0.0,False,13,0.3049330947105133,0.415232766409877,-0.11029967169936372,0.08541119507029525,6.384997208357118,0.4349972083571174,0.4349972083571174,9.341779180262444,3.3917791802624437,3.3917791802624437
2026-08-31,2027-09,put,call,jaou7_7725c,77.25,0.0748478298214749,5.9,0.0,False,13,0.3049330947105133,0.415232766409877,-0.11029967169936372,0.08541119507029525,6.335251158801697,0.4352511588016963,0.4352511588016963,9.2918867071891,3.3918867071890997,3.3918867071890997
2026-08-31,2028-03,call,put,jaoh8_5740p,57.4,-0.1948232485931782,3.74,0.0,False,19,0.25988642242731763,0.415232766409877,-0.15534634398255937,0.045018181181984765,3.1486406592544807,-0.5913593407455195,0.5913593407455195,7.108174190472107,3.368174190472107,3.368174190472107
2026-08-31,2028-03,call,put,jaoh8_5900p,59.0,-0.1673301080129796,4.19,0.0,False,19,0.25988642242731763,0.415232766409877,-0.15534634398255937,0.045018181181984765,3.6624560782565414,-0.527543921743459,0.527543921743459,7.7995206885404,3.6095206885403996,3.6095206885403996
2026-08-31,2028-03,call,put,jaoh8_6000p,60.0,-0.1505229896965983,4.49,0.0,False,19,0.25988642242731763,0.415232766409877,-0.15534634398255937,0.045018181181984765,4.007541682402268,-0.4824583175977324,0.4824583175977324,8.247384464515635,3.757384464515635,3.757384464515635
2026-08-31,2028-03,call,put,jaoh8_6165p,61.65,-0.1233943223083457,5.02,0.0,False,19,0.25988642242731763,0.415232766409877,-0.15534634398255937,0.045018181181984765,4.617250093460773,-0.4027499065392268,0.4027499065392268,9.012323171916384,3.992323171916384,3.992323171916384
2026-08-31,2028-03,call,put,jaoh8_6200p,62.0,-0.1177331668736074,5.13,0.0,False,19,0.25988642242731763,0.415232766409877,-0.15534634398255937,0.045018181181984765,4.753021046532851,-0.37697895346714905,0.37697895346714905,9.178652814044137,4.048652814044137,4.048652814044137
2026-08-31,2028-03,call,put,jaoh8_6250p,62.5,-0.1097009951763432,5.31,0.0,False,19,0.25988642242731763,0.415232766409877,-0.15534634398255937,0.045018181181984765,4.950873756044534,-0.35912624395546544,0.35912624395546544,9.418715152318724,4.108715152318724,4.108715152318724
2026-08-31,2028-03,call,put,jaoh8_6500p,65.0,-0.0704802820230619,6.24,0.0,False,19,0.25988642242731763,0.415232766409877,-0.15534634398255937,0.045018181181984765,6.008275313863999,-0.23172468613600117,0.23172468613600117,10.66147955775413,4.421479557754131,4.421479557754131
2026-08-31,2028-03,call,put,jaoh8_6600p,66.0,-0.0552128098922734,6.65,0.0,False,19,0.25988642242731763,0.415232766409877,-0.15534634398255937,0.045018181181984765,6.46260834531151,-0.18739165468848995,0.18739165468848995,11.178016115756638,4.528016115756637,4.528016115756637
2026-08-31,2028-03,call,put,jaoh8_6750p,67.5,-0.0327399540402149,7.3,0.0,False,19,0.25988642242731763,0.415232766409877,-0.15534634398255937,0.045018181181984765,7.176997348265619,-0.12300265173438074,0.12300265173438074,11.972802073419684,4.6728020734196845,4.6728020734196845
2026-08-31,2028-03,call,put,jaoh8_7000p,70.0,0.0036276901306599,8.47,0.0,False,19,0.25988642242731763,0.415232766409877,-0.15534634398255937,0.045018181181984765,8.4529384637927,-0.017061536207300776,0.017061536207300776,13.350330387434086,4.8803303874340855,4.8803303874340855
2026-08-31,2028-03,call,put,jaoh8_7450p,74.5,0.0659315734668147,10.84,0.0,False,19,0.25988642242731763,0.415232766409877,-0.15534634398255937,0.045018181181984765,11.00289215978163,0.16289215978163085,0.16289215978163085,15.986812905599209,5.146812905599209,5.146812905599209
2026-08-31,2028-03,put,call,jaoh8_6151c,61.51,-0.1256677886984221,12.69,0.0,False,11,0.2691300603379715,0.415232766409877,-0.1461027060719055,0.05885754533234193,12.518290633019703,-0.1717093669802967,0.1717093669802967,16.63554178782206,3.9455417878220604,3.9455417878220604
2026-08-31,2028-03,put,call,jaoh8_6200c,62.0,-0.1177331668736074,12.39,0.0,False,11,0.2691300603379715,0.415232766409877,-0.1461027060719055,0.05885754533234193,12.253066705210461,-0.13693329478953942,0.13693329478953942,16.409986822677222,4.019986822677222,4.019986822677222
2026-08-31,2028-03,put,call,jaoh8_6420c,64.2,-0.0828643412227835,11.13,0.0,False,11,0.2691300603379715,0.415232766409877,-0.1461027060719055,0.05885754533234193,11.114586859591919,-0.015413140408082171,0.015413140408082171,15.43101859078974,4.30101859078974,4.30101859078974
2026-08-31,2028-03,put,call,jaoh8_6500c,65.0,-0.0704802820230619,10.69,0.0,False,11,0.2691300603379715,0.415232766409877,-0.1461027060719055,0.05885754533234193,10.721577981575102,0.0315779815751025,0.0315779815751025,15.088603033245969,4.398603033245969,4.398603033245969
2026-08-31,2028-03,put,call,jaoh8_6600c,66.0,-0.0552128098922734,10.16,0.0,False,11,0.2691300603379715,0.415232766409877,-0.1461027060719055,0.05885754533234193,10.245807227365017,0.08580722736501656,0.08580722736501656,14.670402746868058,4.510402746868058,4.510402746868058
2026-08-31,2028-03,put,call,jaoh8_6775c,67.75,-0.0290430921588887,9.28,0.0,False,11,0.2691300603379715,0.415232766409877,-0.1461027060719055,0.05885754533234193,9.453912144902366,0.17391214490236706,0.17391214490236706,13.96417894562168,4.68417894562168,4.68417894562168
2026-08-31,2028-03,put,call,jaoh8_6875c,68.75,-0.0143908153720183,8.81,0.0,False,11,0.2691300603379715,0.415232766409877,-0.1461027060719055,0.05885754533234193,9.024178764436934,0.21417876443693373,0.21417876443693373,13.575102532400871,4.765102532400871,4.765102532400871
2026-08-31,2028-03,put,call,jaoh8_6890c,68.9,-0.012211373899086,8.74,0.0,False,11,0.2691300603379715,0.415232766409877,-0.1461027060719055,0.05885754533234193,8.9611222857981,0.22112228579809923,0.22112228579809923,13.5176721903381,4.7776721903381,4.7776721903381
2026-08-31,2028-03,put,call,jaoh8_7000c,70.0,0.0036276901306599,8.23,0.0,False,11,0.2691300603379715,0.415232766409877,-0.1461027060719055,0.05885754533234193,8.509728439312893,0.27972843931289226,0.27972843931289226,13.103769641023842,4.873769641023841,4.873769641023841
2026-08-31,2028-03,put,call,jaoh8_7110c,71.1,0.019219784890496,7.75,0.0,False,11,0.2691300603379715,0.415232766409877,-0.1461027060719055,0.05885754533234193,8.077408396930482,0.3274083969304815,0.3274083969304815,12.70199092308302,4.95199092308302,4.95199092308302
2026-08-31,2028-03,put,call,jaoh8_7275c,72.75,0.0421613541329029,7.06,0.0,False,11,0.2691300603379715,0.415232766409877,-0.1461027060719055,0.05885754533234193,7.463656508494856,0.4036565084948567,0.4036565084948567,12.12148875605656,5.061488756056561,5.061488756056561
2026-08-31,2028-03,put,call,jaoh8_7340c,73.4,0.051056383701771,6.8,0.0,False,11,0.2691300603379715,0.415232766409877,-0.1461027060719055,0.05885754533234193,7.233003416761185,0.4330034167611849,0.4330034167611849,11.90002076248823,5.1000207624882306,5.1000207624882306
2026-08-31,2028-03,put,call,jaoh8_7450c,74.5,0.0659315734668147,6.39,0.0,False,11,0.2691300603379715,0.415232766409877,-0.1461027060719055,0.05885754533234193,6.856578023556675,0.466578023556675,0.466578023556675,11.533936359477092,5.143936359477093,5.143936359477093
2026-08-31,2028-03,put,call,jaoh8_7475c,74.75,0.0692816603520967,6.3,0.0,False,11,0.2691300603379715,0.415232766409877,-0.1461027060719055,0.05885754533234193,6.773421642177914,0.4734216421779145,0.4734216421779145,11.452193931780569,5.152193931780569,5.152193931780569
2026-08-31,2028-03,put,call,jaoh8_7500c,75.0,0.0726205616176113,6.21,0.0,False,11,0.2691300603379715,0.415232766409877,-0.1461027060719055,0.05885754533234193,6.691139057735609,0.48113905773560894,0.48113905773560894,11.371006151634392,5.161006151634392,5.161006151634392
2026-08-31,2028-03,put,call,jaoh8_7550c,75.5,0.0792651043362799,6.04,0.0,False,11,0.2691300603379715,0.415232766409877,-0.1461027060719055,0.05885754533234193,6.529170358567945,0.4891703585679448,0.4891703585679448,11.210309643727497,5.170309643727497,5.170309643727497
2026-08-31,2028-03,put,call,jaoh8_7670c,76.7,0.0950341564545115,5.64,0.0,False,11,0.2691300603379715,0.415232766409877,-0.1461027060719055,0.05885754533234193,6.154304100311614,0.5143041003116142,0.5143041003116142,10.833745144744302,5.193745144744303,5.193745144744303
2026-08-31,2028-03,put,call,jaoh8_7700c,77.0,0.0989378699349848,5.55,0.0,False,11,0.2691300603379715,0.415232766409877,-0.1461027060719055,0.05885754533234193,6.063584020318389,0.5135840203183895,0.5135840203183895,10.741565147230292,5.191565147230292,5.191565147230292
2026-08-31,2028-03,put,call,jaoh8_7775c,77.75,0.1086309991406445,5.32,0.0,False,11,0.2691300603379715,0.415232766409877,-0.1461027060719055,0.05885754533234193,5.841907818379662,0.5219078183796615,0.5219078183796615,10.51460635213946,5.194606352139459,5.194606352139459
2026-08-31,2028-09,call,put,jaou8_5000p,50.0,-0.3136421741213126,2.64,0.0,False,16,0.23604228769900806,0.415232766409877,-0.17919047871086893,0.06379676723631816,1.6859520950436142,-0.9540479049563859,0.9540479049563859,5.852733712181529,3.2127337121815285,3.2127337121815285
2026-08-31,2028-09,call,put,jaou8_5500p,55.0,-0.2183319943169877,3.81,0.0,False,16,0.23604228769900806,0.415232766409877,-0.17919047871086893,0.06379676723631816,2.911223177597625,-0.8987768224023749,0.8987768224023749,7.863692945041665,4.053692945041664,4.053692945041664
2026-08-31,2028-09,call,put,jaou8_5700p,57.0,-0.1826139117149084,4.35,0.0,False,16,0.23604228769900806,0.415232766409877,-0.17919047871086893,0.06379676723631816,3.5226109340554608,-0.8273890659445389,0.8273890659445389,8.746596974252025,4.3965969742520254,4.3965969742520254
2026-08-31,2028-09,call,put,jaou8_5740p,57.4,-0.1756208762239379,4.47,0.0,False,16,0.23604228769900806,0.415232766409877,-0.17919047871086893,0.06379676723631816,3.653377775415164,-0.8166222245848358,0.8166222245848358,8.92832700923951,4.45832700923951,4.45832700923951
2026-08-31,2028-09,call,put,jaou8_6165p,61.65,-0.1041919499391053,5.79,0.0,False,16,0.23604228769900806,0.415232766409877,-0.17919047871086893,0.06379676723631816,5.217541327274869,-0.5724586727251308,0.5724586727251308,10.960613589360769,5.1706135893607685,5.1706135893607685
2026-08-31,2028-09,call,put,jaou8_6200p,62.0,-0.0985307945043671,5.91,0.0,False,16,0.23604228769900806,0.415232766409877,-0.17919047871086893,0.06379676723631816,5.3604879682890365,-0.5495120317109636,0.5495120317109636,11.135993029645778,5.225993029645778,5.225993029645778
2026-08-31,2028-09,call,put,jaou8_6250p,62.5,-0.0904986228071028,6.08,0.0,False,16,0.23604228769900806,0.415232766409877,-0.17919047871086893,0.06379676723631816,5.568379918188487,-0.5116200818115129,0.5116200818115129,11.388616919771998,5.308616919771998,5.308616919771998
2026-08-31,2028-09,call,put,jaou8_6500p,65.0,-0.0512779096538215,6.99,0.0,False,16,0.23604228769900806,0.415232766409877,-0.17919047871086893,0.06379676723631816,6.671977016299191,-0.31802298370080884,0.31802298370080884,12.688034763125982,5.698034763125982,5.698034763125982
2026-08-31,2028-09,call,put,jaou8_6750p,67.5,-0.0135375816709745,8.01,0.0,False,16,0.23604228769900806,0.415232766409877,-0.17919047871086893,0.06379676723631816,7.8796463496210585,-0.1303536503789413,0.1303536503789413,14.04751596166004,6.03751596166004,6.03751596166004
2026-08-31,2028-09,call,put,jaou8_7000p,70.0,0.0228300624999003,9.17,0.0,False,16,0.23604228769900806,0.415232766409877,-0.17919047871086893,0.06379676723631816,9.18674734104114,0.01674734104114073,0.01674734104114073,15.462418940166517,6.292418940166517,6.292418940166517
2026-08-31,2028-09,call,put,jaou8_7450p,74.5,0.0851339458360552,11.61,0.0,False,16,0.23604228769900806,0.415232766409877,-0.17919047871086893,0.06379676723631816,11.772519296510199,0.16251929651019914,0.16251929651019914,18.13659832730836,6.52659832730836,6.52659832730836
2026-08-31,2028-09,put,call,jaou8_6151c,61.51,-0.1064654163291817,12.08,0.0,False,11,0.25024942522160887,0.415232766409877,-0.16498334118826813,0.18116514473635403,11.923500581816501,-0.15649941818349866,0.15649941818349866,17.318711556440643,5.238711556440643,5.238711556440643
2026-08-31,2028-09,put,call,jaou8_6500c,65.0,-0.0512779096538215,10.13,0.0,False,11,0.25024942522160887,0.415232766409877,-0.16498334118826813,0.18116514473635403,10.275863640152922,0.1458636401529212,0.1458636401529212,15.927623221464064,5.797623221464063,5.797623221464063
2026-08-31,2028-09,put,call,jaou8_6570c,65.7,-0.0405662540588937,9.76,0.0,False,11,0.25024942522160887,0.415232766409877,-0.16498334118826813,0.18116514473635403,9.968767006867134,0.20876700686713434,0.20876700686713434,15.662934073625689,5.902934073625689,5.902934073625689
2026-08-31,2028-09,put,call,jaou8_6600c,66.0,-0.036010437523033,9.61,0.0,False,11,0.25024942522160887,0.415232766409877,-0.16498334118826813,0.18116514473635403,9.839487840518233,0.22948784051823345,0.22948784051823345,15.550908763557828,5.940908763557829,5.940908763557829
2026-08-31,2028-09,put,call,jaou8_6650c,66.5,-0.0284632318876501,9.35,0.0,False,11,0.25024942522160887,0.415232766409877,-0.16498334118826813,0.18116514473635403,9.62710604614901,0.2771060461490098,0.2771060461490098,15.366056212649507,6.016056212649508,6.016056212649508
2026-08-31,2028-09,put,call,jaou8_6775c,67.75,-0.0098407197896483,8.73,0.0,False,11,0.25024942522160887,0.415232766409877,-0.16498334118826813,0.18116514473635403,9.112795267686543,0.38279526768654293,0.38279526768654293,14.913852677645432,6.183852677645431,6.183852677645431
2026-08-31,2028-09,put,call,jaou8_7000c,70.0,0.0228300624999003,7.72,0.0,False,11,0.25024942522160887,0.415232766409877,-0.16498334118826813,0.18116514473635403,8.24532621924394,0.525326219243941,0.525326219243941,14.134206851970252,6.414206851970252,6.414206851970252
2026-08-31,2028-09,put,call,jaou8_7110c,71.1,0.0384221572597363,7.27,0.0,False,11,0.25024942522160887,0.415232766409877,-0.16498334118826813,0.18116514473635403,7.847583127600289,0.5775831276002892,0.5775831276002892,13.768377326692631,6.498377326692632,6.498377326692632
2026-08-31,2028-09,put,call,jaou8_7275c,72.75,0.0613637265021431,6.64,0.0,False,11,0.25024942522160887,0.415232766409877,-0.16498334118826813,0.18116514473635403,7.282120079549561,0.642120079549561,0.642120079549561,13.237563515015212,6.597563515015213,6.597563515015213
2026-08-31,2028-09,put,call,jaou8_7340c,73.4,0.0702587560710113,6.41,0.0,False,11,0.25024942522160887,0.415232766409877,-0.16498334118826813,0.18116514473635403,7.06932540459392,0.6593254045939201,0.6593254045939201,13.034133661408282,6.6241336614082815,6.6241336614082815
2026-08-31,2028-09,put,call,jaou8_7450c,74.5,0.0851339458360552,6.03,0.0,False,11,0.25024942522160887,0.415232766409877,-0.16498334118826813,0.18116514473635403,6.721647213676831,0.6916472136768306,0.6916472136768306,12.69736574723118,6.667365747231179,6.667365747231179
2026-08-31,2028-09,put,call,jaou8_7500c,75.0,0.0918229339868517,5.87,0.0,False,11,0.25024942522160887,0.415232766409877,-0.16498334118826813,0.18116514473635403,6.568670489557066,0.6986704895570659,0.6986704895570659,12.547341305507778,6.677341305507778,6.677341305507778
2026-08-31,2028-09,put,call,jaou8_7560c,75.6,0.0997911036360286,5.68,0.0,False,11,0.25024942522160887,0.415232766409877,-0.16498334118826813,0.18116514473635403,6.3891832971810585,0.7091832971810588,0.7091832971810588,12.369817388218928,6.689817388218929,6.689817388218929
2026-08-31,2028-09,put,call,jaou8_7670c,76.7,0.1142365288237518,5.35,0.0,False,11,0.25024942522160887,0.415232766409877,-0.16498334118826813,0.18116514473635403,6.071445241629038,0.7214452416290387,0.7214452416290387,12.051162244637304,6.701162244637304,6.701162244637304
2026-08-31,2028-09,put,call,jaou8_7925c,79.25,0.1469422332079313,4.65,0.0,False,11,0.25024942522160887,0.415232766409877,-0.16498334118826813,0.18116514473635403,5.388798881298359,0.7387988812983588,0.7387988812983588,11.344823370420327,6.694823370420327,6.694823370420327
2026-08-31,2028-09,put,call,jaou8_8000c,80.0,0.1563614551244229,4.46,0.0,False,11,0.25024942522160887,0.415232766409877,-0.16498334118826813,0.18116514473635403,5.2016964464909545,0.7416964464909546,0.7416964464909546,11.145185808075148,6.685185808075148,6.685185808075148
2026-09-01,2026-09,call,put,jaou6_7400p,74.0,-0.1906914274022784,0.02,0.0,False,18,0.4932264609682934,0.4159191846500108,0.0773072763182826,0.003214712825162355,0.011893319448473605,-0.008106680551526396,0.008106680551526396,0.0020986657013502,-0.0179013342986498,0.0179013342986498
2026-09-01,2026-09,call,put,jaou6_7450p,74.5,-0.1839573952209343,0.02,0.0,False,18,0.4932264609682934,0.4159191846500108,0.0773072763182826,0.003214712825162355,0.01579421786338031,-0.0042057821366196894,0.0042057821366196894,0.0031359383861837,-0.0168640616138163,0.0168640616138163
2026-09-01,2026-09,call,put,jaou6_7500p,75.0,-0.1772684070701378,0.02,0.0,False,18,0.4932264609682934,0.4159191846500108,0.0773072763182826,0.003214712825162355,0.020778569137847924,0.0007785691378479238,0.0007785691378479238,0.0046561069584764,-0.015343893041523601,0.015343893041523601
2026-09-01,2026-09,call,put,jaou6_7600p,76.0,-0.1640231803201171,0.04,0.0,False,18,0.4932264609682934,0.4159191846500108,0.0773072763182826,0.003214712825162355,0.03500050459423143,-0.004999495405768571,0.004999495405768571,0.0096807098332425,-0.030319290166757502,0.030319290166757502
2026-09-01,2026-09,call,put,jaou6_7750p,77.5,-0.1444785842471468,0.07,0.0,False,18,0.4932264609682934,0.4159191846500108,0.0773072763182826,0.003214712825162355,0.07177267328597914,0.0017726732859791317,0.0017726732859791317,0.0247963599830506,-0.045203640016949403,0.045203640016949403
2026-09-01,2026-09,call,put,jaou6_7800p,78.0,-0.1380476939168565,0.08,0.0,False,18,0.4932264609682934,0.4159191846500108,0.0773072763182826,0.003214712825162355,0.08972737268411102,0.009727372684111016,0.009727372684111016,0.0329896799094756,-0.0470103200905244,0.0470103200905244
2026-09-01,2026-09,call,put,jaou6_8000p,80.0,-0.1127298859325666,0.18,30.0,True,18,0.4932264609682934,0.4159191846500108,0.0773072763182826,0.003214712825162355,0.20344089386257735,0.02344089386257736,0.02344089386257736,0.0936666594868283,-0.0863333405131717,0.0863333405131717
2026-09-01,2026-09,call,put,jaou6_8200p,82.0,-0.088037273342195,0.36,0.0,False,18,0.4932264609682934,0.4159191846500108,0.0773072763182826,0.003214712825162355,0.413628361074589,0.053628361074589015,0.053628361074589015,0.2278892943739643,-0.1321107056260357,0.1321107056260357
2026-09-01,2026-09,call,put,jaou6_8250p,82.5,-0.0819582272658129,0.42,0.0,False,18,0.4932264609682934,0.4159191846500108,0.0773072763182826,0.003214712825162355,0.486305732903892,0.06630573290389202,0.06630573290389202,0.2788359639658576,-0.1411640360341424,0.1411640360341424
2026-09-01,2026-09,put,call,jaou6_9100c,91.0,0.0161029859104018,2.07,0.0,False,9,0.47458580765527875,0.4159191846500108,0.058666623005267926,9.495602706496826e-05,2.032118471713432,-0.03788152828656788,0.03788152828656788,1.705557532477416,-0.3644424675225839,0.3644424675225839
2026-09-01,2026-09,put,call,jaou6_9150c,91.5,0.0215824516750274,1.89,0.0,False,9,0.47458580765527875,0.4159191846500108,0.058666623005267926,9.495602706496826e-05,1.8412316383295673,-0.048768361670432636,0.048768361670432636,1.5206002599566972,-0.36939974004330267,0.36939974004330267
2026-09-01,2026-09,put,call,jaou6_9196c,91.96,0.0265971792885324,1.74,0.0,False,9,0.47458580765527875,0.4159191846500108,0.058666623005267926,9.495602706496826e-05,1.6776711821824066,-0.06232881781759336,0.06232881781759336,1.3641672854742095,-0.3758327145257905,0.3758327145257905
2026-09-01,2026-09,put,call,jaou6_9200c,92.0,0.0270320564425921,1.73,0.0,False,9,0.47458580765527875,0.4159191846500108,0.058666623005267926,9.495602706496826e-05,1.6639828994557186,-0.06601710054428134,0.06601710054428134,1.3511733880529455,-0.37882661194705447,0.37882661194705447
2026-09-01,2026-09,put,call,jaou6_9225c,92.25,0.0297457623141883,1.65,0.0,False,9,0.47458580765527875,0.4159191846500108,0.058666623005267926,9.495602706496826e-05,1.5803342461459289,-0.06966575385407103,0.06966575385407103,1.2720270401845326,-0.3779729598154673,0.3779729598154673
2026-09-01,2026-09,put,call,jaou6_9250c,92.5,0.0324521239119313,1.58,0.0,False,9,0.47458580765527875,0.4159191846500108,0.058666623005267926,9.495602706496826e-05,1.4999225270590235,-0.08007747294097656,0.08007747294097656,1.1963800551984851,-0.38361994480151496,0.38361994480151496
2026-09-01,2026-09,put,call,jaou6_9435c,94.35,0.0522547512081109,1.12,0.0,False,9,0.47458580765527875,0.4159191846500108,0.058666623005267926,9.495602706496826e-05,0.9989286922294105,-0.12107130777058961,0.12107130777058961,0.7418904128593728,-0.37810958714062726,0.37810958714062726
2026-09-01,2026-09,put,call,jaou6_9500c,95.0,0.0591203709940926,0.99,0.0,False,9,0.47458580765527875,0.4159191846500108,0.058666623005267926,9.495602706496826e-05,0.8587790749613321,-0.1312209250386679,0.1312209250386679,0.6207441075664671,-0.36925589243353285,0.36925589243353285
2026-09-01,2026-09,put,call,jaou6_9800c,98.0,0.0902109580641237,0.54,0.0,False,9,0.47458580765527875,0.4159191846500108,0.058666623005267926,9.495602706496826e-05,0.4043657948230891,-0.13563420517691094,0.13563420517691094,0.254127882978327,-0.28587211702167303,0.28587211702167303
2026-09-01,2026-09,put,call,jaou6_10000c,100.0,0.1104136653816431,0.36,0.0,False,9,0.47458580765527875,0.4159191846500108,0.058666623005267926,9.495602706496826e-05,0.232923775067619,-0.127076224932381,0.127076224932381,0.131608533438805,-0.228391466561195,0.228391466561195
2026-09-01,2026-09,put,call,jaou6_10205c,102.05,0.1307063686494055,0.24,0.0,False,9,0.47458580765527875,0.4159191846500108,0.058666623005267926,9.495602706496826e-05,0.1272037298315341,-0.11279627016846588,0.11279627016846588,0.0632369076632883,-0.1767630923367117,0.1767630923367117
2026-09-01,2026-09,put,call,jaou6_10240c,102.4,0.1341301919989593,0.22,0.0,False,9,0.47458580765527875,0.4159191846500108,0.058666623005267926,9.495602706496826e-05,0.11427702434052066,-0.10572297565947934,0.10572297565947934,0.0555299311019984,-0.1644700688980016,0.1644700688980016
2026-09-01,2026-09,put,call,jaou6_10300c,103.0,0.1399724676231875,0.19,0.0,False,9,0.47458580765527875,0.4159191846500108,0.058666623005267926,9.495602706496826e-05,0.09485358499274713,-0.09514641500725288,0.09514641500725288,0.0443190920208392,-0.1456809079791608,0.1456809079791608
2026-09-01,2026-09,put,call,jaou6_10500c,105.0,0.1592038295510751,0.13,0.0,False,9,0.47458580765527875,0.4159191846500108,0.058666623005267926,9.495602706496826e-05,0.04981634830815173,-0.08018365169184827,0.08018365169184827,0.0201240228554071,-0.1098759771445929,0.1098759771445929
2026-09-01,2026-09,put,call,jaou6_10520c,105.2,0.1611067796971613,0.12,0.0,False,9,0.47458580765527875,0.4159191846500108,0.058666623005267926,9.495602706496826e-05,0.046620424591925905,-0.07337957540807409,0.07337957540807409,0.0185214209752599,-0.1014785790247401,0.1014785790247401
2026-09-01,2026-09,put,call,jaou6_10825c,108.25,0.1896868462761511,0.06,0.0,False,9,0.47458580765527875,0.4159191846500108,0.058666623005267926,9.495602706496826e-05,0.01627788538959794,-0.043722114610402055,0.043722114610402055,0.004536880792515,-0.055463119207485,0.055463119207485
2026-09-01,2026-09,put,call,jaou6_11000c,110.0,0.2057238451859679,0.04,0.0,False,9,0.47458580765527875,0.4159191846500108,0.058666623005267926,9.495602706496826e-05,0.008608454804724355,-0.03139154519527565,0.03139154519527565,0.0019991439023683,-0.0380008560976317,0.0380008560976317
2026-09-01,2026-09,put,call,jaou6_11500c,115.0,0.2501756077568019,0.02,0.0,False,9,0.47458580765527875,0.4159191846500108,0.058666623005267926,9.495602706496826e-05,0.001234073120408396,-0.018765926879591603,0.018765926879591603,0.0002379218664049,-0.0197620781335951,0.0197620781335951
2026-09-01,2026-10,call,put,jaov6_7200p,72.0,-0.1862385386939889,0.61,0.0,False,18,0.5030807595560289,0.4159191846500108,0.08716157490601811,0.024601427503536097,0.8531351357246457,0.24313513572464573,0.24313513572464573,0.4247210646167691,-0.18527893538323087,0.18527893538323087
2026-09-01,2026-10,call,put,jaov6_7400p,74.0,-0.1588395645058744,0.87,0.0,False,18,0.5030807595560289,0.4159191846500108,0.08716157490601811,0.024601427503536097,1.1909653219377905,0.3209653219377905,0.3209653219377905,0.6561899036612393,-0.2138100963387607,0.2138100963387607
2026-09-01,2026-10,call,put,jaov6_7450p,74.5,-0.1521055323245304,0.95,0.0,False,18,0.5030807595560289,0.4159191846500108,0.08716157490601811,0.024601427503536097,1.288811218202266,0.338811218202266,0.338811218202266,0.7269234600590382,-0.22307653994096177,0.22307653994096177
2026-09-01,2026-10,call,put,jaov6_7500p,75.0,-0.1454165441737337,1.03,5.0,True,18,0.5030807595560289,0.4159191846500108,0.08716157490601811,0.024601427503536097,1.392331945532181,0.36233194553218095,0.36233194553218095,0.8032819500729508,-0.22671804992704925,0.22671804992704925
2026-09-01,2026-10,call,put,jaov6_7600p,76.0,-0.1321713174237131,1.21,0.0,False,18,0.5030807595560289,0.4159191846500108,0.08716157490601811,0.024601427503536097,1.6169887929057847,0.4069887929057847,0.4069887929057847,0.973775537956242,-0.2362244620437579,0.2362244620437579
2026-09-01,2026-10,call,put,jaov6_7800p,78.0,-0.1061958310204525,1.67,0.0,False,18,0.5030807595560289,0.4159191846500108,0.08716157490601811,0.024601427503536097,2.1404978529270906,0.4704978529270907,0.4704978529270907,1.3934186888284237,-0.27658131117157625,0.27658131117157625
2026-09-01,2026-10,call,put,jaov6_8000p,80.0,-0.0808780230361626,2.25,30.0,True,18,0.5030807595560289,0.4159191846500108,0.08716157490601811,0.024601427503536097,2.7688537883474176,0.5188537883474176,0.5188537883474176,1.9283029540095824,-0.3216970459904176,0.3216970459904176
2026-09-01,2026-10,call,put,jaov6_8200p,82.0,-0.0561854104457911,2.98,0.0,False,18,0.5030807595560289,0.4159191846500108,0.08716157490601811,0.024601427503536097,3.5071496621658067,0.5271496621658067,0.5271496621658067,2.5885731560211243,-0.3914268439788757,0.3914268439788757
2026-09-01,2026-10,call,put,jaov6_9000p,90.0,0.0369050126202208,7.27,0.0,False,18,0.5030807595560289,0.4159191846500108,0.08716157490601811,0.024601427503536097,7.577550714086348,0.30755071408634826,0.30755071408634826,6.578099916735188,-0.6919000832648114,0.6919000832648114
2026-09-01,2026-10,put,call,jaov6_9200c,92.0,0.0588839193389961,3.42,0.0,False,9,0.4557391247926191,0.4159191846500108,0.03981994014260826,0.007312543979327582,3.1168035593774492,-0.3031964406225507,0.3031964406225507,2.6599868325121045,-0.7600131674878954,0.7600131674878954
2026-09-01,2026-10,put,call,jaov6_9225c,92.25,0.0615976252105923,3.35,0.0,False,9,0.4557391247926191,0.4159191846500108,0.03981994014260826,0.007312543979327582,3.038076712224527,-0.31192328777547296,0.31192328777547296,2.584473895383504,-0.7655261046164963,0.7655261046164963
2026-09-01,2026-10,put,call,jaov6_9348c,93.48,0.074842851960613,3.02,0.0,False,9,0.4557391247926191,0.4159191846500108,0.03981994014260826,0.007312543979327582,2.6734731586949594,-0.34652684130504063,0.34652684130504063,2.2372058008011995,-0.7827941991988006,0.7827941991988006
2026-09-01,2026-10,put,call,jaov6_9353c,93.53,0.0753775827364154,3.01,0.0,False,9,0.4557391247926191,0.4159191846500108,0.03981994014260826,0.007312543979327582,2.659431537603735,-0.3505684623962648,0.3505684623962648,2.22391590768618,-0.7860840923138199,0.7860840923138199
2026-09-01,2026-10,put,call,jaov6_9435c,94.35,0.0841066141045149,2.81,0.0,False,9,0.4557391247926191,0.4159191846500108,0.03981994014260826,0.007312543979327582,2.437533346546433,-0.372466653453567,0.372466653453567,2.01498489871232,-0.7950151012876803,0.7950151012876803
2026-09-01,2026-10,put,call,jaov6_9800c,98.0,0.1220628209605276,2.07,0.0,False,9,0.4557391247926191,0.4159191846500108,0.03981994014260826,0.007312543979327582,1.6259522753626967,-0.44404772463730313,0.44404772463730313,1.270991252015396,-0.7990087479846038,0.7990087479846038
2026-09-01,2026-10,put,call,jaov6_9911c,99.11,0.1333256867085729,1.89,0.0,False,9,0.4557391247926191,0.4159191846500108,0.03981994014260826,0.007312543979327582,1.4298730802717885,-0.4601269197282114,0.4601269197282114,1.097308634379397,-0.7926913656206029,0.7926913656206029
2026-09-01,2026-10,put,call,jaov6_9955c,99.55,0.137755372800161,1.82,0.0,False,9,0.4557391247926191,0.4159191846500108,0.03981994014260826,0.007312543979327582,1.3579429436338348,-0.46205705636616523,0.46205705636616523,1.0342347139963797,-0.7857652860036204,0.7857652860036204
2026-09-01,2026-10,put,call,jaov6_10000c,100.0,0.1422655282780471,1.75,0.0,False,9,0.4557391247926191,0.4159191846500108,0.03981994014260826,0.007312543979327582,1.2876149863760107,-0.4623850136239893,0.4623850136239893,0.973046720527501,-0.776953279472499,0.776953279472499
2026-09-01,2026-10,put,call,jaov6_10205c,102.05,0.1625582315458095,1.48,0.0,False,9,0.4557391247926191,0.4159191846500108,0.03981994014260826,0.007312543979327582,1.0056209063544295,-0.4743790936455705,0.4743790936455705,0.7326045802279773,-0.7473954197720227,0.7473954197720227
2026-09-01,2026-10,put,call,jaov6_10240c,102.4,0.1659820548953632,1.44,0.0,False,9,0.4557391247926191,0.4159191846500108,0.03981994014260826,0.007312543979327582,0.9632996538350307,-0.47670034616496926,0.47670034616496926,0.6971522741710937,-0.7428477258289062,0.7428477258289062
2026-09-01,2026-10,put,call,jaov6_10300c,103.0,0.1718243305195916,1.37,0.0,False,9,0.4557391247926191,0.4159191846500108,0.03981994014260826,0.007312543979327582,0.8943783551917697,-0.47562164480823044,0.47562164480823044,0.6399323718372424,-0.7300676281627577,0.7300676281627577
2026-09-01,2026-10,put,call,jaov6_10500c,105.0,0.191055692447479,1.17,0.0,False,9,0.4557391247926191,0.4159191846500108,0.03981994014260826,0.007312543979327582,0.6950246579530227,-0.4749753420469772,0.4749753420469772,0.479064039119079,-0.6909359608809209,0.6909359608809209
2026-09-01,2026-10,put,call,jaov6_10800c,108.0,0.2192265694141755,0.92,0.0,False,9,0.4557391247926191,0.4159191846500108,0.03981994014260826,0.007312543979327582,0.46990472673390965,-0.4500952732660904,0.4500952732660904,0.304888616143735,-0.615111383856265,0.615111383856265
2026-09-01,2026-10,put,call,jaov6_11500c,115.0,0.2820274706532059,0.54,0.0,False,9,0.4557391247926191,0.4159191846500108,0.03981994014260826,0.007312543979327582,0.1781852659899351,-0.3618147340100649,0.3618147340100649,0.0996256128047588,-0.44037438719524125,0.44037438719524125
2026-09-01,2026-10,put,call,jaov6_12100c,121.0,0.3328858878866968,0.36,0.0,False,9,0.4557391247926191,0.4159191846500108,0.03981994014260826,0.007312543979327582,0.07339833091863505,-0.2866016690813649,0.2866016690813649,0.0359839865964041,-0.32401601340359587,0.32401601340359587
2026-09-01,2026-10,put,call,jaov6_12500c,125.0,0.3654090795922569,0.28,0.0,False,9,0.4557391247926191,0.4159191846500108,0.03981994014260826,0.007312543979327582,0.039633254753613574,-0.24036674524638646,0.24036674524638646,0.0180172976650818,-0.2619827023349182,0.2619827023349182
2026-09-01,2026-10,put,call,jaov6_16000c,160.0,0.6122691575237826,0.05,0.0,False,9,0.4557391247926191,0.4159191846500108,0.03981994014260826,0.007312543979327582,0.00010007644108365931,-0.04989992355891634,0.04989992355891634,6.230370567074663e-05,-0.04993769629432926,0.04993769629432926
2026-09-01,2026-11,call,put,jaox6_7200p,72.0,-0.1569528724646107,1.69,0.0,False,16,0.47723257135355923,0.4159191846500108,0.06131338670354841,0.034911746091324546,2.111382572218293,0.4213825722182931,0.4213825722182931,1.5288406841235265,-0.16115931587647347,0.16115931587647347
2026-09-01,2026-11,call,put,jaox6_7400p,74.0,-0.1295538982764962,2.18,0.0,False,16,0.47723257135355923,0.4159191846500108,0.06131338670354841,0.034911746091324546,2.668813833597694,0.4888138335976939,0.4888138335976939,2.0135693374251,-0.16643066257490036,0.16643066257490036
2026-09-01,2026-11,call,put,jaox6_7450p,74.5,-0.1228198660951521,2.32,0.0,False,16,0.47723257135355923,0.4159191846500108,0.06131338670354841,0.034911746091324546,2.8219937994330717,0.5019937994330719,0.5019937994330719,2.149471898820777,-0.1705281011792228,0.1705281011792228
2026-09-01,2026-11,call,put,jaox6_7500p,75.0,-0.1161308779443555,2.46,3.0,True,16,0.47723257135355923,0.4159191846500108,0.06131338670354841,0.034911746091324546,2.9808150605769335,0.5208150605769335,0.5208150605769335,2.291333864750519,-0.16866613524948093,0.16866613524948093
2026-09-01,2026-11,call,put,jaox6_7600p,76.0,-0.1028856511943348,2.77,0.0,False,16,0.47723257135355923,0.4159191846500108,0.06131338670354841,0.034911746091324546,3.315560896704911,0.5455608967049108,0.5455608967049108,2.5936780135782174,-0.17632198642178265,0.17632198642178265
2026-09-01,2026-11,call,put,jaox6_7800p,78.0,-0.0769101647910742,3.49,0.0,False,16,0.47723257135355923,0.4159191846500108,0.06131338670354841,0.034911746091324546,4.054401024989667,0.5644010249896665,0.5644010249896665,3.2760419535577925,-0.21395804644220773,0.21395804644220773
2026-09-01,2026-11,call,put,jaox6_8000p,80.0,-0.0515923568067844,4.31,30.0,True,16,0.47723257135355923,0.4159191846500108,0.06131338670354841,0.034911746091324546,4.886656009570977,0.5766560095709776,0.5766560095709776,4.063704604120376,-0.24629539587962324,0.24629539587962324
2026-09-01,2026-11,call,put,jaox6_8200p,82.0,-0.0268997442164129,5.26,0.0,False,16,0.47723257135355923,0.4159191846500108,0.06131338670354841,0.034911746091324546,5.812241554214964,0.5522415542149641,0.5522415542149641,4.957102724937166,-0.3028972750628336,0.3028972750628336
2026-09-01,2026-11,call,put,jaox6_9000p,90.0,0.066190678849599,10.13,0.0,False,16,0.47723257135355923,0.4159191846500108,0.06131338670354841,0.034911746091324546,10.403979378591176,0.27397937859117505,0.27397937859117505,9.548708103069703,-0.5812918969302974,0.5812918969302974
2026-09-01,2026-11,put,call,jaox6_8950c,89.5,0.0606196338001436,4.66,0.0,False,9,0.4377617207388369,0.4159191846500108,0.02184253608882608,0.011345263515942797,4.299565586265969,-0.36043441373403073,0.36043441373403073,4.0178185110465146,-0.6421814889534856,0.6421814889534856
2026-09-01,2026-11,put,call,jaox6_9000c,90.0,0.066190678849599,4.51,0.0,False,9,0.4377617207388369,0.4159191846500108,0.02184253608882608,0.011345263515942797,4.133737956836423,-0.37626204316357637,0.37626204316357637,3.854314626983076,-0.6556853730169236,0.6556853730169236
2026-09-01,2026-11,put,call,jaox6_9025c,90.25,0.0689646057323243,4.44,0.0,False,9,0.4377617207388369,0.4159191846500108,0.02184253608882608,0.011345263515942797,4.05277402041893,-0.3872259795810704,0.3872259795810704,3.774681000080544,-0.6653189999194562,0.6653189999194562
2026-09-01,2026-11,put,call,jaox6_9100c,91.0,0.0772405150361839,4.23,0.0,False,9,0.4377617207388369,0.4159191846500108,0.02184253608882608,0.011345263515942797,3.817538096477762,-0.4124619035222383,0.4124619035222383,3.543583295032239,-0.6864167049677614,0.6864167049677614
2026-09-01,2026-11,put,call,jaox6_9196c,91.96,0.0877347084143147,3.98,0.0,False,9,0.4377617207388369,0.4159191846500108,0.02184253608882608,0.011345263515942797,3.5327730124002423,-0.44722698759975765,0.44722698759975765,3.2649356092745374,-0.7150643907254626,0.7150643907254626
2026-09-01,2026-11,put,call,jaox6_9200c,92.0,0.0881695855683743,3.97,0.0,False,9,0.4377617207388369,0.4159191846500108,0.02184253608882608,0.011345263515942797,3.521296582644986,-0.4487034173550142,0.4487034173550142,3.2537249348758626,-0.7162750651241376,0.7162750651241376
2026-09-01,2026-11,put,call,jaox6_9225c,92.25,0.0908832914399706,3.9,0.0,False,9,0.4377617207388369,0.4159191846500108,0.02184253608882608,0.011345263515942797,3.4502613716754165,-0.44973862832458344,0.44973862832458344,3.184361741826914,-0.7156382581730858,0.7156382581730858
2026-09-01,2026-11,put,call,jaox6_9348c,93.48,0.1041285181899913,3.61,0.0,False,9,0.4377617207388369,0.4159191846500108,0.02184253608882608,0.011345263515942797,3.1177782748357417,-0.4922217251642582,0.4922217251642582,2.8601791884859384,-0.7498208115140614,0.7498208115140614
2026-09-01,2026-11,put,call,jaox6_9353c,93.53,0.1046632489657935,3.6,0.0,False,9,0.4377617207388369,0.4159191846500108,0.02184253608882608,0.011345263515942797,3.104847292980529,-0.495152707019471,0.495152707019471,2.8475966260837984,-0.7524033739162017,0.7524033739162017
2026-09-01,2026-11,put,call,jaox6_9435c,94.35,0.1133922803338931,3.41,0.0,False,9,0.4377617207388369,0.4159191846500108,0.02184253608882608,0.011345263515942797,2.899088432216229,-0.5109115677837712,0.5109115677837712,2.6477406519623696,-0.7622593480376305,0.7622593480376305
2026-09-01,2026-11,put,call,jaox6_9911c,99.11,0.1626113529379511,2.53,0.0,False,9,0.4377617207388369,0.4159191846500108,0.02184253608882608,0.011345263515942797,1.9188201213550615,-0.6111798786449383,0.6111798786449383,1.7111644220747753,-0.8188355779252245,0.8188355779252245
2026-09-01,2026-11,put,call,jaox6_10000c,100.0,0.1715511945074253,2.4,0.0,False,9,0.4377617207388369,0.4159191846500108,0.02184253608882608,0.011345263515942797,1.7716106414972974,-0.6283893585027025,0.6283893585027025,1.572866060853532,-0.8271339391464678,0.8271339391464678
2026-09-01,2026-11,put,call,jaox6_10205c,102.05,0.1918438977751877,2.11,0.0,False,9,0.4377617207388369,0.4159191846500108,0.02184253608882608,0.011345263515942797,1.469625918107254,-0.6403740818927459,0.6403740818927459,1.2918440012769548,-0.8181559987230451,0.8181559987230451
2026-09-01,2026-11,put,call,jaox6_10240c,102.4,0.1952677211247414,2.07,0.0,False,9,0.4377617207388369,0.4159191846500108,0.02184253608882608,0.011345263515942797,1.4228896710403929,-0.647110328959607,0.647110328959607,1.2486242577485795,-0.8213757422514203,0.8213757422514203
2026-09-01,2026-11,put,call,jaox6_10500c,105.0,0.2203413586768574,1.77,0.0,False,9,0.4377617207388369,0.4159191846500108,0.02184253608882608,0.011345263515942797,1.115149926542996,-0.654850073457004,0.654850073457004,0.966630550437512,-0.803369449562488,0.803369449562488
2026-09-01,2026-11,put,call,jaox6_10800c,108.0,0.2485122356435538,1.49,0.0,False,9,0.4377617207388369,0.4159191846500108,0.02184253608882608,0.011345263515942797,0.8354402248068123,-0.6545597751931876,0.6545597751931876,0.7136271909457412,-0.7763728090542588,0.7763728090542588
2026-09-01,2027-03,call,put,jaoh7_6800p,68.0,-0.118266010792553,4.09,0.0,False,15,0.36784796592880203,0.4159191846500108,-0.048071218721208786,0.0041814830184703404,4.00839676637297,-0.08160323362703004,0.08160323362703004,4.901228142236869,0.8112281422368692,0.8112281422368692
2026-09-01,2027-03,call,put,jaoh7_6900p,69.0,-0.1036672113714003,4.44,0.0,False,15,0.36784796592880203,0.4159191846500108,-0.048071218721208786,0.0041814830184703404,4.387279211211969,-0.052720788788031214,0.052720788788031214,5.306025549980834,0.8660255499808338,0.8660255499808338
2026-09-01,2027-03,call,put,jaoh7_7000p,70.0,-0.0892784739193007,4.81,0.0,False,15,0.36784796592880203,0.4159191846500108,-0.048071218721208786,0.0041814830184703404,4.786740048189189,-0.023259951810810975,0.023259951810810975,5.728683009020486,0.9186830090204863,0.9186830090204863
2026-09-01,2027-03,call,put,jaoh7_7100p,71.0,-0.0750938389273442,5.2,0.0,False,15,0.36784796592880203,0.4159191846500108,-0.048071218721208786,0.0041814830184703404,5.20674042334125,0.006740423341249802,0.006740423341249802,6.16961122021732,0.9696112202173195,0.9696112202173195
2026-09-01,2027-03,call,put,jaoh7_7150p,71.5,-0.0680762662686977,5.41,0.0,False,15,0.36784796592880203,0.4159191846500108,-0.048071218721208786,0.0041814830184703404,5.424414787844492,0.014414787844492238,0.014414787844492238,6.39688413572838,0.9868841357283795,0.9868841357283795
2026-09-01,2027-03,call,put,jaoh7_7300p,73.0,-0.0473142748202685,6.05,0.0,False,15,0.36784796592880203,0.4159191846500108,-0.048071218721208786,0.0041814830184703404,6.107916496273937,0.057916496273937135,0.057916496273937135,7.105273565970332,1.0552735659703325,1.0552735659703325
2026-09-01,2027-03,call,put,jaoh7_7400p,74.0,-0.03370862276449,6.51,0.0,False,15,0.36784796592880203,0.4159191846500108,-0.048071218721208786,0.0041814830184703404,6.588736628684532,0.07873662868453213,0.07873662868453213,7.599784207814983,1.0897842078149829,1.0897842078149829
2026-09-01,2027-03,call,put,jaoh7_7450p,74.5,-0.0269745905831459,6.75,0.0,False,15,0.36784796592880203,0.4159191846500108,-0.048071218721208786,0.0041814830184703404,6.836602522205982,0.08660252220598164,0.08660252220598164,7.853439619418614,1.103439619418614,1.103439619418614
2026-09-01,2027-03,call,put,jaoh7_7500p,75.0,-0.0202856024323493,7.0,0.0,False,15,0.36784796592880203,0.4159191846500108,-0.048071218721208786,0.0041814830184703404,7.089392396405987,0.08939239640598728,0.08939239640598728,8.111309208065006,1.1113092080650055,1.1113092080650055
2026-09-01,2027-03,put,call,jaoh7_7900c,79.0,0.0316741364983617,6.8,0.0,False,9,0.36672480946413094,0.4159191846500108,-0.04919437518587988,0.00341808659552781,6.853320502988996,0.05332050298899649,0.05332050298899649,7.917175158228392,1.1171751582283918,1.1171751582283918
2026-09-01,2027-03,put,call,jaoh7_8000c,80.0,0.0442529187052219,6.43,0.0,False,9,0.36672480946413094,0.4159191846500108,-0.04919437518587988,0.00341808659552781,6.470999816021012,0.04099981602101188,0.04099981602101188,7.533531166776747,1.1035311667767473,1.1035311667767473
2026-09-01,2027-03,put,call,jaoh7_8025c,80.25,0.0473730460414654,6.34,0.0,False,9,0.36672480946413094,0.4159191846500108,-0.04919437518587988,0.00341808659552781,6.378187594176226,0.03818759417622619,0.03818759417622619,7.440040707720845,1.1000407077208454,1.1000407077208454
2026-09-01,2027-03,put,call,jaoh7_8075c,80.75,0.0535842461341062,6.17,0.0,False,9,0.36672480946413094,0.4159191846500108,-0.04919437518587988,0.00341808659552781,6.195833394242772,0.0258333942427722,0.0258333942427722,7.255860596842658,1.0858605968426582,1.0858605968426582
2026-09-01,2027-03,put,call,jaoh7_8100c,81.0,0.056675438703779,6.08,0.0,False,9,0.36672480946413094,0.4159191846500108,-0.04919437518587988,0.00341808659552781,6.1062764452007405,0.02627644520074046,0.02627644520074046,7.165232974538125,1.0852329745381253,1.0852329745381253
2026-09-01,2027-03,put,call,jaoh7_8102c,81.02,0.0569223218058847,6.07,0.0,False,9,0.36672480946413094,0.4159191846500108,-0.04919437518587988,0.00341808659552781,6.099158214324291,0.029158214324290554,0.029158214324290554,7.158027730509059,1.0880277305090589,1.0880277305090589
2026-09-01,2027-03,put,call,jaoh7_8150c,81.5,0.0628293042781572,5.91,0.0,False,9,0.36672480946413094,0.4159191846500108,-0.04919437518587988,0.00341808659552781,5.930364883820821,0.0203648838208208,0.0203648838208208,6.987036599105239,1.0770365991052389,1.0770365991052389
2026-09-01,2027-03,put,call,jaoh7_8185c,81.85,0.067114587848484,5.8,0.0,False,9,0.36672480946413094,0.4159191846500108,-0.04919437518587988,0.00341808659552781,5.809740434548367,0.009740434548366927,0.009740434548366927,6.86457813954862,1.0645781395486198,1.0645781395486198
2026-09-01,2027-03,put,call,jaoh7_8342c,83.42,0.0861143728001395,5.32,0.0,False,9,0.36672480946413094,0.4159191846500108,-0.04919437518587988,0.00341808659552781,5.293511759064297,-0.02648824093570301,0.02648824093570301,6.336730306155624,1.0167303061556234,1.0167303061556234
2026-09-01,2027-03,put,call,jaoh7_8500c,85.0,0.1048775405216567,4.88,30.0,True,9,0.36672480946413094,0.4159191846500108,-0.04919437518587988,0.00341808659552781,4.813543053913972,-0.06645694608602781,0.06645694608602781,5.841120753163579,0.9611207531635788,0.9611207531635788
2026-09-01,2027-03,put,call,jaoh7_8525c,85.25,0.1078144001949664,4.82,0.0,False,9,0.36672480946413094,0.4159191846500108,-0.04919437518587988,0.00341808659552781,4.741098253989051,-0.07890174601094913,0.07890174601094913,5.765939744007052,0.9459397440070516,0.9459397440070516
2026-09-01,2027-03,put,call,jaoh7_8575c,85.75,0.1136623700773896,4.69,0.0,False,9,0.36672480946413094,0.4159191846500108,-0.04919437518587988,0.00341808659552781,4.598999956847538,-0.09100004315246224,0.09100004315246224,5.618031796246884,0.9280317962468834,0.9280317962468834
2026-09-01,2027-03,put,call,jaoh7_8675c,86.75,0.1252567028583089,4.44,0.0,False,9,0.36672480946413094,0.4159191846500108,-0.04919437518587988,0.00341808659552781,4.325735024856151,-0.11426497514384959,0.11426497514384959,5.331973797766459,0.8919737977664584,0.8919737977664584
2026-09-01,2027-03,put,call,jaoh7_8700c,87.0,0.128134402685924,4.38,0.0,False,9,0.36672480946413094,0.4159191846500108,-0.04919437518587988,0.00341808659552781,4.259647461630509,-0.12035253836949078,0.12035253836949078,5.262495897733991,0.8824958977339907,0.8824958977339907
2026-09-01,2027-03,put,call,jaoh7_8705c,87.05,0.1287089502455383,4.37,0.0,False,9,0.36672480946413094,0.4159191846500108,-0.04919437518587988,0.00341808659552781,4.246535184655072,-0.12346481534492781,0.12346481534492781,5.248694058388192,0.8786940583881915,0.8786940583881915
2026-09-01,2027-09,call,put,jaou7_5800p,58.0,-0.2192677113831336,3.28,0.0,False,20,0.3017295434518012,0.4159191846500108,-0.11418964119820962,0.015209281828314592,2.6030700477578588,-0.676929952242141,0.676929952242141,4.89870274112771,1.6187027411277106,1.6187027411277106
2026-09-01,2027-09,call,put,jaou7_5900p,59.0,-0.2021732780238335,3.53,0.0,False,20,0.3017295434518012,0.4159191846500108,-0.11418964119820962,0.015209281828314592,2.885702873285876,-0.644297126714124,0.644297126714124,5.265652191830068,1.7356521918300678,1.7356521918300678
2026-09-01,2027-09,call,put,jaou7_6000p,60.0,-0.1853661597074523,3.79,30.0,True,20,0.3017295434518012,0.4159191846500108,-0.11418964119820962,0.015209281828314592,3.1869135557589185,-0.6030864442410815,0.6030864442410815,5.647147834215268,1.8571478342152679,1.8571478342152679
2026-09-01,2027-09,call,put,jaou7_6200p,62.0,-0.1525763368844614,4.35,0.0,False,20,0.3017295434518012,0.4159191846500108,-0.11418964119820962,0.015209281828314592,3.8457343458567603,-0.5042656541432393,0.5042656541432393,6.454665619392695,2.104665619392695,2.104665619392695
2026-09-01,2027-09,call,put,jaou7_6420p,64.2,-0.1177075112336374,5.06,0.0,False,20,0.3017295434518012,0.4159191846500108,-0.11418964119820962,0.015209281828314592,4.657930919817434,-0.4020690801825655,0.4020690801825655,7.412514643170379,2.3525146431703794,2.3525146431703794
2026-09-01,2027-09,call,put,jaou7_6500p,65.0,-0.1053234520339158,5.33,0.0,False,20,0.3017295434518012,0.4159191846500108,-0.11418964119820962,0.015209281828314592,4.9760007550613095,-0.3539992449386906,0.3539992449386906,7.777939299187612,2.4479392991876123,2.4479392991876123
2026-09-01,2027-09,call,put,jaou7_6750p,67.5,-0.0675831240510689,6.28,0.0,False,20,0.3017295434518012,0.4159191846500108,-0.11418964119820962,0.015209281828314592,6.04739408123488,-0.23260591876512038,0.23260591876512038,8.9778964090603,2.6978964090602995,2.6978964090602995
2026-09-01,2027-09,call,put,jaou7_6800p,68.0,-0.0602030167534462,6.48,0.0,False,20,0.3017295434518012,0.4159191846500108,-0.11418964119820962,0.015209281828314592,6.275599487176712,-0.20440051282328842,0.20440051282328842,9.228173447075775,2.748173447075775,2.748173447075775
2026-09-01,2027-09,call,put,jaou7_6900p,69.0,-0.0456042173322936,6.9,0.0,False,20,0.3017295434518012,0.4159191846500108,-0.11418964119820962,0.015209281828314592,6.745730359417394,-0.15426964058260673,0.15426964058260673,9.738522823410388,2.838522823410388,2.838522823410388
2026-09-01,2027-09,call,put,jaou7_7000p,70.0,-0.0312154798801941,7.34,0.0,False,20,0.3017295434518012,0.4159191846500108,-0.11418964119820962,0.015209281828314592,7.233944395938012,-0.10605560406198755,0.10605560406198755,10.262349867310302,2.9223498673103023,2.9223498673103023
2026-09-01,2027-09,call,put,jaou7_7400p,74.0,0.0243543712746166,9.31,0.0,False,20,0.3017295434518012,0.4159191846500108,-0.11418964119820962,0.015209281828314592,9.361587586500322,0.05158758650032169,0.05158758650032169,12.488854985457529,3.1788549854575283,3.1788549854575283
2026-09-01,2027-09,call,put,jaou7_7450p,74.5,0.0310884034559606,9.58,0.0,False,20,0.3017295434518012,0.4159191846500108,-0.11418964119820962,0.015209281828314592,9.646495028301931,0.06649502830193121,0.06649502830193121,12.780869753600763,3.200869753600763,3.200869753600763
2026-09-01,2027-09,call,put,jaou7_7500p,75.0,0.0377773916067574,9.86,0.0,False,20,0.3017295434518012,0.4159191846500108,-0.11418964119820962,0.015209281828314592,9.93545655200791,0.07545655200791046,0.07545655200791046,13.075739657569391,3.215739657569392,3.215739657569392
2026-09-01,2027-09,put,call,jaou7_6820c,68.2,-0.0572661570801366,10.4,0.0,False,13,0.31188502371104665,0.4159191846500108,-0.10403416093896417,0.08431656372391443,10.477104509642864,0.0771045096428633,0.0771045096428633,13.100312757697186,2.7003127576971853,2.7003127576971853
2026-09-01,2027-09,put,call,jaou7_6825c,68.25,-0.0565332878644839,10.37,0.0,False,13,0.31188502371104665,0.4159191846500108,-0.10403416093896417,0.08431656372391443,10.452787176837338,0.08278717683733916,0.08278717683733916,13.077863400621435,2.707863400621436,2.707863400621436
2026-09-01,2027-09,put,call,jaou7_6860c,68.6,-0.0514181871977135,10.19,0.0,False,13,0.31188502371104665,0.4159191846500108,-0.10403416093896417,0.08431656372391443,10.28380211966778,0.09380211966777985,0.09380211966777985,12.921631023255143,2.7316310232551437,2.7316310232551437
2026-09-01,2027-09,put,call,jaou7_6900c,69.0,-0.0456042173322936,9.97,0.0,False,13,0.31188502371104665,0.4159191846500108,-0.10403416093896417,0.08431656372391443,10.093315497729149,0.1233154977291484,0.1233154977291484,12.745045079367022,2.775045079367022,2.775045079367022
2026-09-01,2027-09,put,call,jaou7_6905c,69.05,-0.0448798420742519,9.95,0.0,False,13,0.31188502371104665,0.4159191846500108,-0.10403416093896417,0.08431656372391443,10.069701837786347,0.11970183778634791,0.11970183778634791,12.72312201470233,2.7731220147023308,2.7731220147023308
2026-09-01,2027-09,put,call,jaou7_6930c,69.3,-0.0412658157336955,9.82,0.0,False,13,0.31188502371104665,0.4159191846500108,-0.10403416093896417,0.08431656372391443,9.95228845335948,0.13228845335948058,0.13228845335948058,12.614021304831756,2.7940213048317553,2.7940213048317553
2026-09-01,2027-09,put,call,jaou7_7000c,70.0,-0.0312154798801941,9.46,0.0,False,13,0.31188502371104665,0.4159191846500108,-0.10403416093896417,0.08431656372391443,9.629307519575518,0.1693075195755167,0.1693075195755167,12.3131313124101,2.853131312410099,2.853131312410099
2026-09-01,2027-09,put,call,jaou7_7110c,71.1,-0.0156233851203579,8.92,0.0,False,13,0.31188502371104665,0.4159191846500108,-0.10403416093896417,0.08431656372391443,9.138770402385132,0.21877040238513246,0.21877040238513246,11.853731123547972,2.9337311235479717,2.9337311235479717
2026-09-01,2027-09,put,call,jaou7_7200c,72.0,-0.0030446029134977,8.49,0.0,False,13,0.31188502371104665,0.4159191846500108,-0.10403416093896417,0.08431656372391443,8.752631796750624,0.26263179675062354,0.26263179675062354,11.489688397233136,2.999688397233136,2.999688397233136
2026-09-01,2027-09,put,call,jaou7_7335c,73.35,0.0155317826594376,7.88,0.0,False,13,0.31188502371104665,0.4159191846500108,-0.10403416093896417,0.08431656372391443,8.198531043310956,0.31853104331095583,0.31853104331095583,10.962728341486809,3.082728341486809,3.082728341486809
2026-09-01,2027-09,put,call,jaou7_7400c,74.0,0.0243543712746166,7.6,0.0,False,13,0.31188502371104665,0.4159191846500108,-0.10403416093896417,0.08431656372391443,7.942267190104014,0.34226719010401396,0.34226719010401396,10.716673187129995,3.1166731871299955,3.1166731871299955
2026-09-01,2027-09,put,call,jaou7_7450c,74.5,0.0310884034559606,7.39,0.0,False,13,0.31188502371104665,0.4159191846500108,-0.10403416093896417,0.08431656372391443,7.7497090817657925,0.35970908176579286,0.35970908176579286,10.530817549844812,3.1408175498448125,3.1408175498448125
2026-09-01,2027-09,put,call,jaou7_7500c,75.0,0.0377773916067574,7.19,0.0,False,13,0.31188502371104665,0.4159191846500108,-0.10403416093896417,0.08431656372391443,7.561071225894307,0.3710712258943065,0.3710712258943065,10.347817048385028,3.157817048385028,3.157817048385028
2026-09-01,2027-09,put,call,jaou7_7542c,75.42,0.0433617699006579,7.02,0.0,False,13,0.31188502371104665,0.4159191846500108,-0.10403416093896417,0.08431656372391443,7.405609840410373,0.3856098404103738,0.3856098404103738,10.196273144906444,3.1762731449064443,3.1762731449064443
2026-09-01,2027-09,put,call,jaou7_7550c,75.5,0.0444219343254259,6.99,0.0,False,13,0.31188502371104665,0.4159191846500108,-0.10403416093896417,0.08431656372391443,7.376305533104407,0.38630553310440696,0.38630553310440696,10.167640954240367,3.177640954240367,3.177640954240367
2026-09-01,2027-09,put,call,jaou7_7600c,76.0,0.051022618356778,6.8,0.0,False,13,0.31188502371104665,0.4159191846500108,-0.10403416093896417,0.08431656372391443,7.195363119248199,0.39536311924819945,0.39536311924819945,9.990428089337671,3.1904280893376713,3.1904280893376713
2026-09-01,2027-09,put,call,jaou7_7610c,76.1,0.0523375429380869,6.76,0.0,False,13,0.31188502371104665,0.4159191846500108,-0.10403416093896417,0.08431656372391443,7.159629076600794,0.39962907660079416,0.39962907660079416,9.955324460136746,3.195324460136746,3.195324460136746
2026-09-01,2027-09,put,call,jaou7_7705c,77.05,0.0647438398365717,6.41,0.0,False,13,0.31188502371104665,0.4159191846500108,-0.10403416093896417,0.08431656372391443,6.827607365557807,0.41760736555780653,0.41760736555780653,9.627276087145278,3.2172760871452777,3.2172760871452777
2026-09-01,2027-09,put,call,jaou7_7710c,77.1,0.0653925586397307,6.39,0.0,False,13,0.31188502371104665,0.4159191846500108,-0.10403416093896417,0.08431656372391443,6.8105023447658075,0.42050234476580783,0.42050234476580783,9.610285246663889,3.220285246663889,3.220285246663889
2026-09-01,2027-09,put,call,jaou7_7725c,77.25,0.0673361938483017,6.33,0.0,False,13,0.31188502371104665,0.4159191846500108,-0.10403416093896417,0.08431656372391443,6.759406821542684,0.42940682154268384,0.42940682154268384,9.559464557010918,3.2294645570109175,3.2294645570109175
2026-09-01,2028-03,call,put,jaoh8_5740p,57.4,-0.2000645429962516,3.97,0.0,False,19,0.26602932344490426,0.4159191846500108,-0.14988986120510656,0.10443550154328539,3.2130258124876985,-0.7569741875123017,0.7569741875123017,7.023722300887577,3.053722300887577,3.053722300887577
2026-09-01,2028-03,call,put,jaoh8_5900p,59.0,-0.1725714024160528,4.42,0.0,False,19,0.26602932344490426,0.4159191846500108,-0.14988986120510656,0.10443550154328539,3.7267157232066754,-0.6932842767933245,0.6932842767933245,7.708986088775839,3.2889860887758386,3.2889860887758386
2026-09-01,2028-03,call,put,jaoh8_6000p,60.0,-0.1557642840996715,4.72,20.0,True,19,0.26602932344490426,0.4159191846500108,-0.14988986120510656,0.10443550154328539,4.071176031977295,-0.6488239680227048,0.6488239680227048,8.153087846737682,3.433087846737682,3.433087846737682
2026-09-01,2028-03,call,put,jaoh8_6165p,61.65,-0.128635616711419,5.25,0.0,False,19,0.26602932344490426,0.4159191846500108,-0.14988986120510656,0.10443550154328539,4.678914295149794,-0.5710857048502058,0.5710857048502058,8.911738761301898,3.6617387613018977,3.6617387613018977
2026-09-01,2028-03,call,put,jaoh8_6200p,62.0,-0.1229744612766807,5.37,0.0,False,19,0.26602932344490426,0.4159191846500108,-0.14988986120510656,0.10443550154328539,4.814116338496579,-0.5558836615034215,0.5558836615034215,9.076736038636383,3.7067360386363832,3.7067360386363832
2026-09-01,2028-03,call,put,jaoh8_6250p,62.5,-0.1149422895794164,5.54,0.0,False,19,0.26602932344490426,0.4159191846500108,-0.14988986120510656,0.10443550154328539,5.01106474913279,-0.5289352508672103,0.5289352508672103,9.314880140922964,3.7748801409229644,3.7748801409229644
2026-09-01,2028-03,call,put,jaoh8_6500p,65.0,-0.0757215764261351,6.44,20.0,True,19,0.26602932344490426,0.4159191846500108,-0.14988986120510656,0.10443550154328539,6.062346985521135,-0.3776530144788657,0.3776530144788657,10.547957275839314,4.107957275839314,4.107957275839314
2026-09-01,2028-03,call,put,jaoh8_6600p,66.0,-0.0604541042953466,6.83,0.0,False,19,0.26602932344490426,0.4159191846500108,-0.14988986120510656,0.10443550154328539,6.513503639867812,-0.31649636013218796,0.31649636013218796,11.060708752965104,4.2307087529651035,4.2307087529651035
2026-09-01,2028-03,call,put,jaoh8_6750p,67.5,-0.0379812484432881,7.44,0.0,False,19,0.26602932344490426,0.4159191846500108,-0.14988986120510656,0.10443550154328539,7.222380678652776,-0.2176193213472244,0.2176193213472244,11.849663079256818,4.409663079256817,4.409663079256817
2026-09-01,2028-03,call,put,jaoh8_7000p,70.0,-0.0016136042724132,8.53,0.0,False,19,0.26602932344490426,0.4159191846500108,-0.14988986120510656,0.10443550154328539,8.4872630945282,-0.042736905471798536,0.042736905471798536,13.217290409787624,4.687290409787625,4.687290409787625
2026-09-01,2028-03,call,put,jaoh8_7450p,74.5,0.0606902790637415,10.77,0.0,False,19,0.26602932344490426,0.4159191846500108,-0.14988986120510656,0.10443550154328539,11.012217857073622,0.24221785707362287,0.24221785707362287,15.83663531533544,5.066635315335441,5.066635315335441
2026-09-01,2028-03,put,call,jaoh8_6151c,61.51,-0.1309090831014954,13.26,0.0,False,11,0.27928956005975447,0.4159191846500108,-0.13662962459025635,0.10381490670314814,13.029676464165734,-0.23032353583426612,0.23032353583426612,16.874290062400956,3.614290062400956,3.614290062400956
2026-09-01,2028-03,put,call,jaoh8_6200c,62.0,-0.1229744612766807,12.97,0.0,False,11,0.27928956005975447,0.4159191846500108,-0.13662962459025635,0.10381490670314814,12.76527793706458,-0.20472206293542072,0.20472206293542072,16.647083695114326,3.677083695114325,3.677083695114325
2026-09-01,2028-03,put,call,jaoh8_6420c,64.2,-0.0881056356258567,11.68,0.0,False,11,0.27928956005975447,0.4159191846500108,-0.13662962459025635,0.10381490670314814,11.62864416633224,-0.051355833667759754,0.051355833667759754,15.660642586910312,3.980642586910312,3.980642586910312
2026-09-01,2028-03,put,call,jaoh8_6500c,65.0,-0.0757215764261351,11.23,0.0,False,11,0.27928956005975447,0.4159191846500108,-0.13662962459025635,0.10381490670314814,11.235553843089402,0.0055538430894017665,0.0055538430894017665,15.31540127497519,4.08540127497519,4.08540127497519
2026-09-01,2028-03,put,call,jaoh8_6600c,66.0,-0.0604541042953466,10.68,0.0,False,11,0.27928956005975447,0.4159191846500108,-0.13662962459025635,0.10381490670314814,10.75912332778574,0.07912332778574083,0.07912332778574083,14.89385153298696,4.2138515329869595,4.2138515329869595
2026-09-01,2028-03,put,call,jaoh8_6775c,67.75,-0.0342843865619619,9.76,0.0,False,11,0.27928956005975447,0.4159191846500108,-0.13662962459025635,0.10381490670314814,9.96461220620976,0.2046122062097595,0.2046122062097595,14.181600757749012,4.421600757749012,4.421600757749012
2026-09-01,2028-03,put,call,jaoh8_6875c,68.75,-0.0196321097750916,9.25,0.0,False,11,0.27928956005975447,0.4159191846500108,-0.13662962459025635,0.10381490670314814,9.532573254493991,0.2825732544939914,0.2825732544939914,13.789038713444686,4.539038713444686,4.539038713444686
2026-09-01,2028-03,put,call,jaoh8_6890c,68.9,-0.0174526683021592,9.17,0.0,False,11,0.27928956005975447,0.4159191846500108,-0.13662962459025635,0.10381490670314814,9.469121502816803,0.29912150281680283,0.29912150281680283,13.73105599284408,4.56105599284408,4.56105599284408
2026-09-01,2028-03,put,call,jaoh8_7000c,70.0,-0.0016136042724132,8.64,0.0,False,11,0.27928956005975447,0.4159191846500108,-0.13662962459025635,0.10381490670314814,9.014444964426001,0.37444496442600084,0.37444496442600084,13.313228313353395,4.673228313353395,4.673228313353395
2026-09-01,2028-03,put,call,jaoh8_7110c,71.1,0.0139784904874227,8.12,0.0,False,11,0.27928956005975447,0.4159191846500108,-0.13662962459025635,0.10381490670314814,8.578186536088324,0.45818653608832527,0.45818653608832527,12.90775600304839,4.787756003048392,4.787756003048392
2026-09-01,2028-03,put,call,jaoh8_7275c,72.75,0.0369200597298296,7.38,0.0,False,11,0.27928956005975447,0.4159191846500108,-0.13662962459025635,0.10381490670314814,7.957365061382412,0.5773650613824124,0.5773650613824124,12.321551571291929,4.941551571291929,4.941551571291929
2026-09-01,2028-03,put,call,jaoh8_7340c,73.4,0.0458150892986977,7.1,0.0,False,11,0.27928956005975447,0.4159191846500108,-0.13662962459025635,0.10381490670314814,7.723565244417434,0.623565244417434,0.623565244417434,12.097831808735656,4.997831808735656,4.997831808735656
2026-09-01,2028-03,put,call,jaoh8_7450c,74.5,0.0606902790637415,6.66,0.0,False,11,0.27928956005975447,0.4159191846500108,-0.13662962459025635,0.10381490670314814,7.34137756512072,0.6813775651207195,0.6813775651207195,11.728217732888115,5.068217732888115,5.068217732888115
2026-09-01,2028-03,put,call,jaoh8_7475c,74.75,0.0640403659490236,6.56,0.0,False,11,0.27928956005975447,0.4159191846500108,-0.13662962459025635,0.10381490670314814,7.256838009333348,0.6968380093333488,0.6968380093333488,11.645670108535173,5.085670108535173,5.085670108535173
2026-09-01,2028-03,put,call,jaoh8_7500c,75.0,0.0673792672145381,6.46,40.0,True,11,0.27928956005975447,0.4159191846500108,-0.13662962459025635,0.10381490670314814,7.1731459268087985,0.7131459268087985,0.7131459268087985,11.563658460142566,5.103658460142566,5.103658460142566
2026-09-01,2028-03,put,call,jaoh8_7550c,75.5,0.0740238099332067,6.27,0.0,False,11,0.27928956005975447,0.4159191846500108,-0.13662962459025635,0.10381490670314814,7.008281010646471,0.738281010646471,0.738281010646471,11.4012908592503,5.131290859250301,5.131290859250301
2026-09-01,2028-03,put,call,jaoh8_7670c,76.7,0.0897928620514381,5.85,0.0,False,11,0.27928956005975447,0.4159191846500108,-0.13662962459025635,0.10381490670314814,6.626062492290959,0.7760624922909596,0.7760624922909596,11.020707120882443,5.170707120882444,5.170707120882444
2026-09-01,2028-03,put,call,jaoh8_7700c,77.0,0.0936965755319116,5.75,0.0,False,11,0.27928956005975447,0.4159191846500108,-0.13662962459025635,0.10381490670314814,6.533420087913267,0.7834200879132673,0.7834200879132673,10.927526286493505,5.177526286493505,5.177526286493505
2026-09-01,2028-03,put,call,jaoh8_7775c,77.75,0.1033897047375712,5.51,0.0,False,11,0.27928956005975447,0.4159191846500108,-0.13662962459025635,0.10381490670314814,6.306799078676034,0.7967990786760346,0.7967990786760346,10.698001129715363,5.188001129715364,5.188001129715364
2026-09-01,2028-09,call,put,jaou8_5000p,50.0,-0.3180172722478534,3.0,0.0,False,16,0.24050681473475824,0.4159191846500108,-0.17541236991525258,0.14022041449223205,1.7308304798978824,-1.2691695201021176,1.2691695201021176,5.801897509580052,2.8018975095800522,2.8018975095800522
2026-09-01,2028-09,call,put,jaou8_5500p,55.0,-0.2227070924435286,4.15,0.0,False,16,0.24050681473475824,0.4159191846500108,-0.17541236991525258,0.14022041449223205,2.9614640612825784,-1.188535938717422,1.188535938717422,7.798935782949714,3.6489357829497138,3.6489357829497138
2026-09-01,2028-09,call,put,jaou8_5700p,57.0,-0.1869890098414494,4.69,0.0,False,16,0.24050681473475824,0.4159191846500108,-0.17541236991525258,0.14022041449223205,3.572911851639276,-1.1170881483607245,1.1170881483607245,8.676177661460526,3.986177661460526,3.986177661460526
2026-09-01,2028-09,call,put,jaou8_5740p,57.4,-0.1799959743504788,4.8,0.0,False,16,0.24050681473475824,0.4159191846500108,-0.17541236991525258,0.14022041449223205,3.7035327921031893,-1.0964672078968105,1.0964672078968105,8.856771814895383,4.0567718148953835,4.0567718148953835
2026-09-01,2028-09,call,put,jaou8_6165p,61.65,-0.1085670480656461,6.06,0.0,False,16,0.24050681473475824,0.4159191846500108,-0.17541236991525258,0.14022041449223205,5.262790445990377,-0.7972095540096227,0.7972095540096227,10.876796098190702,4.816796098190703,4.816796098190703
2026-09-01,2028-09,call,put,jaou8_6200p,62.0,-0.102905892630908,6.17,0.0,False,16,0.24050681473475824,0.4159191846500108,-0.17541236991525258,0.14022041449223205,5.405059139977316,-0.7649408600226844,0.7649408600226844,11.051144474978129,4.881144474978129,4.881144474978129
2026-09-01,2028-09,call,put,jaou8_6250p,62.5,-0.0948737209336436,6.33,0.0,False,16,0.24050681473475824,0.4159191846500108,-0.17541236991525258,0.14022041449223205,5.6119112804256135,-0.7180887195743866,0.7180887195743866,11.302284621359837,4.972284621359837,4.972284621359837
2026-09-01,2028-09,call,put,jaou8_6500p,65.0,-0.0556530077803624,7.18,20.0,True,16,0.24050681473475824,0.4159191846500108,-0.17541236991525258,0.14022041449223205,6.709078730839824,-0.4709212691601756,0.4709212691601756,12.594097420473158,5.4140974204731585,5.4140974204731585
2026-09-01,2028-09,call,put,jaou8_6750p,67.5,-0.0179126797975153,8.13,0.0,False,16,0.24050681473475824,0.4159191846500108,-0.17541236991525258,0.14022041449223205,7.908372038910953,-0.22162796108904814,0.22162796108904814,13.945925835522976,5.815925835522975,5.815925835522975
2026-09-01,2028-09,call,put,jaou8_7000p,70.0,0.0184549643733595,9.21,0.0,False,16,0.24050681473475824,0.4159191846500108,-0.17541236991525258,0.14022041449223205,9.205336497169057,-0.004663502830943855,0.004663502830943855,15.353306447826949,6.143306447826948,6.143306447826948
2026-09-01,2028-09,call,put,jaou8_7450p,74.5,0.0807588477095143,11.51,0.0,False,16,0.24050681473475824,0.4159191846500108,-0.17541236991525258,0.14022041449223205,11.769159525411418,0.25915952541141785,0.25915952541141785,18.014221912586247,6.504221912586248,6.504221912586248
2026-09-01,2028-09,put,call,jaou8_6151c,61.51,-0.1108405144557226,12.64,0.0,False,11,0.2600654408089204,0.4159191846500108,-0.1558537438410904,0.32249290951147597,12.405466255774972,-0.23453374422502904,0.23453374422502904,17.503871492298618,4.8638714922986175,4.8638714922986175
2026-09-01,2028-09,put,call,jaou8_6500c,65.0,-0.0556530077803624,10.6,0.0,False,11,0.2600654408089204,0.4159191846500108,-0.1558537438410904,0.32249290951147597,10.763465676520555,0.16346567652055555,0.16346567652055555,16.10522668199123,5.50522668199123,5.50522668199123
2026-09-01,2028-09,put,call,jaou8_6570c,65.7,-0.0449413521854346,10.21,0.0,False,11,0.2600654408089204,0.4159191846500108,-0.1558537438410904,0.32249290951147597,10.456613048536058,0.24661304853605692,0.24661304853605692,15.838952523672054,5.628952523672053,5.628952523672053
2026-09-01,2028-09,put,call,jaou8_6600c,66.0,-0.0403855356495739,10.05,0.0,False,11,0.2600654408089204,0.4159191846500108,-0.1558537438410904,0.32249290951147597,10.327349866639207,0.2773498666392058,0.2773498666392058,15.72626812871517,5.676268128715169,5.676268128715169
2026-09-01,2028-09,put,call,jaou8_6650c,66.5,-0.032838330014191,9.78,0.0,False,11,0.2600654408089204,0.4159191846500108,-0.1558537438410904,0.32249290951147597,10.114877874954553,0.3348778749545538,0.3348778749545538,15.540309601171233,5.760309601171233,5.760309601171233
2026-09-01,2028-09,put,call,jaou8_6775c,67.75,-0.0142158179161892,9.12,0.0,False,11,0.2600654408089204,0.4159191846500108,-0.1558537438410904,0.32249290951147597,9.599713482053106,0.47971348205310704,0.47971348205310704,15.08541009540818,5.965410095408181,5.965410095408181
2026-09-01,2028-09,put,call,jaou8_7000c,70.0,0.0184549643733595,8.03,0.0,False,11,0.2600654408089204,0.4159191846500108,-0.1558537438410904,0.32249290951147597,8.728535078180318,0.6985350781803188,0.6985350781803188,14.300894294204522,6.270894294204522,6.270894294204522
2026-09-01,2028-09,put,call,jaou8_7110c,71.1,0.0340470591331956,7.54,0.0,False,11,0.2600654408089204,0.4159191846500108,-0.1558537438410904,0.32249290951147597,8.3280160747327,0.7880160747326999,0.7880160747326999,13.932764799329066,6.392764799329066,6.392764799329066
2026-09-01,2028-09,put,call,jaou8_7275c,72.75,0.0569886283756023,6.86,0.0,False,11,0.2600654408089204,0.4159191846500108,-0.1558537438410904,0.32249290951147597,7.757285668580529,0.8972856685805288,0.8972856685805288,13.398549176938692,6.538549176938692,6.538549176938692
2026-09-01,2028-09,put,call,jaou8_7340c,73.4,0.0658836579444704,6.61,0.0,False,11,0.2600654408089204,0.4159191846500108,-0.1558537438410904,0.32249290951147597,7.542072076634363,0.9320720766343626,0.9320720766343626,13.193767586138817,6.5837675861388165,6.5837675861388165
2026-09-01,2028-09,put,call,jaou8_7450c,74.5,0.0807588477095143,6.21,0.0,False,11,0.2600654408089204,0.4159191846500108,-0.1558537438410904,0.32249290951147597,7.189883898809715,0.9798838988097147,0.9798838988097147,12.854622485337371,6.644622485337371,6.644622485337371
2026-09-01,2028-09,put,call,jaou8_7500c,75.0,0.0874478358603109,6.03,40.0,True,11,0.2600654408089204,0.4159191846500108,-0.1558537438410904,0.32249290951147597,7.034691554724658,1.0046915547246575,1.0046915547246575,12.703530877825276,6.673530877825276,6.673530877825276
2026-09-01,2028-09,put,call,jaou8_7560c,75.6,0.0954160055094876,5.83,0.0,False,11,0.2600654408089204,0.4159191846500108,-0.1558537438410904,0.32249290951147597,6.852415054189968,1.0224150541899677,1.0224150541899677,12.524708199570547,6.694708199570547,6.694708199570547
2026-09-01,2028-09,put,call,jaou8_7670c,76.7,0.1098614306972109,5.49,0.0,False,11,0.2600654408089204,0.4159191846500108,-0.1558537438410904,0.32249290951147597,6.529210723099455,1.0392107230994547,1.0392107230994547,12.203738137411074,6.713738137411074,6.713738137411074
2026-09-01,2028-09,put,call,jaou8_7925c,79.25,0.1425671350813905,4.78,0.0,False,11,0.2600654408089204,0.4159191846500108,-0.1558537438410904,0.32249290951147597,5.832305803027667,1.052305803027667,1.052305803027667,11.49223137965874,6.71223137965874,6.71223137965874
2026-09-01,2028-09,put,call,jaou8_8000c,80.0,0.1519863569978821,4.59,0.0,False,11,0.2600654408089204,0.4159191846500108,-0.1558537438410904,0.32249290951147597,5.6406338210887785,1.0506338210887787,1.0506338210887787,11.291147845454748,6.701147845454749,6.701147845454749
2026-09-02,2026-09,call,put,jaou6_7600p,76.0,-0.171623588076285,0.02,0.0,False,17,0.4672778011594045,0.4158493749372105,0.05142842622219396,0.0024417560828790784,0.010595751733736947,-0.009404248266263054,0.009404248266263054,0.003467489689304,-0.016532510310696,0.016532510310696
2026-09-02,2026-09,call,put,jaou6_7750p,77.5,-0.1520789920033148,0.04,0.0,False,17,0.4672778011594045,0.4158493749372105,0.05142842622219396,0.0024417560828790784,0.02587525926753642,-0.01412474073246358,0.01412474073246358,0.0102132063067568,-0.0297867936932432,0.0297867936932432
2026-09-02,2026-09,call,put,jaou6_7800p,78.0,-0.1456481016730243,0.05,0.0,False,17,0.4672778011594045,0.4158493749372105,0.05142842622219396,0.0024417560828790784,0.034121511599062515,-0.015878488400937488,0.015878488400937488,0.01424815030804,-0.035751849691960005,0.035751849691960005
2026-09-02,2026-09,call,put,jaou6_8000p,80.0,-0.1203302936887345,0.1,30.0,True,17,0.4672778011594045,0.4158493749372105,0.05142842622219396,0.0024417560828790784,0.0936594943307334,-0.006340505669266611,0.006340505669266611,0.0483039287247385,-0.051696071275261504,0.051696071275261504
2026-09-02,2026-09,call,put,jaou6_8200p,82.0,-0.095637681098363,0.22,0.0,False,17,0.4672778011594045,0.4158493749372105,0.05142842622219396,0.0024417560828790784,0.22317397617936585,0.0031739761793658505,0.0031739761793658505,0.1370574295412393,-0.08294257045876069,0.08294257045876069
2026-09-02,2026-09,call,put,jaou6_8250p,82.5,-0.0895586350219807,0.26,0.0,False,17,0.4672778011594045,0.4158493749372105,0.05142842622219396,0.0024417560828790784,0.2717575300037538,0.011757530003753791,0.011757530003753791,0.1731217866321027,-0.0868782133678973,0.0868782133678973
2026-09-02,2026-09,put,call,jaou6_9100c,91.0,0.0085025781542339,2.11,0.0,False,6,0.4663403435761319,0.4158493749372105,0.050490968638921385,0.00011997925594221355,2.154797634984219,0.04479763498421896,0.04479763498421896,1.8875415158856472,-0.22245848411435265,0.22245848411435265
2026-09-02,2026-09,put,call,jaou6_9150c,91.5,0.0139820439188595,1.91,0.0,False,6,0.4663403435761319,0.4158493749372105,0.050490968638921385,0.00011997925594221355,1.9462199741975965,0.036219974197596594,0.036219974197596594,1.6821004092230931,-0.2278995907769068,0.2278995907769068
2026-09-02,2026-09,put,call,jaou6_9196c,91.96,0.0189967715323645,1.74,0.0,False,6,0.4663403435761319,0.4158493749372105,0.050490968638921385,0.00011997925594221355,1.7676132918361045,0.027613291836104503,0.027613291836104503,1.5075645277771732,-0.2324354722228268,0.2324354722228268
2026-09-02,2026-09,put,call,jaou6_9200c,92.0,0.0194316486864241,1.73,0.0,False,6,0.4663403435761319,0.4158493749372105,0.050490968638921385,0.00011997925594221355,1.7526729861063168,0.02267298610631685,0.02267298610631685,1.493072502302467,-0.23692749769753307,0.23692749769753307
2026-09-02,2026-09,put,call,jaou6_9225c,92.25,0.0221453545580203,1.65,0.0,False,6,0.4663403435761319,0.4158493749372105,0.050490968638921385,0.00011997925594221355,1.6614042658119472,0.011404265811947312,0.011404265811947312,1.4047839884732638,-0.2452160115267361,0.2452160115267361
2026-09-02,2026-09,put,call,jaou6_9250c,92.5,0.0248517161557634,1.56,0.0,False,6,0.4663403435761319,0.4158493749372105,0.050490968638921385,0.00011997925594221355,1.5737261468232362,0.01372614682323614,0.01372614682323614,1.320477223229403,-0.23952277677059697,0.23952277677059697
2026-09-02,2026-09,put,call,jaou6_9435c,94.35,0.0446543434519429,1.06,0.0,False,6,0.4663403435761319,0.4158493749372105,0.050490968638921385,0.00011997925594221355,1.0296919453779818,-0.030308054622018243,0.030308054622018243,0.8115067111272714,-0.2484932888727287,0.2484932888727287
2026-09-02,2026-09,put,call,jaou6_9500c,95.0,0.0515199632379246,0.92,0.0,False,6,0.4663403435761319,0.4158493749372105,0.050490968638921385,0.00011997925594221355,0.8786374187841635,-0.04136258121583658,0.04136258121583658,0.6755784054405011,-0.24442159455949897,0.24442159455949897
2026-09-02,2026-09,put,call,jaou6_9800c,98.0,0.0826105503079557,0.48,0.0,False,6,0.4663403435761319,0.4158493749372105,0.050490968638921385,0.00011997925594221355,0.39629462679318456,-0.08370537320681543,0.08370537320681543,0.266966789236664,-0.21303321076333598,0.21303321076333598
2026-09-02,2026-09,put,call,jaou6_10000c,100.0,0.1028132576254751,0.3,0.0,False,6,0.4663403435761319,0.4158493749372105,0.050490968638921385,0.00011997925594221355,0.22011008107933366,-0.07988991892066633,0.07988991892066633,0.1327203216632315,-0.1672796783367685,0.1672796783367685
2026-09-02,2026-09,put,call,jaou6_10205c,102.05,0.1231059608932376,0.19,0.0,False,6,0.4663403435761319,0.4158493749372105,0.050490968638921385,0.00011997925594221355,0.11508119177249496,-0.07491880822750505,0.07491880822750505,0.0604967667817127,-0.1295032332182873,0.1295032332182873
2026-09-02,2026-09,put,call,jaou6_10240c,102.4,0.1265297842427912,0.17,0.0,False,6,0.4663403435761319,0.4158493749372105,0.050490968638921385,0.00011997925594221355,0.10255729090700216,-0.06744270909299785,0.06744270909299785,0.0525662755602808,-0.11743372443971922,0.11743372443971922
2026-09-02,2026-09,put,call,jaou6_10300c,103.0,0.1323720598670195,0.15,0.0,False,6,0.4663403435761319,0.4158493749372105,0.050490968638921385,0.00011997925594221355,0.08392474620094163,-0.06607525379905836,0.06607525379905836,0.0411808009340868,-0.1088191990659132,0.1088191990659132
2026-09-02,2026-09,put,call,jaou6_10500c,105.0,0.1516034217949073,0.09,0.0,False,6,0.4663403435761319,0.4158493749372105,0.050490968638921385,0.00011997925594221355,0.0418856678217824,-0.048114332178217596,0.048114332178217596,0.017811129810043,-0.072188870189957,0.072188870189957
2026-09-02,2026-09,put,call,jaou6_10520c,105.2,0.1535063719409933,0.09,0.0,False,6,0.4663403435761319,0.4158493749372105,0.050490968638921385,0.00011997925594221355,0.038987542809938776,-0.05101245719006122,0.05101245719006122,0.0163317539474891,-0.0736682460525109,0.0736682460525109
2026-09-02,2026-09,put,call,jaou6_10825c,108.25,0.1820864385199831,0.04,0.0,False,6,0.4663403435761319,0.4158493749372105,0.050490968638921385,0.00011997925594221355,0.012457472810513294,-0.027542527189486708,0.027542527189486708,0.0040664883133134,-0.0359335116866866,0.0359335116866866
2026-09-02,2026-09,put,call,jaou6_11000c,110.0,0.1981234374298001,0.03,0.0,False,6,0.4663403435761319,0.4158493749372105,0.050490968638921385,0.00011997925594221355,0.00622915456835747,-0.02377084543164253,0.02377084543164253,0.0017186045260066,-0.028281395473993397,0.028281395473993397
2026-09-02,2026-10,call,put,jaov6_7200p,72.0,-0.1912879720844186,0.51,0.0,False,19,0.48934614451927044,0.4158493749372105,0.07349676958205992,0.022291121273670018,0.7012696518741599,0.1912696518741599,0.1912696518741599,0.3721563113970466,-0.13784368860295343,0.13784368860295343
2026-09-02,2026-10,call,put,jaov6_7400p,74.0,-0.1638889978963041,0.72,0.0,False,19,0.48934614451927044,0.4158493749372105,0.07349676958205992,0.022291121273670018,1.0014330206100208,0.28143302061002085,0.28143302061002085,0.5830590218893362,-0.13694097811066375,0.13694097811066375
2026-09-02,2026-10,call,put,jaov6_7450p,74.5,-0.15715496571496,0.79,0.0,False,19,0.48934614451927044,0.4158493749372105,0.07349676958205992,0.022291121273670018,1.0894433071670058,0.29944330716700573,0.29944330716700573,0.6479077962242383,-0.1420922037757617,0.1420922037757617
2026-09-02,2026-10,call,put,jaov6_7500p,75.0,-0.1504659775641635,0.87,0.0,False,19,0.48934614451927044,0.4158493749372105,0.07349676958205992,0.022291121273670018,1.183001710147181,0.31300171014718103,0.31300171014718103,0.7182551644506627,-0.15174483554933726,0.15174483554933726
2026-09-02,2026-10,call,put,jaov6_7600p,76.0,-0.1372207508141429,1.03,0.0,False,19,0.48934614451927044,0.4158493749372105,0.07349676958205992,0.022291121273670018,1.3874410083814404,0.35744100838144033,0.35744100838144033,0.8761006457731404,-0.15389935422685963,0.15389935422685963
2026-09-02,2026-10,call,put,jaov6_7800p,78.0,-0.1112452644108822,1.44,0.0,False,19,0.48934614451927044,0.4158493749372105,0.07349676958205992,0.022291121273670018,1.8699751459567686,0.42997514595676867,0.42997514595676867,1.2676740483237738,-0.1723259516762261,0.1723259516762261
2026-09-02,2026-10,call,put,jaov6_8000p,80.0,-0.0859274564265922,1.98,30.0,True,19,0.48934614451927044,0.4158493749372105,0.07349676958205992,0.022291121273670018,2.457847999342852,0.47784799934285216,0.47784799934285216,1.7724399775451862,-0.20756002245481375,0.20756002245481375
2026-09-02,2026-10,call,put,jaov6_8200p,82.0,-0.0612348438362208,2.65,0.0,False,19,0.48934614451927044,0.4158493749372105,0.07349676958205992,0.022291121273670018,3.157534640477455,0.5075346404774552,0.5075346404774552,2.400799683473088,-0.24920031652691188,0.24920031652691188
2026-09-02,2026-10,call,put,jaov6_9000p,90.0,0.031855579229791,6.81,0.0,False,19,0.48934614451927044,0.4158493749372105,0.07349676958205992,0.022291121273670018,7.112069511391116,0.3020695113911165,0.3020695113911165,6.268166475978108,-0.5418335240218912,0.5418335240218912
2026-09-02,2026-10,put,call,jaov6_9200c,92.0,0.0538344859485662,3.38,0.0,False,9,0.4442195204716667,0.4158493749372105,0.02837014553445616,0.006196067248845662,3.095923190159231,-0.2840768098407689,0.2840768098407689,2.7615885453698814,-0.6184114546301185,0.6184114546301185
2026-09-02,2026-10,put,call,jaov6_9225c,92.25,0.0565481918201625,3.3,0.0,False,9,0.4442195204716667,0.4158493749372105,0.02837014553445616,0.006196067248845662,3.0152309502522416,-0.2847690497477582,0.2847690497477582,2.683245464673208,-0.616754535326792,0.616754535326792
2026-09-02,2026-10,put,call,jaov6_9348c,93.48,0.0697934185701832,2.97,0.0,False,9,0.4442195204716667,0.4158493749372105,0.02837014553445616,0.006196067248845662,2.6420961633162645,-0.3279038366837357,0.3279038366837357,2.322760832075056,-0.6472391679249441,0.6472391679249441
2026-09-02,2026-10,put,call,jaov6_9353c,93.53,0.0703281493459857,2.96,0.0,False,9,0.4442195204716667,0.4158493749372105,0.02837014553445616,0.006196067248845662,2.627746795833956,-0.33225320416604376,0.33225320416604376,2.308961581507712,-0.6510384184922882,0.6510384184922882
2026-09-02,2026-10,put,call,jaov6_9435c,94.35,0.0790571807140851,2.75,0.0,False,9,0.4442195204716667,0.4158493749372105,0.02837014553445616,0.006196067248845662,2.4012201190750773,-0.34877988092492274,0.34877988092492274,2.091823196382628,-0.6581768036173719,0.6581768036173719
2026-09-02,2026-10,put,call,jaov6_9700c,97.0,0.1067568874029088,2.19,0.0,False,9,0.4442195204716667,0.4158493749372105,0.02837014553445616,0.006196067248845662,1.7753620913763413,-0.4146379086236587,0.4146379086236587,1.5010362172664369,-0.6889637827335631,0.6889637827335631
2026-09-02,2026-10,put,call,jaov6_9800c,98.0,0.117013387570098,2.0,0.0,False,9,0.4442195204716667,0.4158493749372105,0.02837014553445616,0.006196067248845662,1.577620943650418,-0.42237905634958195,0.42237905634958195,1.318066633371323,-0.6819333666286771,0.6819333666286771
2026-09-02,2026-10,put,call,jaov6_9911c,99.11,0.1282762533181431,1.82,0.0,False,9,0.4442195204716667,0.4158493749372105,0.02837014553445616,0.006196067248845662,1.3802323590558285,-0.43976764094417153,0.43976764094417153,1.137467418331758,-0.6825325816682422,0.6825325816682422
2026-09-02,2026-10,put,call,jaov6_9955c,99.55,0.1327059394097312,1.75,0.0,False,9,0.4442195204716667,0.4158493749372105,0.02837014553445616,0.006196067248845662,1.308031138765257,-0.441968861234743,0.441968861234743,1.0718692263826055,-0.6781307736173945,0.6781307736173945
2026-09-02,2026-10,put,call,jaov6_10000c,100.0,0.1372160948876175,1.69,0.0,False,9,0.4442195204716667,0.4158493749372105,0.02837014553445616,0.006196067248845662,1.2375591501174257,-0.45244084988257427,0.45244084988257427,1.0081456122840218,-0.6818543877159782,0.6818543877159782
2026-09-02,2026-10,put,call,jaov6_10205c,102.05,0.1575087981553798,1.41,0.0,False,9,0.4442195204716667,0.4158493749372105,0.02837014553445616,0.006196067248845662,0.9563869181697595,-0.4536130818302404,0.4536130818302404,0.7580729549737009,-0.6519270450262991,0.6519270450262991
2026-09-02,2026-10,put,call,jaov6_10240c,102.4,0.1609326215049335,1.37,0.0,False,9,0.4442195204716667,0.4158493749372105,0.02837014553445616,0.006196067248845662,0.9144134427993557,-0.45558655720064445,0.45558655720064445,0.7212343163653586,-0.6487656836346415,0.6487656836346415
2026-09-02,2026-10,put,call,jaov6_10300c,103.0,0.1667748971291617,1.3,0.0,False,9,0.4442195204716667,0.4158493749372105,0.02837014553445616,0.006196067248845662,0.8462054002509144,-0.45379459974908565,0.45379459974908565,0.6617192827848515,-0.6382807172151486,0.6382807172151486
2026-09-02,2026-10,put,call,jaov6_10500c,105.0,0.1860062590570493,1.1,0.0,False,9,0.4442195204716667,0.4158493749372105,0.02837014553445616,0.006196067248845662,0.6501022367700382,-0.4498977632299619,0.4498977632299619,0.4943178459072384,-0.6056821540927617,0.6056821540927617
2026-09-02,2026-10,put,call,jaov6_10800c,108.0,0.2141771360237457,0.86,0.0,False,9,0.4442195204716667,0.4158493749372105,0.02837014553445616,0.006196067248845662,0.4314415436077665,-0.4285584563922335,0.4285584563922335,0.3137343969891223,-0.5462656030108777,0.5462656030108777
2026-09-02,2026-10,put,call,jaov6_11500c,115.0,0.2769780372627761,0.5,0.0,False,9,0.4442195204716667,0.4158493749372105,0.02837014553445616,0.006196067248845662,0.15570361925405674,-0.34429638074594326,0.34429638074594326,0.1014546550090117,-0.3985453449909883,0.3985453449909883
2026-09-02,2026-10,put,call,jaov6_12100c,121.0,0.3278364544962671,0.32,0.0,False,9,0.4442195204716667,0.4158493749372105,0.02837014553445616,0.006196067248845662,0.06109796824657132,-0.2589020317534287,0.2589020317534287,0.0362575359933538,-0.2837424640066462,0.2837424640066462
2026-09-02,2026-10,put,call,jaov6_12500c,125.0,0.3603596462018271,0.25,0.0,False,9,0.4442195204716667,0.4158493749372105,0.02837014553445616,0.006196067248845662,0.03185143894237511,-0.2181485610576249,0.2181485610576249,0.0179921232518288,-0.2320078767481712,0.2320078767481712
2026-09-02,2026-10,put,call,jaov6_16000c,160.0,0.607219724133353,0.04,0.0,False,9,0.4442195204716667,0.4158493749372105,0.02837014553445616,0.006196067248845662,5.521850664955447e-05,-0.03994478149335045,0.03994478149335045,5.760507558197836e-05,-0.03994239492441802,0.03994239492441802
2026-09-02,2026-11,call,put,jaox6_7200p,72.0,-0.159662671734774,1.53,0.0,False,17,0.4682764396951736,0.4158493749372105,0.05242706475796305,0.035568496992451314,1.944669047706821,0.4146690477068209,0.4146690477068209,1.4627725840657704,-0.06722741593422965,0.06722741593422965
2026-09-02,2026-11,call,put,jaox6_7400p,74.0,-0.1322636975466596,1.99,0.0,False,17,0.4682764396951736,0.4158493749372105,0.05242706475796305,0.035568496992451314,2.4796116921094473,0.4896116921094473,0.4896116921094473,1.9342007355954776,-0.05579926440452243,0.05579926440452243
2026-09-02,2026-11,call,put,jaox6_7450p,74.5,-0.1255296653653155,2.13,0.0,False,17,0.4682764396951736,0.4158493749372105,0.05242706475796305,0.035568496992451314,2.627274177824509,0.4972741778245089,0.4972741778245089,2.0668163942251248,-0.06318360577487514,0.06318360577487514
2026-09-02,2026-11,call,put,jaox6_7500p,75.0,-0.1188406772145189,2.26,0.0,False,17,0.4682764396951736,0.4158493749372105,0.05242706475796305,0.035568496992451314,2.7806379864630397,0.5206379864630399,0.5206379864630399,2.2053281804973883,-0.05467181950261146,0.05467181950261146
2026-09-02,2026-11,call,put,jaox6_7600p,76.0,-0.1055954504644982,2.56,0.0,False,17,0.4682764396951736,0.4158493749372105,0.05242706475796305,0.035568496992451314,3.1046832156226376,0.5446832156226376,0.5446832156226376,2.500797662044325,-0.05920233795567498,0.05920233795567498
2026-09-02,2026-11,call,put,jaox6_7800p,78.0,-0.0796199640612375,3.25,0.0,False,17,0.4682764396951736,0.4158493749372105,0.05242706475796305,0.035568496992451314,3.8232004636506085,0.5732004636506085,0.5732004636506085,3.1691203410087274,-0.08087965899127258,0.08087965899127258
2026-09-02,2026-11,call,put,jaox6_8000p,80.0,-0.0543021560769477,4.06,30.0,True,17,0.4682764396951736,0.4158493749372105,0.05242706475796305,0.035568496992451314,4.636936163651903,0.5769361636519035,0.5769361636519035,3.94300252843173,-0.11699747156826978,0.11699747156826978
2026-09-02,2026-11,call,put,jaox6_8200p,82.0,-0.0296095434865762,4.99,0.0,False,17,0.4682764396951736,0.4158493749372105,0.05242706475796305,0.035568496992451314,5.546150868272267,0.5561508682722671,0.5561508682722671,4.822907033936426,-0.16709296606357427,0.16709296606357427
2026-09-02,2026-11,call,put,jaox6_9000p,90.0,0.0634808795794357,9.81,0.0,False,17,0.4682764396951736,0.4158493749372105,0.05242706475796305,0.035568496992451314,10.096881463154494,0.2868814631544936,0.2868814631544936,9.369620583397154,-0.4403794166028465,0.4403794166028465
2026-09-02,2026-11,put,call,jaox6_8950c,89.5,0.0579098345299803,4.57,0.0,False,9,0.42803610580262375,0.4158493749372105,0.01218673086541322,0.01117074714256393,4.210920259266583,-0.3590797407334172,0.3590797407334172,4.066755261783021,-0.5032447382169796,0.5032447382169796
2026-09-02,2026-11,put,call,jaox6_9000c,90.0,0.0634808795794357,4.42,0.0,False,9,0.42803610580262375,0.4158493749372105,0.01218673086541322,0.01117074714256393,4.043737323265714,-0.37626267673428604,0.37626267673428604,3.9008167082863454,-0.5191832917136545,0.5191832917136545
2026-09-02,2026-11,put,call,jaox6_9025c,90.25,0.0662548064621608,4.35,0.0,False,9,0.42803610580262375,0.4158493749372105,0.01218673086541322,0.01117074714256393,3.9621608548644773,-0.3878391451355223,0.3878391451355223,3.820003334019867,-0.5299966659801325,0.5299966659801325
2026-09-02,2026-11,put,call,jaox6_9100c,91.0,0.0745307157660207,4.14,0.0,False,9,0.42803610580262375,0.4158493749372105,0.01218673086541322,0.01117074714256393,3.725341477678258,-0.4146585223217416,0.4146585223217416,3.5855786646925747,-0.554421335307425,0.554421335307425
2026-09-02,2026-11,put,call,jaox6_9196c,91.96,0.0850249091441514,3.88,0.0,False,9,0.42803610580262375,0.4158493749372105,0.01218673086541322,0.01117074714256393,3.4390862683761676,-0.4409137316238323,0.4409137316238323,3.302852302738597,-0.5771476972614029,0.5771476972614029
2026-09-02,2026-11,put,call,jaox6_9200c,92.0,0.085459786298211,3.87,0.0,False,9,0.42803610580262375,0.4158493749372105,0.01218673086541322,0.01117074714256393,3.4275603789141167,-0.4424396210858834,0.4424396210858834,3.2914835324252025,-0.5785164675747976,0.5785164675747976
2026-09-02,2026-11,put,call,jaox6_9225c,92.25,0.0881734921698072,3.81,0.0,False,9,0.42803610580262375,0.4158493749372105,0.01218673086541322,0.01117074714256393,3.356238327541267,-0.4537616724587332,0.4537616724587332,3.2211423271724064,-0.5888576728275936,0.5888576728275936
2026-09-02,2026-11,put,call,jaox6_9348c,93.48,0.1014187189198279,3.51,0.0,False,9,0.42803610580262375,0.4158493749372105,0.01218673086541322,0.01117074714256393,3.02288410360456,-0.48711589639543984,0.48711589639543984,2.892420334532281,-0.6175796654677188,0.6175796654677188
2026-09-02,2026-11,put,call,jaox6_9353c,93.53,0.1019534496956301,3.5,0.0,False,9,0.42803610580262375,0.4158493749372105,0.01218673086541322,0.01117074714256393,3.009935997992627,-0.4900640020073732,0.4900640020073732,2.8796580361667394,-0.6203419638332606,0.6203419638332606
2026-09-02,2026-11,put,call,jaox6_9435c,94.35,0.1106824810637297,3.32,0.0,False,9,0.42803610580262375,0.4158493749372105,0.01218673086541322,0.01117074714256393,2.8040891217490582,-0.5159108782509416,0.5159108782509416,2.6769107936697765,-0.6430892063302234,0.6430892063302234
2026-09-02,2026-11,put,call,jaox6_9700c,97.0,0.1383821877525535,2.8,0.0,False,9,0.42803610580262375,0.4158493749372105,0.01218673086541322,0.01117074714256393,2.2179112713591667,-0.5820887286408332,0.5820887286408332,2.103345647904885,-0.696654352095115,0.696654352095115
2026-09-02,2026-11,put,call,jaox6_9911c,99.11,0.1599015536677877,2.45,0.0,False,9,0.42803610580262375,0.4158493749372105,0.01218673086541322,0.01117074714256393,1.8293429414198992,-0.620657058580101,0.620657058580101,1.7268486582274851,-0.723151341772515,0.723151341772515
2026-09-02,2026-11,put,call,jaox6_10000c,100.0,0.168841395237262,2.31,0.0,False,9,0.42803610580262375,0.4158493749372105,0.01218673086541322,0.01117074714256393,1.6840589045015233,-0.6259410954984768,0.6259410954984768,1.5866698540895003,-0.7233301459104997,0.7233301459104997
2026-09-02,2026-11,put,call,jaox6_10205c,102.05,0.1891340985050243,2.04,0.0,False,9,0.42803610580262375,0.4158493749372105,0.01218673086541322,0.01117074714256393,1.387239318074403,-0.6527606819255971,0.6527606819255971,1.3019129781658116,-0.7380870218341884,0.7380870218341884
2026-09-02,2026-11,put,call,jaox6_10240c,102.4,0.1925579218545781,1.99,0.0,False,9,0.42803610580262375,0.4158493749372105,0.01218673086541322,0.01117074714256393,1.3414680060096211,-0.6485319939903789,0.6485319939903789,1.258139512717291,-0.731860487282709,0.731860487282709
2026-09-02,2026-11,put,call,jaox6_10500c,105.0,0.217631559406694,1.7,0.0,False,9,0.42803610580262375,0.4158493749372105,0.01218673086541322,0.01117074714256393,1.0414177101053466,-0.6585822898946534,0.6585822898946534,0.9726314571577164,-0.7273685428422836,0.7273685428422836
2026-09-02,2026-11,put,call,jaox6_10800c,108.0,0.2458024363733902,1.43,0.0,False,9,0.42803610580262375,0.4158493749372105,0.01218673086541322,0.01117074714256393,0.7711904716435181,-0.6588095283564819,0.6588095283564819,0.7168598057754021,-0.7131401942245978,0.7131401942245978
2026-09-02,2027-03,call,put,jaoh7_6800p,68.0,-0.1136654481064584,4.05,0.0,False,16,0.363782474485353,0.4158493749372105,-0.05206690045185752,0.0032494317356365206,4.01466298137159,-0.0353370186284101,0.0353370186284101,4.982057436531129,0.9320574365311289,0.9320574365311289
2026-09-02,2027-03,call,put,jaoh7_6900p,69.0,-0.0990666486853057,4.41,0.0,False,16,0.363782474485353,0.4158493749372105,-0.05206690045185752,0.0032494317356365206,4.397331785122109,-0.01266821487789116,0.01266821487789116,5.391988950257363,0.9819889502573629,0.9819889502573629
2026-09-02,2027-03,call,put,jaoh7_7000p,70.0,-0.0846779112332061,4.79,13.0,True,16,0.363782474485353,0.4158493749372105,-0.05206690045185752,0.0032494317356365206,4.800921190946816,0.010921190946816317,0.010921190946816317,5.820056481595498,1.0300564815954978,1.0300564815954978
2026-09-02,2027-03,call,put,jaoh7_7100p,71.0,-0.0704932762412496,5.19,0.0,False,16,0.363782474485353,0.4158493749372105,-0.05206690045185752,0.0032494317356365206,5.2253830195480955,0.035383019548095085,0.035383019548095085,6.26650880028812,1.0765088002881198,1.0765088002881198
2026-09-02,2027-03,call,put,jaoh7_7150p,71.5,-0.0634757035826031,5.4,0.0,False,16,0.363782474485353,0.4158493749372105,-0.05206690045185752,0.0032494317356365206,5.445409359423627,0.04540935942362623,0.04540935942362623,6.496601032666842,1.0966010326668414,1.0966010326668414
2026-09-02,2027-03,call,put,jaoh7_7250p,72.5,-0.049586591421936,5.83,0.0,False,16,0.363782474485353,0.4158493749372105,-0.05206690045185752,0.0032494317356365206,5.900957757573304,0.07095775757330358,0.07095775757330358,6.969974115154777,1.1399741151547769,1.1399741151547769
2026-09-02,2027-03,call,put,jaoh7_7300p,73.0,-0.0427137121341739,6.06,0.0,False,16,0.363782474485353,0.4158493749372105,-0.05206690045185752,0.0032494317356365206,6.136431457073884,0.07643145707388399,0.07643145707388399,7.213348197887385,1.153348197887385,1.153348197887385
2026-09-02,2027-03,call,put,jaoh7_7400p,74.0,-0.0291080600783954,6.53,0.0,False,16,0.363782474485353,0.4158493749372105,-0.05206690045185752,0.0032494317356365206,6.622632648931993,0.09263264893199263,0.09263264893199263,7.713543155338221,1.1835431553382207,1.1835431553382207
2026-09-02,2027-03,call,put,jaoh7_7450p,74.5,-0.0223740278970512,6.77,0.0,False,16,0.363782474485353,0.4158493749372105,-0.05206690045185752,0.0032494317356365206,6.873292860403066,0.10329286040306673,0.10329286040306673,7.969953362222123,1.1999533622221232,1.1999533622221232
2026-09-02,2027-03,call,put,jaoh7_7500p,75.0,-0.0156850397462547,7.03,0.0,False,16,0.363782474485353,0.4158493749372105,-0.05206690045185752,0.0032494317356365206,7.128943151162729,0.09894315116272878,0.09894315116272878,8.230774537286068,1.200774537286068,1.200774537286068
2026-09-02,2027-03,put,call,jaoh7_7900c,79.0,0.0362746991844562,6.53,0.0,False,10,0.3612464196626889,0.4158493749372105,-0.054602955274521636,0.0019160771838340116,6.544205246458654,0.014205246458653953,0.014205246458653953,7.715965487882086,1.1859654878820853,1.1859654878820853
2026-09-02,2027-03,put,call,jaoh7_8000c,80.0,0.0488534813913165,6.17,0.0,False,10,0.3612464196626889,0.4158493749372105,-0.054602955274521636,0.0019160771838340116,6.168544542369516,-0.0014554576304837141,0.0014554576304837141,7.337959933978244,1.1679599339782438,1.1679599339782438
2026-09-02,2027-03,put,call,jaoh7_8025c,80.25,0.0519736087275602,6.08,0.0,False,10,0.3612464196626889,0.4158493749372105,-0.054602955274521636,0.0019160771838340116,6.0774319564454755,-0.0025680435545245572,0.0025680435545245572,7.24583070652147,1.1658307065214704,1.1658307065214704
2026-09-02,2027-03,put,call,jaoh7_8045c,80.45,0.0544627201558272,6.01,0.0,False,10,0.3612464196626889,0.4158493749372105,-0.054602955274521636,0.0019160771838340116,6.005338302804808,-0.004661697195191827,0.004661697195191827,7.172827480795482,1.1628274807954826,1.1628274807954826
2026-09-02,2027-03,put,call,jaoh7_8075c,80.75,0.0581848088202008,5.91,0.0,False,10,0.3612464196626889,0.4158493749372105,-0.054602955274521636,0.0019160771838340116,5.898515758964683,-0.01148424103531731,0.01148424103531731,7.064540842688706,1.1545408426887063,1.1545408426887063
2026-09-02,2027-03,put,call,jaoh7_8100c,81.0,0.0612760013898735,5.82,0.0,False,10,0.3612464196626889,0.4158493749372105,-0.054602955274521636,0.0019160771838340116,5.810696361304726,-0.009303638695274508,0.009303638695274508,6.975463730429021,1.1554637304290205,1.1554637304290205
2026-09-02,2027-03,put,call,jaoh7_8102c,81.02,0.0615228844919794,5.82,0.0,False,10,0.3612464196626889,0.4158493749372105,-0.054602955274521636,0.0019160771838340116,5.803717650674969,-0.016282349325031475,0.016282349325031475,6.968377188076293,1.1483771880762923,1.1483771880762923
2026-09-02,2027-03,put,call,jaoh7_8150c,81.5,0.067429866964252,5.66,0.0,False,10,0.3612464196626889,0.4158493749372105,-0.054602955274521636,0.0019160771838340116,5.638294960580084,-0.021705039419916083,0.021705039419916083,6.800140290133257,1.1401402901332567,1.1401402901332567
2026-09-02,2027-03,put,call,jaoh7_8185c,81.85,0.0717151505345786,5.55,0.0,False,10,0.3612464196626889,0.4158493749372105,-0.054602955274521636,0.0019160771838340116,5.520154009059088,-0.02984599094091145,0.02984599094091145,6.679586757380124,1.1295867573801246,1.1295867573801246
2026-09-02,2027-03,put,call,jaoh7_8342c,83.42,0.0907149354862341,5.07,0.0,False,10,0.3612464196626889,0.4158493749372105,-0.054602955274521636,0.0019160771838340116,5.015301192356869,-0.054698807643131175,0.054698807643131175,6.160370709103933,1.090370709103933,1.090370709103933
2026-09-02,2027-03,put,call,jaoh7_8500c,85.0,0.1094781032077513,4.64,0.0,False,10,0.3612464196626889,0.4158493749372105,-0.054602955274521636,0.0019160771838340116,4.5470947465263984,-0.09290525347360123,0.09290525347360123,5.6736835682108575,1.0336835682108578,1.0336835682108578
2026-09-02,2027-03,put,call,jaoh7_8525c,85.25,0.1124149628810611,4.58,0.0,False,10,0.3612464196626889,0.4158493749372105,-0.054602955274521636,0.0019160771838340116,4.476533326373428,-0.10346667362657236,0.10346667362657236,5.599826370997791,1.0198263709977908,1.0198263709977908
2026-09-02,2027-03,put,call,jaoh7_8575c,85.75,0.1182629327634842,4.45,0.0,False,10,0.3612464196626889,0.4158493749372105,-0.054602955274521636,0.0019160771838340116,4.338216415708371,-0.11178358429162927,0.11178358429162927,5.454575443361169,1.004575443361169,1.004575443361169
2026-09-02,2027-03,put,call,jaoh7_8675c,86.75,0.1298572655444033,4.21,0.0,False,10,0.3612464196626889,0.4158493749372105,-0.054602955274521636,0.0019160771838340116,4.072562157817802,-0.137437842182198,0.137437842182198,5.173891784505937,0.9638917845059369,0.9638917845059369
2026-09-02,2027-03,put,call,jaoh7_8700c,87.0,0.1327349653720186,4.15,0.0,False,10,0.3612464196626889,0.4158493749372105,-0.054602955274521636,0.0019160771838340116,4.008385071641124,-0.14161492835887657,0.14161492835887657,5.10569598169218,0.9556959816921795,0.9556959816921795
2026-09-02,2027-03,put,call,jaoh7_8705c,87.05,0.1333095129316329,4.14,0.0,False,10,0.3612464196626889,0.4158493749372105,-0.054602955274521636,0.0019160771838340116,3.9956551888015053,-0.1443448111984944,0.1443448111984944,5.092149017671516,0.9521490176715162,0.9521490176715162
2026-09-02,2027-09,call,put,jaou7_5800p,58.0,-0.212041397492972,3.26,0.0,False,20,0.2954298380492631,0.4158493749372105,-0.12041953688794743,0.015952964483800583,2.5721363131000796,-0.6878636868999202,0.6878636868999202,5.003141221033151,1.7431412210331514,1.7431412210331514
2026-09-02,2027-09,call,put,jaou7_5900p,59.0,-0.1949469641336719,3.51,0.0,False,20,0.2954298380492631,0.4158493749372105,-0.12041953688794743,0.015952964483800583,2.8565640472310427,-0.653435952768957,0.653435952768957,5.376031838293849,1.866031838293849,1.866031838293849
2026-09-02,2027-09,call,put,jaou7_6000p,60.0,-0.1781398458172907,3.77,0.0,False,20,0.2954298380492631,0.4158493749372105,-0.12041953688794743,0.015952964483800583,3.16005272332346,-0.6099472766765399,0.6099472766765399,5.763574650124898,1.993574650124898,1.993574650124898
2026-09-02,2027-09,call,put,jaou7_6200p,62.0,-0.1453500229942998,4.35,0.0,False,20,0.2954298380492631,0.4158493749372105,-0.12041953688794743,0.015952964483800583,3.824911953025264,-0.5250880469747354,0.5250880469747354,6.58400239786046,2.2340023978604604,2.2340023978604604
2026-09-02,2027-09,call,put,jaou7_6420p,64.2,-0.1104811973434758,5.06,0.0,False,20,0.2954298380492631,0.4158493749372105,-0.12041953688794743,0.015952964483800583,4.646049987252291,-0.4139500127477085,0.4139500127477085,7.556192388860029,2.4961923888600293,2.4961923888600293
2026-09-02,2027-09,call,put,jaou7_6500p,65.0,-0.0980971381437542,5.34,0.0,False,20,0.2954298380492631,0.4158493749372105,-0.12041953688794743,0.015952964483800583,4.967960961412998,-0.37203903858700205,0.37203903858700205,7.926694971279811,2.586694971279811,2.586694971279811
2026-09-02,2027-09,call,put,jaou7_6750p,67.5,-0.0603568101609073,6.29,0.0,False,20,0.2954298380492631,0.4158493749372105,-0.12041953688794743,0.015952964483800583,6.053307209820735,-0.2366927901792648,0.2366927901792648,9.14316809123286,2.8531680912328605,2.8531680912328605
2026-09-02,2027-09,call,put,jaou7_6800p,68.0,-0.0529767028632847,6.5,0.0,False,20,0.2954298380492631,0.4158493749372105,-0.12041953688794743,0.015952964483800583,6.284643492704249,-0.21535650729575107,0.21535650729575107,9.39663434958156,2.8966343495815607,2.8966343495815607
2026-09-02,2027-09,call,put,jaou7_6900p,69.0,-0.038377903442132,6.92,0.0,False,20,0.2954298380492631,0.4158493749372105,-0.12041953688794743,0.015952964483800583,6.761358337135757,-0.15864166286424286,0.15864166286424286,9.913563737703578,2.993563737703578,2.993563737703578
2026-09-02,2027-09,call,put,jaou7_7000p,70.0,-0.0239891659900324,7.37,9.0,True,20,0.2954298380492631,0.4158493749372105,-0.12041953688794743,0.015952964483800583,7.2565685081366915,-0.11343149186330859,0.11343149186330859,10.444311665778356,3.074311665778356,3.074311665778356
2026-09-02,2027-09,call,put,jaou7_7400p,74.0,0.0315806851647783,9.36,0.0,False,20,0.2954298380492631,0.4158493749372105,-0.12041953688794743,0.015952964483800583,9.415842077534023,0.055842077534023815,0.055842077534023815,12.697128119954224,3.337128119954224,3.337128119954224
2026-09-02,2027-09,call,put,jaou7_7450p,74.5,0.0383147173461224,9.64,0.0,False,20,0.2954298380492631,0.4158493749372105,-0.12041953688794743,0.015952964483800583,9.705059988458027,0.0650599884580263,0.0650599884580263,12.992270557604584,3.3522705576045837,3.3522705576045837
2026-09-02,2027-09,call,put,jaou7_7500p,75.0,0.045003705496919,9.92,0.0,False,20,0.2954298380492631,0.4158493749372105,-0.12041953688794743,0.015952964483800583,9.99839986729264,0.07839986729264048,0.07839986729264048,13.290276558361176,3.3702765583611765,3.3702765583611765
2026-09-02,2027-09,put,call,jaou7_6820c,68.2,-0.0500398431899749,9.92,0.0,False,13,0.30592625231953263,0.4158493749372105,-0.10992312261767789,0.08709848605520726,10.000303596672866,0.08030359667286646,0.08030359667286646,12.774829562880084,2.8548295628800844,2.8548295628800844
2026-09-02,2027-09,put,call,jaou7_6825c,68.25,-0.0493069739743223,9.89,0.0,False,13,0.30592625231953263,0.4158493749372105,-0.10992312261767789,0.08709848605520726,9.976290803891885,0.0862908038918846,0.0862908038918846,12.752686312687604,2.862686312687604,2.862686312687604
2026-09-02,2027-09,put,call,jaou7_6860c,68.6,-0.044191873307552,9.71,0.0,False,13,0.30592625231953263,0.4158493749372105,-0.10992312261767789,0.08709848605520726,9.809463865330452,0.09946386533045093,0.09946386533045093,12.598623053407742,2.8886230534077413,2.8886230534077413
2026-09-02,2027-09,put,call,jaou7_6900c,69.0,-0.038377903442132,9.5,0.0,False,13,0.30592625231953263,0.4158493749372105,-0.10992312261767789,0.08709848605520726,9.62149933307408,0.12149933307408034,0.12149933307408034,12.424613557168197,2.924613557168197,2.924613557168197
2026-09-02,2027-09,put,call,jaou7_6905c,69.05,-0.0376535281840903,9.47,0.0,False,13,0.30592625231953263,0.4158493749372105,-0.10992312261767789,0.08709848605520726,9.598205050606067,0.12820505060606635,0.12820505060606635,12.403018638100736,2.9330186381007355,2.9330186381007355
2026-09-02,2027-09,put,call,jaou7_6930c,69.3,-0.0340395018435339,9.34,0.0,False,13,0.30592625231953263,0.4158493749372105,-0.10992312261767789,0.08709848605520726,9.482402099144524,0.14240209914452429,0.14240209914452429,12.295569657288883,2.9555696572888834,2.9555696572888834
2026-09-02,2027-09,put,call,jaou7_7000c,70.0,-0.0239891659900324,8.99,0.0,False,13,0.30592625231953263,0.4158493749372105,-0.10992312261767789,0.08709848605520726,9.164048204365795,0.1740482043657945,0.1740482043657945,11.999314858582016,3.009314858582016,3.009314858582016
2026-09-02,2027-09,put,call,jaou7_7110c,71.1,-0.0083970712301963,8.45,0.0,False,13,0.30592625231953263,0.4158493749372105,-0.10992312261767789,0.08709848605520726,8.681118591535753,0.2311185915357541,0.2311185915357541,11.547062107959947,3.097062107959948,3.097062107959948
2026-09-02,2027-09,put,call,jaou7_7200c,72.0,0.0041817109766638,8.03,0.0,False,13,0.30592625231953263,0.4158493749372105,-0.10992312261767789,0.08709848605520726,8.301492235804169,0.27149223580416937,0.27149223580416937,11.188748172381128,3.158748172381129,3.158748172381129
2026-09-02,2027-09,put,call,jaou7_7335c,73.35,0.0227580965495992,7.43,0.0,False,13,0.30592625231953263,0.4158493749372105,-0.10992312261767789,0.08709848605520726,7.7576065161422765,0.32760651614227676,0.32760651614227676,10.670013179210471,3.2400131792104716,3.2400131792104716
2026-09-02,2027-09,put,call,jaou7_7400c,74.0,0.0315806851647783,7.15,0.0,False,13,0.30592625231953263,0.4158493749372105,-0.10992312261767789,0.08709848605520726,7.506437171247239,0.3564371712472383,0.3564371712472383,10.42794480611405,3.27794480611405,3.27794480611405
2026-09-02,2027-09,put,call,jaou7_7450c,74.5,0.0383147173461224,6.95,0.0,False,13,0.30592625231953263,0.4158493749372105,-0.10992312261767789,0.08709848605520726,7.317869999501965,0.36786999950196453,0.36786999950196453,10.245063930433927,3.295063930433927,3.295063930433927
2026-09-02,2027-09,put,call,jaou7_7500c,75.0,0.045003705496919,6.75,0.0,False,13,0.30592625231953263,0.4158493749372105,-0.10992312261767789,0.08709848605520726,7.13328237597515,0.38328237597515,0.38328237597515,10.065046617860045,3.3150466178600446,3.3150466178600446
2026-09-02,2027-09,put,call,jaou7_7542c,75.42,0.0505880837908196,6.59,0.0,False,13,0.30592625231953263,0.4158493749372105,-0.10992312261767789,0.08709848605520726,6.981266746388855,0.3912667463888555,0.3912667463888555,9.916149197925002,3.3261491979250017,3.3261491979250017
2026-09-02,2027-09,put,call,jaou7_7550c,75.5,0.0516482482155876,6.56,0.0,False,13,0.30592625231953263,0.4158493749372105,-0.10992312261767789,0.08709848605520726,6.952623117584152,0.3926231175841526,0.3926231175841526,9.888016709164267,3.3280167091642676,3.3280167091642676
2026-09-02,2027-09,put,call,jaou7_7600c,76.0,0.0582489322469396,6.37,0.0,False,13,0.30592625231953263,0.4158493749372105,-0.10992312261767789,0.08709848605520726,6.775840238625853,0.40584023862585283,0.40584023862585283,9.71375457328804,3.3437545732880407,3.3437545732880407
2026-09-02,2027-09,put,call,jaou7_7610c,76.1,0.0595638568282486,6.33,0.0,False,13,0.30592625231953263,0.4158493749372105,-0.10992312261767789,0.08709848605520726,6.740944201880154,0.4109442018801541,0.4109442018801541,9.679235297067148,3.349235297067148,3.349235297067148
2026-09-02,2027-09,put,call,jaou7_7705c,77.05,0.0719701537267333,5.98,0.0,False,13,0.30592625231953263,0.4158493749372105,-0.10992312261767789,0.08709848605520726,6.416978549180349,0.4369785491803482,0.4369785491803482,9.356817108866355,3.376817108866355,3.376817108866355
2026-09-02,2027-09,put,call,jaou7_7710c,77.1,0.0726188725298923,5.97,0.0,False,13,0.30592625231953263,0.4158493749372105,-0.10992312261767789,0.08709848605520726,6.400302066529752,0.43030206652975256,0.43030206652975256,9.34011669642544,3.3701166964254403,3.3701166964254403
2026-09-02,2027-09,put,call,jaou7_7725c,77.25,0.0745625077384634,5.92,0.0,False,13,0.30592625231953263,0.4158493749372105,-0.10992312261767789,0.08709848605520726,6.3504947367387965,0.43049473673879657,0.43049473673879657,9.290181286161554,3.3701812861615537,3.3701812861615537
2026-09-02,2028-03,call,put,jaoh8_5740p,57.4,-0.1942994761727864,3.93,0.0,False,19,0.26131576997675565,0.4158493749372105,-0.15453360496045487,0.09956359158892042,3.1785988648348464,-0.7514011351651537,0.7514011351651537,7.1122997896985565,3.1822997896985563,3.1822997896985563
2026-09-02,2028-03,call,put,jaoh8_5900p,59.0,-0.1668063355925877,4.39,0.0,False,19,0.26131576997675565,0.4158493749372105,-0.15453360496045487,0.09956359158892042,3.694671184920397,-0.6953288150796029,0.6953288150796029,7.803997137272398,3.413997137272398,3.413997137272398
2026-09-02,2028-03,call,put,jaoh8_6000p,60.0,-0.1499992172762066,4.69,0.0,False,19,0.26131576997675565,0.4158493749372105,-0.15453360496045487,0.09956359158892042,4.041111080503445,-0.6488889194965557,0.6488889194965557,8.252074628200978,3.5620746282009774,3.5620746282009774
2026-09-02,2028-03,call,put,jaoh8_6165p,61.65,-0.1228705498879539,5.22,0.0,False,19,0.26131576997675565,0.4158493749372105,-0.15453360496045487,0.09956359158892042,4.652943698030625,-0.5670563019693748,0.5670563019693748,9.017373928668484,3.7973739286684838,3.7973739286684838
2026-09-02,2028-03,call,put,jaoh8_6200p,62.0,-0.1172093944532157,5.34,0.0,False,19,0.26131576997675565,0.4158493749372105,-0.15453360496045487,0.09956359158892042,4.789146026431935,-0.5508539735680644,0.5508539735680644,9.18378121184286,3.8437812118428596,3.8437812118428596
2026-09-02,2028-03,call,put,jaoh8_6250p,62.5,-0.1091772227559514,5.51,0.0,False,19,0.26131576997675565,0.4158493749372105,-0.15453360496045487,0.09956359158892042,4.987602631054707,-0.5223973689452928,0.5223973689452928,9.423957423870917,3.913957423870917,3.913957423870917
2026-09-02,2028-03,call,put,jaoh8_6500p,65.0,-0.0699565096026701,6.42,0.0,False,19,0.26131576997675565,0.4158493749372105,-0.15453360496045487,0.09956359158892042,6.047792379242866,-0.3722076207571341,0.3722076207571341,10.667285040925975,4.247285040925975,4.247285040925975
2026-09-02,2028-03,call,put,jaoh8_6600p,66.0,-0.0546890374718817,6.81,0.0,False,19,0.26131576997675565,0.4158493749372105,-0.15453360496045487,0.09956359158892042,6.503126818036834,-0.3068731819631658,0.3068731819631658,11.184033268858505,4.374033268858505,4.374033268858505
2026-09-02,2028-03,call,put,jaoh8_6750p,67.5,-0.0322161816198231,7.43,0.0,False,19,0.26131576997675565,0.4158493749372105,-0.15453360496045487,0.09956359158892042,7.218890333210936,-0.2111096667890635,0.2111096667890635,11.9791563407556,4.5491563407556,4.5491563407556
2026-09-02,2028-03,call,put,jaoh8_7000p,70.0,0.0041514625510518,8.53,0.0,False,19,0.26131576997675565,0.4158493749372105,-0.15453360496045487,0.09956359158892042,8.496775034604909,-0.03322496539509068,0.03322496539509068,13.357265881946091,4.827265881946092,4.827265881946092
2026-09-02,2028-03,call,put,jaoh8_7450p,74.5,0.0664553458872064,10.8,0.0,False,19,0.26131576997675565,0.4158493749372105,-0.15453360496045487,0.09956359158892042,11.049141499145065,0.24914149914506467,0.24914149914506467,15.994724145576148,5.1947241455761475,5.1947241455761475
2026-09-02,2028-03,put,call,jaoh8_6151c,61.51,-0.1251440162780303,12.85,0.0,False,11,0.2744266588025365,0.4158493749372105,-0.141422716134674,0.10435064905061585,12.624944841531953,-0.2250551584680469,0.2250551584680469,16.60488532157742,3.7548853215774205,3.7548853215774205
2026-09-02,2028-03,put,call,jaoh8_6200c,62.0,-0.1172093944532157,12.56,0.0,False,11,0.2744266588025365,0.4158493749372105,-0.141422716134674,0.10435064905061585,12.361735453680684,-0.1982645463193169,0.1982645463193169,16.37953320882057,3.819533208820568,3.819533208820568
2026-09-02,2028-03,put,call,jaoh8_6420c,64.2,-0.0823405688023917,11.28,0.0,False,11,0.2744266588025365,0.4158493749372105,-0.141422716134674,0.10435064905061585,11.23145476903992,-0.04854523096008023,0.04854523096008023,15.401480514077065,4.121480514077065,4.121480514077065
2026-09-02,2028-03,put,call,jaoh8_6500c,65.0,-0.0699565096026701,10.83,0.0,False,11,0.2744266588025365,0.4158493749372105,-0.141422716134674,0.10435064905061585,10.841074666569696,0.011074666569696134,0.011074666569696134,15.059403812999548,4.229403812999548,4.229403812999548
2026-09-02,2028-03,put,call,jaoh8_6600c,66.0,-0.0546890374718817,10.29,0.0,False,11,0.2744266588025365,0.4158493749372105,-0.141422716134674,0.10435064905061585,10.368319940379891,0.07831994037989176,0.07831994037989176,14.641607632630691,4.351607632630692,4.351607632630692
2026-09-02,2028-03,put,call,jaoh8_6775c,67.75,-0.0285193197384969,9.37,0.0,False,11,0.2744266588025365,0.4158493749372105,-0.141422716134674,0.10435064905061585,9.580976912043436,0.21097691204343683,0.21097691204343683,13.936112334991344,4.566112334991345,4.566112334991345
2026-09-02,2028-03,put,call,jaoh8_6875c,68.75,-0.0138670429516266,8.87,0.0,False,11,0.2744266588025365,0.4158493749372105,-0.141422716134674,0.10435064905061585,9.153430973851524,0.2834309738515248,0.2834309738515248,13.5474612576691,4.677461257669101,4.677461257669101
2026-09-02,2028-03,put,call,jaoh8_6890c,68.9,-0.0116876014786942,8.79,0.0,False,11,0.2744266588025365,0.4158493749372105,-0.141422716134674,0.10435064905061585,9.090676856633925,0.30067685663392574,0.30067685663392574,13.490096414516724,4.700096414516725,4.700096414516725
2026-09-02,2028-03,put,call,jaoh8_7000c,70.0,0.0041514625510518,8.26,0.0,False,11,0.2744266588025365,0.4158493749372105,-0.141422716134674,0.10435064905061585,8.641297083299792,0.38129708329979195,0.38129708329979195,13.076662612512772,4.816662612512772,4.816662612512772
2026-09-02,2028-03,put,call,jaoh8_7110c,71.1,0.0197435573108879,7.75,0.0,False,11,0.2744266588025365,0.4158493749372105,-0.141422716134674,0.10435064905061585,8.210638322663312,0.4606383226633124,0.4606383226633124,12.675337119240316,4.925337119240316,4.925337119240316
2026-09-02,2028-03,put,call,jaoh8_7275c,72.75,0.0426851265532946,7.02,0.0,False,11,0.2744266588025365,0.4158493749372105,-0.141422716134674,0.10435064905061585,7.598735758167832,0.5787357581678325,0.5787357581678325,12.095523258425782,5.075523258425783,5.075523258425783
2026-09-02,2028-03,put,call,jaoh8_7340c,73.4,0.0515801561221628,6.75,0.0,False,11,0.2744266588025365,0.4158493749372105,-0.141422716134674,0.10435064905061585,7.368606064576519,0.618606064576519,0.618606064576519,11.874323494760333,5.124323494760333,5.124323494760333
2026-09-02,2028-03,put,call,jaoh8_7450c,74.5,0.0664553458872064,6.32,0.0,False,11,0.2744266588025365,0.4158493749372105,-0.141422716134674,0.10435064905061585,6.9928120125809565,0.6728120125809562,0.6728120125809562,11.508671038786629,5.188671038786628,5.188671038786628
2026-09-02,2028-03,put,call,jaoh8_7475c,74.75,0.0698054327724886,6.22,0.0,False,11,0.2744266588025365,0.4158493749372105,-0.141422716134674,0.10435064905061585,6.909755603129677,0.6897556031296777,0.6897556031296777,11.427029855545891,5.207029855545891,5.207029855545891
2026-09-02,2028-03,put,call,jaoh8_7500c,75.0,0.0731443340380032,6.13,0.0,False,11,0.2744266588025365,0.4158493749372105,-0.141422716134674,0.10435064905061585,6.8275572109127465,0.6975572109127466,0.6975572109127466,11.345940461424185,5.215940461424185,5.215940461424185
2026-09-02,2028-03,put,call,jaoh8_7550c,75.5,0.0797888767566717,5.95,0.0,False,11,0.2744266588025365,0.4158493749372105,-0.141422716134674,0.10435064905061585,6.665710210838065,0.7157102108380649,0.7157102108380649,11.1854493101466,5.2354493101466,5.2354493101466
2026-09-02,2028-03,put,call,jaoh8_7670c,76.7,0.0955579288749032,5.54,0.0,False,11,0.2744266588025365,0.4158493749372105,-0.141422716134674,0.10435064905061585,6.290889212097909,0.7508892120979089,0.7508892120979089,10.809367456230197,5.269367456230197,5.269367456230197
2026-09-02,2028-03,put,call,jaoh8_7700c,77.0,0.0994616423553765,5.44,0.0,False,11,0.2744266588025365,0.4158493749372105,-0.141422716134674,0.10435064905061585,6.200127663951098,0.7601276639510974,0.7601276639510974,10.717306960358554,5.277306960358554,5.277306960358554
2026-09-02,2028-03,put,call,jaoh8_7775c,77.75,0.1091547715610363,5.21,0.0,False,11,0.2744266588025365,0.4158493749372105,-0.141422716134674,0.10435064905061585,5.978258786271961,0.7682587862719608,0.7682587862719608,10.490658485413135,5.280658485413135,5.280658485413135
2026-09-02,2028-09,call,put,jaou8_5000p,50.0,-0.3140805463063114,2.93,0.0,False,16,0.23529500395418396,0.4158493749372105,-0.18055437098302657,0.13055243048828113,1.6603381572370353,-1.269661842762965,1.269661842762965,5.843915100002312,2.913915100002312,2.913915100002312
2026-09-02,2028-09,call,put,jaou8_5500p,55.0,-0.2187703665019866,4.06,0.0,False,16,0.23529500395418396,0.4158493749372105,-0.18055437098302657,0.13055243048828113,2.8762271250227123,-1.1837728749772873,1.1837728749772873,7.852126791031566,3.792126791031566,3.792126791031566
2026-09-02,2028-09,call,put,jaou8_5700p,57.0,-0.1830522838999074,4.59,0.0,False,16,0.23529500395418396,0.4158493749372105,-0.18055437098302657,0.13055243048828113,3.4839679475832863,-1.1060320524167135,1.1060320524167135,8.733862747274934,4.143862747274934,4.143862747274934
2026-09-02,2028-09,call,put,jaou8_5740p,57.4,-0.1760592484089368,4.7,0.0,False,16,0.23529500395418396,0.4158493749372105,-0.18055437098302657,0.13055243048828113,3.6140210275314644,-1.0859789724685358,1.0859789724685358,8.91535635432659,4.21535635432659,4.21535635432659
2026-09-02,2028-09,call,put,jaou8_6165p,61.65,-0.1046303221241042,5.96,0.0,False,16,0.23529500395418396,0.4158493749372105,-0.18055437098302657,0.13055243048828113,5.171040230125707,-0.7889597698742934,0.7889597698742934,10.94502530732408,4.98502530732408,4.98502530732408
2026-09-02,2028-09,call,put,jaou8_6200p,62.0,-0.098969166689366,6.07,0.0,False,16,0.23529500395418396,0.4158493749372105,-0.18055437098302657,0.13055243048828113,5.313440045000804,-0.7565599549991964,0.7565599549991964,11.12018108764007,5.05018108764007,5.05018108764007
2026-09-02,2028-09,call,put,jaou8_6250p,62.5,-0.0909369949921016,6.23,0.0,False,16,0.23529500395418396,0.4158493749372105,-0.18055437098302657,0.13055243048828113,5.520563012695703,-0.7094369873042972,0.7094369873042972,11.37248334660192,5.142483346601919,5.142483346601919
2026-09-02,2028-09,call,put,jaou8_6500p,65.0,-0.0517162818388204,7.09,0.0,False,16,0.23529500395418396,0.4158493749372105,-0.18055437098302657,0.13055243048828113,6.620539975376793,-0.46946002462320724,0.46946002462320724,12.670240694562809,5.580240694562809,5.580240694562809
2026-09-02,2028-09,call,put,jaou8_6750p,67.5,-0.0139759538559733,8.04,0.0,False,16,0.23529500395418396,0.4158493749372105,-0.18055437098302657,0.13055243048828113,7.824980558408228,-0.215019441591771,0.215019441591771,14.02801948262342,5.988019482623422,5.988019482623422
2026-09-02,2028-09,call,put,jaou8_7000p,70.0,0.0223916903149014,9.12,0.0,False,16,0.23529500395418396,0.4158493749372105,-0.18055437098302657,0.13055243048828113,9.129251414029097,0.009251414029098015,0.009251414029098015,15.441188018784858,6.321188018784859,6.321188018784859
2026-09-02,2028-09,call,put,jaou8_7450p,74.5,0.0846955736510563,11.45,0.0,False,16,0.23529500395418396,0.4158493749372105,-0.18055437098302657,0.13055243048828113,11.710895472458969,0.2608954724589694,0.2608954724589694,18.11217530618424,6.662175306184242,6.662175306184242
2026-09-02,2028-09,put,call,jaou8_6151c,61.51,-0.1069037885141807,12.28,0.0,False,11,0.25467228153185867,0.4158493749372105,-0.16117709340535186,0.32185837558771846,12.062108475512515,-0.2178915244874844,0.2178915244874844,17.325588613046506,5.045588613046506,5.045588613046506
2026-09-02,2028-09,put,call,jaou8_6500c,65.0,-0.0517162818388204,10.25,0.0,False,11,0.25467228153185867,0.4158493749372105,-0.16117709340535186,0.32185837558771846,10.422415848831522,0.1724158488315215,0.1724158488315215,15.934732616975507,5.6847326169755075,5.6847326169755075
2026-09-02,2028-09,put,call,jaou8_6570c,65.7,-0.0410046262438926,9.86,0.0,False,11,0.25467228153185867,0.4158493749372105,-0.16117709340535186,0.32185837558771846,10.116520520456389,0.2565205204563892,0.2565205204563892,15.670074096404822,5.810074096404822,5.810074096404822
2026-09-02,2028-09,put,call,jaou8_6600c,66.0,-0.0364488097080319,9.7,0.0,False,11,0.25467228153185867,0.4158493749372105,-0.16117709340535186,0.32185837558771846,9.98771644584756,0.2877164458475612,0.2877164458475612,15.558063121364809,5.858063121364809,5.858063121364809
2026-09-02,2028-09,put,call,jaou8_6650c,66.5,-0.0289016040726491,9.43,0.0,False,11,0.25467228153185867,0.4158493749372105,-0.16117709340535186,0.32185837558771846,9.776073796777183,0.3460737967771834,0.3460737967771834,15.373230722769886,5.943230722769886,5.943230722769886
2026-09-02,2028-09,put,call,jaou8_6775c,67.75,-0.0102790919746472,8.78,0.0,False,11,0.25467228153185867,0.4158493749372105,-0.16117709340535186,0.32185837558771846,9.263325916829142,0.48332591682914305,0.48332591682914305,14.921080231887329,6.141080231887329,6.141080231887329
2026-09-02,2028-09,put,call,jaou8_7000c,70.0,0.0223916903149014,7.7,0.0,False,11,0.25467228153185867,0.4158493749372105,-0.16117709340535186,0.32185837558771846,8.397672200599317,0.6976722005993166,0.6976722005993166,14.141499843281103,6.441499843281103,6.441499843281103
2026-09-02,2028-09,put,call,jaou8_7110c,71.1,0.0379837850747374,7.22,0.0,False,11,0.25467228153185867,0.4158493749372105,-0.16117709340535186,0.32185837558771846,8.000368217177622,0.7803682171776218,0.7803682171776218,13.775697762519382,6.555697762519382,6.555697762519382
2026-09-02,2028-09,put,call,jaou8_7275c,72.75,0.0609253543171444,6.55,0.0,False,11,0.25467228153185867,0.4158493749372105,-0.16117709340535186,0.32185837558771846,7.435041341680094,0.8850413416800942,0.8850413416800942,13.244919948757907,6.694919948757907,6.694919948757907
2026-09-02,2028-09,put,call,jaou8_7340c,73.4,0.0698203838860125,6.3,0.0,False,11,0.25467228153185867,0.4158493749372105,-0.16117709340535186,0.32185837558771846,7.222135582601238,0.9221355826012383,0.9221355826012383,13.041494561997052,6.741494561997052,6.741494561997052
2026-09-02,2028-09,put,call,jaou8_7450c,74.5,0.0846955736510563,5.91,0.0,False,11,0.25467228153185867,0.4158493749372105,-0.16117709340535186,0.32185837558771846,6.8740674747793715,0.9640674747793714,0.9640674747793714,12.704725042555674,6.794725042555674,6.794725042555674
2026-09-02,2028-09,put,call,jaou8_7500c,75.0,0.0913845618018529,5.74,0.0,False,11,0.25467228153185867,0.4158493749372105,-0.16117709340535186,0.32185837558771846,6.720832516638752,0.9808325166387517,0.9808325166387517,12.554700750450078,6.814700750450077,6.814700750450077
2026-09-02,2028-09,put,call,jaou8_7560c,75.6,0.0993527314510297,5.54,0.0,False,11,0.25467228153185867,0.4158493749372105,-0.16117709340535186,0.32185837558771846,6.540971030017715,1.0009710300177153,1.0009710300177153,12.377173204244505,6.837173204244505,6.837173204244505
2026-09-02,2028-09,put,call,jaou8_7670c,76.7,0.113798156638753,5.21,0.0,False,11,0.25467228153185867,0.4158493749372105,-0.16117709340535186,0.32185837558771846,6.222371238561994,1.012371238561994,1.012371238561994,12.058510174455314,6.848510174455314,6.848510174455314
2026-09-02,2028-09,put,call,jaou8_7925c,79.25,0.1465038610229325,4.52,0.0,False,11,0.25467228153185867,0.4158493749372105,-0.16117709340535186,0.32185837558771846,5.5369218798536295,1.01692187985363,1.01692187985363,11.352151596607316,6.832151596607316,6.832151596607316
2026-09-02,2028-09,put,call,jaou8_8000c,80.0,0.155923082939424,4.33,0.0,False,11,0.25467228153185867,0.4158493749372105,-0.16117709340535186,0.32185837558771846,5.348799872491089,1.0187998724910887,1.0187998724910887,11.15250852225001,6.8225085222500095,6.8225085222500095
2026-09-03,2026-09,call,put,jaou6_7750p,77.5,-0.1533678011912908,0.02,0.0,False,17,0.4555729610971343,0.415442454433504,0.04013050666363027,0.001659123104966067,0.01266302570079425,-0.00733697429920575,0.00733697429920575,0.0061556457666626,-0.013844354233337401,0.013844354233337401
2026-09-03,2026-09,call,put,jaou6_7800p,78.0,-0.1469369108610004,0.03,0.0,False,17,0.4555729610971343,0.415442454433504,0.04013050666363027,0.001659123104966067,0.017442785863446275,-0.012557214136553724,0.012557214136553724,0.0087483597759194,-0.021251640224080597,0.021251640224080597
2026-09-03,2026-09,call,put,jaou6_8000p,80.0,-0.1216191028767105,0.07,0.0,False,17,0.4555729610971343,0.415442454433504,0.04013050666363027,0.001659123104966067,0.055858231784775114,-0.014141768215224892,0.014141768215224892,0.0324797148503736,-0.03752028514962641,0.03752028514962641
2026-09-03,2026-09,call,put,jaou6_8200p,82.0,-0.096926490286339,0.16,0.0,False,17,0.4555729610971343,0.415442454433504,0.04013050666363027,0.001659123104966067,0.15082494620614284,-0.009175053793857163,0.009175053793857163,0.100600665359216,-0.05939933464078401,0.05939933464078401
2026-09-03,2026-09,call,put,jaou6_8250p,82.5,-0.0908474442099567,0.19,15.0,True,17,0.4555729610971343,0.415442454433504,0.04013050666363027,0.001659123104966067,0.18871858672509667,-0.0012814132749033313,0.0012814132749033313,0.1295473062158543,-0.060452693784145695,0.060452693784145695
2026-09-03,2026-09,put,call,jaou6_9100c,91.0,0.0072137689662579,1.98,0.0,False,5,0.4609529242269585,0.415442454433504,0.04551046979345447,6.469651498156284e-05,2.0506587511874304,0.07065875118743037,0.07065875118743037,1.8238976849715696,-0.15610231502843042,0.15610231502843042
2026-09-03,2026-09,put,call,jaou6_9150c,91.5,0.0126932347308835,1.78,0.0,False,5,0.4609529242269585,0.415442454433504,0.04551046979345447,6.469651498156284e-05,1.840080115687582,0.06008011568758187,0.06008011568758187,1.6156817080092214,-0.16431829199077863,0.16431829199077863
2026-09-03,2026-09,put,call,jaou6_9196c,91.96,0.0177079623443885,1.61,0.0,False,5,0.4609529242269585,0.415442454433504,0.04551046979345447,6.469651498156284e-05,1.660554148457788,0.05055414845778783,0.05055414845778783,1.4399954843994751,-0.17000451560052499,0.17000451560052499
2026-09-03,2026-09,put,call,jaou6_9200c,92.0,0.0181428394984481,1.6,0.0,False,5,0.4609529242269585,0.415442454433504,0.04551046979345447,6.469651498156284e-05,1.6455744187347001,0.04557441873470003,0.04557441873470003,1.425436596042026,-0.17456340395797398,0.17456340395797398
2026-09-03,2026-09,put,call,jaou6_9225c,92.25,0.0208565453700444,1.51,0.0,False,5,0.4609529242269585,0.415442454433504,0.04551046979345447,6.469651498156284e-05,1.5542020645848575,0.04420206458485754,0.04420206458485754,1.336962910548873,-0.17303708945112706,0.17303708945112706
2026-09-03,2026-09,put,call,jaou6_9250c,92.5,0.0235629069677873,1.43,0.0,False,5,0.4609529242269585,0.415442454433504,0.04551046979345447,6.469651498156284e-05,1.466660685346553,0.03666068534655298,0.03666068534655298,1.252782759131991,-0.17721724086800883,0.17721724086800883
2026-09-03,2026-09,put,call,jaou6_9435c,94.35,0.043365534263967,0.94,0.0,False,5,0.4609529242269585,0.415442454433504,0.04551046979345447,6.469651498156284e-05,0.9301519832316271,-0.00984801676837288,0.00984801676837288,0.7491849163147333,-0.19081508368526667,0.19081508368526667
2026-09-03,2026-09,put,call,jaou6_9500c,95.0,0.0502311540499487,0.8,0.0,False,5,0.4609529242269585,0.415442454433504,0.04551046979345447,6.469651498156284e-05,0.7839212247423043,-0.016078775257695743,0.016078775257695743,0.6163838960338637,-0.18361610396613637,0.18361610396613637
2026-09-03,2026-09,put,call,jaou6_9800c,98.0,0.0813217411199798,0.38,0.0,False,5,0.4609529242269585,0.415442454433504,0.04551046979345447,6.469651498156284e-05,0.33073340713802624,-0.04926659286197377,0.04926659286197377,0.2296408942789504,-0.1503591057210496,0.1503591057210496
2026-09-03,2026-09,put,call,jaou6_10000c,100.0,0.1015244484374991,0.23,0.0,False,5,0.4609529242269585,0.415442454433504,0.04551046979345447,6.469651498156284e-05,0.17421002319496773,-0.05578997680503228,0.05578997680503228,0.1097033756801625,-0.12029662431983751,0.12029662431983751
2026-09-03,2026-09,put,call,jaou6_10205c,102.05,0.1218171517052616,0.14,0.0,False,5,0.4609529242269585,0.415442454433504,0.04551046979345447,6.469651498156284e-05,0.08568933737651284,-0.054310662623487174,0.054310662623487174,0.0480230576636965,-0.09197694233630352,0.09197694233630352
2026-09-03,2026-09,put,call,jaou6_10240c,102.4,0.1252409750548153,0.13,0.0,False,5,0.4609529242269585,0.415442454433504,0.04551046979345447,6.469651498156284e-05,0.07552320644147796,-0.054476793558522044,0.054476793558522044,0.0413974882400217,-0.0886025117599783,0.0886025117599783
2026-09-03,2026-09,put,call,jaou6_10300c,103.0,0.1310832506790436,0.11,0.0,False,5,0.4609529242269585,0.415442454433504,0.04551046979345447,6.469651498156284e-05,0.06061428915342822,-0.04938571084657178,0.04938571084657178,0.0319585928308218,-0.0780414071691782,0.0780414071691782
2026-09-03,2026-09,put,call,jaou6_10500c,105.0,0.1503146126069313,0.06,0.0,False,5,0.4609529242269585,0.415442454433504,0.04551046979345447,6.469651498156284e-05,0.02824979765344577,-0.03175020234655423,0.03175020234655423,0.0132875331380864,-0.0467124668619136,0.0467124668619136
2026-09-03,2026-09,put,call,jaou6_10520c,105.2,0.1522175627530174,0.06,0.0,False,5,0.4609529242269585,0.415442454433504,0.04551046979345447,6.469651498156284e-05,0.026107667104733397,-0.0338923328952666,0.0338923328952666,0.0121569002300008,-0.047843099769999196,0.047843099769999196
2026-09-03,2026-09,put,call,jaou6_10825c,108.25,0.1807976293320072,0.03,0.0,False,5,0.4609529242269585,0.415442454433504,0.04551046979345447,6.469651498156284e-05,0.007430995052772408,-0.02256900494722759,0.02256900494722759,0.0028494884952004,-0.0271505115047996,0.0271505115047996
2026-09-03,2026-09,put,call,jaou6_11000c,110.0,0.196834628241824,0.02,0.0,False,5,0.4609529242269585,0.415442454433504,0.04551046979345447,6.469651498156284e-05,0.0034592303125974048,-0.016540769687402597,0.016540769687402597,0.0012551951454536,-0.0187448048545464,0.0187448048545464
2026-09-03,2026-10,call,put,jaov6_7200p,72.0,-0.1875373081878907,0.47,0.0,False,19,0.4799504905516361,0.415442454433504,0.06450803611813205,0.01922358522277414,0.6564710244433662,0.18647102444336627,0.18647102444336627,0.3728073327846368,-0.09719266721536318,0.09719266721536318
2026-09-03,2026-10,call,put,jaov6_7400p,74.0,-0.1601383339997761,0.68,0.0,False,19,0.4799504905516361,0.415442454433504,0.06450803611813205,0.01922358522277414,0.9497338469900516,0.26973384699005154,0.26973384699005154,0.5867773488243896,-0.09322265117561046,0.09322265117561046
2026-09-03,2026-10,call,put,jaov6_7450p,74.5,-0.1534043018184321,0.74,0.0,False,19,0.4799504905516361,0.415442454433504,0.06450803611813205,0.01922358522277414,1.0362688855247324,0.2962688855247324,0.2962688855247324,0.652740331017499,-0.08725966898250104,0.08725966898250104
2026-09-03,2026-10,call,put,jaov6_7500p,75.0,-0.1467153136676356,0.82,0.0,False,19,0.4799504905516361,0.415442454433504,0.06450803611813205,0.01922358522277414,1.128480046851056,0.3084800468510561,0.3084800468510561,0.7243352507695686,-0.09566474923043133,0.09566474923043133
2026-09-03,2026-10,call,put,jaov6_7600p,76.0,-0.1334700869176149,0.98,0.0,False,19,0.4799504905516361,0.415442454433504,0.06450803611813205,0.01922358522277414,1.3306633738830502,0.35066337388305024,0.35066337388305024,0.8850869145935597,-0.09491308540644028,0.09491308540644028
2026-09-03,2026-10,call,put,jaov6_7800p,78.0,-0.1074946005143541,1.39,0.0,False,19,0.4799504905516361,0.415442454433504,0.06450803611813205,0.01922358522277414,1.8107964263119385,0.4207964263119386,0.4207964263119386,1.2846571077101303,-0.1053428922898696,0.1053428922898696
2026-09-03,2026-10,call,put,jaov6_8000p,80.0,-0.0821767925300643,1.93,0.0,False,19,0.4799504905516361,0.415442454433504,0.06450803611813205,0.01922358522277414,2.399666565348718,0.469666565348718,0.469666565348718,1.800259620621265,-0.12974037937873484,0.12974037937873484
2026-09-03,2026-10,call,put,jaov6_8200p,82.0,-0.0574841799396929,2.62,0.0,False,19,0.4799504905516361,0.415442454433504,0.06450803611813205,0.01922358522277414,3.104255172935548,0.48425517293554776,0.48425517293554776,2.442631810407337,-0.17736818959266332,0.17736818959266332
2026-09-03,2026-10,call,put,jaov6_9000p,90.0,0.035606243126319,6.83,0.0,False,19,0.4799504905516361,0.415442454433504,0.06450803611813205,0.01922358522277414,7.118177165291771,0.2881771652917706,0.2881771652917706,6.391262070875106,-0.43873792912489407,0.43873792912489407
2026-09-03,2026-10,put,call,jaov6_9200c,92.0,0.0575851498450943,3.09,0.0,False,9,0.4353074789155201,0.415442454433504,0.019865024482016047,0.006020180581772578,2.818858771632959,-0.2711412283670409,0.2711412283670409,2.5833632266327493,-0.5066367733672505,0.5066367733672505
2026-09-03,2026-10,put,call,jaov6_9225c,92.25,0.0602988557166905,3.02,0.0,False,9,0.4353074789155201,0.415442454433504,0.019865024482016047,0.006020180581772578,2.741467112208782,-0.2785328877912181,0.2785328877912181,2.5078717897346485,-0.5121282102653515,0.5121282102653515
2026-09-03,2026-10,put,call,jaov6_9348c,93.48,0.0735440824667112,2.7,0.0,False,9,0.4353074789155201,0.415442454433504,0.019865024482016047,0.006020180581772578,2.3849053683994774,-0.31509463160052276,0.31509463160052276,2.1612177790109524,-0.5387822209890478,0.5387822209890478
2026-09-03,2026-10,put,call,jaov6_9353c,93.53,0.0740788132425135,2.69,0.0,False,9,0.4353074789155201,0.415442454433504,0.019865024482016047,0.006020180581772578,2.3712393495971664,-0.3187606504028335,0.3187606504028335,2.1479793261609053,-0.5420206738390947,0.5420206738390947
2026-09-03,2026-10,put,call,jaov6_9435c,94.35,0.0828078446106132,2.49,0.0,False,9,0.4353074789155201,0.415442454433504,0.019865024482016047,0.006020180581772578,2.1559953616636514,-0.33400463833634886,0.33400463833634886,1.940174334001345,-0.5498256659986551,0.5498256659986551
2026-09-03,2026-10,put,call,jaov6_9700c,97.0,0.1105075512994368,1.96,0.0,False,9,0.4353074789155201,0.415442454433504,0.019865024482016047,0.006020180581772578,1.566921995006308,-0.39307800499369194,0.39307800499369194,1.3780418828781555,-0.5819581171218444,0.5819581171218444
2026-09-03,2026-10,put,call,jaov6_9800c,98.0,0.1207640514666259,1.79,0.0,False,9,0.4353074789155201,0.415442454433504,0.019865024482016047,0.006020180581772578,1.3828826006048036,-0.4071173993951964,0.4071173993951964,1.2052103203074311,-0.5847896796925689,0.5847896796925689
2026-09-03,2026-10,put,call,jaov6_9911c,99.11,0.132026917214671,1.62,0.0,False,9,0.4353074789155201,0.415442454433504,0.019865024482016047,0.006020180581772578,1.2004017729108938,-0.4195982270891063,0.4195982270891063,1.035162688284394,-0.584837311715606,0.584837311715606
2026-09-03,2026-10,put,call,jaov6_9955c,99.55,0.1364566033062592,1.56,0.0,False,9,0.4353074789155201,0.415442454433504,0.019865024482016047,0.006020180581772578,1.1339971723644358,-0.4260028276355643,0.4260028276355643,0.9736383970781696,-0.5863616029218305,0.5863616029218305
2026-09-03,2026-10,put,call,jaov6_10000c,100.0,0.1409667587841454,1.5,0.0,False,9,0.4353074789155201,0.415442454433504,0.019865024482016047,0.006020180581772578,1.0693769291870678,-0.43062307081293216,0.43062307081293216,0.9140802896074116,-0.5859197103925884,0.5859197103925884
2026-09-03,2026-10,put,call,jaov6_10205c,102.05,0.1612594620519079,1.25,0.0,False,9,0.4353074789155201,0.415442454433504,0.019865024482016047,0.006020180581772578,0.8137164461687674,-0.43628355383123263,0.43628355383123263,0.6811434134119555,-0.5688565865880445,0.5688565865880445
2026-09-03,2026-10,put,call,jaov6_10240c,102.4,0.1646832854014614,1.21,0.0,False,9,0.4353074789155201,0.415442454433504,0.019865024482016047,0.006020180581772578,0.7758882741173885,-0.4341117258826115,0.4341117258826115,0.647037323236963,-0.562962676763037,0.562962676763037
2026-09-03,2026-10,put,call,jaov6_10300c,103.0,0.1705255610256897,1.14,0.0,False,9,0.4353074789155201,0.415442454433504,0.019865024482016047,0.006020180581772578,0.7146304886426679,-0.42536951135733203,0.42536951135733203,0.5921617380190578,-0.5478382619809421,0.5478382619809421
2026-09-03,2026-10,put,call,jaov6_10500c,105.0,0.1897569229535774,0.95,0.0,False,9,0.4353074789155201,0.415442454433504,0.019865024482016047,0.006020180581772578,0.5401884552444585,-0.4098115447555415,0.4098115447555415,0.4386493020874917,-0.5113506979125082,0.5113506979125082
2026-09-03,2026-10,put,call,jaov6_10800c,108.0,0.2179277999202736,0.73,0.0,False,9,0.4353074789155201,0.415442454433504,0.019865024482016047,0.006020180581772578,0.3494231625025787,-0.38057683749742127,0.38057683749742127,0.2741829995457112,-0.4558170004542888,0.4558170004542888
2026-09-03,2026-10,put,call,jaov6_11500c,115.0,0.280728701159304,0.41,0.0,False,9,0.4353074789155201,0.415442454433504,0.019865024482016047,0.006020180581772578,0.11811886050328921,-0.2918811394967108,0.2918811394967108,0.0857738078184963,-0.32422619218150367,0.32422619218150367
2026-09-03,2026-10,put,call,jaov6_12100c,121.0,0.3315871183927952,0.26,0.0,False,9,0.4353074789155201,0.415442454433504,0.019865024482016047,0.006020180581772578,0.0435834865209274,-0.2164165134790726,0.2164165134790726,0.0296953925684123,-0.2303046074315877,0.2303046074315877
2026-09-03,2026-10,put,call,jaov6_12500c,125.0,0.3641103100983551,0.19,0.0,False,9,0.4353074789155201,0.415442454433504,0.019865024482016047,0.006020180581772578,0.021754948730203692,-0.1682450512697963,0.1682450512697963,0.0144684522878934,-0.1755315477121066,0.1755315477121066
2026-09-03,2026-10,put,call,jaov6_16000c,160.0,0.6109703880298809,0.03,0.0,False,9,0.4353074789155201,0.415442454433504,0.019865024482016047,0.006020180581772578,2.439343135848529e-05,-0.029975606568641514,0.029975606568641514,3.830880974309528e-05,-0.029961691190256903,0.029961691190256903
2026-09-03,2026-11,call,put,jaox6_7200p,72.0,-0.1538274983580523,1.5,0.0,False,17,0.46300516633902083,0.415442454433504,0.04756271190551681,0.03222080817813854,1.9524234936525868,0.45242349365258683,0.45242349365258683,1.5136953170806786,0.013695317080678615,0.013695317080678615
2026-09-03,2026-11,call,put,jaox6_7400p,74.0,-0.1264285241699378,1.98,0.0,False,17,0.46300516633902083,0.415442454433504,0.04756271190551681,0.03222080817813854,2.496563724792688,0.5165637247926882,0.5165637247926882,2.0008063394574345,0.020806339457434486,0.020806339457434486
2026-09-03,2026-11,call,put,jaox6_7450p,74.5,-0.1196944919885937,2.12,0.0,False,17,0.46300516633902083,0.415442454433504,0.04756271190551681,0.03222080817813854,2.6469071907718362,0.5269071907718361,0.5269071907718361,2.137514302961913,0.017514302961912698,0.017514302961912698
2026-09-03,2026-11,call,put,jaox6_7500p,75.0,-0.113005503837797,2.26,0.0,False,17,0.46300516633902083,0.415442454433504,0.04756271190551681,0.03222080817813854,2.8031063283050823,0.5431063283050825,0.5431063283050825,2.2803218385917856,0.020321838591785824,0.020321838591785824
2026-09-03,2026-11,call,put,jaox6_7600p,76.0,-0.0997602770877765,2.57,0.0,False,17,0.46300516633902083,0.415442454433504,0.04756271190551681,0.03222080817813854,3.1332853499852424,0.5632853499852426,0.5632853499852426,2.5850476952446853,0.01504769524468541,0.01504769524468541
2026-09-03,2026-11,call,put,jaox6_7800p,78.0,-0.0737847906845158,3.27,0.0,False,17,0.46300516633902083,0.415442454433504,0.04756271190551681,0.03222080817813854,3.865900183153065,0.595900183153065,0.595900183153065,3.2736845758097752,0.0036845758097752146,0.0036845758097752146
2026-09-03,2026-11,call,put,jaox6_8000p,80.0,-0.0484669827002259,4.11,0.0,False,17,0.46300516633902083,0.415442454433504,0.04756271190551681,0.03222080817813854,4.696072353888323,0.5860723538883228,0.5860723538883228,4.069453119747512,-0.04054688025248865,0.04054688025248865
2026-09-03,2026-11,call,put,jaox6_8200p,82.0,-0.0237743701098544,5.06,0.0,False,17,0.46300516633902083,0.415442454433504,0.04756271190551681,0.03222080817813854,5.623859985702104,0.5638599857021047,0.5638599857021047,4.972903070549263,-0.08709692945073666,0.08709692945073666
2026-09-03,2026-11,call,put,jaox6_9000p,90.0,0.0693160529561575,9.97,0.0,False,17,0.46300516633902083,0.415442454433504,0.04756271190551681,0.03222080817813854,10.263886267002055,0.2938862670020548,0.2938862670020548,9.620222541752456,-0.34977745824754436,0.34977745824754436
2026-09-03,2026-11,put,call,jaox6_8950c,89.5,0.0637450079067021,4.25,0.0,False,9,0.4209606990461053,0.415442454433504,0.005518244612601253,0.011862808108768124,3.871256730592162,-0.37874326940783787,0.37874326940783787,3.822926685847592,-0.4270733141524081,0.4270733141524081
2026-09-03,2026-11,put,call,jaox6_9000c,90.0,0.0693160529561575,4.11,0.0,False,9,0.4209606990461053,0.415442454433504,0.005518244612601253,0.011862808108768124,3.7108201759003396,-0.3991798240996607,0.3991798240996607,3.66332428509183,-0.4466757149081704,0.4466757149081704
2026-09-03,2026-11,put,call,jaox6_9025c,90.25,0.0720899798388827,4.04,0.0,False,9,0.4209606990461053,0.415442454433504,0.005518244612601253,0.011862808108768124,3.6326312260543916,-0.40736877394560844,0.40736877394560844,3.5855075639202787,-0.45449243607972134,0.45449243607972134
2026-09-03,2026-11,put,call,jaox6_9100c,91.0,0.0803658891427424,3.84,0.0,False,9,0.4209606990461053,0.415442454433504,0.005518244612601253,0.011862808108768124,3.4060188148557753,-0.43398118514422457,0.43398118514422457,3.36017634462091,-0.4798236553790898,0.4798236553790898
2026-09-03,2026-11,put,call,jaox6_9196c,91.96,0.090860082520873,3.59,0.0,False,9,0.4209606990461053,0.415442454433504,0.005518244612601253,0.011862808108768124,3.1328895020758316,-0.45711049792416825,0.45711049792416825,3.08892279285549,-0.50107720714451,0.50107720714451
2026-09-03,2026-11,put,call,jaox6_9200c,92.0,0.0912949596749328,3.58,0.0,False,9,0.4209606990461053,0.415442454433504,0.005518244612601253,0.011862808108768124,3.121911236873987,-0.4580887631260131,0.4580887631260131,3.07801878973755,-0.5019812102624499,0.5019812102624499
2026-09-03,2026-11,put,call,jaox6_9225c,92.25,0.094008665546529,3.52,0.0,False,9,0.4209606990461053,0.415442454433504,0.005518244612601253,0.011862808108768124,3.054012146208875,-0.46598785379112506,0.46598785379112506,3.010556934173464,-0.5094430658265359,0.5094430658265359
2026-09-03,2026-11,put,call,jaox6_9348c,93.48,0.1072538922965495,3.24,0.0,False,9,0.4209606990461053,0.415442454433504,0.005518244612601253,0.011862808108768124,2.737477596980454,-0.5025224030195461,0.5025224030195461,2.6957888824166973,-0.5442111175833029,0.5442111175833029
2026-09-03,2026-11,put,call,jaox6_9353c,93.53,0.1077886230723519,3.23,0.0,False,9,0.4209606990461053,0.415442454433504,0.005518244612601253,0.011862808108768124,2.725211463545582,-0.5047885364544178,0.5047885364544178,2.683591763664867,-0.5464082363351328,0.5464082363351328
2026-09-03,2026-11,put,call,jaox6_9435c,94.35,0.1165176544404516,3.06,0.0,False,9,0.4209606990461053,0.415442454433504,0.005518244612601253,0.011862808108768124,2.5305145320921913,-0.5294854679078087,0.5294854679078087,2.4901984021871586,-0.5698015978128415,0.5698015978128415
2026-09-03,2026-11,put,call,jaox6_9700c,97.0,0.1442173611292753,2.56,0.0,False,9,0.4209606990461053,0.415442454433504,0.005518244612601253,0.011862808108768124,1.9796326834522069,-0.5803673165477932,0.5803673165477932,1.945529479016692,-0.6144705209833081,0.6144705209833081
2026-09-03,2026-11,put,call,jaox6_9911c,99.11,0.1657367270445095,2.23,0.0,False,9,0.4209606990461053,0.415442454433504,0.005518244612601253,0.011862808108768124,1.6179141162294113,-0.6120858837705887,0.6120858837705887,1.5896785677008844,-0.6403214322991155,0.6403214322991155
2026-09-03,2026-11,put,call,jaox6_10000c,100.0,0.1746765686139838,2.11,0.0,False,9,0.4209606990461053,0.415442454433504,0.005518244612601253,0.011862808108768124,1.483520990548754,-0.6264790094512458,0.6264790094512458,1.4577834256736326,-0.6522165743263673,0.6522165743263673
2026-09-03,2026-11,put,call,jaox6_10205c,102.05,0.1949692718817461,1.85,0.0,False,9,0.4209606990461053,0.415442454433504,0.005518244612601253,0.011862808108768124,1.2106512321793996,-0.6393487678206005,0.6393487678206005,1.190499170715383,-0.6595008292846172,0.6595008292846172
2026-09-03,2026-11,put,call,jaox6_10240c,102.4,0.1983930952312998,1.8,0.0,False,9,0.4209606990461053,0.415442454433504,0.005518244612601253,0.011862808108768124,1.1687994873681558,-0.6312005126318443,0.6312005126318443,1.1495292907773842,-0.6504707092226159,0.6504707092226159
2026-09-03,2026-11,put,call,jaox6_10500c,105.0,0.2234667327834158,1.53,0.0,False,9,0.4209606990461053,0.415442454433504,0.005518244612601253,0.011862808108768124,0.8962080674447134,-0.6337919325552867,0.6337919325552867,0.8833354362904388,-0.6466645637095613,0.6466645637095613
2026-09-03,2026-11,put,call,jaox6_10800c,108.0,0.2516376097501121,1.27,0.0,False,9,0.4209606990461053,0.415442454433504,0.005518244612601253,0.011862808108768124,0.6538822303123561,-0.6161177696876439,0.6161177696876439,0.6459264324320952,-0.6240735675679048,0.6240735675679048
2026-09-03,2027-03,call,put,jaoh7_6800p,68.0,-0.1038875643898542,4.19,0.0,False,16,0.362853839147824,0.415442454433504,-0.05258861528568004,0.004393835530582246,4.193350514566588,0.003350514566587748,0.003350514566587748,5.176673502314166,0.986673502314166,0.986673502314166
2026-09-03,2027-03,call,put,jaoh7_6900p,69.0,-0.0892887649687015,4.56,0.0,False,16,0.362853839147824,0.415442454433504,-0.05258861528568004,0.004393835530582246,4.589273628230959,0.02927362823095958,0.02927362823095958,5.598273824304815,1.0382738243048157,1.0382738243048157
2026-09-03,2027-03,call,put,jaoh7_7000p,70.0,-0.0749000275166019,4.95,100.0,True,16,0.362853839147824,0.415442454433504,-0.05258861528568004,0.004393835530582246,5.006404378678323,0.05640437867832304,0.05640437867832304,6.0384840183155015,1.0884840183155013,1.0884840183155013
2026-09-03,2027-03,call,put,jaoh7_7100p,71.0,-0.0607153925246455,5.36,0.0,False,16,0.362853839147824,0.415442454433504,-0.05258861528568004,0.004393835530582246,5.444654382889815,0.08465438288981453,0.08465438288981453,6.497238993083374,1.1372389930833737,1.1372389930833737
2026-09-03,2027-03,call,put,jaoh7_7150p,71.5,-0.053697819865999,5.58,0.0,False,16,0.362853839147824,0.415442454433504,-0.05258861528568004,0.004393835530582246,5.6716546778134775,0.09165467781347747,0.09165467781347747,6.733347794421071,1.1533477944210713,1.1533477944210713
2026-09-03,2027-03,call,put,jaoh7_7250p,72.5,-0.0398087077053319,6.03,0.0,False,16,0.362853839147824,0.415442454433504,-0.05258861528568004,0.004393835530582246,6.141285261873206,0.11128526187320542,0.11128526187320542,7.219093850692465,1.1890938506924646,1.1890938506924646
2026-09-03,2027-03,call,put,jaoh7_7300p,73.0,-0.0329358284175697,6.27,0.0,False,16,0.362853839147824,0.415442454433504,-0.05258861528568004,0.004393835530582246,6.383857040078296,0.11385704007829656,0.11385704007829656,7.468838532844847,1.1988385328448476,1.1988385328448476
2026-09-03,2027-03,call,put,jaoh7_7400p,74.0,-0.0193301763617911,6.75,0.0,False,16,0.362853839147824,0.415442454433504,-0.05258861528568004,0.004393835530582246,6.884343188300024,0.1343431883000239,0.1343431883000239,7.981163931062612,1.2311639310626123,1.2311639310626123
2026-09-03,2027-03,call,put,jaoh7_7450p,74.5,-0.012596144180447,7.01,0.0,False,16,0.362853839147824,0.415442454433504,-0.05258861528568004,0.004393835530582246,7.142180333967344,0.1321803339673444,0.1321803339673444,8.243951164945265,1.2339511649452657,1.2339511649452657
2026-09-03,2027-03,call,put,jaoh7_7500p,75.0,-0.0059071560296504,7.27,0.0,False,16,0.362853839147824,0.415442454433504,-0.05258861528568004,0.004393835530582246,7.405023992418378,0.13502399241837804,0.13502399241837804,8.511125671269307,1.241125671269307,1.241125671269307
2026-09-03,2027-03,put,call,jaoh7_7900c,79.0,0.0460525829010606,6.13,0.0,False,10,0.3582975795028425,0.415442454433504,-0.057144874930661504,0.0016080386314351422,6.110206525669408,-0.019793474330591643,0.019793474330591643,7.320008062805857,1.1900080628058571,1.1900080628058571
2026-09-03,2027-03,put,call,jaoh7_8000c,80.0,0.0586313651079207,5.78,0.0,False,10,0.3582975795028425,0.415442454433504,-0.057144874930661504,0.0016080386314351422,5.748649598692503,-0.03135040130749722,0.03135040130749722,6.953910656796729,1.1739106567967283,1.1739106567967283
2026-09-03,2027-03,put,call,jaoh7_8025c,80.25,0.0617514924441642,5.7,0.0,False,10,0.3582975795028425,0.415442454433504,-0.057144874930661504,0.0016080386314351422,5.661059380555777,-0.03894061944422322,0.03894061944422322,6.864959191293478,1.1649591912934776,1.1649591912934776
2026-09-03,2027-03,put,call,jaoh7_8045c,80.45,0.0642406038724312,5.63,0.0,False,10,0.3582975795028425,0.415442454433504,-0.057144874930661504,0.0016080386314351422,5.5917818167296875,-0.038218183270312345,0.038218183270312345,6.794484059421102,1.1644840594211017,1.1644840594211017
2026-09-03,2027-03,put,call,jaoh7_8075c,80.75,0.067962692536805,5.53,0.0,False,10,0.3582975795028425,0.415442454433504,-0.057144874930661504,0.0016080386314351422,5.489179746646026,-0.04082025335397432,0.04082025335397432,6.689919874340654,1.1599198743406536,1.1599198743406536
2026-09-03,2027-03,put,call,jaoh7_8100c,81.0,0.0710538851064778,5.45,0.0,False,10,0.3582975795028425,0.415442454433504,-0.057144874930661504,0.0016080386314351422,5.404873463035604,-0.04512653696439628,0.04512653696439628,6.603784125793436,1.153784125793436,1.153784125793436
2026-09-03,2027-03,put,call,jaoh7_8102c,81.02,0.0713007682085835,5.45,0.0,False,10,0.3582975795028425,0.415442454433504,-0.057144874930661504,0.0016080386314351422,5.398175629026678,-0.051824370973322154,0.051824370973322154,6.596933039383041,1.1469330393830406,1.1469330393830406
2026-09-03,2027-03,put,call,jaoh7_8150c,81.5,0.0772077506808559,5.3,0.0,False,10,0.3582975795028425,0.415442454433504,-0.057144874930661504,0.0016080386314351422,5.239485303458087,-0.06051469654191255,0.06051469654191255,6.434228509948886,1.134228509948886,1.134228509948886
2026-09-03,2027-03,put,call,jaoh7_8185c,81.85,0.0814930342511828,5.19,0.0,False,10,0.3582975795028425,0.415442454433504,-0.057144874930661504,0.0016080386314351422,5.1262415072408585,-0.06375849275914192,0.06375849275914192,6.317657358422948,1.1276573584229475,1.1276573584229475
2026-09-03,2027-03,put,call,jaoh7_8342c,83.42,0.1004928192028383,4.74,0.0,False,10,0.3582975795028425,0.415442454433504,-0.057144874930661504,0.0016080386314351422,4.643194408777528,-0.09680559122247256,0.09680559122247256,5.816966937063825,1.0769669370638244,1.0769669370638244
2026-09-03,2027-03,put,call,jaoh7_8500c,85.0,0.1192559869243554,4.34,0.0,False,10,0.3582975795028425,0.415442454433504,-0.057144874930661504,0.0016080386314351422,4.196579185631746,-0.1434208143682536,0.1434208143682536,5.348522496167223,1.008522496167223,1.008522496167223
2026-09-03,2027-03,put,call,jaoh7_8525c,85.25,0.1221928465976651,4.28,0.0,False,10,0.3582975795028425,0.415442454433504,-0.057144874930661504,0.0016080386314351422,4.129394383936896,-0.1506056160631042,0.1506056160631042,5.277457658975104,0.9974576589751036,0.9974576589751036
2026-09-03,2027-03,put,call,jaoh7_8575c,85.75,0.1280408164800883,4.16,0.0,False,10,0.3582975795028425,0.415442454433504,-0.057144874930661504,0.0016080386314351422,3.9977944031004795,-0.16220559689952063,0.16220559689952063,5.137827755717848,0.9778277557178479,0.9778277557178479
2026-09-03,2027-03,put,call,jaoh7_8675c,86.75,0.1396351492610076,3.93,0.0,False,10,0.3582975795028425,0.415442454433504,-0.057144874930661504,0.0016080386314351422,3.745418298513647,-0.1845817014863531,0.1845817014863531,4.868077628545841,0.9380776285458405,0.9380776285458405
2026-09-03,2027-03,put,call,jaoh7_8700c,87.0,0.1425128490886227,3.88,0.0,False,10,0.3582975795028425,0.415442454433504,-0.057144874930661504,0.0016080386314351422,3.6845262298202606,-0.19547377017973933,0.19547377017973933,4.802632400635736,0.9226324006357363,0.9226324006357363
2026-09-03,2027-03,put,call,jaoh7_8705c,87.05,0.143087396648237,3.87,0.0,False,10,0.3582975795028425,0.415442454433504,-0.057144874930661504,0.0016080386314351422,3.6724516224791253,-0.19754837752087484,0.19754837752087484,4.78963895187543,0.91963895187543,0.91963895187543
2026-09-03,2027-09,call,put,jaou7_5800p,58.0,-0.1988894005791189,3.42,0.0,False,20,0.2965128658692116,0.415442454433504,-0.11892958856429242,0.012289552097697257,2.7676610908946575,-0.6523389091053424,0.6523389091053424,5.201785940621267,1.7817859406212673,1.7817859406212673
2026-09-03,2027-09,call,put,jaou7_5900p,59.0,-0.1817949672198188,3.69,0.0,False,20,0.2965128658692116,0.415442454433504,-0.11892958856429242,0.012289552097697257,3.0676470082022096,-0.6223529917977904,0.6223529917977904,5.585695403646115,1.895695403646115,1.895695403646115
2026-09-03,2027-09,call,put,jaou7_6000p,60.0,-0.1649878489034375,3.97,0.0,False,20,0.2965128658692116,0.415442454433504,-0.11892958856429242,0.012289552097697257,3.3870852078016114,-0.5829147921983888,0.5829147921983888,5.984758949694629,2.0147589496946288,2.0147589496946288
2026-09-03,2027-09,call,put,jaou7_6200p,62.0,-0.1321980260804467,4.58,0.0,False,20,0.2965128658692116,0.415442454433504,-0.11892958856429242,0.012289552097697257,4.084826303265441,-0.49517369673455924,0.49517369673455924,6.829369904644892,2.249369904644892,2.249369904644892
2026-09-03,2027-09,call,put,jaou7_6420p,64.2,-0.0973292004296227,5.33,0.0,False,20,0.2965128658692116,0.415442454433504,-0.11892958856429242,0.012289552097697257,4.9432604787483,-0.38673952125169997,0.38673952125169997,7.82758965008644,2.4975896500864403,2.4975896500864403
2026-09-03,2027-09,call,put,jaou7_6500p,65.0,-0.0849451412299011,5.62,0.0,False,20,0.2965128658692116,0.415442454433504,-0.11892958856429242,0.012289552097697257,5.278930156423147,-0.3410698435768529,0.3410698435768529,8.207842322642016,2.5878423226420155,2.5878423226420155
2026-09-03,2027-09,call,put,jaou7_6750p,67.5,-0.0472048132470541,6.62,0.0,False,20,0.2965128658692116,0.415442454433504,-0.11892958856429242,0.012289552097697257,6.407597464321431,-0.21240253567856904,0.21240253567856904,9.454356374610684,2.8343563746106843,2.8343563746106843
2026-09-03,2027-09,call,put,jaou7_6800p,68.0,-0.0398247059494315,6.83,0.0,False,20,0.2965128658692116,0.415442454433504,-0.11892958856429242,0.012289552097697257,6.6476150993674334,-0.18238490063256663,0.18238490063256663,9.713835467211991,2.8838354672119912,2.8838354672119912
2026-09-03,2027-09,call,put,jaou7_6900p,69.0,-0.0252259065282788,7.28,0.0,False,20,0.2965128658692116,0.415442454433504,-0.11892958856429242,0.012289552097697257,7.14166775707263,-0.1383322429273699,0.1383322429273699,10.243382359231184,2.9633823592311836,2.9633823592311836
2026-09-03,2027-09,call,put,jaou7_7000p,70.0,-0.0108371690761792,7.75,0.0,False,20,0.2965128658692116,0.415442454433504,-0.11892958856429242,0.012289552097697257,7.654149643431438,-0.09585035656856178,0.09585035656856178,10.786693240859757,3.0366932408597567,3.0366932408597567
2026-09-03,2027-09,call,put,jaou7_7400p,74.0,0.0447326820786314,9.83,0.0,False,20,0.2965128658692116,0.415442454433504,-0.11892958856429242,0.012289552097697257,9.881133813603277,0.05113381360327729,0.05113381360327729,13.087063160936292,3.2570631609362923,3.2570631609362923
2026-09-03,2027-09,call,put,jaou7_7450p,74.5,0.0514667142599756,10.11,0.0,False,20,0.2965128658692116,0.415442454433504,-0.11892958856429242,0.012289552097697257,10.17859507067691,0.06859507067690984,0.06859507067690984,13.388114811659609,3.2781148116596093,3.2781148116596093
2026-09-03,2027-09,call,put,jaou7_7500p,75.0,0.058155702410772,10.4,0.0,False,20,0.2965128658692116,0.415442454433504,-0.11892958856429242,0.012289552097697257,10.480117596051427,0.08011759605142643,0.08011759605142643,13.691989583533983,3.291989583533983,3.291989583533983
2026-09-03,2027-09,put,call,jaou7_6820c,68.2,-0.0368878462761218,9.37,0.0,False,13,0.30631726438897905,0.415442454433504,-0.10912519004452498,0.07812591026786692,9.454235899830458,0.08423589983045865,0.08423589983045865,12.201649331896885,2.8316493318968856,2.8316493318968856
2026-09-03,2027-09,put,call,jaou7_6825c,68.25,-0.0361549770604691,9.35,0.0,False,13,0.30631726438897905,0.415442454433504,-0.10912519004452498,0.07812591026786692,9.431018085644697,0.08101808564469692,0.08101808564469692,12.1800982980001,2.8300982980001006,2.8300982980001006
2026-09-03,2027-09,put,call,jaou7_6860c,68.6,-0.0310398763936988,9.17,0.0,False,13,0.30631726438897905,0.415442454433504,-0.10912519004452498,0.07812591026786692,9.269755761587046,0.09975576158704591,0.09975576158704591,12.030241704624876,2.860241704624876,2.860241704624876
2026-09-03,2027-09,put,call,jaou7_6900c,69.0,-0.0252259065282788,8.96,0.0,False,13,0.30631726438897905,0.415442454433504,-0.10912519004452498,0.07812591026786692,9.08814884689413,0.12814884689412942,0.12814884689412942,11.861077913042667,2.9010779130426663,2.9010779130426663
2026-09-03,2027-09,put,call,jaou7_6905c,69.05,-0.0245015312702372,8.94,0.0,False,13,0.30631726438897905,0.415442454433504,-0.10912519004452498,0.07812591026786692,9.065649014302291,0.12564901430229192,0.12564901430229192,11.84008515703611,2.900085157036111,2.900085157036111
2026-09-03,2027-09,put,call,jaou7_6930c,69.3,-0.0208875049296807,8.81,0.0,False,13,0.30631726438897905,0.415442454433504,-0.10912519004452498,0.07812591026786692,8.953817163996307,0.14381716399630662,0.14381716399630662,11.735632625708424,2.925632625708424,2.925632625708424
2026-09-03,2027-09,put,call,jaou7_7000c,70.0,-0.0108371690761792,8.47,0.0,False,13,0.30631726438897905,0.415442454433504,-0.10912519004452498,0.07812591026786692,8.646568349913728,0.17656834991372783,0.17656834991372783,11.447713121481105,2.977713121481104,2.977713121481104
2026-09-03,2027-09,put,call,jaou7_7110c,71.1,0.0047549256836567,7.96,0.0,False,13,0.30631726438897905,0.415442454433504,-0.10912519004452498,0.07812591026786692,8.18102521366466,0.22102521366465933,0.22102521366465933,11.008336510238456,3.048336510238456,3.048336510238456
2026-09-03,2027-09,put,call,jaou7_7200c,72.0,0.0173337078905169,7.56,0.0,False,13,0.30631726438897905,0.415442454433504,-0.10912519004452498,0.07812591026786692,7.815539632199181,0.25553963219918163,0.25553963219918163,10.660291069491953,3.100291069491953,3.100291069491953
2026-09-03,2027-09,put,call,jaou7_7335c,73.35,0.0359100934634522,6.99,0.0,False,13,0.30631726438897905,0.415442454433504,-0.10912519004452498,0.07812591026786692,7.292671361628951,0.3026713616289509,0.3026713616289509,10.156380337358645,3.1663803373586443,3.1663803373586443
2026-09-03,2027-09,put,call,jaou7_7400c,74.0,0.0447326820786314,6.73,0.0,False,13,0.30631726438897905,0.415442454433504,-0.10912519004452498,0.07812591026786692,7.051520974811879,0.3215209748118788,0.3215209748118788,9.921380348797117,3.191380348797116,3.191380348797116
2026-09-03,2027-09,put,call,jaou7_7450c,74.5,0.0514667142599756,6.53,0.0,False,13,0.30631726438897905,0.415442454433504,-0.10912519004452498,0.07812591026786692,6.870609909092236,0.3406099090922359,0.3406099090922359,9.744094162925366,3.214094162925366,3.214094162925366
2026-09-03,2027-09,put,call,jaou7_7500c,75.0,0.058155702410772,6.34,0.0,False,13,0.30631726438897905,0.415442454433504,-0.10912519004452498,0.07812591026786692,6.693630825038328,0.3536308250383282,0.3536308250383282,9.569631098204676,3.229631098204676,3.229631098204676
2026-09-03,2027-09,put,call,jaou7_7542c,75.42,0.0637400807046728,6.19,0.0,False,13,0.30631726438897905,0.415442454433504,-0.10912519004452498,0.07812591026786692,6.547967442879392,0.3579674428793913,0.3579674428793913,9.42528245024738,3.2352824502473796,3.2352824502473796
2026-09-03,2027-09,put,call,jaou7_7550c,75.5,0.0648002451294407,6.16,0.0,False,13,0.30631726438897905,0.415442454433504,-0.10912519004452498,0.07812591026786692,6.520529583680283,0.36052958368028243,0.36052958368028243,9.398016001706178,3.2380160017061783,3.2380160017061783
2026-09-03,2027-09,put,call,jaou7_7600c,76.0,0.0714009291607928,5.98,0.0,False,13,0.30631726438897905,0.415442454433504,-0.10912519004452498,0.07812591026786692,6.351251373824874,0.3712513738248733,0.3712513738248733,9.229147297983843,3.2491472979838427,3.2491472979838427
2026-09-03,2027-09,put,call,jaou7_7610c,76.1,0.0727158537421017,5.94,0.0,False,13,0.30631726438897905,0.415442454433504,-0.10912519004452498,0.07812591026786692,6.3178496296615005,0.37784962966150015,0.37784962966150015,9.195703027886982,3.255703027886981,3.255703027886981
2026-09-03,2027-09,put,call,jaou7_7705c,77.05,0.0851221506405865,5.62,0.0,False,13,0.30631726438897905,0.415442454433504,-0.10912519004452498,0.07812591026786692,6.007964009074397,0.38796400907439654,0.38796400907439654,8.883436133239925,3.2634361332399253,3.2634361332399253
2026-09-03,2027-09,put,call,jaou7_7710c,77.1,0.0857708694437453,5.61,0.0,False,13,0.30631726438897905,0.415442454433504,-0.10912519004452498,0.07812591026786692,5.992022596572105,0.3820225965721047,0.3820225965721047,8.867277737154753,3.2572777371547526,3.2572777371547526
2026-09-03,2027-09,put,call,jaou7_7725c,77.25,0.0877145046523164,5.56,0.0,False,13,0.30631726438897905,0.415442454433504,-0.10912519004452498,0.07812591026786692,5.944416776049846,0.3844167760498465,0.3844167760498465,8.818967309832457,3.2589673098324576,3.2589673098324576
2026-09-03,2028-03,call,put,jaoh8_5740p,57.4,-0.1821826793026164,4.13,0.0,False,19,0.26208653188287856,0.415442454433504,-0.15335592255062547,0.09253210395306811,3.373699242865163,-0.756300757134837,0.756300757134837,7.307792049012991,3.177792049012991,3.177792049012991
2026-09-03,2028-03,call,put,jaoh8_5900p,59.0,-0.1546895387224177,4.6,0.0,False,19,0.26208653188287856,0.415442454433504,-0.15335592255062547,0.09253210395306811,3.91189701321351,-0.6881029867864896,0.6881029867864896,8.013372459093258,3.4133724590932584,3.4133724590932584
2026-09-03,2028-03,call,put,jaoh8_6000p,60.0,-0.1378824204060365,4.92,0.0,False,19,0.26208653188287856,0.415442454433504,-0.15335592255062547,0.09253210395306811,4.272463118874917,-0.6475368811250828,0.6475368811250828,8.470166951886657,3.5501669518866574,3.5501669518866574
2026-09-03,2028-03,call,put,jaoh8_6165p,61.65,-0.1107537530177838,5.47,0.0,False,19,0.26208653188287856,0.415442454433504,-0.15335592255062547,0.09253210395306811,4.907986815772142,-0.5620131842278582,0.5620131842278582,9.249861188249298,3.7798611882492983,3.7798611882492983
2026-09-03,2028-03,call,put,jaoh8_6200p,62.0,-0.1050925975830456,5.59,0.0,False,19,0.26208653188287856,0.415442454433504,-0.15335592255062547,0.09253210395306811,5.049262676355197,-0.5407373236448025,0.5407373236448025,9.419352407064828,3.829352407064828,3.829352407064828
2026-09-03,2028-03,call,put,jaoh8_6250p,62.5,-0.0970604258857813,5.77,0.0,False,19,0.26208653188287856,0.415442454433504,-0.15335592255062547,0.09253210395306811,5.254989891915164,-0.5150101080848355,0.5150101080848355,9.663929117510104,3.8939291175101047,3.8939291175101047
2026-09-03,2028-03,call,put,jaoh8_6500p,65.0,-0.0578397127325,6.71,0.0,False,19,0.26208653188287856,0.415442454433504,-0.15335592255062547,0.09253210395306811,6.35178457636955,-0.3582154236304502,0.3582154236304502,10.929411092144074,4.219411092144074,4.219411092144074
2026-09-03,2028-03,call,put,jaoh8_6600p,66.0,-0.0425722406017116,7.12,0.0,False,19,0.26208653188287856,0.415442454433504,-0.15335592255062547,0.09253210395306811,6.821798866311101,-0.2982011336888988,0.2982011336888988,11.454867498101644,4.3348674981016435,4.3348674981016435
2026-09-03,2028-03,call,put,jaoh8_6750p,67.5,-0.020099384749653,7.75,0.0,False,19,0.26208653188287856,0.415442454433504,-0.15335592255062547,0.09253210395306811,7.559522383613726,-0.19047761638627403,0.19047761638627403,12.263325248982882,4.513325248982882,4.513325248982882
2026-09-03,2028-03,call,put,jaoh8_7000p,70.0,0.0162682594212219,8.89,0.0,False,19,0.26208653188287856,0.415442454433504,-0.15335592255062547,0.09253210395306811,8.873606140416134,-0.016393859583866188,0.016393859583866188,13.664093334624948,4.774093334624947,4.774093334624947
2026-09-03,2028-03,call,put,jaoh8_7450p,74.5,0.0785721427573766,11.25,0.0,False,19,0.26208653188287856,0.415442454433504,-0.15335592255062547,0.09253210395306811,11.488768466689226,0.23876846668922624,0.23876846668922624,16.340593984289292,5.090593984289292,5.090593984289292
2026-09-03,2028-03,put,call,jaoh8_6151c,61.51,-0.1130272194078602,12.32,0.0,False,11,0.2750171796259658,0.415442454433504,-0.14042527480753825,0.10235958264509541,12.097289347838808,-0.2227106521611919,0.2227106521611919,16.05799436262783,3.7379943626278305,3.7379943626278305
2026-09-03,2028-03,put,call,jaoh8_6200c,62.0,-0.1050925975830456,12.03,0.0,False,11,0.2750171796259658,0.415442454433504,-0.14042527480753825,0.10235958264509541,11.84039885581173,-0.1896011441882699,0.1896011441882699,15.836535252514118,3.8065352525141183,3.8065352525141183
2026-09-03,2028-03,put,call,jaoh8_6420c,64.2,-0.0702237719322216,10.78,0.0,False,11,0.2750171796259658,0.415442454433504,-0.14042527480753825,0.10235958264509541,10.738718876143981,-0.04128112385601845,0.04128112385601845,14.876085602202904,4.096085602202905,4.096085602202905
2026-09-03,2028-03,put,call,jaoh8_6500c,65.0,-0.0578397127325,10.34,0.0,False,11,0.2750171796259658,0.415442454433504,-0.14042527480753825,0.10235958264509541,10.358790301867815,0.018790301867815273,0.018790301867815273,14.54039541158776,4.20039541158776,4.20039541158776
2026-09-03,2028-03,put,call,jaoh8_6600c,66.0,-0.0425722406017116,9.81,0.0,False,11,0.2750171796259658,0.415442454433504,-0.14042527480753825,0.10235958264509541,9.899103855816364,0.08910385581636326,0.08910385581636326,14.130452308876794,4.320452308876794,4.320452308876794
2026-09-03,2028-03,put,call,jaoh8_6775c,67.75,-0.0164025228683268,8.91,0.0,False,11,0.2750171796259658,0.415442454433504,-0.14042527480753825,0.10235958264509541,9.134563953575109,0.2245639535751085,0.2245639535751085,13.439031511260431,4.529031511260431,4.529031511260431
2026-09-03,2028-03,put,call,jaoh8_6875c,68.75,-0.0017502460814565,8.42,0.0,False,11,0.2750171796259658,0.415442454433504,-0.14042527480753825,0.10235958264509541,8.719966926294415,0.2999669262944149,0.2999669262944149,13.058773385369175,4.638773385369175,4.638773385369175
2026-09-03,2028-03,put,call,jaoh8_6890c,68.9,0.0004291953914758,8.35,0.0,False,11,0.2750171796259658,0.415442454433504,-0.14042527480753825,0.10235958264509541,8.659148045737203,0.3091480457372029,0.3091480457372029,13.00265354938138,4.65265354938138,4.65265354938138
2026-09-03,2028-03,put,call,jaoh8_7000c,70.0,0.0162682594212219,7.83,0.0,False,11,0.2750171796259658,0.415442454433504,-0.14042527480753825,0.10235958264509541,8.223891886211053,0.393891886211053,0.393891886211053,12.598080110725965,4.768080110725965,4.768080110725965
2026-09-03,2028-03,put,call,jaoh8_7110c,71.1,0.0318603541810578,7.34,0.0,False,11,0.2750171796259658,0.415442454433504,-0.14042527480753825,0.10235958264509541,7.80721688605176,0.4672168860517605,0.4672168860517605,12.205451948432424,4.865451948432424,4.865451948432424
2026-09-03,2028-03,put,call,jaoh8_7275c,72.75,0.0548019234234646,6.64,0.0,False,11,0.2750171796259658,0.415442454433504,-0.14042527480753825,0.10235958264509541,7.215970971635354,0.5759709716353543,0.5759709716353543,11.63891514066266,4.9989151406626595,4.9989151406626595
2026-09-03,2028-03,put,call,jaoh8_7340c,73.4,0.0636969529923327,6.38,0.0,False,11,0.2750171796259658,0.415442454433504,-0.14042527480753825,0.10235958264509541,6.993858614721856,0.6138586147218561,0.6138586147218561,11.422696111512256,5.042696111512256,5.042696111512256
2026-09-03,2028-03,put,call,jaoh8_7450c,74.5,0.0785721427573766,5.97,0.0,False,11,0.2750171796259658,0.415442454433504,-0.14042527480753825,0.10235958264509541,6.631460216782425,0.6614602167824248,0.6614602167824248,11.065282971381908,5.095282971381908,5.095282971381908
2026-09-03,2028-03,put,call,jaoh8_7475c,74.75,0.0819222296426586,5.88,0.0,False,11,0.2750171796259658,0.415442454433504,-0.14042527480753825,0.10235958264509541,6.551416447692583,0.6714164476925832,0.6714164476925832,10.985596561551274,5.105596561551274,5.105596561551274
2026-09-03,2028-03,put,call,jaoh8_7500c,75.0,0.0852611309081732,5.8,0.0,False,11,0.2750171796259658,0.415442454433504,-0.14042527480753825,0.10235958264509541,6.472218448875761,0.6722184488757614,0.6722184488757614,10.906485756084855,5.106485756084855,5.106485756084855
2026-09-03,2028-03,put,call,jaoh8_7550c,75.5,0.0919056736268418,5.63,0.0,False,11,0.2750171796259658,0.415442454433504,-0.14042527480753825,0.10235958264509541,6.3163346817038,0.6863346817038005,0.6863346817038005,10.74990807226244,5.119908072262439,5.119908072262439
2026-09-03,2028-03,put,call,jaoh8_7670c,76.7,0.1076747257450733,5.24,0.0,False,11,0.2750171796259658,0.415442454433504,-0.14042527480753825,0.10235958264509541,5.955613050898093,0.7156130508980931,0.7156130508980931,10.383191475673431,5.143191475673431,5.143191475673431
2026-09-03,2028-03,put,call,jaoh8_7700c,77.0,0.1115784392255467,5.15,0.0,False,11,0.2750171796259658,0.415442454433504,-0.14042527480753825,0.10235958264509541,5.8683277815447585,0.7183277815447582,0.7183277815447582,10.293537856614542,5.143537856614541,5.143537856614541
2026-09-03,2028-03,put,call,jaoh8_7775c,77.75,0.1212715684312064,4.93,0.0,False,11,0.2750171796259658,0.415442454433504,-0.14042527480753825,0.10235958264509541,5.6550615266071995,0.7250615266071998,0.7250615266071998,10.07281671956455,5.14281671956455,5.14281671956455
2026-09-03,2028-09,call,put,jaou8_5000p,50.0,-0.303850653613365,3.01,0.0,False,16,0.23439529806782006,0.415442454433504,-0.18104715636568397,0.11133205580955138,1.7291660383679357,-1.280833961632064,1.280833961632064,5.964646025012597,2.9546460250125977,2.9546460250125977
2026-09-03,2028-09,call,put,jaou8_5500p,55.0,-0.2085404738090401,4.18,0.0,False,16,0.23439529806782006,0.415442454433504,-0.18104715636568397,0.11133205580955138,2.986203777467315,-1.1937962225326846,1.1937962225326846,8.00423011846637,3.824230118466371,3.824230118466371
2026-09-03,2028-09,call,put,jaou8_5700p,57.0,-0.1728223912069608,4.71,0.0,False,16,0.23439529806782006,0.415442454433504,-0.18104715636568397,0.11133205580955138,3.6128202710014214,-1.0971797289985785,1.0971797289985785,8.898627647770402,4.188627647770402,4.188627647770402
2026-09-03,2028-09,call,put,jaou8_5740p,57.4,-0.1658293557159903,4.83,0.0,False,16,0.23439529806782006,0.415442454433504,-0.18104715636568397,0.11133205580955138,3.746789188495214,-1.0832108115047863,1.0832108115047863,9.08263600939923,4.252636009399231,4.252636009399231
2026-09-03,2028-09,call,put,jaou8_6165p,61.65,-0.0944004294311578,6.12,0.0,False,16,0.23439529806782006,0.415442454433504,-0.18104715636568397,0.11133205580955138,5.347779388933647,-0.772220611066353,0.772220611066353,11.139511259418422,5.0195112594184215,5.0195112594184215
2026-09-03,2028-09,call,put,jaou8_6200p,62.0,-0.0887392739964195,6.23,0.0,False,16,0.23439529806782006,0.415442454433504,-0.18104715636568397,0.11133205580955138,5.493959311302235,-0.7360406886977655,0.7360406886977655,11.316951313225143,5.086951313225143,5.086951313225143
2026-09-03,2028-09,call,put,jaou8_6250p,62.5,-0.0807071022991553,6.39,0.0,False,16,0.23439529806782006,0.415442454433504,-0.18104715636568397,0.11133205580955138,5.7065152305907025,-0.6834847694092971,0.6834847694092971,11.572513854865846,5.182513854865847,5.182513854865847
2026-09-03,2028-09,call,put,jaou8_6500p,65.0,-0.0414863891458739,7.27,0.0,False,16,0.23439529806782006,0.415442454433504,-0.18104715636568397,0.11133205580955138,6.834130616448489,-0.43586938355151084,0.43586938355151084,12.887117508344396,5.617117508344396,5.617117508344396
2026-09-03,2028-09,call,put,jaou8_6750p,67.5,-0.0037460611630269,8.25,0.0,False,16,0.23439529806782006,0.415442454433504,-0.18104715636568397,0.11133205580955138,8.066719368814672,-0.1832806311853279,0.1832806311853279,14.261419807409332,6.011419807409332,6.011419807409332
2026-09-03,2028-09,call,put,jaou8_7000p,70.0,0.0326215830078478,9.38,0.0,False,16,0.23439529806782006,0.415442454433504,-0.18104715636568397,0.11133205580955138,9.399288310983088,0.019288310983087698,0.019288310983087698,15.690861108186528,6.310861108186527,6.310861108186527
2026-09-03,2028-09,call,put,jaou8_7450p,74.5,0.0949254663440027,11.8,0.0,False,16,0.23439529806782006,0.415442454433504,-0.18104715636568397,0.11133205580955138,12.03123644399799,0.23123644399798948,0.23123644399798948,18.390363460661064,6.590363460661063,6.590363460661063
2026-09-03,2028-09,put,call,jaou8_6151c,61.51,-0.0966738958212342,11.79,0.0,False,11,0.2535629392351818,0.415442454433504,-0.16187951519832222,0.31733697597989824,11.603552875868802,-0.18644712413119713,0.18644712413119713,16.888305520873278,5.098305520873279,5.098305520873279
2026-09-03,2028-09,put,call,jaou8_6500c,65.0,-0.0414863891458739,9.79,0.0,False,11,0.2535629392351818,0.415442454433504,-0.16187951519832222,0.31733697597989824,9.995469213528223,0.20546921352822345,0.20546921352822345,15.517101220794048,5.727101220794049,5.727101220794049
2026-09-03,2028-09,put,call,jaou8_6570c,65.7,-0.0307747335509461,9.41,0.0,False,11,0.2535629392351818,0.415442454433504,-0.16187951519832222,0.31733697597989824,9.69604934168859,0.28604934168859053,0.28604934168859053,15.25640850948504,5.846408509485039,5.846408509485039
2026-09-03,2028-09,put,call,jaou8_6600c,66.0,-0.0262189170150854,9.25,0.0,False,11,0.2535629392351818,0.415442454433504,-0.16187951519832222,0.31733697597989824,9.570029997003369,0.32002999700336865,0.32002999700336865,15.146094501083557,5.896094501083557,5.896094501083557
2026-09-03,2028-09,put,call,jaou8_6650c,66.5,-0.0186717113797025,8.99,0.0,False,11,0.2535629392351818,0.415442454433504,-0.16187951519832222,0.31733697597989824,9.363039412510807,0.3730394125108063,0.3730394125108063,14.964091704987524,5.974091704987524,5.974091704987524
2026-09-03,2028-09,put,call,jaou8_6775c,67.75,-4.919928170080811e-05,8.36,0.0,False,11,0.2535629392351818,0.415442454433504,-0.16187951519832222,0.31733697597989824,8.861967400908586,0.5019674009085868,0.5019674009085868,14.51872955804738,6.15872955804738,6.15872955804738
2026-09-03,2028-09,put,call,jaou8_7000c,70.0,0.0326215830078478,7.32,0.0,False,11,0.2535629392351818,0.415442454433504,-0.16187951519832222,0.31733697597989824,8.017402944139954,0.6974029441399541,0.6974029441399541,13.751435928756775,6.431435928756775,6.431435928756775
2026-09-03,2028-09,put,call,jaou8_7110c,71.1,0.0482136777676841,6.85,0.0,False,11,0.2535629392351818,0.415442454433504,-0.16187951519832222,0.31733697597989824,7.63039648686677,0.7803964868667705,0.7803964868667705,13.391482499782365,6.541482499782365,6.541482499782365
2026-09-03,2028-09,put,call,jaou8_7275c,72.75,0.0711552470100907,6.21,0.0,False,11,0.2535629392351818,0.415442454433504,-0.16187951519832222,0.31733697597989824,7.080442160898419,0.8704421608984187,0.8704421608984187,12.869222542330665,6.659222542330665,6.659222542330665
2026-09-03,2028-09,put,call,jaou8_7340c,73.4,0.0800502765789589,5.98,0.0,False,11,0.2535629392351818,0.415442454433504,-0.16187951519832222,0.31733697597989824,6.873555947044328,0.8935559470443275,0.8935559470443275,12.669316927166353,6.689316927166352,6.689316927166352
2026-09-03,2028-09,put,call,jaou8_7450c,74.5,0.0949254663440027,5.6,0.0,False,11,0.2535629392351818,0.415442454433504,-0.16187951519832222,0.31733697597989824,6.535613581264429,0.9356135812644295,0.9356135812644295,12.338470278539848,6.7384702785398485,6.7384702785398485
2026-09-03,2028-09,put,call,jaou8_7500c,75.0,0.1016144544947993,5.44,0.0,False,11,0.2535629392351818,0.415442454433504,-0.16187951519832222,0.31733697597989824,6.386952088486646,0.946952088486646,0.946952088486646,12.191134172596133,6.7511341725961325,6.7511341725961325
2026-09-03,2028-09,put,call,jaou8_7560c,75.6,0.109582624143976,5.26,0.0,False,11,0.2535629392351818,0.415442454433504,-0.16187951519832222,0.31733697597989824,6.2125518634858,0.9525518634857999,0.9525518634857999,12.016741517145082,6.756741517145082,6.756741517145082
2026-09-03,2028-09,put,call,jaou8_7670c,76.7,0.1240280493316995,4.94,0.0,False,11,0.2535629392351818,0.415442454433504,-0.16187951519832222,0.31733697597989824,5.903880577617987,0.9638805776179868,0.9638805776179868,11.703798778063186,6.763798778063186,6.763798778063186
2026-09-03,2028-09,put,call,jaou8_7925c,79.25,0.1567337537158788,4.29,0.0,False,11,0.2535629392351818,0.415442454433504,-0.16187951519832222,0.31733697597989824,5.240963687263127,0.9509636872631271,0.9509636872631271,11.010153783269322,6.720153783269322,6.720153783269322
2026-09-03,2028-09,put,call,jaou8_8000c,80.0,0.1661529756323705,4.11,0.0,False,11,0.2535629392351818,0.415442454433504,-0.16187951519832222,0.31733697597989824,5.059323850281972,0.9493238502819716,0.9493238502819716,10.814264153989962,6.7042641539899615,6.7042641539899615
2026-09-04,2026-09,call,put,jaou6_7800p,78.0,-0.1497403692887591,0.02,0.0,False,16,0.44742580422389827,0.4152590507049439,0.03216675351895437,0.0012615035087913168,0.008075367352233798,-0.011924632647766203,0.011924632647766203,0.0040666363111888,-0.0159333636888112,0.0159333636888112
2026-09-04,2026-09,call,put,jaou6_8000p,80.0,-0.1244225613044692,0.04,0.0,False,16,0.44742580422389827,0.4152590507049439,0.03216675351895437,0.0012615035087913168,0.030729699856200554,-0.009270300143799447,0.009270300143799447,0.0185086423319175,-0.0214913576680825,0.0214913576680825
2026-09-04,2026-09,call,put,jaou6_8200p,82.0,-0.0997299487140977,0.1,0.0,False,16,0.44742580422389827,0.4152590507049439,0.03216675351895437,0.0012615035087913168,0.0954764940802324,-0.004523505919767606,0.004523505919767606,0.0648069150813416,-0.0351930849186584,0.0351930849186584
2026-09-04,2026-09,call,put,jaou6_8250p,82.5,-0.0936509026377155,0.13,0.0,False,16,0.44742580422389827,0.4152590507049439,0.03216675351895437,0.0012615035087913168,0.12317398123539824,-0.00682601876460176,0.00682601876460176,0.0856661514648346,-0.04433384853516541,0.04433384853516541
2026-09-04,2026-09,put,call,jaou6_9100c,91.0,0.004410310538499,1.95,0.0,False,4,0.45380820584359394,0.4152590507049439,0.03854915513865004,4.108056518992683e-05,2.0159889782867277,0.06598897828672778,0.06598897828672778,1.821280675117936,-0.12871932488206395,0.12871932488206395
2026-09-04,2026-09,put,call,jaou6_9150c,91.5,0.0098897763031247,1.74,0.0,False,4,0.45380820584359394,0.4152590507049439,0.03854915513865004,4.108056518992683e-05,1.7982085009354347,0.058208500935434726,0.058208500935434726,1.6053232278889218,-0.1346767721110782,0.1346767721110782
2026-09-04,2026-09,put,call,jaou6_9196c,91.96,0.0149045039166297,1.56,0.0,False,4,0.45380820584359394,0.4152590507049439,0.03854915513865004,4.108056518992683e-05,1.6131768470444523,0.05317684704445225,0.05317684704445225,1.4236773965983578,-0.13632260340164226,0.13632260340164226
2026-09-04,2026-09,put,call,jaou6_9200c,92.0,0.0153393810706893,1.55,0.0,False,4,0.45380820584359394,0.4152590507049439,0.03854915513865004,4.108056518992683e-05,1.5977686427770283,0.0477686427770283,0.0477686427770283,1.4086326570647576,-0.14136734293524245,0.14136734293524245
2026-09-04,2026-09,put,call,jaou6_9225c,92.25,0.0180530869422857,1.46,0.0,False,4,0.45380820584359394,0.4152590507049439,0.03854915513865004,4.108056518992683e-05,1.5038982374842607,0.043898237484260694,0.043898237484260694,1.3171942281905626,-0.14280577180943732,0.14280577180943732
2026-09-04,2026-09,put,call,jaou6_9250c,92.5,0.0207594485400286,1.38,0.0,False,4,0.45380820584359394,0.4152590507049439,0.03854915513865004,4.108056518992683e-05,1.41416502191587,0.03416502191587001,0.03416502191587001,1.2302837007597538,-0.1497162992402461,0.1497162992402461
2026-09-04,2026-09,put,call,jaou6_9435c,94.35,0.0405620758362081,0.87,0.0,False,4,0.45380820584359394,0.4152590507049439,0.03854915513865004,4.108056518992683e-05,0.8701283136697583,0.0001283136697582954,0.0001283136697582954,0.7155377382336805,-0.1544622617663195,0.1544622617663195
2026-09-04,2026-09,put,call,jaou6_9500c,95.0,0.0474276956221898,0.74,0.0,False,4,0.45380820584359394,0.4152590507049439,0.03854915513865004,4.108056518992683e-05,0.7243485752473853,-0.015651424752614718,0.015651424752614718,0.5821153483149283,-0.1578846516850717,0.1578846516850717
2026-09-04,2026-09,put,call,jaou6_9800c,98.0,0.0785182826922209,0.33,0.0,False,4,0.45380820584359394,0.4152590507049439,0.03854915513865004,4.108056518992683e-05,0.28540481674999585,-0.04459518325000417,0.04459518325000417,0.2020760070275866,-0.12792399297241341,0.12792399297241341
2026-09-04,2026-09,put,call,jaou6_10000c,100.0,0.0987209900097403,0.19,0.0,False,4,0.45380820584359394,0.4152590507049439,0.03854915513865004,4.108056518992683e-05,0.142167759658209,-0.04783224034179101,0.04783224034179101,0.0922078200768495,-0.09779217992315051,0.09779217992315051
2026-09-04,2026-09,put,call,jaou6_10205c,102.05,0.1190136932775027,0.11,0.0,False,4,0.45380820584359394,0.4152590507049439,0.03854915513865004,4.108056518992683e-05,0.06550193181557022,-0.04449806818442978,0.04449806818442978,0.0384057766221056,-0.0715942233778944,0.0715942233778944
2026-09-04,2026-09,put,call,jaou6_10240c,102.4,0.1224375166270565,0.1,0.0,False,4,0.45380820584359394,0.4152590507049439,0.03854915513865004,4.108056518992683e-05,0.05704455996732892,-0.042955440032671086,0.042955440032671086,0.0328565020510197,-0.06714349794898031,0.06714349794898031
2026-09-04,2026-09,put,call,jaou6_10300c,103.0,0.1282797922512847,0.08,0.0,False,4,0.45380820584359394,0.4152590507049439,0.03854915513865004,4.108056518992683e-05,0.04483102215424167,-0.03516897784575833,0.03516897784575833,0.0250220645048309,-0.054977935495169106,0.054977935495169106
2026-09-04,2026-09,put,call,jaou6_10500c,105.0,0.1475111541791723,0.05,0.0,False,4,0.45380820584359394,0.4152590507049439,0.03854915513865004,4.108056518992683e-05,0.01939002025044085,-0.030609979749559153,0.030609979749559153,0.0095028070186303,-0.0404971929813697,0.0404971929813697
2026-09-04,2026-09,put,call,jaou6_10520c,105.2,0.1494141043252586,0.04,0.0,False,4,0.45380820584359394,0.4152590507049439,0.03854915513865004,4.108056518992683e-05,0.017779616526068485,-0.022220383473931515,0.022220383473931515,0.0085783969972437,-0.0314216030027563,0.0314216030027563
2026-09-04,2026-09,put,call,jaou6_10825c,108.25,0.1779941709042483,0.02,0.0,False,4,0.45380820584359394,0.4152590507049439,0.03854915513865004,4.108056518992683e-05,0.004453892100634203,-0.015546107899365797,0.015546107899365797,0.0017938712677836,-0.0182061287322164,0.0182061287322164
2026-09-04,2026-10,call,put,jaov6_7200p,72.0,-0.1942763280585988,0.39,0.0,False,19,0.4601572468746851,0.4152590507049439,0.04489819616974122,0.018130159075215167,0.48846239633436817,0.09846239633436815,0.09846239633436815,0.314924941456373,-0.075075058543627,0.075075058543627
2026-09-04,2026-10,call,put,jaov6_7400p,74.0,-0.1668773538704843,0.56,0.0,False,19,0.4601572468746851,0.4152590507049439,0.04489819616974122,0.018130159075215167,0.7324386235146534,0.17243862351465333,0.17243862351465333,0.5039975463120088,-0.05600245368799128,0.05600245368799128
2026-09-04,2026-10,call,put,jaov6_7450p,74.5,-0.1601433216891403,0.62,0.0,False,19,0.4601572468746851,0.4152590507049439,0.04489819616974122,0.018130159075215167,0.8058459481026379,0.18584594810263788,0.18584594810263788,0.5628556982388875,-0.057144301761112515,0.057144301761112515
2026-09-04,2026-10,call,put,jaov6_7500p,75.0,-0.1534543335383437,0.68,0.0,False,19,0.4601572468746851,0.4152590507049439,0.04489819616974122,0.018130159075215167,0.884662709939116,0.20466270993911595,0.20466270993911595,0.6269299587704554,-0.05307004122954462,0.05307004122954462
2026-09-04,2026-10,call,put,jaov6_7600p,76.0,-0.140209106788323,0.81,0.0,False,19,0.4601572468746851,0.4152590507049439,0.04489819616974122,0.018130159075215167,1.0593825453123777,0.2493825453123777,0.2493825453123777,0.7720069657310308,-0.03799303426896927,0.03799303426896927
2026-09-04,2026-10,call,put,jaov6_7800p,78.0,-0.1142336203850623,1.16,0.0,False,19,0.4601572468746851,0.4152590507049439,0.04489819616974122,0.018130159075215167,1.482835893199896,0.32283589319989603,0.32283589319989603,1.136174963413112,-0.02382503658688795,0.02382503658688795
2026-09-04,2026-10,call,put,jaov6_8000p,80.0,-0.0889158124007726,1.62,0.0,False,19,0.4601572468746851,0.4152590507049439,0.04489819616974122,0.018130159075215167,2.014588093412568,0.39458809341256806,0.39458809341256806,1.6128787939884075,-0.007121206011592607,0.007121206011592607
2026-09-04,2026-10,call,put,jaov6_8200p,82.0,-0.064223199810401,2.24,0.0,False,19,0.4601572468746851,0.4152590507049439,0.04489819616974122,0.018130159075215167,2.663887716032069,0.4238877160320689,0.4238877160320689,2.213848847568188,-0.026151152431812097,0.026151152431812097
2026-09-04,2026-10,call,put,jaov6_8250p,82.5,-0.0581441537340189,2.41,0.0,False,19,0.4601572468746851,0.4152590507049439,0.04489819616974122,0.018130159075215167,2.845373752285565,0.43537375228556474,0.43537375228556474,2.384763740609851,-0.025236259390148952,0.025236259390148952
2026-09-04,2026-10,call,put,jaov6_9000p,90.0,0.0288672232556108,6.23,0.0,False,19,0.4601572468746851,0.4152590507049439,0.04489819616974122,0.018130159075215167,6.509562074584595,0.2795620745845948,0.2795620745845948,5.996113453886507,-0.23388654611349313,0.23388654611349313
2026-09-04,2026-10,put,call,jaov6_9200c,92.0,0.050846129974386,3.05,0.0,False,10,0.4215254663470081,0.4152590507049439,0.006266415642064205,0.003485395440678473,2.8319844229685045,-0.21801557703149532,0.21801557703149532,2.737167993846288,-0.312832006153712,0.312832006153712
2026-09-04,2026-10,put,call,jaov6_9225c,92.25,0.0535598358459824,2.97,0.0,False,10,0.4215254663470081,0.4152590507049439,0.006266415642064205,0.003485395440678473,2.7515851287082698,-0.21841487129173043,0.21841487129173043,2.6576681438001604,-0.31233185619983983,0.31233185619983983
2026-09-04,2026-10,put,call,jaov6_9348c,93.48,0.066805062596003,2.64,0.0,False,10,0.4215254663470081,0.4152590507049439,0.006266415642064205,0.003485395440678473,2.381776177270961,-0.2582238227290392,0.2582238227290392,2.292121511038953,-0.34787848896104734,0.34787848896104734
2026-09-04,2026-10,put,call,jaov6_9353c,93.53,0.0673397933718054,2.63,0.0,False,10,0.4215254663470081,0.4152590507049439,0.006266415642064205,0.003485395440678473,2.3676249656584356,-0.2623750343415643,0.2623750343415643,2.2781495465357646,-0.35185045346423527,0.35185045346423527
2026-09-04,2026-10,put,call,jaov6_9435c,94.35,0.0760688247399049,2.43,0.0,False,10,0.4215254663470081,0.4152590507049439,0.006266415642064205,0.003485395440678473,2.1449967920969177,-0.2850032079030824,0.2850032079030824,2.0585573774074994,-0.3714426225925007,0.3714426225925007
2026-09-04,2026-10,put,call,jaov6_9700c,97.0,0.1037685314287286,1.88,0.0,False,10,0.4215254663470081,0.4152590507049439,0.006266415642064205,0.003485395440678473,1.5388824384595676,-0.34111756154043227,0.34111756154043227,1.46334603036226,-0.4166539696377398,0.4166539696377398
2026-09-04,2026-10,put,call,jaov6_9800c,98.0,0.1140250315959177,1.71,0.0,False,10,0.4215254663470081,0.4152590507049439,0.006266415642064205,0.003485395440678473,1.3508024071361702,-0.3591975928638298,0.3591975928638298,1.280092078879287,-0.42990792112071285,0.42990792112071285
2026-09-04,2026-10,put,call,jaov6_9911c,99.11,0.1252878973439629,1.54,0.0,False,10,0.4215254663470081,0.4152590507049439,0.006266415642064205,0.003485395440678473,1.1651351851811573,-0.3748648148188427,0.3748648148188427,1.0997658965223511,-0.4402341034776489,0.4402341034776489
2026-09-04,2026-10,put,call,jaov6_9955c,99.55,0.1297175834355511,1.48,0.0,False,10,0.4215254663470081,0.4152590507049439,0.006266415642064205,0.003485395440678473,1.0978081563745832,-0.3821918436254168,0.3821918436254168,1.034446225381806,-0.4455537746181939,0.4455537746181939
2026-09-04,2026-10,put,call,jaov6_10000c,100.0,0.1342277389134371,1.41,0.0,False,10,0.4215254663470081,0.4152590507049439,0.006266415642064205,0.003485395440678473,1.0324273983958387,-0.3775726016041612,0.3775726016041612,0.971105383922403,-0.43889461607759694,0.43889461607759694
2026-09-04,2026-10,put,call,jaov6_10205c,102.05,0.1545204421811996,1.16,0.0,False,10,0.4215254663470081,0.4152590507049439,0.006266415642064205,0.003485395440678473,0.7753292476738428,-0.3846707523261571,0.3846707523261571,0.7235512422873891,-0.4364487577126108,0.4364487577126108
2026-09-04,2026-10,put,call,jaov6_10240c,102.4,0.1579442655307533,1.12,0.0,False,10,0.4215254663470081,0.4152590507049439,0.006266415642064205,0.003485395440678473,0.7375399047249551,-0.382460095275045,0.382460095275045,0.6872896669917163,-0.43271033300828377,0.43271033300828377
2026-09-04,2026-10,put,call,jaov6_10300c,103.0,0.1637865411549816,1.06,0.0,False,10,0.4215254663470081,0.4152590507049439,0.006266415642064205,0.003485395440678473,0.6765090688212428,-0.3834909311787572,0.3834909311787572,0.6288505229386079,-0.4311494770613922,0.4311494770613922
2026-09-04,2026-10,put,call,jaov6_10500c,105.0,0.1830179030828692,0.88,0.0,False,10,0.4215254663470081,0.4152590507049439,0.006266415642064205,0.003485395440678473,0.5040216606943146,-0.37597833930568536,0.37597833930568536,0.4652688340666559,-0.4147311659333441,0.4147311659333441
2026-09-04,2026-10,put,call,jaov6_10800c,108.0,0.2111887800495655,0.67,0.0,False,10,0.4215254663470081,0.4152590507049439,0.006266415642064205,0.003485395440678473,0.3183907158765701,-0.35160928412342995,0.35160928412342995,0.2904833368368938,-0.3795166631631062,0.3795166631631062
2026-09-04,2026-10,put,call,jaov6_11500c,115.0,0.2739896812885959,0.36,0.0,False,10,0.4215254663470081,0.4152590507049439,0.006266415642064205,0.003485395440678473,0.10095740771637791,-0.2590425922836221,0.2590425922836221,0.0901569926929426,-0.2698430073070574,0.2698430073070574
2026-09-04,2026-10,put,call,jaov6_12100c,121.0,0.324848098522087,0.22,0.0,False,10,0.4215254663470081,0.4152590507049439,0.006266415642064205,0.003485395440678473,0.03495657230372764,-0.18504342769627236,0.18504342769627236,0.0309327754789343,-0.1890672245210657,0.1890672245210657
2026-09-04,2026-10,put,call,jaov6_12500c,125.0,0.3573712902276469,0.17,0.0,False,10,0.4215254663470081,0.4152590507049439,0.006266415642064205,0.003485395440678473,0.016658351395998104,-0.1533416486040019,0.1533416486040019,0.0149523522787343,-0.15504764772126572,0.15504764772126572
2026-09-04,2026-10,put,call,jaov6_16000c,160.0,0.6042313681591727,0.03,0.0,False,10,0.4215254663470081,0.4152590507049439,0.006266415642064205,0.003485395440678473,1.1296733398124726e-05,-0.029988703266601874,0.029988703266601874,3.605230412470353e-05,-0.029963947695875296,0.029963947695875296
2026-09-04,2026-11,call,put,jaox6_7200p,72.0,-0.1623820153635576,1.3,0.0,False,17,0.44752765328407557,0.4152590507049439,0.03226860257913167,0.031589058025302444,1.6423504456408562,0.34235044564085615,0.34235044564085615,1.366813767277646,0.06681376727764587,0.06681376727764587
2026-09-04,2026-11,call,put,jaox6_7400p,74.0,-0.1349830411754431,1.72,0.0,False,17,0.44752765328407557,0.4152590507049439,0.03226860257913167,0.031589058025302444,2.1361999459028738,0.4161999459028738,0.4161999459028738,1.820100756210431,0.10010075621043102,0.10010075621043102
2026-09-04,2026-11,call,put,jaox6_7450p,74.5,-0.1282490089940991,1.85,0.0,False,17,0.44752765328407557,0.4152590507049439,0.03226860257913167,0.031589058025302444,2.2739014862257836,0.4239014862257835,0.4239014862257835,1.9482609392947945,0.0982609392947944,0.0982609392947944
2026-09-04,2026-11,call,put,jaox6_7500p,75.0,-0.1215600208433025,1.97,0.0,False,17,0.44752765328407557,0.4152590507049439,0.03226860257913167,0.031589058025302444,2.417470247185234,0.44747024718523387,0.44747024718523387,2.082365682559584,0.11236568255958423,0.11236568255958423
2026-09-04,2026-11,call,put,jaox6_7600p,76.0,-0.1083147940932818,2.25,0.0,False,17,0.44752765328407557,0.4152590507049439,0.03226860257913167,0.031589058025302444,2.7224997953128085,0.4724997953128085,0.4724997953128085,2.36879761563336,0.11879761563336011,0.11879761563336011
2026-09-04,2026-11,call,put,jaox6_7800p,78.0,-0.0823393076900211,2.9,0.0,False,17,0.44752765328407557,0.4152590507049439,0.03226860257913167,0.031589058025302444,3.405774498448773,0.5057744984487731,0.5057744984487731,3.019162784285744,0.11916278428574412,0.11916278428574412
2026-09-04,2026-11,call,put,jaox6_8000p,80.0,-0.0570214997057312,3.66,0.0,False,17,0.44752765328407557,0.4152590507049439,0.03226860257913167,0.031589058025302444,4.188782568435577,0.5287825684355765,0.5287825684355765,3.776060590876823,0.11606059087682308,0.11606059087682308
2026-09-04,2026-11,call,put,jaox6_8200p,82.0,-0.0323288871153597,4.56,0.0,False,17,0.44752765328407557,0.4152590507049439,0.03226860257913167,0.031589058025302444,5.07250375516581,0.5125037551658105,0.5125037551658105,4.64015078169178,0.08015078169178036,0.08015078169178036
2026-09-04,2026-11,call,put,jaox6_8250p,82.5,-0.0262498410389776,4.8,0.0,False,17,0.44752765328407557,0.4152590507049439,0.03226860257913167,0.031589058025302444,5.309121563832349,0.5091215638323492,0.5091215638323492,4.873105762563626,0.07310576256362644,0.07310576256362644
2026-09-04,2026-11,call,put,jaox6_9000p,90.0,0.060761535950652,9.3,0.0,False,17,0.44752765328407557,0.4152590507049439,0.03226860257913167,0.031589058025302444,9.578255728083235,0.2782557280832343,0.2782557280832343,9.141451464779283,-0.1585485352207172,0.1585485352207172
2026-09-04,2026-11,put,call,jaox6_8950c,89.5,0.0551904909011967,4.29,0.0,False,10,0.41084002382181684,0.4152590507049439,-0.004419026883127064,0.0068069592872641955,3.976793336993146,-0.31320666300685396,0.31320666300685396,4.066845907320939,-0.22315409267906094,0.22315409267906094
2026-09-04,2026-11,put,call,jaox6_9000c,90.0,0.060761535950652,4.14,0.0,False,10,0.41084002382181684,0.4152590507049439,-0.004419026883127064,0.0068069592872641955,3.8092371793570785,-0.3307628206429212,0.3307628206429212,3.898783916038928,-0.24121608396107153,0.24121608396107153
2026-09-04,2026-11,put,call,jaox6_9025c,90.25,0.0635354628333774,4.07,0.0,False,10,0.41084002382181684,0.4152590507049439,-0.004419026883127064,0.0068069592872641955,3.7275910095440734,-0.3424089904559269,0.3424089904559269,3.8169615646695223,-0.253038435330478,0.253038435330478
2026-09-04,2026-11,put,call,jaox6_9100c,91.0,0.0718113721372371,3.86,0.0,False,10,0.41084002382181684,0.4152590507049439,-0.004419026883127064,0.0068069592872641955,3.4910152274924915,-0.3689847725075084,0.3689847725075084,3.5797428004992478,-0.2802571995007521,0.2802571995007521
2026-09-04,2026-11,put,call,jaox6_9196c,91.96,0.0823055655153677,3.6,0.0,False,10,0.41084002382181684,0.4152590507049439,-0.004419026883127064,0.0068069592872641955,3.206017397847494,-0.3939826021525059,0.3939826021525059,3.2937229126619285,-0.3062770873380716,0.3062770873380716
2026-09-04,2026-11,put,call,jaox6_9200c,92.0,0.0827404426694274,3.59,0.0,False,10,0.41084002382181684,0.4152590507049439,-0.004419026883127064,0.0068069592872641955,3.1945659146795484,-0.39543408532045143,0.39543408532045143,3.282230680989166,-0.3077693190108337,0.3077693190108337
2026-09-04,2026-11,put,call,jaox6_9225c,92.25,0.0854541485410235,3.53,0.0,False,10,0.41084002382181684,0.4152590507049439,-0.004419026883127064,0.0068069592872641955,3.123747434180284,-0.4062525658197158,0.4062525658197158,3.2111447112871603,-0.3188552887128395,0.3188552887128395
2026-09-04,2026-11,put,call,jaox6_9348c,93.48,0.0986993752910443,3.23,0.0,False,10,0.41084002382181684,0.4152590507049439,-0.004419026883127064,0.0068069592872641955,2.79379505295847,-0.4362049470415301,0.4362049470415301,2.8792203495019155,-0.35077965049808446,0.35077965049808446
2026-09-04,2026-11,put,call,jaox6_9353c,93.53,0.0992341060668467,3.22,0.0,False,10,0.41084002382181684,0.4152590507049439,-0.004419026883127064,0.0068069592872641955,2.781016175214121,-0.43898382478587905,0.43898382478587905,2.866336435498428,-0.3536635645015722,0.3536635645015722
2026-09-04,2026-11,put,call,jaox6_9435c,94.35,0.1079631374349461,3.04,0.0,False,10,0.41084002382181684,0.4152590507049439,-0.004419026883127064,0.0068069592872641955,2.5782653491448335,-0.4617346508551665,0.4617346508551665,2.661728287654024,-0.37827171234597623,0.37827171234597623
2026-09-04,2026-11,put,call,jaox6_9700c,97.0,0.1356628441237699,2.53,0.0,False,10,0.41084002382181684,0.4152590507049439,-0.004419026883127064,0.0068069592872641955,2.0056963090325315,-0.5243036909674683,0.5243036909674683,2.083607744154357,-0.4463922558456428,0.4463922558456428
2026-09-04,2026-11,put,call,jaox6_9911c,99.11,0.1571822100390041,2.19,0.0,False,10,0.41084002382181684,0.4152590507049439,-0.004419026883127064,0.0068069592872641955,1.6309904254526322,-0.5590095745473678,0.5590095745473678,1.7051402827412026,-0.4848597172587974,0.4848597172587974
2026-09-04,2026-11,put,call,jaox6_10000c,100.0,0.1661220516084784,2.06,0.0,False,10,0.41084002382181684,0.4152590507049439,-0.004419026883127064,0.0068069592872641955,1.4921231509473722,-0.5678768490526278,0.5678768490526278,1.56454622989055,-0.49545377010945013,0.49545377010945013
2026-09-04,2026-11,put,call,jaox6_10205c,102.05,0.1864147548762408,1.8,0.0,False,10,0.41084002382181684,0.4152590507049439,-0.004419026883127064,0.0068069592872641955,1.21093443384841,-0.58906556615159,0.58906556615159,1.2794207097922976,-0.5205792902077024,0.5205792902077024
2026-09-04,2026-11,put,call,jaox6_10240c,102.4,0.1898385782257945,1.75,0.0,False,10,0.41084002382181684,0.4152590507049439,-0.004419026883127064,0.0068069592872641955,1.1679140918973399,-0.5820859081026601,0.5820859081026601,1.2356573059743832,-0.5143426940256168,0.5143426940256168
2026-09-04,2026-11,put,call,jaox6_10500c,105.0,0.2149122157779104,1.48,0.0,False,10,0.41084002382181684,0.4152590507049439,-0.004419026883127064,0.0068069592872641955,0.888602783939692,-0.5913972160603079,0.5913972160603079,0.9508404253049834,-0.5291595746950166,0.5291595746950166
2026-09-04,2026-11,put,call,jaox6_10800c,108.0,0.2430830927446068,1.22,0.0,False,10,0.41084002382181684,0.4152590507049439,-0.004419026883127064,0.0068069592872641955,0.6420077423680746,-0.5779922576319254,0.5779922576319254,0.696773996323907,-0.523226003676093,0.523226003676093
2026-09-04,2027-03,call,put,jaoh7_6800p,68.0,-0.1193561086118638,3.79,0.0,False,17,0.35655469499500825,0.4152590507049439,-0.05870435570993565,0.003723724717772256,3.73137499531318,-0.05862500468681997,0.05862500468681997,4.806170766678322,1.0161707666783224,1.0161707666783224
2026-09-04,2027-03,call,put,jaoh7_6900p,69.0,-0.1047573091907111,4.13,0.0,False,17,0.35655469499500825,0.4152590507049439,-0.05870435570993565,0.003723724717772256,4.1007278027610825,-0.029272197238917386,0.029272197238917386,5.208025798567401,1.0780257985674009,1.0780257985674009
2026-09-04,2027-03,call,put,jaoh7_7000p,70.0,-0.0903685717386115,4.49,4.0,True,17,0.35655469499500825,0.4152590507049439,-0.05870435570993565,0.003723724717772256,4.491346538511053,0.0013465385110524863,0.0013465385110524863,5.6278248898751535,1.1378248898751533,1.1378248898751533
2026-09-04,2027-03,call,put,jaoh7_7100p,71.0,-0.076183936746655,4.88,0.0,False,17,0.35655469499500825,0.4152590507049439,-0.05870435570993565,0.003723724717772256,4.90323022807417,0.02323022807417008,0.02323022807417008,6.065966020939122,1.185966020939122,1.185966020939122
2026-09-04,2027-03,call,put,jaoh7_7150p,71.5,-0.0691663640880084,5.08,0.0,False,17,0.35655469499500825,0.4152590507049439,-0.05870435570993565,0.003723724717772256,5.117127994483629,0.03712799448362869,0.03712799448362869,6.291907435729035,1.2119074357290351,1.2119074357290351
2026-09-04,2027-03,call,put,jaoh7_7250p,72.5,-0.0552772519273413,5.5,0.0,False,17,0.35655469499500825,0.4152590507049439,-0.05870435570993565,0.003723724717772256,5.560763858450309,0.06076385845030874,0.06076385845030874,6.757386996620046,1.2573869966200464,1.2573869966200464
2026-09-04,2027-03,call,put,jaoh7_7300p,73.0,-0.0484043726395793,5.72,0.0,False,17,0.35655469499500825,0.4152590507049439,-0.05870435570993565,0.003723724717772256,5.7904620179493165,0.07046201794931672,0.07046201794931672,6.996672308338583,1.2766723083385836,1.2766723083385836
2026-09-04,2027-03,call,put,jaoh7_7400p,74.0,-0.0347987205838007,6.18,0.0,False,17,0.35655469499500825,0.4152590507049439,-0.05870435570993565,0.003723724717772256,6.265492072596259,0.08549207259625913,0.08549207259625913,7.488908026794808,1.3089080267948079,1.3089080267948079
2026-09-04,2027-03,call,put,jaoh7_7450p,74.5,-0.0280646884024566,6.42,0.0,False,17,0.35655469499500825,0.4152590507049439,-0.05870435570993565,0.003723724717772256,6.51076306653456,0.09076306653456001,0.09076306653456001,7.741582192923309,1.3215821929233087,1.3215821929233087
2026-09-04,2027-03,call,put,jaoh7_7500p,75.0,-0.02137570025166,6.66,0.0,False,17,0.35655469499500825,0.4152590507049439,-0.05870435570993565,0.003723724717772256,6.761158737941416,0.10115873794141628,0.10115873794141628,7.998442843643021,1.338442843643021,1.338442843643021
2026-09-04,2027-03,put,call,jaoh7_7900c,79.0,0.0305840386790509,6.55,0.0,False,10,0.3544979832846732,0.4152590507049439,-0.06076106742027071,0.0024097810123631484,6.573682543959373,0.023682543959373525,0.023682543959373525,7.8784580215843825,1.3284580215843826,1.3284580215843826
2026-09-04,2027-03,put,call,jaoh7_8000c,80.0,0.0431628208859112,6.17,11.0,True,10,0.3544979832846732,0.4152590507049439,-0.06076106742027071,0.0024097810123631484,6.189828260047616,0.019828260047615842,0.019828260047615842,7.493170327577038,1.3231703275770377,1.3231703275770377
2026-09-04,2027-03,put,call,jaoh7_8025c,80.25,0.0462829482221547,6.08,0.0,False,10,0.3544979832846732,0.4152590507049439,-0.06076106742027071,0.0024097810123631484,6.09675491273858,0.01675491273857954,0.01675491273857954,7.399295577474943,1.3192955774749429,1.3192955774749429
2026-09-04,2027-03,put,call,jaoh7_8045c,80.45,0.0487720596504217,6.01,0.0,False,10,0.3544979832846732,0.4152590507049439,-0.06076106742027071,0.0024097810123631484,6.023117818239618,0.01311781823961855,0.01311781823961855,7.324888943666505,1.3148889436665048,1.3148889436665048
2026-09-04,2027-03,put,call,jaoh7_8075c,80.75,0.0524941483147954,5.91,0.0,False,10,0.3544979832846732,0.4152590507049439,-0.06076106742027071,0.0024097810123631484,5.914021970522862,0.004021970522861906,0.004021970522861906,7.214380824818689,1.304380824818689,1.304380824818689
2026-09-04,2027-03,put,call,jaoh7_8100c,81.0,0.0555853408844682,5.82,0.0,False,10,0.3544979832846732,0.4152590507049439,-0.06076106742027071,0.0024097810123631484,5.824346425394381,0.004346425394381015,0.004346425394381015,7.1233762684540185,1.3033762684540182,1.3033762684540182
2026-09-04,2027-03,put,call,jaoh7_8102c,81.02,0.055832223986574,5.81,0.0,False,10,0.3544979832846732,0.4152590507049439,-0.06076106742027071,0.0024097810123631484,5.817220722808673,0.007220722808673585,0.007220722808673585,7.116138832475357,1.3061388324753578,1.3061388324753578
2026-09-04,2027-03,put,call,jaoh7_8150c,81.5,0.0617392064588465,5.65,0.0,False,10,0.3544979832846732,0.4152590507049439,-0.06076106742027071,0.0024097810123631484,5.648336671403082,-0.001663328596918312,0.001663328596918312,6.944474325112414,1.2944743251124136,1.2944743251124136
2026-09-04,2027-03,put,call,jaoh7_8185c,81.85,0.0660244900291733,5.54,0.0,False,10,0.3544979832846732,0.4152590507049439,-0.06076106742027071,0.0024097810123631484,5.5277519082359685,-0.012248091764031521,0.012248091764031521,6.821571080026297,1.2815710800262972,1.2815710800262972
2026-09-04,2027-03,put,call,jaoh7_8342c,83.42,0.0850242749808287,5.06,0.0,False,10,0.3544979832846732,0.4152590507049439,-0.06076106742027071,0.0024097810123631484,5.0127561808860355,-0.047243819113964136,0.047243819113964136,6.2919879803232055,1.231987980323206,1.231987980323206
2026-09-04,2027-03,put,call,jaoh7_8500c,85.0,0.1037874427023459,4.62,50.0,True,10,0.3544979832846732,0.4152590507049439,-0.06076106742027071,0.0024097810123631484,4.535658803538048,-0.08434119646195182,0.08434119646195182,5.794956704127821,1.1749567041278208,1.1749567041278208
2026-09-04,2027-03,put,call,jaoh7_8525c,85.25,0.1067243023756557,4.55,0.0,False,10,0.3544979832846732,0.4152590507049439,-0.06076106742027071,0.0024097810123631484,4.463807801901737,-0.08619219809826273,0.08619219809826273,5.7195808633933245,1.1695808633933247,1.1695808633933247
2026-09-04,2027-03,put,call,jaoh7_8575c,85.75,0.1125722722580787,4.42,0.0,False,10,0.3544979832846732,0.4152590507049439,-0.06076106742027071,0.0024097810123631484,4.323005363544038,-0.09699463645596218,0.09699463645596218,5.571342468835917,1.1513424688359173,1.1513424688359173
2026-09-04,2027-03,put,call,jaoh7_8635c,86.35,0.1195449908047171,4.28,0.0,False,10,0.3544979832846732,0.4152590507049439,-0.06076106742027071,0.0024097810123631484,4.159060141180408,-0.12093985881959224,0.12093985881959224,5.397804847445965,1.1178048474459645,1.1178048474459645
2026-09-04,2027-03,put,call,jaoh7_8675c,86.75,0.1241666050389981,4.18,0.0,False,10,0.3544979832846732,0.4152590507049439,-0.06076106742027071,0.0024097810123631484,4.052746615484195,-0.1272533845158046,0.1272533845158046,5.284734076088827,1.1047340760888273,1.1047340760888273
2026-09-04,2027-03,put,call,jaoh7_8700c,87.0,0.1270443048666132,4.12,0.0,False,10,0.3544979832846732,0.4152590507049439,-0.06076106742027071,0.0024097810123631484,3.987493042438025,-0.13250695756197528,0.13250695756197528,5.21513120788209,1.0951312078820896,1.0951312078820896
2026-09-04,2027-03,put,call,jaoh7_8705c,87.05,0.1276188524262276,4.11,0.0,False,10,0.3544979832846732,0.4152590507049439,-0.06076106742027071,0.0024097810123631484,3.9745513809010538,-0.13544861909894657,0.13544861909894657,5.201305889255476,1.0913058892554757,1.0913058892554757
2026-09-04,2027-09,call,put,jaou7_5800p,58.0,-0.2146878396382386,3.15,0.0,False,20,0.29282728248880713,0.4152590507049439,-0.12243176821613677,0.016988210902281517,2.474023216912128,-0.6759767830878718,0.6759767830878718,4.926897589321817,1.7768975893218175,1.7768975893218175
2026-09-04,2027-09,call,put,jaou7_5900p,59.0,-0.1975934062789385,3.39,0.0,False,20,0.29282728248880713,0.4152590507049439,-0.12243176821613677,0.016988210902281517,2.75248685980411,-0.6375131401958902,0.6375131401958902,5.296677233893977,1.9066772338939768,1.9066772338939768
2026-09-04,2027-09,call,put,jaou7_6000p,60.0,-0.1807862879625573,3.65,25.0,True,20,0.29282728248880713,0.4152590507049439,-0.12243176821613677,0.016988210902281517,3.0500637162468536,-0.5999362837531463,0.5999362837531463,5.681117688745148,2.0311176887451485,2.0311176887451485
2026-09-04,2027-09,call,put,jaou7_6200p,62.0,-0.1479964651395664,4.22,0.0,False,20,0.29282728248880713,0.4152590507049439,-0.12243176821613677,0.016988210902281517,3.7033592815677387,-0.516640718432261,0.516640718432261,6.495154083031083,2.275154083031083,2.275154083031083
2026-09-04,2027-09,call,put,jaou7_6420p,64.2,-0.1131276394887424,4.93,0.0,False,20,0.29282728248880713,0.4152590507049439,-0.12243176821613677,0.016988210902281517,4.512362738642516,-0.41763726135748414,0.41763726135748414,7.460674035652433,2.5306740356524333,2.5306740356524333
2026-09-04,2027-09,call,put,jaou7_6500p,65.0,-0.1007435802890208,5.2,130.0,True,20,0.29282728248880713,0.4152590507049439,-0.12243176821613677,0.016988210902281517,4.830053657692735,-0.36994634230726486,0.36994634230726486,7.828901175818462,2.628901175818462,2.628901175818462
2026-09-04,2027-09,call,put,jaou7_6750p,67.5,-0.0630032523061738,6.15,0.0,False,20,0.29282728248880713,0.4152590507049439,-0.12243176821613677,0.016988210902281517,5.902997740342557,-0.24700225965744327,0.24700225965744327,9.038302169187554,2.888302169187554,2.888302169187554
2026-09-04,2027-09,call,put,jaou7_6800p,68.0,-0.0556231450085512,6.35,0.0,False,20,0.29282728248880713,0.4152590507049439,-0.12243176821613677,0.016988210902281517,6.132008947637605,-0.2179910523623949,0.2179910523623949,9.290459143339374,2.9404591433393747,2.9404591433393747
2026-09-04,2027-09,call,put,jaou7_6900p,69.0,-0.0410243455873985,6.77,0.0,False,20,0.29282728248880713,0.4152590507049439,-0.12243176821613677,0.016988210902281517,6.604239693767286,-0.16576030623271354,0.16576030623271354,9.804711939928415,3.0347119399284157,3.0347119399284157
2026-09-04,2027-09,call,put,jaou7_7000p,70.0,-0.0266356081352989,7.21,42.0,True,20,0.29282728248880713,0.4152590507049439,-0.12243176821613677,0.016988210902281517,7.095193970192044,-0.11480602980795585,0.11480602980795585,10.332743341328408,3.122743341328408,3.122743341328408
2026-09-04,2027-09,call,put,jaou7_7400p,74.0,0.0289342430195117,9.19,0.0,False,20,0.29282728248880713,0.4152590507049439,-0.12243176821613677,0.016988210902281517,9.23982798991621,0.04982798991620996,0.04982798991620996,12.57598008837343,3.3859800883734312,3.3859800883734312
2026-09-04,2027-09,call,put,jaou7_7450p,74.5,0.0356682752008559,9.46,0.0,False,20,0.29282728248880713,0.4152590507049439,-0.12243176821613677,0.016988210902281517,9.527488850366277,0.06748885036627605,0.06748885036627605,12.87011217620758,3.41011217620758,3.41011217620758
2026-09-04,2027-09,call,put,jaou7_7500p,75.0,0.0423572633516524,9.74,0.0,False,20,0.29282728248880713,0.4152590507049439,-0.12243176821613677,0.016988210902281517,9.819332283428533,0.07933228342853305,0.07933228342853305,13.16703890051754,3.4270389005175392,3.4270389005175392
2026-09-04,2027-09,put,call,jaou7_6820c,68.2,-0.0526862853352415,9.96,0.0,False,13,0.30328158615647083,0.4152590507049439,-0.11197746454847307,0.08446726225534736,10.028607969086762,0.06860796908676114,0.06860796908676114,12.852075483868292,2.8920754838682914,2.8920754838682914
2026-09-04,2027-09,put,call,jaou7_6825c,68.25,-0.0519534161195888,9.93,0.0,False,13,0.30328158615647083,0.4152590507049439,-0.11197746454847307,0.08446726225534736,10.004348370396103,0.07434837039610365,0.07434837039610365,12.82977532259955,2.8997753225995506,2.8997753225995506
2026-09-04,2027-09,put,call,jaou7_6860c,68.6,-0.0468383154528185,9.74,0.0,False,13,0.30328158615647083,0.4152590507049439,-0.11197746454847307,0.08446726225534736,9.835808840583644,0.09580884058364347,0.09580884058364347,12.674598941466208,2.9345989414662075,2.9345989414662075
2026-09-04,2027-09,put,call,jaou7_6900c,69.0,-0.0410243455873985,9.53,0.0,False,13,0.30328158615647083,0.4152590507049439,-0.11197746454847307,0.08446726225534736,9.645919598911368,0.11591959891136838,0.11591959891136838,12.499280022326472,2.9692800223264726,2.9692800223264726
2026-09-04,2027-09,put,call,jaou7_6905c,69.05,-0.0402999703293568,9.5,0.0,False,13,0.30328158615647083,0.4152590507049439,-0.11197746454847307,0.08446726225534736,9.622387188530066,0.12238718853006603,0.12238718853006603,12.477521144635023,2.9775211446350234,2.9775211446350234
2026-09-04,2027-09,put,call,jaou7_6930c,69.3,-0.0366859439888003,9.37,0.0,False,13,0.30328158615647083,0.4152590507049439,-0.11197746454847307,0.08446726225534736,9.505401855626484,0.1354018556264851,0.1354018556264851,12.369248408366747,2.999248408366748,2.999248408366748
2026-09-04,2027-09,put,call,jaou7_7000c,70.0,-0.0266356081352989,9.01,0.0,False,13,0.30328158615647083,0.4152590507049439,-0.11197746454847307,0.08446726225534736,9.183811152048515,0.17381115204851483,0.17381115204851483,12.070733249064816,3.060733249064816,3.060733249064816
2026-09-04,2027-09,put,call,jaou7_7110c,71.1,-0.0110435133754627,8.47,0.0,False,13,0.30328158615647083,0.4152590507049439,-0.11197746454847307,0.08446726225534736,8.69601833030673,0.22601833030672935,0.22601833030672935,11.615046112082512,3.145046112082511,3.145046112082511
2026-09-04,2027-09,put,call,jaou7_7200c,72.0,0.0015352688313973,8.04,0.0,False,13,0.30328158615647083,0.4152590507049439,-0.11197746454847307,0.08446726225534736,8.312618872722785,0.27261887272278607,0.27261887272278607,11.254046197199663,3.2140461971996643,3.2140461971996643
2026-09-04,2027-09,put,call,jaou7_7335c,73.35,0.0201116544043327,7.44,0.0,False,13,0.30328158615647083,0.4152590507049439,-0.11197746454847307,0.08446726225534736,7.763424521202123,0.3234245212021225,0.3234245212021225,10.731555520836746,3.291555520836746,3.291555520836746
2026-09-04,2027-09,put,call,jaou7_7400c,74.0,0.0289342430195117,7.16,0.0,False,13,0.30328158615647083,0.4152590507049439,-0.11197746454847307,0.08446726225534736,7.509849824139162,0.3498498241391621,0.3498498241391621,10.487657297463247,3.3276572974632472,3.3276572974632472
2026-09-04,2027-09,put,call,jaou7_7450c,74.5,0.0356682752008559,6.95,0.0,False,13,0.30328158615647083,0.4152590507049439,-0.11197746454847307,0.08446726225534736,7.319498906640143,0.3694989066401426,0.3694989066401426,10.30350029796657,3.35350029796657,3.35350029796657
2026-09-04,2027-09,put,call,jaou7_7500c,75.0,0.0423572633516524,6.75,0.0,False,13,0.30328158615647083,0.4152590507049439,-0.11197746454847307,0.08446726225534736,7.133185192390227,0.3831851923902274,0.3831851923902274,10.122137934945709,3.372137934945709,3.372137934945709
2026-09-04,2027-09,put,call,jaou7_7542c,75.42,0.0479416416455531,6.58,0.0,False,13,0.30328158615647083,0.4152590507049439,-0.11197746454847307,0.08446726225534736,6.979764018499698,0.399764018499698,0.399764018499698,9.972088182247065,3.3920881822470648,3.3920881822470648
2026-09-04,2027-09,put,call,jaou7_7550c,75.5,0.049001806070321,6.55,0.0,False,13,0.30328158615647083,0.4152590507049439,-0.11197746454847307,0.08446726225534736,6.950857244114199,0.4008572441141993,0.4008572441141993,9.94374861710164,3.3937486171016404,3.3937486171016404
2026-09-04,2027-09,put,call,jaou7_7600c,76.0,0.0556024901016732,6.36,0.0,False,13,0.30328158615647083,0.4152590507049439,-0.11197746454847307,0.08446726225534736,6.772462752394943,0.41246275239494246,0.41246275239494246,9.768239339447838,3.408239339447838,3.408239339447838
2026-09-04,2027-09,put,call,jaou7_7610c,76.1,0.0569174146829822,6.32,0.0,False,13,0.30328158615647083,0.4152590507049439,-0.11197746454847307,0.08446726225534736,6.737251209182137,0.41725120918213676,0.41725120918213676,9.73346437230587,3.413464372305869,3.413464372305869
2026-09-04,2027-09,put,call,jaou7_7705c,77.05,0.0693237115814668,5.98,0.0,False,13,0.30328158615647083,0.4152590507049439,-0.11197746454847307,0.08446726225534736,6.410400652532605,0.4304006525326045,0.4304006525326045,9.408685225414407,3.428685225414407,3.428685225414407
2026-09-04,2027-09,put,call,jaou7_7710c,77.1,0.0699724303846257,5.96,0.0,False,13,0.30328158615647083,0.4152590507049439,-0.11197746454847307,0.08446726225534736,6.393577931408885,0.4335779314088848,0.4335779314088848,9.391863060453794,3.431863060453794,3.431863060453794
2026-09-04,2027-09,put,call,jaou7_7725c,77.25,0.071916065593197,5.91,0.0,False,13,0.30328158615647083,0.4152590507049439,-0.11197746454847307,0.08446726225534736,6.3433352211840175,0.43333522118401735,0.43333522118401735,9.341558773509131,3.4315587735091313,3.4315587735091313
2026-09-04,2028-03,call,put,jaoh8_5740p,57.4,-0.1965920692388389,3.75,0.0,False,19,0.255705266189571,0.4152590507049439,-0.1595537845153729,0.10277824619781631,3.0030482476979383,-0.7469517523020617,0.7469517523020617,7.042506008186113,3.2925060081861126,3.2925060081861126
2026-09-04,2028-03,call,put,jaoh8_5900p,59.0,-0.1690989286586401,4.19,0.0,False,19,0.255705266189571,0.4152590507049439,-0.1595537845153729,0.10277824619781631,3.506102801679898,-0.6838971983201025,0.6838971983201025,7.7308300187212975,3.540830018721297,3.540830018721297
2026-09-04,2028-03,call,put,jaoh8_6000p,60.0,-0.1522918103422589,4.49,0.0,False,19,0.255705266189571,0.4152590507049439,-0.1595537845153729,0.10277824619781631,3.8447724577898796,-0.6452275422101206,0.6452275422101206,8.176894511005587,3.686894511005587,3.686894511005587
2026-09-04,2028-03,call,put,jaoh8_6165p,61.65,-0.1251631429540063,5.01,0.0,False,19,0.255705266189571,0.4152590507049439,-0.1595537845153729,0.10277824619781631,4.444493566639529,-0.5655064333604711,0.5655064333604711,8.938945361351882,3.9289453613518823,3.9289453613518823
2026-09-04,2028-03,call,put,jaoh8_6200p,62.0,-0.1195019875192679,5.13,0.0,False,19,0.255705266189571,0.4152590507049439,-0.1595537845153729,0.10277824619781631,4.578249485181707,-0.5517505148182931,0.5517505148182931,9.104683612424258,3.9746836124242586,3.9746836124242586
2026-09-04,2028-03,call,put,jaoh8_6250p,62.5,-0.1114698158220038,5.3,0.0,False,19,0.255705266189571,0.4152590507049439,-0.1595537845153729,0.10277824619781631,4.773289750481138,-0.526710249518862,0.526710249518862,9.343906146578014,4.043906146578014,4.043906146578014
2026-09-04,2028-03,call,put,jaoh8_6500p,65.0,-0.0722491026687225,6.2,0.0,False,19,0.255705266189571,0.4152590507049439,-0.1595537845153729,0.10277824619781631,5.817859630351888,-0.3821403696481118,0.3821403696481118,10.582607704499036,4.382607704499036,4.382607704499036
2026-09-04,2028-03,call,put,jaoh8_6600p,66.0,-0.056981630537934,6.58,0.0,False,19,0.255705266189571,0.4152590507049439,-0.1595537845153729,0.10277824619781631,6.267661460792441,-0.31233853920755905,0.31233853920755905,11.09765390228151,4.517653902281509,4.517653902281509
2026-09-04,2028-03,call,put,jaoh8_6750p,67.5,-0.0345087746858754,7.19,0.0,False,19,0.255705266189571,0.4152590507049439,-0.1595537845153729,0.10277824619781631,6.975922023295698,-0.21407797670430195,0.21407797670430195,11.890209405053705,4.700209405053704,4.700209405053704
2026-09-04,2028-03,call,put,jaoh8_7000p,70.0,0.0018588694849992,8.28,0.0,False,19,0.255705266189571,0.4152590507049439,-0.1595537845153729,0.10277824619781631,8.243453305638571,-0.03654669436142832,0.03654669436142832,13.264186109043855,4.984186109043856,4.984186109043856
2026-09-04,2028-03,call,put,jaoh8_7450p,74.5,0.0641627528211541,10.54,0.0,False,19,0.255705266189571,0.4152590507049439,-0.1595537845153729,0.10277824619781631,10.783831332839839,0.24383133283983938,0.24383133283983938,15.895305362368012,5.3553053623680125,5.3553053623680125
2026-09-04,2028-03,put,call,jaoh8_6151c,61.51,-0.1274366093440827,12.81,0.0,False,11,0.2688714616080338,0.4152590507049439,-0.14638758909691008,0.1029314367120895,12.571503822891923,-0.23849617710807713,0.23849617710807713,16.68130603576792,3.8713060357679208,3.8713060357679208
2026-09-04,2028-03,put,call,jaoh8_6200c,62.0,-0.1195019875192679,12.51,0.0,False,11,0.2688714616080338,0.4152590507049439,-0.14638758909691008,0.1029314367120895,12.304774517555995,-0.20522548244400518,0.20522548244400518,16.454724041642926,3.9447240416429263,3.9447240416429263
2026-09-04,2028-03,put,call,jaoh8_6420c,64.2,-0.084633161868444,11.21,0.0,False,11,0.2688714616080338,0.4152590507049439,-0.14638758909691008,0.1029314367120895,11.159731848793973,-0.05026815120602812,0.05026815120602812,15.471267622244836,4.261267622244835,4.261267622244835
2026-09-04,2028-03,put,call,jaoh8_6500c,65.0,-0.0722491026687225,10.76,0.0,False,11,0.2688714616080338,0.4152590507049439,-0.14638758909691008,0.1029314367120895,10.764424533172388,0.004424533172388223,0.004424533172388223,15.127229859000778,4.367229859000778,4.367229859000778
2026-09-04,2028-03,put,call,jaoh8_6600c,66.0,-0.056981630537934,10.21,0.0,False,11,0.2688714616080338,0.4152590507049439,-0.14638758909691008,0.1029314367120895,10.285853121068124,0.07585312106812303,0.07585312106812303,14.70713663187761,4.497136631877609,4.497136631877609
2026-09-04,2028-03,put,call,jaoh8_6775c,67.75,-0.0308119128045493,9.28,0.0,False,11,0.2688714616080338,0.4152590507049439,-0.14638758909691008,0.1029314367120895,9.489262556847954,0.20926255684795514,0.20926255684795514,13.99762395754634,4.717623957546341,4.717623957546341
2026-09-04,2028-03,put,call,jaoh8_6875c,68.75,-0.0161596360176789,8.77,0.0,False,11,0.2688714616080338,0.4152590507049439,-0.14638758909691008,0.1029314367120895,9.056969535394849,0.2869695353948494,0.2869695353948494,13.606708135759316,4.8367081357593165,4.8367081357593165
2026-09-04,2028-03,put,call,jaoh8_6890c,68.9,-0.0139801945447466,8.7,0.0,False,11,0.2688714616080338,0.4152590507049439,-0.14638758909691008,0.1029314367120895,8.993537092002756,0.29353709200275624,0.29353709200275624,13.548993059251494,4.8489930592514945,4.8489930592514945
2026-09-04,2028-03,put,call,jaoh8_7000c,70.0,0.0018588694849992,8.16,0.0,False,11,0.2688714616080338,0.4152590507049439,-0.14638758909691008,0.1029314367120895,8.53945091620264,0.3794509162026394,0.3794509162026394,13.133111139017402,4.973111139017401,4.973111139017401
2026-09-04,2028-03,put,call,jaoh8_7110c,71.1,0.0174509642448355,7.64,0.0,False,11,0.2688714616080338,0.4152590507049439,-0.14638758909691008,0.1029314367120895,8.10455408851955,0.4645540885195496,0.4645540885195496,12.729519052900471,5.089519052900472,5.089519052900472
2026-09-04,2028-03,put,call,jaoh8_7275c,72.75,0.0403925334872422,6.91,0.0,False,11,0.2688714616080338,0.4152590507049439,-0.14638758909691008,0.1029314367120895,7.487156914187615,0.5771569141876149,0.5771569141876149,12.146297669831329,5.236297669831329,5.236297669831329
2026-09-04,2028-03,put,call,jaoh8_7340c,73.4,0.0492875630561103,6.64,0.0,False,11,0.2688714616080338,0.4152590507049439,-0.14638758909691008,0.1029314367120895,7.255140691407141,0.6151406914071416,0.6151406914071416,11.9237800501288,5.2837800501288,5.2837800501288
2026-09-04,2028-03,put,call,jaoh8_7450c,74.5,0.0641627528211541,6.2,0.0,False,11,0.2688714616080338,0.4152590507049439,-0.14638758909691008,0.1029314367120895,6.876502291721323,0.6765022917213228,0.6765022917213228,11.556102980266171,5.356102980266171,5.356102980266171
2026-09-04,2028-03,put,call,jaoh8_7475c,74.75,0.0675128397064363,6.1,0.0,False,11,0.2688714616080338,0.4152590507049439,-0.14638758909691008,0.1029314367120895,6.792859356829538,0.6928593568295387,0.6928593568295387,11.47399432031641,5.37399432031641,5.37399432031641
2026-09-04,2028-03,put,call,jaoh8_7500c,75.0,0.0708517409719509,6.01,0.0,False,11,0.2688714616080338,0.4152590507049439,-0.14638758909691008,0.1029314367120895,6.710096271793711,0.7000962717937114,0.7000962717937114,11.392443282579968,5.382443282579969,5.382443282579969
2026-09-04,2028-03,put,call,jaoh8_7550c,75.5,0.0774962836906194,5.82,0.0,False,11,0.2688714616080338,0.4152590507049439,-0.14638758909691008,0.1029314367120895,6.547184675928845,0.7271846759288447,0.7271846759288447,11.231005835500886,5.411005835500886,5.411005835500886
2026-09-04,2028-03,put,call,jaoh8_7670c,76.7,0.0932653358088509,5.41,0.0,False,11,0.2688714616080338,0.4152590507049439,-0.14638758909691008,0.1029314367120895,6.170153244905039,0.7601532449050392,0.7601532449050392,10.852723185037847,5.442723185037847,5.442723185037847
2026-09-04,2028-03,put,call,jaoh8_7700c,77.0,0.0971690492893242,5.31,0.0,False,11,0.2688714616080338,0.4152590507049439,-0.14638758909691008,0.1029314367120895,6.078913251021426,0.7689132510214263,0.7689132510214263,10.760116153505589,5.450116153505589,5.450116153505589
2026-09-04,2028-03,put,call,jaoh8_7775c,77.75,0.106862178494984,5.07,0.0,False,11,0.2688714616080338,0.4152590507049439,-0.14638758909691008,0.1029314367120895,5.8559742390853495,0.7859742390853492,0.7859742390853492,10.532088110860403,5.462088110860403,5.462088110860403
2026-09-04,2028-09,call,put,jaou8_5000p,50.0,-0.3160265454609235,2.82,0.0,False,16,0.23164162064316215,0.4152590507049439,-0.18361743006178174,0.13517911640508562,1.5695337082596659,-1.250466291740334,1.250466291740334,5.793820500299801,2.973820500299801,2.973820500299801
2026-09-04,2028-09,call,put,jaou8_5500p,55.0,-0.2207163656565987,3.94,0.0,False,16,0.23164162064316215,0.4152590507049439,-0.18361743006178174,0.13517911640508562,2.753145700566556,-1.1868542994334441,1.1868542994334441,7.793570932007553,3.853570932007553,3.853570932007553
2026-09-04,2028-09,call,put,jaou8_5700p,57.0,-0.1849982830545194,4.45,0.0,False,16,0.23164162064316215,0.4152590507049439,-0.18361743006178174,0.13517911640508562,3.3487101658794547,-1.1012898341205455,1.1012898341205455,8.672239838909558,4.222239838909558,4.222239838909558
2026-09-04,2028-09,call,put,jaou8_5740p,57.4,-0.1780052475635489,4.56,0.0,False,16,0.23164162064316215,0.4152590507049439,-0.18361743006178174,0.13517911640508562,3.4764124024087604,-1.0835875975912392,1.0835875975912392,8.85314014245119,4.293140142451191,4.293140142451191
2026-09-04,2028-09,call,put,jaou8_6165p,61.65,-0.1065763212787163,5.81,0.0,False,16,0.23164162064316215,0.4152590507049439,-0.18361743006178174,0.13517911640508562,5.0106716801838465,-0.7993283198161532,0.7993283198161532,10.876875272084735,5.066875272084736,5.066875272084736
2026-09-04,2028-09,call,put,jaou8_6200p,62.0,-0.1009151658439781,5.92,0.0,False,16,0.23164162064316215,0.4152590507049439,-0.18361743006178174,0.13517911640508562,5.15140118650307,-0.7685988134969302,0.7685988134969302,11.051566099738064,5.131566099738064,5.131566099738064
2026-09-04,2028-09,call,put,jaou8_6250p,62.5,-0.0928829941467138,6.08,0.0,False,16,0.23164162064316215,0.4152590507049439,-0.18361743006178174,0.13517911640508562,5.356196874381667,-0.7238031256183328,0.7238031256183328,11.303206496837946,5.223206496837946,5.223206496837946
2026-09-04,2028-09,call,put,jaou8_6500p,65.0,-0.0536622809934325,6.92,0.0,False,16,0.23164162064316215,0.4152590507049439,-0.18361743006178174,0.13517911640508562,6.445614765358306,-0.47438523464169435,0.47438523464169435,12.597702722439603,5.677702722439603,5.677702722439603
2026-09-04,2028-09,call,put,jaou8_6750p,67.5,-0.0159219530105854,7.86,0.0,False,16,0.23164162064316215,0.4152590507049439,-0.18361743006178174,0.13517911640508562,7.641358322826617,-0.218641677173383,0.218641677173383,13.952467188548075,6.092467188548075,6.092467188548075
2026-09-04,2028-09,call,put,jaou8_7000p,70.0,0.0204456911602893,8.94,0.0,False,16,0.23164162064316215,0.4152590507049439,-0.18361743006178174,0.13517911640508562,8.938819961841226,-0.0011800381587736553,0.0011800381587736553,15.362950832014718,6.422950832014719,6.422950832014719
2026-09-04,2028-09,call,put,jaou8_7450p,74.5,0.0827495744964441,11.26,0.0,False,16,0.23164162064316215,0.4152590507049439,-0.18361743006178174,0.13517911640508562,11.512791258554616,0.25279125855461615,0.25279125855461615,18.0298311601288,6.769831160128801,6.769831160128801
2026-09-04,2028-09,put,call,jaou8_6151c,61.51,-0.1088497876687927,12.25,0.0,False,11,0.2511566236170919,0.4152590507049439,-0.164102427087852,0.31893797094232695,12.03096742927313,-0.21903257072687055,0.21903257072687055,17.383033126612297,5.133033126612297,5.133033126612297
2026-09-04,2028-09,put,call,jaou8_6500c,65.0,-0.0536622809934325,10.21,0.0,False,11,0.2511566236170919,0.4152590507049439,-0.164102427087852,0.31893797094232695,10.37558103698148,0.16558103698147875,0.16558103698147875,15.985587825232653,5.775587825232652,5.775587825232652
2026-09-04,2028-09,put,call,jaou8_6570c,65.7,-0.0429506253985048,9.82,0.0,False,11,0.2511566236170919,0.4152590507049439,-0.164102427087852,0.31893797094232695,10.06690350618551,0.24690350618550916,0.24690350618550916,15.71962943472761,5.8996294347276095,5.8996294347276095
2026-09-04,2028-09,put,call,jaou8_6600c,66.0,-0.038394808862644,9.65,0.0,False,11,0.2511566236170919,0.4152590507049439,-0.164102427087852,0.31893797094232695,9.936945133692836,0.2869451336928357,0.2869451336928357,15.607080831208773,5.957080831208772,5.957080831208772
2026-09-04,2028-09,put,call,jaou8_6650c,66.5,-0.0308476032272611,9.38,0.0,False,11,0.2511566236170919,0.4152590507049439,-0.164102427087852,0.31893797094232695,9.723429536272446,0.34342953627244555,0.34342953627244555,15.421356059727684,6.041356059727683,6.041356059727683
2026-09-04,2028-09,put,call,jaou8_6775c,67.75,-0.0122250911292593,8.73,0.0,False,11,0.2511566236170919,0.4152590507049439,-0.164102427087852,0.31893797094232695,9.206277691730584,0.47627769173058354,0.47627769173058354,14.967062898636824,6.2370628986368235,6.2370628986368235
2026-09-04,2028-09,put,call,jaou8_7000c,70.0,0.0204456911602893,7.63,0.0,False,11,0.2511566236170919,0.4152590507049439,-0.164102427087852,0.31893797094232695,8.333692927411724,0.7036929274117236,0.7036929274117236,14.18376811177238,6.5537681117723805,6.5537681117723805
2026-09-04,2028-09,put,call,jaou8_7110c,71.1,0.0360377859201254,7.15,0.0,False,11,0.2511566236170919,0.4152590507049439,-0.164102427087852,0.31893797094232695,7.93345904210229,0.7834590421022893,0.7834590421022893,13.81626461514496,6.666264615144959,6.666264615144959
2026-09-04,2028-09,put,call,jaou8_7275c,72.75,0.0589793551625321,6.47,0.0,False,11,0.2511566236170919,0.4152590507049439,-0.164102427087852,0.31893797094232695,7.3642860247266535,0.8942860247266537,0.8942860247266537,13.283043069403076,6.813043069403077,6.813043069403077
2026-09-04,2028-09,put,call,jaou8_7340c,73.4,0.0678743847314004,6.22,0.0,False,11,0.2511566236170919,0.4152590507049439,-0.164102427087852,0.31893797094232695,7.1500412927736905,0.9300412927736907,0.9300412927736907,13.078670628608482,6.858670628608482,6.858670628608482
2026-09-04,2028-09,put,call,jaou8_7450c,74.5,0.0827495744964441,5.82,0.0,False,11,0.2511566236170919,0.4152590507049439,-0.164102427087852,0.31893797094232695,6.799927252343555,0.9799272523435549,0.9799272523435549,12.74028739915462,6.9202873991546205,6.9202873991546205
2026-09-04,2028-09,put,call,jaou8_7500c,75.0,0.0894385626472408,5.65,0.0,False,11,0.2511566236170919,0.4152590507049439,-0.164102427087852,0.31893797094232695,6.6458517036449,0.9958517036448997,0.9958517036448997,12.58955275485277,6.93955275485277,6.93955275485277
2026-09-04,2028-09,put,call,jaou8_7560c,75.6,0.0974067322964175,5.46,0.0,False,11,0.2511566236170919,0.4152590507049439,-0.164102427087852,0.31893797094232695,6.46505349267638,1.00505349267638,1.00505349267638,12.411175237223004,6.951175237223004,6.951175237223004
2026-09-04,2028-09,put,call,jaou8_7670c,76.7,0.1118521574841408,5.12,0.0,False,11,0.2511566236170919,0.4152590507049439,-0.164102427087852,0.31893797094232695,6.14493509800401,1.0249350980040095,1.0249350980040095,12.09101109167552,6.97101109167552,6.97101109167552
2026-09-04,2028-09,put,call,jaou8_7925c,79.25,0.1445578618683202,4.42,0.0,False,11,0.2511566236170919,0.4152590507049439,-0.164102427087852,0.31893797094232695,5.456901274595613,1.0369012745956132,1.0369012745956132,11.381418194401382,6.961418194401382,6.961418194401382
2026-09-04,2028-09,put,call,jaou8_8000c,80.0,0.153977083784812,4.24,0.0,False,11,0.2511566236170919,0.4152590507049439,-0.164102427087852,0.31893797094232695,5.268252729961859,1.0282527299618591,1.0282527299618591,11.180885886472565,6.940885886472564,6.940885886472564
2026-09-08,2026-10,call,put,jaov6_7200p,72.0,-0.2128789286523028,0.29,0.0,False,19,0.46669635441290636,0.4149296148914277,0.051766739521478644,0.014914304899245018,0.30726947871215415,0.017269478712154174,0.017269478712154174,0.1707097195346598,-0.11929028046534018,0.11929028046534018
2026-09-08,2026-10,call,put,jaov6_7400p,74.0,-0.1854799544641883,0.43,0.0,False,19,0.46669635441290636,0.4149296148914277,0.051766739521478644,0.014914304899245018,0.48244966049820803,0.05244966049820804,0.05244966049820804,0.2919723906761126,-0.1380276093238874,0.1380276093238874
2026-09-08,2026-10,call,put,jaov6_7450p,74.5,-0.1787459222828443,0.47,0.0,False,19,0.46669635441290636,0.4149296148914277,0.051766739521478644,0.014914304899245018,0.5365707638941011,0.0665707638941011,0.0665707638941011,0.3310723730101166,-0.13892762698988337,0.13892762698988337
2026-09-08,2026-10,call,put,jaov6_7500p,75.0,-0.1720569341320477,0.52,0.0,False,19,0.46669635441290636,0.4149296148914277,0.051766739521478644,0.014914304899245018,0.5952925448660977,0.07529254486609771,0.07529254486609771,0.3744201125620742,-0.14557988743792583,0.14557988743792583
2026-09-08,2026-10,call,put,jaov6_7600p,76.0,-0.158811707382027,0.63,0.0,False,19,0.46669635441290636,0.4149296148914277,0.051766739521478644,0.014914304899245018,0.727480553164698,0.09748055316469795,0.09748055316469795,0.4747315042595264,-0.15526849574047358,0.15526849574047358
2026-09-08,2026-10,call,put,jaov6_7800p,78.0,-0.1328362209787664,0.9,0.0,False,19,0.46669635441290636,0.4149296148914277,0.051766739521478644,0.014914304899245018,1.0573056139825248,0.15730561398252474,0.15730561398252474,0.7377445697986222,-0.16225543020137778,0.16225543020137778
2026-09-08,2026-10,call,put,jaov6_8000p,80.0,-0.1075184129944765,1.28,0.0,False,19,0.46669635441290636,0.4149296148914277,0.051766739521478644,0.014914304899245018,1.486029434343953,0.20602943434395304,0.20602943434395304,1.099447912823402,-0.180552087176598,0.180552087176598
2026-09-08,2026-10,call,put,jaov6_8200p,82.0,-0.082825800404105,1.77,0.0,False,19,0.46669635441290636,0.4149296148914277,0.051766739521478644,0.014914304899245018,2.0259038337852546,0.2559038337852546,0.2559038337852546,1.5776543372165006,-0.1923456627834994,0.1923456627834994
2026-09-08,2026-10,call,put,jaov6_8250p,82.5,-0.0767467543277229,1.92,0.0,False,19,0.46669635441290636,0.4149296148914277,0.051766739521478644,0.014914304899245018,2.179427329616291,0.2594273296162912,0.2594273296162912,1.717027463590214,-0.20297253640978585,0.20297253640978585
2026-09-08,2026-10,call,put,jaov6_9000p,90.0,0.0102646226619068,5.22,0.0,False,19,0.46669635441290636,0.4149296148914277,0.051766739521478644,0.014914304899245018,5.436756255011618,0.21675625501161822,0.21675625501161822,4.864929042489077,-0.35507095751092255,0.35507095751092255
2026-09-08,2026-10,put,call,jaov6_9200c,92.0,0.032243529380682,3.54,0.0,False,10,0.442308187393006,0.4149296148914277,0.02737857250157827,0.001409750294920484,3.449217057018235,-0.09078294298176504,0.09078294298176504,3.1342885461384284,-0.4057114538615716,0.4057114538615716
2026-09-08,2026-10,put,call,jaov6_9225c,92.25,0.0349572352522783,3.45,0.0,False,10,0.442308187393006,0.4149296148914277,0.02737857250157827,0.001409750294920484,3.3562038901673388,-0.0937961098326614,0.0937961098326614,3.042884420085703,-0.40711557991429714,0.40711557991429714
2026-09-08,2026-10,put,call,jaov6_9348c,93.48,0.048202462002299,3.05,0.0,False,10,0.442308187393006,0.4149296148914277,0.02737857250157827,0.001409750294920484,2.9261471978075413,-0.12385280219245853,0.12385280219245853,2.6224427959928733,-0.4275572040071265,0.4275572040071265
2026-09-08,2026-10,put,call,jaov6_9353c,93.53,0.0487371927781014,3.04,0.0,False,10,0.442308187393006,0.4149296148914277,0.02737857250157827,0.001409750294920484,2.909614078124826,-0.13038592187517395,0.13038592187517395,2.6063458292060484,-0.43365417079395163,0.43365417079395163
2026-09-08,2026-10,put,call,jaov6_9435c,94.35,0.0574662241462009,2.8,0.0,False,10,0.442308187393006,0.4149296148914277,0.02737857250157827,0.001409750294920484,2.648718148379375,-0.15128185162062469,0.15128185162062469,2.352807496900124,-0.4471925030998758,0.4471925030998758
2026-09-08,2026-10,put,call,jaov6_9700c,97.0,0.0851659308350245,2.15,0.0,False,10,0.442308187393006,0.4149296148914277,0.02737857250157827,0.001409750294920484,1.9299200047725036,-0.22007999522749633,0.22007999522749633,1.664130799569287,-0.485869200430713,0.485869200430713
2026-09-08,2026-10,put,call,jaov6_9800c,98.0,0.0954224310022136,1.94,0.0,False,10,0.442308187393006,0.4149296148914277,0.02737857250157827,0.001409750294920484,1.7039218187370913,-0.2360781812629087,0.2360781812629087,1.4513338685286976,-0.48866613147130233,0.48866613147130233
2026-09-08,2026-10,put,call,jaov6_9911c,99.11,0.1066852967502589,1.73,0.0,False,10,0.442308187393006,0.4149296148914277,0.02737857250157827,0.001409750294920484,1.479187266671951,-0.250812733328049,0.250812733328049,1.2426263476315504,-0.48737365236844954,0.48737365236844954
2026-09-08,2026-10,put,call,jaov6_9955c,99.55,0.111114982841847,1.66,0.0,False,10,0.442308187393006,0.4149296148914277,0.02737857250157827,0.001409750294920484,1.3972516857259687,-0.2627483142740312,0.2627483142740312,1.1672303568988591,-0.4927696431011408,0.4927696431011408
2026-09-08,2026-10,put,call,jaov6_10000c,100.0,0.1156251383197332,1.58,0.0,False,10,0.442308187393006,0.4149296148914277,0.02737857250157827,0.001409750294920484,1.3174416520038232,-0.26255834799617683,0.26255834799617683,1.0941570307050943,-0.4858429692949058,0.4858429692949058
2026-09-08,2026-10,put,call,jaov6_10205c,102.05,0.1359178415874955,1.29,0.0,False,10,0.442308187393006,0.4149296148914277,0.02737857250157827,0.001409750294920484,1.0010103764263525,-0.28898962357364755,0.28898962357364755,0.8085720542902779,-0.48142794570972214,0.48142794570972214
2026-09-08,2026-10,put,call,jaov6_10240c,102.4,0.1393416649370493,1.24,0.0,False,10,0.442308187393006,0.4149296148914277,0.02737857250157827,0.001409750294920484,0.954110050917127,-0.285889949082873,0.285889949082873,0.7668842756756479,-0.4731157243243521,0.4731157243243521
2026-09-08,2026-10,put,call,jaov6_10300c,103.0,0.1451839405612776,1.17,0.0,False,10,0.442308187393006,0.4149296148914277,0.02737857250157827,0.001409750294920484,0.8781257964326928,-0.2918742035673071,0.2918742035673071,0.6997824006395873,-0.47021759936041263,0.47021759936041263
2026-09-08,2026-10,put,call,jaov6_10500c,105.0,0.1644153024891652,0.96,0.0,False,10,0.442308187393006,0.4149296148914277,0.02737857250157827,0.001409750294920484,0.6615824046710654,-0.2984175953289345,0.2984175953289345,0.512116023314844,-0.447883976685156,0.447883976685156
2026-09-08,2026-10,put,call,jaov6_10800c,108.0,0.1925861794558615,0.71,0.0,False,10,0.442308187393006,0.4149296148914277,0.02737857250157827,0.001409750294920484,0.4248326177218773,-0.28516738227812266,0.28516738227812266,0.3140635966904014,-0.39593640330959856,0.39593640330959856
2026-09-08,2026-10,put,call,jaov6_11500c,115.0,0.2553870806948919,0.37,0.0,False,10,0.442308187393006,0.4149296148914277,0.02737857250157827,0.001409750294920484,0.13970134743784807,-0.23029865256215193,0.23029865256215193,0.0921384005821655,-0.2778615994178345,0.2778615994178345
2026-09-08,2026-10,put,call,jaov6_12100c,121.0,0.3062454979283829,0.23,0.0,False,10,0.442308187393006,0.4149296148914277,0.02737857250157827,0.001409750294920484,0.04979237777586455,-0.18020762222413544,0.18020762222413544,0.0297787811483292,-0.20022121885167082,0.20022121885167082
2026-09-08,2026-10,put,call,jaov6_12500c,125.0,0.3387686896339429,0.17,0.0,False,10,0.442308187393006,0.4149296148914277,0.02737857250157827,0.001409750294920484,0.024162356801031012,-0.145837643198969,0.145837643198969,0.0137477688586387,-0.1562522311413613,0.1562522311413613
2026-09-08,2026-10,put,call,jaov6_16000c,160.0,0.5856287675654688,0.02,0.0,False,10,0.442308187393006,0.4149296148914277,0.02737857250157827,0.001409750294920484,1.853759964191422e-05,-0.019981462400358085,0.019981462400358085,1.5837021030513374e-05,-0.01998416297896949,0.01998416297896949
2026-09-08,2026-11,call,put,jaox6_7200p,72.0,-0.1820238934489975,1.11,0.0,False,17,0.4519405787629191,0.4149296148914277,0.03701096387149139,0.0289045128354142,1.2978090695505191,0.18780906955051901,0.18780906955051901,1.0247829812397704,-0.08521701876022969,0.08521701876022969
2026-09-08,2026-11,call,put,jaox6_7400p,74.0,-0.1546249192608831,1.46,0.0,False,17,0.4519405787629191,0.4149296148914277,0.03701096387149139,0.0289045128354142,1.7180417895313997,0.2580417895313998,0.2580417895313998,1.3963870093863913,-0.0636129906136087,0.0636129906136087
2026-09-08,2026-11,call,put,jaox6_7450p,74.5,-0.1478908870795389,1.57,0.0,False,17,0.4519405787629191,0.4149296148914277,0.03701096387149139,0.0289045128354142,1.8364524041295578,0.26645240412955773,0.26645240412955773,1.5029361609729912,-0.06706383902700885,0.06706383902700885
2026-09-08,2026-11,call,put,jaox6_7500p,75.0,-0.1412018989287423,1.68,0.0,False,17,0.4519405787629191,0.4149296148914277,0.03701096387149139,0.0289045128354142,1.9604177186553517,0.2804177186553518,0.2804177186553518,1.6153209495792702,-0.06467905042072974,0.06467905042072974
2026-09-08,2026-11,call,put,jaox6_7600p,76.0,-0.1279566721787217,1.91,0.0,False,17,0.4519405787629191,0.4149296148914277,0.03701096387149139,0.0289045128354142,2.2253930836830715,0.3153930836830716,0.3153930836830716,1.8580276239105424,-0.051972376089457484,0.051972376089457484
2026-09-08,2026-11,call,put,jaox6_7800p,78.0,-0.101981185775461,2.46,0.0,False,17,0.4519405787629191,0.4149296148914277,0.03701096387149139,0.0289045128354142,2.825831077008532,0.365831077008532,0.365831077008532,2.416028575417173,-0.0439714245828271,0.0439714245828271
2026-09-08,2026-11,call,put,jaox6_8000p,80.0,-0.0766633777911712,3.12,0.0,False,17,0.4519405787629191,0.4149296148914277,0.03701096387149139,0.0289045128354142,3.523666071958692,0.40366607195869175,0.40366607195869175,3.07755269655732,-0.042447303442679996,0.042447303442679996
2026-09-08,2026-11,call,put,jaox6_8200p,82.0,-0.0519707652007997,3.9,0.0,False,17,0.4519405787629191,0.4149296148914277,0.03701096387149139,0.0289045128354142,4.321444522934392,0.4214445229343924,0.4214445229343924,3.846621332489176,-0.053378667510823874,0.053378667510823874
2026-09-08,2026-11,call,put,jaox6_8250p,82.5,-0.0458917191244174,4.11,0.0,False,17,0.4519405787629191,0.4149296148914277,0.03701096387149139,0.0289045128354142,4.536634485348569,0.4266344853485684,0.4266344853485684,4.055771218577279,-0.05422878142272136,0.05422878142272136
2026-09-08,2026-11,call,put,jaox6_9000p,90.0,0.0411196578652123,8.24,0.0,False,17,0.4519405787629191,0.4149296148914277,0.03701096387149139,0.0289045128354142,8.503347642974887,0.2633476429748871,0.2633476429748871,7.996610142766559,-0.2433898572334412,0.2433898572334412
2026-09-08,2026-11,put,call,jaox6_8950c,89.5,0.0355486128157568,4.91,0.0,False,10,0.4233014528680764,0.4149296148914277,0.0083718379766487,0.0028478176182197626,4.694584145245564,-0.21541585475443625,0.21541585475443625,4.60425804434371,-0.30574195565629037,0.30574195565629037
2026-09-08,2026-11,put,call,jaox6_9000c,90.0,0.0411196578652123,4.74,0.0,False,10,0.4233014528680764,0.4149296148914277,0.0083718379766487,0.0028478176182197626,4.506379676085321,-0.23362032391467924,0.23362032391467924,4.416388415927927,-0.323611584072073,0.323611584072073
2026-09-08,2026-11,put,call,jaox6_9025c,90.25,0.0438935847479375,4.66,0.0,False,10,0.4233014528680764,0.4149296148914277,0.0083718379766487,0.0028478176182197626,4.414502060504104,-0.2454979394958965,0.2454979394958965,4.324751446247314,-0.33524855375268636,0.33524855375268636
2026-09-08,2026-11,put,call,jaox6_9100c,91.0,0.0521694940517972,4.41,0.0,False,10,0.4233014528680764,0.4149296148914277,0.0083718379766487,0.0028478176182197626,4.1476260118386215,-0.2623739881613787,0.2623739881613787,4.058681462360957,-0.3513185376390435,0.3513185376390435
2026-09-08,2026-11,put,call,jaox6_9196c,91.96,0.0626636874299279,4.12,0.0,False,10,0.4233014528680764,0.4149296148914277,0.0083718379766487,0.0028478176182197626,3.824767619570069,-0.29523238042993105,0.29523238042993105,3.7375296036800703,-0.38247039631992985,0.38247039631992985
2026-09-08,2026-11,put,call,jaox6_9200c,92.0,0.0630985645839875,4.11,0.0,False,10,0.4233014528680764,0.4149296148914277,0.0083718379766487,0.0028478176182197626,3.8117623617912795,-0.29823763820872085,0.29823763820872085,3.724619717772269,-0.38538028222773146,0.38538028222773146
2026-09-08,2026-11,put,call,jaox6_9225c,92.25,0.0658122704555836,4.04,0.0,False,10,0.4233014528680764,0.4149296148914277,0.0083718379766487,0.0028478176182197626,3.7312773193678876,-0.3087226806321124,0.3087226806321124,3.644722125040177,-0.3952778749598229,0.3952778749598229
2026-09-08,2026-11,put,call,jaox6_9348c,93.48,0.0790574972056044,3.69,0.0,False,10,0.4233014528680764,0.4149296148914277,0.0083718379766487,0.0028478176182197626,3.3549243326743903,-0.33507566732560967,0.33507566732560967,3.2712539320266507,-0.41874606797334923,0.41874606797334923
2026-09-08,2026-11,put,call,jaox6_9353c,93.53,0.0795922279814067,3.68,0.0,False,10,0.4233014528680764,0.4149296148914277,0.0083718379766487,0.0028478176182197626,3.340301336894656,-0.33969866310534425,0.33969866310534425,3.256776125593949,-0.42322387440605125,0.42322387440605125
2026-09-08,2026-11,put,call,jaox6_9435c,94.35,0.0883212593495064,3.47,0.0,False,10,0.4233014528680764,0.4149296148914277,0.0083718379766487,0.0028478176182197626,3.1077943487869564,-0.3622056512130438,0.3622056512130438,3.02672129394073,-0.44327870605927,0.44327870605927
2026-09-08,2026-11,put,call,jaox6_9700c,97.0,0.11602096603833,2.87,0.0,False,10,0.4233014528680764,0.4149296148914277,0.0083718379766487,0.0028478176182197626,2.445641856883381,-0.42435814311661924,0.42435814311661924,2.371798243569125,-0.49820175643087516,0.49820175643087516
2026-09-08,2026-11,put,call,jaox6_9911c,99.11,0.1375403319535642,2.48,0.0,False,10,0.4233014528680764,0.4149296148914277,0.0083718379766487,0.0028478176182197626,2.0071235462523815,-0.47287645374761844,0.47287645374761844,1.940782577488355,-0.5392174225116451,0.5392174225116451
2026-09-08,2026-11,put,call,jaox6_10000c,100.0,0.1464801735230385,2.33,0.0,False,10,0.4233014528680764,0.4149296148914277,0.0083718379766487,0.0028478176182197626,1.8433742038007825,-0.48662579619921753,0.48662579619921753,1.7807275081623375,-0.5492724918376626,0.5492724918376626
2026-09-08,2026-11,put,call,jaox6_10205c,102.05,0.1667728767908009,2.03,0.0,False,10,0.4233014528680764,0.4149296148914277,0.0083718379766487,0.0028478176182197626,1.5094267611724141,-0.5205732388275857,0.5205732388275857,1.4554717910303514,-0.5745282089696484,0.5745282089696484
2026-09-08,2026-11,put,call,jaox6_10240c,102.4,0.1701967001403546,1.98,0.0,False,10,0.4233014528680764,0.4149296148914277,0.0083718379766487,0.0028478176182197626,1.4580241739908537,-0.5219758260091463,0.5219758260091463,1.4055615812078062,-0.5744384187921938,0.5744384187921938
2026-09-08,2026-11,put,call,jaox6_10500c,105.0,0.1952703376924705,1.66,0.0,False,10,0.4233014528680764,0.4149296148914277,0.0083718379766487,0.0028478176182197626,1.1219518152681134,-0.5380481847318865,0.5380481847318865,1.0799026164613112,-0.5800973835386887,0.5800973835386887
2026-09-08,2026-11,put,call,jaox6_10800c,108.0,0.2234412146591669,1.36,0.0,False,10,0.4233014528680764,0.4149296148914277,0.0083718379766487,0.0028478176182197626,0.8212004161121295,-0.5387995838878706,0.5387995838878706,0.7901242043427036,-0.5698757956572965,0.5698757956572965
2026-09-08,2027-03,call,put,jaoh7_6800p,68.0,-0.1359405726174369,3.54,0.0,False,17,0.36034750983720315,0.4149296148914277,-0.05458210505422456,0.002470453895747627,3.399022149181823,-0.14097785081817715,0.14097785081817715,4.366216260338513,0.826216260338513,0.826216260338513
2026-09-08,2027-03,call,put,jaoh7_6900p,69.0,-0.1213417731962843,3.85,0.0,False,17,0.36034750983720315,0.4149296148914277,-0.05458210505422456,0.002470453895747627,3.744567489741538,-0.10543251025846212,0.10543251025846212,4.745098682744916,0.8950986827449161,0.8950986827449161
2026-09-08,2027-03,call,put,jaoh7_7000p,70.0,-0.1069530357441847,4.19,114.0,True,17,0.36034750983720315,0.4149296148914277,-0.05458210505422456,0.002470453895747627,4.1109590942843806,-0.07904090571561984,0.07904090571561984,5.142257152457927,0.9522571524579266,0.9522571524579266
2026-09-08,2027-03,call,put,jaoh7_7100p,71.0,-0.0927684007522282,4.55,0.0,False,17,0.36034750983720315,0.4149296148914277,-0.05458210505422456,0.002470453895747627,4.498272673317441,-0.05172732668255886,0.05172732668255886,5.557234679161286,1.0072346791612858,1.0072346791612858
2026-09-08,2027-03,call,put,jaoh7_7150p,71.5,-0.0857508280935816,4.73,0.0,False,17,0.36034750983720315,0.4149296148914277,-0.05458210505422456,0.002470453895747627,4.699780745569017,-0.03021925443098361,0.03021925443098361,5.771515276227703,1.0415152762277025,1.0415152762277025
2026-09-08,2027-03,call,put,jaoh7_7250p,72.5,-0.0718617159329145,5.12,0.0,False,17,0.36034750983720315,0.4149296148914277,-0.05458210505422456,0.002470453895747627,5.118475575715796,-0.0015244242842040734,0.0015244242842040734,6.213718044052335,1.093718044052335,1.093718044052335
2026-09-08,2027-03,call,put,jaoh7_7300p,73.0,-0.0649888366451525,5.33,0.0,False,17,0.36034750983720315,0.4149296148914277,-0.05458210505422456,0.002470453895747627,5.335641236835928,0.005641236835927543,0.005641236835927543,6.441667591254343,1.111667591254343,1.111667591254343
2026-09-08,2027-03,call,put,jaoh7_7400p,74.0,-0.0513831845893738,5.75,0.0,False,17,0.36034750983720315,0.4149296148914277,-0.05458210505422456,0.002470453895747627,5.785528674329489,0.03552867432948936,0.03552867432948936,6.910906160717703,1.160906160717703,1.160906160717703
2026-09-08,2027-03,call,put,jaoh7_7450p,74.5,-0.0446491524080297,5.97,0.0,False,17,0.36034750983720315,0.4149296148914277,-0.05458210505422456,0.002470453895747627,6.018207707601967,0.04820770760196691,0.04820770760196691,7.152079495735461,1.1820794957354614,1.1820794957354614
2026-09-08,2027-03,call,put,jaoh7_7500p,75.0,-0.0379601642572332,6.2,0.0,False,17,0.36034750983720315,0.4149296148914277,-0.05458210505422456,0.002470453895747627,6.2560095069774935,0.056009506977493295,0.056009506977493295,7.397828729467699,1.197828729467699,1.197828729467699
2026-09-08,2027-03,put,call,jaoh7_7900c,79.0,0.0139995746734777,7.21,0.0,False,10,0.36152006747330057,0.4149296148914277,-0.053409547418127146,0.004241334882111572,7.289956408770896,0.07995640877089638,0.07995640877089638,8.442745012216037,1.2327450122160366,1.2327450122160366
2026-09-08,2027-03,put,call,jaoh7_8000c,80.0,0.026578356880338,6.81,20.0,True,10,0.36152006747330057,0.4149296148914277,-0.053409547418127146,0.004241334882111572,6.881373239793723,0.07137323979372301,0.07137323979372301,8.036189504646137,1.226189504646137,1.226189504646137
2026-09-08,2027-03,put,call,jaoh7_8025c,80.25,0.0296984842165815,6.71,0.0,False,10,0.36152006747330057,0.4149296148914277,-0.053409547418127146,0.004241334882111572,6.782140720270479,0.07214072027047891,0.07214072027047891,7.93700013722407,1.2270001372240698,1.2270001372240698
2026-09-08,2027-03,put,call,jaoh7_8045c,80.45,0.0321875956448485,6.63,0.0,False,10,0.36152006747330057,0.4149296148914277,-0.053409547418127146,0.004241334882111572,6.7035841689878515,0.07358416898785158,0.07358416898785158,7.858373921393629,1.2283739213936293,1.2283739213936293
2026-09-08,2027-03,put,call,jaoh7_8075c,80.75,0.0359096843092222,6.52,0.0,False,10,0.36152006747330057,0.4149296148914277,-0.053409547418127146,0.004241334882111572,6.587123315067317,0.06712331506731761,0.06712331506731761,7.74162802602298,1.2216280260229802,1.2216280260229802
2026-09-08,2027-03,put,call,jaoh7_8100c,81.0,0.0390008768788951,6.43,0.0,False,10,0.36152006747330057,0.4149296148914277,-0.053409547418127146,0.004241334882111572,6.491324204393747,0.061324204393747195,0.061324204393747195,7.645411551288864,1.215411551288864,1.215411551288864
2026-09-08,2027-03,put,call,jaoh7_8102c,81.02,0.0392477599810006,6.42,0.0,False,10,0.36152006747330057,0.4149296148914277,-0.053409547418127146,0.004241334882111572,6.4837091917912675,0.06370919179126755,0.06370919179126755,7.6377595599816654,1.2177595599816655,1.2177595599816655
2026-09-08,2027-03,put,call,jaoh7_8150c,81.5,0.0451547424532733,6.24,0.0,False,10,0.36152006747330057,0.4149296148914277,-0.053409547418127146,0.004241334882111572,6.303108862408764,0.06310886240876368,0.06310886240876368,7.455975923984557,1.2159759239845567,1.2159759239845567
2026-09-08,2027-03,put,call,jaoh7_8185c,81.85,0.0494400260236002,6.12,0.0,False,10,0.36152006747330057,0.4149296148914277,-0.053409547418127146,0.004241334882111572,6.174016007757188,0.05401600775718762,0.05401600775718762,7.325629456842031,1.205629456842031,1.205629456842031
2026-09-08,2027-03,put,call,jaoh7_8342c,83.42,0.0684398109752556,5.59,0.0,False,10,0.36152006747330057,0.4149296148914277,-0.053409547418127146,0.004241334882111572,5.621279207777776,0.03127920777777593,0.03127920777777593,6.764386778085493,1.174386778085493,1.174386778085493
2026-09-08,2027-03,put,call,jaoh7_8500c,85.0,0.0872029786967727,5.11,2.0,True,10,0.36152006747330057,0.4149296148914277,-0.053409547418127146,0.004241334882111572,5.107034499518881,-0.002965500481119321,0.002965500481119321,6.236305065508221,1.1263050655082205,1.1263050655082205
2026-09-08,2027-03,put,call,jaoh7_8525c,85.25,0.0901398383700825,5.04,0.0,False,10,0.36152006747330057,0.4149296148914277,-0.053409547418127146,0.004241334882111572,5.029393504618898,-0.010606495381102476,0.010606495381102476,6.15602453874285,1.1160245387428498,1.1160245387428498
2026-09-08,2027-03,put,call,jaoh7_8575c,85.75,0.0959878082525057,4.9,0.0,False,10,0.36152006747330057,0.4149296148914277,-0.053409547418127146,0.004241334882111572,4.8770886761993,-0.0229113238007006,0.0229113238007006,5.998140484443793,1.0981404844437925,1.0981404844437925
2026-09-08,2027-03,put,call,jaoh7_8635c,86.35,0.1029605267991439,4.74,0.0,False,10,0.36152006747330057,0.4149296148914277,-0.053409547418127146,0.004241334882111572,4.699482516377565,-0.0405174836224349,0.0405174836224349,5.813518279464872,1.0735182794648717,1.0735182794648717
2026-09-08,2027-03,put,call,jaoh7_8675c,86.75,0.1075821410334249,4.63,0.0,False,10,0.36152006747330057,0.4149296148914277,-0.053409547418127146,0.004241334882111572,4.584151158208555,-0.04584884179144488,0.04584884179144488,5.693194946008838,1.0631949460088377,1.0631949460088377
2026-09-08,2027-03,put,call,jaoh7_8700c,87.0,0.1104598408610399,4.57,0.0,False,10,0.36152006747330057,0.4149296148914277,-0.053409547418127146,0.004241334882111572,4.5132988903139015,-0.05670110968609876,0.05670110968609876,5.619085459641632,1.0490854596416321,1.0490854596416321
2026-09-08,2027-03,put,call,jaoh7_8705c,87.05,0.1110343884206543,4.55,0.0,False,10,0.36152006747330057,0.4149296148914277,-0.053409547418127146,0.004241334882111572,4.499241001845068,-0.05075899815493212,0.05075899815493212,5.604363824257087,1.054363824257087,1.054363824257087
2026-09-08,2027-09,call,put,jaou7_5800p,58.0,-0.2226481308080919,3.1,0.0,False,20,0.2966205520651144,0.4149296148914277,-0.11830906282631332,0.018857916344335528,2.412537751495993,-0.6874622485040072,0.6874622485040072,4.746965753695378,1.6469657536953783,1.6469657536953783
2026-09-08,2027-09,call,put,jaou7_5900p,59.0,-0.2055536974487919,3.34,0.0,False,20,0.2966205520651144,0.4149296148914277,-0.11830906282631332,0.018857916344335528,2.68440003084819,-0.65559996915181,0.65559996915181,5.108322307633998,1.7683223076339978,1.7683223076339978
2026-09-08,2027-09,call,put,jaou7_6000p,60.0,-0.1887465791324107,3.59,25.0,True,20,0.2966205520651144,0.4149296148914277,-0.11830906282631332,0.018857916344335528,2.9750313103806896,-0.6149686896193103,0.6149686896193103,5.484432819685674,1.8944328196856741,1.8944328196856741
2026-09-08,2027-09,call,put,jaou7_6200p,62.0,-0.1559567563094198,4.15,0.0,False,20,0.2966205520651144,0.4149296148914277,-0.11830906282631332,0.018857916344335528,3.61346330624632,-0.5365366937536802,0.5365366937536802,6.281033717273101,2.131033717273101,2.131033717273101
2026-09-08,2027-09,call,put,jaou7_6420p,64.2,-0.1210879306585958,4.83,0.0,False,20,0.2966205520651144,0.4149296148914277,-0.11830906282631332,0.018857916344335528,4.404763260099415,-0.4252367399005852,0.4252367399005852,7.227488506557234,2.3974885065572336,2.3974885065572336
2026-09-08,2027-09,call,put,jaou7_6500p,65.0,-0.1087038714588743,5.1,2.0,True,20,0.2966205520651144,0.4149296148914277,-0.11830906282631332,0.018857916344335528,4.715705576213445,-0.3842944237865549,0.3842944237865549,7.5892406072519645,2.489240607251965,2.489240607251965
2026-09-08,2027-09,call,put,jaou7_6750p,67.5,-0.0709635434760272,6.01,0.0,False,20,0.2966205520651144,0.4149296148914277,-0.11830906282631332,0.018857916344335528,5.766661116174047,-0.24333888382595248,0.24333888382595248,8.777828469839514,2.7678284698395146,2.7678284698395146
2026-09-08,2027-09,call,put,jaou7_6800p,68.0,-0.0635834361784046,6.21,0.0,False,20,0.2966205520651144,0.4149296148914277,-0.11830906282631332,0.018857916344335528,5.991133544138829,-0.21886645586117126,0.21886645586117126,9.026070402451438,2.8160704024514382,2.8160704024514382
2026-09-08,2027-09,call,put,jaou7_6900p,69.0,-0.0489846367572519,6.62,0.0,False,20,0.2966205520651144,0.4149296148914277,-0.11830906282631332,0.018857916344335528,6.454169780251508,-0.165830219748492,0.165830219748492,9.53244602299554,2.91244602299554,2.91244602299554
2026-09-08,2027-09,call,put,jaou7_7000p,70.0,-0.0345958993051523,7.05,50.0,True,20,0.2966205520651144,0.4149296148914277,-0.11830906282631332,0.018857916344335528,6.935793908025808,-0.11420609197419207,0.11420609197419207,10.052186748510389,3.002186748510389,3.002186748510389
2026-09-08,2027-09,call,put,jaou7_7400p,74.0,0.0209739518496583,8.98,0.0,False,20,0.2966205520651144,0.4149296148914277,-0.11830906282631332,0.018857916344335528,9.04223289879878,0.062232898798779246,0.062232898798779246,12.264932606303324,3.2849326063033235,3.2849326063033235
2026-09-08,2027-09,call,put,jaou7_7450p,74.5,0.0277079840310023,9.25,0.0,False,20,0.2966205520651144,0.4149296148914277,-0.11830906282631332,0.018857916344335528,9.325069384147952,0.07506938414795172,0.07506938414795172,12.555417076516674,3.305417076516674,3.305417076516674
2026-09-08,2027-09,call,put,jaou7_7500p,75.0,0.0343969721817989,9.52,0.0,False,20,0.2966205520651144,0.4149296148914277,-0.11830906282631332,0.018857916344335528,9.612086728728183,0.09208672872818369,0.09208672872818369,12.848946701247824,3.3289467012478244,3.3289467012478244
2026-09-08,2027-09,put,call,jaou7_6820c,68.2,-0.0606465765050949,10.37,0.0,False,13,0.3071816000931526,0.4149296148914277,-0.10774801479827512,0.09155116955837615,10.437740054202704,0.06774005420270512,0.06774005420270512,13.137082471432546,2.7670824714325466,2.7670824714325466
2026-09-08,2027-09,put,call,jaou7_6825c,68.25,-0.0599137072894422,10.35,0.0,False,13,0.3071816000931526,0.4149296148914277,-0.10774801479827512,0.09155116955837615,10.413026558278238,0.06302655827823855,0.06302655827823855,13.11437870432701,2.76437870432701,2.76437870432701
2026-09-08,2027-09,put,call,jaou7_6860c,68.6,-0.0547986066226718,10.15,0.0,False,13,0.3071816000931526,0.4149296148914277,-0.10774801479827512,0.09155116955837615,10.24130001179014,0.09130001179013902,0.09130001179013902,12.95637005956513,2.806370059565129,2.806370059565129
2026-09-08,2027-09,put,call,jaou7_6900c,69.0,-0.0489846367572519,9.94,0.0,False,13,0.3071816000931526,0.4149296148914277,-0.10774801479827512,0.09155116955837615,10.047748485725108,0.10774848572510898,0.10774848572510898,12.777764101591842,2.8377641015918424,2.8377641015918424
2026-09-08,2027-09,put,call,jaou7_6905c,69.05,-0.0482602614992102,9.91,0.0,False,13,0.3071816000931526,0.4149296148914277,-0.10774801479827512,0.09155116955837615,10.02375685756232,0.11375685756232023,0.11375685756232023,12.755586301773358,2.8455863017733574,2.8455863017733574
2026-09-08,2027-09,put,call,jaou7_6930c,69.3,-0.0446462351586538,9.78,0.0,False,13,0.3071816000931526,0.4149296148914277,-0.10774801479827512,0.09155116955837615,9.904470854722058,0.12447085472205899,0.12447085472205899,12.645194661660938,2.8651946616609383,2.8651946616609383
2026-09-08,2027-09,put,call,jaou7_7000c,70.0,-0.0345958993051523,9.41,0.0,False,13,0.3071816000931526,0.4149296148914277,-0.10774801479827512,0.09155116955837615,9.576400098334718,0.16640009833471758,0.16640009833471758,12.340668260362415,2.930668260362415,2.930668260362415
2026-09-08,2027-09,put,call,jaou7_7110c,71.1,-0.0190038045453162,8.85,0.0,False,13,0.3071816000931526,0.4149296148914277,-0.10774801479827512,0.09155116955837615,9.078325502999947,0.22832550299994736,0.22832550299994736,11.875810816029642,3.025810816029642,3.025810816029642
2026-09-08,2027-09,put,call,jaou7_7200c,72.0,-0.0064250223384561,8.42,0.0,False,13,0.3071816000931526,0.4149296148914277,-0.10774801479827512,0.09155116955837615,8.686441437517052,0.2664414375170523,0.2664414375170523,11.507552474133876,3.087552474133876,3.087552474133876
2026-09-08,2027-09,put,call,jaou7_7335c,73.35,0.0121513632344791,7.8,0.0,False,13,0.3071816000931526,0.4149296148914277,-0.10774801479827512,0.09155116955837615,8.124434437404515,0.3244344374045154,0.3244344374045154,10.97469385075825,3.17469385075825,3.17469385075825
2026-09-08,2027-09,put,call,jaou7_7400c,74.0,0.0209739518496583,7.51,0.0,False,13,0.3071816000931526,0.4149296148914277,-0.10774801479827512,0.09155116955837615,7.864667079271917,0.3546670792719171,0.3546670792719171,10.726067851178277,3.216067851178277,3.216067851178277
2026-09-08,2027-09,put,call,jaou7_7450c,74.5,0.0277079840310023,7.3,0.0,False,13,0.3071816000931526,0.4149296148914277,-0.10774801479827512,0.09155116955837615,7.669546999998305,0.3695469999983052,0.3695469999983052,10.538134038019493,3.238134038019493,3.238134038019493
2026-09-08,2027-09,put,call,jaou7_7500c,75.0,0.0343969721817989,7.09,0.0,False,13,0.3071816000931526,0.4149296148914277,-0.10774801479827512,0.09155116955837615,7.4784619966320784,0.3884619966320786,0.3884619966320786,10.353245379378508,3.2632453793785086,3.2632453793785086
2026-09-08,2027-09,put,call,jaou7_7542c,75.42,0.0399813504756996,6.92,0.0,False,13,0.3071816000931526,0.4149296148914277,-0.10774801479827512,0.09155116955837615,7.321033070557463,0.40103307055746296,0.40103307055746296,10.200092743090345,3.2800927430903446,3.2800927430903446
2026-09-08,2027-09,put,call,jaou7_7550c,75.5,0.0410415149004677,6.88,0.0,False,13,0.3071816000931526,0.4149296148914277,-0.10774801479827512,0.09155116955837615,7.291363055748197,0.41136305574819687,0.41136305574819687,10.171151727602751,3.2911517276027515,3.2911517276027515
2026-09-08,2027-09,put,call,jaou7_7600c,76.0,0.0476421989318197,6.68,0.0,False,13,0.3071816000931526,0.4149296148914277,-0.10774801479827512,0.09155116955837615,7.108200242250978,0.42820024225097786,0.42820024225097786,9.991990043484668,3.311990043484668,3.311990043484668
2026-09-08,2027-09,put,call,jaou7_7610c,76.1,0.0489571235131287,6.65,0.0,False,13,0.3071816000931526,0.4149296148914277,-0.10774801479827512,0.09155116955837615,7.072035560498292,0.4220355604982915,0.4220355604982915,9.956519624551234,3.3065196245512336,3.3065196245512336
2026-09-08,2027-09,put,call,jaou7_7705c,77.05,0.0613634204116133,6.29,0.0,False,13,0.3071816000931526,0.4149296148914277,-0.10774801479827512,0.09155116955837615,6.736143625841595,0.4461436258415947,0.4461436258415947,9.625103680191474,3.335103680191474,3.335103680191474
2026-09-08,2027-09,put,call,jaou7_7710c,77.1,0.0620121392147722,6.27,0.0,False,13,0.3071816000931526,0.4149296148914277,-0.10774801479827512,0.09155116955837615,6.718845880131195,0.44884588013119586,0.44884588013119586,9.607940401085097,3.3379404010850973,3.3379404010850973
2026-09-08,2027-09,put,call,jaou7_7725c,77.25,0.0639557744233434,6.21,0.0,False,13,0.3071816000931526,0.4149296148914277,-0.10774801479827512,0.09155116955837615,6.667178699732171,0.45717869973217073,0.45717869973217073,9.55662110032618,3.346621100326179,3.346621100326179
2026-09-08,2028-03,call,put,jaoh8_5740p,57.4,-0.2005357205769158,3.74,0.0,False,19,0.25853977839826664,0.4149296148914277,-0.15638983649316107,0.10434193581854001,2.992743769289385,-0.7472562307106152,0.7472562307106152,6.928817796039708,3.188817796039708,3.188817796039708
2026-09-08,2028-03,call,put,jaoh8_5900p,59.0,-0.173042579996717,4.18,0.0,False,19,0.25853977839826664,0.4149296148914277,-0.15638983649316107,0.10434193581854001,3.4920906262255915,-0.6879093737744082,0.6879093737744082,7.611101797803216,3.4311017978032163,3.4311017978032163
2026-09-08,2028-03,call,put,jaoh8_6000p,60.0,-0.1562354616803358,4.47,0.0,False,19,0.25853977839826664,0.4149296148914277,-0.15638983649316107,0.10434193581854001,3.828200575139334,-0.6417994248606655,0.6417994248606655,8.053529432753406,3.583529432753406,3.583529432753406
2026-09-08,2028-03,call,put,jaoh8_6165p,61.65,-0.1291067942920831,4.99,0.0,False,19,0.25853977839826664,0.4149296148914277,-0.15638983649316107,0.10434193581854001,4.42330418641674,-0.5666958135832605,0.5666958135832605,8.809620789048841,3.819620789048841,3.819620789048841
2026-09-08,2028-03,call,put,jaoh8_6200p,62.0,-0.1234456388573449,5.11,0.0,False,19,0.25853977839826664,0.4149296148914277,-0.15638983649316107,0.10434193581854001,4.556019586623387,-0.5539804133766131,0.5539804133766131,8.974122628441677,3.8641226284416765,3.8641226284416765
2026-09-08,2028-03,call,put,jaoh8_6250p,62.5,-0.1154134671600807,5.27,0.0,False,19,0.25853977839826664,0.4149296148914277,-0.15638983649316107,0.10434193581854001,4.749537523648876,-0.5204624763511232,0.5204624763511232,9.211584312052612,3.941584312052612,3.941584312052612
2026-09-08,2028-03,call,put,jaoh8_6500p,65.0,-0.0761927540067993,6.16,0.0,False,19,0.25853977839826664,0.4149296148914277,-0.15638983649316107,0.10434193581854001,5.78589585885956,-0.37410414114043977,0.37410414114043977,10.441624394267428,4.281624394267428,4.281624394267428
2026-09-08,2028-03,call,put,jaoh8_6600p,66.0,-0.0609252818760109,6.55,0.0,False,19,0.25853977839826664,0.4149296148914277,-0.15638983649316107,0.10434193581854001,6.232153646147326,-0.3178463538526737,0.3178463538526737,10.953366873793192,4.403366873793192,4.403366873793192
2026-09-08,2028-03,call,put,jaoh8_6750p,67.5,-0.0384524260239523,7.15,0.0,False,19,0.25853977839826664,0.4149296148914277,-0.15638983649316107,0.10434193581854001,6.934850565193333,-0.21514943480666737,0.21514943480666737,11.740994697575053,4.590994697575052,4.590994697575052
2026-09-08,2028-03,call,put,jaoh8_7000p,70.0,-0.0020847818530775,8.23,0.0,False,19,0.25853977839826664,0.4149296148914277,-0.15638983649316107,0.10434193581854001,8.192537480019615,-0.03746251998038552,0.03746251998038552,13.106880907173064,4.876880907173064,4.876880907173064
2026-09-08,2028-03,call,put,jaoh8_7450p,74.5,0.0602191014830773,10.46,0.0,False,19,0.25853977839826664,0.4149296148914277,-0.15638983649316107,0.10434193581854001,10.713893366172737,0.2538933661727363,0.2538933661727363,15.72488490718341,5.26488490718341,5.26488490718341
2026-09-08,2028-03,put,call,jaoh8_6151c,61.51,-0.1313802606821597,13.04,0.0,False,11,0.2716884445463509,0.4149296148914277,-0.14324117034507683,0.10455612286260757,12.808070286280463,-0.23192971371953597,0.23192971371953597,16.812363492996557,3.7723634929965577,3.7723634929965577
2026-09-08,2028-03,put,call,jaoh8_6200c,62.0,-0.1234456388573449,12.75,0.0,False,11,0.2716884445463509,0.4149296148914277,-0.14324117034507683,0.10455612286260757,12.539827234103639,-0.21017276589636147,0.21017276589636147,16.583958542883032,3.833958542883032,3.833958542883032
2026-09-08,2028-03,put,call,jaoh8_6420c,64.2,-0.0885768132065209,11.45,0.0,False,11,0.2716884445463509,0.4149296148914277,-0.14324117034507683,0.10455612286260757,11.387567155959342,-0.06243284404065719,0.06243284404065719,15.592481899688805,4.142481899688805,4.142481899688805
2026-09-08,2028-03,put,call,jaoh8_6500c,65.0,-0.0761927540067993,10.99,0.0,False,11,0.2716884445463509,0.4149296148914277,-0.14324117034507683,0.10455612286260757,10.989475277564898,-0.000524722435102376,0.000524722435102376,15.24549150989142,4.255491509891419,4.255491509891419
2026-09-08,2028-03,put,call,jaoh8_6600c,66.0,-0.0609252818760109,10.44,0.0,False,11,0.2716884445463509,0.4149296148914277,-0.14324117034507683,0.10455612286260757,10.507313050812703,0.06731305081270378,0.06731305081270378,14.82191105647806,4.38191105647806,4.38191105647806
2026-09-08,2028-03,put,call,jaoh8_6775c,67.75,-0.0347555641426262,9.5,0.0,False,11,0.2716884445463509,0.4149296148914277,-0.14324117034507683,0.10455612286260757,9.704169504156607,0.2041695041566065,0.2041695041566065,14.106350346205954,4.606350346205954,4.606350346205954
2026-09-08,2028-03,put,call,jaoh8_6875c,68.75,-0.0201032873557558,8.99,0.0,False,11,0.2716884445463509,0.4149296148914277,-0.14324117034507683,0.10455612286260757,9.26799408109902,0.27799408109902046,0.27799408109902046,13.7120472610123,4.7220472610123,4.7220472610123
2026-09-08,2028-03,put,call,jaoh8_6890c,68.9,-0.0179238458828235,8.92,0.0,False,11,0.2716884445463509,0.4149296148914277,-0.14324117034507683,0.10455612286260757,9.203971421565148,0.2839714215651483,0.2839714215651483,13.653803985313566,4.733803985313566,4.733803985313566
2026-09-08,2028-03,put,call,jaoh8_7000c,70.0,-0.0020847818530775,8.37,0.0,False,11,0.2716884445463509,0.4149296148914277,-0.14324117034507683,0.10455612286260757,8.74549933991967,0.37549933991967066,0.37549933991967066,13.234133358101444,4.864133358101444,4.864133358101444
2026-09-08,2028-03,put,call,jaoh8_7110c,71.1,0.0135073129067585,7.85,0.0,False,11,0.2716884445463509,0.4149296148914277,-0.14324117034507683,0.10455612286260757,8.306124318517812,0.4561243185178121,0.4561243185178121,12.82703704031302,4.97703704031302,4.97703704031302
2026-09-08,2028-03,put,call,jaoh8_7275c,72.75,0.0364488821491654,7.11,0.0,False,11,0.2716884445463509,0.4149296148914277,-0.14324117034507683,0.10455612286260757,7.681865022130995,0.5718650221309947,0.5718650221309947,12.238584542896549,5.128584542896548,5.128584542896548
2026-09-08,2028-03,put,call,jaoh8_7340c,73.4,0.0453439117180334,6.83,0.0,False,11,0.2716884445463509,0.4149296148914277,-0.14324117034507683,0.10455612286260757,7.4471059697111555,0.6171059697111554,0.6171059697111554,12.014050808948395,5.184050808948395,5.184050808948395
2026-09-08,2028-03,put,call,jaoh8_7450c,74.5,0.0602191014830773,6.38,0.0,False,11,0.2716884445463509,0.4149296148914277,-0.14324117034507683,0.10455612286260757,7.063785243246264,0.6837852432462643,0.6837852432462643,11.643184159885749,5.263184159885749,5.263184159885749
2026-09-08,2028-03,put,call,jaoh8_7475c,74.75,0.0635691883683592,6.29,0.0,False,11,0.2716884445463509,0.4149296148914277,-0.14324117034507683,0.10455612286260757,6.9790720698434265,0.6890720698434265,0.6890720698434265,11.560382452994032,5.270382452994032,5.270382452994032
2026-09-08,2028-03,put,call,jaoh8_7500c,75.0,0.066908089633874,6.19,0.0,False,11,0.2716884445463509,0.4149296148914277,-0.14324117034507683,0.10455612286260757,6.895236803199693,0.7052368031996927,0.7052368031996927,11.478115569157898,5.288115569157898,5.288115569157898
2026-09-08,2028-03,put,call,jaoh8_7550c,75.5,0.0735526323525424,6.0,0.0,False,11,0.2716884445463509,0.4149296148914277,-0.14324117034507683,0.10455612286260757,6.7301755811682895,0.7301755811682895,0.7301755811682895,11.31523542713916,5.315235427139161,5.315235427139161
2026-09-08,2028-03,put,call,jaoh8_7670c,76.7,0.0893216844707741,5.58,0.0,False,11,0.2716884445463509,0.4149296148914277,-0.14324117034507683,0.10455612286260757,6.347962326524714,0.7679623265247137,0.7679623265247137,10.933496610641756,5.353496610641756,5.353496610641756
2026-09-08,2028-03,put,call,jaoh8_7700c,77.0,0.0932253979512473,5.48,0.0,False,11,0.2716884445463509,0.4149296148914277,-0.14324117034507683,0.10455612286260757,6.255423177541731,0.7754231775417306,0.7754231775417306,10.840052307459333,5.360052307459332,5.360052307459332
2026-09-08,2028-03,put,call,jaoh8_7775c,77.75,0.102918527156907,5.24,0.0,False,11,0.2716884445463509,0.4149296148914277,-0.14324117034507683,0.10455612286260757,6.029232326182541,0.7892323261825407,0.7892323261825407,10.609875370032428,5.369875370032428,5.369875370032428
2026-09-08,2028-09,call,put,jaou8_5000p,50.0,-0.3180172722478534,2.84,0.0,False,16,0.23392140371646167,0.4149296148914277,-0.18100821117496604,0.1385208619649793,1.584525608455106,-1.2554743915448938,1.2554743915448938,5.732673390135436,2.8926733901354362,2.8926733901354362
2026-09-08,2028-09,call,put,jaou8_5500p,55.0,-0.2227070924435286,3.95,0.0,False,16,0.23392140371646167,0.4149296148914277,-0.18100821117496604,0.1385208619649793,2.7695563675515142,-1.180443632448486,1.180443632448486,7.721777002478533,3.771777002478533,3.771777002478533
2026-09-08,2028-09,call,put,jaou8_5700p,57.0,-0.1869890098414494,4.47,0.0,False,16,0.23392140371646167,0.4149296148914277,-0.18100821117496604,0.1385208619649793,3.3648670300285044,-1.1051329699714953,1.1051329699714953,8.596532608849602,4.126532608849602,4.126532608849602
2026-09-08,2028-09,call,put,jaou8_5740p,57.4,-0.1799959743504788,4.58,0.0,False,16,0.23392140371646167,0.4149296148914277,-0.18100821117496604,0.1385208619649793,3.4924565931193268,-1.0875434068806733,1.0875434068806733,8.776669406377101,4.196669406377101,4.196669406377101
2026-09-08,2028-09,call,put,jaou8_6165p,61.65,-0.1085670480656461,5.82,0.0,False,16,0.23392140371646167,0.4149296148914277,-0.18100821117496604,0.1385208619649793,5.024211340017123,-0.7957886599828772,0.7957886599828772,10.792702348541606,4.972702348541606,4.972702348541606
2026-09-08,2028-09,call,put,jaou8_6200p,62.0,-0.102905892630908,5.93,0.0,False,16,0.23392140371646167,0.4149296148914277,-0.18100821117496604,0.1385208619649793,5.1646284997532605,-0.7653715002467392,0.7653715002467392,10.966786132844184,5.036786132844185,5.036786132844185
2026-09-08,2028-09,call,put,jaou8_6250p,62.5,-0.0948737209336436,6.09,0.0,False,16,0.23392140371646167,0.4149296148914277,-0.18100821117496604,0.1385208619649793,5.3689505577047525,-0.7210494422952474,0.7210494422952474,11.2175610821652,5.127561082165201,5.127561082165201
2026-09-08,2028-09,call,put,jaou8_6500p,65.0,-0.0556530077803624,6.94,0.0,False,16,0.23392140371646167,0.4149296148914277,-0.18100821117496604,0.1385208619649793,6.455529884545664,-0.4844701154543367,0.4844701154543367,12.50777780302569,5.567777803025689,5.567777803025689
2026-09-08,2028-09,call,put,jaou8_6750p,67.5,-0.0179126797975153,7.87,0.0,False,16,0.23392140371646167,0.4149296148914277,-0.18100821117496604,0.1385208619649793,7.647699255820717,-0.22230074417928325,0.22230074417928325,13.858487643206876,5.988487643206876,5.988487643206876
2026-09-08,2028-09,call,put,jaou8_7000p,70.0,0.0184549643733595,8.94,0.0,False,16,0.23392140371646167,0.4149296148914277,-0.18100821117496604,0.1385208619649793,8.94093442488287,0.0009344248828710988,0.0009344248828710988,15.26528938408228,6.32528938408228,6.32528938408228
2026-09-08,2028-09,call,put,jaou8_7450p,74.5,0.0807588477095143,11.24,0.0,False,16,0.23392140371646167,0.4149296148914277,-0.18100821117496604,0.1385208619649793,11.505974583782937,0.2659745837829366,0.2659745837829366,17.926320532246493,6.6863205322464925,6.6863205322464925
2026-09-08,2028-09,put,call,jaou8_6151c,61.51,-0.1108405144557226,12.4,0.0,False,11,0.2534462856105054,0.4149296148914277,-0.1614833292809223,0.32180375779406895,12.168753861614638,-0.23124613838536234,0.23124613838536234,17.42411406641746,5.024114066417459,5.024114066417459
2026-09-08,2028-09,put,call,jaou8_6500c,65.0,-0.0556530077803624,10.35,0.0,False,11,0.2534462856105054,0.4149296148914277,-0.1614833292809223,0.32180375779406895,10.50940233952366,0.15940233952366079,0.15940233952366079,16.020286257339787,5.670286257339788,5.670286257339788
2026-09-08,2028-09,put,call,jaou8_6570c,65.7,-0.0449413521854346,9.96,0.0,False,11,0.2534462856105054,0.4149296148914277,-0.1614833292809223,0.32180375779406895,10.19978353934707,0.2397835393470693,0.2397835393470693,15.753057107421618,5.7930571074216175,5.7930571074216175
2026-09-08,2028-09,put,call,jaou8_6600c,66.0,-0.0403855356495739,9.79,0.0,False,11,0.2534462856105054,0.4149296148914277,-0.1614833292809223,0.32180375779406895,10.06940769470878,0.27940769470878024,0.27940769470878024,15.63998432628277,5.849984326282771,5.849984326282771
2026-09-08,2028-09,put,call,jaou8_6650c,66.5,-0.032838330014191,9.52,0.0,False,11,0.2534462856105054,0.4149296148914277,-0.1614833292809223,0.32180375779406895,9.855177979326204,0.33517797932620397,0.33517797932620397,15.453400745148407,5.933400745148408,5.933400745148408
2026-09-08,2028-09,put,call,jaou8_6775c,67.75,-0.0142158179161892,8.86,0.0,False,11,0.2534462856105054,0.4149296148914277,-0.1614833292809223,0.32180375779406895,9.336143967093914,0.4761439670939147,0.4761439670939147,14.997031625807711,6.137031625807712,6.137031625807712
2026-09-08,2028-09,put,call,jaou8_7000c,70.0,0.0184549643733595,7.76,0.0,False,11,0.2534462856105054,0.4149296148914277,-0.1614833292809223,0.32180375779406895,8.459847718837812,0.6998477188378125,0.6998477188378125,14.210173662672434,6.450173662672434,6.450173662672434
2026-09-08,2028-09,put,call,jaou8_7110c,71.1,0.0340470591331956,7.27,0.0,False,11,0.2534462856105054,0.4149296148914277,-0.1614833292809223,0.32180375779406895,8.057662182907459,0.787662182907459,0.787662182907459,13.8410536195697,6.5710536195697,6.5710536195697
2026-09-08,2028-09,put,call,jaou8_7275c,72.75,0.0569886283756023,6.59,0.0,False,11,0.2534462856105054,0.4149296148914277,-0.1614833292809223,0.32180375779406895,7.485412728933573,0.8954127289335734,0.8954127289335734,13.30550588650686,6.715505886506859,6.715505886506859
2026-09-08,2028-09,put,call,jaou8_7340c,73.4,0.0658836579444704,6.34,0.0,False,11,0.2534462856105054,0.4149296148914277,-0.1614833292809223,0.32180375779406895,7.2699115434472255,0.9299115434472256,0.9299115434472256,13.100255173968744,6.760255173968744,6.760255173968744
2026-09-08,2028-09,put,call,jaou8_7450c,74.5,0.0807588477095143,5.94,0.0,False,11,0.2534462856105054,0.4149296148914277,-0.1614833292809223,0.32180375779406895,6.917619762222605,0.9776197622226048,0.9776197622226048,12.760343052685094,6.820343052685094,6.820343052685094
2026-09-08,2028-09,put,call,jaou8_7500c,75.0,0.0874478358603109,5.77,0.0,False,11,0.2534462856105054,0.4149296148914277,-0.1614833292809223,0.32180375779406895,6.7625345739395755,0.9925345739395759,0.9925345739395759,12.60893811369073,6.83893811369073,6.83893811369073
2026-09-08,2028-09,put,call,jaou8_7560c,75.6,0.0954160055094876,5.57,0.0,False,11,0.2534462856105054,0.4149296148914277,-0.1614833292809223,0.32180375779406895,6.580509793920109,1.010509793920109,1.010509793920109,12.429758278512258,6.859758278512258,6.859758278512258
2026-09-08,2028-09,put,call,jaou8_7670c,76.7,0.1098614306972109,5.22,0.0,False,11,0.2534462856105054,0.4149296148914277,-0.1614833292809223,0.32180375779406895,6.258103827455425,1.0381038274554255,1.0381038274554255,12.10817902504308,6.8881790250430806,6.8881790250430806
2026-09-08,2028-09,put,call,jaou8_7925c,79.25,0.1425671350813905,4.52,0.0,False,11,0.2534462856105054,0.4149296148914277,-0.1614833292809223,0.32180375779406895,5.564607856976709,1.0446078569767092,1.0446078569767092,11.395588493049376,6.875588493049376,6.875588493049376
2026-09-08,2028-09,put,call,jaou8_8000c,80.0,0.1519863569978821,4.34,0.0,False,11,0.2534462856105054,0.4149296148914277,-0.1614833292809223,0.32180375779406895,5.37431964973762,1.0343196497376201,1.0343196497376201,11.194259807288422,6.854259807288422,6.854259807288422
2026-09-09,2026-10,call,put,jaov6_7200p,72.0,-0.2405368614229696,0.19,0.0,False,19,0.4810068801727044,0.415040877352261,0.0659660028204434,0.02550642501307823,0.2092534751052817,0.019253475105281692,0.019253475105281692,0.0892554402094897,-0.10074455979051031,0.10074455979051031
2026-09-09,2026-10,call,put,jaov6_7400p,74.0,-0.213137887234855,0.29,0.0,False,19,0.4810068801727044,0.415040877352261,0.0659660028204434,0.02550642501307823,0.33538250135926617,0.04538250135926619,0.04538250135926619,0.1608783499245862,-0.1291216500754138,0.1291216500754138
2026-09-09,2026-10,call,put,jaov6_7450p,74.5,-0.2064038550535109,0.32,0.0,False,19,0.4810068801727044,0.415040877352261,0.0659660028204434,0.02550642501307823,0.37490267797099364,0.05490267797099363,0.05490267797099363,0.1848114694568626,-0.1351885305431374,0.1351885305431374
2026-09-09,2026-10,call,put,jaov6_7500p,75.0,-0.1997148669027143,0.35,0.0,False,19,0.4810068801727044,0.415040877352261,0.0659660028204434,0.02550642501307823,0.4180343568129814,0.06803435681298142,0.06803435681298142,0.2116782229958824,-0.13832177700411757,0.13832177700411757
2026-09-09,2026-10,call,put,jaov6_7600p,76.0,-0.1864696401526937,0.42,0.0,False,19,0.4810068801727044,0.415040877352261,0.0659660028204434,0.02550642501307823,0.5159905613690761,0.09599056136907608,0.09599056136907608,0.2749365330999749,-0.14506346690002508,0.14506346690002508
2026-09-09,2026-10,call,put,jaov6_7800p,78.0,-0.1604941537494331,0.62,0.0,False,19,0.4810068801727044,0.415040877352261,0.0659660028204434,0.02550642501307823,0.7647552017650323,0.14475520176503232,0.14475520176503232,0.4467928753848137,-0.17320712461518628,0.17320712461518628
2026-09-09,2026-10,call,put,jaov6_8000p,80.0,-0.1351763457651432,0.89,0.0,False,19,0.4810068801727044,0.415040877352261,0.0659660028204434,0.02550642501307823,1.0954569885124101,0.20545698851241012,0.20545698851241012,0.6947208233312496,-0.1952791766687504,0.1952791766687504
2026-09-09,2026-10,call,put,jaov6_8200p,82.0,-0.1104837331747717,1.27,0.0,False,19,0.4810068801727044,0.415040877352261,0.0659660028204434,0.02550642501307823,1.5210885659950382,0.25108856599503815,0.25108856599503815,1.036866627447459,-0.23313337255254107,0.23313337255254107
2026-09-09,2026-10,call,put,jaov6_8250p,82.5,-0.1044046870983895,1.38,0.0,False,19,0.4810068801727044,0.415040877352261,0.0659660028204434,0.02550642501307823,1.6437058397251416,0.2637058397251417,0.2637058397251417,1.1392532548320529,-0.24074674516794703,0.24074674516794703
2026-09-09,2026-10,call,put,jaov6_9000p,90.0,-0.0173933101087597,4.09,0.0,False,19,0.4810068801727044,0.415040877352261,0.0659660028204434,0.02550642501307823,4.361140366428523,0.271140366428523,0.271140366428523,3.644323543825134,-0.44567645617486606,0.44567645617486606
2026-09-09,2026-10,put,call,jaov6_9200c,92.0,0.0045855966100154,4.74,0.0,False,10,0.4520691622358179,0.415040877352261,0.03702828488355692,0.0010670605475414086,4.648934425769168,-0.09106557423083217,0.09106557423083217,4.220663134850033,-0.5193368651499668,0.5193368651499668
2026-09-09,2026-10,put,call,jaov6_9225c,92.25,0.0072993024816117,4.64,0.0,False,10,0.4520691622358179,0.415040877352261,0.03702828488355692,0.0010670605475414086,4.535765203937206,-0.1042347960627934,0.1042347960627934,4.107307482292741,-0.5326925177072583,0.5326925177072583
2026-09-09,2026-10,put,call,jaov6_9348c,93.48,0.0205445292316323,4.15,0.0,False,10,0.4520691622358179,0.415040877352261,0.03702828488355692,0.0010670605475414086,4.007876737435763,-0.14212326256423768,0.14212326256423768,3.5813364843183355,-0.5686635156816648,0.5686635156816648
2026-09-09,2026-10,put,call,jaov6_9353c,93.53,0.0210792600074347,4.13,0.0,False,10,0.4520691622358179,0.415040877352261,0.03702828488355692,0.0010670605475414086,3.987421369166252,-0.14257863083374778,0.14257863083374778,3.5610838116127588,-0.5689161883872411,0.5689161883872411
2026-09-09,2026-10,put,call,jaov6_9435c,94.35,0.0298082913755344,3.84,0.0,False,10,0.4520691622358179,0.415040877352261,0.03702828488355692,0.0010670605475414086,3.6629202863430304,-0.1770797136569695,0.1770797136569695,3.241201533297466,-0.5987984667025339,0.5987984667025339
2026-09-09,2026-10,put,call,jaov6_9700c,97.0,0.0575079980643579,3.01,0.0,False,10,0.4520691622358179,0.415040877352261,0.03702828488355692,0.0010670605475414086,2.749897472912317,-0.26010252708768267,0.26010252708768267,2.3547560289327665,-0.6552439710672333,0.6552439710672333
2026-09-09,2026-10,put,call,jaov6_9800c,98.0,0.067764498231547,2.75,0.0,False,10,0.4520691622358179,0.415040877352261,0.03702828488355692,0.0010670605475414086,2.455966335333082,-0.29403366466691816,0.29403366466691816,2.0741668267695887,-0.6758331732304113,0.6758331732304113
2026-09-09,2026-10,put,call,jaov6_9911c,99.11,0.0790273639795922,2.48,0.0,False,10,0.4520691622358179,0.415040877352261,0.03702828488355692,0.0010670605475414086,2.159707108467988,-0.320292891532012,0.320292891532012,1.7950066051359472,-0.6849933948640528,0.6849933948640528
2026-09-09,2026-10,put,call,jaov6_9955c,99.55,0.0834570500711804,2.38,0.0,False,10,0.4520691622358179,0.415040877352261,0.03702828488355692,0.0010670605475414086,2.0505972061118234,-0.3294027938881765,0.3294027938881765,1.6929484529221837,-0.6870515470778162,0.6870515470778162
2026-09-09,2026-10,put,call,jaov6_10000c,100.0,0.0879672055490664,2.29,0.0,False,10,0.4520691622358179,0.415040877352261,0.03702828488355692,0.0010670605475414086,1.9437034608042896,-0.34629653919571046,0.34629653919571046,1.5935244168933895,-0.6964755831066105,0.6964755831066105
2026-09-09,2026-10,put,call,jaov6_10205c,102.05,0.1082599088168288,1.89,0.0,False,10,0.4520691622358179,0.415040877352261,0.03702828488355692,0.0010670605475414086,1.5131353315478597,-0.3768646684521402,0.3768646684521402,1.2006241383788898,-0.6893758616211101,0.6893758616211101
2026-09-09,2026-10,put,call,jaov6_10240c,102.4,0.1116837321663825,1.83,0.0,False,10,0.4520691622358179,0.415040877352261,0.03702828488355692,0.0010670605475414086,1.4482767646369858,-0.3817232353630142,0.3817232353630142,1.142528306074542,-0.6874716939254581,0.6874716939254581
2026-09-09,2026-10,put,call,jaov6_10300c,103.0,0.117526007790611,1.73,0.0,False,10,0.4520691622358179,0.415040877352261,0.03702828488355692,0.0010670605475414086,1.342542908143326,-0.387457091856674,0.387457091856674,1.048421104921063,-0.681578895078937,0.681578895078937
2026-09-09,2026-10,put,call,jaov6_10500c,105.0,0.1367573697184985,1.44,0.0,False,10,0.4520691622358179,0.415040877352261,0.03702828488355692,0.0010670605475414086,1.0361502348105756,-0.4038497651894244,0.4038497651894244,0.781281455396462,-0.658718544603538,0.658718544603538
2026-09-09,2026-10,put,call,jaov6_10800c,108.0,0.1649282466851948,1.09,0.0,False,10,0.4520691622358179,0.415040877352261,0.03702828488355692,0.0010670605475414086,0.6901287924095842,-0.39987120759041583,0.39987120759041583,0.4920619308729817,-0.5979380691270184,0.5979380691270184
2026-09-09,2026-10,put,call,jaov6_11500c,115.0,0.2277291479242252,0.59,0.0,False,10,0.4520691622358179,0.415040877352261,0.03702828488355692,0.0010670605475414086,0.24742404702387363,-0.3425759529761263,0.3425759529761263,0.1523607371699629,-0.43763926283003707,0.43763926283003707
2026-09-09,2026-10,put,call,jaov6_12100c,121.0,0.2785875651577161,0.36,0.0,False,10,0.4520691622358179,0.415040877352261,0.03702828488355692,0.0010670605475414086,0.09500883755637111,-0.26499116244362886,0.26499116244362886,0.0515669163346153,-0.3084330836653847,0.3084330836653847
2026-09-09,2026-10,put,call,jaov6_12500c,125.0,0.3111107568632763,0.26,0.0,False,10,0.4520691622358179,0.415040877352261,0.03702828488355692,0.0010670605475414086,0.04844762920594662,-0.2115523707940534,0.2115523707940534,0.023969854062982,-0.23603014593701802,0.23603014593701802
2026-09-09,2026-10,put,call,jaov6_16000c,160.0,0.557970834794802,0.04,0.0,False,10,0.4520691622358179,0.415040877352261,0.03702828488355692,0.0010670605475414086,5.6435412997375384e-05,-0.03994356458700263,0.03994356458700263,4.074200804044027e-05,-0.03995925799195956,0.03995925799195956
2026-09-09,2026-11,call,put,jaox6_7200p,72.0,-0.2058197539408987,0.87,0.0,False,17,0.4607416151521314,0.415040877352261,0.04570073779987044,0.03694669413736538,1.0659088684122189,0.19590886841221888,0.19590886841221888,0.7710570285649624,-0.09894297143503761,0.09894297143503761
2026-09-09,2026-11,call,put,jaox6_7400p,74.0,-0.1784207797527842,1.17,0.0,False,17,0.4607416151521314,0.415040877352261,0.04570073779987044,0.03694669413736538,1.4237072724415718,0.2537072724415719,0.2537072724415719,1.0691755914060312,-0.10082440859396868,0.10082440859396868
2026-09-09,2026-11,call,put,jaox6_7450p,74.5,-0.1716867475714401,1.25,0.0,False,17,0.4607416151521314,0.415040877352261,0.04570073779987044,0.03694669413736538,1.5251792835496172,0.2751792835496172,0.2751792835496172,1.155637554974304,-0.0943624450256959,0.0943624450256959
2026-09-09,2026-11,call,put,jaox6_7500p,75.0,-0.1649977594206435,1.34,0.0,False,17,0.4607416151521314,0.415040877352261,0.04570073779987044,0.03694669413736538,1.6316903280340593,0.29169032803405925,0.29169032803405925,1.247258632066584,-0.09274136793341614,0.09274136793341614
2026-09-09,2026-11,call,put,jaox6_7600p,76.0,-0.1517525326706228,1.54,0.0,False,17,0.4607416151521314,0.415040877352261,0.04570073779987044,0.03694669413736538,1.8602535226588497,0.32025352265884965,0.32025352265884965,1.4465371800828322,-0.09346281991716787,0.09346281991716787
2026-09-09,2026-11,call,put,jaox6_7800p,78.0,-0.1257770462673622,2.01,0.0,False,17,0.4607416151521314,0.415040877352261,0.04570073779987044,0.03694669413736538,2.382225551496566,0.372225551496566,0.372225551496566,1.9129125670699887,-0.0970874329300111,0.0970874329300111
2026-09-09,2026-11,call,put,jaox6_8000p,80.0,-0.1004592382830723,2.59,0.0,False,17,0.4607416151521314,0.415040877352261,0.04570073779987044,0.03694669413736538,2.9949450203027403,0.4049450203027405,0.4049450203027405,2.4741692524381094,-0.11583074756189049,0.11583074756189049
2026-09-09,2026-11,call,put,jaox6_8200p,82.0,-0.0757666256927008,3.28,0.0,False,17,0.4607416151521314,0.415040877352261,0.04570073779987044,0.03694669413736538,3.702209678900341,0.42220967890034133,0.42220967890034133,3.1374634970243456,-0.14253650297565423,0.14253650297565423
2026-09-09,2026-11,call,put,jaox6_8250p,82.5,-0.0696875796163187,3.47,0.0,False,17,0.4607416151521314,0.415040877352261,0.04570073779987044,0.03694669413736538,3.8940912637994796,0.42409126379947937,0.42409126379947937,3.31981216918089,-0.15018783081911025,0.15018783081911025
2026-09-09,2026-11,call,put,jaox6_9000p,90.0,0.0173237973733109,7.2,0.0,False,17,0.4607416151521314,0.415040877352261,0.04570073779987044,0.03694669413736538,7.497265585656446,0.29726558565644545,0.29726558565644545,6.852362370506454,-0.34763762949354593,0.34763762949354593
2026-09-09,2026-11,put,call,jaox6_8950c,89.5,0.0117527523238557,5.97,0.0,False,10,0.429979489470132,0.415040877352261,0.014938612117871009,0.002868070506484668,5.734983621103552,-0.23501637889644744,0.23501637889644744,5.547649304264176,-0.4223506957358234,0.4223506957358234
2026-09-09,2026-11,put,call,jaox6_9000c,90.0,0.0173237973733109,5.77,0.0,False,10,0.429979489470132,0.415040877352261,0.014938612117871009,0.002868070506484668,5.5208494837805615,-0.24915051621943807,0.24915051621943807,5.33361140961922,-0.4363885903807798,0.4363885903807798
2026-09-09,2026-11,put,call,jaox6_9025c,90.25,0.0200977242560363,5.68,0.0,False,10,0.429979489470132,0.415040877352261,0.014938612117871009,0.002868070506484668,5.416066073053637,-0.263933926946363,0.263933926946363,5.228849888226228,-0.45115011177377173,0.45115011177377173
2026-09-09,2026-11,put,call,jaox6_9100c,91.0,0.0283736335598959,5.4,0.0,False,10,0.429979489470132,0.415040877352261,0.014938612117871009,0.002868070506484668,5.110743698587596,-0.2892563014124043,0.2892563014124043,4.923832615650163,-0.4761673843498375,0.4761673843498375
2026-09-09,2026-11,put,call,jaox6_9196c,91.96,0.0388678269380267,5.06,0.0,False,10,0.429979489470132,0.415040877352261,0.014938612117871009,0.002868070506484668,4.739362292935512,-0.32063770706448746,0.32063770706448746,4.5537018030126655,-0.5062981969873341,0.5062981969873341
2026-09-09,2026-11,put,call,jaox6_9200c,92.0,0.0393027040920862,5.04,0.0,False,10,0.429979489470132,0.415040877352261,0.014938612117871009,0.002868070506484668,4.724353991484399,-0.31564600851560076,0.31564600851560076,4.538751222660768,-0.5012487773392325,0.5012487773392325
2026-09-09,2026-11,put,call,jaox6_9225c,92.25,0.0420164099636826,4.96,0.0,False,10,0.429979489470132,0.415040877352261,0.014938612117871009,0.002868070506484668,4.631386349251932,-0.3286136507480677,0.3286136507480677,4.446180622176597,-0.5138193778234026,0.5138193778234026
2026-09-09,2026-11,put,call,jaox6_9348c,93.48,0.0552616367137032,4.56,0.0,False,10,0.429979489470132,0.415040877352261,0.014938612117871009,0.002868070506484668,4.194603409370793,-0.3653965906292065,0.3653965906292065,4.012074728351665,-0.5479252716483343,0.5479252716483343
2026-09-09,2026-11,put,call,jaox6_9353c,93.53,0.0557963674895057,4.55,0.0,False,10,0.429979489470132,0.415040877352261,0.014938612117871009,0.002868070506484668,4.177560888389818,-0.3724391116101815,0.3724391116101815,3.9951705233756303,-0.5548294766243695,0.5548294766243695
2026-09-09,2026-11,put,call,jaox6_9435c,94.35,0.0645253988576052,4.31,0.0,False,10,0.429979489470132,0.415040877352261,0.014938612117871009,0.002868070506484668,3.905819609288437,-0.4041803907115624,0.4041803907115624,3.726374349638266,-0.5836256503617334,0.5836256503617334
2026-09-09,2026-11,put,call,jaox6_9700c,97.0,0.0922251055464288,3.61,0.0,False,10,0.429979489470132,0.415040877352261,0.014938612117871009,0.002868070506484668,3.123240915244416,-0.48675908475558405,0.48675908475558405,2.9557247337368944,-0.6542752662631055,0.6542752662631055
2026-09-09,2026-11,put,call,jaox6_9911c,99.11,0.1137444714616631,3.14,0.0,False,10,0.429979489470132,0.415040877352261,0.014938612117871009,0.002868070506484668,2.59664105704479,-0.5433589429552099,0.5433589429552099,2.4399535777460173,-0.7000464222539828,0.7000464222539828
2026-09-09,2026-11,put,call,jaox6_10000c,100.0,0.1226843130311373,2.96,0.0,False,10,0.429979489470132,0.415040877352261,0.014938612117871009,0.002868070506484668,2.397975633570054,-0.562024366429946,0.562024366429946,2.246660279952479,-0.7133397200475211,0.7133397200475211
2026-09-09,2026-11,put,call,jaox6_10205c,102.05,0.1429770162988998,2.59,0.0,False,10,0.429979489470132,0.415040877352261,0.014938612117871009,0.002868070506484668,1.9888294672320372,-0.6011705327679626,0.6011705327679626,1.8510215994072232,-0.7389784005927766,0.7389784005927766
2026-09-09,2026-11,put,call,jaox6_10240c,102.4,0.1464008396484535,2.53,0.0,False,10,0.429979489470132,0.415040877352261,0.014938612117871009,0.002868070506484668,1.925323813789843,-0.6046761862101568,0.6046761862101568,1.790043286590616,-0.7399567134093838,0.7399567134093838
2026-09-09,2026-11,put,call,jaox6_10500c,105.0,0.1714744772005694,2.14,0.0,False,10,0.429979489470132,0.415040877352261,0.014938612117871009,0.002868070506484668,1.5060479171852765,-0.6339520828147236,0.6339520828147236,1.3897190720144006,-0.7502809279855995,0.7502809279855995
2026-09-09,2026-11,put,call,jaox6_10800c,108.0,0.1996453541672657,1.77,0.0,False,10,0.429979489470132,0.415040877352261,0.014938612117871009,0.002868070506484668,1.1236025315722713,-0.6463974684277287,0.6463974684277287,1.028363230223723,-0.7416367697762771,0.7416367697762771
2026-09-09,2027-03,call,put,jaoh7_6800p,68.0,-0.1467264031621889,3.38,0.0,False,18,0.3644292041421596,0.415040877352261,-0.05061167321010135,0.001501811192643436,3.246817338467027,-0.13318266153297298,0.13318266153297298,4.128034966790601,0.748034966790601,0.748034966790601
2026-09-09,2027-03,call,put,jaoh7_6900p,69.0,-0.1321276037410362,3.68,0.0,False,18,0.3644292041421596,0.415040877352261,-0.05061167321010135,0.001501811192643436,3.5791926713464335,-0.10080732865356667,0.10080732865356667,4.492626910271172,0.8126269102711716,0.8126269102711716
2026-09-09,2027-03,call,put,jaoh7_7000p,70.0,-0.1177388662889366,4.0,17.0,True,18,0.3644292041421596,0.415040877352261,-0.05061167321010135,0.001501811192643436,3.9319626301886696,-0.06803736981133035,0.06803736981133035,4.875664534827148,0.8756645348271483,0.8756645348271483
2026-09-09,2027-03,call,put,jaoh7_7100p,71.0,-0.1035542312969801,4.35,0.0,False,18,0.3644292041421596,0.415040877352261,-0.05061167321010135,0.001501811192643436,4.30524054640739,-0.04475945359260969,0.04475945359260969,5.276757691716263,0.9267576917162632,0.9267576917162632
2026-09-09,2027-03,call,put,jaoh7_7150p,71.5,-0.0965366586383335,4.53,0.0,False,18,0.3644292041421596,0.415040877352261,-0.05061167321010135,0.001501811192643436,4.499587862754951,-0.03041213724504921,0.03041213724504921,5.483882019947966,0.9538820199479661,0.9538820199479661
2026-09-09,2027-03,call,put,jaoh7_7250p,72.5,-0.0826475464776664,4.91,0.0,False,18,0.3644292041421596,0.415040877352261,-0.05061167321010135,0.001501811192643436,4.9037009274288526,-0.00629907257114759,0.00629907257114759,5.911635266291374,1.0016352662913741,1.0016352662913741
2026-09-09,2027-03,call,put,jaoh7_7300p,73.0,-0.0757746671899044,5.11,0.0,False,18,0.3644292041421596,0.415040877352261,-0.05061167321010135,0.001501811192643436,5.113456070113858,0.0034560701138577343,0.0034560701138577343,6.132266957148463,1.0222669571484628,1.0222669571484628
2026-09-09,2027-03,call,put,jaoh7_7400p,74.0,-0.0621690151341258,5.52,0.0,False,18,0.3644292041421596,0.415040877352261,-0.05061167321010135,0.001501811192643436,5.5483098967406335,0.02830989674063389,0.02830989674063389,6.587116270992407,1.0671162709924076,1.0671162709924076
2026-09-09,2027-03,call,put,jaoh7_7450p,74.5,-0.0554349829527817,5.73,0.0,False,18,0.3644292041421596,0.415040877352261,-0.05061167321010135,0.001501811192643436,5.773376648745926,0.04337664874592573,0.04337664874592573,6.821194456690289,1.091194456690289,1.091194456690289
2026-09-09,2027-03,call,put,jaoh7_7500p,75.0,-0.0487459948019851,5.96,0.0,False,18,0.3644292041421596,0.415040877352261,-0.05061167321010135,0.001501811192643436,6.003509767168584,0.04350976716858401,0.04350976716858401,7.05953791763811,1.0995379176381102,1.0995379176381102
2026-09-09,2027-03,put,call,jaoh7_7900c,79.0,0.0032137441287259,7.74,0.0,False,10,0.36562536473191304,0.415040877352261,-0.049415512620347934,0.0034810375119928736,7.801360777888833,0.061360777888832985,0.061360777888832985,8.87347262807736,1.1334726280773602,1.1334726280773602
2026-09-09,2027-03,put,call,jaoh7_8000c,80.0,0.0157925263355861,7.32,0.0,False,10,0.36562536473191304,0.415040877352261,-0.049415512620347934,0.0034810375119928736,7.376911387590163,0.05691138759016301,0.05691138759016301,8.45320257093916,1.1332025709391598,1.1332025709391598
2026-09-09,2027-03,put,call,jaoh7_8025c,80.25,0.0189126536718296,7.21,0.0,False,10,0.36562536473191304,0.415040877352261,-0.049415512620347934,0.0034810375119928736,7.273711656079188,0.06371165607918794,0.06371165607918794,8.350669066712774,1.140669066712774,1.140669066712774
2026-09-09,2027-03,put,call,jaoh7_8045c,80.45,0.0214017651000967,7.13,0.0,False,10,0.36562536473191304,0.415040877352261,-0.049415512620347934,0.0034810375119928736,7.191981995129453,0.061981995129452905,0.061981995129452905,8.269288300202222,1.1392883002022218,1.1392883002022218
2026-09-09,2027-03,put,call,jaoh7_8075c,80.75,0.0251238537644704,7.01,0.0,False,10,0.36562536473191304,0.415040877352261,-0.049415512620347934,0.0034810375119928736,7.070763295811542,0.06076329581154205,0.06076329581154205,8.148345273014032,1.138345273014032,1.138345273014032
2026-09-09,2027-03,put,call,jaoh7_8100c,81.0,0.0282150463341431,6.92,0.0,False,10,0.36562536473191304,0.415040877352261,-0.049415512620347934,0.0034810375119928736,6.971001633772518,0.05100163377251832,0.05100163377251832,8.048642031655877,1.1286420316558772,1.1286420316558772
2026-09-09,2027-03,put,call,jaoh7_8102c,81.02,0.0284619294362489,6.91,0.0,False,10,0.36562536473191304,0.415040877352261,-0.049415512620347934,0.0034810375119928736,6.963069727469635,0.053069727469634564,0.053069727469634564,8.040710463304272,1.130710463304272,1.130710463304272
2026-09-09,2027-03,put,call,jaoh7_8125c,81.25,0.0312967128715512,6.82,0.0,False,10,0.36562536473191304,0.415040877352261,-0.049415512620347934,0.0034810375119928736,6.8723727846135345,0.05237278461353423,0.05237278461353423,7.949970375301086,1.1299703753010855,1.1299703753010855
2026-09-09,2027-03,put,call,jaoh7_8150c,81.5,0.0343689119085215,6.72,0.0,False,10,0.36562536473191304,0.415040877352261,-0.049415512620347934,0.0034810375119928736,6.774869971697835,0.05486997169783514,0.05486997169783514,7.852278389267759,1.1322783892677588,1.1322783892677588
2026-09-09,2027-03,put,call,jaoh7_8185c,81.85,0.0386541954788482,6.59,0.0,False,10,0.36562536473191304,0.415040877352261,-0.049415512620347934,0.0034810375119928736,6.640244668324815,0.05024466832481522,0.05024466832481522,7.717141844993634,1.1271418449936341,1.1271418449936341
2026-09-09,2027-03,put,call,jaoh7_8342c,83.42,0.0576539804305037,6.03,0.0,False,10,0.36562536473191304,0.415040877352261,-0.049415512620347934,0.0034810375119928736,6.062825083893955,0.032825083893954776,0.032825083893954776,7.134171170936558,1.1041711709365574,1.1041711709365574
2026-09-09,2027-03,put,call,jaoh7_8500c,85.0,0.0764171481520208,5.52,250.0,True,10,0.36562536473191304,0.415040877352261,-0.049415512620347934,0.0034810375119928736,5.524059533920857,0.004059533920857561,0.004059533920857561,6.585665372465421,1.0656653724654213,1.0656653724654213
2026-09-09,2027-03,put,call,jaoh7_8525c,85.25,0.0793540078253305,5.44,0.0,False,10,0.36562536473191304,0.415040877352261,-0.049415512620347934,0.0034810375119928736,5.442576207940137,0.0025762079401365767,0.0025762079401365767,6.502095866956421,1.0620958669564207,1.0620958669564207
2026-09-09,2027-03,put,call,jaoh7_8575c,85.75,0.0852019777077536,5.29,0.0,False,10,0.36562536473191304,0.415040877352261,-0.049415512620347934,0.0034810375119928736,5.282621802068374,-0.007378197931625863,0.007378197931625863,6.337680651388959,1.0476806513889594,1.0476806513889594
2026-09-09,2027-03,put,call,jaoh7_8635c,86.35,0.092174696254392,5.12,0.0,False,10,0.36562536473191304,0.415040877352261,-0.049415512620347934,0.0034810375119928736,5.09590204917141,-0.024097950828590342,0.024097950828590342,6.145086666344544,1.025086666344544,1.025086666344544
2026-09-09,2027-03,put,call,jaoh7_8675c,86.75,0.0967963104886729,5.01,0.0,False,10,0.36562536473191304,0.415040877352261,-0.049415512620347934,0.0034810375119928736,4.974537598249125,-0.03546240175087512,0.03546240175087512,6.019560342384971,1.0095603423849715,1.0095603423849715
2026-09-09,2027-03,put,call,jaoh7_8700c,87.0,0.0996740103162881,4.94,0.0,False,10,0.36562536473191304,0.415040877352261,-0.049415512620347934,0.0034810375119928736,4.899932847614832,-0.040067152385168114,0.040067152385168114,5.942308407821449,1.0023084078214488,1.0023084078214488
2026-09-09,2027-03,put,call,jaoh7_8705c,87.05,0.1002485578759024,4.93,0.0,False,10,0.36562536473191304,0.415040877352261,-0.049415512620347934,0.0034810375119928736,4.88512618678178,-0.044873813218219816,0.044873813218219816,5.926961609966378,0.9969616099663785,0.9969616099663785
2026-09-09,2027-09,call,put,jaou7_5800p,58.0,-0.2224160139958321,3.15,0.0,False,20,0.29807751079458417,0.415040877352261,-0.1169633665576768,0.020909271501845527,2.434798813049552,-0.715201186950448,0.715201186950448,4.740620642214133,1.5906206422141334,1.5906206422141334
2026-09-09,2027-09,call,put,jaou7_5900p,59.0,-0.2053215806365321,3.39,0.0,False,20,0.29807751079458417,0.415040877352261,-0.1169633665576768,0.020909271501845527,2.7078816383604547,-0.6821183616395454,0.6821183616395454,5.101856665413115,1.7118566654131153,1.7118566654131153
2026-09-09,2027-09,call,put,jaou7_6000p,60.0,-0.1885144623201508,3.64,0.0,False,20,0.29807751079458417,0.415040877352261,-0.1169633665576768,0.020909271501845527,2.999703161973615,-0.6402968380263849,0.6402968380263849,5.477862066731352,1.8378620667313519,1.8378620667313519
2026-09-09,2027-09,call,put,jaou7_6200p,62.0,-0.15572463949716,4.19,0.0,False,20,0.29807751079458417,0.415040877352261,-0.1169633665576768,0.020909271501845527,3.64040042787245,-0.5495995721275504,0.5495995721275504,6.274286738581974,2.084286738581974,2.084286738581974
2026-09-09,2027-09,call,put,jaou7_6420p,64.2,-0.120855813846336,4.88,0.0,False,20,0.29807751079458417,0.415040877352261,-0.1169633665576768,0.020909271501845527,4.43397270256169,-0.4460272974383095,0.4460272974383095,7.22061915333246,2.34061915333246,2.34061915333246
2026-09-09,2027-09,call,put,jaou7_6500p,65.0,-0.1084717546466144,5.15,0.0,False,20,0.29807751079458417,0.415040877352261,-0.1169633665576768,0.020909271501845527,4.745675531021092,-0.40432446897890806,0.40432446897890806,7.582344476073282,2.4323444760732817,2.4323444760732817
2026-09-09,2027-09,call,put,jaou7_6750p,67.5,-0.0707314266637674,6.06,0.0,False,20,0.29807751079458417,0.415040877352261,-0.1169633665576768,0.020909271501845527,5.798756745710596,-0.2612432542894032,0.2612432542894032,8.77090649149486,2.7109064914948595,2.7109064914948595
2026-09-09,2027-09,call,put,jaou7_6800p,68.0,-0.0633513193661448,6.26,0.0,False,20,0.29807751079458417,0.415040877352261,-0.1169633665576768,0.020909271501845527,6.023606412676907,-0.2363935873230929,0.2363935873230929,9.0191515919543,2.7591515919543,2.7591515919543
2026-09-09,2027-09,call,put,jaou7_6900p,69.0,-0.0487525199449922,6.67,0.0,False,20,0.29807751079458417,0.415040877352261,-0.1169633665576768,0.020909271501845527,6.487347523543859,-0.18265247645614124,0.18265247645614124,9.525543380569962,2.855543380569962,2.855543380569962
2026-09-09,2027-09,call,put,jaou7_7000p,70.0,-0.0343637824928925,7.1,30.0,True,20,0.29807751079458417,0.415040877352261,-0.1169633665576768,0.020909271501845527,6.969609534173583,-0.13039046582641678,0.13039046582641678,10.045318807955857,2.945318807955857,2.945318807955857
2026-09-09,2027-09,call,put,jaou7_7400p,74.0,0.0212060686619182,9.02,0.0,False,20,0.29807751079458417,0.415040877352261,-0.1169633665576768,0.020909271501845527,9.077925662817023,0.05792566281702349,0.05792566281702349,12.258327300048483,3.238327300048484,3.238327300048484
2026-09-09,2027-09,call,put,jaou7_7450p,74.5,0.0279401008432622,9.29,0.0,False,20,0.29807751079458417,0.415040877352261,-0.1169633665576768,0.020909271501845527,9.360921951517922,0.07092195151792247,0.07092195151792247,12.548853497871184,3.2588534978711845,3.2588534978711845
2026-09-09,2027-09,call,put,jaou7_7500p,75.0,0.0346290889940588,9.56,0.0,False,20,0.29807751079458417,0.415040877352261,-0.1169633665576768,0.020909271501845527,9.648082922745004,0.08808292274500396,0.08808292274500396,12.842428636341312,3.2824286363413115,3.2824286363413115
2026-09-09,2027-09,put,call,jaou7_6820c,68.2,-0.0604144596928351,10.4,0.0,False,13,0.30929500371989554,0.415040877352261,-0.10574587363236543,0.09689075913524271,10.47057708011123,0.07057708011122976,0.07057708011122976,13.113823034281978,2.713823034281978,2.713823034281978
2026-09-09,2027-09,put,call,jaou7_6825c,68.25,-0.0596815904771824,10.37,0.0,False,13,0.30929500371989554,0.415040877352261,-0.10574587363236543,0.09689075913524271,10.445917033602042,0.0759170336020425,0.0759170336020425,13.091124854153234,2.721124854153235,2.721124854153235
2026-09-09,2027-09,put,call,jaou7_6860c,68.6,-0.054566489810412,10.18,0.0,False,13,0.30929500371989554,0.415040877352261,-0.10574587363236543,0.09689075913524271,10.274557670509571,0.09455767050957142,0.09455767050957142,12.93315549389595,2.7531554938959495,2.7531554938959495
2026-09-09,2027-09,put,call,jaou7_6900c,69.0,-0.0487525199449922,9.96,0.0,False,13,0.30929500371989554,0.415040877352261,-0.10574587363236543,0.09689075913524271,10.08141082271451,0.12141082271450898,0.12141082271450898,12.754596875857043,2.7945968758570423,2.7945968758570423
2026-09-09,2027-09,put,call,jaou7_6905c,69.05,-0.0480281446869505,9.94,0.0,False,13,0.30929500371989554,0.415040877352261,-0.10574587363236543,0.09689075913524271,10.057468654784321,0.11746865478432156,0.11746865478432156,12.732425029004528,2.7924250290045283,2.7924250290045283
2026-09-09,2027-09,put,call,jaou7_6930c,69.3,-0.044414118346394,9.8,0.0,False,13,0.30929500371989554,0.415040877352261,-0.10574587363236543,0.09689075913524271,9.938426198768227,0.13842619876822582,0.13842619876822582,12.62206418466294,2.8220641846629384,2.8220641846629384
2026-09-09,2027-09,put,call,jaou7_7000c,70.0,-0.0343637824928925,9.44,0.0,False,13,0.30929500371989554,0.415040877352261,-0.10574587363236543,0.09689075913524271,9.611004037995226,0.17100403799522645,0.17100403799522645,12.317633724388068,2.877633724388069,2.877633724388069
2026-09-09,2027-09,put,call,jaou7_7110c,71.1,-0.0187716877330565,8.88,0.0,False,13,0.30929500371989554,0.415040877352261,-0.10574587363236543,0.09689075913524271,9.113849360478406,0.23384936047840554,0.23384936047840554,11.85293997497968,2.9729399749796794,2.9729399749796794
2026-09-09,2027-09,put,call,jaou7_7200c,72.0,-0.0061929055261962,8.44,0.0,False,13,0.30929500371989554,0.415040877352261,-0.10574587363236543,0.09689075913524271,8.722628001867921,0.2826280018679217,0.2826280018679217,11.484827166071614,3.044827166071615,3.044827166071615
2026-09-09,2027-09,put,call,jaou7_7335c,73.35,0.012383480046739,7.81,0.0,False,13,0.30929500371989554,0.415040877352261,-0.10574587363236543,0.09689075913524271,8.161464965348513,0.3514649653485131,0.3514649653485131,10.952199808876612,3.1421998088766125,3.1421998088766125
2026-09-09,2027-09,put,call,jaou7_7400c,74.0,0.0212060686619182,7.53,0.0,False,13,0.30929500371989554,0.415040877352261,-0.10574587363236543,0.09689075913524271,7.902040693852491,0.37204069385249117,0.37204069385249117,10.703687901061212,3.1736879010612116,3.1736879010612116
2026-09-09,2027-09,put,call,jaou7_7450c,74.5,0.0279401008432622,7.31,0.0,False,13,0.30929500371989554,0.415040877352261,-0.10574587363236543,0.09689075913524271,7.707157016544922,0.39715701654492275,0.39715701654492275,10.515844809456476,3.205844809456477,3.205844809456477
2026-09-09,2027-09,put,call,jaou7_7500c,75.0,0.0346290889940588,7.1,0.0,False,13,0.30929500371989554,0.415040877352261,-0.10574587363236543,0.09689075913524271,7.516284810753891,0.4162848107538917,0.4162848107538917,10.331050658499166,3.231050658499166,3.231050658499166
2026-09-09,2027-09,put,call,jaou7_7542c,75.42,0.0402134672879595,6.93,0.0,False,13,0.30929500371989554,0.415040877352261,-0.10574587363236543,0.09689075913524271,7.35901662454589,0.4290166245458904,0.4290166245458904,10.177977302877837,3.247977302877837,3.247977302877837
2026-09-09,2027-09,put,call,jaou7_7550c,75.5,0.0412736317127275,6.9,0.0,False,13,0.30929500371989554,0.415040877352261,-0.10574587363236543,0.09689075913524271,7.329375380312945,0.429375380312945,0.429375380312945,10.1490522120038,3.2490522120038,3.2490522120038
2026-09-09,2027-09,put,call,jaou7_7600c,76.0,0.0478743157440794,6.7,0.0,False,13,0.30929500371989554,0.415040877352261,-0.10574587363236543,0.09689075913524271,7.146379131762991,0.44637913176299104,0.44637913176299104,9.969994272942309,3.2699942729423084,3.2699942729423084
2026-09-09,2027-09,put,call,jaou7_7610c,76.1,0.0491892403253884,6.66,0.0,False,13,0.30929500371989554,0.415040877352261,-0.10574587363236543,0.09689075913524271,7.110245041222972,0.4502450412229715,0.4502450412229715,9.934544473744223,3.274544473744223,3.274544473744223
2026-09-09,2027-09,put,call,jaou7_7705c,77.05,0.0615955372238732,6.3,0.0,False,13,0.30929500371989554,0.415040877352261,-0.10574587363236543,0.09689075913524271,6.77459926082743,0.4745992608274303,0.4745992608274303,9.603326467391184,3.3033264673911846,3.3033264673911846
2026-09-09,2027-09,put,call,jaou7_7710c,77.1,0.0622442560270322,6.28,0.0,False,13,0.30929500371989554,0.415040877352261,-0.10574587363236543,0.09689075913524271,6.757312271097903,0.47731227109790275,0.47731227109790275,9.586173888592793,3.3061738885927925,3.3061738885927925
2026-09-09,2027-09,put,call,jaou7_7725c,77.25,0.0641878912356032,6.23,0.0,False,13,0.30929500371989554,0.415040877352261,-0.10574587363236543,0.09689075913524271,6.705676057782741,0.47567605778274036,0.47567605778274036,9.534886867931728,3.304886867931728,3.304886867931728
2026-09-09,2028-03,call,put,jaoh8_5740p,57.4,-0.2005357205769158,3.78,0.0,False,19,0.26065742507414175,0.415040877352261,-0.15438345227811923,0.10404817515632989,3.0359017661883136,-0.7440982338116862,0.7440982338116862,6.919403376648027,3.1394033766480276,3.1394033766480276
2026-09-09,2028-03,call,put,jaoh8_5900p,59.0,-0.173042579996717,4.22,0.0,False,19,0.26065742507414175,0.415040877352261,-0.15438345227811923,0.10404817515632989,3.538012119864396,-0.6819878801356039,0.6819878801356039,7.601212049003699,3.3812120490036994,3.3812120490036994
2026-09-09,2028-03,call,put,jaoh8_6000p,60.0,-0.1562354616803358,4.52,0.0,False,19,0.26065742507414175,0.415040877352261,-0.15438345227811923,0.10404817515632989,3.875716153968437,-0.6442838460315627,0.6442838460315627,8.043348005564134,3.5233480055641344,3.5233480055641344
2026-09-09,2028-03,call,put,jaoh8_6165p,61.65,-0.1291067942920831,5.04,0.0,False,19,0.26065742507414175,0.415040877352261,-0.15438345227811923,0.10404817515632989,4.473202896173531,-0.5667971038264694,0.5667971038264694,8.798960801932775,3.7589608019327754,3.7589608019327754
2026-09-09,2028-03,call,put,jaoh8_6200p,62.0,-0.1234456388573449,5.16,0.0,False,19,0.26065742507414175,0.415040877352261,-0.15438345227811923,0.10404817515632989,4.606382079043281,-0.5536179209567189,0.5536179209567189,8.963362599849097,3.8033625998490965,3.8033625998490965
2026-09-09,2028-03,call,put,jaoh8_6250p,62.5,-0.1154134671600807,5.32,0.0,False,19,0.26065742507414175,0.415040877352261,-0.15438345227811923,0.10404817515632989,4.800536305396972,-0.5194636946030284,0.5194636946030284,9.2006833163261,3.880683316326099,3.880683316326099
2026-09-09,2028-03,call,put,jaoh8_6500p,65.0,-0.0761927540067993,6.22,0.0,False,19,0.26065742507414175,0.415040877352261,-0.15438345227811923,0.10404817515632989,5.839596761544188,-0.3804032384558118,0.3804032384558118,10.43002549121162,4.21002549121162,4.21002549121162
2026-09-09,2028-03,call,put,jaoh8_6600p,66.0,-0.0609252818760109,6.6,0.0,False,19,0.26065742507414175,0.415040877352261,-0.15438345227811923,0.10404817515632989,6.286705530451034,-0.3132944695489659,0.3132944695489659,10.941494644860173,4.341494644860173,4.341494644860173
2026-09-09,2028-03,call,put,jaoh8_6750p,67.5,-0.0384524260239523,7.2,0.0,False,19,0.26065742507414175,0.415040877352261,-0.15438345227811923,0.10404817515632989,6.990428703018418,-0.20957129698158194,0.20957129698158194,11.728716242164063,4.528716242164063,4.528716242164063
2026-09-09,2028-03,call,put,jaoh8_7000p,70.0,-0.0020847818530775,8.29,0.0,False,19,0.26065742507414175,0.415040877352261,-0.15438345227811923,0.10404817515632989,8.2491626159807,-0.040837384019299705,0.040837384019299705,13.093937797677802,4.803937797677802,4.803937797677802
2026-09-09,2028-03,call,put,jaoh8_7450p,74.5,0.0602191014830773,10.52,0.0,False,19,0.26065742507414175,0.415040877352261,-0.15438345227811923,0.10404817515632989,10.770413403539028,0.25041340353902797,0.25041340353902797,15.710804332582647,5.190804332582648,5.190804332582648
2026-09-09,2028-03,put,call,jaoh8_6151c,61.51,-0.1313802606821597,13.09,0.0,False,11,0.2738105824994175,0.415040877352261,-0.1412302948528435,0.10345765706887379,12.85490001841012,-0.23509998158987955,0.23509998158987955,16.798885725630225,3.708885725630225,3.708885725630225
2026-09-09,2028-03,put,call,jaoh8_6200c,62.0,-0.1234456388573449,12.79,0.0,False,11,0.2738105824994175,0.415040877352261,-0.1412302948528435,0.10345765706887379,12.587425715755948,-0.20257428424405077,0.20257428424405077,16.570504702621665,3.7805047026216663,3.7805047026216663
2026-09-09,2028-03,put,call,jaoh8_6420c,64.2,-0.0885768132065209,11.5,0.0,False,11,0.2738105824994175,0.415040877352261,-0.1412302948528435,0.10345765706887379,11.438273834148537,-0.06172616585146251,0.06172616585146251,15.57914875384945,4.07914875384945,4.07914875384945
2026-09-09,2028-03,put,call,jaoh8_6500c,65.0,-0.0761927540067993,11.04,0.0,False,11,0.2738105824994175,0.415040877352261,-0.1412302948528435,0.10345765706887379,11.041169475071438,0.0011694750714390523,0.0011694750714390523,15.232202677399767,4.192202677399768,4.192202677399768
2026-09-09,2028-03,put,call,jaoh8_6600c,66.0,-0.0609252818760109,10.49,0.0,False,11,0.2738105824994175,0.415040877352261,-0.1412302948528435,0.10345765706887379,10.560132760913282,0.0701327609132818,0.0701327609132818,14.80868352552018,4.31868352552018,4.31868352552018
2026-09-09,2028-03,put,call,jaoh8_6775c,67.75,-0.0347555641426262,9.56,0.0,False,11,0.2738105824994175,0.415040877352261,-0.1412302948528435,0.10345765706887379,9.758666699817926,0.19866669981792562,0.19866669981792562,14.09323520945141,4.53323520945141,4.53323520945141
2026-09-09,2028-03,put,call,jaoh8_6875c,68.75,-0.0201032873557558,9.05,0.0,False,11,0.2738105824994175,0.415040877352261,-0.1412302948528435,0.10345765706887379,9.323283705394356,0.27328370539435554,0.27328370539435554,13.699001037811897,4.649001037811896,4.649001037811896
2026-09-09,2028-03,put,call,jaoh8_6890c,68.9,-0.0179238458828235,8.97,0.0,False,11,0.2738105824994175,0.415040877352261,-0.1412302948528435,0.10345765706887379,9.2593695841789,0.2893695841788997,0.2893695841788997,13.640767933967254,4.670767933967253,4.670767933967253
2026-09-09,2028-03,put,call,jaoh8_7000c,70.0,-0.0020847818530775,8.43,0.0,False,11,0.2738105824994175,0.415040877352261,-0.1412302948528435,0.10345765706887379,8.801612053078259,0.37161205307825895,0.37161205307825895,13.22117345622524,4.7911734562252395,4.7911734562252395
2026-09-09,2028-03,put,call,jaoh8_7110c,71.1,0.0135073129067585,7.91,0.0,False,11,0.2738105824994175,0.415040877352261,-0.1412302948528435,0.10345765706887379,8.36281044687649,0.4528104468764891,0.4528104468764891,12.814163940639578,4.904163940639577,4.904163940639577
2026-09-09,2028-03,put,call,jaoh8_7275c,72.75,0.0364488821491654,7.17,0.0,False,11,0.2738105824994175,0.415040877352261,-0.1412302948528435,0.10345765706887379,7.739154637279556,0.5691546372795564,0.5691546372795564,12.225844485680993,5.055844485680993,5.055844485680993
2026-09-09,2028-03,put,call,jaoh8_7340c,73.4,0.0453439117180334,6.89,0.0,False,11,0.2738105824994175,0.415040877352261,-0.1412302948528435,0.10345765706887379,7.50455152061929,0.6145515206192904,0.6145515206192904,12.001364373055786,5.111364373055786,5.111364373055786
2026-09-09,2028-03,put,call,jaoh8_7450c,74.5,0.0602191014830773,6.44,0.0,False,11,0.2738105824994175,0.415040877352261,-0.1412302948528435,0.10345765706887379,7.121393374055758,0.6813933740557578,0.6813933740557578,11.630592616253452,5.1905926162534515,5.1905926162534515
2026-09-09,2028-03,put,call,jaoh8_7475c,74.75,0.0635691883683592,6.34,0.0,False,11,0.2738105824994175,0.415040877352261,-0.1412302948528435,0.10345765706887379,7.036699836659473,0.696699836659473,0.696699836659473,11.54781406617844,5.20781406617844,5.20781406617844
2026-09-09,2028-03,put,call,jaoh8_7500c,75.0,0.066908089633874,6.25,0.0,False,11,0.2738105824994175,0.415040877352261,-0.1412302948528435,0.10345765706887379,6.95287793171973,0.7028779317197298,0.7028779317197298,11.4655706045719,5.2155706045719,5.2155706045719
2026-09-09,2028-03,put,call,jaoh8_7550c,75.5,0.0735526323525424,6.06,0.0,False,11,0.2738105824994175,0.415040877352261,-0.1412302948528435,0.10345765706887379,6.78782487799231,0.72782487799231,0.72782487799231,11.302735125312608,5.242735125312609,5.242735125312609
2026-09-09,2028-03,put,call,jaoh8_7670c,76.7,0.0893216844707741,5.64,0.0,False,11,0.2738105824994175,0.415040877352261,-0.1412302948528435,0.10345765706887379,6.405533210978029,0.7655332109780293,0.7655332109780293,10.921105959718332,5.2811059597183325,5.2811059597183325
2026-09-09,2028-03,put,call,jaoh8_7700c,77.0,0.0932253979512473,5.54,0.0,False,11,0.2738105824994175,0.415040877352261,-0.1412302948528435,0.10345765706887379,6.3129535161272825,0.7729535161272825,0.7729535161272825,10.827690195106715,5.287690195106715,5.287690195106715
2026-09-09,2028-03,put,call,jaoh8_7775c,77.75,0.102918527156907,5.29,0.0,False,11,0.2738105824994175,0.415040877352261,-0.1412302948528435,0.10345765706887379,6.086626021246916,0.7966260212469161,0.7966260212469161,10.59758205899605,5.30758205899605,5.30758205899605
2026-09-09,2028-09,call,put,jaou8_5000p,50.0,-0.3168524497515607,2.87,0.0,False,16,0.23515382576178845,0.415040877352261,-0.17988705159047252,0.13618965147395604,1.6132403520604086,-1.2567596479395915,1.2567596479395915,5.739018728551839,2.869018728551839,2.869018728551839
2026-09-09,2028-09,call,put,jaou8_5500p,55.0,-0.2215422699472358,3.99,0.0,False,16,0.23515382576178845,0.415040877352261,-0.17988705159047252,0.13618965147395604,2.809169351837223,-1.180830648162777,1.180830648162777,7.729745027347234,3.739745027347234,3.739745027347234
2026-09-09,2028-09,call,put,jaou8_5700p,57.0,-0.1858241873451566,4.51,0.0,False,16,0.23515382576178845,0.415040877352261,-0.17988705159047252,0.13618965147395604,3.408713671219843,-1.1012863287801569,1.1012863287801569,8.605107018562624,4.095107018562624,4.095107018562624
2026-09-09,2028-09,call,put,jaou8_5740p,57.4,-0.1788311518541861,4.62,0.0,False,16,0.23515382576178845,0.415040877352261,-0.17988705159047252,0.13618965147395604,3.537130073382576,-1.0828699266174242,1.0828699266174242,8.785363985431548,4.165363985431548,4.165363985431548
2026-09-09,2028-09,call,put,jaou8_6165p,61.65,-0.1074022255693535,5.87,0.0,False,16,0.23515382576178845,0.415040877352261,-0.17988705159047252,0.13618965147395604,5.077091399925325,-0.792908600074675,0.792908600074675,10.802625644898216,4.9326256448982155,4.9326256448982155
2026-09-09,2028-09,call,put,jaou8_6200p,62.0,-0.1017410701346152,5.98,0.0,False,16,0.23515382576178845,0.415040877352261,-0.17988705159047252,0.13618965147395604,5.218128578316027,-0.7618714216839733,0.7618714216839733,10.97680799107963,4.9968079910796295,4.9968079910796295
2026-09-09,2028-09,call,put,jaou8_6250p,62.5,-0.0937088984373509,6.14,0.0,False,16,0.23515382576178845,0.415040877352261,-0.17988705159047252,0.13618965147395604,5.423319669780223,-0.7166803302197771,0.7166803302197771,11.227725489784094,5.087725489784094,5.087725489784094
2026-09-09,2028-09,call,put,jaou8_6500p,65.0,-0.0544881852840696,6.99,0.0,False,16,0.23515382576178845,0.415040877352261,-0.17988705159047252,0.13618965147395604,6.5139322524790195,-0.4760677475209807,0.4760677475209807,12.518674107560368,5.528674107560368,5.528674107560368
2026-09-09,2028-09,call,put,jaou8_6750p,67.5,-0.0167478573012227,7.93,0.0,False,16,0.23515382576178845,0.415040877352261,-0.17988705159047252,0.13618965147395604,7.709579929190593,-0.22042007080940706,0.22042007080940706,13.870101350869602,5.940101350869602,5.940101350869602
2026-09-09,2028-09,call,put,jaou8_7000p,70.0,0.0196197868696521,9.0,0.0,False,16,0.23515382576178845,0.415040877352261,-0.17988705159047252,0.13618965147395604,9.005710730107607,0.005710730107606921,0.005710730107606921,15.277529027256886,6.277529027256886,6.277529027256886
2026-09-09,2028-09,call,put,jaou8_7450p,74.5,0.0819236702058069,11.32,0.0,False,16,0.23515382576178845,0.415040877352261,-0.17988705159047252,0.13618965147395604,11.57448885087582,0.25448885087581985,0.25448885087581985,17.939504504524777,6.619504504524777,6.619504504524777
2026-09-09,2028-09,put,call,jaou8_6151c,61.51,-0.1096756919594299,12.37,0.0,False,11,0.25465828015482,0.415040877352261,-0.16038259719744097,0.31886530139954156,12.142667769318304,-0.22733223068169472,0.22733223068169472,17.355970514618246,4.985970514618247,4.985970514618247
2026-09-09,2028-09,put,call,jaou8_6500c,65.0,-0.0544881852840696,10.33,0.0,False,11,0.25465828015482,0.415040877352261,-0.16038259719744097,0.31886530139954156,10.490718741067466,0.1607187410674662,0.1607187410674662,15.955420516444873,5.625420516444873,5.625420516444873
2026-09-09,2028-09,put,call,jaou8_6570c,65.7,-0.0437765296891419,9.94,0.0,False,11,0.25465828015482,0.415040877352261,-0.16038259719744097,0.31886530139954156,10.182475273531116,0.24247527353111664,0.24247527353111664,15.688861520353017,5.748861520353017,5.748861520353017
2026-09-09,2028-09,put,call,jaou8_6600c,66.0,-0.0392207131532812,9.77,0.0,False,11,0.25465828015482,0.415040877352261,-0.16038259719744097,0.31886530139954156,10.052677230817476,0.28267723081747675,0.28267723081747675,15.576070571161784,5.806070571161785,5.806070571161785
2026-09-09,2028-09,put,call,jaou8_6650c,66.5,-0.0316735075178984,9.5,0.0,False,11,0.25465828015482,0.415040877352261,-0.16038259719744097,0.31886530139954156,9.839394882366271,0.33939488236627113,0.33939488236627113,15.389950924529408,5.889950924529408,5.889950924529408
2026-09-09,2028-09,put,call,jaou8_6775c,67.75,-0.0130509954198965,8.85,0.0,False,11,0.25465828015482,0.415040877352261,-0.16038259719744097,0.31886530139954156,9.32264299981728,0.4726429998172801,0.4726429998172801,14.93472848731386,6.0847284873138605,6.0847284873138605
2026-09-09,2028-09,put,call,jaou8_7000c,70.0,0.0196197868696521,7.75,0.0,False,11,0.25465828015482,0.415040877352261,-0.16038259719744097,0.31886530139954156,8.450140839159657,0.7001408391596566,0.7001408391596566,14.14989724725153,6.3998972472515305,6.3998972472515305
2026-09-09,2028-09,put,call,jaou8_7110c,71.1,0.0352118816294883,7.26,0.0,False,11,0.25465828015482,0.415040877352261,-0.16038259719744097,0.31886530139954156,8.049663086054629,0.7896630860546292,0.7896630860546292,13.7817325613777,6.5217325613777,6.5217325613777
2026-09-09,2028-09,put,call,jaou8_7275c,72.75,0.0581534508718949,6.59,0.0,False,11,0.25465828015482,0.415040877352261,-0.16038259719744097,0.31886530139954156,7.479795808844666,0.8897958088446662,0.8897958088446662,13.247597897121532,6.657597897121532,6.657597897121532
2026-09-09,2028-09,put,call,jaou8_7340c,73.4,0.0670484804407632,6.34,0.0,False,11,0.25465828015482,0.415040877352261,-0.16038259719744097,0.31886530139954156,7.265174644973616,0.925174644973616,0.925174644973616,13.042891796837306,6.7028917968373065,6.7028917968373065
2026-09-09,2028-09,put,call,jaou8_7450c,74.5,0.0819236702058069,5.94,0.0,False,11,0.25465828015482,0.415040877352261,-0.16038259719744097,0.31886530139954156,6.9142981789123885,0.9742981789123881,0.9742981789123881,12.703932354518546,6.763932354518546,6.763932354518546
2026-09-09,2028-09,put,call,jaou8_7500c,75.0,0.0886126583566036,5.77,0.0,False,11,0.25465828015482,0.415040877352261,-0.16038259719744097,0.31886530139954156,6.759825997321264,0.9898259973212644,0.9898259973212644,12.5529575624684,6.7829575624684,6.7829575624684
2026-09-09,2028-09,put,call,jaou8_7560c,75.6,0.0965808280057803,5.57,0.0,False,11,0.25465828015482,0.415040877352261,-0.16038259719744097,0.31886530139954156,6.578512183488215,1.0085121834882145,1.0085121834882145,12.374294757877912,6.804294757877912,6.804294757877912
2026-09-09,2028-09,put,call,jaou8_7670c,76.7,0.1110262531935036,5.23,0.0,False,11,0.25465828015482,0.415040877352261,-0.16038259719744097,0.31886530139954156,6.257340993587685,1.0273409935876847,1.0273409935876847,12.053639195238814,6.823639195238814,6.823639195238814
2026-09-09,2028-09,put,call,jaou8_7925c,79.25,0.1437319575776831,4.53,0.0,False,11,0.25465828015482,0.415040877352261,-0.16038259719744097,0.31886530139954156,5.5663780818169935,1.0363780818169932,1.0363780818169932,11.34310927659857,6.81310927659857,6.81310927659857
2026-09-09,2028-09,put,call,jaou8_8000c,80.0,0.1531511794941748,4.35,0.0,False,11,0.25465828015482,0.415040877352261,-0.16038259719744097,0.31886530139954156,5.376751011802053,1.0267510118020535,1.0267510118020535,11.142355125012742,6.792355125012742,6.792355125012742
2026-09-10,2026-10,call,put,jaov6_7200p,72.0,-0.2957178805060702,0.15,0.0,False,19,0.553065502206241,0.4166311397436242,0.13643436246261675,0.05448545091664597,0.1674589808528033,0.017458980852803313,0.017458980852803313,0.0232933568726315,-0.12670664312736848,0.12670664312736848
2026-09-10,2026-10,call,put,jaov6_7400p,74.0,-0.2683189063179558,0.21,0.0,False,19,0.553065502206241,0.4166311397436242,0.13643436246261675,0.05448545091664597,0.26032918483236145,0.05032918483236146,0.05032918483236146,0.0457278841237685,-0.1642721158762315,0.1642721158762315
2026-09-10,2026-10,call,put,jaov6_7450p,74.5,-0.2615848741366117,0.23,0.0,False,19,0.553065502206241,0.4166311397436242,0.13643436246261675,0.05448545091664597,0.2890919196863386,0.05909191968633862,0.05909191968633862,0.0536308021504087,-0.17636919784959132,0.17636919784959132
2026-09-10,2026-10,call,put,jaov6_7500p,75.0,-0.254895885985815,0.25,0.0,False,19,0.553065502206241,0.4166311397436242,0.13643436246261675,0.05448545091664597,0.3203563655445585,0.07035636554455849,0.07035636554455849,0.062701721270636,-0.187298278729364,0.187298278729364
2026-09-10,2026-10,call,put,jaov6_7600p,76.0,-0.2416506592357944,0.3,0.0,False,19,0.553065502206241,0.4166311397436242,0.13643436246261675,0.05448545091664597,0.3909834824426852,0.09098348244268523,0.09098348244268523,0.0849818219063898,-0.21501817809361018,0.21501817809361018
2026-09-10,2026-10,call,put,jaov6_7800p,78.0,-0.2156751728325337,0.44,0.0,False,19,0.553065502206241,0.4166311397436242,0.13643436246261675,0.05448545091664597,0.5689137551120851,0.12891375511208508,0.12891375511208508,0.1505862488093016,-0.2894137511906984,0.2894137511906984
2026-09-10,2026-10,call,put,jaov6_8000p,80.0,-0.1903573648482439,0.62,0.0,False,19,0.553065502206241,0.4166311397436242,0.13643436246261675,0.05448545091664597,0.8041006802293005,0.18410068022930048,0.18410068022930048,0.2539383454220098,-0.36606165457799017,0.36606165457799017
2026-09-10,2026-10,call,put,jaov6_8200p,82.0,-0.1656647522578724,0.87,0.0,False,19,0.553065502206241,0.4166311397436242,0.13643436246261675,0.05448545091664597,1.1065669923695634,0.23656699236956336,0.23656699236956336,0.408758714309343,-0.461241285690657,0.461241285690657
2026-09-10,2026-10,call,put,jaov6_8250p,82.5,-0.1595857061814901,0.95,0.0,False,19,0.553065502206241,0.4166311397436242,0.13643436246261675,0.05448545091664597,1.1938358157121964,0.24383581571219648,0.24383581571219648,0.4573952582922884,-0.49260474170771157,0.49260474170771157
2026-09-10,2026-10,call,put,jaov6_9000p,90.0,-0.0725743291918604,2.84,0.0,False,19,0.553065502206241,0.4166311397436242,0.13643436246261675,0.05448545091664597,3.165090713245376,0.325090713245376,0.325090713245376,1.869391514064586,-0.9706084859354138,0.9706084859354138
2026-09-10,2026-10,put,call,jaov6_9200c,92.0,-0.0505954224730852,8.38,0.0,False,10,0.5174558037243702,0.4166311397436242,0.10082466398074597,0.0005592115652519541,8.307325168033225,-0.0726748319667756,0.0726748319667756,7.258757246363286,-1.1212427536367144,1.1212427536367144
2026-09-10,2026-10,put,call,jaov6_9225c,92.25,-0.0478817166014889,8.24,0.0,False,10,0.5174558037243702,0.4166311397436242,0.10082466398074597,0.0005592115652519541,8.15834399842803,-0.08165600157196984,0.08165600157196984,7.100400586589252,-1.1395994134107479,1.1395994134107479
2026-09-10,2026-10,put,call,jaov6_9348c,93.48,-0.0346364898514682,7.58,0.0,False,10,0.5174558037243702,0.4166311397436242,0.10082466398074597,0.0005592115652519541,7.450734306604059,-0.12926569339594085,0.12926569339594085,6.352757064572836,-1.2272429354271637,1.2272429354271637
2026-09-10,2026-10,put,call,jaov6_9353c,93.53,-0.0341017590756658,7.56,0.0,False,10,0.5174558037243702,0.4166311397436242,0.10082466398074597,0.0005592115652519541,7.422863461410971,-0.1371365385890284,0.1371365385890284,6.323476984139604,-1.2365230158603957,1.2365230158603957
2026-09-10,2026-10,put,call,jaov6_9435c,94.35,-0.0253727277075663,7.14,0.0,False,10,0.5174558037243702,0.4166311397436242,0.10082466398074597,0.0005592115652519541,6.975747409123798,-0.1642525908762016,0.1642525908762016,5.855954193061649,-1.2840458069383507,1.2840458069383507
2026-09-10,2026-10,put,call,jaov6_9700c,97.0,0.0023269789812571,5.95,0.0,False,10,0.5174558037243702,0.4166311397436242,0.10082466398074597,0.0005592115652519541,5.658434108774754,-0.2915658912252459,0.2915658912252459,4.503612098107334,-1.446387901892666,1.446387901892666
2026-09-10,2026-10,put,call,jaov6_9800c,98.0,0.0125834791484463,5.54,0.0,False,10,0.5174558037243702,0.4166311397436242,0.10082466398074597,0.0005592115652519541,5.211182905340562,-0.3288170946594384,0.3288170946594384,4.055092173796907,-1.4849078262030933,1.4849078262030933
2026-09-10,2026-10,put,call,jaov6_9911c,99.11,0.0238463448964914,5.13,0.0,False,10,0.5174558037243702,0.4166311397436242,0.10082466398074597,0.0005592115652519541,4.745851110919372,-0.3841488890806275,0.3841488890806275,3.596493128250236,-1.533506871749764,1.533506871749764
2026-09-10,2026-10,put,call,jaov6_9955c,99.55,0.0282760309880797,4.97,0.0,False,10,0.5174558037243702,0.4166311397436242,0.10082466398074597,0.0005592115652519541,4.570279738225234,-0.3997202617747657,0.3997202617747657,3.426089927896891,-1.5439100721031087,1.5439100721031087
2026-09-10,2026-10,put,call,jaov6_10000c,100.0,0.0327861864659657,4.82,0.0,False,10,0.5174558037243702,0.4166311397436242,0.10082466398074597,0.0005592115652519541,4.39584448171636,-0.42415551828363984,0.42415551828363984,3.258111820954437,-1.5618881790455634,1.5618881790455634
2026-09-10,2026-10,put,call,jaov6_10205c,102.05,0.0530788897337282,4.16,0.0,False,10,0.5174558037243702,0.4166311397436242,0.10082466398074597,0.0005592115652519541,3.664868015865352,-0.4951319841346482,0.4951319841346482,2.5709648487597048,-1.5890351512402954,1.5890351512402954
2026-09-10,2026-10,put,call,jaov6_10240c,102.4,0.0565027130832819,4.06,0.0,False,10,0.5174558037243702,0.4166311397436242,0.10082466398074597,0.0005592115652519541,3.5501728592450497,-0.50982714075495,0.50982714075495,2.465615458581738,-1.5943845414182616,1.5943845414182616
2026-09-10,2026-10,put,call,jaov6_10300c,103.0,0.0623449887075101,3.89,0.0,False,10,0.5174558037243702,0.4166311397436242,0.10082466398074597,0.0005592115652519541,3.3601580480195703,-0.5298419519804298,0.5298419519804298,2.2929220890628565,-1.5970779109371436,1.5970779109371436
2026-09-10,2026-10,put,call,jaov6_10500c,105.0,0.0815763506353978,3.36,0.0,False,10,0.5174558037243702,0.4166311397436242,0.10082466398074597,0.0005592115652519541,2.784609376293138,-0.5753906237068618,0.5753906237068618,1.786183442122094,-1.573816557877906,1.573816557877906
2026-09-10,2026-10,put,call,jaov6_10800c,108.0,0.1097472276020942,2.7,0.0,False,10,0.5174558037243702,0.4166311397436242,0.10082466398074597,0.0005592115652519541,2.074128661604055,-0.6258713383959451,0.6258713383959451,1.2012503418831295,-1.4987496581168707,1.4987496581168707
2026-09-10,2026-10,put,call,jaov6_11500c,115.0,0.1725481288411244,1.62,0.0,False,10,0.5174558037243702,0.4166311397436242,0.10082466398074597,0.0005592115652519541,0.9860748577035138,-0.6339251422964863,0.6339251422964863,0.4332023560802795,-1.1867976439197205,1.1867976439197205
2026-09-10,2026-10,put,call,jaov6_12100c,121.0,0.2234065460746155,1.06,0.0,False,10,0.5174558037243702,0.4166311397436242,0.10082466398074597,0.0005592115652519541,0.4922238797387986,-0.5677761202612015,0.5677761202612015,0.1638736006559495,-0.8961263993440506,0.8961263993440506
2026-09-10,2026-10,put,call,jaov6_12500c,125.0,0.2559297377801756,0.81,0.0,False,10,0.5174558037243702,0.4166311397436242,0.10082466398074597,0.0005592115652519541,0.30162677886294426,-0.5083732211370557,0.5083732211370557,0.0825067946339138,-0.7274932053660863,0.7274932053660863
2026-09-10,2026-10,put,call,jaov6_16000c,160.0,0.5027898157117013,0.11,0.0,False,10,0.5174558037243702,0.4166311397436242,0.10082466398074597,0.0005592115652519541,0.0021296783453842063,-0.1078703216546158,0.1078703216546158,0.0001297784702571,-0.1098702215297429,0.1098702215297429
2026-09-10,2026-11,call,put,jaox6_7200p,72.0,-0.2539190579774078,0.69,0.0,False,17,0.5054260460775042,0.4166311397436242,0.08879490633387999,0.043739706512337995,0.8855874629784921,0.19558746297849217,0.19558746297849217,0.4290485567026675,-0.26095144329733244,0.26095144329733244
2026-09-10,2026-11,call,put,jaox6_7400p,74.0,-0.2265200837892934,0.92,0.0,False,17,0.5054260460775042,0.4166311397436242,0.08879490633387999,0.043739706512337995,1.1739449778634388,0.2539449778634387,0.2539449778634387,0.614457165814457,-0.30554283418554307,0.30554283418554307
2026-09-10,2026-11,call,put,jaox6_7450p,74.5,-0.2197860516079493,0.99,0.0,False,17,0.5054260460775042,0.4166311397436242,0.08879490633387999,0.043739706512337995,1.2556612313432396,0.2656612313432396,0.2656612313432396,0.6693487336281813,-0.32065126637181873,0.32065126637181873
2026-09-10,2026-11,call,put,jaox6_7500p,75.0,-0.2130970634571527,1.06,0.0,False,17,0.5054260460775042,0.4166311397436242,0.08879490633387999,0.043739706512337995,1.3414315373601546,0.2814315373601546,0.2814315373601546,0.7280535800119253,-0.3319464199880747,0.3319464199880747
2026-09-10,2026-11,call,put,jaox6_7600p,76.0,-0.199851836707132,1.21,0.0,False,17,0.5054260460775042,0.4166311397436242,0.08879490633387999,0.043739706512337995,1.5255213617409105,0.3155213617409105,0.3155213617409105,0.8573075908240296,-0.35269240917597033,0.35269240917597033
2026-09-10,2026-11,call,put,jaox6_7800p,78.0,-0.1738763503038714,1.58,0.0,False,17,0.5054260460775042,0.4166311397436242,0.08879490633387999,0.043739706512337995,1.946443695909375,0.36644369590937487,0.36644369590937487,1.167188739041971,-0.412811260958029,0.412811260958029
2026-09-10,2026-11,call,put,jaox6_8000p,80.0,-0.1485585423195815,2.03,0.0,False,17,0.5054260460775042,0.4166311397436242,0.08879490633387999,0.043739706512337995,2.4420501657836677,0.41205016578366793,0.41205016578366793,1.5543542857487205,-0.47564571425127933,0.47564571425127933
2026-09-10,2026-11,call,put,jaox6_8200p,82.0,-0.12386592972921,2.58,0.0,False,17,0.5054260460775042,0.4166311397436242,0.08879490633387999,0.043739706512337995,3.0167325816217474,0.43673258162174733,0.43673258162174733,2.027443096589097,-0.552556903410903,0.552556903410903
2026-09-10,2026-11,call,put,jaox6_8250p,82.5,-0.1177868836528279,2.73,0.0,False,17,0.5054260460775042,0.4166311397436242,0.08879490633387999,0.043739706512337995,3.173174050784205,0.4431740507842048,0.4431740507842048,2.1597505668824186,-0.5702494331175814,0.5702494331175814
2026-09-10,2026-11,call,put,jaox6_9000p,90.0,-0.0307755066631981,5.81,0.0,False,17,0.5054260460775042,0.4166311397436242,0.08879490633387999,0.043739706512337995,6.156251592109287,0.34625159210928746,0.34625159210928746,4.8808558734963405,-0.9291441265036591,0.9291441265036591
2026-09-10,2026-11,put,call,jaox6_8950c,89.5,-0.0363465517126534,8.98,0.0,False,10,0.4709439132922743,0.4166311397436242,0.054312773548650106,0.003281365990558216,8.705483625117045,-0.2745163748829551,0.2745163748829551,7.95250434319218,-1.0274956568078206,1.0274956568078206
2026-09-10,2026-11,put,call,jaox6_9000c,90.0,-0.0307755066631981,8.73,0.0,False,10,0.4709439132922743,0.4166311397436242,0.054312773548650106,0.003281365990558216,8.44246900365279,-0.28753099634721124,0.28753099634721124,7.682706222514515,-1.0472937774854856,1.0472937774854856
2026-09-10,2026-11,put,call,jaox6_9025c,90.25,-0.0280015797804728,8.61,0.0,False,10,0.4709439132922743,0.4166311397436242,0.054312773548650106,0.003281365990558216,8.313094552256716,-0.2969054477432831,0.2969054477432831,7.550210638642867,-1.059789361357132,1.059789361357132
2026-09-10,2026-11,put,call,jaox6_9100c,91.0,-0.0197256704766131,8.26,0.0,False,10,0.4709439132922743,0.4166311397436242,0.054312773548650106,0.003281365990558216,7.933467918151961,-0.32653208184803884,0.32653208184803884,7.162159453546783,-1.0978405464532166,1.0978405464532166
2026-09-10,2026-11,put,call,jaox6_9196c,91.96,-0.0092314770984824,7.83,0.0,False,10,0.4709439132922743,0.4166311397436242,0.054312773548650106,0.003281365990558216,7.466021093223749,-0.3639789067762509,0.3639789067762509,6.686751859032771,-1.1432481409672288,1.1432481409672288
2026-09-10,2026-11,put,call,jaox6_9200c,92.0,-0.0087965999444229,7.81,0.0,False,10,0.4709439132922743,0.4166311397436242,0.054312773548650106,0.003281365990558216,7.446991262585496,-0.36300873741450346,0.36300873741450346,6.667449572482637,-1.1425504275173628,1.1425504275173628
2026-09-10,2026-11,put,call,jaox6_9225c,92.25,-0.0060828940728266,7.7,0.0,False,10,0.4709439132922743,0.4166311397436242,0.054312773548650106,0.003281365990558216,7.328860774443721,-0.3711392255562789,0.3711392255562789,6.547782046157011,-1.1522179538429889,1.1522179538429889
2026-09-10,2026-11,put,call,jaox6_9348c,93.48,0.0071623326771941,7.19,0.0,False,10,0.4709439132922743,0.4166311397436242,0.054312773548650106,0.003281365990558216,6.767741648093377,-0.4222583519066232,0.4222583519066232,5.981856334281769,-1.2081436657182314,1.2081436657182314
2026-09-10,2026-11,put,call,jaox6_9353c,93.53,0.0076970634529964,7.17,0.0,False,10,0.4709439132922743,0.4166311397436242,0.054312773548650106,0.003281365990558216,6.7456321581849545,-0.4243678418150454,0.4243678418150454,5.959645407346108,-1.210354592653892,1.210354592653892
2026-09-10,2026-11,put,call,jaox6_9435c,94.35,0.0164260948210959,6.85,0.0,False,10,0.4709439132922743,0.4166311397436242,0.054312773548650106,0.003281365990558216,6.390744377371747,-0.4592556226282527,0.4592556226282527,5.604085767526476,-1.245914232473524,1.245914232473524
2026-09-10,2026-11,put,call,jaox6_9700c,97.0,0.0441258015099195,5.9,0.0,False,10,0.4709439132922743,0.4166311397436242,0.054312773548650106,0.003281365990558216,5.3407628675507155,-0.5592371324492849,0.5592371324492849,4.56298729145532,-1.3370127085446804,1.3370127085446804
2026-09-10,2026-11,put,call,jaox6_9911c,99.11,0.0656451674251539,5.25,0.0,False,10,0.4709439132922743,0.4166311397436242,0.054312773548650106,0.003281365990558216,4.605782078736326,-0.6442179212636736,0.6442179212636736,3.847894368435862,-1.402105631564138,1.402105631564138
2026-09-10,2026-11,put,call,jaox6_10000c,100.0,0.0745850089946282,4.99,0.0,False,10,0.4709439132922743,0.4166311397436242,0.054312773548650106,0.003281365990558216,4.321182302557217,-0.6688176974427833,0.6688176974427833,3.5745709750515133,-1.4154290249484869,1.4154290249484869
2026-09-10,2026-11,put,call,jaox6_10205c,102.05,0.0948777122623905,4.45,0.0,False,10,0.4709439132922743,0.4166311397436242,0.054312773548650106,0.003281365990558216,3.719825683975583,-0.7301743160244172,0.7301743160244172,3.005458851608762,-1.444541148391238,1.444541148391238
2026-09-10,2026-11,put,call,jaox6_10240c,102.4,0.0983015356119442,4.37,0.0,False,10,0.4709439132922743,0.4166311397436242,0.054312773548650106,0.003281365990558216,3.6244048271457125,-0.7455951728542876,0.7455951728542876,2.916092169166394,-1.453907830833606,1.453907830833606
2026-09-10,2026-11,put,call,jaox6_10500c,105.0,0.1233751731640601,3.78,0.0,False,10,0.4709439132922743,0.4166311397436242,0.054312773548650106,0.003281365990558216,2.9774623401513605,-0.8025376598486393,0.8025376598486393,2.31933558726854,-1.4606644127314596,1.4606644127314596
2026-09-10,2026-11,put,call,jaox6_10800c,108.0,0.1515460501307565,3.2,0.0,False,10,0.4709439132922743,0.4166311397436242,0.054312773548650106,0.003281365990558216,2.35521938572529,-0.8447806142747103,0.8447806142747103,1.764798712015659,-1.4352012879843412,1.4352012879843412
2026-09-10,2027-03,call,put,jaoh7_6800p,68.0,-0.1702983736099397,3.15,0.0,False,19,0.37791830294536344,0.4166311397436242,-0.038712836798260764,0.0007502460575888467,3.030283390677118,-0.11971660932288186,0.11971660932288186,3.6805368100183298,0.5305368100183299,0.5305368100183299
2026-09-10,2027-03,call,put,jaoh7_6900p,69.0,-0.155699574188787,3.44,0.0,False,19,0.37791830294536344,0.4166311397436242,-0.038712836798260764,0.0007502460575888467,3.339174753149033,-0.10082524685096717,0.10082524685096717,4.015821472253407,0.575821472253407,0.575821472253407
2026-09-10,2027-03,call,put,jaoh7_7000p,70.0,-0.1413108367366873,3.74,10.0,True,19,0.37791830294536344,0.4166311397436242,-0.038712836798260764,0.0007502460575888467,3.667237085466864,-0.07276291453313632,0.07276291453313632,4.368893016513711,0.628893016513711,0.628893016513711
2026-09-10,2027-03,call,put,jaoh7_7100p,71.0,-0.1271262017447309,4.06,0.0,False,19,0.37791830294536344,0.4166311397436242,-0.038712836798260764,0.0007502460575888467,4.014635304917363,-0.04536469508263696,0.04536469508263696,4.740337722628326,0.6803377226283267,0.6803377226283267
2026-09-10,2027-03,call,put,jaoh7_7150p,71.5,-0.1201086290860844,4.23,0.0,False,19,0.37791830294536344,0.4166311397436242,-0.038712836798260764,0.0007502460575888467,4.195621388671174,-0.034378611328826025,0.034378611328826025,4.932737257252634,0.7027372572526334,0.7027372572526334
2026-09-10,2027-03,call,put,jaoh7_7250p,72.5,-0.1062195169254173,4.58,0.0,False,19,0.37791830294536344,0.4166311397436242,-0.038712836798260764,0.0007502460575888467,4.572209169785476,-0.0077908302145237585,0.0077908302145237585,5.330780699544366,0.7507806995443662,0.7507806995443662
2026-09-10,2027-03,call,put,jaoh7_7300p,73.0,-0.0993466376376552,4.77,0.0,False,19,0.37791830294536344,0.4166311397436242,-0.038712836798260764,0.0007502460575888467,4.76781737745721,-0.0021826225427892254,0.0021826225427892254,5.53623332870424,0.7662333287042404,0.7662333287042404
2026-09-10,2027-03,call,put,jaoh7_7400p,74.0,-0.0857409855818765,5.15,0.0,False,19,0.37791830294536344,0.4166311397436242,-0.038712836798260764,0.0007502460575888467,5.173654064669999,0.023654064669998753,0.023654064669998753,5.960243851445226,0.8102438514452253,0.8102438514452253
2026-09-10,2027-03,call,put,jaoh7_7450p,74.5,-0.0790069534005325,5.35,0.0,False,19,0.37791830294536344,0.4166311397436242,-0.038712836798260764,0.0007502460575888467,5.38386963851516,0.033869638515160005,0.033869638515160005,6.1788295874498855,0.8288295874498859,0.8288295874498859
2026-09-10,2027-03,call,put,jaoh7_7500p,75.0,-0.0723179652497359,5.56,0.0,False,19,0.37791830294536344,0.4166311397436242,-0.038712836798260764,0.0007502460575888467,5.598936294552629,0.038936294552629036,0.038936294552629036,6.40181612075166,0.8418161207516608,0.8418161207516608
2026-09-10,2027-03,call,put,jaoh7_7690p,76.9,-0.047300202274448,6.39,0.0,False,19,0.37791830294536344,0.4166311397436242,-0.038712836798260764,0.0007502460575888467,6.4601488802235245,0.07014888022352483,0.07014888022352483,7.288842512620032,0.8988425126200319,0.8988425126200319
2026-09-10,2027-03,put,call,jaoh7_7900c,79.0,-0.0203582263190248,9.06,0.0,False,11,0.3787279235799922,0.4166311397436242,-0.037903216163632014,0.0035119980084980765,9.09780846208853,0.03780846208852928,0.03780846208852928,9.928029097441426,0.8680290974414255,0.8680290974414255
2026-09-10,2027-03,put,call,jaoh7_8000c,80.0,-0.0077794441121647,8.6,0.0,False,11,0.3787279235799922,0.4166311397436242,-0.037903216163632014,0.0035119980084980765,8.640470379446255,0.04047037944625487,0.04047037944625487,9.47732442888552,0.8773244288855206,0.8773244288855206
2026-09-10,2027-03,put,call,jaoh7_8025c,80.25,-0.004659316775921,8.49,0.0,False,11,0.3787279235799922,0.4166311397436242,-0.037903216163632014,0.0035119980084980765,8.528987799323728,0.038987799323727756,0.038987799323727756,9.36723267708753,0.8772326770875303,0.8772326770875303
2026-09-10,2027-03,put,call,jaoh7_8045c,80.45,-0.002170205347654,8.4,0.0,False,11,0.3787279235799922,0.4166311397436242,-0.037903216163632014,0.0035119980084980765,8.440616268998193,0.040616268998192595,0.040616268998192595,9.279881307252374,0.8798813072523739,0.8798813072523739
2026-09-10,2027-03,put,call,jaoh7_8075c,80.75,0.0015518833167195,8.27,0.0,False,11,0.3787279235799922,0.4166311397436242,-0.037903216163632014,0.0035119980084980765,8.309410398640557,0.039410398640557176,0.039410398640557176,9.150078501871144,0.8800785018711448,0.8800785018711448
2026-09-10,2027-03,put,call,jaoh7_8100c,81.0,0.0046430758863923,8.16,0.0,False,11,0.3787279235799922,0.4166311397436242,-0.037903216163632014,0.0035119980084980765,8.201305235325666,0.04130523532566599,0.04130523532566599,9.042981630543665,0.8829816305436644,0.8829816305436644
2026-09-10,2027-03,put,call,jaoh7_8102c,81.02,0.0048899589884979,8.15,0.0,False,11,0.3787279235799922,0.4166311397436242,-0.037903216163632014,0.0035119980084980765,8.192705073723484,0.04270507372348398,0.04270507372348398,9.034456391987543,0.884456391987543,0.884456391987543
2026-09-10,2027-03,put,call,jaoh7_8125c,81.25,0.0077247424238005,8.05,0.0,False,11,0.3787279235799922,0.4166311397436242,-0.037903216163632014,0.0035119980084980765,8.094315350035812,0.04431535003581111,0.04431535003581111,8.936856205891454,0.8868562058914531,0.8868562058914531
2026-09-10,2027-03,put,call,jaoh7_8150c,81.5,0.0107969414607706,7.95,0.0,False,11,0.3787279235799922,0.4166311397436242,-0.037903216163632014,0.0035119980084980765,7.98843529878694,0.03843529878693985,0.03843529878693985,8.831719985360728,0.8817199853607276,0.8817199853607276
2026-09-10,2027-03,put,call,jaoh7_8185c,81.85,0.0150822250310975,7.8,0.0,False,11,0.3787279235799922,0.4166311397436242,-0.037903216163632014,0.0035119980084980765,7.842057166618582,0.04205716661858183,0.04205716661858183,8.686246654300659,0.8862466543006589,0.8862466543006589
2026-09-10,2027-03,put,call,jaoh7_8342c,83.42,0.0340820099827529,7.19,0.0,False,11,0.3787279235799922,0.4166311397436242,-0.037903216163632014,0.0035119980084980765,7.211654559969281,0.021654559969280562,0.021654559969280562,8.056503010505491,0.8665030105054905,0.8665030105054905
2026-09-10,2027-03,put,call,jaoh7_8455c,84.55,0.0475369965585428,6.77,0.0,False,11,0.3787279235799922,0.4166311397436242,-0.037903216163632014,0.0035119980084980765,6.783847599179386,0.013847599179386272,0.013847599179386272,7.626561301331264,0.8565613013312641,0.8565613013312641
2026-09-10,2027-03,put,call,jaoh7_8500c,85.0,0.05284517770427,6.61,0.0,False,11,0.3787279235799922,0.4166311397436242,-0.037903216163632014,0.0035119980084980765,6.619370933916744,0.009370933916743596,0.009370933916743596,7.4605800937529985,0.8505800937529981,0.8505800937529981
2026-09-10,2027-03,put,call,jaoh7_8525c,85.25,0.0557820373775797,6.53,0.0,False,11,0.3787279235799922,0.4166311397436242,-0.037903216163632014,0.0035119980084980765,6.5294219173639805,-0.0005780826360197722,0.0005780826360197722,7.369690970379048,0.8396909703790474,0.8396909703790474
2026-09-10,2027-03,put,call,jaoh7_8575c,85.75,0.0616300072600029,6.36,0.0,False,11,0.3787279235799922,0.4166311397436242,-0.037903216163632014,0.0035119980084980765,6.352549168659697,-0.007450831340303665,0.007450831340303665,7.1908967681442455,0.8308967681442452,0.8308967681442452
2026-09-10,2027-03,put,call,jaoh7_8635c,86.35,0.0686027258066411,6.16,0.0,False,11,0.3787279235799922,0.4166311397436242,-0.037903216163632014,0.0035119980084980765,6.145561315229375,-0.014438684770625265,0.014438684770625265,6.981269780453562,0.8212697804535622,0.8212697804535622
2026-09-10,2027-03,put,call,jaoh7_8675c,86.75,0.0732243400409222,6.04,0.0,False,11,0.3787279235799922,0.4166311397436242,-0.037903216163632014,0.0035119980084980765,6.010712577941863,-0.029287422058136947,0.029287422058136947,6.844324392433154,0.8043243924331538,0.8043243924331538
2026-09-10,2027-03,put,call,jaoh7_8700c,87.0,0.0761020398685373,5.96,0.0,False,11,0.3787279235799922,0.4166311397436242,-0.037903216163632014,0.0035119980084980765,5.927693827524529,-0.032306172475471406,0.032306172475471406,6.75983994250977,0.7998399425097702,0.7998399425097702
2026-09-10,2027-03,put,call,jaoh7_8705c,87.05,0.0766765874281517,5.94,0.0,False,11,0.3787279235799922,0.4166311397436242,-0.037903216163632014,0.0035119980084980765,5.911205751021465,-0.02879424897853511,0.02879424897853511,6.743043407519625,0.8030434075196249,0.8030434075196249
2026-09-10,2027-09,call,put,jaou7_5800p,58.0,-0.2288451346909549,3.16,0.0,False,20,0.30449045179343687,0.4166311397436242,-0.11214068795018733,0.022419877720354246,2.4610502145054927,-0.6989497854945075,0.6989497854945075,4.65625386170978,1.4962538617097803,1.4962538617097803
2026-09-10,2027-09,call,put,jaou7_5900p,59.0,-0.2117507013316548,3.4,0.0,False,20,0.30449045179343687,0.4166311397436242,-0.11214068795018733,0.022419877720354246,2.732555199029319,-0.667444800970681,0.667444800970681,5.012153069287213,1.612153069287213,1.612153069287213
2026-09-10,2027-09,call,put,jaou7_6000p,60.0,-0.1949435830152736,3.65,90.0,True,20,0.30449045179343687,0.4166311397436242,-0.11214068795018733,0.022419877720354246,3.022365288630345,-0.6276347113696548,0.6276347113696548,5.382799684470782,1.7327996844707818,1.7327996844707818
2026-09-10,2027-09,call,put,jaou7_6200p,62.0,-0.1621537601922827,4.2,0.0,False,20,0.30449045179343687,0.4166311397436242,-0.11214068795018733,0.022419877720354246,3.6577006371985537,-0.5422993628014465,0.5422993628014465,6.167860764350032,1.967860764350032,1.967860764350032
2026-09-10,2027-09,call,put,jaou7_6420p,64.2,-0.1272849345414586,4.88,0.0,False,20,0.30449045179343687,0.4166311397436242,-0.11214068795018733,0.022419877720354246,4.443280739351067,-0.43671926064893274,0.43671926064893274,7.10090129442155,2.22090129442155,2.22090129442155
2026-09-10,2027-09,call,put,jaou7_6500p,65.0,-0.1149008753417371,5.15,220.0,True,20,0.30449045179343687,0.4166311397436242,-0.11214068795018733,0.022419877720354246,4.751535822144344,-0.39846417785565613,0.39846417785565613,7.457974708090491,2.307974708090491,2.307974708090491
2026-09-10,2027-09,call,put,jaou7_6750p,67.5,-0.0771605473588901,6.05,0.0,False,20,0.30449045179343687,0.4166311397436242,-0.11214068795018733,0.022419877720354246,5.792035707495471,-0.25796429250452846,0.25796429250452846,8.631298629202556,2.581298629202556,2.581298629202556
2026-09-10,2027-09,call,put,jaou7_6800p,68.0,-0.0697804400612675,6.25,0.0,False,20,0.30449045179343687,0.4166311397436242,-0.11214068795018733,0.022419877720354246,6.014051422010268,-0.23594857798973212,0.23594857798973212,8.876522038939118,2.626522038939118,2.626522038939118
2026-09-10,2027-09,call,put,jaou7_6900p,69.0,-0.0551816406401148,6.65,0.0,False,20,0.30449045179343687,0.4166311397436242,-0.11214068795018733,0.022419877720354246,6.471821408717278,-0.1781785912827223,0.1781785912827223,9.376927973123806,2.7269279731238054,2.7269279731238054
2026-09-10,2027-09,call,put,jaou7_7000p,70.0,-0.0407929031880152,7.08,8.0,True,20,0.30449045179343687,0.4166311397436242,-0.11214068795018733,0.022419877720354246,6.947722359129234,-0.13227764087076643,0.13227764087076643,9.89042526563781,2.810425265637811,2.810425265637811
2026-09-10,2027-09,call,put,jaou7_7400p,74.0,0.0147769479667954,8.97,0.0,False,20,0.30449045179343687,0.4166311397436242,-0.11214068795018733,0.022419877720354246,9.027095441400473,0.05709544140047207,0.05709544140047207,12.078085998405584,3.108085998405583,3.108085998405583
2026-09-10,2027-09,call,put,jaou7_7450p,74.5,0.0215109801481396,9.23,0.0,False,20,0.30449045179343687,0.4166311397436242,-0.11214068795018733,0.022419877720354246,9.306126061204672,0.07612606120467191,0.07612606120467191,12.365635656671891,3.135635656671891,3.135635656671891
2026-09-10,2027-09,call,put,jaou7_7500p,75.0,0.0281999682989361,9.49,0.0,False,20,0.30449045179343687,0.4166311397436242,-0.11214068795018733,0.022419877720354246,9.589253951207391,0.09925395120739111,0.09925395120739111,12.65604941902818,3.1660494190281803,3.1660494190281803
2026-09-10,2027-09,put,call,jaou7_6820c,68.2,-0.0668435803879577,10.84,0.0,False,13,0.3154472895126545,0.4166311397436242,-0.10118385023096971,0.09451701650055169,10.894496954459736,0.05449695445973646,0.05449695445973646,13.411593914811183,2.5715939148111833,2.5715939148111833
2026-09-10,2027-09,put,call,jaou7_6825c,68.25,-0.066110711172305,10.81,0.0,False,13,0.3154472895126545,0.4166311397436242,-0.10118385023096971,0.09451701650055169,10.869596371567749,0.05959637156774811,0.05959637156774811,13.38864804840741,2.578648048407409,2.578648048407409
2026-09-10,2027-09,put,call,jaou7_6860c,68.6,-0.0609956105055347,10.62,0.0,False,13,0.3154472895126545,0.4166311397436242,-0.10118385023096971,0.09451701650055169,10.696528360342871,0.07652836034287169,0.07652836034287169,13.228945367840428,2.6089453678404286,2.6089453678404286
2026-09-10,2027-09,put,call,jaou7_6900c,69.0,-0.0551816406401148,10.4,0.0,False,13,0.3154472895126545,0.4166311397436242,-0.10118385023096971,0.09451701650055169,10.50137606678127,0.10137606678127042,0.10137606678127042,13.048379187762244,2.6483791877622433,2.6483791877622433
2026-09-10,2027-09,put,call,jaou7_6905c,69.05,-0.0544572653820731,10.37,0.0,False,13,0.3154472895126545,0.4166311397436242,-0.10118385023096971,0.09451701650055169,10.477179314112238,0.1071793141122388,0.1071793141122388,13.02595500502312,2.65595500502312,2.65595500502312
2026-09-10,2027-09,put,call,jaou7_6930c,69.3,-0.0508432390415167,10.23,0.0,False,13,0.3154472895126545,0.4166311397436242,-0.10118385023096971,0.09451701650055169,10.356851067024206,0.12685106702420512,0.12685106702420512,12.91432544423524,2.68432544423524,2.68432544423524
2026-09-10,2027-09,put,call,jaou7_7000c,70.0,-0.0407929031880152,9.86,0.0,False,13,0.3154472895126545,0.4166311397436242,-0.10118385023096971,0.09451701650055169,10.025716506176376,0.165716506176377,0.165716506176377,12.60614080568396,2.746140805683961,2.746140805683961
2026-09-10,2027-09,put,call,jaou7_7110c,71.1,-0.0252008084281791,9.3,0.0,False,13,0.3154472895126545,0.4166311397436242,-0.10118385023096971,0.09451701650055169,9.52240613817205,0.22240613817204924,0.22240613817204924,12.135429293657095,2.8354292936570946,2.8354292936570946
2026-09-10,2027-09,put,call,jaou7_7200c,72.0,-0.0126220262213189,8.85,0.0,False,13,0.3154472895126545,0.4166311397436242,-0.10118385023096971,0.09451701650055169,9.125870863922742,0.2758708639227425,0.2758708639227425,11.76242218796656,2.912422187966561,2.912422187966561
2026-09-10,2027-09,put,call,jaou7_7335c,73.35,0.0059543593516163,8.22,0.0,False,13,0.3154472895126545,0.4166311397436242,-0.10118385023096971,0.09451701650055169,8.55630235942576,0.33630235942576014,0.33630235942576014,11.222636129012056,3.002636129012055,3.002636129012055
2026-09-10,2027-09,put,call,jaou7_7400c,74.0,0.0147769479667954,7.92,0.0,False,13,0.3154472895126545,0.4166311397436242,-0.10118385023096971,0.09451701650055169,8.292657965796817,0.372657965796817,0.372657965796817,10.970858840082576,3.050858840082576,3.050858840082576
2026-09-10,2027-09,put,call,jaou7_7450c,74.5,0.0215109801481396,7.7,0.0,False,13,0.3154472895126545,0.4166311397436242,-0.10118385023096971,0.09451701650055169,8.094456568761824,0.3944565687618242,0.3944565687618242,10.780540661052736,3.080540661052736,3.080540661052736
2026-09-10,2027-09,put,call,jaou7_7500c,75.0,0.0281999682989361,7.49,0.0,False,13,0.3154472895126545,0.4166311397436242,-0.10118385023096971,0.09451701650055169,7.9002074506922035,0.4102074506922033,0.4102074506922033,10.593086586112875,3.103086586112875,3.103086586112875
2026-09-10,2027-09,put,call,jaou7_7542c,75.42,0.0337843465928369,7.32,0.0,False,13,0.3154472895126545,0.4166311397436242,-0.10118385023096971,0.09451701650055169,7.7400588970723225,0.42005889707232225,0.42005889707232225,10.437971612437924,3.1179716124379233,3.1179716124379233
2026-09-10,2027-09,put,call,jaou7_7550c,75.5,0.0348445110176048,7.28,0.0,False,13,0.3154472895126545,0.4166311397436242,-0.10118385023096971,0.09451701650055169,7.709864626515573,0.429864626515573,0.429864626515573,10.408649492524292,3.128649492524292,3.128649492524292
2026-09-10,2027-09,put,call,jaou7_7600c,76.0,0.0414451950489568,7.08,0.0,False,13,0.3154472895126545,0.4166311397436242,-0.10118385023096971,0.09451701650055169,7.523381229246393,0.443381229246393,0.443381229246393,10.226976289232704,3.146976289232704,3.146976289232704
2026-09-10,2027-09,put,call,jaou7_7610c,76.1,0.0427601196302659,7.04,0.0,False,13,0.3154472895126545,0.4166311397436242,-0.10118385023096971,0.09451701650055169,7.486543499054566,0.4465434990545658,0.4465434990545658,10.19098775425509,3.15098775425509,3.15098775425509
2026-09-10,2027-09,put,call,jaou7_7705c,77.05,0.0551664165287504,6.67,0.0,False,13,0.3154472895126545,0.4166311397436242,-0.10118385023096971,0.09451701650055169,7.1441155522131465,0.4741155522131466,0.4741155522131466,9.85493027574451,3.1849302757445095,3.1849302757445095
2026-09-10,2027-09,put,call,jaou7_7710c,77.1,0.0558151353319096,6.65,0.0,False,13,0.3154472895126545,0.4166311397436242,-0.10118385023096971,0.09451701650055169,7.126466915693864,0.47646691569386324,0.47646691569386324,9.837519386939714,3.187519386939714,3.187519386939714
2026-09-10,2027-09,put,call,jaou7_7725c,77.25,0.0577587705404806,6.59,0.0,False,13,0.3154472895126545,0.4166311397436242,-0.10118385023096971,0.09451701650055169,7.073743073665922,0.48374307366592184,0.48374307366592184,9.78545842526612,3.1954584252661196,3.1954584252661196
2026-09-10,2028-03,call,put,jaoh8_5740p,57.4,-0.206030834246607,3.83,0.0,False,19,0.26545724892824807,0.4166311397436242,-0.15117389081537613,0.11625430784025961,3.060258916308717,-0.769741083691283,0.769741083691283,6.8459784472396645,3.0159784472396645,3.0159784472396645
2026-09-10,2028-03,call,put,jaoh8_5900p,59.0,-0.1785376936664082,4.28,0.0,False,19,0.26545724892824807,0.4166311397436242,-0.15117389081537613,0.11625430784025961,3.5592765290362927,-0.7207234709637076,0.7207234709637076,7.521327130929126,3.2413271309291254,3.2413271309291254
2026-09-10,2028-03,call,put,jaoh8_6000p,60.0,-0.161730575350027,4.57,70.0,True,19,0.26545724892824807,0.4166311397436242,-0.15117389081537613,0.11625430784025961,3.8945536618795327,-0.6754463381204676,0.6754463381204676,7.959390038987165,3.3893900389871643,3.3893900389871643
2026-09-10,2028-03,call,put,jaoh8_6165p,61.65,-0.1346019079617745,5.09,0.0,False,19,0.26545724892824807,0.4166311397436242,-0.15117389081537613,0.11625430784025961,4.487200376805166,-0.6027996231948336,0.6027996231948336,8.708104266306888,3.6181042663068883,3.6181042663068883
2026-09-10,2028-03,call,put,jaoh8_6200p,62.0,-0.1289407525270361,5.2,0.0,False,19,0.26545724892824807,0.4166311397436242,-0.15117389081537613,0.11625430784025961,4.619219637285093,-0.5807803627149069,0.5807803627149069,8.871029426658682,3.6710294266586816,3.6710294266586816
2026-09-10,2028-03,call,put,jaoh8_6250p,62.5,-0.1209085808297718,5.37,0.0,False,19,0.26545724892824807,0.4166311397436242,-0.15117389081537613,0.11625430784025961,4.811636594975687,-0.5583634050243127,0.5583634050243127,9.106228262194298,3.736228262194298,3.736228262194298
2026-09-10,2028-03,call,put,jaoh8_6500p,65.0,-0.0816878676764905,6.24,0.0,False,19,0.26545724892824807,0.4166311397436242,-0.15117389081537613,0.11625430784025961,5.840622856681631,-0.39937714331836904,0.39937714331836904,10.324726400503874,4.0847264005038735,4.0847264005038735
2026-09-10,2028-03,call,put,jaoh8_6600p,66.0,-0.0664203955457021,6.62,0.0,False,19,0.26545724892824807,0.4166311397436242,-0.15117389081537613,0.11625430784025961,6.283075357274969,-0.3369246427250312,0.3369246427250312,10.831745142619114,4.211745142619114,4.211745142619114
2026-09-10,2028-03,call,put,jaoh8_6750p,67.5,-0.0439475396936435,7.21,0.0,False,19,0.26545724892824807,0.4166311397436242,-0.15117389081537613,0.11625430784025961,6.97917917160244,-0.2308208283975599,0.2308208283975599,11.612301597970816,4.402301597970816,4.402301597970816
2026-09-10,2028-03,call,put,jaoh8_7000p,70.0,-0.0075798955227687,8.27,0.0,False,19,0.26545724892824807,0.4166311397436242,-0.15117389081537613,0.11625430784025961,8.223642480873544,-0.046357519126456026,0.046357519126456026,12.965978431229225,4.695978431229225,4.695978431229225
2026-09-10,2028-03,call,put,jaoh8_7450p,74.5,0.0547239878133861,10.46,0.0,False,19,0.26545724892824807,0.4166311397436242,-0.15117389081537613,0.11625430784025961,10.715020014858863,0.2550200148588626,0.2550200148588626,15.561922844403837,5.101922844403836,5.101922844403836
2026-09-10,2028-03,put,call,jaoh8_6151c,61.51,-0.1368753743518508,13.49,0.0,False,11,0.2794266636682568,0.4166311397436242,-0.1372044760753674,0.11280585574807961,13.236700048516239,-0.2532999514837613,0.2532999514837613,17.055130647897315,3.5651306478973144,3.5651306478973144
2026-09-10,2028-03,put,call,jaoh8_6200c,62.0,-0.1289407525270361,13.19,0.0,False,11,0.2794266636682568,0.4166311397436242,-0.1372044760753674,0.11280585574807961,12.968717411048313,-0.22128258895168607,0.22128258895168607,16.825486947454817,3.635486947454817,3.635486947454817
2026-09-10,2028-03,put,call,jaoh8_6420c,64.2,-0.0940719268762121,11.88,0.0,False,11,0.2794266636682568,0.4166311397436242,-0.1372044760753674,0.11280585574807961,11.816145650513919,-0.06385434948608193,0.06385434948608193,15.82832128444579,3.9483212844457896,3.9483212844457896
2026-09-10,2028-03,put,call,jaoh8_6500c,65.0,-0.0816878676764905,11.42,0.0,False,11,0.2794266636682568,0.4166311397436242,-0.1372044760753674,0.11280585574807961,11.41734549097726,-0.0026545090227401147,0.0026545090227401147,15.479134732338176,4.059134732338176,4.059134732338176
2026-09-10,2028-03,put,call,jaoh8_6600c,66.0,-0.0664203955457021,10.86,0.0,False,11,0.2794266636682568,0.4166311397436242,-0.1372044760753674,0.11280585574807961,10.933860391067485,0.07386039106748576,0.07386039106748576,15.052803744799476,4.192803744799477,4.192803744799477
2026-09-10,2028-03,put,call,jaoh8_6775c,67.75,-0.0402506778123174,9.91,0.0,False,11,0.2794266636682568,0.4166311397436242,-0.1372044760753674,0.11280585574807961,10.12726315470717,0.2172631547071706,0.2172631547071706,14.332428641653294,4.422428641653294,4.422428641653294
2026-09-10,2028-03,put,call,jaoh8_6875c,68.75,-0.025598401025447,9.39,0.0,False,11,0.2794266636682568,0.4166311397436242,-0.1372044760753674,0.11280585574807961,9.688486666545867,0.2984866665458661,0.2984866665458661,13.935324116070948,4.545324116070947,4.545324116070947
2026-09-10,2028-03,put,call,jaoh8_6890c,68.9,-0.0234189595525147,9.32,0.0,False,11,0.2794266636682568,0.4166311397436242,-0.1372044760753674,0.11280585574807961,9.62403576869401,0.3040357686940105,0.3040357686940105,13.876649385121826,4.556649385121826,4.556649385121826
2026-09-10,2028-03,put,call,jaoh8_7000c,70.0,-0.0075798955227687,8.77,0.0,False,11,0.2794266636682568,0.4166311397436242,-0.1372044760753674,0.11280585574807961,9.162128593369172,0.39212859336917205,0.39212859336917205,13.453638114793808,4.683638114793808,4.683638114793808
2026-09-10,2028-03,put,call,jaoh8_7110c,71.1,0.0080121992370674,8.23,0.0,False,11,0.2794266636682568,0.4166311397436242,-0.1372044760753674,0.11280585574807961,8.71881729120205,0.4888172912020501,0.4888172912020501,13.043331742762676,4.813331742762676,4.813331742762676
2026-09-10,2028-03,put,call,jaoh8_7275c,72.75,0.030953768479474,7.48,0.0,False,11,0.2794266636682568,0.4166311397436242,-0.1372044760753674,0.11280585574807961,8.08777111670915,0.6077711167091504,0.6077711167091504,12.45004595212103,4.97004595212103,4.97004595212103
2026-09-10,2028-03,put,call,jaoh8_7340c,73.4,0.0398487980483422,7.2,0.0,False,11,0.2794266636682568,0.4166311397436242,-0.1372044760753674,0.11280585574807961,7.850065358898504,0.6500653588985035,0.6500653588985035,12.223619950788445,5.0236199507884445,5.0236199507884445
2026-09-10,2028-03,put,call,jaoh8_7450c,74.5,0.0547239878133861,6.74,0.0,False,11,0.2794266636682568,0.4166311397436242,-0.1372044760753674,0.11280585574807961,7.461429995353249,0.7214299953532484,0.7214299953532484,11.849508744525677,5.109508744525677,5.109508744525677
2026-09-10,2028-03,put,call,jaoh8_7475c,74.75,0.0580740746986681,6.64,0.0,False,11,0.2794266636682568,0.4166311397436242,-0.1372044760753674,0.11280585574807961,7.375453969613068,0.7354539696130686,0.7354539696130686,11.766042100556067,5.1260421005560675,5.1260421005560675
2026-09-10,2028-03,put,call,jaoh8_7500c,75.0,0.0614129759641828,6.55,0.0,False,11,0.2794266636682568,0.4166311397436242,-0.1372044760753674,0.11280585574807961,7.290336239664161,0.7403362396641615,0.7403362396641615,11.683102506106788,5.1331025061067885,5.1331025061067885
2026-09-10,2028-03,put,call,jaoh8_7550c,75.5,0.0680575186828512,6.35,0.0,False,11,0.2794266636682568,0.4166311397436242,-0.1372044760753674,0.11280585574807961,7.122652679870903,0.7726526798709035,0.7726526798709035,11.51880898900437,5.16880898900437,5.16880898900437
2026-09-10,2028-03,put,call,jaoh8_7670c,76.7,0.0838265708010828,5.92,0.0,False,11,0.2794266636682568,0.4166311397436242,-0.1372044760753674,0.11280585574807961,6.733848665969002,0.8138486659690018,0.8138486659690018,11.133487361012646,5.213487361012646,5.213487361012646
2026-09-10,2028-03,put,call,jaoh8_7700c,77.0,0.0877302842815561,5.82,0.0,False,11,0.2794266636682568,0.4166311397436242,-0.1372044760753674,0.11280585574807961,6.639599724192992,0.819599724192992,0.819599724192992,11.039159496657852,5.219159496657852,5.219159496657852
2026-09-10,2028-03,put,call,jaoh8_7775c,77.75,0.0974234134872157,5.57,0.0,False,11,0.2794266636682568,0.4166311397436242,-0.1372044760753674,0.11280585574807961,6.409032503381104,0.8390325033811035,0.8390325033811035,10.806719060201118,5.236719060201118,5.236719060201118
2026-09-10,2028-09,call,put,jaou8_5000p,50.0,-0.3205847921274887,2.91,0.0,False,16,0.23903160406505208,0.4166311397436242,-0.17759953567857212,0.14623120034628379,1.6487053366931264,-1.2612946633068738,1.2612946633068738,5.709910256077527,2.799910256077527,2.799910256077527
2026-09-10,2028-09,call,put,jaou8_5500p,55.0,-0.2252746123231638,4.04,0.0,False,16,0.23903160406505208,0.4166311397436242,-0.17759953567857212,0.14623120034628379,2.84759707455426,-1.19240292544574,1.19240292544574,7.688371461684906,3.6483714616849063,3.6483714616849063
2026-09-10,2028-09,call,put,jaou8_5700p,57.0,-0.1895565297210845,4.55,0.0,False,16,0.23903160406505208,0.4166311397436242,-0.17759953567857212,0.14623120034628379,3.4463335157400508,-1.103666484259949,1.103666484259949,8.558423941433235,4.008423941433235,4.008423941433235
2026-09-10,2028-09,call,put,jaou8_5740p,57.4,-0.1825634942301139,4.66,0.0,False,16,0.23903160406505208,0.4166311397436242,-0.17759953567857212,0.14623120034628379,3.574437275115873,-1.0855627248841273,1.0855627248841273,8.737586910341262,4.077586910341262,4.077586910341262
2026-09-10,2028-09,call,put,jaou8_6165p,61.65,-0.1111345679452814,5.91,0.0,False,16,0.23903160406505208,0.4166311397436242,-0.17759953567857212,0.14623120034628379,5.107857164337569,-0.8021428356624307,0.8021428356624307,10.742701441883511,4.832701441883511,4.832701441883511
2026-09-10,2028-09,call,put,jaou8_6200p,62.0,-0.1054734125105432,6.02,0.0,False,16,0.23903160406505208,0.4166311397436242,-0.17759953567857212,0.14623120034628379,5.248092059231775,-0.7719079407682248,0.7719079407682248,10.91583881760591,4.8958388176059096,4.8958388176059096
2026-09-10,2028-09,call,put,jaou8_6250p,62.5,-0.0974412408132788,6.18,0.0,False,16,0.23903160406505208,0.4166311397436242,-0.17759953567857212,0.14623120034628379,5.452068174349451,-0.7279318256505487,0.7279318256505487,11.165242585870171,4.985242585870171,4.985242585870171
2026-09-10,2028-09,call,put,jaou8_6500p,65.0,-0.0582205276599975,7.03,0.0,False,16,0.23903160406505208,0.4166311397436242,-0.17759953567857212,0.14623120034628379,6.535414383324349,-0.4945856166756508,0.4945856166756508,12.448342932003252,5.4183429320032515,5.4183429320032515
2026-09-10,2028-09,call,put,jaou8_6750p,67.5,-0.0204801996771505,7.96,0.0,False,16,0.23903160406505208,0.4166311397436242,-0.17759953567857212,0.14623120034628379,7.72190131757768,-0.23809868242232035,0.23809868242232035,13.79155505666372,5.83155505666372,5.83155505666372
2026-09-10,2028-09,call,put,jaou8_7000p,70.0,0.0158874444937242,9.02,0.0,False,16,0.23903160406505208,0.4166311397436242,-0.17759953567857212,0.14623120034628379,9.007142883063961,-0.012857116936038082,0.012857116936038082,15.190665042634937,6.170665042634937,6.170665042634937
2026-09-10,2028-09,call,put,jaou8_7450p,74.5,0.0781913278298791,11.3,0.0,False,16,0.23903160406505208,0.4166311397436242,-0.17759953567857212,0.14623120034628379,11.552629801435852,0.2526298014358517,0.2526298014358517,17.83736157550528,6.53736157550528,6.53736157550528
2026-09-10,2028-09,put,call,jaou8_6151c,61.51,-0.1134080343353578,12.64,0.0,False,11,0.25889999862313284,0.4166311397436242,-0.15773114112049136,0.31809714749154483,12.399988568389514,-0.24001143161048688,0.24001143161048688,17.514466383803338,4.8744663838033375,4.8744663838033375
2026-09-10,2028-09,put,call,jaou8_6500c,65.0,-0.0582205276599975,10.59,0.0,False,11,0.25889999862313284,0.4166311397436242,-0.15773114112049136,0.31809714749154483,10.747521572141986,0.15752157214198625,0.15752157214198625,16.11122647969862,5.521226479698619,5.521226479698619
2026-09-10,2028-09,put,call,jaou8_6570c,65.7,-0.0475088720650698,10.2,0.0,False,11,0.25889999862313284,0.4166311397436242,-0.15773114112049136,0.31809714749154483,10.43875261579617,0.23875261579617124,0.23875261579617124,15.843994127361997,5.643994127361998,5.643994127361998
2026-09-10,2028-09,put,call,jaou8_6600c,66.0,-0.0429530555292092,10.04,0.0,False,11,0.25889999862313284,0.4166311397436242,-0.15773114112049136,0.31809714749154483,10.308687946499745,0.26868794649974603,0.26868794649974603,15.730919454348657,5.690919454348657,5.690919454348657
2026-09-10,2028-09,put,call,jaou8_6650c,66.5,-0.0354058498938262,9.76,0.0,False,11,0.25889999862313284,0.4166311397436242,-0.15773114112049136,0.31809714749154483,10.094906890501742,0.3349068905017418,0.3349068905017418,15.544334375569504,5.784334375569504,5.784334375569504
2026-09-10,2028-09,put,call,jaou8_6775c,67.75,-0.0167833377958244,9.1,0.0,False,11,0.25889999862313284,0.4166311397436242,-0.15773114112049136,0.31809714749154483,9.576618258950086,0.47661825895008647,0.47661825895008647,15.08791731038576,5.987917310385761,5.987917310385761
2026-09-10,2028-09,put,call,jaou8_7000c,70.0,0.0158874444937242,8.0,0.0,False,11,0.25889999862313284,0.4166311397436242,-0.15773114112049136,0.31809714749154483,8.700360518453092,0.7003605184530919,0.7003605184530919,14.30082030237894,6.3008203023789395,6.3008203023789395
2026-09-10,2028-09,put,call,jaou8_7110c,71.1,0.0314795392535603,7.51,0.0,False,11,0.25889999862313284,0.4166311397436242,-0.15773114112049136,0.31809714749154483,8.297615348467266,0.7876153484672663,0.7876153484672663,13.931550322968226,6.421550322968226,6.421550322968226
2026-09-10,2028-09,put,call,jaou8_7275c,72.75,0.0544211084959672,6.82,0.0,False,11,0.25889999862313284,0.4166311397436242,-0.15773114112049136,0.31809714749154483,7.723861001968996,0.9038610019689957,0.9038610019689957,13.395692683108232,6.575692683108231,6.575692683108231
2026-09-10,2028-09,put,call,jaou8_7340c,73.4,0.0633161380648353,6.56,0.0,False,11,0.25889999862313284,0.4166311397436242,-0.15773114112049136,0.31809714749154483,7.507558989325093,0.9475589893250937,0.9475589893250937,13.190312258377975,6.630312258377976,6.630312258377976
2026-09-10,2028-09,put,call,jaou8_7450c,74.5,0.0781913278298791,6.16,0.0,False,11,0.25889999862313284,0.4166311397436242,-0.15773114112049136,0.31809714749154483,7.153659211123062,0.9936592111230622,0.9936592111230622,12.850061376093056,6.690061376093055,6.690061376093055
2026-09-10,2028-09,put,call,jaou8_7500c,75.0,0.0848803159806756,5.98,0.0,False,11,0.25889999862313284,0.4166311397436242,-0.15773114112049136,0.31809714749154483,6.997742319177773,1.0177423191777724,1.0177423191777724,12.698485683007224,6.7184856830072235,6.7184856830072235
2026-09-10,2028-09,put,call,jaou8_7560c,75.6,0.0928484856298525,5.78,0.0,False,11,0.25889999862313284,0.4166311397436242,-0.15773114112049136,0.31809714749154483,6.814639803336171,1.0346398033361703,1.0346398033361703,12.519092980726048,6.739092980726048,6.739092980726048
2026-09-10,2028-09,put,call,jaou8_7670c,76.7,0.1072939108175758,5.43,0.0,False,11,0.25889999862313284,0.4166311397436242,-0.15773114112049136,0.31809714749154483,6.490042105960697,1.0600421059606973,1.0600421059606973,12.197112326259385,6.767112326259385,6.767112326259385
2026-09-10,2028-09,put,call,jaou8_7925c,79.25,0.1399996152017553,4.72,0.0,False,11,0.25889999862313284,0.4166311397436242,-0.15773114112049136,0.31809714749154483,5.790486511085567,1.0704865110855675,1.0704865110855675,11.483530039869244,6.763530039869244,6.763530039869244
2026-09-10,2028-09,put,call,jaou8_8000c,80.0,0.1494188371182469,4.53,0.0,False,11,0.25889999862313284,0.4166311397436242,-0.15773114112049136,0.31809714749154483,5.598182045009412,1.0681820450094115,1.0681820450094115,11.281927430471798,6.751927430471798,6.751927430471798
2026-09-11,2027-03,call,put,jaoh7_6800p,68.0,-0.1570310726324877,3.3,0.0,False,20,0.3741917858949221,0.4165026203486327,-0.042310834453710644,0.0015313198882866996,3.186098598762234,-0.11390140123776593,0.11390140123776593,3.909142066761689,0.6091420667616894,0.6091420667616894
2026-09-11,2027-03,call,put,jaoh7_6900p,69.0,-0.1424322732113351,3.59,0.0,False,20,0.3741917858949221,0.4165026203486327,-0.042310834453710644,0.0015313198882866996,3.509333366516641,-0.08066663348335901,0.08066663348335901,4.259874015791686,0.6698740157916863,0.6698740157916863
2026-09-11,2027-03,call,put,jaoh7_7000p,70.0,-0.1280435357592354,3.9,0.0,False,20,0.3741917858949221,0.4165026203486327,-0.042310834453710644,0.0015313198882866996,3.8523287068537915,-0.04767129314620844,0.04767129314620844,4.629263280301948,0.7292632803019479,0.7292632803019479
2026-09-11,2027-03,call,put,jaoh7_7100p,71.0,-0.1138589007672789,4.24,0.0,False,20,0.3741917858949221,0.4165026203486327,-0.042310834453710644,0.0015313198882866996,4.215214984718301,-0.024785015281699074,0.024785015281699074,5.016762273763412,0.7767622737634117,0.7767622737634117
2026-09-11,2027-03,call,put,jaoh7_7150p,71.5,-0.1068413281086323,4.42,0.0,False,20,0.3741917858949221,0.4165026203486327,-0.042310834453710644,0.0015313198882866996,4.404141611050705,-0.0158583889492947,0.0158583889492947,5.217243483712108,0.7972434837121085,0.7972434837121085
2026-09-11,2027-03,call,put,jaoh7_7250p,72.5,-0.0929522159479652,4.78,0.0,False,20,0.3741917858949221,0.4165026203486327,-0.042310834453710644,0.0015313198882866996,4.796978786755893,0.016978786755892372,0.016978786755892372,5.631228691670298,0.8512286916702978,0.8512286916702978
2026-09-11,2027-03,call,put,jaoh7_7300p,73.0,-0.0860793366602032,4.98,0.0,False,20,0.3741917858949221,0.4165026203486327,-0.042310834453710644,0.0015313198882866996,5.000885525332761,0.020885525332760224,0.020885525332760224,5.844895362691807,0.864895362691807,0.864895362691807
2026-09-11,2027-03,call,put,jaoh7_7400p,74.0,-0.0724736846044245,5.38,0.0,False,20,0.3741917858949221,0.4165026203486327,-0.042310834453710644,0.0015313198882866996,5.423640217231732,0.04364021723173206,0.04364021723173206,6.285569937777243,0.9055699377772433,0.9055699377772433
2026-09-11,2027-03,call,put,jaoh7_7450p,74.5,-0.0657396524230805,5.59,0.0,False,20,0.3741917858949221,0.4165026203486327,-0.042310834453710644,0.0015313198882866996,5.642464263675069,0.052464263675068956,0.052464263675068956,6.512644123832266,0.9226441238322662,0.9226441238322662
2026-09-11,2027-03,call,put,jaoh7_7500p,75.0,-0.0590506642722839,5.8,8.0,True,20,0.3741917858949221,0.4165026203486327,-0.042310834453710644,0.0015313198882866996,5.866231563465359,0.06623156346535897,0.06623156346535897,6.744197692372627,0.9441976923726267,0.9441976923726267
2026-09-11,2027-03,call,put,jaoh7_7690p,76.9,-0.034032901296996,6.67,0.0,False,20,0.3741917858949221,0.4165026203486327,-0.042310834453710644,0.0015313198882866996,6.76124621484856,0.09124621484856021,0.09124621484856021,7.663474150028818,0.9934741500288178,0.9934741500288178
2026-09-11,2027-03,put,call,jaoh7_7900c,79.0,-0.0070909253415728,8.34,0.0,False,11,0.3739362641416062,0.4165026203486327,-0.042566356207026534,0.003677209295549916,8.375371768174306,0.035371768174305984,0.035371768174305984,9.299583730309706,0.9595837303097063,0.9595837303097063
2026-09-11,2027-03,put,call,jaoh7_8000c,80.0,0.0054878568652872,7.9,250.0,True,11,0.3739362641416062,0.4165026203486327,-0.042566356207026534,0.003677209295549916,7.9365821246764865,0.03658212467648614,0.03658212467648614,8.866132094526318,0.9661320945263174,0.9661320945263174
2026-09-11,2027-03,put,call,jaoh7_8025c,80.25,0.0086079842015309,7.8,0.0,False,11,0.3739362641416062,0.4165026203486327,-0.042566356207026534,0.003677209295549916,7.829764516833756,0.02976451683375636,0.02976451683375636,8.760257881212423,0.9602578812124234,0.9602578812124234
2026-09-11,2027-03,put,call,jaoh7_8045c,80.45,0.0110970956297979,7.71,0.0,False,11,0.3739362641416062,0.4165026203486327,-0.042566356207026534,0.003677209295549916,7.7451319831337475,0.035131983133747546,0.035131983133747546,8.676290692055625,0.9662906920556251,0.9662906920556251
2026-09-11,2027-03,put,call,jaoh7_8075c,80.75,0.0148191842941714,7.59,0.0,False,11,0.3739362641416062,0.4165026203486327,-0.042566356207026534,0.003677209295549916,7.619545444024956,0.02954544402495607,0.02954544402495607,8.551583167661702,0.9615831676617024,0.9615831676617024
2026-09-11,2027-03,put,call,jaoh7_8100c,81.0,0.0179103768638443,7.49,0.0,False,11,0.3739362641416062,0.4165026203486327,-0.042566356207026534,0.003677209295549916,7.516132203409818,0.026132203409817478,0.026132203409817478,8.44878809942679,0.9587880994267906,0.9587880994267906
2026-09-11,2027-03,put,call,jaoh7_8102c,81.02,0.0181572599659501,7.48,0.0,False,11,0.3739362641416062,0.4165026203486327,-0.042566356207026534,0.003677209295549916,7.507907731440196,0.027907731440195427,0.027907731440195427,8.440603503910145,0.9606035039101446,0.9606035039101446
2026-09-11,2027-03,put,call,jaoh7_8125c,81.25,0.0209920434012525,7.39,0.0,False,11,0.3739362641416062,0.4165026203486327,-0.042566356207026534,0.003677209295549916,7.41384179664834,0.023841796648340186,0.023841796648340186,8.346887087519644,0.956887087519644,0.956887087519644
2026-09-11,2027-03,put,call,jaoh7_8150c,81.5,0.0240642424382225,7.29,0.0,False,11,0.3739362641416062,0.4165026203486327,-0.042566356207026534,0.003677209295549916,7.312668071615962,0.022668071615962404,0.022668071615962404,8.245887898485782,0.9558878984857815,0.9558878984857815
2026-09-11,2027-03,put,call,jaoh7_8185c,81.85,0.0283495260085493,7.15,0.0,False,11,0.3739362641416062,0.4165026203486327,-0.042566356207026534,0.003677209295549916,7.172888960035557,0.02288896003555685,0.02288896003555685,8.106139867069245,0.9561398670692451,0.9561398670692451
2026-09-11,2027-03,put,call,jaoh7_8342c,83.42,0.0473493109602048,6.57,0.0,False,11,0.3739362641416062,0.4165026203486327,-0.042566356207026534,0.003677209295549916,6.572185201328357,0.002185201328356534,0.002185201328356534,7.502961356947389,0.9329613569473887,0.9329613569473887
2026-09-11,2027-03,put,call,jaoh7_8430c,84.3,0.0578430871992152,6.27,0.0,False,11,0.3739362641416062,0.4165026203486327,-0.042566356207026534,0.003677209295549916,6.253865480128924,-0.01613451987107517,0.01613451987107517,7.181204161362886,0.9112041613628863,0.9112041613628863
2026-09-11,2027-03,put,call,jaoh7_8455c,84.55,0.0608042975359948,6.18,0.0,False,11,0.3739362641416062,0.4165026203486327,-0.042566356207026534,0.003677209295549916,6.165785420090159,-0.014214579909840985,0.014214579909840985,7.092060978405025,0.9120609784050249,0.9120609784050249
2026-09-11,2027-03,put,call,jaoh7_8500c,85.0,0.066112478681722,6.04,0.0,False,11,0.3739362641416062,0.4165026203486327,-0.042566356207026534,0.003677209295549916,6.009825421286041,-0.03017457871395912,0.03017457871395912,6.933990165155526,0.8939901651555262,0.8939901651555262
2026-09-11,2027-03,put,call,jaoh7_8525c,85.25,0.0690493383550318,5.96,0.0,False,11,0.3739362641416062,0.4165026203486327,-0.042566356207026534,0.003677209295549916,5.924603671989452,-0.03539632801054804,0.03539632801054804,6.8474329975081805,0.8874329975081805,0.8874329975081805
2026-09-11,2027-03,put,call,jaoh7_8575c,85.75,0.0748973082374548,5.8,0.0,False,11,0.3739362641416062,0.4165026203486327,-0.042566356207026534,0.003677209295549916,5.757173460256586,-0.042826539743414216,0.042826539743414216,6.676960081903439,0.8769600819034391,0.8769600819034391
2026-09-11,2027-03,put,call,jaoh7_8635c,86.35,0.0818700267840931,5.62,0.0,False,11,0.3739362641416062,0.4165026203486327,-0.042566356207026534,0.003677209295549916,5.561489785781822,-0.05851021421817837,0.05851021421817837,6.476910293863404,0.8569102938634039,0.8569102938634039
2026-09-11,2027-03,put,call,jaoh7_8675c,86.75,0.0864916410183741,5.5,0.0,False,11,0.3739362641416062,0.4165026203486327,-0.042566356207026534,0.003677209295549916,5.434157098885417,-0.06584290111458291,0.06584290111458291,6.346433283738703,0.846433283738703,0.846433283738703
2026-09-11,2027-03,put,call,jaoh7_8700c,87.0,0.0893693408459893,5.43,0.0,False,11,0.3739362641416062,0.4165026203486327,-0.042566356207026534,0.003677209295549916,5.355826474555028,-0.07417352544497202,0.07417352544497202,6.266022492726553,0.8360224927265536,0.8360224927265536
2026-09-11,2027-03,put,call,jaoh7_8705c,87.05,0.0899438884056037,5.41,0.0,False,11,0.3739362641416062,0.4165026203486327,-0.042566356207026534,0.003677209295549916,5.340275091500095,-0.06972490849990542,0.06972490849990542,6.250039463010558,0.8400394630105579,0.8400394630105579
2026-09-11,2027-09,call,put,jaou7_5800p,58.0,-0.2283338202900563,3.15,0.0,False,20,0.30475767179250385,0.4165026203486327,-0.11174494855612888,0.020339053060468962,2.463314226663064,-0.686685773336936,0.686685773336936,4.646879976413,1.4968799764130005,1.4968799764130005
2026-09-11,2027-09,call,put,jaou7_5900p,59.0,-0.2112393869307562,3.39,0.0,False,20,0.30475767179250385,0.4165026203486327,-0.11174494855612888,0.020339053060468962,2.7350584555621875,-0.6549415444378126,0.6549415444378126,5.002556437118076,1.612556437118076,1.612556437118076
2026-09-11,2027-09,call,put,jaou7_6000p,60.0,-0.1944322686143748,3.65,0.0,False,20,0.30475767179250385,0.4165026203486327,-0.11174494855612888,0.020339053060468962,3.0251181393963726,-0.6248818606036273,0.6248818606036273,5.372997425878451,1.7229974258784515,1.7229974258784515
2026-09-11,2027-09,call,put,jaou7_6200p,62.0,-0.161642445791384,4.2,0.0,False,20,0.30475767179250385,0.4165026203486327,-0.11174494855612888,0.020339053060468962,3.6609799321002505,-0.5390200678997497,0.5390200678997497,6.1576978666293085,1.9576978666293083,1.9576978666293083
2026-09-11,2027-09,call,put,jaou7_6420p,64.2,-0.12677362014056,4.88,0.0,False,20,0.30475767179250385,0.4165026203486327,-0.11174494855612888,0.020339053060468962,4.447172517232783,-0.43282748276721694,0.43282748276721694,7.0904249818494645,2.2104249818494646,2.2104249818494646
2026-09-11,2027-09,call,put,jaou7_6500p,65.0,-0.1143895609408384,5.15,0.0,False,20,0.30475767179250385,0.4165026203486327,-0.11174494855612888,0.020339053060468962,4.755656664485323,-0.3943433355146775,0.3943433355146775,7.447398996226772,2.2973989962267716,2.2973989962267716
2026-09-11,2027-09,call,put,jaou7_6750p,67.5,-0.0766492329579915,6.05,0.0,False,20,0.30475767179250385,0.4165026203486327,-0.11174494855612888,0.020339053060468962,5.796884772283368,-0.25311522771663153,0.25311522771663153,8.620488252934878,2.5704882529348785,2.5704882529348785
2026-09-11,2027-09,call,put,jaou7_6800p,68.0,-0.0692691256603688,6.25,0.0,False,20,0.30475767179250385,0.4165026203486327,-0.11174494855612888,0.020339053060468962,6.019047169998642,-0.2309528300013577,0.2309528300013577,8.865672454090923,2.615672454090923,2.615672454090923
2026-09-11,2027-09,call,put,jaou7_6900p,69.0,-0.0546703262392161,6.65,0.0,False,20,0.30475767179250385,0.4165026203486327,-0.11174494855612888,0.020339053060468962,6.4771102736932935,-0.17288972630670685,0.17288972630670685,9.366006687648246,2.716006687648246,2.716006687648246
2026-09-11,2027-09,call,put,jaou7_7000p,70.0,-0.0402815887871166,7.08,0.0,False,20,0.30475767179250385,0.4165026203486327,-0.11174494855612888,0.020339053060468962,6.953302939843606,-0.1266970601563937,0.1266970601563937,9.879454260912086,2.7994542609120856,2.7994542609120856
2026-09-11,2027-09,call,put,jaou7_7400p,74.0,0.015288262367694,8.98,0.0,False,20,0.30475767179250385,0.4165026203486327,-0.11174494855612888,0.020339053060468962,9.033803912573582,0.053803912573581414,0.053803912573581414,12.06707697546154,3.087076975461539,3.087076975461539
2026-09-11,2027-09,call,put,jaou7_7450p,74.5,0.0220222945490383,9.24,0.0,False,20,0.30475767179250385,0.4165026203486327,-0.11174494855612888,0.020339053060468962,9.31296866870158,0.07296866870157892,0.07296866870157892,12.35461950004277,3.114619500042769,3.114619500042769
2026-09-11,2027-09,call,put,jaou7_7500p,75.0,0.0287112826998349,9.5,0.0,False,20,0.30475767179250385,0.4165026203486327,-0.11174494855612888,0.020339053060468962,9.59622870097679,0.09622870097678948,0.09622870097678948,12.645037403566333,3.1450374035663327,3.1450374035663327
2026-09-11,2027-09,put,call,jaou7_6820c,68.2,-0.0663322659870591,10.8,0.0,False,13,0.31560093999422745,0.4165026203486327,-0.10090168035440528,0.0918961762816424,10.857719621602874,0.057719621602872806,0.057719621602872806,13.362681665708031,2.5626816657080305,2.5626816657080305
2026-09-11,2027-09,put,call,jaou7_6825c,68.25,-0.0655993967714064,10.77,0.0,False,13,0.31560093999422745,0.4165026203486327,-0.10090168035440528,0.0918961762816424,10.832858915430707,0.06285891543070754,0.06285891543070754,13.339761120511575,2.5697611205115756,2.5697611205115756
2026-09-11,2027-09,put,call,jaou7_6860c,68.6,-0.0604842961046361,10.57,0.0,False,13,0.31560093999422745,0.4165026203486327,-0.10090168035440528,0.0918961762816424,10.660070450169089,0.09007045016908855,0.09007045016908855,13.18023699396088,2.6102369939608803,2.6102369939608803
2026-09-11,2027-09,put,call,jaou7_6900c,69.0,-0.0546703262392161,10.36,0.0,False,13,0.31560093999422745,0.4165026203486327,-0.10090168035440528,0.0918961762816424,10.46523846948042,0.1052384694804207,0.1052384694804207,12.999876932923923,2.639876932923924,2.639876932923924
2026-09-11,2027-09,put,call,jaou7_6905c,69.05,-0.0539459509811745,10.33,0.0,False,13,0.31560093999422745,0.4165026203486327,-0.10090168035440528,0.0918961762816424,10.44108181494486,0.11108181494486047,0.11108181494486047,12.977478635541608,2.6474786355416082,2.6474786355416082
2026-09-11,2027-09,put,call,jaou7_6930c,69.3,-0.0503319246406181,10.19,0.0,False,13,0.31560093999422745,0.4165026203486327,-0.10090168035440528,0.0918961762816424,10.320954245404552,0.1309542454045527,0.1309542454045527,12.86597945742622,2.6759794574262212,2.6759794574262212
2026-09-11,2027-09,put,call,jaou7_7000c,70.0,-0.0402815887871166,9.82,0.0,False,13,0.31560093999422745,0.4165026203486327,-0.10090168035440528,0.0918961762816424,9.990383112640842,0.17038311264084172,0.17038311264084172,12.558171920255797,2.7381719202557964,2.7381719202557964
2026-09-11,2027-09,put,call,jaou7_7110c,71.1,-0.0246894940272804,9.26,0.0,False,13,0.31560093999422745,0.4165026203486327,-0.10090168035440528,0.0918961762816424,9.487961912633832,0.22796191263383214,0.22796191263383214,12.088080142164486,2.8280801421644863,2.8280801421644863
2026-09-11,2027-09,put,call,jaou7_7200c,72.0,-0.0121107118204203,8.82,0.0,False,13,0.31560093999422745,0.4165026203486327,-0.10090168035440528,0.0918961762816424,9.092156636416876,0.2721566364168755,0.2721566364168755,11.71558769939756,2.8955876993975593,2.8955876993975593
2026-09-11,2027-09,put,call,jaou7_7335c,73.35,0.0064656737525151,8.19,0.0,False,13,0.31560093999422745,0.4165026203486327,-0.10090168035440528,0.0918961762816424,8.523685360492836,0.3336853604928365,0.3336853604928365,11.176583975064853,2.9865839750648533,2.9865839750648533
2026-09-11,2027-09,put,call,jaou7_7400c,74.0,0.015288262367694,7.9,0.0,False,13,0.31560093999422745,0.4165026203486327,-0.10090168035440528,0.0918961762816424,8.260569483443255,0.3605694834432551,0.3605694834432551,10.92518429107738,3.0251842910773803,3.0251842910773803
2026-09-11,2027-09,put,call,jaou7_7450c,74.5,0.0220222945490383,7.68,0.0,False,13,0.31560093999422745,0.4165026203486327,-0.10090168035440528,0.0918961762816424,8.062774457552784,0.3827744575527845,0.3827744575527845,10.735150522692628,3.055150522692628,3.055150522692628
2026-09-11,2027-09,put,call,jaou7_7500c,75.0,0.0287112826998349,7.47,0.0,False,13,0.31560093999422745,0.4165026203486327,-0.10090168035440528,0.0918961762816424,7.868931396072906,0.3989313960729062,0.3989313960729062,10.54799213325021,3.07799213325021,3.07799213325021
2026-09-11,2027-09,put,call,jaou7_7542c,75.42,0.0342956609937354,7.29,0.0,False,13,0.31560093999422745,0.4165026203486327,-0.10090168035440528,0.0918961762816424,7.709123582797461,0.41912358279746087,0.41912358279746087,10.393126162299268,3.103126162299268,3.103126162299268
2026-09-11,2027-09,put,call,jaou7_7550c,75.5,0.0353558254185035,7.26,0.0,False,13,0.31560093999422745,0.4165026203486327,-0.10090168035440528,0.0918961762816424,7.678994171691514,0.418994171691514,0.418994171691514,10.363848806420114,3.103848806420114,3.103848806420114
2026-09-11,2027-09,put,call,jaou7_7600c,76.0,0.0419565094498555,7.06,0.0,False,13,0.31560093999422745,0.4165026203486327,-0.10090168035440528,0.0918961762816424,7.492915776692183,0.43291577669218295,0.43291577669218295,10.182472067534174,3.122472067534175,3.122472067534175
2026-09-11,2027-09,put,call,jaou7_7610c,76.1,0.0432714340311644,7.02,0.0,False,13,0.31560093999422745,0.4165026203486327,-0.10090168035440528,0.0918961762816424,7.456158962985559,0.43615896298555956,0.43615896298555956,10.146544272206352,3.1265442722063526,3.1265442722063526
2026-09-11,2027-09,put,call,jaou7_7705c,77.05,0.055677730929649,6.65,0.0,False,13,0.31560093999422745,0.4165026203486327,-0.10090168035440528,0.0918961762816424,7.114498043420472,0.4644980434204715,0.4644980434204715,9.811064904942246,3.1610649049422452,3.1610649049422452
2026-09-11,2027-09,put,call,jaou7_7710c,77.1,0.056326449732808,6.63,0.0,False,13,0.31560093999422745,0.4165026203486327,-0.10090168035440528,0.0918961762816424,7.09688968262096,0.46688968262095987,0.46688968262095987,9.793684932582437,3.163684932582437,3.163684932582437
2026-09-11,2027-09,put,call,jaou7_7725c,77.25,0.0582700849413791,6.58,0.0,False,13,0.31560093999422745,0.4165026203486327,-0.10090168035440528,0.0918961762816424,7.044286605085043,0.46428660508504294,0.46428660508504294,9.741717706398717,3.1617177063987167,3.1617177063987167
2026-09-11,2028-03,call,put,jaoh8_5740p,57.4,-0.206030834246607,3.87,0.0,False,19,0.2670929538009812,0.4165026203486327,-0.14940966654765153,0.11544785442432778,3.0899551436665487,-0.7800448563334514,0.7800448563334514,6.826282654378224,2.9562826543782235,2.9562826543782235
2026-09-11,2028-03,call,put,jaoh8_5900p,59.0,-0.1785376936664082,4.31,0.0,False,19,0.2670929538009812,0.4165026203486327,-0.14940966654765153,0.11544785442432778,3.5906349991476123,-0.7193650008523873,0.7193650008523873,7.500537905311475,3.1905379053114755,3.1905379053114755
2026-09-11,2028-03,call,put,jaoh8_6000p,60.0,-0.161730575350027,4.61,0.0,False,19,0.2670929538009812,0.4165026203486327,-0.14940966654765153,0.11544785442432778,3.926841619140669,-0.6831583808593313,0.6831583808593313,7.937920068133399,3.3279200681333982,3.3279200681333982
2026-09-11,2028-03,call,put,jaoh8_6165p,61.65,-0.1346019079617745,5.12,0.0,False,19,0.2670929538009812,0.4165026203486327,-0.14940966654765153,0.11544785442432778,4.5208218779488565,-0.5991781220511436,0.5991781220511436,8.685515611632402,3.565515611632402,3.565515611632402
2026-09-11,2028-03,call,put,jaoh8_6200p,62.0,-0.1289407525270361,5.24,0.0,False,19,0.2670929538009812,0.4165026203486327,-0.14940966654765153,0.11544785442432778,4.653090478831207,-0.5869095211687929,0.5869095211687929,8.84820498870086,3.6082049887008605,3.6082049887008605
2026-09-11,2028-03,call,put,jaoh8_6250p,62.5,-0.1209085808297718,5.4,0.0,False,19,0.2670929538009812,0.4165026203486327,-0.14940966654765153,0.11544785442432778,4.845842644455159,-0.5541573555448416,0.5541573555448416,9.083068440994008,3.683068440994008,3.683068440994008
2026-09-11,2028-03,call,put,jaoh8_6500p,65.0,-0.0816878676764905,6.28,0.0,False,19,0.2670929538009812,0.4165026203486327,-0.14940966654765153,0.11544785442432778,5.8761235737872335,-0.40387642621276676,0.40387642621276676,10.299901132985804,4.019901132985804,4.019901132985804
2026-09-11,2028-03,call,put,jaoh8_6600p,66.0,-0.0664203955457021,6.65,0.0,False,19,0.2670929538009812,0.4165026203486327,-0.14940966654765153,0.11544785442432778,6.318911778620696,-0.3310882213793045,0.3310882213793045,10.806254123111705,4.1562541231117045,4.1562541231117045
2026-09-11,2028-03,call,put,jaoh8_6750p,67.5,-0.0439475396936435,7.24,0.0,False,19,0.2670929538009812,0.4165026203486327,-0.14940966654765153,0.11544785442432778,7.015321394722046,-0.2246786052779539,0.2246786052779539,11.585825819401116,4.3458258194011155,4.3458258194011155
2026-09-11,2028-03,call,put,jaoh8_7000p,70.0,-0.0075798955227687,8.3,0.0,False,19,0.2670929538009812,0.4165026203486327,-0.14940966654765153,0.11544785442432778,8.259770139055092,-0.040229860944908324,0.040229860944908324,12.93786762326906,4.637867623269059,4.637867623269059
2026-09-11,2028-03,call,put,jaoh8_7450p,74.5,0.0547239878133861,10.5,0.0,False,19,0.2670929538009812,0.4165026203486327,-0.14940966654765153,0.11544785442432778,10.749542593052674,0.24954259305267357,0.24954259305267357,15.530930645173267,5.030930645173267,5.030930645173267
2026-09-11,2028-03,put,call,jaoh8_6151c,61.51,-0.1368753743518508,13.51,0.0,False,11,0.2811008189057804,0.4165026203486327,-0.1354018014428523,0.11386081310047348,13.262803246421859,-0.24719675357814097,0.24719675357814097,17.024664247479397,3.5146642474793968,3.5146642474793968
2026-09-11,2028-03,put,call,jaoh8_6200c,62.0,-0.1289407525270361,13.21,0.0,False,11,0.2811008189057804,0.4165026203486327,-0.1354018014428523,0.11386081310047348,12.995579607027892,-0.2144203929721087,0.2144203929721087,16.79512617005496,3.5851261700549593,3.5851261700549593
2026-09-11,2028-03,put,call,jaoh8_6420c,64.2,-0.0940719268762121,11.91,0.0,False,11,0.2811008189057804,0.4165026203486327,-0.1354018014428523,0.11386081310047348,11.846135902681477,-0.0638640973185236,0.0638640973185236,15.79844855582812,3.88844855582812,3.88844855582812
2026-09-11,2028-03,put,call,jaoh8_6500c,65.0,-0.0816878676764905,11.45,0.0,False,11,0.2811008189057804,0.4165026203486327,-0.1354018014428523,0.11386081310047348,11.44835742683328,-0.0016425731667197851,0.0016425731667197851,15.44944118849567,3.9994411884956715,3.9994411884956715
2026-09-11,2028-03,put,call,jaoh8_6600c,66.0,-0.0664203955457021,10.89,0.0,False,11,0.2811008189057804,0.4165026203486327,-0.1354018014428523,0.11386081310047348,10.966061384532754,0.07606138453275335,0.07606138453275335,15.02333380334016,4.133333803340159,4.133333803340159
2026-09-11,2028-03,put,call,jaoh8_6775c,67.75,-0.0402506778123174,9.95,0.0,False,11,0.2811008189057804,0.4165026203486327,-0.1354018014428523,0.11386081310047348,10.16130908702105,0.2113090870210499,0.2113090870210499,14.303365933470731,4.353365933470732,4.353365933470732
2026-09-11,2028-03,put,call,jaoh8_6875c,68.75,-0.025598401025447,9.43,0.0,False,11,0.2811008189057804,0.4165026203486327,-0.1354018014428523,0.11386081310047348,9.723452758210243,0.2934527582102433,0.2934527582102433,13.90649794235138,4.476497942351381,4.476497942351381
2026-09-11,2028-03,put,call,jaoh8_6890c,68.9,-0.0234189595525147,9.35,0.0,False,11,0.2811008189057804,0.4165026203486327,-0.1354018014428523,0.11386081310047348,9.659131547244309,0.30913154724430925,0.30913154724430925,13.84785899636523,4.497858996365231,4.497858996365231
2026-09-11,2028-03,put,call,jaoh8_7000c,70.0,-0.0075798955227687,8.8,0.0,False,11,0.2811008189057804,0.4165026203486327,-0.1354018014428523,0.11386081310047348,9.198109642528166,0.3981096425281656,0.3981096425281656,13.425105802371872,4.625105802371872,4.625105802371872
2026-09-11,2028-03,put,call,jaoh8_7110c,71.1,0.0080121992370674,8.27,0.0,False,11,0.2811008189057804,0.4165026203486327,-0.1354018014428523,0.11386081310047348,8.755569445602813,0.48556944560281323,0.48556944560281323,13.015066203310296,4.745066203310296,4.745066203310296
2026-09-11,2028-03,put,call,jaoh8_7275c,72.75,0.030953768479474,7.52,0.0,False,11,0.2811008189057804,0.4165026203486327,-0.1354018014428523,0.11386081310047348,8.125471783827459,0.6054717838274595,0.6054717838274595,12.422193580299478,4.902193580299478,4.902193580299478
2026-09-11,2028-03,put,call,jaoh8_7340c,73.4,0.0398487980483422,7.24,0.0,False,11,0.2811008189057804,0.4165026203486327,-0.1354018014428523,0.11386081310047348,7.888073131947654,0.6480731319476538,0.6480731319476538,12.195930557877556,4.955930557877556,4.955930557877556
2026-09-11,2028-03,put,call,jaoh8_7450c,74.5,0.0547239878133861,6.78,0.0,False,11,0.2811008189057804,0.4165026203486327,-0.1354018014428523,0.11386081310047348,7.499874746249164,0.7198747462491637,0.7198747462491637,11.822097135509733,5.042097135509732,5.042097135509732
2026-09-11,2028-03,put,call,jaoh8_7475c,74.75,0.0580740746986681,6.68,0.0,False,11,0.2811008189057804,0.4165026203486327,-0.1354018014428523,0.11386081310047348,7.413983856494579,0.7339838564945795,0.7339838564945795,11.738695610159697,5.058695610159697,5.058695610159697
2026-09-11,2028-03,put,call,jaoh8_7500c,75.0,0.0614129759641828,6.59,0.0,False,11,0.2811008189057804,0.4165026203486327,-0.1354018014428523,0.11386081310047348,7.328946113227035,0.7389461132270352,0.7389461132270352,11.655821785855755,5.065821785855755,5.065821785855755
2026-09-11,2028-03,put,call,jaoh8_7550c,75.5,0.0680575186828512,6.39,0.0,False,11,0.2811008189057804,0.4165026203486327,-0.1354018014428523,0.11386081310047348,7.161407275464491,0.7714072754644912,0.7714072754644912,11.4916607113198,5.101660711319801,5.101660711319801
2026-09-11,2028-03,put,call,jaoh8_7670c,76.7,0.0838265708010828,5.96,0.0,False,11,0.2811008189057804,0.4165026203486327,-0.1354018014428523,0.11386081310047348,6.7728697737993775,0.8128697737993775,0.8128697737993775,11.106651517156068,5.1466515171560685,5.1466515171560685
2026-09-11,2028-03,put,call,jaoh8_7700c,77.0,0.0877302842815561,5.85,0.0,False,11,0.2811008189057804,0.4165026203486327,-0.1354018014428523,0.11386081310047348,6.678670130405674,0.8286701304056745,0.8286701304056745,11.012402697731437,5.162402697731437,5.162402697731437
2026-09-11,2028-03,put,call,jaoh8_7775c,77.75,0.0974234134872157,5.61,0.0,False,11,0.2811008189057804,0.4165026203486327,-0.1354018014428523,0.11386081310047348,6.448196836519202,0.8381968365192014,0.8381968365192014,10.78015896162392,5.17015896162392,5.17015896162392
2026-09-11,2028-09,call,put,jaou8_5000p,50.0,-0.3200524524822318,2.88,0.0,False,16,0.23778952565978476,0.4165026203486327,-0.17871309468884797,0.14433491279643051,1.6243702493796341,-1.2556297506203657,1.2556297506203657,5.69892042077784,2.8189204207778404,2.8189204207778404
2026-09-11,2028-09,call,put,jaou8_5500p,55.0,-0.224742272677907,3.99,0.0,False,16,0.23778952565978476,0.4165026203486327,-0.17871309468884797,0.14433491279643051,2.8155888237347586,-1.1744111762652416,1.1744111762652416,7.675088838900532,3.6850888389005316,3.6850888389005316
2026-09-11,2028-09,call,put,jaou8_5700p,57.0,-0.1890241900758277,4.51,0.0,False,16,0.23778952565978476,0.4165026203486327,-0.17871309468884797,0.14433491279643051,3.4115585285898113,-1.0984414714101884,1.0984414714101884,8.544199818734654,4.034199818734654,4.034199818734654
2026-09-11,2028-09,call,put,jaou8_5740p,57.4,-0.1820311545848571,4.62,0.0,False,16,0.23778952565978476,0.4165026203486327,-0.17871309468884797,0.14433491279643051,3.5391372291907945,-1.0808627708092056,1.0808627708092056,8.723172709103538,4.103172709103538,4.103172709103538
2026-09-11,2028-09,call,put,jaou8_6165p,61.65,-0.1106022283000246,5.87,0.0,False,16,0.23778952565978476,0.4165026203486327,-0.17871309468884797,0.14433491279643051,5.067651886032537,-0.8023481139674633,0.8023481139674633,10.726237246475174,4.856237246475174,4.856237246475174
2026-09-11,2028-09,call,put,jaou8_6200p,62.0,-0.1049410728652862,5.98,0.0,False,16,0.23778952565978476,0.4165026203486327,-0.17871309468884797,0.14433491279643051,5.207541476690555,-0.7724585233094459,0.7724585233094459,10.89920333166198,4.919203331661979,4.919203331661979
2026-09-11,2028-09,call,put,jaou8_6250p,62.5,-0.0969089011680221,6.14,0.0,False,16,0.23778952565978476,0.4165026203486327,-0.17871309468884797,0.14433491279643051,5.411040437032077,-0.7289595629679226,0.7289595629679226,11.148362199532984,5.008362199532985,5.008362199532985
2026-09-11,2028-09,call,put,jaou8_6500p,65.0,-0.0576881880147408,6.98,0.0,False,16,0.23778952565978476,0.4165026203486327,-0.17871309468884797,0.14433491279643051,6.492287753490086,-0.48771224650991485,0.48771224650991485,12.430235310650776,5.4502353106507755,5.4502353106507755
2026-09-11,2028-09,call,put,jaou8_6750p,67.5,-0.0199478600318937,7.91,0.0,False,16,0.23778952565978476,0.4165026203486327,-0.17871309468884797,0.14433491279643051,7.677149598810161,-0.23285040118983957,0.23285040118983957,13.77220488899267,5.86220488899267,5.86220488899267
2026-09-11,2028-09,call,put,jaou8_7000p,70.0,0.0164197841389811,8.97,0.0,False,16,0.23778952565978476,0.4165026203486327,-0.17871309468884797,0.14433491279643051,8.961217620184543,-0.008782379815457375,0.008782379815457375,15.17003312981387,6.200033129813869,6.200033129813869
2026-09-11,2028-09,call,put,jaou8_7450p,74.5,0.078723667475136,11.25,0.0,False,16,0.23778952565978476,0.4165026203486327,-0.17871309468884797,0.14433491279643051,11.505599314933644,0.25559931493364374,0.25559931493364374,17.814330112688552,6.564330112688552,6.564330112688552
2026-09-11,2028-09,put,call,jaou8_6151c,61.51,-0.112875694690101,12.55,0.0,False,11,0.2575591376243919,0.4165026203486327,-0.1589434827242408,0.3159840961512692,12.313425305360637,-0.23657469463936387,0.23657469463936387,17.45556181447894,4.90556181447894,4.90556181447894
2026-09-11,2028-09,put,call,jaou8_6500c,65.0,-0.0576881880147408,10.51,0.0,False,11,0.2575591376243919,0.4165026203486327,-0.1589434827242408,0.3159840961512692,10.661850592710021,0.1518505927100211,0.1518505927100211,16.054726419174823,5.544726419174824,5.544726419174824
2026-09-11,2028-09,put,call,jaou8_6570c,65.7,-0.046976532419813,10.12,0.0,False,11,0.2575591376243919,0.4165026203486327,-0.1589434827242408,0.3159840961512692,10.353364192715018,0.23336419271501896,0.23336419271501896,15.787977011504562,5.667977011504563,5.667977011504563
2026-09-11,2028-09,put,call,jaou8_6600c,66.0,-0.0424207158839523,9.95,0.0,False,11,0.2575591376243919,0.4165026203486327,-0.1589434827242408,0.3159840961512692,10.223431060640547,0.27343106064054723,0.27343106064054723,15.675107337408171,5.725107337408172,5.725107337408172
2026-09-11,2028-09,put,call,jaou8_6650c,66.5,-0.0348735102485694,9.68,0.0,False,11,0.2575591376243919,0.4165026203486327,-0.1589434827242408,0.3159840961512692,10.009883034509945,0.3298830345099457,0.3298830345099457,15.488862738265745,5.808862738265745,5.808862738265745
2026-09-11,2028-09,put,call,jaou8_6775c,67.75,-0.0162509981505676,9.02,0.0,False,11,0.2575591376243919,0.4165026203486327,-0.1589434827242408,0.3159840961512692,9.492251357440948,0.4722513574409479,0.4722513574409479,15.033290113034324,6.013290113034325,6.013290113034325
2026-09-11,2028-09,put,call,jaou8_7000c,70.0,0.0164197841389811,7.92,0.0,False,11,0.2575591376243919,0.4165026203486327,-0.1589434827242408,0.3159840961512692,8.617434337197533,0.6974343371975333,0.6974343371975333,14.247693329284564,6.327693329284564,6.327693329284564
2026-09-11,2028-09,put,call,jaou8_7110c,71.1,0.0320118788988171,7.43,0.0,False,11,0.2575591376243919,0.4165026203486327,-0.1589434827242408,0.3159840961512692,8.21550815135882,0.7855081513588207,0.7855081513588207,13.879141086028376,6.449141086028376,6.449141086028376
2026-09-11,2028-09,put,call,jaou8_7275c,72.75,0.054953448141224,6.74,0.0,False,11,0.2575591376243919,0.4165026203486327,-0.1589434827242408,0.3159840961512692,7.643113736609737,0.903113736609737,0.903113736609737,13.344350043579302,6.604350043579302,6.604350043579302
2026-09-11,2028-09,put,call,jaou8_7340c,73.4,0.0638484777100921,6.49,0.0,False,11,0.2575591376243919,0.4165026203486327,-0.1589434827242408,0.3159840961512692,7.427388367289348,0.9373883672893477,0.9373883672893477,13.13938324949138,6.649383249491379,6.649383249491379
2026-09-11,2028-09,put,call,jaou8_7450c,74.5,0.078723667475136,6.09,0.0,False,11,0.2575591376243919,0.4165026203486327,-0.1589434827242408,0.3159840961512692,7.074513861467488,0.9845138614674882,0.9845138614674882,12.799842494011234,6.709842494011234,6.709842494011234
2026-09-11,2028-09,put,call,jaou8_7500c,75.0,0.0854126556259326,5.91,0.0,False,11,0.2575591376243919,0.4165026203486327,-0.1589434827242408,0.3159840961512692,6.919082607145293,1.0090826071452925,1.0090826071452925,12.64859008722551,6.738590087225511,6.738590087225511
2026-09-11,2028-09,put,call,jaou8_7560c,75.6,0.0933808252751093,5.71,0.0,False,11,0.2575591376243919,0.4165026203486327,-0.1589434827242408,0.3159840961512692,6.736578264299099,1.0265782642990988,1.0265782642990988,12.46958334357534,6.759583343575341,6.759583343575341
2026-09-11,2028-09,put,call,jaou8_7670c,76.7,0.1078262504628326,5.36,0.0,False,11,0.2575591376243919,0.4165026203486327,-0.1589434827242408,0.3159840961512692,6.413118665775073,1.0531186657750728,1.0531186657750728,12.148298001961487,6.788298001961487,6.788298001961487
2026-09-11,2028-09,put,call,jaou8_7925c,79.25,0.140531954847012,4.65,0.0,False,11,0.2575591376243919,0.4165026203486327,-0.1589434827242408,0.3159840961512692,5.716386188621548,1.0663861886215473,1.0663861886215473,11.436301541864868,6.786301541864868,6.786301541864868
2026-09-11,2028-09,put,call,jaou8_8000c,80.0,0.1499511767635036,4.47,0.0,False,11,0.2575591376243919,0.4165026203486327,-0.1589434827242408,0.3159840961512692,5.5249552477065444,1.0549552477065447,1.0549552477065447,11.235149447309375,6.765149447309375,6.765149447309375
2026-09-14,2027-03,call,put,jaoh7_6800p,68.0,-0.1635672928163421,3.22,0.0,False,20,0.373596699305214,0.4164221067765169,-0.04282540747130292,0.00033311832823193597,3.0080189570186064,-0.21198104298139375,0.21198104298139375,3.723321145294151,0.5033211452941506,0.5033211452941506
2026-09-14,2027-03,call,put,jaoh7_6900p,69.0,-0.1489684933951894,3.5,0.0,False,20,0.373596699305214,0.4164221067765169,-0.04282540747130292,0.00033311832823193597,3.319967001153257,-0.18003299884674284,0.18003299884674284,4.063901799637894,0.5639017996378941,0.5639017996378941
2026-09-14,2027-03,call,put,jaoh7_7000p,70.0,-0.1345797559430898,3.8,0.0,False,20,0.373596699305214,0.4164221067765169,-0.04282540747130292,0.00033311832823193597,3.6516058503125812,-0.1483941496874186,0.1483941496874186,4.422809859004962,0.6228098590049624,0.6228098590049624
2026-09-14,2027-03,call,put,jaoh7_7100p,71.0,-0.1203951209511334,4.12,0.0,False,20,0.373596699305214,0.4164221067765169,-0.04282540747130292,0.00033311832823193597,4.003104218460161,-0.11689578153983948,0.11689578153983948,4.800234568139691,0.6802345681396913,0.6802345681396913
2026-09-14,2027-03,call,put,jaoh7_7150p,71.5,-0.1133775482924869,4.29,0.0,False,20,0.373596699305214,0.4164221067765169,-0.04282540747130292,0.00033311832823193597,4.186336779720946,-0.10366322027905372,0.10366322027905372,4.995697906200934,0.7056979062009336,0.7056979062009336
2026-09-14,2027-03,call,put,jaoh7_7250p,72.5,-0.0994884361318197,4.64,0.0,False,20,0.373596699305214,0.4164221067765169,-0.04282540747130292,0.00033311832823193597,4.567808176356201,-0.07219182364379861,0.07219182364379861,5.399955568585749,0.7599555685857498,0.7599555685857498
2026-09-14,2027-03,call,put,jaoh7_7300p,73.0,-0.0926155568440576,4.83,0.0,False,20,0.373596699305214,0.4164221067765169,-0.04282540747130292,0.00033311832823193597,4.766051925091854,-0.06394807490814625,0.06394807490814625,5.608633788483944,0.778633788483944,0.778633788483944
2026-09-14,2027-03,call,put,jaoh7_7400p,74.0,-0.079009904788279,5.21,0.0,False,20,0.373596699305214,0.4164221067765169,-0.04282540747130292,0.00033311832823193597,5.177541399500212,-0.03245860049978777,0.03245860049978777,6.039379840258962,0.8293798402589623,0.8293798402589623
2026-09-14,2027-03,call,put,jaoh7_7450p,74.5,-0.072275872606935,5.41,0.0,False,20,0.373596699305214,0.4164221067765169,-0.04282540747130292,0.00033311832823193597,5.39077123815962,-0.019228761840380137,0.019228761840380137,6.261412840511547,0.8514128405115464,0.8514128405115464
2026-09-14,2027-03,call,put,jaoh7_7500p,75.0,-0.0655868844561383,5.62,8.0,True,20,0.373596699305214,0.4164221067765169,-0.04282540747130292,0.00033311832823193597,5.608975061864142,-0.011024938135857809,0.011024938135857809,6.487970630308757,0.8679706303087569,0.8679706303087569
2026-09-14,2027-03,call,put,jaoh7_7690p,76.9,-0.0405691214808505,6.45,0.0,False,20,0.373596699305214,0.4164221067765169,-0.04282540747130292,0.00033311832823193597,6.483191924290182,0.033191924290181696,0.033191924290181696,7.388847286542829,0.9388472865428286,0.9388472865428286
2026-09-14,2027-03,put,call,jaoh7_7900c,79.0,-0.0136271455254272,8.59,0.0,False,11,0.3777739342393662,0.4164221067765169,-0.03864817253715069,0.006120557476899752,8.680026266081917,0.09002626608191733,0.09002626608191733,9.515465407707245,0.9254654077072448,0.9254654077072448
2026-09-14,2027-03,put,call,jaoh7_8000c,80.0,-0.0010483633185671,8.13,250.0,True,11,0.3777739342393662,0.4164221067765169,-0.03864817253715069,0.006120557476899752,8.231688942545215,0.10168894254521454,0.10168894254521454,9.072969064214904,0.9429690642149033,0.9429690642149033
2026-09-14,2027-03,put,call,jaoh7_8025c,80.25,0.0020717640176764,8.02,0.0,False,11,0.3777739342393662,0.4164221067765169,-0.03864817253715069,0.006120557476899752,8.122488439616056,0.10248843961605658,0.10248843961605658,8.9649317684257,0.9449317684257004,0.9449317684257004
2026-09-14,2027-03,put,call,jaoh7_8045c,80.45,0.0045608754459434,7.93,0.0,False,11,0.3777739342393662,0.4164221067765169,-0.03864817253715069,0.006120557476899752,8.035951209946202,0.10595120994620189,0.10595120994620189,8.879200148097265,0.9492001480972654,0.9492001480972654
2026-09-14,2027-03,put,call,jaoh7_8075c,80.75,0.0082829641103169,7.8,0.0,False,11,0.3777739342393662,0.4164221067765169,-0.03864817253715069,0.006120557476899752,7.907510716082806,0.10751071608280593,0.10751071608280593,8.751780752316973,0.9517807523169735,0.9517807523169735
2026-09-14,2027-03,put,call,jaoh7_8100c,81.0,0.0113741566799898,7.7,0.0,False,11,0.3777739342393662,0.4164221067765169,-0.03864817253715069,0.006120557476899752,7.801722363713357,0.10172236371335686,0.10172236371335686,8.646707878846275,0.9467078788462748,0.9467078788462748
2026-09-14,2027-03,put,call,jaoh7_8102c,81.02,0.0116210397820956,7.69,0.0,False,11,0.3777739342393662,0.4164221067765169,-0.03864817253715069,0.006120557476899752,7.7933080182469965,0.10330801824699609,0.10330801824699609,8.638346455779626,0.9483464557796255,0.9483464557796255
2026-09-14,2027-03,put,call,jaoh7_8125c,81.25,0.0144558232173979,7.59,0.0,False,11,0.3777739342393662,0.4164221067765169,-0.03864817253715069,0.006120557476899752,7.697060076609437,0.10706007660943673,0.10706007660943673,8.542664131137816,0.9526641311378157,0.9526641311378157
2026-09-14,2027-03,put,call,jaoh7_8150c,81.5,0.0175280222543681,7.49,0.0,False,11,0.3777739342393662,0.4164221067765169,-0.03864817253715069,0.006120557476899752,7.593518014097195,0.10351801409719474,0.10351801409719474,8.439677033887445,0.9496770338874452,0.9496770338874452
2026-09-14,2027-03,put,call,jaoh7_8185c,81.85,0.0218133058246949,7.34,0.0,False,11,0.3777739342393662,0.4164221067765169,-0.03864817253715069,0.006120557476899752,7.450429765972575,0.11042976597257503,0.11042976597257503,8.29700805202907,0.9570080520290709,0.9570080520290709
2026-09-14,2027-03,put,call,jaoh7_8342c,83.42,0.0408130907763503,6.73,0.0,False,11,0.3777739342393662,0.4164221067765169,-0.03864817253715069,0.006120557476899752,6.834996627202236,0.10499662720223579,0.10499662720223579,7.680345027885554,0.9503450278855539,0.9503450278855539
2026-09-14,2027-03,put,call,jaoh7_8430c,84.3,0.0513068670153608,6.41,0.0,False,11,0.3777739342393662,0.4164221067765169,-0.03864817253715069,0.006120557476899752,6.508520956984077,0.09852095698407659,0.09852095698407659,7.351404948734851,0.941404948734851,0.941404948734851
2026-09-14,2027-03,put,call,jaoh7_8455c,84.55,0.0542680773521404,6.33,0.0,False,11,0.3777739342393662,0.4164221067765169,-0.03864817253715069,0.006120557476899752,6.418139144780613,0.08813914478061324,0.08813914478061324,7.260048642763825,0.9300486427638246,0.9300486427638246
2026-09-14,2027-03,put,call,jaoh7_8500c,85.0,0.0595762584978675,6.17,0.0,False,11,0.3777739342393662,0.4164221067765169,-0.03864817253715069,0.006120557476899752,6.25805436650216,0.08805436650215981,0.08805436650215981,7.098129079584578,0.9281290795845782,0.9281290795845782
2026-09-14,2027-03,put,call,jaoh7_8525c,85.25,0.0625131181711773,6.09,0.0,False,11,0.3777739342393662,0.4164221067765169,-0.03864817253715069,0.006120557476899752,6.170551711977882,0.0805517119778818,0.0805517119778818,7.009601974726055,0.9196019747260555,0.9196019747260555
2026-09-14,2027-03,put,call,jaoh7_8575c,85.75,0.0683610880536005,5.92,0.0,False,11,0.3777739342393662,0.4164221067765169,-0.03864817253715069,0.006120557476899752,5.998583619319155,0.07858361931915514,0.07858361931915514,6.835294546023586,0.9152945460235857,0.9152945460235857
2026-09-14,2027-03,put,call,jaoh7_8635c,86.35,0.0753338066002387,5.73,0.0,False,11,0.3777739342393662,0.4164221067765169,-0.03864817253715069,0.006120557476899752,5.797498759441486,0.06749875944148531,0.06749875944148531,6.630817152688199,0.900817152688199,0.900817152688199
2026-09-14,2027-03,put,call,jaoh7_8675c,86.75,0.0799554208345196,5.61,0.0,False,11,0.3777739342393662,0.4164221067765169,-0.03864817253715069,0.006120557476899752,5.666593509275874,0.056593509275873366,0.056593509275873366,6.497214044447508,0.8872140444475081,0.8872140444475081
2026-09-14,2027-03,put,call,jaoh7_8700c,87.0,0.0828331206621348,5.53,0.0,False,11,0.3777739342393662,0.4164221067765169,-0.03864817253715069,0.006120557476899752,5.586041953623799,0.056041953623799046,0.056041953623799046,6.414884528358526,0.8848845283585254,0.8848845283585254
2026-09-14,2027-03,put,call,jaoh7_8705c,87.05,0.0834076682217492,5.52,0.0,False,11,0.3777739342393662,0.4164221067765169,-0.03864817253715069,0.006120557476899752,5.570047507392367,0.05004750739236741,0.05004750739236741,6.398529923618236,0.8785299236182365,0.8785299236182365
2026-09-14,2027-09,call,put,jaou7_5800p,58.0,-0.2306326790380582,3.08,0.0,False,20,0.30209325728481407,0.4164221067765169,-0.11432884949170286,0.023543113778202934,2.3628485389832115,-0.7171514610167886,0.7171514610167886,4.574790197608994,1.4947901976089941,1.4947901976089941
2026-09-14,2027-09,call,put,jaou7_5900p,59.0,-0.2135382456787581,3.32,0.0,False,20,0.30209325728481407,0.4164221067765169,-0.11432884949170286,0.023543113778202934,2.6285218688161205,-0.6914781311838794,0.6914781311838794,4.927362855732266,1.6073628557322661,1.6073628557322661
2026-09-14,2027-09,call,put,jaou7_6000p,60.0,-0.1967311273623769,3.57,0.0,False,20,0.30209325728481407,0.4164221067765169,-0.11432884949170286,0.023543113778202934,2.912562494783298,-0.6574375052167016,0.6574375052167016,5.294770826638756,1.7247708266387565,1.7247708266387565
2026-09-14,2027-09,call,put,jaou7_6200p,62.0,-0.163941304539386,4.11,0.0,False,20,0.30209325728481407,0.4164221067765169,-0.11432884949170286,0.023543113778202934,3.5366458932696645,-0.5733541067303358,0.5733541067303358,6.073389490047769,1.9633894900477689,1.9633894900477689
2026-09-14,2027-09,call,put,jaou7_6420p,64.2,-0.1290724788885621,4.77,0.0,False,20,0.30209325728481407,0.4164221067765169,-0.11432884949170286,0.023543113778202934,4.310469855920481,-0.459530144079519,0.459530144079519,6.999333053010154,2.229333053010154,2.229333053010154
2026-09-14,2027-09,call,put,jaou7_6500p,65.0,-0.1166884196888404,5.03,0.0,False,20,0.30209325728481407,0.4164221067765169,-0.11432884949170286,0.023543113778202934,4.614650133212062,-0.4153498667879383,0.4153498667879383,7.354030463711009,2.3240304637110087,2.3240304637110087
2026-09-14,2027-09,call,put,jaou7_6750p,67.5,-0.0789480917059935,5.92,0.0,False,20,0.30209325728481407,0.4164221067765169,-0.11432884949170286,0.023543113778202934,5.643221676793749,-0.2767783232062513,0.2767783232062513,8.52013675298684,2.60013675298684,2.60013675298684
2026-09-14,2027-09,call,put,jaou7_6800p,68.0,-0.0715679844083709,6.11,0.0,False,20,0.30209325728481407,0.4164221067765169,-0.11432884949170286,0.023543113778202934,5.863009889474548,-0.24699011052545217,0.24699011052545217,8.763966111387235,2.653966111387235,2.653966111387235
2026-09-14,2027-09,call,put,jaou7_6900p,69.0,-0.0569691849872182,6.51,0.0,False,20,0.30209325728481407,0.4164221067765169,-0.11432884949170286,0.023543113778202934,6.316492870488272,-0.19350712951172788,0.19350712951172788,9.261729820737896,2.7517298207378964,2.7517298207378964
2026-09-14,2027-09,call,put,jaou7_7000p,70.0,-0.0425804475351186,6.92,0.0,False,20,0.30209325728481407,0.4164221067765169,-0.11432884949170286,0.023543113778202934,6.7883368888514575,-0.13166311114854246,0.13166311114854246,9.77260567832088,2.852605678320881,2.852605678320881
2026-09-14,2027-09,call,put,jaou7_7400p,74.0,0.0129894036196921,8.79,0.0,False,20,0.30209325728481407,0.4164221067765169,-0.11432884949170286,0.023543113778202934,8.853867627241312,0.06386762724131323,0.06386762724131323,11.950342072918328,3.160342072918329,3.160342072918329
2026-09-14,2027-09,call,put,jaou7_7450p,74.5,0.0197234358010361,9.05,0.0,False,20,0.30209325728481407,0.4164221067765169,-0.11432884949170286,0.023543113778202934,9.131439222271347,0.08143922227134581,0.08143922227134581,12.23684726216267,3.1868472621626687,3.1868472621626687
2026-09-14,2027-09,call,put,jaou7_7500p,75.0,0.0264124239518328,9.31,0.0,False,20,0.30209325728481407,0.4164221067765169,-0.11432884949170286,0.023543113778202934,9.413167975483185,0.1031679754831849,0.1031679754831849,12.526184745827194,3.216184745827194,3.216184745827194
2026-09-14,2027-09,put,call,jaou7_6820c,68.2,-0.0686311247350611,10.81,0.0,False,13,0.3135799187610876,0.4164221067765169,-0.10284218801542933,0.10319539455152131,10.87702605684721,0.06702605684720986,0.06702605684720986,13.421860159742309,2.6118601597423083,2.6118601597423083
2026-09-14,2027-09,put,call,jaou7_6825c,68.25,-0.0678982555194084,10.79,0.0,False,13,0.3135799187610876,0.4164221067765169,-0.10284218801542933,0.10319539455152131,10.851947080373453,0.061947080373453645,0.061947080373453645,13.398800999086154,2.6088009990861547,2.6088009990861547
2026-09-14,2027-09,put,call,jaou7_6860c,68.6,-0.0627831548526381,10.59,0.0,False,13,0.3135799187610876,0.4164221067765169,-0.10284218801542933,0.10319539455152131,10.677643349601512,0.0876433496015121,0.0876433496015121,13.238317857413652,2.6483178574136517,2.6483178574136517
2026-09-14,2027-09,put,call,jaou7_6900c,69.0,-0.0569691849872182,10.37,0.0,False,13,0.3135799187610876,0.4164221067765169,-0.10284218801542933,0.10319539455152131,10.481106984195321,0.11110698419532206,0.11110698419532206,13.056877910702609,2.6868779107026093,2.6868779107026093
2026-09-14,2027-09,put,call,jaou7_6905c,69.05,-0.0562448097291765,10.34,0.0,False,13,0.3135799187610876,0.4164221067765169,-0.10284218801542933,0.10319539455152131,10.4567393534233,0.11673935342330033,0.11673935342330033,13.03434403821934,2.6943440382193398,2.6943440382193398
2026-09-14,2027-09,put,call,jaou7_6930c,69.3,-0.0526307833886201,10.21,0.0,False,13,0.3135799187610876,0.4164221067765169,-0.10284218801542933,0.10319539455152131,10.335563866111078,0.12556386611107762,0.12556386611107762,12.922166168150332,2.712166168150331,2.712166168150331
2026-09-14,2027-09,put,call,jaou7_7000c,70.0,-0.0425804475351186,9.83,0.0,False,13,0.3135799187610876,0.4164221067765169,-0.10284218801542933,0.10319539455152131,10.00212097327972,0.17212097327971954,0.17212097327971954,12.612435128460232,2.782435128460232,2.782435128460232
2026-09-14,2027-09,put,call,jaou7_7110c,71.1,-0.0269883527752824,9.26,0.0,False,13,0.3135799187610876,0.4164221067765169,-0.10284218801542933,0.10319539455152131,9.495376387725306,0.23537638772530656,0.23537638772530656,12.139252971159724,2.8792529711597243,2.8792529711597243
2026-09-14,2027-09,put,call,jaou7_7200c,72.0,-0.0144095705684222,8.81,0.0,False,13,0.3135799187610876,0.4164221067765169,-0.10284218801542933,0.10319539455152131,9.096209379768853,0.2862093797688523,0.2862093797688523,11.76432953773832,2.954329537738319,2.954329537738319
2026-09-14,2027-09,put,call,jaou7_7335c,73.35,0.0041668150045129,8.17,0.0,False,13,0.3135799187610876,0.4164221067765169,-0.10284218801542933,0.10319539455152131,8.52299665674521,0.3529966567452103,0.3529966567452103,11.221884105344149,3.051884105344149,3.051884105344149
2026-09-14,2027-09,put,call,jaou7_7400c,74.0,0.0129894036196921,7.88,0.0,False,13,0.3135799187610876,0.4164221067765169,-0.10284218801542933,0.10319539455152131,8.257727749814903,0.37772774981490276,0.37772774981490276,10.968896963756226,3.088896963756226,3.088896963756226
2026-09-14,2027-09,put,call,jaou7_7450c,74.5,0.0197234358010361,7.65,0.0,False,13,0.3135799187610876,0.4164221067765169,-0.10284218801542933,0.10319539455152131,8.058334137576622,0.40833413757662207,0.40833413757662207,10.777742833087888,3.127742833087888,3.127742833087888
2026-09-14,2027-09,put,call,jaou7_7500c,75.0,0.0264124239518328,7.44,0.0,False,13,0.3135799187610876,0.4164221067765169,-0.10284218801542933,0.10319539455152131,7.862942532941626,0.42294253294162587,0.42294253294162587,10.58942099683973,3.149420996839729,3.149420996839729
2026-09-14,2027-09,put,call,jaou7_7542c,75.42,0.0319968022457334,7.26,0.0,False,13,0.3135799187610876,0.4164221067765169,-0.10284218801542933,0.10319539455152131,7.701872543106391,0.441872543106391,0.441872543106391,10.433557781879191,3.1735577818791914,3.1735577818791914
2026-09-14,2027-09,put,call,jaou7_7550c,75.5,0.0330569666705013,7.23,0.0,False,13,0.3135799187610876,0.4164221067765169,-0.10284218801542933,0.10319539455152131,7.671506705326027,0.4415067053260264,0.4415067053260264,10.404113691144811,3.174113691144811,3.174113691144811
2026-09-14,2027-09,put,call,jaou7_7600c,76.0,0.0396576507018535,7.02,0.0,False,13,0.3135799187610876,0.4164221067765169,-0.10284218801542933,0.10319539455152131,7.483979480744072,0.46397948074407225,0.46397948074407225,10.221646531753676,3.201646531753676,3.201646531753676
2026-09-14,2027-09,put,call,jaou7_7610c,76.1,0.0409725752831625,6.98,0.0,False,13,0.3135799187610876,0.4164221067765169,-0.10284218801542933,0.10319539455152131,7.446938855063733,0.46693885506373256,0.46693885506373256,10.185491237267923,3.205491237267923,3.205491237267923
2026-09-14,2027-09,put,call,jaou7_7705c,77.05,0.0533788721816471,6.61,0.0,False,13,0.3135799187610876,0.4164221067765169,-0.10284218801542933,0.10319539455152131,7.102680141684247,0.49268014168424656,0.49268014168424656,9.84790619083012,3.2379061908301194,3.2379061908301194
2026-09-14,2027-09,put,call,jaou7_7710c,77.1,0.0540275909848062,6.59,0.0,False,13,0.3135799187610876,0.4164221067765169,-0.10284218801542933,0.10319539455152131,7.0849399649120555,0.4949399649120556,0.4949399649120556,9.830421054953408,3.2404210549534085,3.2404210549534085
2026-09-14,2027-09,put,call,jaou7_7725c,77.25,0.0559712261933771,6.53,0.0,False,13,0.3135799187610876,0.4164221067765169,-0.10284218801542933,0.10319539455152131,7.03194436931736,0.5019443693173598,0.5019443693173598,9.778126132368106,3.248126132368106,3.248126132368106
2026-09-14,2028-03,call,put,jaoh8_5740p,57.4,-0.2061232941421932,3.78,0.0,False,19,0.26409264541337446,0.4164221067765169,-0.15232946136314246,0.11284810865126402,3.0018884634462264,-0.7781115365537734,0.7781115365537734,6.793719733841364,3.013719733841364,3.013719733841364
2026-09-14,2028-03,call,put,jaoh8_5900p,59.0,-0.1786301535619945,4.22,0.0,False,19,0.26409264541337446,0.4164221067765169,-0.15232946136314246,0.11284810865126402,3.4967127711341774,-0.7232872288658223,0.7232872288658223,7.466852328442967,3.2468523284429676,3.2468523284429676
2026-09-14,2028-03,call,put,jaoh8_6000p,60.0,-0.1618230352456131,4.51,0.0,False,19,0.26409264541337446,0.4164221067765169,-0.15232946136314246,0.11284810865126402,3.8294930036459025,-0.6805069963540973,0.6805069963540973,7.90357873070041,3.39357873070041,3.39357873070041
2026-09-14,2028-03,call,put,jaoh8_6165p,61.65,-0.1346943678573605,5.02,0.0,False,19,0.26409264541337446,0.4164221067765169,-0.15232946136314246,0.11284810865126402,4.418256606272928,-0.6017433937270713,0.6017433937270713,8.65016294125027,3.630162941250271,3.630162941250271
2026-09-14,2028-03,call,put,jaoh8_6200p,62.0,-0.1290332124226224,5.13,0.0,False,19,0.26409264541337446,0.4164221067765169,-0.15232946136314246,0.11284810865126402,4.549492783908739,-0.5805072160912612,0.5805072160912612,8.812651041598205,3.6826510415982048,3.6826510415982048
2026-09-14,2028-03,call,put,jaoh8_6250p,62.5,-0.121001040725358,5.29,0.0,False,19,0.26409264541337446,0.4164221067765169,-0.15232946136314246,0.11284810865126402,4.740816878979878,-0.5491831210201221,0.5491831210201221,9.047235800039005,3.7572358000390045,3.7572358000390045
2026-09-14,2028-03,call,put,jaoh8_6500p,65.0,-0.0817803275720768,6.17,0.0,False,19,0.26409264541337446,0.4164221067765169,-0.15232946136314246,0.11284810865126402,5.764815869899379,-0.40518413010062115,0.40518413010062115,10.262809769806903,4.0928097698069035,4.0928097698069035
2026-09-14,2028-03,call,put,jaoh8_6600p,66.0,-0.0665128554412884,6.54,0.0,False,19,0.26409264541337446,0.4164221067765169,-0.15232946136314246,0.11284810865126402,6.205504910366141,-0.334495089633859,0.334495089633859,10.768705881062498,4.228705881062498,4.228705881062498
2026-09-14,2028-03,call,put,jaoh8_6750p,67.5,-0.0440399995892297,7.13,0.0,False,19,0.26409264541337446,0.4164221067765169,-0.15232946136314246,0.11284810865126402,6.899218469127829,-0.23078153087217057,0.23078153087217057,11.547674248335882,4.417674248335882,4.417674248335882
2026-09-14,2028-03,call,put,jaoh8_7000p,70.0,-0.0076723554183549,8.18,0.0,False,19,0.26409264541337446,0.4164221067765169,-0.15232946136314246,0.11284810865126402,8.140380221885222,-0.039619778114778015,0.039619778114778015,12.898849042454064,4.718849042454064,4.718849042454064
2026-09-14,2028-03,call,put,jaoh8_7450p,74.5,0.0546315279178,10.37,0.0,False,19,0.26409264541337446,0.4164221067765169,-0.15232946136314246,0.11284810865126402,10.627885429890895,0.25788542989089613,0.25788542989089613,15.490889058783226,5.120889058783227,5.120889058783227
2026-09-14,2028-03,put,call,jaoh8_6151c,61.51,-0.136967834247437,13.41,0.0,False,11,0.27811464947425224,0.4164221067765169,-0.13830745730226468,0.11474300237379255,13.16616386593329,-0.24383613406670968,0.24383613406670968,16.996398019837798,3.586398019837798,3.586398019837798
2026-09-14,2028-03,put,call,jaoh8_6200c,62.0,-0.1290332124226224,13.11,0.0,False,11,0.27811464947425224,0.4164221067765169,-0.13830745730226468,0.11474300237379255,12.897527646949042,-0.21247235305095735,0.21247235305095735,16.766532473426096,3.656532473426097,3.656532473426097
2026-09-14,2028-03,put,call,jaoh8_6420c,64.2,-0.0941643867717984,11.8,0.0,False,11,0.27811464947425224,0.4164221067765169,-0.13830745730226468,0.11474300237379255,11.742359913086526,-0.057640086913474775,0.057640086913474775,15.768505415433353,3.968505415433352,3.968505415433352
2026-09-14,2028-03,put,call,jaoh8_6500c,65.0,-0.0817803275720768,11.34,0.0,False,11,0.27811464947425224,0.4164221067765169,-0.13830745730226468,0.11474300237379255,11.342757909774454,0.0027579097744538927,0.0027579097744538927,15.419039624872196,4.0790396248721965,4.0790396248721965
2026-09-14,2028-03,put,call,jaoh8_6600c,66.0,-0.0665128554412884,10.78,0.0,False,11,0.27811464947425224,0.4164221067765169,-0.13830745730226468,0.11474300237379255,10.858380006978848,0.07838000697884873,0.07838000697884873,14.992385210540254,4.212385210540255,4.212385210540255
2026-09-14,2028-03,put,call,jaoh8_6775c,67.75,-0.0403431377079035,9.83,0.0,False,11,0.27811464947425224,0.4164221067765169,-0.13830745730226468,0.11474300237379255,10.05051628263588,0.22051628263587908,0.22051628263587908,14.271560749697745,4.441560749697745,4.441560749697745
2026-09-14,2028-03,put,call,jaoh8_6875c,68.75,-0.0256908609210332,9.31,0.0,False,11,0.27811464947425224,0.4164221067765169,-0.13830745730226468,0.11474300237379255,9.61118545938756,0.30118545938755936,0.30118545938755936,13.874247494640178,4.564247494640178,4.564247494640178
2026-09-14,2028-03,put,call,jaoh8_6890c,68.9,-0.0235114194481009,9.24,0.0,False,11,0.27811464947425224,0.4164221067765169,-0.13830745730226468,0.11474300237379255,9.54666198596351,0.30666198596351,0.30666198596351,13.815544240799635,4.575544240799635,4.575544240799635
2026-09-14,2028-03,put,call,jaoh8_7000c,70.0,-0.0076723554183549,8.69,0.0,False,11,0.27811464947425224,0.4164221067765169,-0.13830745730226468,0.11474300237379255,9.08430620676657,0.39430620676657036,0.39430620676657036,13.39232626958168,4.702326269581681,4.702326269581681
2026-09-14,2028-03,put,call,jaoh8_7110c,71.1,0.0079197393414811,8.16,0.0,False,11,0.27811464947425224,0.4164221067765169,-0.13830745730226468,0.11474300237379255,8.640691713665573,0.48069171366557306,0.48069171366557306,12.981875348783197,4.8218753487831965,4.8218753487831965
2026-09-14,2028-03,put,call,jaoh8_7275c,72.75,0.0308613085838879,7.41,0.0,False,11,0.27811464947425224,0.4164221067765169,-0.13830745730226468,0.11474300237379255,8.009456319287295,0.5994563192872953,0.5994563192872953,12.388474333314305,4.9784743333143044,4.9784743333143044
2026-09-14,2028-03,put,call,jaoh8_7340c,73.4,0.039756338152756,7.12,0.0,False,11,0.27811464947425224,0.4164221067765169,-0.13830745730226468,0.11474300237379255,7.7717609581532585,0.6517609581532584,0.6517609581532584,12.162020109608054,5.042020109608054,5.042020109608054
2026-09-14,2028-03,put,call,jaoh8_7450c,74.5,0.0546315279178,6.67,0.0,False,11,0.27811464947425224,0.4164221067765169,-0.13830745730226468,0.11474300237379255,7.383248703903265,0.7132487039032647,0.7132487039032647,11.78788892076694,5.117888920766941,5.117888920766941
2026-09-14,2028-03,put,call,jaoh8_7475c,74.75,0.0579816148030818,6.57,0.0,False,11,0.27811464947425224,0.4164221067765169,-0.13830745730226468,0.11474300237379255,7.2973187189026705,0.7273187189026702,0.7273187189026702,11.704429779305777,5.134429779305776,5.134429779305776
2026-09-14,2028-03,put,call,jaoh8_7500c,75.0,0.0613205160685965,6.47,0.0,False,11,0.27811464947425224,0.4164221067765169,-0.13830745730226468,0.11474300237379255,7.21225358274727,0.7422535827472698,0.7422535827472698,11.62150144182774,5.151501441827739,5.151501441827739
2026-09-14,2028-03,put,call,jaoh8_7550c,75.5,0.067965058787265,6.28,0.0,False,11,0.27811464947425224,0.4164221067765169,-0.13830745730226468,0.11474300237379255,7.044694603636466,0.7646946036364657,0.7646946036364657,11.457237388526792,5.177237388526792,5.177237388526792
2026-09-14,2028-03,put,call,jaoh8_7670c,76.7,0.0837341109054966,5.85,0.0,False,11,0.27811464947425224,0.4164221067765169,-0.13830745730226468,0.11474300237379255,6.656292156774982,0.8062921567749823,0.8062921567749823,11.071982867250089,5.221982867250089,5.221982867250089
2026-09-14,2028-03,put,call,jaoh8_7700c,77.0,0.0876378243859699,5.74,0.0,False,11,0.27811464947425224,0.4164221067765169,-0.13830745730226468,0.11474300237379255,6.562165549997315,0.8221655499973144,0.8221655499973144,10.977680279178196,5.237680279178196,5.237680279178196
2026-09-14,2028-03,put,call,jaoh8_7775c,77.75,0.0973309535916295,5.5,0.0,False,11,0.27811464947425224,0.4164221067765169,-0.13830745730226468,0.11474300237379255,6.3319411768715215,0.8319411768715215,0.8319411768715215,10.745306916011476,5.245306916011476,5.245306916011476
2026-09-14,2028-09,call,put,jaou8_5000p,50.0,-0.3199072197465181,2.81,0.0,False,16,0.23521058807915585,0.4164221067765169,-0.18121151869736107,0.14106415765038888,1.5680045213435463,-1.2419954786564538,1.2419954786564538,5.677263754469394,2.8672637544693935,2.8672637544693935
2026-09-14,2028-09,call,put,jaou8_5500p,55.0,-0.2245970399421932,3.92,0.0,False,16,0.23521058807915585,0.4164221067765169,-0.18121151869736107,0.14106415765038888,2.7412389387258234,-1.1787610612741766,1.1787610612741766,7.6507425807325875,3.7307425807325876,3.7307425807325876
2026-09-14,2028-09,call,put,jaou8_5700p,57.0,-0.1888789573401141,4.43,0.0,False,16,0.23521058807915585,0.4164221067765169,-0.18121151869736107,0.14106415765038888,3.3308063038887354,-1.0991936961112643,1.0991936961112643,8.518967063521647,4.088967063521647,4.088967063521647
2026-09-14,2028-09,call,put,jaou8_5740p,57.4,-0.1818859218491435,4.54,0.0,False,16,0.23521058807915585,0.4164221067765169,-0.18121151869736107,0.14106415765038888,3.457179465977525,-1.082820534022475,1.082820534022475,8.697773002893785,4.1577730028937845,4.1577730028937845
2026-09-14,2028-09,call,put,jaou8_6165p,61.65,-0.1104569955643108,5.77,0.0,False,16,0.23521058807915585,0.4164221067765169,-0.18121151869736107,0.14106415765038888,4.974696257002749,-0.7953037429972509,0.7953037429972509,10.699306985073912,4.929306985073913,4.929306985073913
2026-09-14,2028-09,call,put,jaou8_6200p,62.0,-0.1047958401295726,5.88,0.0,False,16,0.23521058807915585,0.4164221067765169,-0.18121151869736107,0.14106415765038888,5.113839763555578,-0.7661602364444215,0.7661602364444215,10.872165543415154,4.992165543415154,4.992165543415154
2026-09-14,2028-09,call,put,jaou8_6250p,62.5,-0.0967636684323084,6.04,0.0,False,16,0.23521058807915585,0.4164221067765169,-0.18121151869736107,0.14106415765038888,5.316317377668603,-0.7236826223313972,0.7236826223313972,11.121174354164449,5.081174354164449,5.081174354164449
2026-09-14,2028-09,call,put,jaou8_6500p,65.0,-0.057542955279027,6.88,0.0,False,16,0.23521058807915585,0.4164221067765169,-0.18121151869736107,0.14106415765038888,6.393256624066954,-0.4867433759330462,0.4867433759330462,12.402358668358875,5.5223586683588755,5.5223586683588755
2026-09-14,2028-09,call,put,jaou8_6750p,67.5,-0.01980262729618,7.8,0.0,False,16,0.23521058807915585,0.4164221067765169,-0.18121151869736107,0.14106415765038888,7.575152743010122,-0.22484725698987784,0.22484725698987784,13.743766117637724,5.9437661176377246,5.9437661176377246
2026-09-14,2028-09,call,put,jaou8_7000p,70.0,0.0165650168746948,8.86,0.0,False,16,0.23521058807915585,0.4164221067765169,-0.18121151869736107,0.14106415765038888,8.85756995905094,-0.002430040949059631,0.002430040949059631,15.141177350822009,6.281177350822009,6.281177350822009
2026-09-14,2028-09,call,put,jaou8_7450p,74.5,0.0788689002108496,11.14,0.0,False,16,0.23521058807915585,0.4164221067765169,-0.18121151869736107,0.14106415765038888,11.402044388749754,0.26204438874975367,0.26204438874975367,17.785028191293655,6.645028191293655,6.645028191293655
2026-09-14,2028-09,put,call,jaou8_6151c,61.51,-0.1127304619543872,12.44,0.0,False,11,0.2548772883597957,0.4164221067765169,-0.16154481841672125,0.3179615950466268,12.206404184576895,-0.23359581542310437,0.23359581542310437,17.418775331137386,4.978775331137387,4.978775331137387
2026-09-14,2028-09,put,call,jaou8_6500c,65.0,-0.057542955279027,10.39,0.0,False,11,0.2548772883597957,0.4164221067765169,-0.16154481841672125,0.3179615950466268,10.548820810205445,0.15882081020544447,0.15882081020544447,16.017061486600355,5.627061486600354,5.627061486600354
2026-09-14,2028-09,put,call,jaou8_6570c,65.7,-0.0468312996840993,10.0,0.0,False,11,0.2548772883597957,0.4164221067765169,-0.16154481841672125,0.3179615950466268,10.23941310105178,0.23941310105177926,0.23941310105177926,15.750158195565923,5.750158195565923,5.750158195565923
2026-09-14,2028-09,put,call,jaou8_6600c,66.0,-0.0422754831482386,9.84,0.0,False,11,0.2548772883597957,0.4164221067765169,-0.16154481841672125,0.3179615950466268,10.10911408920619,0.26911408920619095,0.26911408920619095,15.637227952371028,5.797227952371028,5.797227952371028
2026-09-14,2028-09,put,call,jaou8_6650c,66.5,-0.0347282775128557,9.57,0.0,False,11,0.2548772883597957,0.4164221067765169,-0.16154481841672125,0.3179615950466268,9.894994723101249,0.32499472310124844,0.32499472310124844,15.450888669385089,5.880888669385088,5.880888669385088
2026-09-14,2028-09,put,call,jaou8_6775c,67.75,-0.0161057654148539,8.91,0.0,False,11,0.2548772883597957,0.4164221067765169,-0.16154481841672125,0.3179615950466268,9.376143314230145,0.46614331423014477,0.46614331423014477,14.995104540763371,6.085104540763371,6.085104540763371
2026-09-14,2028-09,put,call,jaou8_7000c,70.0,0.0165650168746948,7.81,0.0,False,11,0.2548772883597957,0.4164221067765169,-0.16154481841672125,0.3179615950466268,8.49986493616075,0.6898649361607498,0.6898649361607498,14.2092093952336,6.3992093952336,6.3992093952336
2026-09-14,2028-09,put,call,jaou8_7110c,71.1,0.032157111634531,7.31,0.0,False,11,0.2548772883597957,0.4164221067765169,-0.16154481841672125,0.3179615950466268,8.097556013363429,0.787556013363429,0.787556013363429,13.84055079884958,6.530550798849581,6.530550798849581
2026-09-14,2028-09,put,call,jaou8_7275c,72.75,0.0550986808769377,6.63,0.0,False,11,0.2548772883597957,0.4164221067765169,-0.16154481841672125,0.3179615950466268,7.524976264439935,0.8949762644399355,0.8949762644399355,13.305640157110872,6.675640157110872,6.675640157110872
2026-09-14,2028-09,put,call,jaou8_7340c,73.4,0.0639937104458057,6.38,0.0,False,11,0.2548772883597957,0.4164221067765169,-0.16154481841672125,0.3179615950466268,7.3093009313699895,0.9293009313699896,0.9293009313699896,13.10064186680574,6.72064186680574,6.72064186680574
2026-09-14,2028-09,put,call,jaou8_7450c,74.5,0.0788689002108496,5.98,0.0,False,11,0.2548772883597957,0.4164221067765169,-0.16154481841672125,0.3179615950466268,6.956662523247809,0.9766625232478088,0.9766625232478088,12.761056539258348,6.781056539258348,6.781056539258348
2026-09-14,2028-09,put,call,jaou8_7500c,75.0,0.0855578883616461,5.8,0.0,False,11,0.2548772883597957,0.4164221067765169,-0.16154481841672125,0.3179615950466268,6.8013994818874295,1.0013994818874297,1.0013994818874297,12.60979285103421,6.809792851034211,6.809792851034211
2026-09-14,2028-09,put,call,jaou8_7560c,75.6,0.0935260580108231,5.6,0.0,False,11,0.2548772883597957,0.4164221067765169,-0.16154481841672125,0.3179615950466268,6.619145544720652,1.0191455447206526,1.0191455447206526,12.430781029298895,6.830781029298896,6.830781029298896
2026-09-14,2028-09,put,call,jaou8_7670c,76.7,0.1079714831985463,5.26,0.0,False,11,0.2548772883597957,0.4164221067765169,-0.16154481841672125,0.3179615950466268,6.296277663976293,1.0362776639762936,1.0362776639762936,12.109490980167983,6.8494909801679835,6.8494909801679835
2026-09-14,2028-09,put,call,jaou8_7925c,79.25,0.1406771875827258,4.55,0.0,False,11,0.2548772883597957,0.4164221067765169,-0.16154481841672125,0.3179615950466268,5.601528523007755,1.0515285230077556,1.0515285230077556,11.397573870276505,6.847573870276505,6.847573870276505
2026-09-14,2028-09,put,call,jaou8_8000c,80.0,0.1500964094992174,4.36,0.0,False,11,0.2548772883597957,0.4164221067765169,-0.16154481841672125,0.3179615950466268,5.4108299581569055,1.0508299581569052,1.0508299581569052,11.196460210872075,6.836460210872075,6.836460210872075
