valuation_date,apo_expiry,contract_id,option_type,strike,market_settlement,sigma_posterior_mean,sigma_posterior_sd,sigma_rms,sigma_rms_minus_mean,posterior_mean_price,posterior_rms_price,rms_minus_mean_price,posterior_mean_error,posterior_rms_error,baseline_pi_price,baseline_pi_error
2026-08-24,2028-03,jaoh8_5740p,put,57.4,3.55,0.4158820804801681,0.0113398822042856,0.41603665438626936,0.00015457390610124078,7.067384727652417,7.071467545018216,0.004082817365798519,3.5173847276524173,3.521467545018216,7.076233405377014,3.526233405377014
2026-08-24,2028-03,jaoh8_5900p,put,59.0,3.98,0.4158820804801681,0.0113398822042856,0.41603665438626936,0.00015457390610124078,7.753051587958389,7.757271774633644,0.004220186675254922,3.773051587958389,3.7772717746336437,7.762693335784839,3.782693335784839
2026-08-24,2028-03,jaoh8_6000p,put,60.0,4.27,0.4158820804801681,0.0113398822042856,0.41603665438626936,0.00015457390610124078,8.197487060700828,8.201787504434284,0.00430044373345595,3.9274870607008285,3.9317875044342845,8.207458236213915,3.937458236213915
2026-08-24,2028-03,jaoh8_6151c,call,61.51,12.94,0.4158820804801681,0.0113398822042856,0.41603665438626936,0.00015457390610124078,17.070738705409735,17.075152096876085,0.004413391466350447,4.130738705409735,4.1351520968760855,17.07084141187732,4.130841411877322
2026-08-24,2028-03,jaoh8_6165p,put,61.65,4.79,0.4158820804801681,0.0113398822042856,0.41603665438626936,0.00015457390610124078,8.956980999166442,8.961404358990764,0.004423359824322404,4.166980999166442,4.171404358990764,8.96706478173194,4.17706478173194
2026-08-24,2028-03,jaoh8_6200c,call,62.0,12.64,0.4158820804801681,0.0113398822042856,0.41603665438626936,0.00015457390610124078,16.843246135686687,16.847694042371955,0.004447906685268066,4.203246135686687,4.207694042371955,16.843277190580167,4.203277190580167
2026-08-24,2028-03,jaoh8_6200p,put,62.0,4.9,0.4158820804801681,0.0113398822042856,0.41603665438626936,0.00015457390610124078,9.12221100026693,9.126658906952198,0.004447906685268066,4.222211000266929,4.226658906952197,9.132237174675316,4.232237174675316
2026-08-24,2028-03,jaoh8_6250p,put,62.5,5.07,0.4158820804801681,0.0113398822042856,0.41603665438626936,0.00015457390610124078,9.360724561708418,9.36520660887849,0.0044820471700717235,4.2907245617084175,4.295206608878489,9.370613341706768,4.300613341706768
2026-08-24,2028-03,jaoh8_6420c,call,64.2,11.35,0.4158820804801681,0.0113398822042856,0.41603665438626936,0.00015457390610124078,15.855952093230284,15.860542089305847,0.004589996075562652,4.505952093230285,4.510542089305847,15.85502893498018,4.50502893498018
2026-08-24,2028-03,jaoh8_6500c,call,65.0,10.9,0.4158820804801681,0.0113398822042856,0.41603665438626936,0.00015457390610124078,15.510487716223935,15.515124190323053,0.004636474099118715,4.610487716223934,4.615124190323053,15.509051560494132,4.609051560494132
2026-08-24,2028-03,jaoh8_6500p,put,65.0,5.97,0.4158820804801681,0.0113398822042856,0.41603665438626936,0.00015457390610124078,10.596066343020826,10.600702817119945,0.004636474099118715,4.626066343020827,4.630702817119945,10.604625306805929,4.634625306805929
2026-08-24,2028-03,jaoh8_6600c,call,66.0,10.36,0.4158820804801681,0.0113398822042856,0.41603665438626936,0.00015457390610124078,15.088577231269417,15.093267952246844,0.004690720977427176,4.728577231269417,4.733267952246845,15.08654575468441,4.726545754684411
2026-08-24,2028-03,jaoh8_6600p,put,66.0,6.37,0.4158820804801681,0.0113398822042856,0.41603665438626936,0.00015457390610124078,11.109693778805193,11.11438449978262,0.004690720977427176,4.739693778805193,4.74438449978262,11.11765742173509,4.747657421735091
2026-08-24,2028-03,jaoh8_6750p,put,67.5,7.0,0.4158820804801681,0.0113398822042856,0.41603665438626936,0.00015457390610124078,11.900374599945387,11.905138771363827,0.0047641714184401,4.900374599945387,4.905138771363827,11.906914760585586,4.906914760585586
2026-08-24,2028-03,jaoh8_6775c,call,67.75,9.46,0.4158820804801681,0.0113398822042856,0.41603665438626936,0.00015457390610124078,14.376166236430814,14.380941737185822,0.004775500755007656,4.916166236430813,4.920941737185821,14.372474116089906,4.912474116089905
2026-08-24,2028-03,jaoh8_6875c,call,68.75,8.97,0.4158820804801681,0.0113398822042856,0.41603665438626936,0.00015457390610124078,13.983532855461478,13.988351104259863,0.004818248798384772,5.013532855461477,5.018351104259862,13.978787232680334,5.0087872326803335
2026-08-24,2028-03,jaoh8_6890c,call,68.9,8.9,0.4158820804801681,0.0113398822042856,0.41603665438626936,0.00015457390610124078,13.9255272248507,13.930351534153242,0.0048243093025419626,5.0255272248507,5.030351534153242,13.920626579949824,5.020626579949823
2026-08-24,2028-03,jaoh8_7000c,call,70.0,8.38,0.4158820804801681,0.0113398822042856,0.41603665438626936,0.00015457390610124078,13.507132691591444,13.511998680056452,0.004865988465008186,5.127132691591443,5.131998680056451,13.501454960977396,5.121454960977395
2026-08-24,2028-03,jaoh8_7000p,put,70.0,8.15,0.4158820804801681,0.0113398822042856,0.41603665438626936,0.00015457390610124078,13.270400922082754,13.275266910547762,0.004865988465008186,5.120400922082753,5.1252669105477615,13.27471831098361,5.12471831098361
2026-08-24,2028-03,jaoh8_7110c,call,71.1,7.89,0.4158820804801681,0.0113398822042856,0.41603665438626936,0.00015457390610124078,13.10082217170107,13.105725050262382,0.004902878561312107,5.2108221717010705,5.215725050262383,13.094590487498536,5.204590487498536
2026-08-24,2028-03,jaoh8_7275c,call,72.75,7.2,0.4158820804801681,0.0113398822042856,0.41603665438626936,0.00015457390610124078,12.513396758557395,12.518346243960906,0.004949485403511034,5.313396758557395,5.318346243960906,12.506180509102498,5.306180509102497
2026-08-24,2028-03,jaoh8_7340c,call,73.4,6.94,0.4158820804801681,0.0113398822042856,0.41603665438626936,0.00015457390610124078,12.289069357270336,12.294034404897307,0.004965047626971142,5.349069357270335,5.354034404897306,12.281572439544735,5.341572439544735
2026-08-24,2028-03,jaoh8_7450c,call,74.5,6.52,0.4158820804801681,0.0113398822042856,0.41603665438626936,0.00015457390610124078,11.918328433810341,11.923316319761504,0.004987885951162951,5.398328433810342,5.403316319761505,11.910431339322503,5.390431339322504
2026-08-24,2028-03,jaoh8_7450p,put,74.5,10.5,0.4158820804801681,0.0113398822042856,0.41603665438626936,0.00015457390610124078,15.891517307626627,15.89650519357779,0.004987885951162951,5.391517307626627,5.39650519357779,15.893615332653692,5.393615332653692
2026-08-24,2028-03,jaoh8_7500c,call,75.0,6.33,0.4158820804801681,0.0113398822042856,0.41603665438626936,0.00015457390610124078,11.753441579635611,11.758438422941758,0.004996843306146914,5.423441579635611,5.428438422941758,11.74516902748768,5.41516902748768
2026-08-24,2028-03,jaoh8_7550c,call,75.5,6.16,0.4158820804801681,0.0113398822042856,0.41603665438626936,0.00015457390610124078,11.590788094152417,11.59579302279544,0.005004928643023376,5.430788094152417,5.4357930227954405,11.582076133401843,5.422076133401843
2026-08-24,2028-03,jaoh8_7670c,call,76.7,5.75,0.4158820804801681,0.0113398822042856,0.41603665438626936,0.00015457390610124078,11.20937700618606,11.214397859381648,0.00502085319558887,5.45937700618606,5.4643978593816485,11.199682148674288,5.449682148674288
2026-08-24,2028-03,jaoh8_7700c,call,77.0,5.65,0.4158820804801681,0.0113398822042856,0.41603665438626936,0.00015457390610124078,11.115969222251145,11.120993304632593,0.005024082381448025,5.465969222251145,5.470993304632593,11.106038200408909,5.4560382004089085
2026-08-24,2028-03,jaoh8_7775c,call,77.75,5.42,0.4158820804801681,0.0113398822042856,0.41603665438626936,0.00015457390610124078,10.885793102317386,10.890823973110884,0.0050308707934973995,5.465793102317386,5.470823973110884,10.875346232469768,5.455346232469768
2026-08-24,2028-09,jaou8_5000p,put,50.0,2.52,0.4158820804801681,0.0113398822042856,0.41603665438626936,0.00015457390610124078,5.811759790421199,5.815682235807881,0.003922445386681517,3.291759790421199,3.2956822358078806,5.831287595841795,3.311287595841795
2026-08-24,2028-09,jaou8_5500p,put,55.0,3.64,0.4158820804801681,0.0113398822042856,0.41603665438626936,0.00015457390610124078,7.807904438407061,7.812331909650602,0.004427471243541703,4.16790443840706,4.172331909650602,7.830531115242298,4.1905311152422975
2026-08-24,2028-09,jaou8_5700p,put,57.0,4.17,0.4158820804801681,0.0113398822042856,0.41603665438626936,0.00015457390610124078,8.68525640127859,8.689858996222654,0.004602594944064009,4.51525640127859,4.519858996222654,8.708418238140915,4.538418238140915
2026-08-24,2028-09,jaou8_5740p,put,57.4,4.28,0.4158820804801681,0.0113398822042856,0.41603665438626936,0.00015457390610124078,8.865931860850333,8.870567592717412,0.004635731867079329,4.585931860850333,4.590567592717412,8.88912691606193,4.609126916061929
2026-08-24,2028-09,jaou8_6151c,call,61.51,12.35,0.4158820804801681,0.0113398822042856,0.41603665438626936,0.00015457390610124078,17.606088100481358,17.61102785294068,0.004939752459321767,5.256088100481358,5.26102785294068,17.745317085809077,5.3953170858090775
2026-08-24,2028-09,jaou8_6165p,put,61.65,5.58,0.4158820804801681,0.0113398822042856,0.41603665438626936,0.00015457390610124078,10.888738165027853,10.893687110814362,0.0049489457865092845,5.308738165027853,5.313687110814362,10.91005276759787,5.33005276759787
2026-08-24,2028-09,jaou8_6200p,put,62.0,5.69,0.4158820804801681,0.0113398822042856,0.41603665438626936,0.00015457390610124078,11.063472574750278,11.068444172481701,0.004971597731422861,5.373472574750278,5.378444172481701,11.08444942758738,5.39444942758738
2026-08-24,2028-09,jaou8_6250p,put,62.5,5.86,0.4158820804801681,0.0113398822042856,0.41603665438626936,0.00015457390610124078,11.315176318819574,11.320179458013381,0.005003139193807016,5.455176318819574,5.460179458013381,11.335648714557284,5.475648714557283
2026-08-24,2028-09,jaou8_6500c,call,65.0,10.36,0.4158820804801681,0.0113398822042856,0.41603665438626936,0.00015457390610124078,16.204341506079835,16.209488097832228,0.005146591752392737,5.844341506079836,5.849488097832229,16.340077145028648,5.980077145028648
2026-08-24,2028-09,jaou8_6500p,put,65.0,6.75,0.4158820804801681,0.0113398822042856,0.41603665438626936,0.00015457390610124078,12.60965985715228,12.614806448904673,0.005146591752392737,5.85965985715228,5.864806448904673,12.6276096420539,5.8776096420539
2026-08-24,2028-09,jaou8_6570c,call,65.7,9.99,0.4158820804801681,0.0113398822042856,0.41603665438626936,0.00015457390610124078,15.937001575987358,15.942184148259635,0.005182572272277142,5.947001575987358,5.952184148259635,16.0724120058336,6.082412005833598
2026-08-24,2028-09,jaou8_6600c,call,66.0,9.83,0.4158820804801681,0.0113398822042856,0.41603665438626936,0.00015457390610124078,15.823797509671577,15.828994951557657,0.005197441886080512,5.993797509671577,5.998994951557657,15.959135690136302,6.129135690136302
2026-08-24,2028-09,jaou8_6650c,call,66.5,9.57,0.4158820804801681,0.0113398822042856,0.41603665438626936,0.00015457390610124078,15.636932072735961,15.642153569427345,0.00522149669138372,6.066932072735961,6.0721535694273445,15.772189028443252,6.202189028443252
2026-08-24,2028-09,jaou8_6750p,put,67.5,7.74,0.4158820804801681,0.0113398822042856,0.41603665438626936,0.00015457390610124078,13.961907908170224,13.967174814373605,0.0052669062033814384,6.221907908170223,6.227174814373605,13.97939639679125,6.23939639679125
2026-08-24,2028-09,jaou8_6775c,call,67.75,8.93,0.4158820804801681,0.0113398822042856,0.41603665438626936,0.00015457390610124078,15.179515181129487,15.18479288335859,0.005277702229102843,6.249515181129487,6.25479288335859,15.314809391721344,6.384809391721344
2026-08-24,2028-09,jaou8_7000c,call,70.0,7.89,0.4158820804801681,0.0113398822042856,0.41603665438626936,0.00015457390610124078,14.390270715832026,14.39563580246316,0.005365086631133664,6.500270715832026,6.50563580246316,14.525774039438494,6.635774039438494
2026-08-24,2028-09,jaou8_7000p,put,70.0,8.87,0.4158820804801681,0.0113398822042856,0.41603665438626936,0.00015457390610124078,15.368975388695262,15.374340475326395,0.005365086631133664,6.498975388695262,6.504340475326396,15.386692858254532,6.516692858254533
2026-08-24,2028-09,jaou8_7110c,call,71.1,7.42,0.4158820804801681,0.0113398822042856,0.41603665438626936,0.00015457390610124078,14.019854196480882,14.025255763818258,0.0054015673373761786,6.599854196480882,6.605255763818258,14.155450737392654,6.735450737392654
2026-08-24,2028-09,jaou8_7275c,call,72.75,6.77,0.4158820804801681,0.0113398822042856,0.41603665438626936,0.00015457390610124078,13.48254733433937,13.487996236119908,0.005448901780537696,6.712547334339371,6.717996236119909,13.61791919289084,6.84791919289084
2026-08-24,2028-09,jaou8_7340c,call,73.4,6.53,0.4158820804801681,0.0113398822042856,0.41603665438626936,0.00015457390610124078,13.276764283196613,13.282229467414249,0.005465184217635866,6.746764283196613,6.7522294674142485,13.411833006905516,6.881833006905516
2026-08-24,2028-09,jaou8_7450c,call,74.5,6.15,0.4158820804801681,0.0113398822042856,0.41603665438626936,0.00015457390610124078,12.935898507180315,12.941388292884081,0.005489785703765904,6.785898507180315,6.791388292884081,13.070396793196585,6.920396793196584
2026-08-24,2028-09,jaou8_7450p,put,74.5,11.27,0.4158820804801681,0.0113398822042856,0.41603665438626936,0.00015457390610124078,18.03065086965526,18.036140655359027,0.005489785703765904,6.760650869655262,6.7661406553590275,18.047363301624337,6.777363301624337
2026-08-24,2028-09,jaou8_7500c,call,75.0,5.98,0.4158820804801681,0.0113398822042856,0.41603665438626936,0.00015457390610124078,12.783975169980893,12.78947493621538,0.005499766234486003,6.803975169980893,6.809474936215379,12.918251264331714,6.938251264331713
2026-08-24,2028-09,jaou8_7560c,call,75.6,5.78,0.4158820804801681,0.0113398822042856,0.41603665438626936,0.00015457390610124078,12.60411324844302,12.60962402036795,0.005510771924928548,6.8241132484430205,6.829624020367949,12.73815117162532,6.95815117162532
2026-08-24,2028-09,jaou8_7670c,call,76.7,5.44,0.4158820804801681,0.0113398822042856,0.41603665438626936,0.00015457390610124078,12.2811798913172,12.286708148292174,0.00552825697497461,6.841179891317199,6.846708148292174,12.414887483486709,6.974887483486708
2026-08-24,2028-09,jaou8_7925c,call,79.25,4.72,0.4158820804801681,0.0113398822042856,0.41603665438626936,0.00015457390610124078,11.565369458896257,11.570925420166319,0.005555961270061971,6.845369458896257,6.850925420166319,11.698059400252122,6.978059400252122
2026-08-24,2028-09,jaou8_8000c,call,80.0,4.53,0.4158820804801681,0.0113398822042856,0.41603665438626936,0.00015457390610124078,11.363263095519537,11.36882395070462,0.005560855185082758,6.833263095519537,6.83882395070462,11.49547448779975,6.96547448779975
2026-08-25,2028-03,jaoh8_5740p,put,57.4,3.69,0.4159071885081959,0.0113889426006261,0.4160630931317417,0.00015590462354581058,7.208369838569716,7.212496238794195,0.0041264002244787434,3.518369838569716,3.522496238794195,7.217387817576194,3.527387817576194
2026-08-25,2028-03,jaoh8_5900p,put,59.0,4.14,0.4159071885081959,0.0113889426006261,0.4160630931317417,0.00015590462354581058,7.904050016242907,7.908311712719543,0.00426169647663599,3.7640500162429076,3.7683117127195436,7.913825313066123,3.773825313066124
2026-08-25,2028-03,jaoh8_6000p,put,60.0,4.44,0.4159071885081959,0.0113889426006261,0.4160630931317417,0.00015590462354581058,8.354792051470849,8.359132581086111,0.004340529615262767,3.9147920514708483,3.919132581086111,8.364776789762878,3.924776789762878
2026-08-25,2028-03,jaoh8_6151c,call,61.51,12.57,0.4159071885081959,0.0113889426006261,0.4160630931317417,0.00015590462354581058,16.69683621499424,16.70128737398272,0.004451158988480586,4.126836214994238,4.131287373982719,16.696900752031645,4.126900752031645
2026-08-25,2028-03,jaoh8_6165p,put,61.65,4.97,0.4159071885081959,0.0113889426006261,0.4160630931317417,0.00015590462354581058,9.124752310245587,9.129213213125354,0.004460902879767303,4.154752310245587,4.159213213125354,9.134670371355124,4.1646703713551245
2026-08-25,2028-03,jaoh8_6200c,call,62.0,12.28,0.4159071885081959,0.0113889426006261,0.4160630931317417,0.00015590462354581058,16.472009709831674,16.47649459174769,0.004484881916017258,4.192009709831675,4.196494591747692,16.47193901610012,4.19193901610012
2026-08-25,2028-03,jaoh8_6200p,put,62.0,5.08,0.4159071885081959,0.0113889426006261,0.4160630931317417,0.00015590462354581058,9.292209894263753,9.29669477617977,0.004484881916017258,4.2122098942637525,4.21669477617977,9.302025512266413,4.222025512266413
2026-08-25,2028-03,jaoh8_6250p,put,62.5,5.26,0.4159071885081959,0.0113889426006261,0.4160630931317417,0.00015590462354581058,9.533909154642519,9.538427349864833,0.004518195222313892,4.273909154642519,4.278427349864833,9.54354696221605,4.28354696221605
2026-08-25,2028-03,jaoh8_6420c,call,64.2,11.01,0.4159071885081959,0.0113889426006261,0.4160630931317417,0.00015590462354581058,15.496724596723428,15.501347798838019,0.004623202114590441,4.486724596723429,4.491347798838019,15.495494296176622,4.485494296176622
2026-08-25,2028-03,jaoh8_6500c,call,65.0,10.57,0.4159071885081959,0.0113889426006261,0.4160630931317417,0.00015590462354581058,15.15563487682057,15.160303110113649,0.004668233293077861,4.585634876820571,4.590303110113648,15.153957264507971,4.583957264507971
2026-08-25,2028-03,jaoh8_6500p,put,65.0,6.19,0.4159071885081959,0.0113889426006261,0.4160630931317417,0.00015590462354581058,10.785215730835201,10.789883964128279,0.004668233293077861,4.595215730835201,4.599883964128279,10.79342443025681,4.603424430256809
2026-08-25,2028-03,jaoh8_6600c,call,66.0,10.04,0.4159071885081959,0.0113889426006261,0.4160630931317417,0.00015590462354581058,14.739192039249778,14.743912661863943,0.004720622614165393,4.699192039249779,4.703912661863944,14.736718430162773,4.696718430162774
2026-08-25,2028-03,jaoh8_6600p,put,66.0,6.6,0.4159071885081959,0.0113889426006261,0.4160630931317417,0.00015590462354581058,11.305233116458592,11.309953739072757,0.004720622614165393,4.705233116458592,4.709953739072757,11.312645819105793,4.712645819105793
2026-08-25,2028-03,jaoh8_6750p,put,67.5,7.25,0.4159071885081959,0.0113889426006261,0.4160630931317417,0.00015590462354581058,12.105487022390719,12.110278220581622,0.00479119819090279,4.855487022390719,4.8602782205816215,12.111437308050316,4.861437308050316
2026-08-25,2028-03,jaoh8_6775c,call,67.75,9.16,0.4159071885081959,0.0113889426006261,0.4160630931317417,0.00015590462354581058,14.03633326434884,14.041135303687193,0.00480203933835277,4.87633326434884,4.881135303687193,14.032132459911448,4.872132459911448
2026-08-25,2028-03,jaoh8_6875c,call,68.75,8.68,0.4159071885081959,0.0113889426006261,0.4160630931317417,0.00015590462354581058,13.649140896537338,13.65398370887293,0.004842812335592583,4.969140896537338,4.973983708872931,13.643952426544049,4.963952426544049
2026-08-25,2028-03,jaoh8_6890c,call,68.9,8.61,0.4159071885081959,0.0113889426006261,0.4160630931317417,0.00015590462354581058,13.591949951409353,13.596798525159414,0.004848573750061647,4.981949951409353,4.986798525159415,13.586657479262277,4.976657479262277
2026-08-25,2028-03,jaoh8_7000c,call,70.0,8.11,0.4159071885081959,0.0113889426006261,0.4160630931317417,0.00015590462354581058,13.179515898631127,13.184403938680072,0.004888040048944831,5.069515898631128,5.074403938680073,13.17363849599404,5.06363849599404
2026-08-25,2028-03,jaoh8_7000p,put,70.0,8.42,0.4159071885081959,0.0113889426006261,0.4160630931317417,0.00015590462354581058,13.491397868616675,13.49628590866562,0.004888040048944831,5.071397868616675,5.07628590866562,13.495406777713796,5.075406777713797
2026-08-25,2028-03,jaoh8_7110c,call,71.1,7.63,0.4159071885081959,0.0113889426006261,0.4160630931317417,0.00015590462354581058,12.779137600428136,12.784060288722515,0.0049226882943784744,5.149137600428136,5.154060288722515,12.772585059761449,5.142585059761449
2026-08-25,2028-03,jaoh8_7275c,call,72.75,6.96,0.4159071885081959,0.0113889426006261,0.4160630931317417,0.00015590462354581058,12.20054647001499,12.205512363903274,0.0049658938882846115,5.24054647001499,5.245512363903274,12.193161643669526,5.233161643669527
2026-08-25,2028-03,jaoh8_7340c,call,73.4,6.71,0.4159071885081959,0.0113889426006261,0.4160630931317417,0.00015590462354581058,11.979675142806766,11.984655250739314,0.004980107932547995,5.269675142806766,5.274655250739314,11.97207622595279,5.26207622595279
2026-08-25,2028-03,jaoh8_7450c,call,74.5,6.3,0.4159071885081959,0.0113889426006261,0.4160630931317417,0.00015590462354581058,11.61474835472199,11.61974901409685,0.0050006593748612715,5.314748354721989,5.319749014096851,11.606473006424144,5.306473006424144
2026-08-25,2028-03,jaoh8_7450p,put,74.5,10.83,0.4159071885081959,0.0113889426006261,0.4160630931317417,0.00015590462354581058,16.140701329081363,16.145701988456224,0.0050006593748612715,5.310701329081363,5.315701988456224,16.14231229251773,5.3123122925177295
2026-08-25,2028-03,jaoh8_7500c,call,75.0,6.12,0.4159071885081959,0.0113889426006261,0.4160630931317417,0.00015590462354581058,11.452488989140571,11.457497565547586,0.0050085764070146865,5.332488989140571,5.337497565547586,11.44376843164728,5.32376843164728
2026-08-25,2028-03,jaoh8_7550c,call,75.5,5.95,0.4159071885081959,0.0113889426006261,0.4160630931317417,0.00015590462354581058,11.292452919581162,11.297468541263655,0.005015621682492366,5.342452919581162,5.3474685412636545,11.28330099145151,5.33330099145151
2026-08-25,2028-03,jaoh8_7670c,call,76.7,5.56,0.4159071885081959,0.0113889426006261,0.4160630931317417,0.00015590462354581058,10.917280482666747,10.922309537001812,0.005029054335064842,5.357280482666748,5.362309537001813,10.907219703258914,5.347219703258914
2026-08-25,2028-03,jaoh8_7700c,call,77.0,5.47,0.4159071885081959,0.0113889426006261,0.4160630931317417,0.00015590462354581058,10.82542245166574,10.830454113762666,0.005031662096927292,5.355422451665739,5.360454113762667,10.81515815116066,5.34515815116066
2026-08-25,2028-03,jaoh8_7775c,call,77.75,5.25,0.4159071885081959,0.0113889426006261,0.4160630931317417,0.00015590462354581058,10.599102640488567,10.60413954130962,0.005036900821052015,5.349102640488567,5.354139541309619,10.588477953062934,5.338477953062935
2026-08-25,2028-09,jaou8_5000p,put,50.0,2.61,0.4159071885081959,0.0113889426006261,0.4160630931317417,0.00015590462354581058,5.900579365495631,5.904549263789615,0.003969898293984642,3.290579365495631,3.2945492637896154,5.920010984000111,3.3100109840001117
2026-08-25,2028-09,jaou8_5500p,put,55.0,3.77,0.4159071885081959,0.0113889426006261,0.4160630931317417,0.00015590462354581058,7.919470559468385,7.923943869303338,0.0044733098349531986,4.149470559468385,4.153943869303339,7.942139993112158,4.172139993112157
2026-08-25,2028-09,jaou8_5700p,put,57.0,4.31,0.4159071885081959,0.0113889426006261,0.4160630931317417,0.00015590462354581058,8.806186264707987,8.810833468657824,0.0046472039498368645,4.496186264707988,4.500833468657825,8.829259006923325,4.519259006923325
2026-08-25,2028-09,jaou8_5740p,put,57.4,4.42,0.4159071885081959,0.0113889426006261,0.4160630931317417,0.00015590462354581058,8.988747626251369,8.993427686142775,0.004680059891406074,4.568747626251369,4.573427686142775,9.011815383665434,4.591815383665434
2026-08-25,2028-09,jaou8_6151c,call,61.51,12.09,0.4159071885081959,0.0113889426006261,0.4160630931317417,0.00015590462354581058,17.33464370699144,17.339624308966904,0.0049806019754647934,5.24464370699144,5.249624308966904,17.472620842707272,5.382620842707272
2026-08-25,2028-09,jaou8_6165p,put,61.65,5.74,0.4159071885081959,0.0113889426006261,0.4160630931317417,0.00015590462354581058,11.031779602779878,11.036769262546532,0.004989659766653887,5.291779602779878,5.2967692625465315,11.052591440341708,5.312591440341707
2026-08-25,2028-09,jaou8_6200p,put,62.0,5.86,0.4159071885081959,0.0113889426006261,0.4160630931317417,0.00015590462354581058,11.208190272513939,11.213202241015225,0.005011968501285935,5.348190272513938,5.353202241015224,11.22864830135409,5.3686483013540895
2026-08-25,2028-09,jaou8_6250p,put,62.5,6.03,0.4159071885081959,0.0113889426006261,0.4160630931317417,0.00015590462354581058,11.462290290253598,11.46733329936962,0.00504300911602229,5.432290290253598,5.43733329936962,11.48223565482134,5.452235654821339
2026-08-25,2028-09,jaou8_6500c,call,65.0,10.12,0.4159071885081959,0.0113889426006261,0.4160630931317417,0.00015590462354581058,15.944628066477431,15.949811854354582,0.005183787877150792,5.824628066477432,5.829811854354583,16.079281318594013,5.959281318594014
2026-08-25,2028-09,jaou8_6500p,put,65.0,6.94,0.4159071885081959,0.0113889426006261,0.4160630931317417,0.00015590462354581058,12.768771207273497,12.773954995150648,0.005183787877150792,5.828771207273497,5.8339549951506475,12.786397783992689,5.846397783992688
2026-08-25,2028-09,jaou8_6570c,call,65.7,9.75,0.4159071885081959,0.0113889426006261,0.4160630931317417,0.00015590462354581058,15.679643561349074,15.684862535766996,0.005218974417921629,5.929643561349074,5.934862535766996,15.814104602124186,6.064104602124186
2026-08-25,2028-09,jaou8_6600c,call,66.0,9.59,0.4159071885081959,0.0113889426006261,0.4160630931317417,0.00015590462354581058,15.567448607667423,15.572682106009294,0.005233498341871368,5.977448607667423,5.982682106009294,15.7018627977951,6.1118627977951
2026-08-25,2028-09,jaou8_6650c,call,66.5,9.34,0.4159071885081959,0.0113889426006261,0.4160630931317417,0.00015590462354581058,15.382264296895453,15.387521267038906,0.005256970143452833,6.042264296895453,6.047521267038906,15.516645800581465,6.176645800581465
2026-08-25,2028-09,jaou8_6750p,put,67.5,7.96,0.4159071885081959,0.0113889426006261,0.4160630931317417,0.00015590462354581058,14.133011565111598,14.138312754659543,0.0053011895479446736,6.173011565111598,6.178312754659543,14.150434750494474,6.190434750494474
2026-08-25,2028-09,jaou8_6775c,call,67.75,8.72,0.4159071885081959,0.0113889426006261,0.4160630931317417,0.00015590462354581058,14.929044407099417,14.93435609044418,0.005311683344762841,6.209044407099416,6.214356090444179,15.063492347422752,6.343492347422751
2026-08-25,2028-09,jaou8_7000c,call,70.0,7.7,0.4159071885081959,0.0113889426006261,0.4160630931317417,0.00015590462354581058,14.147321520622006,14.152717794740054,0.005396274118048439,6.447321520622006,6.452717794740054,14.282038689154902,6.582038689154902
2026-08-25,2028-09,jaou8_7000p,put,70.0,9.12,0.4159071885081959,0.0113889426006261,0.4160630931317417,0.00015590462354581058,15.552027439116088,15.557423713234137,0.005396274118048439,6.432027439116089,6.437423713234137,15.569717932251596,6.4497179322515965
2026-08-25,2028-09,jaou8_7110c,call,71.1,7.25,0.4159071885081959,0.0113889426006261,0.4160630931317417,0.00015590462354581058,13.78056072876734,13.785992076754091,0.005431347986752044,6.530560728767339,6.535992076754091,13.915277376286388,6.665277376286388
2026-08-25,2028-09,jaou8_7275c,call,72.75,6.62,0.4159071885081959,0.0113889426006261,0.4160630931317417,0.00015590462354581058,13.248703662552673,13.254180195714213,0.005476533161539621,6.628703662552673,6.634180195714213,13.383012779801115,6.763012779801115
2026-08-25,2028-09,jaou8_7340c,call,73.4,6.38,0.4159071885081959,0.0113889426006261,0.4160630931317417,0.00015590462354581058,13.045054865876967,13.050546824371539,0.005491958494571847,6.665054865876967,6.670546824371539,13.178996851832483,6.798996851832484
2026-08-25,2028-09,jaou8_7450c,call,74.5,6.01,0.4159071885081959,0.0113889426006261,0.4160630931317417,0.00015590462354581058,12.70778284447332,12.71329794351899,0.005515099045670269,6.69778284447332,6.70329794351899,12.841213232105044,6.8312132321050445
2026-08-25,2028-09,jaou8_7450p,put,74.5,11.56,0.4159071885081959,0.0113889426006261,0.4160630931317417,0.00015590462354581058,18.234995262895616,18.24051036194129,0.005515099045673821,6.6749952628956155,6.680510361941289,18.251398975129952,6.691398975129951
2026-08-25,2028-09,jaou8_7500c,call,75.0,5.84,0.4159071885081959,0.0113889426006261,0.4160630931317417,0.00015590462354581058,12.557485065689473,12.56300947763957,0.005524411950096564,6.717485065689473,6.72300947763957,12.690713258722816,6.850713258722816
2026-08-25,2028-09,jaou8_7560c,call,75.6,5.65,0.4159071885081959,0.0113889426006261,0.4160630931317417,0.00015590462354581058,12.379566888576294,12.385101502729738,0.005534614153443584,6.729566888576294,6.735101502729737,12.512616707614391,6.862616707614391
2026-08-25,2028-09,jaou8_7670c,call,76.7,5.32,0.4159071885081959,0.0113889426006261,0.4160630931317417,0.00015590462354581058,12.060176496808467,12.065727117978657,0.00555062117019034,6.740176496808466,6.745727117978657,12.192898439158508,6.872898439158508
2026-08-25,2028-09,jaou8_7925c,call,79.25,4.62,0.4159071885081959,0.0113889426006261,0.4160630931317417,0.00015590462354581058,11.352468632006005,11.358043521185516,0.005574889179511544,6.732468632006005,6.738043521185516,11.484011081625043,6.864011081625043
2026-08-25,2028-09,jaou8_8000c,call,80.0,4.43,0.4159071885081959,0.0113889426006261,0.4160630931317417,0.00015590462354581058,11.152713871830715,11.15829264541206,0.00557877358134462,6.722713871830715,6.7282926454120595,11.283600942573557,6.853600942573557
2026-08-26,2026-09,jaou6_10000c,call,100.0,0.12,0.4156123363824248,0.0112924550522922,0.4157657197200917,0.00015338333766690138,0.02458411998699443,0.024656399004849547,7.227901785511817e-05,-0.09541588001300556,-0.09534360099515045,0.0236316700376869,-0.096368329962313
2026-08-26,2026-09,jaou6_10205c,call,102.05,0.09,0.4156123363824248,0.0112924550522922,0.4157657197200917,0.00015338333766690138,0.012070478178089922,0.012111398646568143,4.092046847822134e-05,-0.07792952182191007,-0.07788860135343185,0.0112998291100079,-0.0787001708899921
2026-08-26,2026-09,jaou6_10240c,call,102.4,0.08,0.4156123363824248,0.0112924550522922,0.4157657197200917,0.00015338333766690138,0.010656787306124108,0.010693763816100633,3.6976509976525615e-05,-0.06934321269387589,-0.06930623618389936,0.0099228755228656,-0.0700771244771344
2026-08-26,2026-09,jaou6_10300c,call,103.0,0.07,0.4156123363824248,0.0112924550522922,0.4157657197200917,0.00015338333766690138,0.008589967522931589,0.00862096116533932,3.099364240773117e-05,-0.061410032477068416,-0.061379038834660685,0.0079038429021862,-0.0620961570978138
2026-08-26,2026-09,jaou6_10500c,call,105.0,0.05,0.4156123363824248,0.0112924550522922,0.4157657197200917,0.00015338333766690138,0.0041107544743962405,0.004127549810030594,1.6795335634353648e-05,-0.045889245525603764,-0.04587245018996941,0.0035512807532346,-0.0464487192467654
2026-08-26,2026-09,jaou6_10520c,call,105.2,0.05,0.4156123363824248,0.0112924550522922,0.4157657197200917,0.00015338333766690138,0.0038129257259674407,0.0038286914714727675,1.5765745505326792e-05,-0.04618707427403256,-0.04617130852852724,0.0032677309872067,-0.0467322690127933
2026-08-26,2026-09,jaou6_10825c,call,108.25,0.03,0.4156123363824248,0.0112924550522922,0.4157657197200917,0.00015338333766690138,0.0011723589464362593,0.0011781183893616425,5.759442925383149e-06,-0.028827641053563738,-0.028821881610638356,0.0008262561237195,-0.0291737438762804
2026-08-26,2026-09,jaou6_11000c,call,110.0,0.03,0.4156123363824248,0.0112924550522922,0.4157657197200917,0.00015338333766690138,0.0005804852176735894,0.000583609627972836,3.1244102992465835e-06,-0.02941951478232641,-0.029416390372027163,0.0003579598445104,-0.0296420401554896
2026-08-26,2026-09,jaou6_7200p,put,72.0,0.26,0.4156123363824248,0.0112924550522922,0.4157657197200917,0.00015338333766690138,0.17776763924967653,0.17806331144900867,0.00029567219933213096,-0.08223236075032347,-0.08193668855099134,0.1742555010898402,-0.0857444989101598
2026-08-26,2026-09,jaou6_7400p,put,74.0,0.47,0.4156123363824248,0.0112924550522922,0.4157657197200917,0.00015338333766690138,0.36762542993025704,0.3680940770196095,0.0004686470893524586,-0.10237457006974293,-0.10190592298039047,0.3615924973448347,-0.1084075026551653
2026-08-26,2026-09,jaou6_7450p,put,74.5,0.54,0.4156123363824248,0.0112924550522922,0.4157657197200917,0.00015338333766690138,0.4339837722489239,0.43449997795210393,0.000516205703180006,-0.10601622775107611,-0.1055000220478961,0.4268117673797351,-0.1131882326202649
2026-08-26,2026-09,jaou6_7500p,put,75.0,0.62,0.4156123363824248,0.0112924550522922,0.4157657197200917,0.00015338333766690138,0.509301024681851,0.5098656005841846,0.0005645759023336083,-0.11069897531814898,-0.11013439941581538,0.5008489315514395,-0.1191510684485605
2026-08-26,2026-09,jaou6_7600p,put,76.0,0.81,0.4156123363824248,0.0112924550522922,0.4157657197200917,0.00015338333766690138,0.6895820549372127,0.6902435802854328,0.00066152534822006,-0.12041794506278736,-0.1197564197145673,0.678715346138255,-0.131284653861745
2026-08-26,2026-09,jaou6_7750p,put,77.5,1.18,0.4156123363824248,0.0112924550522922,0.4157657197200917,0.00015338333766690138,1.0438778250617027,1.0446763107758557,0.0007984857141529744,-0.13612217493829726,-0.13532368922414428,1.0296704246301256,-0.1503295753698743
2026-08-26,2026-09,jaou6_7800p,put,78.0,1.32,0.4156123363824248,0.0112924550522922,0.4157657197200917,0.00015338333766690138,1.1866780158877193,1.1875174854521502,0.000839469564430928,-0.1333219841122808,-0.13248251454784987,1.171439292019821,-0.1485607079801789
2026-08-26,2026-09,jaou6_8000p,put,80.0,2.04,0.4156123363824248,0.0112924550522922,0.4157657197200917,0.00015338333766690138,1.8932763629321245,1.8942422264890162,0.0009658635568916552,-0.1467236370678755,-0.14575777351098385,1.8746762685212408,-0.1653237314787592
2026-08-26,2026-09,jaou6_8200p,put,82.0,3.0,0.4156123363824248,0.0112924550522922,0.4157657197200917,0.00015338333766690138,2.827798544688719,2.828813908632501,0.0010153639437819884,-0.17220145531128095,-0.17118609136749896,2.808239063213815,-0.191760936786185
2026-08-26,2026-09,jaou6_8250p,put,82.5,3.28,0.4156123363824248,0.0112924550522922,0.4157657197200917,0.00015338333766690138,3.0973710178991958,3.098385592589176,0.001014574689980119,-0.18262898210080403,-0.1816144074108239,3.07806094076918,-0.2019390592308196
2026-08-26,2026-09,jaou6_9100c,call,91.0,0.58,0.4156123363824248,0.0112924550522922,0.4157657197200917,0.00015338333766690138,0.3724816461356796,0.37297626405533674,0.0004946179196571587,-0.20751835386432038,-0.20702373594466322,0.3660284709665579,-0.213971529033442
2026-08-26,2026-09,jaou6_9150c,call,91.5,0.53,0.4156123363824248,0.0112924550522922,0.4157657197200917,0.00015338333766690138,0.32630455581559453,0.3267616118703989,0.0004570560548043945,-0.2036954441844055,-0.2032383881296011,0.3203570457967026,-0.2096429542032974
2026-08-26,2026-09,jaou6_9196c,call,91.96,0.48,0.4156123363824248,0.0112924550522922,0.4157657197200917,0.00015338333766690138,0.28830759697133196,0.2887312680263555,0.0004236710550235556,-0.19169240302866802,-0.19126873197364447,0.2827250595333297,-0.1972749404666702
2026-08-26,2026-09,jaou6_9200c,call,92.0,0.48,0.4156123363824248,0.0112924550522922,0.4157657197200917,0.00015338333766690138,0.28519432024080654,0.28561514614784184,0.00042082590703529377,-0.19480567975919344,-0.19438485385215815,0.2796397519791259,-0.2003602480208741
2026-08-26,2026-09,jaou6_9225c,call,92.25,0.46,0.4156123363824248,0.0112924550522922,0.4157657197200917,0.00015338333766690138,0.2663955898157843,0.2667988548357533,0.0004032650199689569,-0.1936044101842157,-0.19320114516424675,0.2610031307374452,-0.1989968692625548
2026-08-26,2026-09,jaou6_9250c,call,92.5,0.44,0.4156123363824248,0.0112924550522922,0.4157657197200917,0.00015338333766690138,0.2486944457153926,0.2490805439193752,0.00038609820398260997,-0.1913055542846074,-0.1909194560806248,0.2434458152180574,-0.1965541847819426
2026-08-26,2026-09,jaou6_9435c,call,94.35,0.32,0.4156123363824248,0.0112924550522922,0.4157657197200917,0.00015338333766690138,0.14693329702017463,0.14720581257305865,0.0002725155528840173,-0.17306670297982538,-0.17279418742694136,0.1428830960729784,-0.1771169039270216
2026-08-26,2026-09,jaou6_9500c,call,95.0,0.28,0.4156123363824248,0.0112924550522922,0.4157657197200917,0.00015338333766690138,0.12125668344445639,0.12149523329045057,0.00023854984599418205,-0.15874331655554363,-0.15850476670954944,0.1177400192777405,-0.1622599807222595
2026-08-26,2026-09,jaou6_9800c,call,98.0,0.17,0.4156123363824248,0.0112924550522922,0.4157657197200917,0.00015338333766690138,0.04769771024303141,0.047818337088313206,0.00012062684528179463,-0.12230228975696861,-0.1221816629116868,0.0461680863857368,-0.1238319136142632
2026-08-26,2026-11,jaox6_10000c,call,100.0,1.45,0.4156123363824248,0.0112924550522922,0.4157657197200917,0.00015338333766690138,0.841186762372125,0.8423070225887005,0.0011202602165755193,-0.608813237627875,-0.6076929774112995,0.8694416291156621,-0.5805583708843378
2026-08-26,2026-11,jaox6_10205c,call,102.05,1.28,0.4156123363824248,0.0112924550522922,0.4157657197200917,0.00015338333766690138,0.6769940096377377,0.6779787393685903,0.0009847297308526182,-0.6030059903622623,-0.6020212606314097,0.7039022375589695,-0.5760977624410305
2026-08-26,2026-11,jaox6_10240c,call,102.4,1.26,0.4156123363824248,0.0112924550522922,0.4157657197200917,0.00015338333766690138,0.652083970631584,0.6530464273360312,0.0009624567044472787,-0.607916029368416,-0.6069535726639688,0.6786299356630195,-0.5813700643369805
2026-08-26,2026-11,jaox6_10500c,call,105.0,1.08,0.4156123363824248,0.0112924550522922,0.4157657197200917,0.00015338333766690138,0.4917918176171194,0.4925978128348306,0.0008059952177112417,-0.5882081823828806,-0.5874021871651695,0.5152674401350124,-0.5647325598649877
2026-08-26,2026-11,jaox6_10800c,call,108.0,0.92,0.4156123363824248,0.0112924550522922,0.4157657197200917,0.00015338333766690138,0.3524773977259555,0.35312419974310777,0.0006468020171522815,-0.5675226022740445,-0.5668758002568923,0.3715460671448578,-0.5484539328551423
2026-08-26,2026-11,jaox6_7200p,put,72.0,2.87,0.4156123363824248,0.0112924550522922,0.4157657197200917,0.00015338333766690138,2.894102412131933,2.895955022293447,0.0018526101615137236,0.024102412131933093,0.025955022293446817,2.9084059534340856,0.0384059534340854
2026-08-26,2026-11,jaox6_7400p,put,74.0,3.63,0.4156123363824248,0.0112924550522922,0.4157657197200917,0.00015338333766690138,3.6431756828574917,3.6451670798279663,0.001991396970474568,0.013175682857491822,0.01516707982796639,3.658109843033678,0.0281098430336781
2026-08-26,2026-11,jaox6_7450p,put,74.5,3.84,0.4156123363824248,0.0112924550522922,0.4157657197200917,0.00015338333766690138,3.8474591151779265,3.849479740248796,0.0020206250708696416,0.007459115177926634,0.009479740248796276,3.862464611504399,0.0224646115043989
2026-08-26,2026-11,jaox6_7500p,put,75.0,4.05,0.4156123363824248,0.0112924550522922,0.4157657197200917,0.00015338333766690138,4.058576256577767,4.060623790555018,0.0020475339772509926,0.008576256577767616,0.010623790555018608,4.073638066104952,0.0236380661049517
2026-08-26,2026-11,jaox6_7600p,put,76.0,4.51,0.4156123363824248,0.0112924550522922,0.4157657197200917,0.00015338333766690138,4.5012982243017525,4.503392430642352,0.002094206340599314,-0.00870177569824726,-0.006607569357647947,4.516379438596348,0.0063794385963484
2026-08-26,2026-11,jaox6_7800p,put,78.0,5.53,0.4156123363824248,0.0112924550522922,0.4157657197200917,0.00015338333766690138,5.468141920580396,5.470300100724369,0.0021581801439731763,-0.061858079419604195,-0.05969989927563102,5.483873196754803,-0.0461268032451975
2026-08-26,2026-11,jaox6_8000p,put,80.0,6.65,0.4156123363824248,0.0112924550522922,0.4157657197200917,0.00015338333766690138,6.54135867133513,6.5435414786009565,0.002182807265826092,-0.10864132866486997,-0.10645852139904388,6.55634388949916,-0.0936561105008406
2026-08-26,2026-11,jaox6_8200p,put,82.0,7.9,0.4156123363824248,0.0112924550522922,0.4157657197200917,0.00015338333766690138,7.716856003019048,7.719025689077904,0.002169686058856257,-0.1831439969809523,-0.18097431092209604,7.7312477811427165,-0.1687522188572838
2026-08-26,2026-11,jaox6_8950c,call,89.5,2.85,0.4156123363824248,0.0112924550522922,0.4157657197200917,0.00015338333766690138,2.3797693544327374,2.381623298736899,0.0018539443041616366,-0.4702306455672627,-0.46837670126310105,2.4074853296939827,-0.4425146703060174
2026-08-26,2026-11,jaox6_9000c,call,90.0,2.75,0.4156123363824248,0.0112924550522922,0.4157657197200917,0.00015338333766690138,2.271610954756116,2.2734333119719285,0.0018223572158126977,-0.47838904524388415,-0.47656668802807145,2.2992752317569405,-0.4507247682430595
2026-08-26,2026-11,jaox6_9000p,put,90.0,13.74,0.4156123363824248,0.0112924550522922,0.4157657197200917,0.00015338333766690138,13.317702961018174,13.319525318233987,0.0018223572158131418,-0.42229703898182613,-0.420474681766013,13.330595105553158,-0.4094048944468422
2026-08-26,2026-11,jaox6_9025c,call,90.25,2.7,0.4156123363824248,0.0112924550522922,0.4157657197200917,0.00015338333766690138,2.2191211556407,2.220927408045935,0.0018062524052351314,-0.4808788443593004,-0.47907259195406526,2.2467547042543,-0.4532452957457002
2026-08-26,2026-11,jaox6_9100c,call,91.0,2.57,0.4156123363824248,0.0112924550522922,0.4157657197200917,0.00015338333766690138,2.0678280174315726,2.0695848395937317,0.0017568221621591107,-0.5021719825684272,-0.5004151604062681,2.095561019265636,-0.4744389807343636
2026-08-26,2026-11,jaox6_9196c,call,91.96,2.41,0.4156123363824248,0.0112924550522922,0.4157657197200917,0.00015338333766690138,1.8871767677860498,1.8888682376738606,0.0016914698878107703,-0.5228232322139503,-0.5211317623261396,1.9153363188157029,-0.4946636811842972
2026-08-26,2026-11,jaox6_9200c,call,92.0,2.41,0.4156123363824248,0.0112924550522922,0.4157657197200917,0.00015338333766690138,1.8799553854395978,1.8816440892647275,0.001688703825129645,-0.5300446145604023,-0.5283559107352727,1.9081272407488576,-0.5018727592511425
2026-08-26,2026-11,jaox6_9225c,call,92.25,2.37,0.4156123363824248,0.0112924550522922,0.4157657197200917,0.00015338333766690138,1.8353616759741764,1.8370330235529715,0.0016713475787950571,-0.5346383240258237,-0.5329669764470286,1.8636029966615388,-0.5063970033384613
2026-08-26,2026-11,jaox6_9348c,call,93.48,2.19,0.4156123363824248,0.0112924550522922,0.4157657197200917,0.00015338333766690138,1.6290887018533284,1.6306732251911273,0.0015845233377989043,-0.5609112981466715,-0.5593267748088726,1.6574239135624549,-0.5325760864375451
2026-08-26,2026-11,jaox6_9353c,call,93.53,2.18,0.4156123363824248,0.0112924550522922,0.4157657197200917,0.00015338333766690138,1.6211501341046932,1.622731087499326,0.0015809533946327115,-0.5588498658953069,-0.5572689125006742,1.6494804693215637,-0.5305195306784365
2026-08-26,2026-11,jaox6_9435c,call,94.35,2.07,0.4156123363824248,0.0112924550522922,0.4157657197200917,0.00015338333766690138,1.4957085652356463,1.4972306643097169,0.0015220990740705265,-0.5742914347643535,-0.572769335690283,1.523952817161372,-0.5460471828386277
2026-08-26,2026-11,jaox6_9911c,call,99.11,1.53,0.4156123363824248,0.0112924550522922,0.4157657197200917,0.00015338333766690138,0.9231226562899525,0.9243041254438298,0.0011814691538772903,-0.6068773437100475,-0.6056958745561702,0.951651628835964,-0.578348371164036
2026-08-26,2027-03,jaoh7_6800p,put,68.0,4.65,0.4156123363824248,0.0112924550522922,0.4157657197200917,0.00015338333766690138,5.722738625742714,5.7256914249086925,0.002952799165978348,1.0727386257427138,1.0756914249086922,5.732311344491857,1.082311344491857
2026-08-26,2027-03,jaoh7_6900p,put,69.0,5.04,0.4156123363824248,0.0112924550522922,0.4157657197200917,0.00015338333766690138,6.168507464635809,6.171519484904673,0.0030120202688639353,1.1285074646358089,1.1315194849046728,6.178561576112111,1.138561576112111
2026-08-26,2027-03,jaoh7_7000p,put,70.0,5.46,0.4156123363824248,0.0112924550522922,0.4157657197200917,0.00015338333766690138,6.632742730698207,6.63580739062382,0.0030646599256130003,1.1727427306982072,1.1758073906238202,6.643136767710876,1.1831367677108764
2026-08-26,2027-03,jaoh7_7100p,put,71.0,5.9,0.4156123363824248,0.0112924550522922,0.4157657197200917,0.00015338333766690138,7.115234128674074,7.118344785246632,0.003110656572557602,1.2152341286740738,1.2183447852466314,7.125498036284664,1.2254980362846633
2026-08-26,2027-03,jaoh7_7150p,put,71.5,6.13,0.4156123363824248,0.0112924550522922,0.4157657197200917,0.00015338333766690138,7.363250771285083,7.366381928659079,0.003131157373996274,1.2332507712850829,1.2363819286590791,7.373575149653888,1.2435751496538885
2026-08-26,2027-03,jaoh7_7400p,put,74.0,7.37,0.4156123363824248,0.0112924550522922,0.4157657197200917,0.00015338333766690138,8.669649440714407,8.672858295345161,0.0032088546307544874,1.2996494407144068,1.3028582953451613,8.678771060603776,1.3087710606037757
2026-08-26,2027-03,jaoh7_7450p,put,74.5,7.64,0.4156123363824248,0.0112924550522922,0.4157657197200917,0.00015338333766690138,8.94392124141444,8.947140742719776,0.0032195013053364363,1.3039212414144403,1.3071407427197768,8.952728238582768,1.3127282385827683
2026-08-26,2027-03,jaoh7_7500p,put,75.0,7.91,0.4156123363824248,0.0112924550522922,0.4157657197200917,0.00015338333766690138,9.222426219090528,9.225654769584187,0.0032285504936595544,1.3124262190905274,1.315654769584187,9.230885627196738,1.3208856271967375
2026-08-26,2027-03,jaoh7_8000c,call,80.0,5.32,0.4156123363824248,0.0112924550522922,0.4157657197200917,0.00015338333766690138,6.556592880624078,6.5598289632628175,0.0032360826387396457,1.2365928806240776,1.2398289632628172,6.556199348990894,1.236199348990894
2026-08-26,2027-03,jaoh7_8025c,call,80.25,5.24,0.4156123363824248,0.0112924550522922,0.4157657197200917,0.00015338333766690138,6.47289248332396,6.476125254125002,0.0032327708010413403,1.23289248332396,1.2361252541250014,6.472112364726965,1.232112364726965
2026-08-26,2027-03,jaoh7_8075c,call,80.75,5.09,0.4156123363824248,0.0112924550522922,0.4157657197200917,0.00015338333766690138,6.308232267845295,6.311457449357503,0.003225181512208408,1.2182322678452948,1.2214574493575032,6.306662552310818,1.216662552310818
2026-08-26,2027-03,jaoh7_8102c,call,81.02,5.01,0.4156123363824248,0.0112924550522922,0.4157657197200917,0.00015338333766690138,6.220819930675082,6.22404048810995,0.003220557434867821,1.2108199306750826,1.2140404881099505,6.218820056111939,1.208820056111939
2026-08-26,2027-03,jaoh7_8150c,call,81.5,4.87,0.4156123363824248,0.0112924550522922,0.4157657197200917,0.00015338333766690138,6.06799244810216,6.0712038947880105,0.003211446685850383,1.19799244810216,1.2012038947880104,6.065271499532948,1.1952714995329483
2026-08-26,2027-03,jaoh7_8185c,call,81.85,4.77,0.4156123363824248,0.0112924550522922,0.4157657197200917,0.00015338333766690138,5.958608265706626,5.961812365531539,0.003204099824912987,1.1886082657066268,1.1918123655315398,5.95544521610262,1.1854452161026208
2026-08-26,2027-03,jaoh7_8342c,call,83.42,4.36,0.4156123363824248,0.0112924550522922,0.4157657197200917,0.00015338333766690138,5.48871379905481,5.491877981513687,0.003164182458877285,1.1287137990548093,1.1318779815136866,5.484119330192392,1.124119330192392
2026-08-26,2027-03,jaoh7_8500c,call,85.0,3.98,0.4156123363824248,0.0112924550522922,0.4157657197200917,0.00015338333766690138,5.048848019989848,5.051961371827143,0.0031133518372952196,1.0688480199898476,1.0719613718271428,5.042755679443986,1.062755679443986
2026-08-26,2027-03,jaoh7_8525c,call,85.25,3.92,0.4156123363824248,0.0112924550522922,0.4157657197200917,0.00015338333766690138,4.982170497914299,4.985274902614999,0.0031044047007000586,1.0621704979142992,1.0652749026149992,4.975830009219484,1.055830009219484
2026-08-26,2027-03,jaoh7_8575c,call,85.75,3.81,0.4156123363824248,0.0112924550522922,0.4157657197200917,0.00015338333766690138,4.851146197960441,4.8542320098179825,0.0030858118575416427,1.0411461979604408,1.0442320098179825,4.844356224064492,1.0343562240644917
2026-08-26,2027-03,jaoh7_8675c,call,86.75,3.61,0.4156123363824248,0.0112924550522922,0.4157657197200917,0.00015338333766690138,4.598229276527569,4.601275236553145,0.003045960025576555,0.9882292765275689,0.9912752365531454,4.590778617078434,0.980778617078434
2026-08-26,2027-03,jaoh7_8700c,call,87.0,3.56,0.4156123363824248,0.0112924550522922,0.4157657197200917,0.00015338333766690138,4.536862762767601,4.539898231010443,0.0030354682428415103,0.9768627627676012,0.9798982310104427,4.529303617876571,0.9693036178765708
2026-08-26,2027-03,jaoh7_8705c,call,87.05,3.55,0.4156123363824248,0.0112924550522922,0.4157657197200917,0.00015338333766690138,4.5246774594132875,4.5277108048618295,0.0030333454485420575,0.9746774594132877,0.9777108048618297,4.517100148407253,0.967100148407253
2026-08-26,2027-09,jaou7_5800p,put,58.0,3.41,0.4156123363824248,0.0112924550522922,0.4157657197200917,0.00015338333766690138,5.250998207545985,5.254341072295775,0.0033428647497899533,1.8409982075459848,1.8443410722957747,5.215872171063232,1.805872171063232
2026-08-26,2027-09,jaou7_5900p,put,59.0,3.67,0.4156123363824248,0.0112924550522922,0.4157657197200917,0.00015338333766690138,5.635445807663354,5.6388805460022855,0.0034347383389317088,1.9654458076633539,1.9688805460022856,5.598061679998206,1.9280616799982055
2026-08-26,2027-09,jaou7_6000p,put,60.0,3.94,0.4156123363824248,0.0112924550522922,0.4157657197200917,0.00015338333766690138,6.034749241783473,6.038271192393591,0.003521950610117841,2.094749241783473,2.098271192393591,5.995151242028969,2.0551512420289693
2026-08-26,2027-09,jaou7_6200p,put,62.0,4.54,0.4156123363824248,0.0112924550522922,0.4157657197200917,0.00015338333766690138,6.877399634223909,6.881081488020454,0.003681853796544843,2.3373996342239094,2.3410814880204542,6.835148611144275,2.295148611144275
2026-08-26,2027-09,jaou7_6420p,put,64.2,5.28,0.4156123363824248,0.0112924550522922,0.4157657197200917,0.00015338333766690138,7.870867217710813,7.874701875448398,0.0038346577375847346,2.590867217710813,2.594701875448398,7.8277410098524145,2.5477410098524143
2026-08-26,2027-09,jaou7_6500p,put,65.0,5.57,0.4156123363824248,0.0112924550522922,0.4157657197200917,0.00015338333766690138,8.249048010124277,8.252932132379243,0.003884122254966371,2.6790480101242764,2.6829321323792428,8.205655791656891,2.635655791656891
2026-08-26,2027-09,jaou7_6750p,put,67.5,6.56,0.4156123363824248,0.0112924550522922,0.4157657197200917,0.00015338333766690138,9.48744841905886,9.49146608858049,0.004017669521630296,2.9274484190588597,2.93146608858049,9.44459569370555,2.88459569370555
2026-08-26,2027-09,jaou7_6800p,put,68.0,6.77,0.4156123363824248,0.0112924550522922,0.4157657197200917,0.00015338333766690138,9.745202727651964,9.749243305369305,0.0040405777173404545,2.975202727651965,2.9792433053693053,9.702398053055946,2.9323980530559464
2026-08-26,2027-09,jaou7_6820c,call,68.2,9.65,0.4156123363824248,0.0112924550522922,0.4157657197200917,0.00015338333766690138,12.650797032794047,12.654846422156604,0.00404938936255661,3.000797032794047,3.0048464221566036,12.537553343722236,2.887553343722235
2026-08-26,2027-09,jaou7_6825c,call,68.25,9.62,0.4156123363824248,0.0112924550522922,0.4157657197200917,0.00015338333766690138,12.629047108158646,12.63309866912481,0.0040515609661628815,3.009047108158647,3.01309866912481,12.515821095456587,2.895821095456588
2026-08-26,2027-09,jaou7_6860c,call,68.6,9.44,0.4156123363824248,0.0112924550522922,0.4157657197200917,0.00015338333766690138,12.477712712954808,12.48177912535182,0.004066412397012442,3.037712712954809,3.0417791253518214,12.364672668144744,2.924672668144744
2026-08-26,2027-09,jaou7_6900c,call,69.0,9.24,0.4156123363824248,0.0112924550522922,0.4157657197200917,0.00015338333766690138,12.306710167772293,12.31079280626676,0.004082638494466551,3.0667101677722926,3.070792806266759,12.194031068573324,2.9540310685733235
2026-08-26,2027-09,jaou7_6900p,put,69.0,7.2,0.4156123363824248,0.0112924550522922,0.4157657197200917,0.00015338333766690138,10.270549026311532,10.274631664805998,0.004082638494466551,3.0705490263115314,3.074631664805998,10.228362334194284,3.028362334194284
2026-08-26,2027-09,jaou7_6905c,call,69.05,9.21,0.4156123363824248,0.0112924550522922,0.4157657197200917,0.00015338333766690138,12.285480436523377,12.289565047461883,0.004084610938505762,3.0754804365233763,3.079565047461882,12.172856255642383,2.9628562556423823
2026-08-26,2027-09,jaou7_6930c,call,69.3,9.08,0.4156123363824248,0.0112924550522922,0.4157657197200917,0.00015338333766690138,12.179814890659525,12.183909178388543,0.004094287729017765,3.099814890659525,3.103909178388543,12.067484567992546,2.9874845679925457
2026-08-26,2027-09,jaou7_7000c,call,70.0,8.74,0.4156123363824248,0.0112924550522922,0.4157657197200917,0.00015338333766690138,11.88820708683131,11.89232683398728,0.004119747155970188,3.1482070868313095,3.1523268339872796,11.776925975558104,3.036925975558104
2026-08-26,2027-09,jaou7_7000p,put,70.0,7.66,0.4156123363824248,0.0112924550522922,0.4157657197200917,0.00015338333766690138,10.80880684054646,10.812926587702432,0.0041197471559719645,3.1488068405464595,3.1529265877024315,10.768018136354977,3.1080181363549766
2026-08-26,2027-09,jaou7_7110c,call,71.1,8.21,0.4156123363824248,0.0112924550522922,0.4157657197200917,0.00015338333766690138,11.442465322761171,11.446620264866947,0.004154942105776271,3.23246532276117,3.2366202648669464,11.333352180910278,3.1233521809102776
2026-08-26,2027-09,jaou7_7200c,call,72.0,7.8,0.4156123363824248,0.0112924550522922,0.4157657197200917,0.00015338333766690138,11.08892108713049,11.093100526061384,0.004179438930894008,3.2889210871304906,3.2931005260613846,10.981879009860975,3.1818790098609755
2026-08-26,2027-09,jaou7_7335c,call,73.35,7.22,0.4156123363824248,0.0112924550522922,0.4157657197200917,0.00015338333766690138,10.576980767065592,10.581189876144178,0.004209109078585627,3.3569807670655925,3.361189876144178,10.472763110798471,3.252763110798472
2026-08-26,2027-09,jaou7_7400c,call,74.0,6.96,0.4156123363824248,0.0112924550522922,0.4157657197200917,0.00015338333766690138,10.33818831766242,10.342408757388139,0.004220439725719061,3.3781883176624197,3.3824087573881387,10.235212718368953,3.275212718368953
2026-08-26,2027-09,jaou7_7400p,put,74.0,9.71,0.4156123363824248,0.0112924550522922,0.4157657197200917,0.00015338333766690138,13.08583165208122,13.090052091806939,0.004220439725719061,3.375831652081219,3.380052091806938,13.053348459869474,3.343348459869473
2026-08-26,2027-09,jaou7_7450c,call,74.5,6.76,0.4156123363824248,0.0112924550522922,0.4157657197200917,0.00015338333766690138,10.157842063374263,10.162069941690472,0.004227878316209299,3.397842063374263,3.4020699416904723,10.055811627508882,3.2958116275088827
2026-08-26,2027-09,jaou7_7450p,put,74.5,10.0,0.4156123363824248,0.0112924550522922,0.4157657197200917,0.00015338333766690138,13.383865845381019,13.388093723697228,0.004227878316209299,3.3838658453810186,3.388093723697228,13.35232781659736,3.35232781659736
2026-08-26,2027-09,jaou7_7500c,call,75.0,6.57,0.4156123363824248,0.0112924550522922,0.4157657197200917,0.00015338333766690138,9.980363230269885,9.984597454385375,0.004234224115489127,3.410363230269885,3.4145974543853743,9.879366633885674,3.309366633885673
2026-08-26,2027-09,jaou7_7500p,put,75.0,10.28,0.4156123363824248,0.0112924550522922,0.4157657197200917,0.00015338333766690138,13.684767459864597,13.689001683980086,0.004234224115489127,3.4047674598645976,3.4090016839800867,13.654263270562105,3.374263270562105
2026-08-26,2027-09,jaou7_7542c,call,75.42,6.41,0.4156123363824248,0.0112924550522922,0.4157657197200917,0.00015338333766690138,9.833472181436218,9.837710903763405,0.004238722327187361,3.4234721814362175,3.427710903763405,9.733256928506984,3.323256928506984
2026-08-26,2027-09,jaou7_7550c,call,75.5,6.38,0.4156123363824248,0.0112924550522922,0.4157657197200917,0.00015338333766690138,9.805717954472335,9.809957448356498,0.0042394938841621155,3.4257179544723355,3.4299574483564976,9.70565299313954,3.3256529931395398
2026-08-26,2027-09,jaou7_7600c,call,76.0,6.2,0.4156123363824248,0.0112924550522922,0.4157657197200917,0.00015338333766690138,9.6338723038445,9.638116008643925,0.004243704799424819,3.4338723038445,3.4381160086439246,9.534753314882105,3.3347533148821045
2026-08-26,2027-09,jaou7_7610c,call,76.1,6.16,0.4156123363824248,0.0112924550522922,0.4157657197200917,0.00015338333766690138,9.599836139254231,9.604080560713074,0.004244421458842851,3.439836139254231,3.444080560713074,9.500891704606158,3.340891704606157
2026-08-26,2027-09,jaou7_7705c,call,77.05,5.83,0.4156123363824248,0.0112924550522922,0.4157657197200917,0.00015338333766690138,9.281958038992471,9.286207218673505,0.004249179681034221,3.451958038992471,3.456207218673505,9.1846267200845,3.3546267200845
2026-08-26,2027-09,jaou7_7710c,call,77.1,5.81,0.4156123363824248,0.0112924550522922,0.4157657197200917,0.00015338333766690138,9.26549907694384,9.269748405626155,0.004249328682314868,3.4554990769438403,3.459748405626155,9.168255015854273,3.358255015854273
2026-08-26,2027-09,jaou7_7725c,call,77.25,5.76,0.4156123363824248,0.0112924550522922,0.4157657197200917,0.00015338333766690138,9.216283505236959,9.220533220905548,0.004249715668589005,3.456283505236959,3.460533220905548,9.119289597402222,3.3592895974022223
2026-08-26,2028-03,jaoh8_5740p,put,57.4,3.85,0.4156123363824248,0.0112924550522922,0.4157657197200917,0.00015338333766690138,7.233486115947766,7.237543445863306,0.0040573299155397535,3.383486115947766,3.387543445863306,7.242527668813678,3.392527668813678
2026-08-26,2028-03,jaoh8_5900p,put,59.0,4.31,0.4156123363824248,0.0112924550522922,0.4157657197200917,0.00015338333766690138,7.931422882980181,7.935612395686702,0.004189512706521015,3.6214228829801813,3.6256123956867023,7.94120635207132,3.63120635207132
2026-08-26,2028-03,jaoh8_6000p,put,60.0,4.61,0.4156123363824248,0.0112924550522922,0.4157657197200917,0.00015338333766690138,8.383602897809311,8.387869360963386,0.004266463154074529,3.773602897809311,3.7778693609633853,8.39357432581341,3.783574325813409
2026-08-26,2028-03,jaoh8_6151c,call,61.51,12.59,0.4156123363824248,0.0112924550522922,0.4157657197200917,0.00015338333766690138,16.5615366206649,16.565910968203404,0.0043743475385049635,3.9715366206648994,3.9759109682034044,16.561623429645397,3.9716234296453976
2026-08-26,2028-03,jaoh8_6165p,put,61.65,5.15,0.4156123363824248,0.0112924550522922,0.4157657197200917,0.00015338333766690138,9.15597648468332,9.160360327775601,0.0043838430922811256,4.00597648468332,4.010360327775601,9.165831291121732,4.015831291121732
2026-08-26,2028-03,jaoh8_6200c,call,62.0,12.3,0.4156123363824248,0.0112924550522922,0.4157657197200917,0.00015338333766690138,16.337496584282633,16.341903790246246,0.004407205963612881,4.037496584282632,4.041903790246245,16.337435609032845,4.037435609032844
2026-08-26,2028-03,jaoh8_6200p,put,62.0,5.27,0.4156123363824248,0.0112924550522922,0.4157657197200917,0.00015338333766690138,9.323951853915965,9.328359059879578,0.004407205963612881,4.053951853915965,4.058359059879578,9.333696006206836,4.063696006206836
2026-08-26,2028-03,jaoh8_6250p,put,62.5,5.44,0.4156123363824248,0.0112924550522922,0.4157657197200917,0.00015338333766690138,9.566394049264666,9.57083370000964,0.004439650744973989,4.126394049264666,4.13083370000964,9.575955093545756,4.135955093545756
2026-08-26,2028-03,jaoh8_6420c,call,64.2,11.04,0.4156123363824248,0.0112924550522922,0.4157657197200917,0.00015338333766690138,15.365784970873225,15.370326780971144,0.004541810097919097,4.325784970873226,4.330326780971145,15.36453220917802,4.32453220917802
2026-08-26,2028-03,jaoh8_6500c,call,65.0,10.61,0.4156123363824248,0.0112924550522922,0.4157657197200917,0.00015338333766690138,15.02600946482447,15.030595023801073,0.0045855589766024,4.416009464824471,4.420595023801074,15.024311090710826,4.414311090710827
2026-08-26,2028-03,jaoh8_6500p,put,65.0,6.4,0.4156123363824248,0.0112924550522922,0.4157657197200917,0.00015338333766690138,10.821465119849622,10.826050678826224,0.0045855589766024,4.421465119849621,4.426050678826224,10.829571873276633,4.4295718732766325
2026-08-26,2028-03,jaoh8_6600c,call,66.0,10.08,0.4156123363824248,0.0112924550522922,0.4157657197200917,0.00015338333766690138,14.61121842127304,14.615854819829584,0.004636398556543853,4.53121842127304,4.535854819829584,14.608659331735412,4.528659331735412
2026-08-26,2028-03,jaoh8_6600p,put,66.0,6.81,0.4156123363824248,0.0112924550522922,0.4157657197200917,0.00015338333766690138,11.343007538095463,11.347643936652007,0.004636398556543853,4.533007538095464,4.537643936652008,11.350253576098494,4.540253576098494
2026-08-26,2028-03,jaoh8_6750p,put,67.5,7.47,0.4156123363824248,0.0112924550522922,0.4157657197200917,0.00015338333766690138,12.145564416321179,12.15026917837678,0.004704762055601108,4.675564416321179,4.68026917837678,12.151343874952182,4.681343874952183
2026-08-26,2028-03,jaoh8_6775c,call,67.75,9.21,0.4156123363824248,0.0112924550522922,0.4157657197200917,0.00015338333766690138,13.911269759017111,13.915985006815996,0.004715247798884548,4.70126975901711,4.705985006815995,13.906974201368053,4.696974201368052
2026-08-26,2028-03,jaoh8_6875c,call,68.75,8.74,0.4156123363824248,0.0112924550522922,0.4157657197200917,0.00015338333766690138,13.525748722724103,13.53050336015864,0.004754637434537301,4.785748722724103,4.79050336015864,13.520526880021873,4.780526880021872
2026-08-26,2028-03,jaoh8_6890c,call,68.9,8.67,0.4156123363824248,0.0112924550522922,0.4157657197200917,0.00015338333766690138,13.46880887717951,13.473569073821473,0.0047601966419623665,4.7988088771795105,4.803569073821473,13.46349209323111,4.793492093231111
2026-08-26,2028-03,jaoh8_7000c,call,70.0,8.17,0.4156123363824248,0.0112924550522922,0.4157657197200917,0.00015338333766690138,13.05821864608479,13.063016868577396,0.004798222492606641,4.888218646084789,4.893016868577396,13.052343510601338,4.882343510601338
2026-08-26,2028-03,jaoh8_7000p,put,70.0,8.65,0.4156123363824248,0.0112924550522922,0.4157657197200917,0.00015338333766690138,13.535341610096303,13.54013983258891,0.004798222492606641,4.885341610096303,4.890139832588909,13.539271602153512,4.889271602153512
2026-08-26,2028-03,jaoh8_7110c,call,71.1,7.7,0.4156123363824248,0.0112924550522922,0.4157657197200917,0.00015338333766690138,12.659687078195418,12.66451858332333,0.0048315051279121946,4.959687078195418,4.96451858332333,12.6531046651801,4.9531046651801
2026-08-26,2028-03,jaoh8_7275c,call,72.75,7.03,0.4156123363824248,0.0112924550522922,0.4157657197200917,0.00015338333766690138,12.0838674820275,12.088740284876687,0.004872802849186897,5.0538674820275,5.058740284876687,12.07650677481126,5.04650677481126
2026-08-26,2028-03,jaoh8_7340c,call,73.4,6.78,0.4156123363824248,0.0112924550522922,0.4157657197200917,0.00015338333766690138,11.864087329877897,11.868973641425733,0.004886311547835476,5.084087329877897,5.088973641425732,11.856513919275082,5.076513919275082
2026-08-26,2028-03,jaoh8_7450c,call,74.5,6.38,0.4156123363824248,0.0112924550522922,0.4157657197200917,0.00015338333766690138,11.50100495171378,11.505910680344618,0.004905728630838269,5.12100495171378,5.125910680344618,11.492663612752606,5.112663612752606
2026-08-26,2028-03,jaoh8_7450p,put,74.5,11.08,0.4156123363824248,0.0112924550522922,0.4157657197200917,0.00015338333766690138,16.19162849381302,16.19653422244386,0.004905728630838269,5.11162849381302,5.116534222443859,16.193092282392506,5.113092282392506
2026-08-26,2028-03,jaoh8_7500c,call,75.0,6.2,0.4156123363824248,0.0112924550522922,0.4157657197200917,0.00015338333766690138,11.339582682526455,11.34449583711695,0.004913154590495239,5.139582682526455,5.14449583711695,11.330791321650429,5.130791321650428
2026-08-26,2028-03,jaoh8_7550c,call,75.5,6.03,0.4156123363824248,0.0112924550522922,0.4157657197200917,0.00015338333766690138,11.180382711231648,11.185302435294572,0.004919724062924402,5.150382711231647,5.155302435294572,11.171184979366442,5.141184979366442
2026-08-26,2028-03,jaoh8_7670c,call,76.7,5.65,0.4156123363824248,0.0112924550522922,0.4157657197200917,0.00015338333766690138,10.807212003009765,10.812144079727668,0.0049320767179033,5.157212003009764,5.162144079727668,10.797113142814052,5.147113142814051
2026-08-26,2028-03,jaoh8_7700c,call,77.0,5.55,0.4156123363824248,0.0112924550522922,0.4157657197200917,0.00015338333766690138,10.71585315947415,10.720787587532227,0.004934428058076534,5.165853159474151,5.170787587532227,10.705565310813425,5.155565310813425
2026-08-26,2028-03,jaoh8_7775c,call,77.75,5.33,0.4156123363824248,0.0112924550522922,0.4157657197200917,0.00015338333766690138,10.490778830368642,10.495717879674855,0.004939049306212695,5.160778830368642,5.165717879674855,10.480183209119796,5.150183209119795
2026-08-26,2028-09,jaou8_5000p,put,50.0,2.73,0.4156123363824248,0.0112924550522922,0.4157657197200917,0.00015338333766690138,5.899002273716011,5.902904779658709,0.003902505942697587,3.169002273716011,3.1729047796587087,5.918394392003731,3.188394392003731
2026-08-26,2028-09,jaou8_5500p,put,55.0,3.92,0.4156123363824248,0.0112924550522922,0.4157657197200917,0.00015338333766690138,7.91890872156468,7.923305578454066,0.004396856889385958,3.99890872156468,4.003305578454066,7.941554295866645,4.021554295866645
2026-08-26,2028-09,jaou8_5700p,put,57.0,4.47,0.4156123363824248,0.0112924550522922,0.4157657197200917,0.00015338333766690138,8.806120651380997,8.810688146599738,0.004567495218740447,4.336120651380997,4.340688146599738,8.829160493539831,4.359160493539831
2026-08-26,2028-09,jaou8_5740p,put,57.4,4.58,0.4156123363824248,0.0112924550522922,0.4157657197200917,0.00015338333766690138,8.988786824500428,8.993386550807811,0.004599726307382923,4.408786824500428,4.413386550807811,9.011817824680888,4.431817824680888
2026-08-26,2028-09,jaou8_6151c,call,61.51,12.2,0.4156123363824248,0.0112924550522922,0.4157657197200917,0.00015338333766690138,17.260428785968408,17.265323149814694,0.004894363846286609,5.0604287859684085,5.065323149814695,17.397811225098646,5.197811225098647
2026-08-26,2028-09,jaou8_6165p,put,61.65,5.92,0.4156123363824248,0.0112924550522922,0.4157657197200917,0.00015338333766690138,11.03303483163726,11.037938068777141,0.004903237139881611,5.113034831637259,5.117938068777141,11.053775302114412,5.133775302114412
2026-08-26,2028-09,jaou8_6200p,put,62.0,6.04,0.4156123363824248,0.0112924550522922,0.4157657197200917,0.00015338333766690138,11.20955322775183,11.214478317175658,0.00492508942382841,5.1695532277518295,5.174478317175658,11.22993922622615,5.189939226226151
2026-08-26,2028-09,jaou8_6250p,put,62.5,6.22,0.4156123363824248,0.0112924550522922,0.4157657197200917,0.00015338333766690138,11.46380893628341,11.468764426117499,0.004955489834088667,5.24380893628341,5.248764426117499,11.483682666037865,5.263682666037865
2026-08-26,2028-09,jaou8_6500c,call,65.0,10.25,0.4156123363824248,0.0112924550522922,0.4157657197200917,0.00015338333766690138,15.872612373718448,15.877705649720342,0.005093276001893798,5.622612373718448,5.627705649720342,16.00670471388205,5.756704713882051
2026-08-26,2028-09,jaou8_6500p,put,65.0,7.14,0.4156123363824248,0.0112924550522922,0.4157657197200917,0.00015338333766690138,12.771097628428103,12.776190904429997,0.005093276001893798,5.631097628428104,5.636190904429998,12.788687130364393,5.648687130364393
2026-08-26,2028-09,jaou8_6570c,call,65.7,9.88,0.4156123363824248,0.0112924550522922,0.4157657197200917,0.00015338333766690138,15.608079697026627,15.613207383428316,0.005127686401689147,5.728079697026626,5.733207383428315,15.741993826262783,5.861993826262783
2026-08-26,2028-09,jaou8_6600c,call,66.0,9.72,0.4156123363824248,0.0112924550522922,0.4157657197200917,0.00015338333766690138,15.49607935572754,15.501221241621629,0.005141885894088816,5.776079355727539,5.781221241621628,15.629949046940997,5.909949046940996
2026-08-26,2028-09,jaou8_6650c,call,66.5,9.47,0.4156123363824248,0.0112924550522922,0.4157657197200917,0.00015338333766690138,15.311220639566708,15.316385467426093,0.005164827859385213,5.841220639566707,5.846385467426092,15.445066271680467,5.975066271680467
2026-08-26,2028-09,jaou8_6750p,put,67.5,8.16,0.4156123363824248,0.0112924550522922,0.4157657197200917,0.00015338333766690138,14.136188225068889,14.141396253222098,0.005208028153209199,5.9761882250688885,5.981396253222098,14.153599785859896,5.993599785859896
2026-08-26,2028-09,jaou8_6775c,call,67.75,8.85,0.4156123363824248,0.0112924550522922,0.4157657197200917,0.00015338333766690138,14.85882111548065,14.864039391049662,0.005218275569012221,6.00882111548065,6.014039391049662,14.992731397495092,6.142731397495092
2026-08-26,2028-09,jaou8_7000c,call,70.0,7.84,0.4156123363824248,0.0112924550522922,0.4157657197200917,0.00015338333766690138,14.078595058419666,14.083895856324778,0.005300797905112731,6.238595058419666,6.243895856324778,14.212781616426389,6.372781616426389
2026-08-26,2028-09,jaou8_7000p,put,70.0,9.33,0.4156123363824248,0.0112924550522922,0.4157657197200917,0.00015338333766690138,15.556088303223348,15.56138910112846,0.005300797905112731,6.226088303223348,6.23138910112846,15.573772023002755,6.243772023002755
2026-08-26,2028-09,jaou8_7110c,call,71.1,7.39,0.4156123363824248,0.0112924550522922,0.4157657197200917,0.00015338333766690138,13.7125740239403,13.717908980489996,0.005334956549695846,6.322574023940301,6.327908980489997,13.846748701784858,6.456748701784858
2026-08-26,2028-09,jaou8_7275c,call,72.75,6.76,0.4156123363824248,0.0112924550522922,0.4157657197200917,0.00015338333766690138,13.181834522226406,13.187213406360167,0.005378884133760309,6.421834522226407,6.427213406360167,13.315567694725411,6.555567694725411
2026-08-26,2028-09,jaou8_7340c,call,73.4,6.53,0.4156123363824248,0.0112924550522922,0.4157657197200917,0.00015338333766690138,12.97862818217587,12.984022033478816,0.005393851302946118,6.448628182175869,6.454022033478815,13.11199455724922,6.58199455724922
2026-08-26,2028-09,jaou8_7450c,call,74.5,6.15,0.4156123363824248,0.0112924550522922,0.4157657197200917,0.00015338333766690138,12.64210726212731,12.64752352561946,0.005416263492151074,6.492107262127309,6.49752352561946,12.774970180545091,6.624970180545091
2026-08-26,2028-09,jaou8_7450p,put,74.5,11.78,0.4156123363824248,0.0112924550522922,0.4157657197200917,0.00015338333766690138,18.24070769801562,18.24612396150777,0.005416263492151074,6.46070769801562,6.466123961507771,18.25706777820609,6.47706777820609
2026-08-26,2028-09,jaou8_7500c,call,75.0,5.99,0.4156123363824248,0.0112924550522922,0.4157657197200917,0.00015338333766690138,12.492151724771523,12.497576989346758,0.005425264575235289,6.502151724771522,6.507576989346758,12.62481755823443,6.634817558234429
2026-08-26,2028-09,jaou8_7560c,call,75.6,5.8,0.4156123363824248,0.0112924550522922,0.4157657197200917,0.00015338333766690138,12.314644816257754,12.320079924505567,0.005435108247812792,6.514644816257754,6.520079924505567,12.447136653074718,6.647136653074719
2026-08-26,2028-09,jaou8_7670c,call,76.7,5.46,0.4156123363824248,0.0112924550522922,0.4157657197200917,0.00015338333766690138,11.9960097612082,12.001460262860352,0.00545050165215244,6.5360097612081995,6.541460262860352,12.128169591681532,6.668169591681532
2026-08-26,2028-09,jaou8_7925c,call,79.25,4.76,0.4156123363824248,0.0112924550522922,0.4157657197200917,0.00015338333766690138,11.290056863399023,11.29553042155337,0.0054735581543461365,6.5300568633990235,6.53553042155337,11.421005140212277,6.661005140212277
2026-08-26,2028-09,jaou8_8000c,call,80.0,4.58,0.4156123363824248,0.0112924550522922,0.4157657197200917,0.00015338333766690138,11.090818603794377,11.096295744288984,0.0054771404946070135,6.510818603794377,6.516295744288984,11.221095750633856,6.641095750633856
2026-08-27,2026-09,jaou6_10000c,call,100.0,0.13,0.4154825254006624,0.0113100715468518,0.4156364356402203,0.0001539102395579084,0.032301614447609595,0.032390979414108026,8.93649664984314e-05,-0.09769838555239041,-0.09760902058589198,0.0310441541716228,-0.0989558458283772
2026-08-27,2026-09,jaou6_10205c,call,102.05,0.09,0.4154825254006624,0.0113100715468518,0.4156364356402203,0.0001539102395579084,0.015793953986876393,0.015844766363477536,5.0812376601143405e-05,-0.07420604601312361,-0.07415523363652246,0.0148466043538668,-0.0751533956461332
2026-08-27,2026-09,jaou6_10240c,call,102.4,0.08,0.4154825254006624,0.0113100715468518,0.4156364356402203,0.0001539102395579084,0.01393063828214729,0.013976570016859162,4.5931734711871994e-05,-0.06606936171785271,-0.06602342998314084,0.0130278474642341,-0.0669721525357659
2026-08-27,2026-09,jaou6_10300c,call,103.0,0.08,0.4154825254006624,0.0113100715468518,0.4156364356402203,0.0001539102395579084,0.011208240305412826,0.011246754835116142,3.851452970331584e-05,-0.06879175969458717,-0.06875324516488386,0.0103737404479746,-0.0696262595520254
2026-08-27,2026-09,jaou6_10500c,call,105.0,0.05,0.4154825254006624,0.0113100715468518,0.4156364356402203,0.0001539102395579084,0.005322611114477051,0.005343463682423457,2.0852567946406074e-05,-0.04467738888552295,-0.044656536317576545,0.0046680080646071,-0.0453319919353929
2026-08-27,2026-09,jaou6_10520c,call,105.2,0.05,0.4154825254006624,0.0113100715468518,0.4156364356402203,0.0001539102395579084,0.004932542008356535,0.004952111120199318,1.956911184278296e-05,-0.04506745799164347,-0.045047888879800685,0.0043003614130862,-0.0456996385869138
2026-08-27,2026-09,jaou6_10825c,call,108.25,0.03,0.4154825254006624,0.0113100715468518,0.4156364356402203,0.0001539102395579084,0.0014917252532553424,0.0014988191525739313,7.093899318588899e-06,-0.028508274746744656,-0.028501180847426068,0.0011078756397088,-0.0288921243602911
2026-08-27,2026-09,jaou6_11000c,call,110.0,0.03,0.4154825254006624,0.0113100715468518,0.4156364356402203,0.0001539102395579084,0.0007299589936396689,0.0007337790038547017,3.820010215032786e-06,-0.02927004100636033,-0.029266220996145297,0.0004551887068173,-0.0295448112931826
2026-08-27,2026-09,jaou6_7200p,put,72.0,0.15,0.4154825254006624,0.0113100715468518,0.4156364356402203,0.0001539102395579084,0.09638988465121656,0.09658300163783551,0.00019311698661894638,-0.05361011534878343,-0.053416998362164486,0.0938855199750355,-0.0561144800249645
2026-08-27,2026-09,jaou6_7400p,put,74.0,0.28,0.4154825254006624,0.0113100715468518,0.4156364356402203,0.0001539102395579084,0.2181573635692171,0.21849499927329497,0.00033763570407785437,-0.061842636430782916,-0.06150500072670506,0.2145027224391824,-0.0654972775608176
2026-08-27,2026-09,jaou6_7450p,put,74.5,0.33,0.4154825254006624,0.0113100715468518,0.4156364356402203,0.0001539102395579084,0.262920916424628,0.26330137138468324,0.00038045496005523205,-0.06707908357537201,-0.06669862861531678,0.2588738283771932,-0.0711261716228068
2026-08-27,2026-09,jaou6_7500p,put,75.0,0.38,0.4154825254006624,0.0113100715468518,0.4156364356402203,0.0001539102395579084,0.314778197148593,0.31520358683652994,0.0004253896879369279,-0.065221802851407,-0.06479641316347007,0.3099481259876434,-0.0700518740123566
2026-08-27,2026-09,jaou6_7600p,put,76.0,0.51,0.4154825254006624,0.0113100715468518,0.4156364356402203,0.0001539102395579084,0.4426645409850032,0.44318444686285297,0.00051990587784978,-0.06733545901499682,-0.06681555313714704,0.435527694731963,-0.074472305268037
2026-08-27,2026-09,jaou6_7750p,put,77.5,0.77,0.4154825254006624,0.0113100715468518,0.4156364356402203,0.0001539102395579084,0.7058044797639544,0.7064698673404592,0.0006653875765048056,-0.06419552023604558,-0.06353013265954077,0.6952301482929593,-0.0747698517070407
2026-08-27,2026-09,jaou6_7800p,put,78.0,0.88,0.4154825254006624,0.0113100715468518,0.4156364356402203,0.0001539102395579084,0.8153397191198142,0.8160521929479616,0.0007124738281474308,-0.06466028088018583,-0.0639478070520384,0.803638162002477,-0.076361837997523
2026-08-27,2026-09,jaou6_8000p,put,80.0,1.45,0.4154825254006624,0.0113100715468518,0.4156364356402203,0.0001539102395579084,1.3789718472382226,1.3798489621604162,0.0008771149221935559,-0.07102815276177732,-0.07015103783958376,1.3630218299219805,-0.0869781700780194
2026-08-27,2026-09,jaou6_8200p,put,82.0,2.25,0.4154825254006624,0.0113100715468518,0.4156364356402203,0.0001539102395579084,2.164472313342841,2.165450612420332,0.0009782990774911404,-0.08552768665715904,-0.0845493875796679,2.1460812046653555,-0.1039187953346445
2026-08-27,2026-09,jaou6_8250p,put,82.5,2.49,0.4154825254006624,0.0113100715468518,0.4156364356402203,0.0001539102395579084,2.397420943939106,2.398411832466703,0.0009908885275971002,-0.09257905606089434,-0.09158816753329724,2.378907301636436,-0.111092698363564
2026-08-27,2026-09,jaou6_9100c,call,91.0,0.66,0.4154825254006624,0.0113100715468518,0.4156364356402203,0.0001539102395579084,0.4826031579900829,0.483173281576416,0.0005701235863330711,-0.17739684200991712,-0.17682671842358405,0.4745999878349757,-0.1854000121650243
2026-08-27,2026-09,jaou6_9150c,call,91.5,0.6,0.4154825254006624,0.0113100715468518,0.4156364356402203,0.0001539102395579084,0.4236893364883689,0.42421954596879546,0.0005302094804265911,-0.1763106635116311,-0.1757804540312045,0.4167462660426709,-0.183253733957329
2026-08-27,2026-09,jaou6_9196c,call,91.96,0.55,0.4154825254006624,0.0113100715468518,0.4156364356402203,0.0001539102395579084,0.3750451813607171,0.37553942181906597,0.0004942404583488935,-0.17495481863928297,-0.17446057818093408,0.3688793189206596,-0.1811206810793404
2026-08-27,2026-09,jaou6_9200c,call,92.0,0.55,0.4154825254006624,0.0113100715468518,0.4156364356402203,0.0001539102395579084,0.37105256205125176,0.37154371619303295,0.0004911541417811915,-0.1789474379487483,-0.1784562838069671,0.3649400085500827,-0.1850599914499173
2026-08-27,2026-09,jaou6_9225c,call,92.25,0.52,0.4154825254006624,0.0113100715468518,0.4156364356402203,0.0001539102395579084,0.3469210076967794,0.3473930406862752,0.0004720329894957742,-0.1730789923032206,-0.17260695931372483,0.3410912342610627,-0.1789087657389373
2026-08-27,2026-09,jaou6_9250c,call,92.5,0.5,0.4154825254006624,0.0113100715468518,0.4156364356402203,0.0001539102395579084,0.3241613048048444,0.3246145275473204,0.0004532227424760005,-0.1758386951951556,-0.1753854724526796,0.3185444018940469,-0.181455598105953
2026-08-27,2026-09,jaou6_9435c,call,94.35,0.36,0.4154825254006624,0.0113100715468518,0.4156364356402203,0.0001539102395579084,0.19255876654057794,0.19288466912796512,0.0003259025873871835,-0.16744123345942205,-0.16711533087203487,0.1879876707787789,-0.1720123292212211
2026-08-27,2026-09,jaou6_9500c,call,95.0,0.32,0.4154825254006624,0.0113100715468518,0.4156364356402203,0.0001539102395579084,0.15912634097792402,0.15941321938334824,0.0002868784054242124,-0.16087365902207598,-0.16058678061665177,0.1549758588515786,-0.1650241411484214
2026-08-27,2026-09,jaou6_9800c,call,98.0,0.18,0.4154825254006624,0.0113100715468518,0.4156364356402203,0.0001539102395579084,0.06276317749030584,0.06291112952399687,0.00014795203369102894,-0.11723682250969415,-0.11708887047600312,0.0606559327609155,-0.1193440672390845
2026-08-27,2026-10,jaov6_10000c,call,100.0,0.95,0.4154825254006624,0.0113100715468518,0.4156364356402203,0.0001539102395579084,0.45641213705702866,0.4571137088219143,0.0007015717648856667,-0.4935878629429713,-0.49288629117808563,0.4472970349295571,-0.5027029650704429
2026-08-27,2026-10,jaov6_10205c,call,102.05,0.81,0.4154825254006624,0.0113100715468518,0.4156364356402203,0.0001539102395579084,0.336189804970266,0.33676599824599657,0.0005761932757305521,-0.47381019502973404,-0.4732340017540035,0.3290461592760763,-0.4809538407239238
2026-08-27,2026-10,jaov6_10240c,call,102.4,0.79,0.4154825254006624,0.0113100715468518,0.4156364356402203,0.0001539102395579084,0.31881670703418263,0.31937301630103143,0.0005563092668487979,-0.4711832929658174,-0.4706269836989686,0.3118826070731252,-0.4781173929268748
2026-08-27,2026-10,jaov6_10300c,call,103.0,0.75,0.4154825254006624,0.0113100715468518,0.4156364356402203,0.0001539102395579084,0.29093053023995946,0.29145381838486434,0.0005232881449048765,-0.45906946976004054,-0.45854618161513566,0.2843732765669645,-0.4656267234330355
2026-08-27,2026-10,jaov6_10500c,call,105.0,0.64,0.4154825254006624,0.0113100715468518,0.4156364356402203,0.0001539102395579084,0.21333685608316585,0.213759877066112,0.0004230209829461373,-0.42666314391683413,-0.426240122933888,0.2083507953301667,-0.4316492046698333
2026-08-27,2026-10,jaov6_10800c,call,108.0,0.51,0.4154825254006624,0.0113100715468518,0.4156364356402203,0.0001539102395579084,0.13208726130211687,0.13238751030022883,0.00030024899811195715,-0.3779127386978831,-0.3776124896997712,0.1294303224037131,-0.3805696775962869
2026-08-27,2026-10,jaov6_11500c,call,115.0,0.32,0.4154825254006624,0.0113100715468518,0.4156364356402203,0.0001539102395579084,0.04065886080655285,0.040781220283903984,0.00012235947735113328,-0.27934113919344716,-0.27921877971609604,0.0403880111294697,-0.2796119888705303
2026-08-27,2026-10,jaov6_12100c,call,121.0,0.22,0.4154825254006624,0.0113100715468518,0.4156364356402203,0.0001539102395579084,0.013976263208311515,0.014027950347227479,5.1687138915963715e-05,-0.20602373679168848,-0.20597204965277252,0.0144444611899747,-0.2055555388100253
2026-08-27,2026-10,jaov6_12500c,call,125.0,0.18,0.4154825254006624,0.0113100715468518,0.4156364356402203,0.0001539102395579084,0.00668572508944704,0.006713690905824841,2.7965816377800885e-05,-0.17331427491055296,-0.17328630909417514,0.0070268469683228,-0.1729731530316772
2026-08-27,2026-10,jaov6_16000c,call,160.0,0.04,0.4154825254006624,0.0113100715468518,0.4156364356402203,0.0001539102395579084,5.910466451943231e-06,5.96376805700349e-06,5.330160506025854e-08,-0.039994089533548056,-0.039994036231942996,2.1216577857147347e-05,-0.0399787834221428
2026-08-27,2026-10,jaov6_7200p,put,72.0,1.3,0.4154825254006624,0.0113100715468518,0.4156364356402203,0.0001539102395579084,1.2488917518900866,1.250042670470373,0.0011509185802864863,-0.051108248109913434,-0.04995732952962695,1.2336252702095294,-0.0663747297904706
2026-08-27,2026-10,jaov6_7400p,put,74.0,1.8,0.4154825254006624,0.0113100715468518,0.4156364356402203,0.0001539102395579084,1.751490651997071,1.7528321368848045,0.0013414848877335572,-0.048509348002929054,-0.047167863115195496,1.7329854779710987,-0.0670145220289013
2026-08-27,2026-10,jaov6_7450p,put,74.5,1.95,0.4154825254006624,0.0113100715468518,0.4156364356402203,0.0001539102395579084,1.896249648350234,1.8976350610893382,0.001385412739104197,-0.05375035164976594,-0.05236493891066174,1.8766601839260653,-0.0733398160739347
2026-08-27,2026-10,jaov6_7500p,put,75.0,2.11,0.4154825254006624,0.0113100715468518,0.4156364356402203,0.0001539102395579084,2.0489677833973516,2.0503952210574052,0.0014274376600535987,-0.06103221660264824,-0.05960477894259464,2.0282738870445294,-0.0817261129554705
2026-08-27,2026-10,jaov6_7600p,put,76.0,2.45,0.4154825254006624,0.0113100715468518,0.4156364356402203,0.0001539102395579084,2.378790935660386,2.3802959670243844,0.001505031363998377,-0.07120906433961416,-0.06970403297561578,2.356147031731932,-0.093852968268068
2026-08-27,2026-10,jaov6_7800p,put,78.0,3.24,0.4154825254006624,0.0113100715468518,0.4156364356402203,0.0001539102395579084,3.1386408763303666,3.1402708373240045,0.00162996099363788,-0.10135912366963362,-0.09972916267599574,3.11333111337795,-0.12666888662205
2026-08-27,2026-10,jaov6_8000p,put,80.0,4.19,0.4154825254006624,0.0113100715468518,0.4156364356402203,0.0001539102395579084,4.034711573863152,4.03642008941718,0.0017085155540277341,-0.15528842613684812,-0.1535799105828204,4.009328367664911,-0.1806716323350894
2026-08-27,2026-10,jaov6_8200p,put,82.0,5.28,0.4154825254006624,0.0113100715468518,0.4156364356402203,0.0001539102395579084,5.0664747047370104,5.068212131889588,0.0017374271525776308,-0.2135252952629898,-0.21178786811041217,5.040645704277621,-0.2393542957223795
2026-08-27,2026-10,jaov6_9000p,put,90.0,10.88,0.4154825254006624,0.0113100715468518,0.4156364356402203,0.0001539102395579084,10.41935163490088,10.42078132042847,0.001429685527590152,-0.46064836509912155,-0.4592186795715314,10.405427959841992,-0.4745720401580087
2026-08-27,2026-10,jaov6_9200c,call,92.0,1.87,0.4154825254006624,0.0113100715468518,0.4156364356402203,0.0001539102395579084,1.3765183753371506,1.3778049126796899,0.0012865373425392512,-0.4934816246628495,-0.49219508732031025,1.3559955008685836,-0.5140044991314165
2026-08-27,2026-10,jaov6_9225c,call,92.25,1.83,0.4154825254006624,0.0113100715468518,0.4156364356402203,0.0001539102395579084,1.3328959411477173,1.3341638318831075,0.0012678907353902424,-0.4971040588522828,-0.4958361681168926,1.3127747890551174,-0.5172252109448827
2026-08-27,2026-10,jaov6_9348c,call,93.48,1.64,0.4154825254006624,0.0113100715468518,0.4156364356402203,0.0001539102395579084,1.1350408066867441,1.1362156480776184,0.001174841390874315,-0.5049591933132558,-0.5037843519223815,1.116746684548505,-0.5232533154514949
2026-08-27,2026-10,jaov6_9353c,call,93.53,1.64,0.4154825254006624,0.0113100715468518,0.4156364356402203,0.0001539102395579084,1.1275627921875686,1.1287338213776092,0.00117102919004064,-0.5124372078124313,-0.5112661786223907,1.1093414084805182,-0.5306585915194817
2026-08-27,2026-10,jaov6_9435c,call,94.35,1.53,0.4154825254006624,0.0113100715468518,0.4156364356402203,0.0001539102395579084,1.0108504089331214,1.0119588223083644,0.0011084133752430336,-0.5191495910668786,-0.5180411776916356,0.9938892992533482,-0.5361107007466518
2026-08-27,2026-10,jaov6_9800c,call,98.0,1.12,0.4154825254006624,0.0113100715468518,0.4156364356402203,0.0001539102395579084,0.6097547318215591,0.6105920217268153,0.0008372899052561111,-0.510245268178441,-0.5094079782731848,0.5973455718767704,-0.5226544281232297
2026-08-27,2026-10,jaov6_9911c,call,99.11,1.02,0.4154825254006624,0.0113100715468518,0.4156364356402203,0.0001539102395579084,0.5197599637324019,0.5205204348228168,0.0007604710904149936,-0.5002400362675982,-0.49947956517718317,0.5091755718080916,-0.5108244281919084
2026-08-27,2026-10,jaov6_9955c,call,99.55,0.99,0.4154825254006624,0.0113100715468518,0.4156364356402203,0.0001539102395579084,0.487516566239458,0.4882476012939975,0.0007310350545395305,-0.5024834337605419,-0.5017523987060024,0.477690920565514,-0.512309079434486
2026-08-27,2026-11,jaox6_10000c,call,100.0,1.52,0.4154825254006624,0.0113100715468518,0.4156364356402203,0.0001539102395579084,0.9160707009837883,0.9172525179000266,0.0011818169162383096,-0.6039292990162117,-0.6027474820999734,0.9446183787704748,-0.5753816212295252
2026-08-27,2026-11,jaox6_10205c,call,102.05,1.34,0.4154825254006624,0.0113100715468518,0.4156364356402203,0.0001539102395579084,0.7385834838480655,0.7396259737774341,0.0010424899293686174,-0.6014165161519346,-0.600374026222566,0.7662298948681714,-0.5737701051318287
2026-08-27,2026-11,jaox6_10240c,call,102.4,1.32,0.4154825254006624,0.0113100715468518,0.4156364356402203,0.0001539102395579084,0.7116174854942638,0.7126369831430442,0.0010194976487803986,-0.6083825145057362,-0.6073630168569558,0.738990712415909,-0.5810092875840911
2026-08-27,2026-11,jaox6_10500c,call,105.0,1.13,0.4154825254006624,0.0113100715468518,0.4156364356402203,0.0001539102395579084,0.5378192321088114,0.5386764863421057,0.0008572542332943023,-0.5921807678911885,-0.5913235136578942,0.562352162905609,-0.5676478370943909
2026-08-27,2026-11,jaox6_10800c,call,108.0,0.96,0.4154825254006624,0.0113100715468518,0.4156364356402203,0.0001539102395579084,0.3863215641919619,0.3870124611589061,0.0006908969669441878,-0.573678435808038,-0.5729875388410939,0.4066509030402893,-0.5533490969597107
2026-08-27,2026-11,jaox6_7200p,put,72.0,2.6,0.4154825254006624,0.0113100715468518,0.4156364356402203,0.0001539102395579084,2.65344200595191,2.6552477757023683,0.0018057697504580972,0.053442005951910065,0.05524777570236816,2.667670955321098,0.0676709553210979
2026-08-27,2026-11,jaox6_7400p,put,74.0,3.32,0.4154825254006624,0.0113100715468518,0.4156364356402203,0.0001539102395579084,3.3620941672459077,3.3640512137780165,0.0019570465321088193,0.042094167245907865,0.044051213778016685,3.3768010485684674,0.0568010485684675
2026-08-27,2026-11,jaox6_7450p,put,74.5,3.52,0.4154825254006624,0.0113100715468518,0.4156364356402203,0.0001539102395579084,3.556117161005239,3.558106852236535,0.00198969123129622,0.036117161005238874,0.038106852236535094,3.5710284383219606,0.0510284383219605
2026-08-27,2026-11,jaox6_7500p,put,75.0,3.73,0.4154825254006624,0.0113100715468518,0.4156364356402203,0.0001539102395579084,3.7569385626002454,3.75895866945012,0.0020201068498746366,0.026938562600245408,0.028958669450120045,3.7719793369267696,0.0419793369267695
2026-08-27,2026-11,jaox6_7600p,put,76.0,4.17,0.4154825254006624,0.0113100715468518,0.4156364356402203,0.0001539102395579084,4.179015821084583,4.181089827360214,0.002074006275631035,0.009015821084583209,0.011089827360214244,4.194058755346773,0.0240587553467728
2026-08-27,2026-11,jaox6_7800p,put,78.0,5.14,0.4154825254006624,0.0113100715468518,0.4156364356402203,0.0001539102395579084,5.104713715439841,5.106866608337694,0.0021528928978531425,-0.0352862845601587,-0.033133391662305556,5.120374336994863,-0.0196256630051365
2026-08-27,2026-11,jaox6_8000p,put,80.0,6.22,0.4154825254006624,0.0113100715468518,0.4156364356402203,0.0001539102395579084,6.13760970620682,6.1398020284159935,0.0021923222091739802,-0.08239029379318019,-0.08019797158400621,6.152565822211831,-0.0674341777881686
2026-08-27,2026-11,jaox6_8200p,put,82.0,7.42,0.4154825254006624,0.0113100715468518,0.4156364356402203,0.0001539102395579084,7.274281438134341,7.276474558245168,0.0021931201108271736,-0.14571856186565935,-0.14352544175483217,7.289053168530905,-0.1309468314690951
2026-08-27,2026-11,jaox6_8950c,call,89.5,3.02,0.4154825254006624,0.0113100715468518,0.4156364356402203,0.0001539102395579084,2.563777518613219,2.5656907652807326,0.0019132466675135795,-0.456222481386781,-0.45430923471926743,2.5918694586648936,-0.4281305413351064
2026-08-27,2026-11,jaox6_9000c,call,90.0,2.91,0.4154825254006624,0.0113100715468518,0.4156364356402203,0.0001539102395579084,2.4486612303635598,2.450544174112516,0.0018829437489560341,-0.4613387696364404,-0.45945582588748435,2.476481129031116,-0.433518870968884
2026-08-27,2026-11,jaox6_9000p,put,90.0,13.14,0.4154825254006624,0.0113100715468518,0.4156364356402203,0.0001539102395579084,12.74376222162422,12.745645165373174,0.0018829437489547018,-0.3962377783757809,-0.3943548346268262,12.756881777591776,-0.3831182224082248
2026-08-27,2026-11,jaox6_9025c,call,90.25,2.86,0.4154825254006624,0.0113100715468518,0.4156364356402203,0.0001539102395579084,2.39276188224559,2.3946293107784933,0.0018674285329032259,-0.4672381177544098,-0.4653706892215066,2.420505732272156,-0.4394942677278437
2026-08-27,2026-11,jaox6_9100c,call,91.0,2.72,0.4154825254006624,0.0113100715468518,0.4156364356402203,0.0001539102395579084,2.231517497281079,2.2333370575357883,0.001819560254709085,-0.488482502718921,-0.48666294246421193,2.259167500630788,-0.4608324993692121
2026-08-27,2026-11,jaox6_9196c,call,91.96,2.55,0.4154825254006624,0.0113100715468518,0.4156364356402203,0.0001539102395579084,2.0387335271747693,2.0404892928975826,0.0017557657228133294,-0.5112664728252305,-0.5095107071024172,2.066541147845014,-0.4834588521549858
2026-08-27,2026-11,jaox6_9200c,call,92.0,2.54,0.4154825254006624,0.0113100715468518,0.4156364356402203,0.0001539102395579084,2.0310212737481375,2.0327743278307757,0.0017530540826382612,-0.5089787262518626,-0.5072256721692243,2.058847792625887,-0.4811522073741132
2026-08-27,2026-11,jaox6_9225c,call,92.25,2.5,0.4154825254006624,0.0113100715468518,0.4156364356402203,0.0001539102395579084,1.9833860496842728,1.9851220690580433,0.0017360193737705476,-0.5166139503157272,-0.5148779309419567,2.011333036952656,-0.4886669630473439
2026-08-27,2026-11,jaox6_9348c,call,93.48,2.3,0.4154825254006624,0.0113100715468518,0.4156364356402203,0.0001539102395579084,1.762806912670134,1.7644572361671826,0.0016503234970486336,-0.5371930873298658,-0.5355427638328172,1.7911419734744032,-0.5088580265255966
2026-08-27,2026-11,jaox6_9353c,call,93.53,2.3,0.4154825254006624,0.0113100715468518,0.4156364356402203,0.0001539102395579084,1.754309707860111,1.7559564918396822,0.001646783979571076,-0.5456902921398887,-0.5440435081603177,1.7826517453902933,-0.5173482546097066
2026-08-27,2026-11,jaox6_9435c,call,94.35,2.18,0.4154825254006624,0.0113100715468518,0.4156364356402203,0.0001539102395579084,1.6199579497648755,1.6215462145230533,0.0015882647581777487,-0.5600420502351247,-0.5584537854769469,1.6483004140446174,-0.5316995859553828
2026-08-27,2026-11,jaox6_9911c,call,99.11,1.61,0.4154825254006624,0.0113100715468518,0.4156364356402203,0.0001539102395579084,1.0044861409867714,1.0057305422958123,0.00124440130904091,-0.6055138590132287,-0.6042694577041878,1.0331441302280369,-0.5768558697719632
2026-08-27,2027-03,jaoh7_6800p,put,68.0,4.62,0.4154825254006624,0.0113100715468518,0.4156364356402203,0.0001539102395579084,5.687810715549192,5.690765153845302,0.0029544382961095295,1.067810715549192,1.0707651538453016,5.697367722440617,1.0773677224406173
2026-08-27,2027-03,jaoh7_6900p,put,69.0,5.01,0.4154825254006624,0.0113100715468518,0.4156364356402203,0.0001539102395579084,6.1324935632327735,6.135507722202854,0.003014158970080061,1.1224935632327737,1.1255077222028538,6.142530768218118,1.1325307682181185
2026-08-27,2027-03,jaoh7_7000p,put,70.0,5.43,0.4154825254006624,0.0113100715468518,0.4156364356402203,0.0001539102395579084,6.595693035939437,6.598760300323438,0.003067264384000623,1.1656930359394373,1.168760300323438,6.606089041058687,1.1760890410586873
2026-08-27,2027-03,jaoh7_7100p,put,71.0,5.87,0.4154825254006624,0.0113100715468518,0.4156364356402203,0.0001539102395579084,7.077200822362353,7.080314512013204,0.003113689650851015,1.2072008223623527,1.2103145120132037,7.087463238520689,1.217463238520689
2026-08-27,2027-03,jaoh7_7150p,put,71.5,6.1,0.4154825254006624,0.0113100715468518,0.4156364356402203,0.0001539102395579084,7.324745731073753,7.327880121041858,0.0031343899681051113,1.224745731073753,1.2278801210418582,7.335071861108251,1.235071861108251
2026-08-27,2027-03,jaoh7_7400p,put,74.0,7.34,0.4154825254006624,0.0113100715468518,0.4156364356402203,0.0001539102395579084,8.62899198296265,8.632204909754023,0.00321292679137386,1.2889919829626493,1.2922049097540231,8.638166155228111,1.2981661552281114
2026-08-27,2027-03,jaoh7_7450p,put,74.5,7.6,0.4154825254006624,0.0113100715468518,0.4156364356402203,0.0001539102395579084,8.90287514335536,8.906098851946833,0.003223708591473695,1.3028751433553598,1.3060988519468335,8.911732691692173,1.311732691692173
2026-08-27,2027-03,jaoh7_7500p,put,75.0,7.88,0.4154825254006624,0.0113100715468518,0.4156364356402203,0.0001539102395579084,9.181005521472521,9.184238403216082,0.0032328817435605117,1.3010055214725211,1.3042384032160816,9.189508531644863,1.3095085316448634
2026-08-27,2027-03,jaoh7_8000c,call,80.0,5.31,0.4154825254006624,0.0113100715468518,0.4156364356402203,0.0001539102395579084,6.549482844136103,6.552723890538573,0.00324104640247036,1.239482844136103,1.2427238905385734,6.549181048816685,1.2391810488166852
2026-08-27,2027-03,jaoh7_8025c,call,80.25,5.24,0.4154825254006624,0.0113100715468518,0.4156364356402203,0.0001539102395579084,6.465646925616582,6.468884663960682,0.0032377383441000163,1.2256469256165818,1.2288846639606819,6.464960887960549,1.224960887960549
2026-08-27,2027-03,jaoh7_8075c,call,80.75,5.08,0.4154825254006624,0.0113100715468518,0.4156364356402203,0.0001539102395579084,6.300725389114496,6.30395553829557,0.0032301491810740046,1.220725389114496,1.22395553829557,6.299241763372997,1.219241763372997
2026-08-27,2027-03,jaoh7_8100c,call,81.0,5.01,0.4154825254006624,0.0113100715468518,0.4156364356402203,0.0001539102395579084,6.219626289793228,6.22285216630482,0.0032258765115917853,1.2096262897932286,1.2128521663048204,6.217746444777368,1.207746444777368
2026-08-27,2027-03,jaoh7_8102c,call,81.02,5.0,0.4154825254006624,0.0113100715468518,0.4156364356402203,0.0001539102395579084,6.213177277876758,6.216402798994949,0.003225521118190855,1.213177277876758,1.2164027989949489,6.211265252264022,1.2112652522640222
2026-08-27,2027-03,jaoh7_8150c,call,81.5,4.86,0.4154825254006624,0.0113100715468518,0.4156364356402203,0.0001539102395579084,6.06011755341738,6.063333949831734,0.003216396414353895,1.20011755341738,1.203333949831734,6.057478001106298,1.1974780011062975
2026-08-27,2027-03,jaoh7_8185c,call,81.85,4.77,0.4154825254006624,0.0113100715468518,0.4156364356402203,0.0001539102395579084,5.950571316477305,5.953780350423031,0.0032090339457262473,1.1805713164773053,1.1837803504230315,5.947476913405608,1.1774769134056084
2026-08-27,2027-03,jaoh7_8342c,call,83.42,4.35,0.4154825254006624,0.0113100715468518,0.4156364356402203,0.0001539102395579084,5.48002357305206,5.4831925659206,0.0031689928685398883,1.1300235730520605,1.1331925659206004,5.4754933726947295,1.1254933726947298
2026-08-27,2027-03,jaoh7_8500c,call,85.0,3.97,0.4154825254006624,0.0113100715468518,0.4156364356402203,0.0001539102395579084,5.039616858689817,5.0427348146688775,0.003117955979060838,1.0696168586898165,1.0727348146688773,5.033587058192172,1.0635870581921716
2026-08-27,2027-03,jaoh7_8525c,call,85.25,3.92,0.4154825254006624,0.0113100715468518,0.4156364356402203,0.0001539102395579084,4.972863974304984,4.975972943640239,0.003108969335255729,1.0528639743049837,1.0559729436402394,4.9665833148779965,1.0465833148779966
2026-08-27,2027-03,jaoh7_8575c,call,85.75,3.81,0.4154825254006624,0.0113100715468518,0.4156364356402203,0.0001539102395579084,4.841697052152537,4.844787344375965,0.0030902922234279373,1.0316970521525373,1.0347873443759652,4.834963586591787,1.0249635865917868
2026-08-27,2027-03,jaoh7_8675c,call,86.75,3.6,0.4154825254006624,0.0113100715468518,0.4156364356402203,0.0001539102395579084,4.588526426122259,4.5915766781136576,0.0030502519913984116,0.988526426122259,0.9915766781136575,4.581129447027448,0.9811294470274476
2026-08-27,2027-03,jaoh7_8700c,call,87.0,3.55,0.4154825254006624,0.0113100715468518,0.4156364356402203,0.0001539102395579084,4.5271028734658145,4.530142582678605,0.003039709212790065,0.9771028734658147,0.9801425826786048,4.519594937558932,0.9695949375589326
2026-08-27,2027-03,jaoh7_8705c,call,87.05,3.54,0.4154825254006624,0.0113100715468518,0.4156364356402203,0.0001539102395579084,4.514906462312252,4.517944038353258,0.0030375760410059627,0.9749064623122523,0.9779440383532583,4.507379612496422,0.9673796124964218
2026-08-27,2027-09,jaou7_5800p,put,58.0,3.45,0.4154825254006624,0.0113100715468518,0.4156364356402203,0.0001539102395579084,5.266950290331495,5.270302865595154,0.0033525752636585082,1.8169502903314951,1.8203028655951536,5.231732140685974,1.781732140685974
2026-08-27,2027-09,jaou7_5900p,put,59.0,3.71,0.4154825254006624,0.0113100715468518,0.4156364356402203,0.0001539102395579084,5.652594590869155,5.656038900121681,0.0034443092525258123,1.942594590869155,1.946038900121681,5.615098778206451,1.905098778206451
2026-08-27,2027-09,jaou7_6000p,put,60.0,3.99,0.4154825254006624,0.0113100715468518,0.4156364356402203,0.0001539102395579084,6.053128909074422,6.05666024564403,0.0035313365696083565,2.063128909074422,2.06666024564403,6.0134507434493205,2.0234507434493203
2026-08-27,2027-09,jaou7_6200p,put,62.0,4.6,0.4154825254006624,0.0113100715468518,0.4156364356402203,0.0001539102395579084,6.898335250804472,6.902025989634929,0.0036907388304570077,2.298335250804472,2.302025989634929,6.856135756877658,2.2561357568776588
2026-08-27,2027-09,jaou7_6420p,put,64.2,5.35,0.4154825254006624,0.0113100715468518,0.4156364356402203,0.0001539102395579084,7.894742121432098,7.898584924345914,0.0038428029138160014,2.5447421214320984,2.5485849243459144,7.851663500955873,2.501663500955873
2026-08-27,2027-09,jaou7_6500p,put,65.0,5.64,0.4154825254006624,0.0113100715468518,0.4156364356402203,0.0001539102395579084,8.274020531727864,8.27791248486572,0.0038919531378560634,2.634020531727864,2.63791248486572,8.230726299976416,2.590726299976416
2026-08-27,2027-09,jaou7_6750p,put,67.5,6.63,0.4154825254006624,0.0113100715468518,0.4156364356402203,0.0001539102395579084,9.515933274093051,9.519957653148003,0.004024379054952121,2.885933274093051,2.889957653148003,9.473183527473886,2.8431835274738857
2026-08-27,2027-09,jaou7_6800p,put,68.0,6.85,0.4154825254006624,0.0113100715468518,0.4156364356402203,0.0001539102395579084,9.774402932331437,9.778449972209586,0.004047039878148695,2.9244029323314376,2.9284499722095862,9.73172032055258,2.88172032055258
2026-08-27,2027-09,jaou7_6820c,call,68.2,9.61,0.4154825254006624,0.0113100715468518,0.4156364356402203,0.0001539102395579084,12.552613119911731,12.556668870508458,0.004055750596727137,2.942613119911732,2.946668870508459,12.439867259351594,2.8298672593515946
2026-08-27,2027-09,jaou7_6825c,call,68.25,9.58,0.4154825254006624,0.0113100715468518,0.4156364356402203,0.0001539102395579084,12.53093951915367,12.534997415949578,0.004057896795908178,2.9509395191536694,2.9549974159495775,12.418216364354423,2.838216364354423
2026-08-27,2027-09,jaou7_6860c,call,68.6,9.4,0.4154825254006624,0.0113100715468518,0.4156364356402203,0.0001539102395579084,12.380140364957548,12.384212933452647,0.0040725684950988494,2.9801403649575473,2.984212933452646,12.267641535532148,2.8676415355321474
2026-08-27,2027-09,jaou7_6900c,call,69.0,9.2,0.4154825254006624,0.0113100715468518,0.4156364356402203,0.0001539102395579084,12.209751525987452,12.213840111197731,0.0040885852102796605,3.0097515259874523,3.013840111197732,12.097655344661929,2.897655344661929
2026-08-27,2027-09,jaou7_6900p,put,69.0,7.29,0.4154825254006624,0.0113100715468518,0.4156364356402203,0.0001539102395579084,10.301190658174239,10.305279243384518,0.0040885852102796605,3.0111906581742387,3.0152792433845184,10.259227639277452,2.9692276392774515
2026-08-27,2027-09,jaou7_6905c,call,69.05,9.17,0.4154825254006624,0.0113100715468518,0.4156364356402203,0.0001539102395579084,12.188598651857161,12.192689183048001,0.004090531190840352,3.018598651857161,3.0226891830480014,12.076560505825087,2.9065605058250874
2026-08-27,2027-09,jaou7_6930c,call,69.3,9.05,0.4154825254006624,0.0113100715468518,0.4156364356402203,0.0001539102395579084,12.083317852713892,12.087417927430325,0.004100074716433255,3.033317852713891,3.037417927430324,11.971589070327536,2.921589070327535
2026-08-27,2027-09,jaou7_7000c,call,70.0,8.7,0.4154825254006624,0.0113100715468518,0.4156364356402203,0.0001539102395579084,11.792791197696868,11.796916350572312,0.004125152875444016,3.0927911976968687,3.0969163505723127,11.682171717779942,2.982171717779943
2026-08-27,2027-09,jaou7_7000p,put,70.0,7.75,0.4154825254006624,0.0113100715468518,0.4156364356402203,0.0001539102395579084,10.840902444075747,10.84502759695119,0.004125152875444016,3.0909024440757467,3.0950275969511907,10.800416126587557,3.0504161265875567
2026-08-27,2027-09,jaou7_7110c,call,71.1,8.18,0.4154825254006624,0.0113100715468518,0.4156364356402203,0.0001539102395579084,11.348758477584978,11.352918203758007,0.004159726173028844,3.168758477584978,3.172918203758007,11.2403611316249,3.0603611316249
2026-08-27,2027-09,jaou7_7200c,call,72.0,7.77,0.4154825254006624,0.0113100715468518,0.4156364356402203,0.0001539102395579084,10.996620093357098,11.000803789270014,0.004183695912916008,3.2266200933570985,3.2308037892700145,10.890304423955255,3.120304423955256
2026-08-27,2027-09,jaou7_7335c,call,73.35,7.2,0.4154825254006624,0.0113100715468518,0.4156364356402203,0.0001539102395579084,10.486797949651113,10.491010498113436,0.00421254846232344,3.2867979496511124,3.291010498113436,10.3832856064162,3.1832856064162
2026-08-27,2027-09,jaou7_7400c,call,74.0,6.93,0.4154825254006624,0.0113100715468518,0.4156364356402203,0.0001539102395579084,10.249028189684084,10.253251665123818,0.004223475439733448,3.3190281896840848,3.323251665123818,10.146725068064615,3.216725068064616
2026-08-27,2027-09,jaou7_7400p,put,74.0,9.81,0.4154825254006624,0.0113100715468518,0.4156364356402203,0.0001539102395579084,13.12382789283133,13.128051368271063,0.004223475439733448,3.3138278928313287,3.318051368271062,13.0916579336406,3.2816579336405987
2026-08-27,2027-09,jaou7_7450c,call,74.5,6.73,0.4154825254006624,0.0113100715468518,0.4156364356402203,0.0001539102395579084,10.06946942669336,10.073700026356153,0.004230599662793821,3.339469426693359,3.343700026356153,9.968143373582734,3.2381433735827336
2026-08-27,2027-09,jaou7_7450p,put,74.5,10.09,0.4154825254006624,0.0113100715468518,0.4156364356402203,0.0001539102395579084,13.42260518693665,13.426835786599444,0.004230599662793821,3.33260518693665,3.336835786599444,13.391412296254762,3.301412296254762
2026-08-27,2027-09,jaou7_7500c,call,75.0,6.54,0.4154825254006624,0.0113100715468518,0.4156364356402203,0.0001539102395579084,9.892778539164016,9.897015167234176,0.004236628070160009,3.3527785391640164,3.3570151672341764,9.792458541049983,3.2524585410499838
2026-08-27,2027-09,jaou7_7500p,put,75.0,10.38,0.4154825254006624,0.0113100715468518,0.4156364356402203,0.0001539102395579084,13.724250356503353,13.728486984573513,0.004236628070160009,3.344250356503352,3.348486984573512,13.694063520818055,3.3140635208180544
2026-08-27,2027-09,jaou7_7542c,call,75.42,6.38,0.4154825254006624,0.0113100715468518,0.4156364356402203,0.0001539102395579084,9.746549554238639,9.75079041178765,0.0042408575490107125,3.366549554238639,3.3707904117876497,9.647015489569254,3.2670154895692542
2026-08-27,2027-09,jaou7_7550c,call,75.5,6.35,0.4154825254006624,0.0113100715468518,0.4156364356402203,0.0001539102395579084,9.71892144271882,9.723163020433175,0.0042415777143549604,3.36892144271882,3.373163020433175,9.619540884644024,3.269540884644025
2026-08-27,2027-09,jaou7_7600c,call,76.0,6.17,0.4154825254006624,0.0113100715468518,0.4156364356402203,0.0001539102395579084,9.54786398904265,9.552109455103135,0.00424546606048537,3.37786398904265,3.3821094551031354,9.449409755419357,3.2794097554193566
2026-08-27,2027-09,jaou7_7610c,call,76.1,6.13,0.4154825254006624,0.0113100715468518,0.4156364356402203,0.0001539102395579084,9.513985447239415,9.518231565177192,0.004246117937777072,3.3839854472394153,3.3882315651771924,9.41570847157863,3.285708471578631
2026-08-27,2027-09,jaou7_7705c,call,77.05,5.8,0.4154825254006624,0.0113100715468518,0.4156364356402203,0.0001539102395579084,9.197604058391596,9.201854315238037,0.004250256846441758,3.397604058391596,3.4018543152380376,9.100931483520515,3.3009314835205155
2026-08-27,2027-09,jaou7_7710c,call,77.1,5.79,0.4154825254006624,0.0113100715468518,0.4156364356402203,0.0001539102395579084,9.181223820287931,9.185474193365819,0.004250373077887559,3.391223820287931,3.3954741933658186,9.084632819626636,3.294632819626636
2026-08-27,2027-09,jaou7_7725c,call,77.25,5.74,0.4154825254006624,0.0113100715468518,0.4156364356402203,0.0001539102395579084,9.132244380933912,9.136495042596517,0.004250661662604571,3.392244380933912,3.3964950425965164,9.03590665706736,3.295906657067359
2026-08-27,2028-03,jaoh8_5740p,put,57.4,3.95,0.4154825254006624,0.0113100715468518,0.4156364356402203,0.0001539102395579084,7.272656907978362,7.276726461871959,0.004069553893597089,3.322656907978362,3.326726461871959,7.281744383625979,3.3317443836259786
2026-08-27,2028-03,jaoh8_5900p,put,59.0,4.42,0.4154825254006624,0.0113100715468518,0.4156364356402203,0.0001539102395579084,7.973645680007259,7.9778466623433495,0.004200982336090675,3.553645680007259,3.5578466623433496,7.983440614438588,3.563440614438588
2026-08-27,2028-03,jaoh8_6000p,put,60.0,4.73,0.4154825254006624,0.0113100715468518,0.4156364356402203,0.0001539102395579084,8.42775606662032,8.432033478310354,0.0042774116900332615,3.69775606662032,3.7020334783103532,8.437713283469158,3.7077132834691575
2026-08-27,2028-03,jaoh8_6151c,call,61.51,12.52,0.4154825254006624,0.0113100715468518,0.4156364356402203,0.0001539102395579084,16.407989719189754,16.412374162328916,0.0043844431391626415,3.887989719189754,3.8923741623289168,16.4080726894426,3.888072689442602
2026-08-27,2028-03,jaoh8_6165p,put,61.65,5.27,0.4154825254006624,0.0113100715468518,0.4156364356402203,0.0001539102395579084,9.203346019882142,9.20773987571715,0.004393855835008509,3.9333460198821424,3.937739875717151,9.213117874130406,3.9431178741304063
2026-08-27,2028-03,jaoh8_6200c,call,62.0,12.23,0.4154825254006624,0.0113100715468518,0.4156364356402203,0.0001539102395579084,16.184958026281535,16.189375035179367,0.00441700889783192,3.9549580262815347,3.9593750351793666,16.1848805285614,3.9548805285614
2026-08-27,2028-03,jaoh8_6200p,put,62.0,5.4,0.4154825254006624,0.0113100715468518,0.4156364356402203,0.0001539102395579084,9.372007862519109,9.37642487141694,0.00441700889783192,3.972007862519108,3.97642487141694,9.381661338959075,3.981661338959075
2026-08-27,2028-03,jaoh8_6250p,put,62.5,5.57,0.4154825254006624,0.0113100715468518,0.4156364356402203,0.0001539102395579084,9.61543290338996,9.619882050914702,0.004449147524741903,4.04543290338996,4.049882050914702,9.624893534557575,4.054893534557575
2026-08-27,2028-03,jaoh8_6420c,call,64.2,10.98,0.4154825254006624,0.0113100715468518,0.4156364356402203,0.0001539102395579084,15.217800608485918,15.222350821798344,0.004550213312425555,4.237800608485918,4.242350821798343,15.216495247941609,4.236495247941608
2026-08-27,2028-03,jaoh8_6500c,call,65.0,10.55,0.4154825254006624,0.0113100715468518,0.4156364356402203,0.0001539102395579084,14.87968919229432,14.884282614176437,0.004593421882116644,4.329689192294319,4.334282614176436,14.877920464318674,4.327920464318673
2026-08-27,2028-03,jaoh8_6500p,put,65.0,6.54,0.4154825254006624,0.0113100715468518,0.4156364356402203,0.0001539102395579084,10.875447645963966,10.880041067846083,0.004593421882116644,4.335447645963966,4.340041067846083,10.88340989214842,4.343409892148419
2026-08-27,2028-03,jaoh8_6600c,call,66.0,10.03,0.4154825254006624,0.0113100715468518,0.4156364356402203,0.0001539102395579084,14.466981876455446,14.471625441969245,0.004643565513799075,4.436981876455446,4.441625441969245,14.46428577515929,4.434285775159291
2026-08-27,2028-03,jaoh8_6600p,put,66.0,6.96,0.4154825254006624,0.0113100715468518,0.4156364356402203,0.0001539102395579084,11.398976535935782,11.403620101449581,0.004643565513799075,4.438976535935782,4.443620101449581,11.406011408799728,4.446011408799728
2026-08-27,2028-03,jaoh8_6750p,put,67.5,7.62,0.4154825254006624,0.0113100715468518,0.4156364356402203,0.0001539102395579084,12.204516746655699,12.20922759384524,0.0047108471895409565,4.584516746655699,4.58922759384524,12.210069977714204,4.590069977714204
2026-08-27,2028-03,jaoh8_6775c,call,67.75,9.17,0.4154825254006624,0.0113100715468518,0.4156364356402203,0.0001539102395579084,13.770684023566547,13.775405172245636,0.0047211486790885715,4.600684023566547,4.605405172245636,13.766233845283727,4.596233845283727
2026-08-27,2028-03,jaoh8_6875c,call,68.75,8.7,0.4154825254006624,0.0113100715468518,0.4156364356402203,0.0001539102395579084,13.387248517091903,13.392008308426428,0.0047597913345249765,4.687248517091904,4.692008308426429,13.381963938470417,4.6819639384704175
2026-08-27,2028-03,jaoh8_6890c,call,68.9,8.63,0.4154825254006624,0.0113100715468518,0.4156364356402203,0.0001539102395579084,13.330621316601421,13.335386553812151,0.004765237210730078,4.700621316601421,4.705386553812151,13.325250009991244,4.695250009991243
2026-08-27,2028-03,jaoh8_7000c,call,70.0,8.14,0.4154825254006624,0.0113100715468518,0.4156364356402203,0.0001539102395579084,12.922321496732577,12.927123919607293,0.004802422874716328,4.7823214967325764,4.787123919607293,12.916407043736925,4.776407043736924
2026-08-27,2028-03,jaoh8_7000p,put,70.0,8.82,0.4154825254006624,0.0113100715468518,0.4156364356402203,0.0001539102395579084,13.599260979455678,13.604063402330395,0.004802422874716328,4.779260979455678,4.7840634023303945,13.60307750062013,4.783077500620129
2026-08-27,2028-03,jaoh8_7110c,call,71.1,7.67,0.4154825254006624,0.0113100715468518,0.4156364356402203,0.0001539102395579084,12.52607475939573,12.530909610770193,0.004834851374463156,4.85607475939573,4.860909610770193,12.519432005631344,4.8494320056313445
2026-08-27,2028-03,jaoh8_7275c,call,72.75,7.01,0.4154825254006624,0.0113100715468518,0.4156364356402203,0.0001539102395579084,11.953667566840648,11.958542414666695,0.0048748478260467465,4.943667566840649,4.948542414666695,11.946310527337884,4.936310527337884
2026-08-27,2028-03,jaoh8_7340c,call,73.4,6.76,0.4154825254006624,0.0113100715468518,0.4156364356402203,0.0001539102395579084,11.735225604035072,11.740113443025026,0.004887838989953153,4.975225604035073,4.980113443025026,11.727634468042032,4.967634468042032
2026-08-27,2028-03,jaoh8_7450c,call,74.5,6.37,0.4154825254006624,0.0113100715468518,0.4156364356402203,0.0001539102395579084,11.374398558135093,11.37930493414091,0.004906376005816782,5.004398558135093,5.00930493414091,11.365934205861398,4.995934205861398
2026-08-27,2028-03,jaoh8_7450p,put,74.5,11.26,0.4154825254006624,0.0113100715468518,0.4156364356402203,0.0001539102395579084,16.264400967006303,16.269307343012123,0.004906376005820334,5.004400967006303,5.009307343012123,16.26566758889272,5.005667588892719
2026-08-27,2028-03,jaoh8_7500c,call,75.0,6.19,0.4154825254006624,0.0113100715468518,0.4156364356402203,0.0001539102395579084,11.213997198927169,11.218910599650199,0.004913400723030037,5.023997198927169,5.028910599650199,11.205091858870178,5.015091858870178
2026-08-27,2028-03,jaoh8_7550c,call,75.5,6.03,0.4154825254006624,0.0113100715468518,0.4156364356402203,0.0001539102395579084,11.055815275365914,11.060734843872003,0.004919568506089433,5.025815275365914,5.030734843872003,11.04652902096329,5.016529020963289
2026-08-27,2028-03,jaoh8_7670c,call,76.7,5.64,0.4154825254006624,0.0113100715468518,0.4156364356402203,0.0001539102395579084,10.685075343797163,10.690006300354563,0.004930956557400279,5.045075343797163,5.050006300354563,10.674910816999796,5.034910816999797
2026-08-27,2028-03,jaoh8_7700c,call,77.0,5.55,0.4154825254006624,0.0113100715468518,0.4156364356402203,0.0001539102395579084,10.594321262901861,10.599254329774812,0.004933066872951031,5.044321262901861,5.049254329774812,10.58399613489228,5.03399613489228
2026-08-27,2028-03,jaoh8_7775c,call,77.75,5.33,0.4154825254006624,0.0113100715468518,0.4156364356402203,0.0001539102395579084,10.37075339794661,10.375690484196781,0.0049370862501714186,5.0407533979466095,5.045690484196781,10.360186911152736,5.030186911152736
2026-08-27,2028-09,jaou8_5000p,put,50.0,2.77,0.4154825254006624,0.0113100715468518,0.4156364356402203,0.0001539102395579084,5.934569633993821,5.938487263006753,0.003917629012931911,3.1645696339938207,3.1684872630067527,5.953907865941417,3.1839078659414173
2026-08-27,2028-09,jaou8_5500p,put,55.0,3.96,0.4154825254006624,0.0113100715468518,0.4156364356402203,0.0001539102395579084,7.963967979532887,7.968378187678715,0.00441020814582771,4.003967979532887,4.008378187678715,7.986594603842332,4.026594603842332
2026-08-27,2028-09,jaou8_5700p,put,57.0,4.52,0.4154825254006624,0.0113100715468518,0.4156364356402203,0.0001539102395579084,8.855089923283158,8.859669793548862,0.0045798702657045,4.335089923283158,4.339669793548863,8.878046312941976,4.358046312941976
2026-08-27,2028-09,jaou8_5740p,put,57.4,4.64,0.4154825254006624,0.0113100715468518,0.4156364356402203,0.0001539102395579084,9.038543417665915,9.043155307935086,0.004611890269170971,4.398543417665915,4.403155307935086,9.061466279045812,4.421466279045812
2026-08-27,2028-09,jaou8_6151c,call,61.51,12.04,0.4154825254006624,0.0113100715468518,0.4156364356402203,0.0001539102395579084,17.09190530135304,17.09680939751663,0.004904096163588889,5.051905301353042,5.056809397516631,17.228332622631097,5.188332622631098
2026-08-27,2028-09,jaou8_6165p,put,61.65,5.99,0.4154825254006624,0.0113100715468518,0.4156364356402203,0.0001539102395579084,11.091225282303126,11.096138161475073,0.004912879171946827,5.101225282303126,5.106138161475073,11.111683483413904,5.121683483413904
2026-08-27,2028-09,jaou8_6200p,put,62.0,6.11,0.4154825254006624,0.0113100715468518,0.4156364356402203,0.0001539102395579084,11.268441478767997,11.273375982636352,0.004934503868355478,5.158441478767997,5.163375982636352,11.28854310255755,5.17854310255755
2026-08-27,2028-09,jaou8_6250p,put,62.5,6.28,0.4154825254006624,0.0113100715468518,0.4156364356402203,0.0001539102395579084,11.523694308132828,11.528658882784445,0.00496457465161626,5.243694308132828,5.2486588827844445,11.543280034978505,5.2632800349785045
2026-08-27,2028-09,jaou8_6500c,call,65.0,10.1,0.4154825254006624,0.0113100715468518,0.4156364356402203,0.0001539102395579084,15.711329553593778,15.716430195214693,0.0051006416209151695,5.611329553593778,5.6164301952146936,15.844610557411906,5.744610557411907
2026-08-27,2028-09,jaou8_6500p,put,65.0,7.21,0.4154825254006624,0.0113100715468518,0.4156364356402203,0.0001539102395579084,12.835966931647908,12.841067573268823,0.0051006416209151695,5.625966931647908,5.631067573268823,12.853420273119388,5.643420273119388
2026-08-27,2028-09,jaou8_6570c,call,65.7,9.73,0.4154825254006624,0.0113100715468518,0.4156364356402203,0.0001539102395579084,15.448246605085266,15.453381157201525,0.005134552116258462,5.718246605085266,5.7233811572015245,15.58138998021598,5.851389980215979
2026-08-27,2028-09,jaou8_6600c,call,66.0,9.58,0.4154825254006624,0.0113100715468518,0.4156364356402203,0.0001539102395579084,15.336867003684125,15.342015538898483,0.0051485352143583185,5.756867003684125,5.762015538898483,15.469980234132294,5.8899802341322935
2026-08-27,2028-09,jaou8_6650c,call,66.5,9.33,0.4154825254006624,0.0113100715468518,0.4156364356402203,0.0001539102395579084,15.153041961188066,15.158213075028595,0.005171113840528818,5.823041961188066,5.828213075028595,15.286167156294225,5.956167156294224
2026-08-27,2028-09,jaou8_6750p,put,67.5,8.25,0.4154825254006624,0.0113100715468518,0.4156364356402203,0.0001539102395579084,14.206022559049082,14.211236137258595,0.005213578209513514,5.956022559049082,5.961236137258595,14.223369119992514,5.973369119992514
2026-08-27,2028-09,jaou8_6775c,call,67.75,8.72,0.4154825254006624,0.0113100715468518,0.4156364356402203,0.0001539102395579084,14.703220802064981,14.708444441944042,0.005223639879060826,5.983220802064981,5.988444441944042,14.836388169381904,6.116388169381903
2026-08-27,2028-09,jaou8_7000c,call,70.0,7.72,0.4154825254006624,0.0113100715468518,0.4156364356402203,0.0001539102395579084,13.927608645263666,13.932913109591217,0.005304464327551273,6.207608645263666,6.212913109591217,14.061073692804005,6.341073692804005
2026-08-27,2028-09,jaou8_7000p,put,70.0,9.43,0.4154825254006624,0.0113100715468518,0.4156364356402203,0.0001539102395579084,15.630848924505507,15.636153388833058,0.005304464327551273,6.200848924505507,6.206153388833059,15.648486309699194,6.218486309699195
2026-08-27,2028-09,jaou8_7110c,call,71.1,7.28,0.4154825254006624,0.0113100715468518,0.4156364356402203,0.0001539102395579084,13.563827477958128,13.569165257312406,0.005337779354277927,6.283827477958128,6.289165257312406,13.697247665061544,6.417247665061544
2026-08-27,2028-09,jaou8_7275c,call,72.75,6.66,0.4154825254006624,0.0113100715468518,0.4156364356402203,0.0001539102395579084,13.036424503132324,13.0418049338059,0.005380430673575631,6.3764245031323235,6.381804933805899,13.169274539807851,6.509274539807851
2026-08-27,2028-09,jaou8_7340c,call,73.4,6.43,0.4154825254006624,0.0113100715468518,0.4156364356402203,0.0001539102395579084,12.834524104538826,12.83991899726576,0.005394892726934941,6.404524104538826,6.409918997265761,12.967028466210357,6.537028466210357
2026-08-27,2028-09,jaou8_7450c,call,74.5,6.06,0.4154825254006624,0.0113100715468518,0.4156364356402203,0.0001539102395579084,12.500201427318892,12.505617875899427,0.005416448580534805,6.440201427318892,6.445617875899427,12.632224573625628,6.572224573625628
2026-08-27,2028-09,jaou8_7450p,put,74.5,11.91,0.4154825254006624,0.0113100715468518,0.4156364356402203,0.0001539102395579084,18.324184317629673,18.329600766210206,0.005416448580533029,6.4141843176296724,6.4196007662102055,18.34037980158976,6.430379801589758
2026-08-27,2028-09,jaou8_7500c,call,75.0,5.9,0.4154825254006624,0.0113100715468518,0.4156364356402203,0.0001539102395579084,12.351239941564828,12.356665001742975,0.005425060178147589,6.451239941564827,6.456665001742975,12.483095894260009,6.583095894260008
2026-08-27,2028-09,jaou8_7560c,call,75.6,5.71,0.4154825254006624,0.0113100715468518,0.4156364356402203,0.0001539102395579084,12.174921461415082,12.180355897987626,0.005434436572544499,6.464921461415082,6.470355897987626,12.306598422522145,6.596598422522145
2026-08-27,2028-09,jaou8_7670c,call,76.7,5.38,0.4154825254006624,0.0113100715468518,0.4156364356402203,0.0001539102395579084,11.858452134913987,11.863901109334089,0.0054489744201013934,6.478452134913987,6.483901109334089,11.989783784972026,6.609783784972026
2026-08-27,2028-09,jaou8_7925c,call,79.25,4.69,0.4154825254006624,0.0113100715468518,0.4156364356402203,0.0001539102395579084,11.157450431134148,11.162920491703643,0.005470060569495061,6.467450431134147,6.4729204917036425,11.287436976772016,6.597436976772015
2026-08-27,2028-09,jaou8_8000c,call,80.0,4.51,0.4154825254006624,0.0113100715468518,0.4156364356402203,0.0001539102395579084,10.959648866109132,10.965121934849986,0.005473068740853293,6.449648866109133,6.455121934849986,11.08895425629666,6.57895425629666
2026-08-28,2026-09,jaou6_10000c,call,100.0,0.08,0.4151487711068752,0.0112064512769346,0.41529999602910056,0.000151224922225357,0.023090244477194453,0.02315724439934172,6.699992214726641e-05,-0.05690975552280555,-0.05684275560065828,0.0218679488088946,-0.0581320511911054
2026-08-28,2026-09,jaou6_10205c,call,102.05,0.05,0.4151487711068752,0.0112064512769346,0.41529999602910056,0.000151224922225357,0.01076059949723574,0.010796953451350141,3.6353954114401454e-05,-0.03923940050276426,-0.03920304654864986,0.0098433119897583,-0.0401566880102417
2026-08-28,2026-09,jaou6_10240c,call,102.4,0.05,0.4151487711068752,0.0112064512769346,0.41529999602910056,0.000151224922225357,0.009411101119257033,0.009443692110775868,3.2590991518834794e-05,-0.04058889888074297,-0.04055630788922414,0.008521285685449,-0.041478714314551
2026-08-28,2026-09,jaou6_10300c,call,103.0,0.04,0.4151487711068752,0.0112064512769346,0.41529999602910056,0.000151224922225357,0.0074615614125391055,0.007488499064751929,2.6937652212823127e-05,-0.032538438587460895,-0.03251150093524807,0.0066328114844663,-0.0333671885155337
2026-08-28,2026-09,jaou6_10500c,call,105.0,0.03,0.4151487711068752,0.0112064512769346,0.41529999602910056,0.000151224922225357,0.0033689889796234894,0.0033828674556720655,1.3878476048576147e-05,-0.02663101102037651,-0.02661713254432793,0.0028287268443781,-0.0271712731556219
2026-08-28,2026-09,jaou6_10520c,call,105.2,0.03,0.4151487711068752,0.0112064512769346,0.41529999602910056,0.000151224922225357,0.0031059896849802604,0.0031189477322942204,1.2958047313960021e-05,-0.02689401031501974,-0.026881052267705777,0.0025917874718091,-0.0274082125281909
2026-08-28,2026-09,jaou6_10825c,call,108.25,0.02,0.4151487711068752,0.0112064512769346,0.41529999602910056,0.000151224922225357,0.0008658414800276322,0.0008701753348219411,4.3338547943088225e-06,-0.01913415851997237,-0.01912982466517806,0.0005474832148698,-0.0194525167851302
2026-08-28,2026-09,jaou6_7200p,put,72.0,0.11,0.4151487711068752,0.0112064512769346,0.41529999602910056,0.000151224922225357,0.08189258986108072,0.08205973943329958,0.00016714957221886095,-0.028107410138919278,-0.027940260566700417,0.0796937535647094,-0.0303062464352906
2026-08-28,2026-09,jaou6_7400p,put,74.0,0.21,0.4151487711068752,0.0112064512769346,0.41529999602910056,0.000151224922225357,0.19376620692264268,0.19406950916503085,0.0003033022423881704,-0.01623379307735731,-0.01593049083496914,0.1904298639642327,-0.0195701360357672
2026-08-28,2026-09,jaou6_7450p,put,74.5,0.25,0.4151487711068752,0.0112064512769346,0.41529999602910056,0.000151224922225357,0.23578611759164403,0.23613050131722524,0.0003443837255812099,-0.014213882408355971,-0.013869498682774761,0.232199503088716,-0.0178004969112839
2026-08-28,2026-09,jaou6_7500p,put,75.0,0.29,0.4151487711068752,0.0112064512769346,0.41529999602910056,0.000151224922225357,0.28486903018455667,0.28525679097952317,0.0003877607949664963,-0.005130969815443309,-0.004743209020476813,0.2806520454518509,-0.009347954548149
2026-08-28,2026-09,jaou6_7600p,put,76.0,0.4,0.4151487711068752,0.0112064512769346,0.41529999602910056,0.000151224922225357,0.4073173161712731,0.40779702876147006,0.0004797125901969679,0.0073173161712730694,0.007797028761470037,0.4010599579992887,0.0010599579992886
2026-08-28,2026-09,jaou6_7750p,put,77.5,0.64,0.4151487711068752,0.0112064512769346,0.41529999602910056,0.000151224922225357,0.6634403355086915,0.6640628657632828,0.000622530254591247,0.023440335508691512,0.02406286576328276,0.6539856828815188,0.0139856828815188
2026-08-28,2026-09,jaou6_7800p,put,78.0,0.74,0.4151487711068752,0.0112064512769346,0.41529999602910056,0.000151224922225357,0.7711828839415062,0.771851821697183,0.0006689377556767795,0.031182883941506256,0.031851821697183036,0.760610936501431,0.0206109365014309
2026-08-28,2026-09,jaou6_8000p,put,80.0,1.28,0.4151487711068752,0.0112064512769346,0.41529999602910056,0.000151224922225357,1.3318731932111008,1.3327041135165794,0.0008309203054785996,0.05187319321110073,0.05270411351657933,1.3171520291757743,0.0371520291757743
2026-08-28,2026-09,jaou6_8200p,put,82.0,2.08,0.4151487711068752,0.0112064512769346,0.41529999602910056,0.000151224922225357,2.123040464780239,2.12396844155854,0.0009279767783012538,0.04304046478023871,0.04396844155853996,2.106114373041432,0.0261143730414317
2026-08-28,2026-09,jaou6_8250p,put,82.5,2.32,0.4151487711068752,0.0112064512769346,0.41529999602910056,0.000151224922225357,2.358874959139063,2.359814139595813,0.0009391804567502327,0.03887495913906314,0.03981413959581337,2.3418831019124258,0.0218831019124259
2026-08-28,2026-09,jaou6_9100c,call,91.0,0.49,0.4151487711068752,0.0112064512769346,0.41529999602910056,0.000151224922225357,0.410977981975889,0.41148159348031277,0.0005036115044237954,-0.07902201802411102,-0.07851840651968722,0.4043976445922875,-0.0856023554077125
2026-08-28,2026-09,jaou6_9150c,call,91.5,0.44,0.4151487711068752,0.0112064512769346,0.41529999602910056,0.000151224922225357,0.35792508694077185,0.35839015857322726,0.00046507163245540495,-0.08207491305922815,-0.08160984142677274,0.3521832857145591,-0.0878167142854409
2026-08-28,2026-09,jaou6_9196c,call,91.96,0.4,0.4151487711068752,0.0112064512769346,0.41529999602910056,0.000151224922225357,0.31444211654289655,0.3148727374352007,0.00043062089230416767,-0.08555788345710347,-0.0851272625647993,0.3091471200349157,-0.0908528799650843
2026-08-28,2026-09,jaou6_9200c,call,92.0,0.4,0.4151487711068752,0.0112064512769346,0.41529999602910056,0.000151224922225357,0.3108873014518473,0.31131497892602833,0.00042767747418104296,-0.08911269854815274,-0.08868502107397169,0.3056175509285307,-0.0943824490714693
2026-08-28,2026-09,jaou6_9225c,call,92.25,0.38,0.4151487711068752,0.0112064512769346,0.41529999602910056,0.000151224922225357,0.2894509431832645,0.2898604301268343,0.00040948694356984783,-0.09054905681673553,-0.09013956987316568,0.2843231736719824,-0.0956768263280176
2026-08-28,2026-09,jaou6_9250c,call,92.5,0.36,0.4151487711068752,0.0112064512769346,0.41529999602910056,0.000151224922225357,0.2693143174196094,0.2697059868583272,0.0003916694387178232,-0.09068568258039061,-0.09029401314167279,0.2643363382188111,-0.0956636617811889
2026-08-28,2026-09,jaou6_9435c,call,94.35,0.24,0.4151487711068752,0.0112064512769346,0.41529999602910056,0.000151224922225357,0.15477537260719082,0.15504861540550477,0.0002732427983139496,-0.08522462739280917,-0.08495138459449522,0.1509589388122924,-0.0890410611877076
2026-08-28,2026-09,jaou6_9500c,call,95.0,0.21,0.4151487711068752,0.0112064512769346,0.41529999602910056,0.000151224922225357,0.12634271351934717,0.12658050297805673,0.0002377894587095586,-0.08365728648065282,-0.08341949702194326,0.1228834240984493,-0.0871165759015507
2026-08-28,2026-09,jaou6_9800c,call,98.0,0.11,0.4151487711068752,0.0112064512769346,0.41529999602910056,0.000151224922225357,0.046891059754553925,0.047006816089749284,0.00011575633519535916,-0.06310894024544608,-0.06299318391025072,0.0451128317020383,-0.0648871682979617
2026-08-28,2026-10,jaov6_10000c,call,100.0,0.8,0.4151487711068752,0.0112064512769346,0.41529999602910056,0.000151224922225357,0.42318495221436403,0.42383912195808254,0.0006541697437185134,-0.376815047785636,-0.3761608780419175,0.414769527929428,-0.385230472070572
2026-08-28,2026-10,jaov6_10205c,call,102.05,0.67,0.4151487711068752,0.0112064512769346,0.41529999602910056,0.000151224922225357,0.3095516448210015,0.31008539058025586,0.000533745759254356,-0.36044835517899854,-0.3599146094197442,0.3028084530858665,-0.3671915469141335
2026-08-28,2026-10,jaov6_10240c,call,102.4,0.65,0.4151487711068752,0.0112064512769346,0.41529999602910056,0.000151224922225357,0.29319838480079474,0.29371311717761045,0.0005147323768157075,-0.3568016151992053,-0.3562868828223896,0.2866781570548257,-0.3633218429451743
2026-08-28,2026-10,jaov6_10300c,call,103.0,0.62,0.4151487711068752,0.0112064512769346,0.41529999602910056,0.000151224922225357,0.2669911041499833,0.2674743163370045,0.00048321218702124247,-0.3530088958500167,-0.35252568366299547,0.2608826332479123,-0.3591173667520877
2026-08-28,2026-10,jaov6_10500c,call,105.0,0.53,0.4151487711068752,0.0112064512769346,0.41529999602910056,0.000151224922225357,0.1943843297957105,0.19477228653621464,0.00038795674050415285,-0.3356156702042895,-0.3352277134637854,0.1898942932145437,-0.3401057067854563
2026-08-28,2026-10,jaov6_10800c,call,108.0,0.42,0.4151487711068752,0.0112064512769346,0.41529999602910056,0.000151224922225357,0.11901439135978062,0.11928679875201964,0.00027240739223902133,-0.3009856086402194,-0.30071320124798034,0.1167260048271431,-0.3032739951728569
2026-08-28,2026-10,jaov6_11500c,call,115.0,0.25,0.4151487711068752,0.0112064512769346,0.41529999602910056,0.000151224922225357,0.035626531494513614,0.03573456181982825,0.00010803032531463835,-0.2143734685054864,-0.21426543818017174,0.0354881411007857,-0.2145118588992143
2026-08-28,2026-10,jaov6_12100c,call,121.0,0.17,0.4151487711068752,0.0112064512769346,0.41529999602910056,0.000151224922225357,0.011936270228051006,0.011980765440704946,4.4495212653939895e-05,-0.15806372977194902,-0.15801923455929506,0.0123854106780755,-0.1576145893219245
2026-08-28,2026-10,jaov6_12500c,call,125.0,0.14,0.4151487711068752,0.0112064512769346,0.41529999602910056,0.000151224922225357,0.005608855131871182,0.005632508104342116,2.3652972470934383e-05,-0.13439114486812884,-0.1343674918956579,0.0058956033260483,-0.1341043966739517
2026-08-28,2026-10,jaov6_16000c,call,160.0,0.03,0.4151487711068752,0.0112064512769346,0.41529999602910056,0.000151224922225357,4.172782173090889e-06,4.21074170098247e-06,3.7959527891581515e-08,-0.02999582721782691,-0.029995789258299016,1.2133725035123026e-05,-0.0299878662749648
2026-08-28,2026-10,jaov6_7200p,put,72.0,1.2,0.4151487711068752,0.0112064512769346,0.41529999602910056,0.000151224922225357,1.2349902545254299,1.2361084560405775,0.001118201515147632,0.03499025452542992,0.03610845604057755,1.2198030894997087,0.0198030894997087
2026-08-28,2026-10,jaov6_7400p,put,74.0,1.68,0.4151487711068752,0.0112064512769346,0.41529999602910056,0.000151224922225357,1.738385549842425,1.7396906112805102,0.0013050614380851755,0.058385549842425055,0.05969061128051023,1.7200098631798024,0.0400098631798024
2026-08-28,2026-10,jaov6_7450p,put,74.5,1.82,0.4151487711068752,0.0112064512769346,0.41529999602910056,0.000151224922225357,1.883597475901297,1.884945527353544,0.0013480514522470344,0.06359747590129694,0.06494552735354397,1.8641681768517504,0.0441681768517503
2026-08-28,2026-10,jaov6_7500p,put,75.0,1.97,0.4151487711068752,0.0112064512769346,0.41529999602910056,0.000151224922225357,2.036877812022805,2.038266943730635,0.0013891317078300602,0.06687781202280507,0.06826694373063513,2.0163808258335454,0.0463808258335454
2026-08-28,2026-10,jaov6_7600p,put,76.0,2.3,0.4151487711068752,0.0112064512769346,0.41529999602910056,0.000151224922225357,2.3681640022044705,2.369628815423413,0.001464813218942318,0.06816400220447072,0.06962881542341304,2.3457259150738827,0.0457259150738829
2026-08-28,2026-10,jaov6_7800p,put,78.0,3.09,0.4151487711068752,0.0112064512769346,0.41529999602910056,0.000151224922225357,3.1323346404524663,3.1339204721497778,0.0015858316973114128,0.04233464045246649,0.0439204721497779,3.107262736203761,0.0172627362037611
2026-08-28,2026-10,jaov6_8000p,put,80.0,4.04,0.4151487711068752,0.0112064512769346,0.41529999602910056,0.000151224922225357,4.0345666206398265,4.036227051065694,0.0016604304258676095,-0.005433379360173518,-0.0037729489343059086,4.0095694579022085,-0.0304305420977915
2026-08-28,2026-10,jaov6_8200p,put,82.0,5.14,0.4151487711068752,0.0112064512769346,0.41529999602910056,0.000151224922225357,5.074171130110271,5.0758566482695855,0.001685518159314725,-0.06582886988972891,-0.06414335173041419,5.048708385731137,-0.0912916142688624
2026-08-28,2026-10,jaov6_9000p,put,90.0,10.78,0.4151487711068752,0.0112064512769346,0.41529999602910056,0.000151224922225357,10.468299332904655,10.469668379633049,0.0013690467283939967,-0.3117006670953444,-0.3103316203669504,10.454808340805291,-0.3251916591947079
2026-08-28,2026-10,jaov6_9200c,call,92.0,1.66,0.4151487711068752,0.0112064512769346,0.41529999602910056,0.000151224922225357,1.3077840905814535,1.309010512600645,0.001226422019191542,-0.3522159094185464,-0.35098948739935487,1.287913541666044,-0.3720864583339558
2026-08-28,2026-10,jaov6_9225c,call,92.25,1.62,0.4151487711068752,0.0112064512769346,0.41529999602910056,0.000151224922225357,1.265468543024112,1.266676470360611,0.0012079273364991039,-0.35453145697588817,-0.35332352963938907,1.2459927947718343,-0.3740072052281658
2026-08-28,2026-10,jaov6_9348c,call,93.48,1.44,0.4151487711068752,0.0112064512769346,0.41529999602910056,0.000151224922225357,1.0739019932999003,1.0750178903038161,0.001115897003915789,-0.3660980067000996,-0.36498210969618383,1.0562480015210045,-0.3837519984789954
2026-08-28,2026-10,jaov6_9353c,call,93.53,1.43,0.4151487711068752,0.0112064512769346,0.41529999602910056,0.000151224922225357,1.0666741467483651,1.0677862823035966,0.001112135555231486,-0.3633258532516348,-0.3622137176964033,1.0490930984175393,-0.3809069015824606
2026-08-28,2026-10,jaov6_9435c,call,94.35,1.33,0.4151487711068752,0.0112064512769346,0.41529999602910056,0.000151224922225357,0.9539967398788635,0.9550471917945793,0.0010504519157158443,-0.3760032601211366,-0.37495280820542076,0.9376828349561012,-0.3923171650438989
2026-08-28,2026-10,jaov6_9800c,call,98.0,0.96,0.4151487711068752,0.0112064512769346,0.41529999602910056,0.000151224922225357,0.5690647909088731,0.5698502678047607,0.0007854768958875935,-0.3909352090911269,-0.3901497321952393,0.5573753053193775,-0.4026246946806224
2026-08-28,2026-10,jaov6_9911c,call,99.11,0.87,0.4151487711068752,0.0112064512769346,0.41529999602910056,0.000151224922225357,0.48333852245446585,0.4840495617376128,0.0007110392831469747,-0.38666147754553415,-0.3859504382623872,0.47357653075342,-0.39642346924658
2026-08-28,2026-10,jaov6_9955c,call,99.55,0.83,0.4151487711068752,0.0112064512769346,0.41529999602910056,0.000151224922225357,0.45269974624980763,0.4533823412148855,0.0006825949650778873,-0.3773002537501923,-0.37661765878511444,0.4436470349407972,-0.3863529650592027
2026-08-28,2026-11,jaox6_10000c,call,100.0,1.36,0.4151487711068752,0.0112064512769346,0.41529999602910056,0.000151224922225357,0.8808839116585812,0.882015815991481,0.0011319043328998912,-0.47911608834141894,-0.47798418400851905,0.9090429780515622,-0.4509570219484379
2026-08-28,2026-11,jaox6_10205c,call,102.05,1.2,0.4151487711068752,0.0112064512769346,0.41529999602910056,0.000151224922225357,0.7081246608046529,0.7091204400659836,0.0009957792613307648,-0.4918753391953471,-0.49087955993401633,0.7352412583792154,-0.4647587416207845
2026-08-28,2026-11,jaox6_10240c,call,102.4,1.17,0.4151487711068752,0.0112064512769346,0.41529999602910056,0.000151224922225357,0.6819215585246531,0.6828949172263343,0.0009733587016812484,-0.48807844147534685,-0.4871050827736656,0.7087267207437247,-0.4612732792562752
2026-08-28,2026-11,jaox6_10500c,call,105.0,1.0,0.4151487711068752,0.0112064512769346,0.41529999602910056,0.000151224922225357,0.5133799586778205,0.5141954764890238,0.0008155178112032591,-0.4866200413221795,-0.48580452351097625,0.5372268167788393,-0.4627731832211607
2026-08-28,2026-11,jaox6_10800c,call,108.0,0.84,0.4151487711068752,0.0112064512769346,0.41529999602910056,0.000151224922225357,0.3670598973136214,0.36771429924271964,0.0006544019290982694,-0.4729401026863786,-0.4722857007572803,0.386594825272592,-0.453405174727408
2026-08-28,2026-11,jaox6_7200p,put,72.0,2.49,0.4151487711068752,0.0112064512769346,0.41529999602910056,0.000151224922225357,2.6407147585194055,2.6424781819752203,0.0017634234558148165,0.1507147585194053,0.15247818197522012,2.65482528932156,0.1648252893215596
2026-08-28,2026-11,jaox6_7400p,put,74.0,3.19,0.4151487711068752,0.0112064512769346,0.41529999602910056,0.000151224922225357,3.3507431230473195,3.3526545097420346,0.0019113866947151337,0.16074312304731952,0.16265450974203466,3.3653483579741263,0.1753483579741264
2026-08-28,2026-11,jaox6_7450p,put,74.5,3.39,0.4151487711068752,0.0112064512769346,0.41529999602910056,0.000151224922225357,3.545247775352392,3.5471910089975793,0.0019432336451874477,0.15524777535239176,0.1571910089975792,3.5600468454520424,0.1700468454520423
2026-08-28,2026-11,jaox6_7500p,put,75.0,3.59,0.4151487711068752,0.0112064512769346,0.41529999602910056,0.000151224922225357,3.7466062498683455,3.7485791150353522,0.0019728651670067876,0.1566062498683456,0.15857911503535238,3.761525110995617,0.171525110995617
2026-08-28,2026-11,jaox6_7600p,put,76.0,4.03,0.4151487711068752,0.0112064512769346,0.41529999602910056,0.000151224922225357,4.169923027018335,4.171948267700213,0.0020252406818777047,0.1399230270183347,0.1419482677002124,4.1848001575390805,0.1548001575390802
2026-08-28,2026-11,jaox6_7800p,put,78.0,4.99,0.4151487711068752,0.0112064512769346,0.41529999602910056,0.000151224922225357,5.098744646533938,5.100845929928599,0.0021012833946603138,0.10874464653393812,0.11084592992859843,5.114185560342905,0.1241855603429051
2026-08-28,2026-11,jaox6_8000p,put,80.0,6.09,0.4151487711068752,0.0112064512769346,0.41529999602910056,0.000151224922225357,6.135566342507694,6.137704541665357,0.002138199157663223,0.0455663425076942,0.047704541665357425,6.150380601170449,0.0603806011704488
2026-08-28,2026-11,jaox6_8200p,put,82.0,7.29,0.4151487711068752,0.0112064512769346,0.41529999602910056,0.000151224922225357,7.276863563864051,7.279000454600014,0.0021368907359633482,-0.013136436135948948,-0.0109995453999856,7.291491425814909,0.0014914258149092
2026-08-28,2026-11,jaox6_8950c,call,89.5,2.8,0.4151487711068752,0.0112064512769346,0.41529999602910056,0.000151224922225357,2.4989089376767706,2.5007628474203645,0.0018539097435938956,-0.30109106232322924,-0.29923715257963535,2.5265758609924247,-0.2734241390075751
2026-08-28,2026-11,jaox6_9000c,call,90.0,2.7,0.4151487711068752,0.0112064512769346,0.41529999602910056,0.000151224922225357,2.385320734829417,2.387144439787039,0.0018237049576219633,-0.3146792651705832,-0.31285556021296124,2.412770564853877,-0.2872294351461231
2026-08-28,2026-11,jaox6_9000p,put,90.0,13.03,0.4151487711068752,0.0112064512769346,0.41529999602910056,0.000151224922225357,12.769050947749406,12.770874652707029,0.0018237049576228515,-0.2609490522505933,-0.25912534729297043,12.7820458697631,-0.2479541302368986
2026-08-28,2026-11,jaox6_9025c,call,90.25,2.65,0.4151487711068752,0.0112064512769346,0.41529999602910056,0.000151224922225357,2.330185135201508,2.3319933887600435,0.001808253558535533,-0.31981486479849197,-0.31800661123995644,2.3575860855749164,-0.2924139144250834
2026-08-28,2026-11,jaox6_9100c,call,91.0,2.52,0.4151487711068752,0.0112064512769346,0.41529999602910056,0.000151224922225357,2.1712278168688686,2.172988452228298,0.0017606353594294966,-0.34877218313113145,-0.34701154777170196,2.198538319585572,-0.3214616804144281
2026-08-28,2026-11,jaox6_9196c,call,91.96,2.35,0.4151487711068752,0.0112064512769346,0.41529999602910056,0.000151224922225357,1.981353942617053,1.983051230261527,0.001697287644474077,-0.3686460573829471,-0.366948769738473,2.0089118649258384,-0.3410881350741617
2026-08-28,2026-11,jaox6_9200c,call,92.0,2.35,0.4151487711068752,0.0112064512769346,0.41529999602910056,0.000151224922225357,1.9737623490767102,1.9754569467416694,0.0016945976649591632,-0.37623765092328987,-0.3745430532583307,2.001338534993695,-0.3486614650063049
2026-08-28,2026-11,jaox6_9225c,call,92.25,2.3,0.4151487711068752,0.0112064512769346,0.41529999602910056,0.000151224922225357,1.9268799601352071,1.92855766391736,0.0016777037821529284,-0.3731200398647927,-0.37144233608263977,1.954566554544677,-0.3454334454553227
2026-08-28,2026-11,jaox6_9348c,call,93.48,2.11,0.4151487711068752,0.0112064512769346,0.41529999602910056,0.000151224922225357,1.7099662928035277,1.71155912780505,0.001592835001522186,-0.40003370719647213,-0.39844087219494995,1.737980672358554,-0.3720193276414458
2026-08-28,2026-11,jaox6_9353c,call,93.53,2.11,0.4151487711068752,0.0112064512769346,0.41529999602910056,0.000151224922225357,1.7016165303780995,1.7032058641044183,0.0015893337263188645,-0.4083834696219004,-0.40679413589558155,1.7296335156484444,-0.3803664843515555
2026-08-28,2026-11,jaox6_9435c,call,94.35,1.99,0.4151487711068752,0.0112064512769346,0.41529999602910056,0.000151224922225357,1.569662455845228,1.5711939473188816,0.0015314914736537233,-0.4203375441547721,-0.41880605268111837,1.5976586187847344,-0.3923413812152656
2026-08-28,2026-11,jaox6_9911c,call,99.11,1.45,0.4151487711068752,0.0112064512769346,0.41529999602910056,0.000151224922225357,0.9671120527152133,0.968305246119339,0.0011931934041257142,-0.4828879472847867,-0.48169475388066096,0.995434487780596,-0.454565512219404
2026-08-28,2027-03,jaoh7_6800p,put,68.0,4.49,0.4151487711068752,0.0112064512769346,0.41529999602910056,0.000151224922225357,5.640749063789482,5.643641790325397,0.002892726535915102,1.1507490637894815,1.1536417903253966,5.650272624521757,1.160272624521757
2026-08-28,2027-03,jaoh7_6900p,put,69.0,4.88,0.4151487711068752,0.0112064512769346,0.41529999602910056,0.000151224922225357,6.083750031946572,6.0867018406021725,0.0029518086556006295,1.203750031946572,1.2067018406021726,6.093754057594754,1.2137540575947543
2026-08-28,2027-03,jaoh7_7000p,put,70.0,5.29,0.4151487711068752,0.0112064512769346,0.41529999602910056,0.000151224922225357,6.545316421676218,6.548320802093547,0.0030043804173285338,1.255316421676218,1.2583208020935466,6.555701973863355,1.2657019738633553
2026-08-28,2027-03,jaoh7_7100p,put,71.0,5.73,0.4151487711068752,0.0112064512769346,0.41529999602910056,0.000151224922225357,7.025242822137691,7.02829319610234,0.0030503739646494665,1.2952428221376904,1.2982931961023398,7.035499555319858,1.3054995553198578
2026-08-28,2027-03,jaoh7_7150p,put,71.5,5.96,0.4151487711068752,0.0112064512769346,0.41529999602910056,0.000151224922225357,7.272017193813729,7.275088089453901,0.0030708956401728216,1.3120171938137286,1.3150880894539014,7.282334753117754,1.3223347531177536
2026-08-28,2027-03,jaoh7_7400p,put,74.0,7.19,0.4151487711068752,0.0112064512769346,0.41529999602910056,0.000151224922225357,8.572621633543205,8.57577052749919,0.0031488939559842777,1.3826216335432049,1.3857705274991892,8.581859088597495,1.3918590885974949
2026-08-28,2027-03,jaoh7_7450p,put,74.5,7.45,0.4151487711068752,0.0112064512769346,0.41529999602910056,0.000151224922225357,8.845819786419726,8.84897942219362,0.0031596357738941094,1.3958197864197261,1.3989794221936203,8.854738741013996,1.404738741013996
2026-08-28,2027-03,jaoh7_7500p,put,75.0,7.72,0.4151487711068752,0.0112064512769346,0.41529999602910056,0.000151224922225357,9.123279875927865,9.126448666336213,0.0031687904083472773,1.4032798759278657,1.406448666336213,9.131838654064778,1.4118386540647778
2026-08-28,2027-03,jaoh7_7900c,call,79.0,5.52,0.4151487711068752,0.0112064512769346,0.41529999602910056,0.000151224922225357,6.8881824753524175,6.891369888947737,0.003187413595319377,1.3681824753524179,1.3713698889477373,6.889266114036108,1.3692661140361082
2026-08-28,2027-03,jaoh7_8000c,call,80.0,5.19,0.4151487711068752,0.0112064512769346,0.41529999602910056,0.000151224922225357,6.542835709307676,6.546013552032541,0.0031778427248649876,1.3528357093076755,1.3560135520325405,6.542650813427608,1.3526508134276076
2026-08-28,2027-03,jaoh7_8025c,call,80.25,5.11,0.4151487711068752,0.0112064512769346,0.41529999602910056,0.000151224922225357,6.458838888790398,6.462013514107997,0.0031746253175990446,1.3488388887903975,1.3520135141079965,6.458273580123368,1.3482735801233678
2026-08-28,2027-03,jaoh7_8075c,call,80.75,4.96,0.4151487711068752,0.0112064512769346,0.41529999602910056,0.000151224922225357,6.293606163010271,6.296773392291065,0.0031672292807947144,1.3336061630102707,1.3367733922910654,6.292234842329727,1.3322348423297274
2026-08-28,2027-03,jaoh7_8100c,call,81.0,4.88,0.4151487711068752,0.0112064512769346,0.41529999602910056,0.000151224922225357,6.21235673735129,6.215519796318722,0.003163058967431631,1.3323567373512901,1.3355197963187218,6.21059168308463,1.3305916830846298
2026-08-28,2027-03,jaoh7_8102c,call,81.02,4.88,0.4151487711068752,0.0112064512769346,0.41529999602910056,0.000151224922225357,6.205895850150446,6.209058562077191,0.0031627119267447767,1.325895850150446,1.3290585620771909,6.204098643228923,1.3240986432289228
2026-08-28,2027-03,jaoh7_8150c,call,81.5,4.74,0.4151487711068752,0.0112064512769346,0.41529999602910056,0.000151224922225357,6.052557780990527,6.055711575863445,0.0031537948729187804,1.3125577809905264,1.3157115758634452,6.050024269773358,1.3100242697733575
2026-08-28,2027-03,jaoh7_8185c,call,81.85,4.64,0.4151487711068752,0.0112064512769346,0.41529999602910056,0.000151224922225357,5.94281658968038,5.945963182038915,0.0031465923585356492,1.30281658968038,1.3059631820389157,5.939810540125812,1.2998105401258124
2026-08-28,2027-03,jaoh7_8342c,call,83.42,4.22,0.4151487711068752,0.0112064512769346,0.41529999602910056,0.000151224922225357,5.471475552088206,5.474582905061776,0.003107352973569455,1.2514755520882064,1.2545829050617758,5.467022958631664,1.247022958631664
2026-08-28,2027-03,jaoh7_8500c,call,85.0,3.84,0.4151487711068752,0.0112064512769346,0.41529999602910056,0.000151224922225357,5.0303996537425,5.033456905122089,0.003057251379589232,1.1903996537425003,1.1934569051220896,5.024443777454795,1.1844437774547956
2026-08-28,2027-03,jaoh7_8525c,call,85.25,3.79,0.4151487711068752,0.0112064512769346,0.41529999602910056,0.000151224922225357,4.963552284486745,4.966600708109185,0.0030484236224399552,1.1735522844867452,1.1766007081091852,4.957342007351195,1.1673420073511949
2026-08-28,2027-03,jaoh7_8575c,call,85.75,3.68,0.4151487711068752,0.0112064512769346,0.41529999602910056,0.000151224922225357,4.832205452368288,4.835235525083861,0.0030300727155729845,1.1522054523682876,1.1552355250838606,4.825535978585014,1.145535978585014
2026-08-28,2027-03,jaoh7_8675c,call,86.75,3.47,0.4151487711068752,0.0112064512769346,0.41529999602910056,0.000151224922225357,4.578710359081577,4.5817010762353165,0.0029907171537395527,1.1087103590815768,1.1117010762353163,4.571366981589314,1.101366981589314
2026-08-28,2027-03,jaoh7_8700c,call,87.0,3.42,0.4151487711068752,0.0112064512769346,0.41529999602910056,0.000151224922225357,4.517212866424899,4.520193218387685,0.0029803519627860098,1.0972128664248988,1.1001932183876848,4.509754260065266,1.0897542600652663
2026-08-28,2027-03,jaoh7_8705c,call,87.05,3.41,0.4151487711068752,0.0112064512769346,0.41529999602910056,0.000151224922225357,4.505002004938669,4.507980259544793,0.0029782546061234427,1.095002004938669,1.0979802595447925,4.497523774453961,1.0875237744539603
2026-08-28,2027-09,jaou7_5800p,put,58.0,3.34,0.4151487711068752,0.0112064512769346,0.41529999602910056,0.000151224922225357,5.220142979209831,5.223425046216912,0.003282067007081224,1.8801429792098308,1.883425046216912,5.185159526379292,1.845159526379292
2026-08-28,2027-09,jaou7_5900p,put,59.0,3.6,0.4151487711068752,0.0112064512769346,0.41529999602910056,0.000151224922225357,5.603686236599792,5.607058796547243,0.0033725599474507817,2.003686236599792,2.0070587965472426,5.566453309799607,1.9664533097996075
2026-08-28,2027-09,jaou7_6000p,put,60.0,3.88,0.4151487711068752,0.0112064512769346,0.41529999602910056,0.000151224922225357,6.002119365276583,6.005577810141007,0.0034584448644245924,2.122119365276583,2.1255778101410074,5.962663405781961,2.082663405781961
2026-08-28,2027-09,jaou7_6200p,put,62.0,4.48,0.4151487711068752,0.0112064512769346,0.41529999602910056,0.000151224922225357,6.84313414148016,6.846749996029095,0.0036158545489346494,2.3631341414801597,2.3667499960290943,6.800995080954415,2.320995080954414
2026-08-28,2027-09,jaou7_6420p,put,64.2,5.21,0.4151487711068752,0.0112064512769346,0.41529999602910056,0.000151224922225357,7.83496701001576,7.838733175188903,0.003766165173143321,2.6249670100157596,2.628733175188903,7.791960896525332,2.581960896525332
2026-08-28,2027-09,jaou7_6500p,put,65.0,5.5,0.4151487711068752,0.0112064512769346,0.41529999602910056,0.000151224922225357,8.212596109173255,8.216410897055255,0.003814787881999848,2.712596109173255,2.7164108970552547,8.169322809834629,2.669322809834629
2026-08-28,2027-09,jaou7_6750p,put,67.5,6.49,0.4151487711068752,0.0112064512769346,0.41529999602910056,0.000151224922225357,9.4494167983352,9.453362724797465,0.0039459264622649926,2.9594167983351998,2.9633627247974648,9.406674888640223,2.916674888640223
2026-08-28,2027-09,jaou7_6800p,put,68.0,6.7,0.4151487711068752,0.0112064512769346,0.41529999602910056,0.000151224922225357,9.706880834080495,9.71084922714257,0.003968393062073972,3.006880834080495,3.010849227142569,9.664186178163828,2.9641861781638275
2026-08-28,2027-09,jaou7_6820c,call,68.2,9.54,0.4151487711068752,0.0112064512769346,0.41529999602910056,0.000151224922225357,12.570763294618432,12.574740326412462,0.0039770317940295286,3.030763294618433,3.0347403264124626,12.458266933078988,2.918266933078989
2026-08-28,2027-09,jaou7_6825c,call,68.25,9.52,0.4151487711068752,0.0112064512769346,0.41529999602910056,0.000151224922225357,12.549042743206694,12.55302190370807,0.003979160501375034,3.029042743206695,3.03302190370807,12.436564547245853,2.916564547245853
2026-08-28,2027-09,jaou7_6860c,call,68.6,9.34,0.4151487711068752,0.0112064512769346,0.41529999602910056,0.000151224922225357,12.397916273228168,12.40190998860115,0.003993715372981654,3.0579162732281677,3.0619099886011494,12.285625543759773,2.945625543759773
2026-08-28,2027-09,jaou7_6900c,call,69.0,9.13,0.4151487711068752,0.0112064512769346,0.41529999602910056,0.000151224922225357,12.227156275686651,12.231165886177253,0.004009610490602,3.0971562756866504,3.1011658861772524,12.115230724267905,2.985230724267904
2026-08-28,2027-09,jaou7_6900p,put,69.0,7.14,0.4151487711068752,0.0112064512769346,0.41529999602910056,0.000151224922225357,10.23167148399626,10.235681094486862,0.004009610490602,3.0916714839962607,3.0956810944868627,10.1896015879975,3.0496015879975
2026-08-28,2027-09,jaou7_6905c,call,69.05,9.1,0.4151487711068752,0.0112064512769346,0.41529999602910056,0.000151224922225357,12.205957228962452,12.209968771119389,0.004011542156936443,3.1059572289624526,3.109968771119389,12.094086955799597,2.994086955799597
2026-08-28,2027-09,jaou7_6930c,call,69.3,8.98,0.4151487711068752,0.0112064512769346,0.41529999602910056,0.000151224922225357,12.100446317405073,12.10446733444316,0.004021017038088104,3.1204463174050723,3.1244673344431604,11.9888720601132,3.0088720601132
2026-08-28,2027-09,jaou7_7000c,call,70.0,8.63,0.4151487711068752,0.0112064512769346,0.41529999602910056,0.000151224922225357,11.809282120705722,11.813328049328781,0.00404592862305897,3.1792821207057216,3.1833280493287806,11.698761175306869,3.068761175306868
2026-08-28,2027-09,jaou7_7000p,put,70.0,7.6,0.4151487711068752,0.0112064512769346,0.41529999602910056,0.000151224922225357,10.76940606687317,10.77345199549623,0.00404592862305897,3.1694060668731705,3.1734519954962295,10.728740776894297,3.128740776894297
2026-08-28,2027-09,jaou7_7110c,call,71.1,8.11,0.4151487711068752,0.0112064512769346,0.41529999602910056,0.000151224922225357,11.364268383985493,11.368348698492754,0.004080314507261207,3.254268383985494,3.258348698492755,11.25592725958757,3.145927259587572
2026-08-28,2027-09,jaou7_7200c,call,72.0,7.7,0.4151487711068752,0.0112064512769346,0.41529999602910056,0.000151224922225357,11.011347004073693,11.015451200186515,0.004104196112821867,3.311347004073693,3.315451200186515,10.905079609158255,3.205079609158255
2026-08-28,2027-09,jaou7_7335c,call,73.35,7.12,0.4151487711068752,0.0112064512769346,0.41529999602910056,0.000151224922225357,10.500384791744684,10.504517813194829,0.00413302145014427,3.3803847917446843,3.3845178131948286,10.396936199763088,3.276936199763088
2026-08-28,2027-09,jaou7_7400c,call,74.0,6.85,0.4151487711068752,0.0112064512769346,0.41529999602910056,0.000151224922225357,10.262081227803558,10.266225206185347,0.004143978381788926,3.412081227803558,3.416225206185347,10.159868328580949,3.309868328580949
2026-08-28,2027-09,jaou7_7400p,put,74.0,9.65,0.4151487711068752,0.0112064512769346,0.41529999602910056,0.000151224922225357,13.044640125402358,13.048784103784147,0.004143978381788926,3.3946401254023577,3.3987841037841466,13.012282881599733,3.3622828815997323
2026-08-28,2027-09,jaou7_7450c,call,74.5,6.65,0.4151487711068752,0.0112064512769346,0.41529999602910056,0.000151224922225357,10.082118654901278,10.086269798875882,0.004151143974604921,3.432118654901277,3.436269798875882,9.980856611484064,3.330856611484064
2026-08-28,2027-09,jaou7_7450p,put,74.5,9.93,0.4151487711068752,0.0112064512769346,0.41529999602910056,0.000151224922225357,13.342481921428998,13.346633065403601,0.004151143974603144,3.4124819214289985,3.4166330654036017,13.311075533431763,3.381075533431764
2026-08-28,2027-09,jaou7_7500c,call,75.0,6.46,0.4151487711068752,0.0112064512769346,0.41529999602910056,0.000151224922225357,9.90502993581869,9.909187165097862,0.004157229279170949,3.445029935818691,3.449187165097862,9.804797976473557,3.344797976473557
2026-08-28,2027-09,jaou7_7500p,put,75.0,10.21,0.4151487711068752,0.0112064512769346,0.41529999602910056,0.000151224922225357,13.64319757127533,13.647354800554501,0.004157229279170949,3.433197571275329,3.4373548005545,13.61282126735018,3.4028212673501788
2026-08-28,2027-09,jaou7_7542c,call,75.42,6.3,0.4151487711068752,0.0112064512769346,0.41529999602910056,0.000151224922225357,9.758471425736273,9.762632944015701,0.0041615182794281225,3.458471425736273,3.4626329440157013,9.659021969269364,3.3590219692693646
2026-08-28,2027-09,jaou7_7550c,call,75.5,6.27,0.4151487711068752,0.0112064512769346,0.41529999602910056,0.000151224922225357,9.73078103139055,9.734943282367018,0.00416225097646894,3.4607810313905496,3.4649432823670185,9.631482255977886,3.3614822559778865
2026-08-28,2027-09,jaou7_7600c,call,76.0,6.09,0.4151487711068752,0.0112064512769346,0.41529999602910056,0.000151224922225357,9.559337831872474,9.563504058034106,0.0041662261616313145,3.4693378318724744,3.4735040580341057,9.460982106535518,3.370982106535518
2026-08-28,2027-09,jaou7_7610c,call,76.1,6.05,0.4151487711068752,0.0112064512769346,0.41529999602910056,0.000151224922225357,9.525382871298994,9.529549768447596,0.004166897148602189,3.4753828712989945,3.4795497684475967,9.427203070329146,3.377203070329146
2026-08-28,2027-09,jaou7_7705c,call,77.05,5.72,0.4151487711068752,0.0112064512769346,0.41529999602910056,0.000151224922225357,9.208287702829342,9.212458948632003,0.004171245802661261,3.488287702829342,3.4924589486320032,9.111716628786812,3.391716628786813
2026-08-28,2027-09,jaou7_7710c,call,77.1,5.7,0.4151487711068752,0.0112064512769346,0.41529999602910056,0.000151224922225357,9.191870510475335,9.196041884935646,0.004171374460311128,3.4918705104753345,3.4960418849356456,9.095387409866378,3.3953874098663777
2026-08-28,2027-09,jaou7_7725c,call,77.25,5.65,0.4151487711068752,0.0112064512769346,0.41529999602910056,0.000151224922225357,9.14278057708727,9.14695227822641,0.004171701139139117,3.49278057708727,3.4969522782264093,9.046547469914008,3.396547469914008
2026-08-28,2028-03,jaoh8_5740p,put,57.4,3.82,0.4151487711068752,0.0112064512769346,0.41529999602910056,0.000151224922225357,7.220298745009936,7.2242846771954365,0.003985932185500474,3.4002987450099362,3.4042846771954367,7.229327176374912,3.409327176374912
2026-08-28,2028-03,jaoh8_5900p,put,59.0,4.28,0.4151487711068752,0.0112064512769346,0.41529999602910056,0.000151224922225357,7.918015552451649,7.9221309579589025,0.0041154055072532,3.638015552451649,3.6421309579589023,7.927774812546469,3.647774812546469
2026-08-28,2028-03,jaoh8_6000p,put,60.0,4.58,0.4151487711068752,0.0112064512769346,0.41529999602910056,0.000151224922225357,8.3700742730277,8.37426499509564,0.004190722067939134,3.7900742730277006,3.7942649950956397,8.380008833333747,3.800008833333747
2026-08-28,2028-03,jaoh8_6151c,call,61.51,12.44,0.4151487711068752,0.0112064512769346,0.41529999602910056,0.000151224922225357,16.408073208200342,16.412369437375077,0.004296229174734378,3.9680732082003427,3.972369437375077,16.40823686760538,3.9682368676053783
2026-08-28,2028-03,jaoh8_6165p,put,61.65,5.12,0.4151487711068752,0.0112064512769346,0.41529999602910056,0.000151224922225357,9.142271921395103,9.146577431299871,0.004305509904767746,4.022271921395103,4.026577431299871,9.152063924950282,4.032063924950282
2026-08-28,2028-03,jaoh8_6200c,call,62.0,12.15,0.4151487711068752,0.0112064512769346,0.41529999602910056,0.000151224922225357,16.18490923449982,16.189237574418325,0.004328339918505009,4.034909234499819,4.039237574418324,16.1849212767997,4.0349212767996985
2026-08-28,2028-03,jaoh8_6200p,put,62.0,5.24,0.4151487711068752,0.0112064512769346,0.41529999602910056,0.000151224922225357,9.310213487479482,9.314541827397987,0.004328339918505009,4.0702134874794815,4.0745418273979865,9.319892765205918,4.079892765205917
2026-08-28,2028-03,jaoh8_6250p,put,62.5,5.42,0.4151487711068752,0.0112064512769346,0.41529999602910056,0.000151224922225357,9.552609342716384,9.556969376664721,0.004360033948337616,4.132609342716384,4.136969376664721,9.56210401078574,4.14210401078574
2026-08-28,2028-03,jaoh8_6420c,call,64.2,10.89,0.4151487711068752,0.0112064512769346,0.41529999602910056,0.000151224922225357,15.21715646887971,15.221616203045564,0.004459734165854101,4.327156468879709,4.331616203045563,15.215965141885414,4.325965141885414
2026-08-28,2028-03,jaoh8_6500c,call,65.0,10.46,0.4151487711068752,0.0112064512769346,0.41529999602910056,0.000151224922225357,14.878829377508437,14.883331753955359,0.004502376446922085,4.418829377508436,4.423331753955358,14.877187725504326,4.417187725504325
2026-08-28,2028-03,jaoh8_6500p,put,65.0,6.37,0.4151487711068752,0.0112064512769346,0.41529999602910056,0.000151224922225357,10.807478625136188,10.81198100158311,0.004502376446922085,4.437478625136188,4.44198100158311,10.81550420855863,4.445504208558631
2026-08-28,2028-03,jaoh8_6600c,call,66.0,9.94,0.4151487711068752,0.0112064512769346,0.41529999602910056,0.000151224922225357,14.465854162596825,14.47040604155105,0.004551878954224264,4.525854162596826,4.53040604155105,14.463316554926871,4.523316554926872
2026-08-28,2028-03,jaoh8_6600p,put,66.0,6.79,0.4151487711068752,0.0112064512769346,0.41529999602910056,0.000151224922225357,11.328951741773938,11.333503620728163,0.004551878954224264,4.538951741773938,4.5435036207281625,11.33608136953054,4.54608136953054
2026-08-28,2028-03,jaoh8_6750p,put,67.5,7.45,0.4151487711068752,0.0112064512769346,0.41529999602910056,0.000151224922225357,12.131413454592584,12.136031788514126,0.004618333921541762,4.681413454592584,4.686031788514126,12.137072996049037,4.687072996049037
2026-08-28,2028-03,jaoh8_6775c,call,67.75,9.07,0.4151487711068752,0.0112064512769346,0.41529999602910056,0.000151224922225357,13.769094255929543,13.773722768897885,0.00462851296834188,4.699094255929543,4.703722768897885,13.764815711455864,4.694815711455863
2026-08-28,2028-03,jaoh8_6875c,call,68.75,8.6,0.4151487711068752,0.0112064512769346,0.41529999602910056,0.000151224922225357,13.385399789884055,13.390066498385739,0.004666708501684269,4.785399789884055,4.790066498385739,13.380241649152708,4.780241649152709
2026-08-28,2028-03,jaoh8_6890c,call,68.9,8.53,0.4151487711068752,0.0112064512769346,0.41529999602910056,0.000151224922225357,13.328734116064169,13.333406209174818,0.0046720931106492,4.798734116064169,4.803406209174819,13.323485494217396,4.793485494217396
2026-08-28,2028-03,jaoh8_7000c,call,70.0,8.03,0.4151487711068752,0.0112064512769346,0.41529999602910056,0.000151224922225357,12.920155402340882,12.924864276970482,0.004708874629599791,4.890155402340882,4.894864276970482,12.91436331263584,4.884363312635841
2026-08-28,2028-03,jaoh8_7000p,put,70.0,8.63,0.4151487711068752,0.0112064512769346,0.41529999602910056,0.000151224922225357,13.521046307715444,13.525755182345044,0.004708874629599791,4.891046307715444,4.895755182345043,13.524921453436956,4.894921453436956
2026-08-28,2028-03,jaoh8_7110c,call,71.1,7.55,0.4151487711068752,0.0112064512769346,0.41529999602910056,0.000151224922225357,12.52363596257945,12.52837693899742,0.004740976417970444,4.97363596257945,4.97837693899742,12.517126466064536,4.967126466064536
2026-08-28,2028-03,jaoh8_7275c,call,72.75,6.88,0.4151487711068752,0.0112064512769346,0.41529999602910056,0.000151224922225357,11.950832632588158,11.955613254310032,0.004780621721874212,5.070832632588158,5.075613254310032,11.943579179919222,5.063579179919223
2026-08-28,2028-03,jaoh8_7340c,call,73.4,6.63,0.4151487711068752,0.0112064512769346,0.41529999602910056,0.000151224922225357,11.732239198058798,11.737032716554193,0.0047935184953953325,5.102239198058798,5.107032716554193,11.724765686348857,5.094765686348857
2026-08-28,2028-03,jaoh8_7450c,call,74.5,6.22,0.4151487711068752,0.0112064512769346,0.41529999602910056,0.000151224922225357,11.371162072807113,11.375974022806144,0.0048119499990306736,5.1511620728071135,5.155974022806144,11.362861008381849,5.142861008381849
2026-08-28,2028-03,jaoh8_7450p,put,74.5,11.05,0.4151487711068752,0.0112064512769346,0.41529999602910056,0.000151224922225357,16.177070470153808,16.18188242015284,0.0048119499990306736,5.127070470153807,5.131882420152838,16.1784366411551,5.128436641155098
2026-08-28,2028-03,jaoh8_7500c,call,75.0,6.05,0.4151487711068752,0.0112064512769346,0.41529999602910056,0.000151224922225357,11.210649725643279,11.215468674290058,0.00481894864677912,5.160649725643279,5.165468674290058,11.201900967065804,5.151900967065804
2026-08-28,2028-03,jaoh8_7550c,call,75.5,5.88,0.4151487711068752,0.0112064512769346,0.41529999602910056,0.000151224922225357,11.052358535451114,11.05718363911886,0.004825103667744912,5.172358535451115,5.1771836391188595,11.043221328694228,5.163221328694228
2026-08-28,2028-03,jaoh8_7670c,call,76.7,5.49,0.4151487711068752,0.0112064512769346,0.41529999602910056,0.000151224922225357,10.681363546576144,10.686200060372846,0.0048365137967021354,5.191363546576143,5.1962000603728455,10.671332419896707,5.181332419896707
2026-08-28,2028-03,jaoh8_7700c,call,77.0,5.4,0.4151487711068752,0.0112064512769346,0.41529999602910056,0.000151224922225357,10.590547313957208,10.595385954899086,0.00483864094187858,5.190547313957207,5.195385954899086,10.580344039240137,5.180344039240136
2026-08-28,2028-03,jaoh8_7775c,call,77.75,5.18,0.4151487711068752,0.0112064512769346,0.41529999602910056,0.000151224922225357,10.366826939449716,10.37166966101853,0.004842721568813602,5.186826939449716,5.19166966101853,10.356347875512329,5.176347875512329
2026-08-28,2028-09,jaou8_5000p,put,50.0,2.66,0.4151487711068752,0.0112064512769346,0.41529999602910056,0.000151224922225357,5.891444191326201,5.89527800047966,0.0038338091534591,3.231444191326201,3.23527800047966,5.910727143617554,3.2507271436175538
2026-08-28,2028-09,jaou8_5500p,put,55.0,3.84,0.4151487711068752,0.0112064512769346,0.41529999602910056,0.000151224922225357,7.910644765513203,7.914962548922658,0.004317783409454989,4.070644765513203,4.074962548922658,7.933197766569601,4.0931977665696015
2026-08-28,2028-09,jaou8_5700p,put,57.0,4.39,0.4151487711068752,0.0112064512769346,0.41529999602910056,0.000151224922225357,8.797566963685995,8.802051518481356,0.004484554795361362,4.407566963685995,4.4120515184813565,8.82048157154439,4.43048157154439
2026-08-28,2028-09,jaou8_5740p,put,57.4,4.5,0.4151487711068752,0.0112064512769346,0.41529999602910056,0.000151224922225357,8.980173590204412,8.984689624042431,0.00451603383801924,4.480173590204412,4.484689624042431,9.003065707974015,4.503065707974015
2026-08-28,2028-09,jaou8_6151c,call,61.51,11.94,0.4151487711068752,0.0112064512769346,0.41529999602910056,0.000151224922225357,17.062852053240455,17.067655432676766,0.004803379436310706,5.122852053240456,5.127655432676766,17.19874468997505,5.258744689975051
2026-08-28,2028-09,jaou8_6165p,put,61.65,5.84,0.4151487711068752,0.0112064512769346,0.41529999602910056,0.000151224922225357,11.023735903483113,11.028547922226759,0.004812018743646007,5.183735903483113,5.188547922226759,11.044245058282687,5.204245058282687
2026-08-28,2028-09,jaou8_6200p,put,62.0,5.96,0.4151487711068752,0.0112064512769346,0.41529999602910056,0.000151224922225357,11.200192310786406,11.205025601099745,0.0048332903133392335,5.240192310786406,5.245025601099745,11.220346777261366,5.260346777261366
2026-08-28,2028-09,jaou8_6250p,put,62.5,6.13,0.4151487711068752,0.0112064512769346,0.41529999602910056,0.000151224922225357,11.454357691500544,11.459220563210565,0.004862871710020755,5.324357691500544,5.329220563210565,11.473999827626985,5.343999827626985
2026-08-28,2028-09,jaou8_6500c,call,65.0,9.99,0.4151487711068752,0.0112064512769346,0.41529999602910056,0.000151224922225357,15.683424847321364,15.688421598936241,0.004996751614877226,5.693424847321364,5.698421598936241,15.816125490598294,5.826125490598294
2026-08-28,2028-09,jaou8_6500p,put,65.0,7.05,0.4151487711068752,0.0112064512769346,0.41529999602910056,0.000151224922225357,12.761159974998197,12.766156726613074,0.004996751614877226,5.711159974998197,5.716156726613074,12.778617352160753,5.728617352160753
2026-08-28,2028-09,jaou8_6570c,call,65.7,9.63,0.4151487711068752,0.0112064512769346,0.41529999602910056,0.000151224922225357,15.420560150496666,15.42559027569859,0.005030125201924918,5.790560150496665,5.79559027569859,15.553112016395168,5.923112016395168
2026-08-28,2028-09,jaou8_6600c,call,66.0,9.47,0.4151487711068752,0.0112064512769346,0.41529999602910056,0.000151224922225357,15.309272979671094,15.31431686769478,0.005043888023685383,5.839272979671094,5.844316867694779,15.441788884267924,5.971788884267923
2026-08-28,2028-09,jaou8_6650c,call,66.5,9.22,0.4151487711068752,0.0112064512769346,0.41529999602910056,0.000151224922225357,15.12560056768708,15.130666680148263,0.005066112461182826,5.905600567687079,5.910666680148262,15.258116621623712,6.038116621623711
2026-08-28,2028-09,jaou8_6750p,put,67.5,8.08,0.4151487711068752,0.0112064512769346,0.41529999602910056,0.000151224922225357,14.1256970623422,14.13080497856623,0.0051079162240306175,6.0456970623421995,6.05080497856623,14.143028232303292,6.063028232303292
2026-08-28,2028-09,jaou8_6775c,call,67.75,8.61,0.4151487711068752,0.0112064512769346,0.41529999602910056,0.000151224922225357,14.676153600151814,14.681271422693268,0.005117822541453876,6.066153600151814,6.071271422693268,14.80872087805227,6.198720878052271
2026-08-28,2028-09,jaou8_7000c,call,70.0,7.6,0.4151487711068752,0.0112064512769346,0.41529999602910056,0.000151224922225357,13.901190884537902,13.906388304172014,0.0051974196341113554,6.3011908845379025,6.306388304172014,14.03404930809269,6.434049308092691
2026-08-28,2028-09,jaou8_7000p,put,70.0,9.26,0.4151487711068752,0.0112064512769346,0.41529999602910056,0.000151224922225357,15.544964875219721,15.550162294853832,0.0051974196341113554,6.284964875219721,6.2901622948538325,15.562580032660131,6.302580032660131
2026-08-28,2028-09,jaou8_7110c,call,71.1,7.16,0.4151487711068752,0.0112064512769346,0.41529999602910056,0.000151224922225357,13.537717151475572,13.542947394203352,0.0052302427277801655,6.377717151475572,6.382947394203352,13.670539770921838,6.510539770921838
2026-08-28,2028-09,jaou8_7275c,call,72.75,6.53,0.4151487711068752,0.0112064512769346,0.41529999602910056,0.000151224922225357,13.010764354873135,13.016036637615048,0.005272282741913159,6.480764354873135,6.486036637615048,13.143056774664316,6.613056774664316
2026-08-28,2028-09,jaou8_7340c,call,73.4,6.3,0.4151487711068752,0.0112064512769346,0.41529999602910056,0.000151224922225357,12.809037968170118,12.814324512395993,0.005286544225874934,6.5090379681701185,6.514324512395993,12.940976682204068,6.640976682204069
2026-08-28,2028-09,jaou8_7450c,call,74.5,5.93,0.4151487711068752,0.0112064512769346,0.41529999602910056,0.000151224922225357,12.475005816469098,12.480313627072201,0.005307810603103036,6.545005816469098,6.550313627072201,12.60645877654358,6.67645877654358
2026-08-28,2028-09,jaou8_7450p,put,74.5,11.73,0.4151487711068752,0.0112064512769346,0.41529999602910056,0.000151224922225357,18.228214783855403,18.233522594458506,0.005307810603103036,6.498214783855403,6.503522594458506,18.24442447781551,6.51442447781551
2026-08-28,2028-09,jaou8_7500c,call,75.0,5.77,0.4151487711068752,0.0112064512769346,0.41529999602910056,0.000151224922225357,12.326174827858464,12.331491138724097,0.005316310865632445,6.556174827858465,6.561491138724097,12.457451341359109,6.687451341359109
2026-08-28,2028-09,jaou8_7560c,call,75.6,5.59,0.4151487711068752,0.0112064512769346,0.41529999602910056,0.000151224922225357,12.150011721187125,12.155337291135975,0.0053255699488499175,6.560011721187125,6.565337291135975,12.2811128012416,6.6911128012416
2026-08-28,2028-09,jaou8_7670c,call,76.7,5.26,0.4151487711068752,0.0112064512769346,0.41529999602910056,0.000151224922225357,11.833823948792919,11.839163886519945,0.005339937727026012,6.573823948792919,6.579163886519945,11.964584939830802,6.704584939830802
2026-08-28,2028-09,jaou8_7925c,call,79.25,4.57,0.4151487711068752,0.0112064512769346,0.41529999602910056,0.000151224922225357,11.133459982263918,11.138820824906016,0.005360842642097907,6.563459982263918,6.568820824906016,11.262916885828092,6.692916885828092
2026-08-28,2028-09,jaou8_8000c,call,80.0,4.38,0.4151487711068752,0.0112064512769346,0.41529999602910056,0.000151224922225357,10.93584236713228,10.941206218317854,0.005363851185574475,6.555842367132279,6.561206218317854,11.064621200149386,6.684621200149386
2026-08-31,2026-09,jaou6_10000c,call,100.0,0.09,0.415232766409877,0.0113245369532294,0.4153871633038322,0.00015439689395518874,0.026216212336380027,0.02629000448082274,7.379214444271434e-05,-0.06378378766361997,-0.06370999551917725,0.0249686883923579,-0.0650313116076421
2026-08-31,2026-09,jaou6_10205c,call,102.05,0.06,0.415232766409877,0.0113245369532294,0.4153871633038322,0.00015439689395518874,0.011252534374742955,0.011290237724945949,3.770335020299338e-05,-0.048747465625257044,-0.04870976227505405,0.0101868396146762,-0.0498131603853237
2026-08-31,2026-09,jaou6_10240c,call,102.4,0.05,0.415232766409877,0.0113245369532294,0.4153871633038322,0.00015439689395518874,0.009693292260417928,0.00972669913683751,3.3406876419582454e-05,-0.04030670773958207,-0.04027330086316249,0.0086685651299788,-0.0413314348700212
2026-08-31,2026-09,jaou6_10300c,call,103.0,0.05,0.415232766409877,0.0113245369532294,0.4153871633038322,0.00015439689395518874,0.007482670132519832,0.007509707345771197,2.7037213251365072e-05,-0.04251732986748017,-0.04249029265422881,0.0065172844080161,-0.0434827155919839
2026-08-31,2026-09,jaou6_10500c,call,105.0,0.03,0.415232766409877,0.0113245369532294,0.4153871633038322,0.00015439689395518874,0.0030705859362997,0.0030834656204079443,1.2879684108244374e-05,-0.0269294140637003,-0.026916534379592055,0.0023522005758568,-0.0276477994241432
2026-08-31,2026-09,jaou6_10520c,call,105.2,0.03,0.415232766409877,0.0113245369532294,0.4153871633038322,0.00015439689395518874,0.002802456189281785,0.002814379807627324,1.192361834553889e-05,-0.027197543810718212,-0.027185620192372674,0.0021069403619581,-0.0278930596380419
2026-08-31,2026-09,jaou6_10825c,call,108.25,0.02,0.415232766409877,0.0113245369532294,0.4153871633038322,0.00015439689395518874,0.0006622016754925095,0.000665655679940703,3.4540044481935067e-06,-0.01933779832450749,-0.0193343443200593,0.0003373374129177,-0.0196626625870823
2026-08-31,2026-09,jaou6_7200p,put,72.0,0.03,0.415232766409877,0.0113245369532294,0.4153871633038322,0.00015439689395518874,0.010760468734337891,0.010795401280333294,3.4932545995403075e-05,-0.019239531265662108,-0.019204598719666705,0.0100156104562302,-0.0199843895437697
2026-08-31,2026-09,jaou6_7400p,put,74.0,0.07,0.415232766409877,0.0113245369532294,0.4153871633038322,0.00015439689395518874,0.03623679694972104,0.03632760526942036,9.080831969932035e-05,-0.03376320305027897,-0.03367239473057965,0.0350700050464342,-0.0349299949535658
2026-08-31,2026-09,jaou6_7450p,put,74.5,0.09,0.415232766409877,0.0113245369532294,0.4153871633038322,0.00015439689395518874,0.04775137599941992,0.04786321560790441,0.00011183960848448748,-0.042248624000580076,-0.04213678439209559,0.0463804602169614,-0.0436195397830386
2026-08-31,2026-09,jaou6_7500p,put,75.0,0.1,0.415232766409877,0.0113245369532294,0.4153871633038322,0.00015439689395518874,0.0622736453015591,0.062409792687494914,0.00013614738593581421,-0.037726354698440906,-0.03759020731250509,0.0607857433407771,-0.0392142566592229
2026-08-31,2026-09,jaou6_7600p,put,76.0,0.15,0.415232766409877,0.0113245369532294,0.4153871633038322,0.00015439689395518874,0.1027836381123084,0.10297868119704745,0.00019504308473905496,-0.0472163618876916,-0.047021318802952544,0.1009893354992714,-0.0490106645007285
2026-08-31,2026-09,jaou6_7750p,put,77.5,0.25,0.415232766409877,0.0113245369532294,0.4153871633038322,0.00015439689395518874,0.20311883664208708,0.20342729709011653,0.00030846044802945727,-0.046881163357912925,-0.04657270290988347,0.200141382477679,-0.049858617522321
2026-08-31,2026-09,jaou6_7800p,put,78.0,0.3,0.415232766409877,0.0113245369532294,0.4153871633038322,0.00015439689395518874,0.2504364607755907,0.250788516859318,0.00035205608372734787,-0.049563539224409314,-0.049211483140681966,0.2468911960543268,-0.0531088039456731
2026-08-31,2026-09,jaou6_8000p,put,80.0,0.59,0.415232766409877,0.0113245369532294,0.4153871633038322,0.00015439689395518874,0.5337702999892926,0.5343124905058607,0.0005421905165681196,-0.05622970001070737,-0.05568750949413925,0.5279704480810904,-0.0620295519189095
2026-08-31,2026-09,jaou6_8200p,put,82.0,1.07,0.415232766409877,0.0113245369532294,0.4153871633038322,0.00015439689395518874,1.0120536221250962,1.0127758074883522,0.0007221853632559672,-0.057946377874903865,-0.0572241925116479,1.0032800630822345,-0.0667199369177655
2026-08-31,2026-09,jaou6_8250p,put,82.5,1.23,0.415232766409877,0.0113245369532294,0.4153871633038322,0.00015439689395518874,1.1682440548278374,1.1690036030916584,0.0007595482638209639,-0.06175594517216254,-0.06099639690834158,1.1591798744271888,-0.0708201255728111
2026-08-31,2026-09,jaou6_9100c,call,91.0,0.72,0.415232766409877,0.0113245369532294,0.4153871633038322,0.00015439689395518874,0.5803018356537083,0.5808895280795792,0.0005876924258708671,-0.13969816434629168,-0.1391104719204208,0.5731301436125165,-0.1468698563874835
2026-08-31,2026-09,jaou6_9150c,call,91.5,0.64,0.415232766409877,0.0113245369532294,0.4153871633038322,0.00015439689395518874,0.5025182099126737,0.5030648079955338,0.0005465980828600614,-0.1374817900873263,-0.13693519200446624,0.4957953223241378,-0.1442046776758622
2026-08-31,2026-09,jaou6_9196c,call,91.96,0.58,0.415232766409877,0.0113245369532294,0.4153871633038322,0.00015439689395518874,0.4388645990119963,0.43937341803556645,0.0005088190235701395,-0.14113540098800365,-0.1406265819644335,0.4325418152249048,-0.1474581847750951
2026-08-31,2026-09,jaou6_9200c,call,92.0,0.57,0.415232766409877,0.0113245369532294,0.4153871633038322,0.00015439689395518874,0.4336667213842304,0.4341722699649914,0.0005055485807610172,-0.13633327861576955,-0.13582773003500853,0.4273905517611596,-0.1426094482388403
2026-08-31,2026-09,jaou6_9225c,call,92.25,0.54,0.415232766409877,0.0113245369532294,0.4153871633038322,0.00015439689395518874,0.40234667188728956,0.4028318673648578,0.00048519547756825654,-0.13765332811271047,-0.13716813263514221,0.3963988337889514,-0.1436011662110486
2026-08-31,2026-09,jaou6_9250c,call,92.5,0.51,0.415232766409877,0.0113245369532294,0.4153871633038322,0.00015439689395518874,0.3729702376177969,0.3734352696178736,0.00046503200007669276,-0.1370297623822031,-0.1365647303821264,0.3673755874277934,-0.1426244125722066
2026-08-31,2026-09,jaou6_9435c,call,94.35,0.33,0.415232766409877,0.0113245369532294,0.4153871633038322,0.00015439689395518874,0.2073083302717602,0.20763444157733127,0.0003261113055710585,-0.1226916697282398,-0.12236555842266875,0.203635585488981,-0.126364414511019
2026-08-31,2026-09,jaou6_9500c,call,95.0,0.29,0.415232766409877,0.0113245369532294,0.4153871633038322,0.00015439689395518874,0.16683807522035984,0.16712126397811483,0.0002831887577549874,-0.12316192477964014,-0.12287873602188515,0.163790349906274,-0.1262096500937259
2026-08-31,2026-09,jaou6_9800c,call,98.0,0.14,0.415232766409877,0.0113245369532294,0.4153871633038322,0.00015439689395518874,0.05704896253139561,0.05718214071814226,0.00013317818674665055,-0.08295103746860441,-0.08281785928185775,0.0552606237432483,-0.0847393762567517
2026-08-31,2026-10,jaov6_10000c,call,100.0,0.97,0.415232766409877,0.0113245369532294,0.4153871633038322,0.00015439689395518874,0.5599455778568595,0.5607360010007268,0.000790423143867347,-0.4100544221431405,-0.4092639989992731,0.5485357547140045,-0.4214642452859954
2026-08-31,2026-10,jaov6_10205c,call,102.05,0.8,0.415232766409877,0.0113245369532294,0.4153871633038322,0.00015439689395518874,0.4110956913933931,0.41174844579539527,0.0006527544020021869,-0.38890430860660696,-0.3882515542046048,0.403011158095605,-0.396988841904395
2026-08-31,2026-10,jaov6_10240c,call,102.4,0.78,0.415232766409877,0.0113245369532294,0.4153871633038322,0.00015439689395518874,0.3895870013288196,0.3902176976934907,0.0006306963646710573,-0.3904129986711804,-0.38978230230650934,0.3819074958989445,-0.3980925041010555
2026-08-31,2026-10,jaov6_10300c,call,103.0,0.74,0.415232766409877,0.0113245369532294,0.4153871633038322,0.00015439689395518874,0.35506903993832856,0.3556629774860127,0.0005939375476841646,-0.38493096006167143,-0.38433702251398727,0.3479189982622925,-0.3920810017377075
2026-08-31,2026-10,jaov6_10500c,call,105.0,0.62,0.415232766409877,0.0113245369532294,0.4153871633038322,0.00015439689395518874,0.2591082840149028,0.2595896893156874,0.00048140530078455424,-0.3608917159850972,-0.3604103106843126,0.253366431484097,-0.366633568515903
2026-08-31,2026-10,jaov6_10800c,call,108.0,0.48,0.415232766409877,0.0113245369532294,0.4153871633038322,0.00015439689395518874,0.15894382771275695,0.1592857899578583,0.0003419622451013571,-0.32105617228724304,-0.3207142100421417,0.1555299536551374,-0.3244700463448626
2026-08-31,2026-10,jaov6_11500c,call,115.0,0.28,0.415232766409877,0.0113245369532294,0.4153871633038322,0.00015439689395518874,0.04745570925738079,0.04759349889041674,0.00013778963303594932,-0.23254429074261923,-0.23240650110958327,0.0471731405846737,-0.2328268594153263
2026-08-31,2026-10,jaov6_12100c,call,121.0,0.19,0.415232766409877,0.0113245369532294,0.4153871633038322,0.00015439689395518874,0.015748926804835382,0.015805844416787063,5.691761195168038e-05,-0.1742510731951646,-0.17419415558321294,0.0162586662891201,-0.1737413337108799
2026-08-31,2026-10,jaov6_12500c,call,125.0,0.14,0.415232766409877,0.0113245369532294,0.4153871633038322,0.00015439689395518874,0.007328571467035221,0.007358743407996304,3.01719409610832e-05,-0.1326714285329648,-0.1326412565920037,0.0077007747911818,-0.1322992252088182
2026-08-31,2026-10,jaov6_16000c,call,160.0,0.03,0.415232766409877,0.0113245369532294,0.4153871633038322,0.00015439689395518874,4.5795525937927225e-06,4.621715851598825e-06,4.2163257806102844e-08,-0.029995420447406208,-0.0299953782841484,1.5884255704920636e-05,-0.029984115744295
2026-08-31,2026-10,jaov6_7200p,put,72.0,0.85,0.415232766409877,0.0113245369532294,0.4153871633038322,0.00015439689395518874,0.8009333933541622,0.8018404279475693,0.000907034593407019,-0.04906660664583773,-0.04815957205243071,0.7891617985258043,-0.0608382014741957
2026-08-31,2026-10,jaov6_7400p,put,74.0,1.21,0.415232766409877,0.0113245369532294,0.4153871633038322,0.00015439689395518874,1.175846612956402,1.1769572948565052,0.0011106819001032164,-0.03415338704359794,-0.03304270514349472,1.160886444994019,-0.0491135550059809
2026-08-31,2026-10,jaov6_7450p,put,74.5,1.32,0.415232766409877,0.0113245369532294,0.4153871633038322,0.00015439689395518874,1.2867193886428119,1.2878797949026204,0.0011604062598085108,-0.03328061135718818,-0.03212020509737967,1.2709905043593412,-0.0490094956406588
2026-08-31,2026-10,jaov6_7500p,put,75.0,1.43,0.415232766409877,0.0113245369532294,0.4153871633038322,0.00015439689395518874,1.4049004872094883,1.40610965975341,0.0012091725439216106,-0.02509951279051159,-0.02389034024658998,1.3884871621066837,-0.0415128378933162
2026-08-31,2026-10,jaov6_7600p,put,76.0,1.69,0.415232766409877,0.0113245369532294,0.4153871633038322,0.00015439689395518874,1.663992875885131,1.6652957617144937,0.0013028858293626655,-0.02600712411486894,-0.024704238285506275,1.646073082649247,-0.043926917350753
2026-08-31,2026-10,jaov6_7800p,put,78.0,2.31,0.415232766409877,0.0113245369532294,0.4153871633038322,0.00015439689395518874,2.2779322331419003,2.2794010816181824,0.0014688484762821474,-0.032067766858099755,-0.030598918381817608,2.256127071126633,-0.0538729288733672
2026-08-31,2026-10,jaov6_8000p,put,80.0,3.08,0.415232766409877,0.0113245369532294,0.4153871633038322,0.00015439689395518874,3.0263995661077487,3.027995724497816,0.001596158390067437,-0.05360043389225133,-0.052004275502183894,3.00167399974453,-0.0783260002554699
2026-08-31,2026-10,jaov6_8200p,put,82.0,4.01,0.415232766409877,0.0113245369532294,0.4153871633038322,0.00015439689395518874,3.9137538961981173,3.9154302408237083,0.0016763446255909642,-0.09624610380188248,-0.09456975917629151,3.8890569118836416,-0.1209430881163582
2026-08-31,2026-10,jaov6_9000p,put,90.0,9.12,0.415232766409877,0.0113245369532294,0.4153871633038322,0.00015439689395518874,8.791765925011198,8.793283839372293,0.0015179143610950518,-0.3282340749888011,-0.32671616062770603,8.774825009630208,-0.3451749903697916
2026-08-31,2026-10,jaov6_9200c,call,92.0,2.06,0.415232766409877,0.0113245369532294,0.4153871633038322,0.00015439689395518874,1.691210775691648,1.6925996467320508,0.0013888710404028615,-0.36878922430835215,-0.3674003532679493,1.6678793423569669,-0.3921206576430331
2026-08-31,2026-10,jaov6_9225c,call,92.25,2.01,0.415232766409877,0.0113245369532294,0.4153871633038322,0.00015439689395518874,1.6379935237428815,1.6393648676137815,0.001371343870899988,-0.37200647625711825,-0.37063513238621826,1.615087960609611,-0.3949120393903889
2026-08-31,2026-10,jaov6_9348c,call,93.48,1.79,0.415232766409877,0.0113245369532294,0.4153871633038322,0.00015439689395518874,1.3960747229115478,1.3973566293340685,0.0012819064225206844,-0.39392527708845226,-0.3926433706659316,1.3752174663495766,-0.4147825336504234
2026-08-31,2026-10,jaov6_9353c,call,93.53,1.78,0.415232766409877,0.0113245369532294,0.4153871633038322,0.00015439689395518874,1.3869138301118664,1.3881920078808812,0.0012781777690147322,-0.3930861698881336,-0.3918079921191189,1.3661435152381485,-0.4138564847618515
2026-08-31,2026-10,jaov6_9435c,call,94.35,1.65,0.415232766409877,0.0113245369532294,0.4153871633038322,0.00015439689395518874,1.2437726075412032,1.2449888892937468,0.0012162817525436243,-0.4062273924587967,-0.40501111070625306,1.2243950984226062,-0.4256049015773937
2026-08-31,2026-10,jaov6_9800c,call,98.0,1.17,0.415232766409877,0.0113245369532294,0.4153871633038322,0.00015439689395518874,0.7496244164631221,0.7505608076918887,0.0009363912287666531,-0.4203755835368779,-0.4194391923081112,0.735706929571214,-0.4342930704287859
2026-08-31,2026-10,jaov6_9911c,call,99.11,1.05,0.415232766409877,0.0113245369532294,0.4153871633038322,0.00015439689395518874,0.638340988571679,0.6391951754399977,0.0008541868683187293,-0.41165901142832106,-0.41080482456000234,0.625665009996457,-0.424334990003543
2026-08-31,2026-10,jaov6_9955c,call,99.55,1.01,0.415232766409877,0.0113245369532294,0.4153871633038322,0.00015439689395518874,0.5984438300757244,0.5992662265409693,0.0008223964652448457,-0.41155616992427557,-0.4107337734590307,0.5863486329764053,-0.4236513670235947
2026-08-31,2026-11,jaox6_10000c,call,100.0,1.6,0.415232766409877,0.0113245369532294,0.4153871633038322,0.00015439689395518874,1.0931065569658727,1.0944107734261572,0.0013042164602845574,-0.5068934430341274,-0.5055892265738429,1.1214502836159967,-0.4785497163840033
2026-08-31,2026-11,jaox6_10205c,call,102.05,1.4,0.415232766409877,0.0113245369532294,0.4153871633038322,0.00015439689395518874,0.8825046418845406,0.8836626025702515,0.001157960685710946,-0.5174953581154593,-0.5163373974297484,0.9107248744536404,-0.4892751255463595
2026-08-31,2026-11,jaox6_10240c,call,102.4,1.36,0.415232766409877,0.0113245369532294,0.4153871633038322,0.00015439689395518874,0.8504456441790745,0.8515792342608424,0.0011335900817678324,-0.5095543558209256,-0.5084207657391577,0.8785592161980879,-0.4814407838019122
2026-08-31,2026-11,jaox6_10500c,call,105.0,1.16,0.415232766409877,0.0113245369532294,0.4153871633038322,0.00015439689395518874,0.6434205301107515,0.64438039459927,0.0009598644885184804,-0.5165794698892484,-0.5156196054007299,0.6697517887753689,-0.490248211224631
2026-08-31,2026-11,jaox6_10800c,call,108.0,0.96,0.415232766409877,0.0113245369532294,0.4153871633038322,0.00015439689395518874,0.46238574131945476,0.46316448630367035,0.0007787449842155958,-0.4976142586805452,-0.4968355136963296,0.4850244370466657,-0.4749755629533342
2026-08-31,2026-11,jaox6_7200p,put,72.0,2.03,0.415232766409877,0.0113245369532294,0.4153871633038322,0.00015439689395518874,2.0640653282258654,2.065700725439962,0.0016353972140965567,0.03406532822586561,0.035700725439962167,2.0787375939629547,0.0487375939629548
2026-08-31,2026-11,jaox6_7400p,put,74.0,2.62,0.415232766409877,0.0113245369532294,0.4153871633038322,0.00015439689395518874,2.668963278399408,2.6707772127750626,0.001813934375654469,0.04896327839940806,0.05077721277506253,2.683184525992584,0.0631845259925838
2026-08-31,2026-11,jaox6_7450p,put,74.5,2.78,0.415232766409877,0.0113245369532294,0.4153871633038322,0.00015439689395518874,2.8365610209780074,2.8384153955443976,0.001854374566390149,0.05656102097800764,0.058415395544397786,2.850832933121972,0.0708329331219723
2026-08-31,2026-11,jaox6_7500p,put,75.0,2.96,0.415232766409877,0.0113245369532294,0.4153871633038322,0.00015439689395518874,3.0108347848636354,3.0127276942885937,0.0018929094249582334,0.05083478486363546,0.052727694288593696,3.025294542867216,0.0652945428672162
2026-08-31,2026-11,jaox6_7600p,put,76.0,3.33,0.415232766409877,0.0113245369532294,0.4153871633038322,0.00015439689395518874,3.379593048045475,3.381556921255406,0.0019638732099309664,0.04959304804547493,0.051556921255405896,3.3943273908342664,0.0643273908342663
2026-08-31,2026-11,jaox6_7800p,put,78.0,4.16,0.415232766409877,0.0113245369532294,0.4153871633038322,0.00015439689395518874,4.198735728191579,4.200814878866957,0.0020791506753781164,0.038735728191579,0.040814878866957116,4.213635958198245,0.053635958198245
2026-08-31,2026-11,jaox6_8000p,put,80.0,5.12,0.415232766409877,0.0113245369532294,0.4153871633038322,0.00015439689395518874,5.126938591801123,5.129094619270999,0.0021560274698764204,0.006938591801122662,0.009094619270999083,5.142181211352339,0.0221812113523389
2026-08-31,2026-11,jaox6_8200p,put,82.0,6.2,0.415232766409877,0.0113245369532294,0.4153871633038322,0.00015439689395518874,6.162648928604801,6.164842085313909,0.002193156709108024,-0.03735107139519922,-0.035157914686091196,6.177478673949449,-0.0225213260505512
2026-08-31,2026-11,jaox6_8950c,call,89.5,3.34,0.415232766409877,0.0113245369532294,0.4153871633038322,0.00015439689395518874,3.019191641305186,3.0212056063308337,0.002013965025647657,-0.32080835869481383,-0.3187943936691662,3.0479679910104185,-0.2920320089895813
2026-08-31,2026-11,jaox6_9000c,call,90.0,3.22,0.415232766409877,0.0113245369532294,0.4153871633038322,0.00015439689395518874,2.8861240938495163,2.888111809368183,0.0019877155186667217,-0.3338759061504839,-0.3318881906318172,2.9147106715094755,-0.3052893284905247
2026-08-31,2026-11,jaox6_9000p,put,90.0,11.56,0.415232766409877,0.0113245369532294,0.4153871633038322,0.00015439689395518874,11.290996901538009,11.292984617056675,0.0019877155186662776,-0.269003098461992,-0.2670153829433257,11.305385727015915,-0.2546142729840852
2026-08-31,2026-11,jaox6_9025c,call,90.25,3.16,0.415232766409877,0.0113245369532294,0.4153871633038322,0.00015439689395518874,2.821434316951411,2.8234084124131917,0.001974095461780845,-0.33856568304858925,-0.3365915875868084,2.8498771645372534,-0.3101228354627467
2026-08-31,2026-11,jaox6_9100c,call,91.0,2.99,0.415232766409877,0.0113245369532294,0.4153871633038322,0.00015439689395518874,2.634559149008407,2.636490540672056,0.0019313916636489736,-0.3554408509915934,-0.3535094593279444,2.6625296975778885,-0.3274703024221117
2026-08-31,2026-11,jaox6_9196c,call,91.96,2.79,0.415232766409877,0.0113245369532294,0.4153871633038322,0.00015439689395518874,2.410582668987499,2.4124557573950693,0.001873088407570389,-0.3794173310125011,-0.3775442426049307,2.4380570612004577,-0.3519429387995423
2026-08-31,2026-11,jaox6_9200c,call,92.0,2.78,0.415232766409877,0.0113245369532294,0.4153871633038322,0.00015439689395518874,2.401609863498459,2.403480442357794,0.0018705788593349482,-0.37839013650154074,-0.3765195576422058,2.4290718321552847,-0.3509281678447151
2026-08-31,2026-11,jaox6_9225c,call,92.25,2.73,0.415232766409877,0.0113245369532294,0.4153871633038322,0.00015439689395518874,2.346166742947688,2.3480215026073785,0.001854759659690508,-0.38383325705231197,-0.38197849739262146,2.373562242596176,-0.3564377574038238
2026-08-31,2026-11,jaox6_9348c,call,93.48,2.51,0.415232766409877,0.0113245369532294,0.4153871633038322,0.00015439689395518874,2.0889290925455097,2.0907029723019424,0.001773879756432617,-0.42107090745449005,-0.41929702769805743,2.11624418359108,-0.3937558164089196
2026-08-31,2026-11,jaox6_9353c,call,93.53,2.5,0.415232766409877,0.0113245369532294,0.4153871633038322,0.00015439689395518874,2.0790028390903403,2.0807733353090585,0.001770496218718165,-0.42099716090965966,-0.4192266646909415,2.106326708431821,-0.3936732915681791
2026-08-31,2026-11,jaox6_9435c,call,94.35,2.36,0.415232766409877,0.0113245369532294,0.4153871633038322,0.00015439689395518874,1.9218851687674303,1.9235992794417165,0.0017141106742861734,-0.43811483123256956,-0.4364007205582834,1.949471745811793,-0.4105282541882069
2026-08-31,2026-11,jaox6_9911c,call,99.11,1.7,0.415232766409877,0.0113245369532294,0.4153871633038322,0.00015439689395518874,1.1977609918462677,1.1991300605356225,0.0013690686893548243,-0.5022390081537322,-0.5008699394643774,1.2261410948454003,-0.4738589051545996
2026-08-31,2027-03,jaoh7_6800p,put,68.0,4.2,0.415232766409877,0.0113245369532294,0.4153871633038322,0.00015439689395518874,5.231638774620212,5.234544515987615,0.0029057413674031807,1.0316387746202116,1.0345445159876148,5.240789105251258,1.0407891052512577
2026-08-31,2027-03,jaoh7_6900p,put,69.0,4.56,0.415232766409877,0.0113245369532294,0.4153871633038322,0.00015439689395518874,5.654289780511035,5.657262685733264,0.0029729052222293717,1.0942897805110352,1.0972626857332646,5.663961933885215,1.1039619338852154
2026-08-31,2027-03,jaoh7_7000p,put,70.0,4.95,0.415232766409877,0.0113245369532294,0.4153871633038322,0.00015439689395518874,6.095538834843263,6.098572442993295,0.0030336081500319523,1.1455388348432631,1.148572442993295,6.105673433699914,1.1556734336999137
2026-08-31,2027-03,jaoh7_7100p,put,71.0,5.36,0.415232766409877,0.0113245369532294,0.4153871633038322,0.00015439689395518874,6.555227304532094,6.558315031325305,0.0030877267932112318,1.1952273045320938,1.198315031325305,6.565761379795518,1.2057613797955176
2026-08-31,2027-03,jaoh7_7150p,put,71.5,5.57,0.415232766409877,0.0113245369532294,0.4153871633038322,0.00015439689395518874,6.79192643848635,6.795038730604231,0.0031122921178816654,1.2219264384863493,1.225038730604231,6.802460658338237,1.232460658338237
2026-08-31,2027-03,jaoh7_7400p,put,74.0,6.73,0.415232766409877,0.0113245369532294,0.4153871633038322,0.00015439689395518874,8.042798802605994,8.046008875930605,0.003210073324611429,1.3127988026059931,1.3160088759306046,8.052784404614378,1.322784404614378
2026-08-31,2027-03,jaoh7_7450p,put,74.5,6.98,0.415232766409877,0.0113245369532294,0.4153871633038322,0.00015439689395518874,8.306212861014586,8.309437505987622,0.003224644973036206,1.3262128610145858,1.329437505987622,8.315980428870542,1.335980428870542
2026-08-31,2027-03,jaoh7_7500p,put,75.0,7.24,0.415232766409877,0.0113245369532294,0.4153871633038322,0.00015439689395518874,8.573953307767844,8.577190882821457,0.0032375750536122183,1.3339533077678443,1.3371908828214565,8.583484762388968,1.343484762388968
2026-08-31,2027-03,jaoh7_7900c,call,79.0,6.04,0.415232766409877,0.0113245369532294,0.4153871633038322,0.00015439689395518874,7.363062353380731,7.3663462847185235,0.0032839313377923673,1.323062353380731,1.3263462847185234,7.366220704698918,1.326220704698918
2026-08-31,2027-03,jaoh7_8000c,call,80.0,5.68,0.415232766409877,0.0113245369532294,0.4153871633038322,0.00015439689395518874,6.999387641473668,7.00266812012887,0.0032804786552018683,1.3193876414736687,1.3226681201288706,7.00080337546653,1.3208033754665305
2026-08-31,2027-03,jaoh7_8025c,call,80.25,5.6,0.415232766409877,0.0113245369532294,0.4153871633038322,0.00015439689395518874,6.910870335974991,6.914149069713555,0.0032787337385640214,1.3108703359749914,1.3141490697135554,6.911986914856859,1.3119869148568597
2026-08-31,2027-03,jaoh7_8075c,call,80.75,5.43,0.415232766409877,0.0113245369532294,0.4153871633038322,0.00015439689395518874,6.7366724078997615,6.739946620282798,0.003274212383036712,1.3066724078997618,1.3099466202827985,6.737197694029085,1.3071976940290853
2026-08-31,2027-03,jaoh7_8100c,call,81.0,5.35,0.415232766409877,0.0113245369532294,0.4153871633038322,0.00015439689395518874,6.650978786067422,6.654250229862769,0.00327144379534694,1.3009787860674225,1.3042502298627694,6.651177812265924,1.3011778122659248
2026-08-31,2027-03,jaoh7_8102c,call,81.02,5.35,0.415232766409877,0.0113245369532294,0.4153871633038322,0.00015439689395518874,6.644163480341311,6.647434688198644,0.003271207857332925,1.2941634803413118,1.2974346881986447,6.644335814733368,1.294335814733368
2026-08-31,2027-03,jaoh7_8150c,call,81.5,5.2,0.415232766409877,0.0113245369532294,0.4153871633038322,0.00015439689395518874,6.482369475606041,6.485634386473246,0.003264910867205373,1.2823694756060409,1.2856343864732462,6.481825723063814,1.2818257230638137
2026-08-31,2027-03,jaoh7_8185c,call,81.85,5.09,0.415232766409877,0.0113245369532294,0.4153871633038322,0.00015439689395518874,6.366523749613649,6.369783311778917,0.003259562165268015,1.2765237496136494,1.2797833117789175,6.365396830388439,1.2753968303884395
2026-08-31,2027-03,jaoh7_8342c,call,83.42,4.63,0.415232766409877,0.0113245369532294,0.4153871633038322,0.00015439689395518874,5.868450870867341,5.871678909759879,0.0032280388925380876,1.2384508708673412,1.2416789097598793,5.865122874318034,1.2351228743180345
2026-08-31,2027-03,jaoh7_8500c,call,85.0,4.22,0.415232766409877,0.0113245369532294,0.4153871633038322,0.00015439689395518874,5.4015795373466355,5.404764231328678,0.0031846939820425746,1.1815795373466358,1.1847642313286784,5.396805702174793,1.1768057021747929
2026-08-31,2027-03,jaoh7_8525c,call,85.25,4.16,0.415232766409877,0.0113245369532294,0.4153871633038322,0.00015439689395518874,5.330754586789433,5.3339314284931465,0.0031768417037136842,1.1707545867894327,1.1739314284931464,5.32573676084885,1.1657367608488496
2026-08-31,2027-03,jaoh7_8575c,call,85.75,4.04,0.415232766409877,0.0113245369532294,0.4153871633038322,0.00015439689395518874,5.191538777517111,5.194699142445011,0.0031603649279006163,1.1515387775171106,1.1546991424450113,5.186083862904197,1.146083862904197
2026-08-31,2027-03,jaoh7_8675c,call,86.75,3.81,0.415232766409877,0.0113245369532294,0.4153871633038322,0.00015439689395518874,4.922652628475899,4.9257770795093325,0.0031244510334333953,1.112652628475899,1.1157770795093325,4.916213743671443,1.1062137436714423
2026-08-31,2027-03,jaoh7_8700c,call,87.0,3.76,0.415232766409877,0.0113245369532294,0.4153871633038322,0.00015439689395518874,4.857380004976641,4.860494887625992,0.003114882649351003,1.0973800049766416,1.1004948876259926,4.850720709737619,1.090720709737619
2026-08-31,2027-03,jaoh7_8705c,call,87.05,3.75,0.415232766409877,0.0113245369532294,0.4153871633038322,0.00015439689395518874,4.844417613933702,4.84753055554747,0.003112941613768072,1.094417613933702,1.0975305555474701,4.837716654864549,1.0877166548645487
2026-08-31,2027-09,jaou7_5800p,put,58.0,3.25,0.415232766409877,0.0113245369532294,0.4153871633038322,0.00015439689395518874,5.051481150375748,5.054798763116542,0.003317612740794118,1.8014811503757482,1.8047987631165423,5.0173379679797305,1.7673379679797303
2026-08-31,2027-09,jaou7_5900p,put,59.0,3.5,0.415232766409877,0.0113245369532294,0.4153871633038322,0.00015439689395518874,5.426940727211848,5.4303530171062295,0.0034122898943813595,1.9269407272118482,1.9303530171062295,5.390695672131333,1.8906956721313328
2026-08-31,2027-09,jaou7_6000p,put,60.0,3.77,0.415232766409877,0.0113245369532294,0.4153871633038322,0.00015439689395518874,5.817270982362629,5.820773360097984,0.003502377735355111,2.047270982362629,2.0507733600979843,5.778702255632105,2.008702255632105
2026-08-31,2027-09,jaou7_6200p,put,62.0,4.35,0.415232766409877,0.0113245369532294,0.4153871633038322,0.00015439689395518874,6.642076268034959,6.645744446347829,0.0036681783128695855,2.2920762680349593,2.295744446347829,6.6000552004554445,2.250055200455445
2026-08-31,2027-09,jaou7_6420p,put,64.2,5.06,0.415232766409877,0.0113245369532294,0.4153871633038322,0.00015439689395518874,7.61617285693597,7.620000421116787,0.003827564180816978,2.5561728569359703,2.5600004211167873,7.573144967029196,2.5131449670291968
2026-08-31,2027-09,jaou7_6500p,put,65.0,5.34,0.415232766409877,0.0113245369532294,0.4153871633038322,0.00015439689395518874,7.9873998391875425,7.991279255921995,0.0038794167344526898,2.6473998391875426,2.6512792559219953,7.943944390708052,2.603944390708052
2026-08-31,2027-09,jaou7_6750p,put,67.5,6.3,0.415232766409877,0.0113245369532294,0.4153871633038322,0.00015439689395518874,9.204454353675978,9.208474661603072,0.00402030792709418,2.9044543536759777,2.908474661603072,9.161296454672902,2.8612964546729023
2026-08-31,2027-09,jaou7_6800p,put,68.0,6.5,0.415232766409877,0.0113245369532294,0.4153871633038322,0.00015439689395518874,9.458017630516586,9.462062282670288,0.0040446521537020885,2.9580176305165864,2.9620622826702885,9.4149180474122,2.9149180474122005
2026-08-31,2027-09,jaou7_6820c,call,68.2,9.9,0.415232766409877,0.0113245369532294,0.4153871633038322,0.00015439689395518874,12.885887077323503,12.889941111674139,0.004054034350636115,2.9858870773235022,2.9899411116741383,12.77284717104814,2.87284717104814
2026-08-31,2027-09,jaou7_6825c,call,68.25,9.88,0.415232766409877,0.0113245369532294,0.4153871633038322,0.00015439689395518874,12.863765925931183,12.867822274163107,0.004056348231923579,2.9837659259311824,2.987822274163106,12.750729370625455,2.870729370625454
2026-08-31,2027-09,jaou7_6860c,call,68.6,9.69,0.415232766409877,0.0113245369532294,0.4153871633038322,0.00015439689395518874,12.709841042650801,12.71391323408721,0.004072191436408801,3.0198410426508016,3.0239132340872104,12.596842069941966,2.906842069941966
2026-08-31,2027-09,jaou7_6900c,call,69.0,9.48,0.415232766409877,0.0113245369532294,0.4153871633038322,0.00015439689395518874,12.535895565396917,12.539985107073166,0.004089541676249198,3.0558955653969164,3.0599851070731656,12.423034654614325,2.9430346546143245
2026-08-31,2027-09,jaou7_6900p,put,69.0,6.93,0.415232766409877,0.0113245369532294,0.4153871633038322,0.00015439689395518874,9.97506766138952,9.97915720306577,0.004089541676249198,3.0450676613895205,3.0491572030657697,9.9321591295554,3.0021591295554
2026-08-31,2027-09,jaou7_6905c,call,69.05,9.46,0.415232766409877,0.0113245369532294,0.4153871633038322,0.00015439689395518874,12.5142993093533,12.518390963265247,0.004091653911947546,3.054299309353299,3.0583909632652464,12.401464977785734,2.941464977785733
2026-08-31,2027-09,jaou7_6930c,call,69.3,9.33,0.415232766409877,0.0113245369532294,0.4153871633038322,0.00015439689395518874,12.406805667870179,12.410907695032083,0.004102027161904331,3.076805667870179,3.0809076950320833,12.294141772403847,2.9641417724038472
2026-08-31,2027-09,jaou7_7000c,call,70.0,8.97,0.415232766409877,0.0113245369532294,0.4153871633038322,0.00015439689395518874,12.11012002788717,12.114249441450896,0.004129413563726203,3.1401200278871695,3.1442494414508957,11.99822436811269,3.0282243681126886
2026-08-31,2027-09,jaou7_7000p,put,70.0,7.37,0.415232766409877,0.0113245369532294,0.4153871633038322,0.00015439689395518874,10.505149163040993,10.50927857660472,0.004129413563726203,3.1351491630409933,3.1392785766047195,10.46320588221498,3.0932058822149804
2026-08-31,2027-09,jaou7_7110c,call,71.1,8.43,0.415232766409877,0.0113245369532294,0.4153871633038322,0.00015439689395518874,11.65652427394619,11.66069183626393,0.004167562317739737,3.2265242739461897,3.2306918362639294,11.546479175182052,3.116479175182052
2026-08-31,2027-09,jaou7_7200c,call,72.0,8.01,0.415232766409877,0.0113245369532294,0.4153871633038322,0.00015439689395518874,11.296672345829585,11.300866748175906,0.004194402346321624,3.286672345829585,3.2908667481759064,11.188554342301355,3.178554342301356
2026-08-31,2027-09,jaou7_7335c,call,73.35,7.41,0.415232766409877,0.0113245369532294,0.4153871633038322,0.00015439689395518874,10.775477823243893,10.779705275458536,0.004227452214642824,3.365477823243893,3.3697052754585357,10.670351964621243,3.2603519646212438
2026-08-31,2027-09,jaou7_7400c,call,74.0,7.14,0.415232766409877,0.0113245369532294,0.4153871633038322,0.00015439689395518874,10.532320830791889,10.536561179606384,0.004240348814494865,3.3923208307918893,3.396561179606384,10.428542342356812,3.288542342356812
2026-08-31,2027-09,jaou7_7400p,put,74.0,9.37,0.415232766409877,0.0113245369532294,0.4153871633038322,0.00015439689395518874,12.750778122590589,12.755018471405084,0.004240348814494865,3.3807781225905895,3.3850184714050844,12.716952013103985,3.3469520131039854
2026-08-31,2027-09,jaou7_7450c,call,74.5,6.94,0.415232766409877,0.0113245369532294,0.4153871633038322,0.00015439689395518874,10.348658374561413,10.352907338260792,0.0042489636993785496,3.408658374561413,3.4129073382607915,10.245837921584789,3.3058379215847884
2026-08-31,2027-09,jaou7_7450p,put,74.5,9.64,0.415232766409877,0.0113245369532294,0.4153871633038322,0.00015439689395518874,13.045044185940723,13.049293149640102,0.0042489636993785496,3.4050441859407226,3.409293149640101,13.01217611191257,3.372176111912569
2026-08-31,2027-09,jaou7_7500c,call,75.0,6.74,0.415232766409877,0.0113245369532294,0.4153871633038322,0.00015439689395518874,10.167899514882189,10.172155975498166,0.004256460615977176,3.4278995148821885,3.4321559754981656,10.066006813073123,3.326006813073123
2026-08-31,2027-09,jaou7_7500p,put,75.0,9.92,0.415232766409877,0.0113245369532294,0.4153871633038322,0.00015439689395518874,13.342213845842107,13.346470306458084,0.004256460615977176,3.4222138458421067,3.426470306458084,13.310273522981513,3.390273522981513
2026-08-31,2027-09,jaou7_7542c,call,75.42,6.57,0.415232766409877,0.0113245369532294,0.4153871633038322,0.00015439689395518874,10.018281440844126,10.022543346804259,0.0042619059601332054,3.4482814408441254,3.4525433468042586,9.917261251973384,3.347261251973384
2026-08-31,2027-09,jaou7_7550c,call,75.5,6.54,0.415232766409877,0.0113245369532294,0.4153871633038322,0.00015439689395518874,9.990010715636535,9.99427357148601,0.0042628558494755,3.4500107156365347,3.45427357148601,9.889156065157954,3.349156065157953
2026-08-31,2027-09,jaou7_7600c,call,76.0,6.35,0.415232766409877,0.0113245369532294,0.4153871633038322,0.00015439689395518874,9.814958338145031,9.819226504295006,0.004268166149975272,3.4649583381450313,3.4692265042950066,9.715058685622022,3.3650586856220226
2026-08-31,2027-09,jaou7_7610c,call,76.1,6.31,0.415232766409877,0.0113245369532294,0.4153871633038322,0.00015439689395518874,9.780285267244873,9.784554366767509,0.0042690995226362105,3.470285267244873,3.474554366767509,9.680572839157922,3.370572839157922
2026-08-31,2027-09,jaou7_7705c,call,77.05,5.97,0.415232766409877,0.0113245369532294,0.4153871633038322,0.00015439689395518874,9.456430838044662,9.460706701260772,0.004275863216109954,3.4864308380446625,3.4907067012607724,9.358463629766383,3.388463629766384
2026-08-31,2027-09,jaou7_7710c,call,77.1,5.95,0.415232766409877,0.0113245369532294,0.4153871633038322,0.00015439689395518874,9.43966107101387,9.443937186087954,0.00427611507408443,3.4896610710138694,3.493937186087954,9.341779180262444,3.391779180262444
2026-08-31,2027-09,jaou7_7725c,call,77.25,5.9,0.415232766409877,0.0113245369532294,0.4153871633038322,0.00015439689395518874,9.38951533625522,9.393792145256182,0.004276809000961279,3.48951533625522,3.4937921452561813,9.2918867071891,3.3918867071891
2026-08-31,2028-03,jaoh8_5740p,put,57.4,3.74,0.415232766409877,0.0113245369532294,0.4153871633038322,0.00015439689395518874,7.099247777274789,7.103301769900169,0.004053992625379976,3.3592477772747884,3.3633017699001684,7.108174190472107,3.368174190472107
2026-08-31,2028-03,jaoh8_5900p,put,59.0,4.19,0.415232766409877,0.0113245369532294,0.4153871633038322,0.00015439689395518874,7.789813944581029,7.794002447136942,0.004188502555912521,3.5998139445810287,3.604002447136941,7.7995206885404,3.6095206885404
2026-08-31,2028-03,jaoh8_6000p,put,60.0,4.49,0.415232766409877,0.0113245369532294,0.4153871633038322,0.00015439689395518874,8.237434288740001,8.2417011758834,0.004266887143398179,3.747434288740001,3.751701175883399,8.247384464515635,3.757384464515635
2026-08-31,2028-03,jaoh8_6151c,call,61.51,12.69,0.415232766409877,0.0113245369532294,0.4153871633038322,0.00015439689395518874,16.635192829838,16.639569723693423,0.004376893855422281,3.9451928298380015,3.9495697236934237,16.63554178782206,3.945541787822061
2026-08-31,2028-03,jaoh8_6165p,put,61.65,5.02,0.415232766409877,0.0113245369532294,0.4153871633038322,0.00015439689395518874,9.002374394293039,9.006760977355846,0.004386583062807148,3.982374394293039,3.9867609773558463,9.012323171916384,3.992323171916384
2026-08-31,2028-03,jaoh8_6200c,call,62.0,12.39,0.415232766409877,0.0113245369532294,0.4153871633038322,0.00015439689395518874,16.40974775737793,16.414158184879273,0.0044104275013445715,4.019747757377928,4.024158184879273,16.409986822677222,4.019986822677222
2026-08-31,2028-03,jaoh8_6200p,put,62.0,5.13,0.415232766409877,0.0113245369532294,0.4153871633038322,0.00015439689395518874,9.168788472018873,9.173198899520218,0.0044104275013445715,4.038788472018873,4.043198899520218,9.178652814044137,4.048652814044137
2026-08-31,2028-03,jaoh8_6250p,put,62.5,5.31,0.415232766409877,0.0113245369532294,0.4153871633038322,0.00015439689395518874,9.409010172578927,9.413453726164782,0.004443553585854687,4.099010172578928,4.1034537261647825,9.418715152318724,4.108715152318724
2026-08-31,2028-03,jaoh8_6420c,call,64.2,11.13,0.415232766409877,0.0113245369532294,0.4153871633038322,0.00015439689395518874,15.431869849493486,15.436417814263002,0.004547964769516355,4.301869849493485,4.306417814263002,15.43101859078974,4.30101859078974
2026-08-31,2028-03,jaoh8_6500c,call,65.0,10.69,0.415232766409877,0.0113245369532294,0.4153871633038322,0.00015439689395518874,15.08991293041884,15.094505665740593,0.004592735321752528,4.399912930418841,4.404505665740594,15.088603033245969,4.398603033245969
2026-08-31,2028-03,jaoh8_6500p,put,65.0,6.24,0.415232766409877,0.0113245369532294,0.4153871633038322,0.00015439689395518874,10.653164178201033,10.657756913522785,0.004592735321752528,4.413164178201033,4.417756913522785,10.66147955775413,4.421479557754131
2026-08-31,2028-03,jaoh8_6600c,call,66.0,10.16,0.415232766409877,0.0113245369532294,0.4153871633038322,0.00015439689395518874,14.672443201355845,14.677088015935354,0.004644814579508605,4.512443201355845,4.517088015935354,14.670402746868058,4.510402746868058
2026-08-31,2028-03,jaoh8_6600p,put,66.0,6.65,0.415232766409877,0.0113245369532294,0.4153871633038322,0.00015439689395518874,11.170431293518453,11.175076108097961,0.004644814579508605,4.5204312935184525,4.525076108097961,11.178016115756638,4.528016115756637
2026-08-31,2028-03,jaoh8_6750p,put,67.5,7.3,0.415232766409877,0.0113245369532294,0.4153871633038322,0.00015439689395518874,11.966678779886738,11.97139373426236,0.004714954375621971,4.666678779886738,4.67139373426236,11.972802073419684,4.6728020734196845
2026-08-31,2028-03,jaoh8_6775c,call,67.75,9.28,0.415232766409877,0.0113245369532294,0.4153871633038322,0.00015439689395518874,13.967940029534889,13.972665755548498,0.0047257260136088775,4.687940029534889,4.692665755548498,13.96417894562168,4.68417894562168
2026-08-31,2028-03,jaoh8_6875c,call,68.75,8.81,0.415232766409877,0.0113245369532294,0.4153871633038322,0.00015439689395518874,13.579894837652752,13.584661066785845,0.004766229133092992,4.7698948376527515,4.7746610667858445,13.575102532400871,4.765102532400871
2026-08-31,2028-03,jaoh8_6890c,call,68.9,8.74,0.415232766409877,0.0113245369532294,0.4153871633038322,0.00015439689395518874,13.522581380985041,13.527353332129039,0.0047719511439971996,4.782581380985041,4.7873533321290385,13.5176721903381,4.7776721903381
2026-08-31,2028-03,jaoh8_7000c,call,70.0,8.23,0.415232766409877,0.0113245369532294,0.4153871633038322,0.00015439689395518874,13.109291749492586,13.114102886008578,0.004811136515991521,4.879291749492586,4.884102886008577,13.103769641023842,4.873769641023841
2026-08-31,2028-03,jaoh8_7000p,put,70.0,8.47,0.415232766409877,0.0113245369532294,0.4153871633038322,0.00015439689395518874,13.346227219176857,13.351038355692848,0.004811136515991521,4.876227219176856,4.881038355692848,13.350330387434086,4.8803303874340855
2026-08-31,2028-03,jaoh8_7110c,call,71.1,7.75,0.415232766409877,0.0113245369532294,0.4153871633038322,0.00015439689395518874,12.708132597433895,12.712978114500569,0.004845517066673466,4.958132597433895,4.962978114500569,12.70199092308302,4.95199092308302
2026-08-31,2028-03,jaoh8_7275c,call,72.75,7.06,0.415232766409877,0.0113245369532294,0.4153871633038322,0.00015439689395518874,12.128507834781432,12.133396178358039,0.004888343576606502,5.068507834781433,5.073396178358039,12.12148875605656,5.061488756056561
2026-08-31,2028-03,jaoh8_7340c,call,73.4,6.8,0.415232766409877,0.0113245369532294,0.4153871633038322,0.00015439689395518874,11.907273838395026,11.912176253524878,0.004902415129851789,5.1072738383950265,5.112176253524878,11.90002076248823,5.100020762488231
2026-08-31,2028-03,jaoh8_7450c,call,74.5,6.39,0.415232766409877,0.0113245369532294,0.4153871633038322,0.00015439689395518874,11.541789422824568,11.546712156510141,0.004922733685573277,5.151789422824568,5.1567121565101415,11.533936359477092,5.143936359477093
2026-08-31,2028-03,jaoh8_7450p,put,74.5,10.84,0.415232766409877,0.0113245369532294,0.4153871633038322,0.00015439689395518874,15.98504069222071,15.989963425906286,0.004922733685575054,5.145040692220711,5.149963425906286,15.986812905599209,5.146812905599209
2026-08-31,2028-03,jaoh8_7475c,call,74.75,6.3,0.415232766409877,0.0113245369532294,0.4153871633038322,0.00015439689395518874,11.460263153523137,11.465189904001747,0.004926750478610131,5.160263153523137,5.165189904001747,11.452193931780569,5.152193931780569
2026-08-31,2028-03,jaoh8_7500c,call,75.0,6.21,0.415232766409877,0.0113245369532294,0.4153871633038322,0.00015439689395518874,11.37929955425765,11.38423010242573,0.004930548168081472,5.169299554257649,5.174230102425731,11.371006151634392,5.161006151634392
2026-08-31,2028-03,jaoh8_7550c,call,75.5,6.04,0.415232766409877,0.0113245369532294,0.4153871633038322,0.00015439689395518874,11.219047114926454,11.223984607829316,0.004937492902861607,5.179047114926454,5.1839846078293155,11.210309643727497,5.170309643727497
2026-08-31,2028-03,jaoh8_7670c,call,76.7,5.64,0.415232766409877,0.0113245369532294,0.4153871633038322,0.00015439689395518874,10.843412070452633,10.848362762715666,0.004950692263033574,5.203412070452633,5.208362762715667,10.833745144744302,5.193745144744303
2026-08-31,2028-03,jaoh8_7700c,call,77.0,5.55,0.415232766409877,0.0113245369532294,0.4153871633038322,0.00015439689395518874,10.751450686943102,10.756403930380623,0.0049532434375212375,5.201450686943102,5.206403930380623,10.741565147230292,5.191565147230292
2026-08-31,2028-03,jaoh8_7775c,call,77.75,5.32,0.415232766409877,0.0113245369532294,0.4153871633038322,0.00015439689395518874,10.524893605441457,10.529851949129506,0.004958343688048927,5.204893605441457,5.209851949129506,10.51460635213946,5.194606352139459
2026-08-31,2028-09,jaou8_5000p,put,50.0,2.64,0.415232766409877,0.0113245369532294,0.4153871633038322,0.00015439689395518874,5.833370654238582,5.837272256831536,0.0039016025929541343,3.193370654238582,3.197272256831536,5.852733712181529,3.2127337121815285
2026-08-31,2028-09,jaou8_5500p,put,55.0,3.81,0.415232766409877,0.0113245369532294,0.4153871633038322,0.00015439689395518874,7.841138956376687,7.845538080952933,0.004399124576245583,4.031138956376687,4.035538080952932,7.863692945041665,4.053692945041664
2026-08-31,2028-09,jaou8_5700p,put,57.0,4.35,0.415232766409877,0.0113245369532294,0.4153871633038322,0.00015439689395518874,8.723608200771725,8.728179071604856,0.004570870833131124,4.373608200771725,4.3781790716048565,8.746596974252025,4.3965969742520254
2026-08-31,2028-09,jaou8_5740p,put,57.4,4.47,0.415232766409877,0.0113245369532294,0.4153871633038322,0.00015439689395518874,8.90533487219179,8.909938182358843,0.004603310167052399,4.435334872191791,4.439938182358843,8.92832700923951,4.45832700923951
2026-08-31,2028-09,jaou8_6151c,call,61.51,12.08,0.415232766409877,0.0113245369532294,0.4153871633038322,0.00015439689395518874,17.182549494145498,17.187449299152618,0.004899805007120506,5.102549494145498,5.107449299152618,17.318711556440643,5.238711556440643
2026-08-31,2028-09,jaou8_6165p,put,61.65,5.79,0.415232766409877,0.0113245369532294,0.4153871633038322,0.00015439689395518874,10.939801332678664,10.944710064782248,0.004908732103583446,5.149801332678664,5.154710064782248,10.960613589360769,5.1706135893607685
2026-08-31,2028-09,jaou8_6200p,put,62.0,5.91,0.415232766409877,0.0113245369532294,0.4153871633038322,0.00015439689395518874,11.115531135622284,11.120461851709784,0.0049307160875002864,5.205531135622284,5.210461851709784,11.135993029645778,5.225993029645778
2026-08-31,2028-09,jaou8_6250p,put,62.5,6.08,0.415232766409877,0.0113245369532294,0.4153871633038322,0.00015439689395518874,11.36866486087023,11.373626158528616,0.004961297658386599,5.288664860870229,5.293626158528616,11.388616919771998,5.308616919771998
2026-08-31,2028-09,jaou8_6500c,call,65.0,10.13,0.415232766409877,0.0113245369532294,0.4153871633038322,0.00015439689395518874,15.794800436982673,15.79990030248163,0.005099865498957357,5.664800436982672,5.669900302481629,15.927623221464064,5.797623221464063
2026-08-31,2028-09,jaou8_6500p,put,65.0,6.99,0.415232766409877,0.0113245369532294,0.4153871633038322,0.00015439689395518874,12.670424863153178,12.675524728652135,0.005099865498957357,5.680424863153178,5.685524728652135,12.688034763125982,5.698034763125982
2026-08-31,2028-09,jaou8_6570c,call,65.7,9.76,0.415232766409877,0.0113245369532294,0.4153871633038322,0.00015439689395518874,15.530313052143729,15.535447509754155,0.005134457610425969,5.770313052143729,5.775447509754155,15.662934073625689,5.902934073625689
2026-08-31,2028-09,jaou8_6600c,call,66.0,9.61,0.415232766409877,0.0113245369532294,0.4153871633038322,0.00015439689395518874,15.418335363027959,15.42348409304572,0.005148730017761949,5.808335363027959,5.813484093045721,15.550908763557828,5.940908763557829
2026-08-31,2028-09,jaou8_6650c,call,66.5,9.35,0.415232766409877,0.0113245369532294,0.4153871633038322,0.00015439689395518874,15.233518709005864,15.238690495920277,0.005171786914413445,5.883518709005864,5.888690495920278,15.366056212649507,6.016056212649508
2026-08-31,2028-09,jaou8_6750p,put,67.5,8.01,0.415232766409877,0.0113245369532294,0.4153871633038322,0.00015439689395518874,14.030121946988391,14.035337139465785,0.005215192477393771,6.020121946988391,6.025337139465785,14.04751596166004,6.03751596166004
2026-08-31,2028-09,jaou8_6775c,call,67.75,8.73,0.415232766409877,0.0113245369532294,0.4153871633038322,0.00015439689395518874,14.781247769376105,14.786473255495022,0.005225486118916933,6.051247769376104,6.056473255495021,14.913852677645432,6.183852677645431
2026-08-31,2028-09,jaou8_7000c,call,70.0,7.72,0.415232766409877,0.0113245369532294,0.4153871633038322,0.00015439689395518874,14.001336246367247,14.006644580705188,0.005308334337941645,6.281336246367247,6.286644580705189,14.134206851970252,6.414206851970252
2026-08-31,2028-09,jaou8_7000p,put,70.0,9.17,0.415232766409877,0.0113245369532294,0.4153871633038322,0.00015439689395518874,15.444761219072099,15.45006955341004,0.005308334337941645,6.274761219072099,6.280069553410041,15.462418940166517,6.292418940166517
2026-08-31,2028-09,jaou8_7110c,call,71.1,7.27,0.415232766409877,0.0113245369532294,0.4153871633038322,0.00015439689395518874,13.63550699536495,13.64084958985807,0.005342594493118469,6.365506995364951,6.37084958985807,13.768377326692631,6.498377326692632
2026-08-31,2028-09,jaou8_7275c,call,72.75,6.64,0.415232766409877,0.0113245369532294,0.4153871633038322,0.00015439689395518874,13.105100553661021,13.110487159353138,0.005386605692116575,6.4651005536610215,6.470487159353138,13.237563515015212,6.597563515015213
2026-08-31,2028-09,jaou8_7340c,call,73.4,6.41,0.415232766409877,0.0113245369532294,0.4153871633038322,0.00015439689395518874,12.902040009633687,12.90744159346556,0.005401583831872614,6.492040009633687,6.49744159346556,13.034133661408282,6.6241336614082815
2026-08-31,2028-09,jaou8_7450c,call,74.5,6.03,0.415232766409877,0.0113245369532294,0.4153871633038322,0.00015439689395518874,12.565784103581326,12.571208090787898,0.005423987206572889,6.535784103581325,6.541208090787898,12.69736574723118,6.667365747231179
2026-08-31,2028-09,jaou8_7450p,put,74.5,11.61,0.415232766409877,0.0113245369532294,0.4153871633038322,0.00015439689395518874,18.12022956816709,18.125653555373663,0.005423987206572889,6.510229568167091,6.515653555373664,18.13659832730836,6.52659832730836
2026-08-31,2028-09,jaou8_7500c,call,75.0,5.87,0.415232766409877,0.0113245369532294,0.4153871633038322,0.00015439689395518874,12.415956478290354,12.421389451458513,0.005432973168158384,6.545956478290354,6.551389451458513,12.547341305507778,6.677341305507778
2026-08-31,2028-09,jaou8_7560c,call,75.6,5.68,0.415232766409877,0.0113245369532294,0.4153871633038322,0.00015439689395518874,12.238609089159159,12.244051878904296,0.005442789745137233,6.558609089159159,6.564051878904296,12.369817388218928,6.689817388218929
2026-08-31,2028-09,jaou8_7670c,call,76.7,5.35,0.415232766409877,0.0113245369532294,0.4153871633038322,0.00015439689395518874,11.920283198908237,11.92574130766869,0.005458108760452163,6.570283198908237,6.5757413076686895,12.051162244637304,6.701162244637304
2026-08-31,2028-09,jaou8_7925c,call,79.25,4.65,0.415232766409877,0.0113245369532294,0.4153871633038322,0.00015439689395518874,11.21512661486803,11.220607491090696,0.005480876222666353,6.56512661486803,6.570607491090696,11.344823370420327,6.694823370420327
2026-08-31,2028-09,jaou8_8000c,call,80.0,4.46,0.415232766409877,0.0113245369532294,0.4153871633038322,0.00015439689395518874,11.016142723541876,11.021627067904637,0.005484344362761462,6.556142723541876,6.561627067904637,11.145185808075148,6.685185808075148
2026-09-01,2026-09,jaou6_10000c,call,100.0,0.36,0.4159191846500108,0.0112840722162938,0.4160722274385931,0.0001530427885823027,0.12679620021026594,0.1270289423463065,0.00023274213604054794,-0.23320379978973405,-0.2329710576536935,0.131608533438805,-0.228391466561195
2026-09-01,2026-09,jaou6_10205c,call,102.05,0.24,0.4159191846500108,0.0112840722162938,0.4160722274385931,0.0001530427885823027,0.06017292280756357,0.060309868378540486,0.00013694557097691795,-0.17982707719243643,-0.1796901316214595,0.0632369076632883,-0.1767630923367117
2026-09-01,2026-09,jaou6_10240c,call,102.4,0.22,0.4159191846500108,0.0112840722162938,0.4160722274385931,0.0001530427885823027,0.05270057946647975,0.05282472957789163,0.00012415011141188315,-0.16729942053352026,-0.16717527042210836,0.0555299311019984,-0.1644700688980016
2026-09-01,2026-09,jaou6_10300c,call,103.0,0.19,0.4159191846500108,0.0112840722162938,0.4160722274385931,0.0001530427885823027,0.04183667490358716,0.04194109352457482,0.00010441862098765908,-0.14816332509641283,-0.1480589064754252,0.0443190920208392,-0.1456809079791608
2026-09-01,2026-09,jaou6_10500c,call,105.0,0.13,0.4159191846500108,0.0112840722162938,0.4160722274385931,0.0001530427885823027,0.01877723839352357,0.01883339703512965,5.615864160608136e-05,-0.11122276160647643,-0.11116660296487035,0.0201240228554071,-0.1098759771445929
2026-09-01,2026-09,jaou6_10520c,call,105.2,0.12,0.4159191846500108,0.0112840722162938,0.4160722274385931,0.0001530427885823027,0.017286346300307696,0.017338941432212374,5.2595131904677184e-05,-0.10271365369969229,-0.10266105856778762,0.0185214209752599,-0.1014785790247401
2026-09-01,2026-09,jaou6_10825c,call,108.25,0.06,0.4159191846500108,0.0112840722162938,0.4160722274385931,0.0001530427885823027,0.00462722039987682,0.004645183912683921,1.796351280710165e-05,-0.05537277960012318,-0.05535481608731608,0.004536880792515,-0.055463119207485
2026-09-01,2026-09,jaou6_11000c,call,110.0,0.04,0.4159191846500108,0.0112840722162938,0.4160722274385931,0.0001530427885823027,0.002075273015331452,0.0020844124569109044,9.13944157945228e-06,-0.03792472698466855,-0.037915587543089095,0.0019991439023683,-0.0380008560976317
2026-09-01,2026-09,jaou6_11500c,call,115.0,0.02,0.4159191846500108,0.0112840722162938,0.4160722274385931,0.0001530427885823027,0.00017762134376101866,0.00017869440943790076,1.0730656768820996e-06,-0.01982237865623898,-0.0198213055905621,0.0002379218664049,-0.0197620781335951
2026-09-01,2026-09,jaou6_7400p,put,74.0,0.02,0.4159191846500108,0.0112840722162938,0.4160722274385931,0.0001530427885823027,0.0021405871847104407,0.002149628271521209,9.041086810768206e-06,-0.01785941281528956,-0.01785037172847879,0.0020986657013502,-0.0179013342986498
2026-09-01,2026-09,jaou6_7450p,put,74.5,0.02,0.4159191846500108,0.0112840722162938,0.4160722274385931,0.0001530427885823027,0.0031249184628983073,0.003137366414483367,1.2447951585059513e-05,-0.016875081537101693,-0.016862633585516634,0.0031359383861837,-0.0168640616138163
2026-09-01,2026-09,jaou6_7500p,put,75.0,0.02,0.4159191846500108,0.0112840722162938,0.4160722274385931,0.0001530427885823027,0.004501563467577796,0.004518459613928272,1.689614635047576e-05,-0.015498436532422204,-0.015481540386071729,0.0046561069584764,-0.0153438930415236
2026-09-01,2026-09,jaou6_7600p,put,76.0,0.04,0.4159191846500108,0.0112840722162938,0.4160722274385931,0.0001530427885823027,0.008989039254188924,0.009018906258182469,2.9867003993544472e-05,-0.031010960745811077,-0.030981093741817532,0.0096807098332425,-0.0303192901667575
2026-09-01,2026-09,jaou6_7750p,put,77.5,0.07,0.4159191846500108,0.0112840722162938,0.4160722274385931,0.0001530427885823027,0.023163548789117527,0.023227147566748485,6.359877763095767e-05,-0.04683645121088248,-0.04677285243325152,0.0247963599830506,-0.0452036400169494
2026-09-01,2026-09,jaou6_7800p,put,78.0,0.08,0.4159191846500108,0.0112840722162938,0.4160722274385931,0.0001530427885823027,0.03103939532181066,0.031119189436031647,7.979411422098792e-05,-0.04896060467818934,-0.048880810563968355,0.0329896799094756,-0.0470103200905244
2026-09-01,2026-09,jaou6_8000p,put,80.0,0.18,0.4159191846500108,0.0112840722162938,0.4160722274385931,0.0001530427885823027,0.09004819030272593,0.09022392530114409,0.00017573499841816442,-0.08995180969727407,-0.0897760746988559,0.0936666594868283,-0.0863333405131717
2026-09-01,2026-09,jaou6_8200p,put,82.0,0.36,0.4159191846500108,0.0112840722162938,0.4160722274385931,0.0001530427885823027,0.22385685889751716,0.22418138810520905,0.00032452920769188154,-0.13614314110248282,-0.13581861189479094,0.2278892943739643,-0.1321107056260357
2026-09-01,2026-09,jaou6_8250p,put,82.5,0.42,0.4159191846500108,0.0112840722162938,0.4160722274385931,0.0001530427885823027,0.27498309712324076,0.2753518130943027,0.000368715971061917,-0.14501690287675922,-0.1446481869056973,0.2788359639658576,-0.1411640360341424
2026-09-01,2026-09,jaou6_9100c,call,91.0,2.07,0.4159191846500108,0.0112840722162938,0.4160722274385931,0.0001530427885823027,1.70786236207019,1.7087052624953059,0.0008429004251158112,-0.3621376379298098,-0.361294737504694,1.705557532477416,-0.3644424675225839
2026-09-01,2026-09,jaou6_9150c,call,91.5,1.89,0.4159191846500108,0.0112840722162938,0.4160722274385931,0.0001530427885823027,1.5225716509825917,1.5233975782395743,0.0008259272569826059,-0.3674283490174082,-0.36660242176042557,1.5206002599566972,-0.3693997400433026
2026-09-01,2026-09,jaou6_9196c,call,91.96,1.74,0.4159191846500108,0.0112840722162938,0.4160722274385931,0.0001530427885823027,1.365693414428617,1.366499254692138,0.0008058402635209294,-0.37430658557138297,-0.37350074530786204,1.3641672854742095,-0.3758327145257905
2026-09-01,2026-09,jaou6_9200c,call,92.0,1.73,0.4159191846500108,0.0112840722162938,0.4160722274385931,0.0001530427885823027,1.3526515078249095,1.3534554125191398,0.0008039046942303063,-0.3773484921750905,-0.37654458748086017,1.3511733880529455,-0.3788266119470544
2026-09-01,2026-09,jaou6_9225c,call,92.25,1.65,0.4159191846500108,0.0112840722162938,0.4160722274385931,0.0001530427885823027,1.273267198962213,1.27405836192735,0.0007911629651369267,-0.37673280103778684,-0.3759416380726499,1.2720270401845326,-0.3779729598154673
2026-09-01,2026-09,jaou6_9250c,call,92.5,1.58,0.4159191846500108,0.0112840722162938,0.4160722274385931,0.0001530427885823027,1.1974908253444994,1.1982681880648007,0.0007773627203013778,-0.3825091746555007,-0.38173181193519934,1.1963800551984851,-0.3836199448015149
2026-09-01,2026-09,jaou6_9435c,call,94.35,1.12,0.4159191846500108,0.0112840722162938,0.4160722274385931,0.0001530427885823027,0.7399810180205727,0.7406309794520534,0.0006499614314806612,-0.3800189819794274,-0.37936902054794674,0.7418904128593728,-0.3781095871406272
2026-09-01,2026-09,jaou6_9500c,call,95.0,0.99,0.4159191846500108,0.0112840722162938,0.4160722274385931,0.0001530427885823027,0.6177503384387402,0.6183488022077364,0.0005984637689961936,-0.3722496615612598,-0.37165119779226363,0.6207441075664671,-0.3692558924335328
2026-09-01,2026-09,jaou6_9800c,call,98.0,0.54,0.4159191846500108,0.0112840722162938,0.4160722274385931,0.0001530427885823027,0.24882742968090105,0.24918894467643363,0.00036151499553258026,-0.291172570319099,-0.29081105532356644,0.254127882978327,-0.285872117021673
2026-09-01,2026-10,jaov6_10000c,call,100.0,1.75,0.4159191846500108,0.0112840722162938,0.4160722274385931,0.0001530427885823027,0.9901941994448367,0.9912851895959195,0.0010909901510828268,-0.7598058005551633,-0.7587148104040805,0.973046720527501,-0.776953279472499
2026-09-01,2026-10,jaov6_10205c,call,102.05,1.48,0.4159191846500108,0.0112840722162938,0.4160722274385931,0.0001530427885823027,0.7467062509752512,0.7476423675143427,0.000936116539091425,-0.7332937490247488,-0.7323576324856573,0.7326045802279773,-0.7473954197720227
2026-09-01,2026-10,jaov6_10240c,call,102.4,1.44,0.4159191846500108,0.0112840722162938,0.4160722274385931,0.0001530427885823027,0.7108622848928363,0.7117725816291358,0.0009102967362994985,-0.7291377151071636,-0.7282274183708641,0.6971522741710937,-0.7428477258289062
2026-09-01,2026-10,jaov6_10300c,call,103.0,1.37,0.4159191846500108,0.0112840722162938,0.4160722274385931,0.0001530427885823027,0.6529341136757245,0.6538007506273379,0.0008666369516133754,-0.7170658863242756,-0.7161992493726622,0.6399323718372424,-0.7300676281627577
2026-09-01,2026-10,jaov6_10500c,call,105.0,1.17,0.4159191846500108,0.0112840722162938,0.4160722274385931,0.0001530427885823027,0.4888826758110389,0.4896105608083556,0.0007278849973166857,-0.681117324188961,-0.6803894391916443,0.479064039119079,-0.6909359608809209
2026-09-01,2026-10,jaov6_10800c,call,108.0,0.92,0.4159191846500108,0.0112840722162938,0.4160722274385931,0.0001530427885823027,0.31149173123290425,0.3120360072244389,0.0005442759915346707,-0.6085082687670957,-0.6079639927755611,0.304888616143735,-0.615111383856265
2026-09-01,2026-10,jaov6_11500c,call,115.0,0.54,0.4159191846500108,0.0112840722162938,0.4160722274385931,0.0001530427885823027,0.1012742072685374,0.10151925634818927,0.0002450490796518656,-0.4387257927314626,-0.4384807436518108,0.0996256128047588,-0.4403743871952412
2026-09-01,2026-10,jaov6_12100c,call,121.0,0.36,0.4159191846500108,0.0112840722162938,0.4160722274385931,0.0001530427885823027,0.03600987016783026,0.03612023022723824,0.00011036005940797539,-0.32399012983216974,-0.3238797697727617,0.0359839865964041,-0.3240160134035958
2026-09-01,2026-10,jaov6_12500c,call,125.0,0.28,0.4159191846500108,0.0112840722162938,0.4160722274385931,0.0001530427885823027,0.017507702221979445,0.01756942812243269,6.172590045324527e-05,-0.2624922977780206,-0.26243057187756735,0.0180172976650818,-0.2619827023349182
2026-09-01,2026-10,jaov6_16000c,call,160.0,0.05,0.4159191846500108,0.0112840722162938,0.4160722274385931,0.0001530427885823027,1.4997971892927864e-05,1.5122447461438194e-05,1.244755685103303e-07,-0.04998500202810707,-0.04998487755253857,6.230370567074663e-05,-0.0499376962943292
2026-09-01,2026-10,jaov6_7200p,put,72.0,0.61,0.4159191846500108,0.0112840722162938,0.4160722274385931,0.0001530427885823027,0.43259535941780314,0.43322319451577584,0.0006278350979727065,-0.17740464058219685,-0.17677680548422414,0.4247210646167691,-0.1852789353832308
2026-09-01,2026-10,jaov6_7400p,put,74.0,0.87,0.4159191846500108,0.0112840722162938,0.4160722274385931,0.0001530427885823027,0.6668516300078249,0.6676701961523417,0.000818566144516808,-0.20314836999217512,-0.2023298038476583,0.6561899036612393,-0.2138100963387607
2026-09-01,2026-10,jaov6_7450p,put,74.5,0.95,0.4159191846500108,0.0112840722162938,0.4160722274385931,0.0001530427885823027,0.7382933355956123,0.7391617087450211,0.0008683731494087965,-0.21170666440438768,-0.21083829125497888,0.7269234600590382,-0.2230765399409617
2026-09-01,2026-10,jaov6_7500p,put,75.0,1.03,0.4159191846500108,0.0112840722162938,0.4160722274385931,0.0001530427885823027,0.8153922961940498,0.8163109413658045,0.0009186451717546618,-0.21460770380595018,-0.21368905863419552,0.8032819500729508,-0.2267180499270492
2026-09-01,2026-10,jaov6_7600p,put,76.0,1.21,0.4159191846500108,0.0112840722162938,0.4160722274385931,0.0001530427885823027,0.987544166707675,0.9885639068802448,0.001019740172569783,-0.222455833292325,-0.2214360931197552,0.973775537956242,-0.2362244620437579
2026-09-01,2026-10,jaov6_7800p,put,78.0,1.67,0.4159191846500108,0.0112840722162938,0.4160722274385931,0.0001530427885823027,1.4101649746320106,1.4113829145465182,0.001217939914507582,-0.2598350253679893,-0.2586170854534817,1.3934186888284237,-0.2765813111715762
2026-09-01,2026-10,jaov6_8000p,put,80.0,2.25,0.4159191846500108,0.0112840722162938,0.4160722274385931,0.0001530427885823027,1.9482213757982603,1.9496203223245594,0.0013989465262991274,-0.30177862420173973,-0.3003796776754406,1.9283029540095824,-0.3216970459904176
2026-09-01,2026-10,jaov6_8200p,put,82.0,2.98,0.4159191846500108,0.0112840722162938,0.4160722274385931,0.0001530427885823027,2.6122028922678453,2.6137525433408886,0.0015496510730432789,-0.3677971077321547,-0.3662474566591114,2.5885731560211243,-0.3914268439788757
2026-09-01,2026-10,jaov6_9000p,put,90.0,7.27,0.4159191846500108,0.0112840722162938,0.4160722274385931,0.0001530427885823027,6.601696303709512,6.6034000662263,0.0017037625167874992,-0.6683036962904874,-0.6665999337736999,6.578099916735188,-0.6919000832648114
2026-09-01,2026-10,jaov6_9200c,call,92.0,3.42,0.4159191846500108,0.0112840722162938,0.4160722274385931,0.0001530427885823027,2.689538390265702,2.69116785513827,0.0016294648725678762,-0.7304616097342977,-0.7288321448617299,2.6599868325121045,-0.7600131674878954
2026-09-01,2026-10,jaov6_9225c,call,92.25,3.35,0.4159191846500108,0.0112840722162938,0.4160722274385931,0.0001530427885823027,2.6135890689625616,2.6152067196652147,0.0016176507026530729,-0.7364109310374385,-0.7347932803347854,2.584473895383504,-0.7655261046164963
2026-09-01,2026-10,jaov6_9348c,call,93.48,3.02,0.4159191846500108,0.0112840722162938,0.4160722274385931,0.0001530427885823027,2.2643750522439956,2.2659275613325836,0.00155250908858795,-0.7556249477560044,-0.7540724386674165,2.2372058008011995,-0.7827941991988006
2026-09-01,2026-10,jaov6_9353c,call,93.53,3.01,0.4159191846500108,0.0112840722162938,0.4160722274385931,0.0001530427885823027,2.2510153970045,2.2525650303376477,0.0015496333331475043,-0.7589846029954996,-0.7574349696623521,2.22391590768618,-0.7860840923138199
2026-09-01,2026-10,jaov6_9435c,call,94.35,2.81,0.4159191846500108,0.0112840722162938,0.4160722274385931,0.0001530427885823027,2.0408635837642923,2.0423638114776095,0.0015002277133171482,-0.7691364162357077,-0.7676361885223906,2.01498489871232,-0.7950151012876803
2026-09-01,2026-10,jaov6_9800c,call,98.0,2.07,0.4159191846500108,0.0112840722162938,0.4160722274385931,0.0001530427885823027,1.2911344288828053,1.2923779609586579,0.0012435320758525936,-0.7788655711171946,-0.777622039041342,1.270991252015396,-0.7990087479846038
2026-09-01,2026-10,jaov6_9911c,call,99.11,1.89,0.4159191846500108,0.0112840722162938,0.4160722274385931,0.0001530427885823027,1.1156912522486389,1.1168503595263561,0.0011591072777172862,-0.774308747751361,-0.7731496404736438,1.097308634379397,-0.7926913656206029
2026-09-01,2026-10,jaov6_9955c,call,99.55,1.82,0.4159191846500108,0.0112840722162938,0.4160722274385931,0.0001530427885823027,1.0520346395915887,1.0531600714913123,0.0011254318997235835,-0.7679653604084113,-0.7668399285086878,1.0342347139963797,-0.7857652860036204
2026-09-01,2026-11,jaox6_10000c,call,100.0,2.4,0.4159191846500108,0.0112840722162938,0.4160722274385931,0.0001530427885823027,1.5441217029227479,1.545681385586923,0.001559682664175055,-0.855878297077252,-0.854318614413077,1.572866060853532,-0.8271339391464678
2026-09-01,2026-11,jaox6_10205c,call,102.05,2.11,0.4159191846500108,0.0112840722162938,0.4160722274385931,0.0001530427885823027,1.2627282641658426,1.2641389605564517,0.0014106963906090897,-0.8472717358341573,-0.8458610394435482,1.2918440012769548,-0.8181559987230451
2026-09-01,2026-11,jaox6_10240c,call,102.4,2.07,0.4159191846500108,0.0112840722162938,0.4160722274385931,0.0001530427885823027,1.2195126038557056,1.2208979189238238,0.0013853150681182314,-0.8504873961442942,-0.849102081076176,1.2486242577485795,-0.8213757422514203
2026-09-01,2026-11,jaox6_10500c,call,105.0,1.77,0.4159191846500108,0.0112840722162938,0.4160722274385931,0.0001530427885823027,0.9376056982519686,0.9388056306387169,0.0011999323867483147,-0.8323943017480314,-0.8311943693612831,0.966630550437512,-0.803369449562488
2026-09-01,2026-11,jaox6_10800c,call,108.0,1.49,0.4159191846500108,0.0112840722162938,0.4160722274385931,0.0001530427885823027,0.6862399717410387,0.6872383696241186,0.0009983978830798712,-0.8037600282589613,-0.8027616303758814,0.7136271909457412,-0.7763728090542588
2026-09-01,2026-11,jaox6_7200p,put,72.0,1.69,0.4159191846500108,0.0112840722162938,0.4160722274385931,0.0001530427885823027,1.5147976754401018,1.5162183164805416,0.0014206410404398184,-0.17520232455989815,-0.17378168351945833,1.5288406841235265,-0.1611593158764734
2026-09-01,2026-11,jaox6_7400p,put,74.0,2.18,0.4159191846500108,0.0112840722162938,0.4160722274385931,0.0001530427885823027,1.9985857133898062,2.0002063031198922,0.0016205897300860528,-0.181414286610194,-0.17979369688010793,2.0135693374251,-0.1664306625749003
2026-09-01,2026-11,jaox6_7450p,put,74.5,2.32,0.4159191846500108,0.0112840722162938,0.4160722274385931,0.0001530427885823027,2.134380419252455,2.136048541924241,0.0016681226717860653,-0.1856195807475447,-0.18395145807575863,2.149471898820777,-0.1705281011792228
2026-09-01,2026-11,jaox6_7500p,put,75.0,2.46,0.4159191846500108,0.0112840722162938,0.4160722274385931,0.0001530427885823027,2.2763126870633563,2.2780270894489867,0.0017144023856303647,-0.18368731293664364,-0.18197291055101328,2.291333864750519,-0.1686661352494809
2026-09-01,2026-11,jaox6_7600p,put,76.0,2.77,0.4159191846500108,0.0112840722162938,0.4160722274385931,0.0001530427885823027,2.5789268950122555,2.5807295929368106,0.001802697924555119,-0.19107310498774455,-0.18927040706318943,2.5936780135782174,-0.1763219864217826
2026-09-01,2026-11,jaox6_7800p,put,78.0,3.49,0.4159191846500108,0.0112840722162938,0.4160722274385931,0.0001530427885823027,3.2610703518463486,3.263029405807905,0.0019590539615563785,-0.22892964815365158,-0.2269705941920952,3.2760419535577925,-0.2139580464422077
2026-09-01,2026-11,jaox6_8000p,put,80.0,4.31,0.4159191846500108,0.0112840722162938,0.4160722274385931,0.0001530427885823027,4.048230081074378,4.050313525038121,0.002083443963742937,-0.26176991892562196,-0.259686474961879,4.063704604120376,-0.2462953958796232
2026-09-01,2026-11,jaox6_8200p,put,82.0,5.26,0.4159191846500108,0.0112840722162938,0.4160722274385931,0.0001530427885823027,4.941550738897705,4.943722449130959,0.0021717102332541316,-0.31844926110229466,-0.3162775508690405,4.957102724937166,-0.3028972750628336
2026-09-01,2026-11,jaox6_8950c,call,89.5,4.66,0.4159191846500108,0.0112840722162938,0.4160722274385931,0.0001530427885823027,3.98895021034859,3.9911211299891662,0.002170919640576141,-0.67104978965141,-0.6688788700108339,4.0178185110465146,-0.6421814889534856
2026-09-01,2026-11,jaox6_9000c,call,90.0,4.51,0.4159191846500108,0.0112840722162938,0.4160722274385931,0.0001530427885823027,3.8253754907749786,3.827529532005647,0.002154041230668202,-0.6846245092250212,-0.682470467994353,3.854314626983076,-0.6556853730169236
2026-09-01,2026-11,jaox6_9000p,put,90.0,10.13,0.4159191846500108,0.0112840722162938,0.4160722274385931,0.0001530427885823027,9.534269411129788,9.536423452360456,0.002154041230667758,-0.5957305888702127,-0.5935765476395449,9.548708103069703,-0.5812918969302974
2026-09-01,2026-11,jaox6_9025c,call,90.25,4.44,0.4159191846500108,0.0112840722162938,0.4160722274385931,0.0001530427885823027,3.7456285852232565,3.747773526470659,0.0021449412474026097,-0.6943714147767439,-0.6922264735293413,3.774681000080544,-0.6653189999194562
2026-09-01,2026-11,jaox6_9100c,call,91.0,4.23,0.4159191846500108,0.0112840722162938,0.4160722274385931,0.0001530427885823027,3.514390551782741,3.5165056682163267,0.002115116433585751,-0.7156094482172595,-0.7134943317836737,3.543583295032239,-0.6864167049677614
2026-09-01,2026-11,jaox6_9196c,call,91.96,3.98,0.4159191846500108,0.0112840722162938,0.4160722274385931,0.0001530427885823027,3.235456032999801,3.237527796386241,0.0020717633864402174,-0.7445439670001992,-0.742472203613759,3.2649356092745374,-0.7150643907254626
2026-09-01,2026-11,jaox6_9200c,call,92.0,3.97,0.4159191846500108,0.0112840722162938,0.4160722274385931,0.0001530427885823027,3.2242389055880283,3.2263087441974436,0.002069838609415342,-0.7457610944119719,-0.7436912558025566,3.2537249348758626,-0.7162750651241376
2026-09-01,2026-11,jaox6_9225c,call,92.25,3.9,0.4159191846500108,0.0112840722162938,0.4160722274385931,0.0001530427885823027,3.1548526511492394,3.1569102554986204,0.0020576043493809593,-0.7451473488507605,-0.7430897445013795,3.184361741826914,-0.7156382581730858
2026-09-01,2026-11,jaox6_9348c,call,93.48,3.61,0.4159191846500108,0.0112840722162938,0.4160722274385931,0.0001530427885823027,2.831151977005503,2.833144571633862,0.00199259462835899,-0.778848022994497,-0.776855428366138,2.8601791884859384,-0.7498208115140614
2026-09-01,2026-11,jaox6_9353c,call,93.53,3.6,0.4159191846500108,0.0112840722162938,0.4160722274385931,0.0001530427885823027,2.8186000692563997,2.820589863060125,0.001989793803725437,-0.7813999307436004,-0.7794101369398749,2.8475966260837984,-0.7524033739162017
2026-09-01,2026-11,jaox6_9435c,call,94.35,3.41,0.4159191846500108,0.0112840722162938,0.4160722274385931,0.0001530427885823027,2.6192813382917906,2.6212236074706547,0.0019422691788641977,-0.7907186617082096,-0.7887763925293454,2.6477406519623696,-0.7622593480376305
2026-09-01,2026-11,jaox6_9911c,call,99.11,2.53,0.4159191846500108,0.0112840722162938,0.4160722274385931,0.0001530427885823027,1.6825011796254579,1.6841250255302629,0.0016238459048050213,-0.8474988203745419,-0.8458749744697369,1.7111644220747753,-0.8188355779252245
2026-09-01,2027-03,jaoh7_6800p,put,68.0,4.09,0.4159191846500108,0.0112840722162938,0.4160722274385931,0.0001530427885823027,4.8930713388424,4.895913014517722,0.0028416756753220085,0.8030713388424005,0.8059130145177225,4.901228142236869,0.8112281422368692
2026-09-01,2027-03,jaoh7_6900p,put,69.0,4.44,0.4159191846500108,0.0112840722162938,0.4160722274385931,0.0001530427885823027,5.296734158999983,5.2996485774519195,0.00291441845193674,0.8567341589999824,0.8596485774519191,5.306025549980834,0.8660255499808338
2026-09-01,2027-03,jaoh7_7000p,put,70.0,4.81,0.4159191846500108,0.0112840722162938,0.4160722274385931,0.0001530427885823027,5.7188575344518915,5.721838565092967,0.002981030641075577,0.9088575344518919,0.9118385650929675,5.728683009020486,0.9186830090204864
2026-09-01,2027-03,jaoh7_7100p,put,71.0,5.2,0.4159191846500108,0.0112840722162938,0.4160722274385931,0.0001530427885823027,6.159327721839084,6.162369063960494,0.00304134212140994,0.9593277218390837,0.9623690639604936,6.16961122021732,0.9696112202173196
2026-09-01,2027-03,jaoh7_7150p,put,71.5,5.41,0.4159191846500108,0.0112840722162938,0.4160722274385931,0.0001530427885823027,6.386396681986508,6.389465777448658,0.003069095462150173,0.9763966819865075,0.9794657774486577,6.39688413572838,0.9868841357283796
2026-09-01,2027-03,jaoh7_7300p,put,73.0,6.05,0.4159191846500108,0.0112840722162938,0.4160722274385931,0.0001530427885823027,7.094662871169676,7.097805498084856,0.003142626915179747,1.0446628711696766,1.0478054980848563,7.105273565970332,1.0552735659703325
2026-09-01,2027-03,jaoh7_7400p,put,74.0,6.51,0.4159191846500108,0.0112840722162938,0.4160722274385931,0.0001530427885823027,7.589117609860918,7.592301107916682,0.0031834980557636783,1.0791176098609183,1.082301107916682,7.599784207814983,1.0897842078149829
2026-09-01,2027-03,jaoh7_7450p,put,74.5,6.75,0.4159191846500108,0.0112840722162938,0.4160722274385931,0.0001530427885823027,7.842936297081127,7.846137786993704,0.0032014899125769603,1.0929362970811267,1.0961377869937037,7.853439619418614,1.103439619418614
2026-09-01,2027-03,jaoh7_7500p,put,75.0,7.0,0.4159191846500108,0.0112840722162938,0.4160722274385931,0.0001530427885823027,8.101104143624333,8.10432200270823,0.0032178590838967125,1.1011041436243332,1.1043220027082299,8.111309208065006,1.1113092080650055
2026-09-01,2027-03,jaoh7_7900c,call,79.0,6.8,0.4159191846500108,0.0112840722162938,0.4160722274385931,0.0001530427885823027,7.9120095969492,7.915301381363793,0.003291784414593657,1.1120095969491999,1.1153013813637935,7.917175158228392,1.1171751582283918
2026-09-01,2027-03,jaoh7_8000c,call,80.0,6.43,0.4159191846500108,0.0112840722162938,0.4160722274385931,0.0001530427885823027,7.529988773274955,7.533283837925612,0.003295064650657764,1.099988773274955,1.1032838379256127,7.533531166776747,1.1035311667767471
2026-09-01,2027-03,jaoh7_8025c,call,80.25,6.34,0.4159191846500108,0.0112840722162938,0.4160722274385931,0.0001530427885823027,7.4369246078002,7.440219591352855,0.0032949835526547844,1.0969246078002,1.1002195913528547,7.440040707720845,1.1000407077208454
2026-09-01,2027-03,jaoh7_8075c,call,80.75,6.17,0.4159191846500108,0.0112840722162938,0.4160722274385931,0.0001530427885823027,7.253683249159712,7.256977012344442,0.0032937631847298476,1.0836832491597121,1.086977012344442,7.255860596842658,1.0858605968426582
2026-09-01,2027-03,jaoh7_8100c,call,81.0,6.08,0.4159191846500108,0.0112840722162938,0.4160722274385931,0.0001530427885823027,7.163493789449041,7.166786420300182,0.003292630851141176,1.083493789449041,1.0867864203001822,7.165232974538125,1.0852329745381253
2026-09-01,2027-03,jaoh7_8102c,call,81.02,6.07,0.4159191846500108,0.0112840722162938,0.4160722274385931,0.0001530427885823027,7.156319577813494,7.159612103197053,0.003292525383558953,1.0863195778134935,1.0896121031970525,7.158027730509059,1.0880277305090589
2026-09-01,2027-03,jaoh7_8150c,call,81.5,5.91,0.4159191846500108,0.0112840722162938,0.4160722274385931,0.0001530427885823027,6.985946324075015,6.989235663822998,0.0032893397479831776,1.075946324075015,1.079235663822998,6.987036599105239,1.0770365991052389
2026-09-01,2027-03,jaoh7_8185c,call,81.85,5.8,0.4159191846500108,0.0112840722162938,0.4160722274385931,0.0001530427885823027,6.863887533728844,6.867173768234294,0.0032862345054498476,1.0638875337288445,1.0671737682342943,6.86457813954862,1.0645781395486198
2026-09-01,2027-03,jaoh7_8342c,call,83.42,5.32,0.4159191846500108,0.0112840722162938,0.4160722274385931,0.0001530427885823027,6.3384114498761095,6.341675932452952,0.003264482576842198,1.0184114498761092,1.0216759324529514,6.336730306155624,1.0167303061556234
2026-09-01,2027-03,jaoh7_8500c,call,85.0,4.88,0.4159191846500108,0.0112840722162938,0.4160722274385931,0.0001530427885823027,5.84478559827306,5.84801602242855,0.003230424155489686,0.9647855982730604,0.9680160224285501,5.841120753163579,0.9611207531635788
2026-09-01,2027-03,jaoh7_8525c,call,85.25,4.82,0.4159191846500108,0.0112840722162938,0.4160722274385931,0.0001530427885823027,5.769807181582525,5.773031167463114,0.00322398588058892,0.9498071815825249,0.9530311674631138,5.765939744007052,0.9459397440070516
2026-09-01,2027-03,jaoh7_8575c,call,85.75,4.69,0.4159191846500108,0.0112840722162938,0.4160722274385931,0.0001530427885823027,5.622351935282802,5.625562224541272,0.0032102892584697784,0.932351935282802,0.9355622245412718,5.618031796246884,0.9280317962468834
2026-09-01,2027-03,jaoh7_8675c,call,86.75,4.44,0.4159191846500108,0.0112840722162938,0.4160722274385931,0.0001530427885823027,5.33726232591429,5.340442063767534,0.003179737853243658,0.8972623259142898,0.9004420637675334,5.331973797766459,0.8919737977664584
2026-09-01,2027-03,jaoh7_8700c,call,87.0,4.38,0.4159191846500108,0.0112840722162938,0.4160722274385931,0.0001530427885823027,5.2679972589511515,5.27116872661669,0.00317146766553833,0.8879972589511516,0.8911687266166899,5.262495897733991,0.8824958977339907
2026-09-01,2027-03,jaoh7_8705c,call,87.05,4.37,0.4159191846500108,0.0112840722162938,0.4160722274385931,0.0001530427885823027,5.254239217894822,5.257409002088146,0.003169784193323366,0.8842392178948222,0.8874090020881455,5.248694058388192,0.8786940583881915
2026-09-01,2027-09,jaou7_5800p,put,58.0,3.28,0.4159191846500108,0.0112840722162938,0.4160722274385931,0.0001530427885823027,4.932274230860999,4.935540594614698,0.003266363753699153,1.6522742308609994,1.6555405946146986,4.89870274112771,1.6187027411277106
2026-09-01,2027-09,jaou7_5900p,put,59.0,3.53,0.4159191846500108,0.0112840722162938,0.4160722274385931,0.0001530427885823027,5.301231575110961,5.304593544291965,0.0033619691810038432,1.7712315751109613,1.7745935442919651,5.265652191830068,1.7356521918300678
2026-09-01,2027-09,jaou7_6000p,put,60.0,3.79,0.4159191846500108,0.0112840722162938,0.4160722274385931,0.0001530427885823027,5.684984961138465,5.688438107498026,0.0034531463595612877,1.8949849611384648,1.898438107498026,5.647147834215268,1.857147834215268
2026-09-01,2027-09,jaou7_6200p,put,62.0,4.35,0.4159191846500108,0.0112840722162938,0.4160722274385931,0.0001530427885823027,6.4964557722873355,6.500077344558926,0.0036215722715908782,2.146455772287336,2.1500773445589267,6.454665619392695,2.104665619392695
2026-09-01,2027-09,jaou7_6420p,put,64.2,5.06,0.4159191846500108,0.0112840722162938,0.4160722274385931,0.0001530427885823027,7.455689388790225,7.4594738445264275,0.003784455736202119,2.3956893887902257,2.399473844526428,7.412514643170379,2.3525146431703794
2026-09-01,2027-09,jaou7_6500p,put,65.0,5.33,0.4159191846500108,0.0112840722162938,0.4160722274385931,0.0001530427885823027,7.821480890233455,7.825318608472343,0.0038377182388877884,2.491480890233455,2.495318608472343,7.777939299187612,2.4479392991876123
2026-09-01,2027-09,jaou7_6750p,put,67.5,6.28,0.4159191846500108,0.0112840722162938,0.4160722274385931,0.0001530427885823027,9.021514139572712,9.025497551765142,0.00398341219242937,2.741514139572712,2.7454975517651414,8.9778964090603,2.6978964090602995
2026-09-01,2027-09,jaou7_6800p,put,68.0,6.48,0.4159191846500108,0.0112840722162938,0.4160722274385931,0.0001530427885823027,9.271675033860777,9.275683813198107,0.004008779337329571,2.791675033860777,2.7956838131981065,9.228173447075775,2.748173447075775
2026-09-01,2027-09,jaou7_6820c,call,68.2,10.4,0.4159191846500108,0.0112840722162938,0.4160722274385931,0.0001530427885823027,13.214314422328647,13.218332998093244,0.004018575764597188,2.8143144223286463,2.8183329980932434,13.100312757697186,2.7003127576971853
2026-09-01,2027-09,jaou7_6825c,call,68.25,10.37,0.4159191846500108,0.0112840722162938,0.4160722274385931,0.0001530427885823027,13.19185912738961,13.195880121029477,0.004020993639866077,2.8218591273896116,2.8258801210294777,13.077863400621435,2.707863400621436
2026-09-01,2027-09,jaou7_6860c,call,68.6,10.19,0.4159191846500108,0.0112840722162938,0.4160722274385931,0.0001530427885823027,13.035596288504841,13.039633858055566,0.004037569550725095,2.845596288504842,2.849633858055567,12.921631023255143,2.731631023255144
2026-09-01,2027-09,jaou7_6900c,call,69.0,9.97,0.4159191846500108,0.0112840722162938,0.4160722274385931,0.0001530427885823027,12.858981422763337,12.863037189711896,0.004055766948559025,2.8889814227633366,2.8930371897118956,12.745045079367022,2.775045079367022
2026-09-01,2027-09,jaou7_6900p,put,69.0,6.9,0.4159191846500108,0.0112840722162938,0.4160722274385931,0.0001530427885823027,9.781930439445617,9.785986206394176,0.004055766948559025,2.8819304394456164,2.8859862063941755,9.738522823410388,2.838522823410388
2026-09-01,2027-09,jaou7_6905c,call,69.05,9.95,0.4159191846500108,0.0112840722162938,0.4160722274385931,0.0001530427885823027,12.837051708389517,12.841109694172445,0.004057985782928597,2.8870517083895173,2.891109694172446,12.72312201470233,2.7731220147023308
2026-09-01,2027-09,jaou7_6930c,call,69.3,9.82,0.4159191846500108,0.0112840722162938,0.4160722274385931,0.0001530427885823027,12.727891559338065,12.731960453624993,0.00406889428692736,2.907891559338065,2.9119604536249923,12.614021304831756,2.7940213048317557
2026-09-01,2027-09,jaou7_7000c,call,70.0,9.46,0.4159191846500108,0.0112840722162938,0.4160722274385931,0.0001530427885823027,12.426547478631942,12.430645277003137,0.0040977983711947275,2.9665474786319415,2.970645277003136,12.3131313124101,2.853131312410099
2026-09-01,2027-09,jaou7_7000p,put,70.0,7.34,0.4159191846500108,0.0112840722162938,0.4160722274385931,0.0001530427885823027,10.305237306171056,10.309335104542251,0.0040977983711947275,2.9652373061710566,2.9693351045422514,10.262349867310302,2.9223498673103023
2026-09-01,2027-09,jaou7_7110c,call,71.1,8.92,0.4159191846500108,0.0112840722162938,0.4160722274385931,0.0001530427885823027,11.96565939313221,11.969797775217115,0.0041383820849052455,3.04565939313221,3.0497977752171153,11.853731123547972,2.933731123547972
2026-09-01,2027-09,jaou7_7200c,call,72.0,8.49,0.4159191846500108,0.0112840722162938,0.4160722274385931,0.0001530427885823027,11.599872167025213,11.604039419314223,0.004167252289009937,3.1098721670252125,3.1140394193142225,11.489688397233136,2.999688397233136
2026-09-01,2027-09,jaou7_7335c,call,73.35,7.88,0.4159191846500108,0.0112840722162938,0.4160722274385931,0.0001530427885823027,11.069838358032941,11.074041754247547,0.004203396214606414,3.189838358032941,3.1940417542475474,10.962728341486809,3.082728341486809
2026-09-01,2027-09,jaou7_7400c,call,74.0,7.6,0.4159191846500108,0.0112840722162938,0.4160722274385931,0.0001530427885823027,10.822456509302153,10.826674307319433,0.004217798017279506,3.2224565093021535,3.226674307319433,10.716673187129995,3.1166731871299955
2026-09-01,2027-09,jaou7_7400p,put,74.0,9.31,0.4159191846500108,0.0112840722162938,0.4160722274385931,0.0001530427885823027,12.524109580268604,12.528327378285883,0.004217798017279506,3.2141095802686035,3.218327378285883,12.488854985457529,3.1788549854575283
2026-09-01,2027-09,jaou7_7450c,call,74.5,7.39,0.4159191846500108,0.0112840722162938,0.4160722274385931,0.0001530427885823027,10.635559303744323,10.639786879353046,0.004227575608723555,3.245559303744323,3.2497868793530467,10.530817549844812,3.1408175498448125
2026-09-01,2027-09,jaou7_7450p,put,74.5,9.58,0.4159191846500108,0.0112840722162938,0.4160722274385931,0.0001530427885823027,12.815082780139189,12.819310355747913,0.004227575608723555,3.235082780139189,3.2393103557479126,12.780869753600763,3.200869753600763
2026-09-01,2027-09,jaou7_7500c,call,75.0,7.19,0.4159191846500108,0.0112840722162938,0.4160722274385931,0.0001530427885823027,10.45157961422421,10.455815852582822,0.004236238358611644,3.2615796142242095,3.265815852582821,10.347817048385028,3.157817048385028
2026-09-01,2027-09,jaou7_7500p,put,75.0,9.86,0.4159191846500108,0.0112840722162938,0.4160722274385931,0.0001530427885823027,13.108973496047494,13.113209734406105,0.004236238358611644,3.248973496047494,3.2532097344061057,13.075739657569391,3.215739657569392
2026-09-01,2027-09,jaou7_7542c,call,75.42,7.02,0.4159191846500108,0.0112840722162938,0.4160722274385931,0.0001530427885823027,10.299267282983113,10.303509947691547,0.004242664708433708,3.2792672829831133,3.283509947691547,10.196273144906444,3.1762731449064443
2026-09-01,2027-09,jaou7_7550c,call,75.5,6.99,0.4159191846500108,0.0112840722162938,0.4160722274385931,0.0001530427885823027,10.270484563698028,10.274728365279794,0.004243801581765183,3.280484563698028,3.2847283652797934,10.167640954240367,3.177640954240367
2026-09-01,2027-09,jaou7_7600c,call,76.0,6.8,0.4159191846500108,0.0112840722162938,0.4160722274385931,0.0001530427885823027,10.092241148144815,10.096491429228934,0.004250281084118512,3.2922411481448153,3.296491429228934,9.990428089337671,3.1904280893376717
2026-09-01,2027-09,jaou7_7610c,call,76.1,6.76,0.4159191846500108,0.0112840722162938,0.4160722274385931,0.0001530427885823027,10.056931749365573,10.061183197726967,0.004251448361394239,3.296931749365573,3.3011831977269672,9.955324460136746,3.195324460136746
2026-09-01,2027-09,jaou7_7705c,call,77.05,6.41,0.4159191846500108,0.0112840722162938,0.4160722274385931,0.0001530427885823027,9.727064673841923,9.731325107212292,0.004260433370369299,3.317064673841923,3.3213251072122922,9.627276087145278,3.2172760871452777
2026-09-01,2027-09,jaou7_7710c,call,77.1,6.39,0.4159191846500108,0.0112840722162938,0.4160722274385931,0.0001530427885823027,9.709980121175995,9.714240923212573,0.004260802036577971,3.3199801211759956,3.3242409232125736,9.610285246663889,3.220285246663889
2026-09-01,2027-09,jaou7_7725c,call,77.25,6.33,0.4159191846500108,0.0112840722162938,0.4160722274385931,0.0001530427885823027,9.658891056806697,9.663152903093577,0.0042618462868802,3.3288910568066967,3.333152903093577,9.559464557010918,3.229464557010917
2026-09-01,2028-03,jaoh8_5740p,put,57.4,3.97,0.4159191846500108,0.0112840722162938,0.4160722274385931,0.0001530427885823027,7.014892096346092,7.018900076501257,0.004007980155165569,3.0448920963460915,3.048900076501257,7.023722300887577,3.053722300887577
2026-09-01,2028-03,jaoh8_5900p,put,59.0,4.42,0.4159191846500108,0.0112840722162938,0.4160722274385931,0.0001530427885823027,7.6993549340969984,7.703498041652249,0.0041431075552509355,3.2793549340969985,3.2834980416522495,7.708986088775839,3.288986088775838
2026-09-01,2028-03,jaoh8_6000p,put,60.0,4.72,0.4159191846500108,0.0112840722162938,0.4160722274385931,0.0001530427885823027,8.14312851044975,8.147350497870397,0.004221987420645945,3.423128510449751,3.427350497870397,8.153087846737682,3.433087846737682
2026-09-01,2028-03,jaoh8_6151c,call,61.51,13.26,0.4159191846500108,0.0112840722162938,0.4160722274385931,0.0001530427885823027,16.873896110265775,16.878229000461648,0.004332890195872352,3.6138961102657756,3.618229000461648,16.874290062400956,3.614290062400956
2026-09-01,2028-03,jaoh8_6165p,put,61.65,5.25,0.4159191846500108,0.0112840722162938,0.4160722274385931,0.0001530427885823027,8.901680338879395,8.906023009942924,0.00434267106352948,3.6516803388793946,3.656023009942924,8.911738761301898,3.6617387613018977
2026-09-01,2028-03,jaoh8_6200c,call,62.0,12.97,0.4159191846500108,0.0112840722162938,0.4160722274385931,0.0001530427885823027,16.646760569214432,16.651127319983452,0.0043667507690194896,3.676760569214432,3.6811273199834513,16.647083695114326,3.677083695114325
2026-09-01,2028-03,jaoh8_6200p,put,62.0,5.37,0.4159191846500108,0.0112840722162938,0.4160722274385931,0.0001530427885823027,9.066734156750222,9.071100907519241,0.0043667507690194896,3.696734156750222,3.7011009075192414,9.076736038636383,3.7067360386363832
2026-09-01,2028-03,jaoh8_6250p,put,62.5,5.54,0.4159191846500108,0.0112840722162938,0.4160722274385931,0.0001530427885823027,9.305010179249152,9.309410407040893,0.004400227791741429,3.7650101792491517,3.769410407040893,9.314880140922964,3.774880140922965
2026-09-01,2028-03,jaoh8_6420c,call,64.2,11.68,0.4159191846500108,0.0112840722162938,0.4160722274385931,0.0001530427885823027,15.66126442312326,15.665770378766522,0.004505955643262283,3.9812644231232603,3.9857703787665226,15.660642586910312,3.980642586910312
2026-09-01,2028-03,jaoh8_6500c,call,65.0,11.23,0.4159191846500108,0.0112840722162938,0.4160722274385931,0.0001530427885823027,15.31653080042019,15.321082207769622,0.004551407349431713,4.08653080042019,4.091082207769622,15.31540127497519,4.08540127497519
2026-09-01,2028-03,jaoh8_6500p,put,65.0,6.44,0.4159191846500108,0.0112840722162938,0.4160722274385931,0.0001530427885823027,10.539408045298044,10.543959452647476,0.004551407349431713,4.099408045298044,4.103959452647476,10.547957275839314,4.107957275839314
2026-09-01,2028-03,jaoh8_6600c,call,66.0,10.68,0.4159191846500108,0.0112840722162938,0.4160722274385931,0.0001530427885823027,14.895589510713153,14.900193899471331,0.004604388758178146,4.215589510713153,4.220193899471331,14.89385153298696,4.21385153298696
2026-09-01,2028-03,jaoh8_6600p,put,66.0,6.83,0.4159191846500108,0.0112840722162938,0.4160722274385931,0.0001530427885823027,11.052767974705027,11.057372363463205,0.004604388758178146,4.222767974705027,4.227372363463205,11.060708752965104,4.230708752965104
2026-09-01,2028-03,jaoh8_6750p,put,67.5,7.44,0.4159191846500108,0.0112840722162938,0.4160722274385931,0.0001530427885823027,11.84315993217218,11.847835910524836,0.004675978352656429,4.403159932172179,4.4078359105248355,11.849663079256818,4.409663079256817
2026-09-01,2028-03,jaoh8_6775c,call,67.75,9.76,0.4159191846500108,0.0112840722162938,0.4160722274385931,0.0001530427885823027,14.185018465110872,14.189705467131628,0.004687002020755671,4.425018465110872,4.429705467131628,14.181600757749012,4.421600757749012
2026-09-01,2028-03,jaoh8_6875c,call,68.75,9.25,0.4159191846500108,0.0112840722162938,0.4160722274385931,0.0001530427885823027,13.793515349052058,13.798243889578469,0.004728540526411251,4.543515349052058,4.548243889578469,13.789038713444686,4.539038713444686
2026-09-01,2028-03,jaoh8_6890c,call,68.9,9.17,0.4159191846500108,0.0112840722162938,0.4160722274385931,0.0001530427885823027,13.735684036161992,13.740418457601246,0.004734421439254177,4.565684036161992,4.570418457601246,13.73105599284408,4.56105599284408
2026-09-01,2028-03,jaoh8_7000c,call,70.0,8.64,0.4159191846500108,0.0112840722162938,0.4160722274385931,0.0001530427885823027,13.3186048357903,13.3233796344034,0.004774798613100373,4.678604835790299,4.6833796344033995,13.313228313353395,4.673228313353395
2026-09-01,2028-03,jaoh8_7000p,put,70.0,8.53,0.4159191846500108,0.0112840722162938,0.4160722274385931,0.0001530427885823027,13.212988176238259,13.21776297485136,0.004774798613100373,4.6829881762382595,4.68776297485136,13.217290409787624,4.687290409787625
2026-09-01,2028-03,jaoh8_7110c,call,71.1,8.12,0.4159191846500108,0.0112840722162938,0.4160722274385931,0.0001530427885823027,12.913672738137148,12.91848315195945,0.00481041382230174,4.793672738137149,4.79848315195945,12.90775600304839,4.787756003048392
2026-09-01,2028-03,jaoh8_7275c,call,72.75,7.38,0.4159191846500108,0.0112840722162938,0.4160722274385931,0.0001530427885823027,12.328426865151947,12.333282026448646,0.004855161296699606,4.948426865151947,4.953282026448647,12.321551571291929,4.941551571291929
2026-09-01,2028-03,jaoh8_7340c,call,73.4,7.1,0.4159191846500108,0.0112840722162938,0.4160722274385931,0.0001530427885823027,12.104993050400353,12.109863059532467,0.004870009132114106,5.004993050400353,5.009863059532467,12.097831808735656,4.997831808735656
2026-09-01,2028-03,jaoh8_7450c,call,74.5,6.66,0.4159191846500108,0.0112840722162938,0.4160722274385931,0.0001530427885823027,11.735806929114311,11.740698591732121,0.004891662617810155,5.075806929114311,5.080698591732121,11.728217732888115,5.068217732888115
2026-09-01,2028-03,jaoh8_7450p,put,74.5,10.77,0.4159191846500108,0.0112840722162938,0.4160722274385931,0.0001530427885823027,15.834545755575366,15.839437418193176,0.004891662617810155,5.064545755575367,5.069437418193177,15.83663531533544,5.066635315335441
2026-09-01,2028-03,jaoh8_7475c,call,74.75,6.56,0.4159191846500108,0.0112840722162938,0.4160722274385931,0.0001530427885823027,11.653443280797497,11.658339266930694,0.004895986133197638,5.093443280797497,5.098339266930695,11.645670108535173,5.085670108535173
2026-09-01,2028-03,jaoh8_7500c,call,75.0,6.46,0.4159191846500108,0.0112840722162938,0.4160722274385931,0.0001530427885823027,11.571643817559226,11.576543909224013,0.0049000916647869985,5.111643817559226,5.116543909224013,11.563658460142566,5.103658460142566
2026-09-01,2028-03,jaoh8_7550c,call,75.5,6.27,0.4159191846500108,0.0112840722162938,0.4160722274385931,0.0001530427885823027,11.409724311063043,11.414631966298513,0.004907655235470543,5.139724311063043,5.144631966298514,11.4012908592503,5.131290859250301
2026-09-01,2028-03,jaoh8_7670c,call,76.7,5.85,0.4159191846500108,0.0112840722162938,0.4160722274385931,0.0001530427885823027,11.030114839014205,11.03503719381252,0.004922354798315709,5.180114839014205,5.185037193812521,11.020707120882443,5.170707120882444
2026-09-01,2028-03,jaoh8_7700c,call,77.0,5.75,0.4159191846500108,0.0112840722162938,0.4160722274385931,0.0001530427885823027,10.937165957460223,10.942091241318197,0.004925283857973639,5.187165957460223,5.192091241318197,10.927526286493505,5.177526286493505
2026-09-01,2028-03,jaoh8_7775c,call,77.75,5.51,0.4159191846500108,0.0112840722162938,0.4160722274385931,0.0001530427885823027,10.708151299359653,10.713082632239553,0.004931332879900552,5.198151299359653,5.203082632239553,10.698001129715363,5.188001129715364
2026-09-01,2028-09,jaou8_5000p,put,50.0,3.0,0.4159191846500108,0.0112840722162938,0.4160722274385931,0.0001530427885823027,5.782473724106975,5.786328875446092,0.003855151339116958,2.782473724106975,2.7863288754460918,5.801897509580052,2.801897509580052
2026-09-01,2028-09,jaou8_5500p,put,55.0,4.15,0.4159191846500108,0.0112840722162938,0.4160722274385931,0.0001530427885823027,7.776405128088047,7.7807564311507065,0.004351303062659184,3.626405128088047,3.630756431150706,7.798935782949714,3.6489357829497138
2026-09-01,2028-09,jaou8_5700p,put,57.0,4.69,0.4159191846500108,0.0112840722162938,0.4160722274385931,0.0001530427885823027,8.653130458227348,8.657653473595602,0.004523015368253169,3.963130458227348,3.9676534735956013,8.676177661460526,3.986177661460526
2026-09-01,2028-09,jaou8_5740p,put,57.4,4.8,0.4159191846500108,0.0112840722162938,0.4160722274385931,0.0001530427885823027,8.83369722425745,8.838252704630856,0.004555480373404919,4.033697224257451,4.038252704630856,8.856771814895383,4.056771814895384
2026-09-01,2028-09,jaou8_6151c,call,61.51,12.64,0.4159191846500108,0.0112840722162938,0.4160722274385931,0.0001530427885823027,17.366755208118636,17.371608020602352,0.004852812483715496,4.726755208118636,4.731608020602351,17.503871492298618,4.8638714922986175
2026-09-01,2028-09,jaou8_6165p,put,61.65,6.06,0.4159191846500108,0.0112840722162938,0.4160722274385931,0.0001530427885823027,10.85566487238648,10.860526657634768,0.004861785248287731,4.795664872386481,4.8005266576347685,10.876796098190702,4.816796098190703
2026-09-01,2028-09,jaou8_6200p,put,62.0,6.17,0.4159191846500108,0.0112840722162938,0.4160722274385931,0.0001530427885823027,11.030354227124445,11.03523811510555,0.004883887981105062,4.860354227124445,4.86523811510555,11.051144474978129,4.881144474978129
2026-09-01,2028-09,jaou8_6250p,put,62.5,6.33,0.4159191846500108,0.0112840722162938,0.4160722274385931,0.0001530427885823027,11.281999450676715,11.286914101021388,0.004914650344673532,4.951999450676714,4.956914101021388,11.302284621359837,4.972284621359837
2026-09-01,2028-09,jaou8_6500c,call,65.0,10.6,0.4159191846500108,0.0112840722162938,0.4160722274385931,0.0001530427885823027,15.971562333726064,15.976616641050857,0.005054307324792617,5.3715623337260645,5.376616641050857,16.10522668199123,5.50522668199123
2026-09-01,2028-09,jaou8_6500p,put,65.0,7.18,0.4159191846500108,0.0112840722162938,0.4160722274385931,0.0001530427885823027,12.57628752086156,12.581341828186353,0.005054307324792617,5.396287520861561,5.401341828186354,12.594097420473158,5.414097420473159
2026-09-01,2028-09,jaou8_6570c,call,65.7,10.21,0.4159191846500108,0.0112840722162938,0.4160722274385931,0.0001530427885823027,15.705572967269129,15.710662223166453,0.005089255897324563,5.495572967269128,5.500662223166453,15.838952523672054,5.628952523672053
2026-09-01,2028-09,jaou8_6600c,call,66.0,10.05,0.4159191846500108,0.0112840722162938,0.4160722274385931,0.0001530427885823027,15.592951074986681,15.598054762480894,0.00510368749421275,5.54295107498668,5.548054762480893,15.72626812871517,5.676268128715169
2026-09-01,2028-09,jaou8_6650c,call,66.5,9.78,0.4159191846500108,0.0112840722162938,0.4160722274385931,0.0001530427885823027,15.407060262445846,15.412187280444423,0.005127017998576733,5.627060262445847,5.632187280444423,15.540309601171233,5.760309601171233
2026-09-01,2028-09,jaou8_6750p,put,67.5,8.13,0.4159191846500108,0.0112840722162938,0.4160722274385931,0.0001530427885823027,13.92848532104254,13.933656321715844,0.005171000673303894,5.7984853210425396,5.8036563217158434,13.945925835522976,5.815925835522975
2026-09-01,2028-09,jaou8_6775c,call,67.75,9.12,0.4159191846500108,0.0112840722162938,0.4160722274385931,0.0001530427885823027,14.952102535590408,14.957283980171207,0.005181444580799166,5.832102535590408,5.8372839801712075,15.08541009540818,5.965410095408181
2026-09-01,2028-09,jaou8_7000c,call,70.0,8.03,0.4159191846500108,0.0112840722162938,0.4160722274385931,0.0001530427885823027,14.167358239396204,14.17262398389797,0.005265744501766534,6.137358239396205,6.1426239838979715,14.300894294204522,6.270894294204522
2026-09-01,2028-09,jaou8_7000p,put,70.0,9.21,0.4159191846500108,0.0112840722162938,0.4160722274385931,0.0001530427885823027,15.335624841672198,15.340890586173964,0.005265744501766534,6.125624841672197,6.1308905861739635,15.353306447826949,6.143306447826948
2026-09-01,2028-09,jaou8_7110c,call,71.1,7.54,0.4159191846500108,0.0112840722162938,0.4160722274385931,0.0001530427885823027,13.799172165943364,13.80447293981853,0.005300773875164921,6.259172165943364,6.264472939818529,13.932764799329066,6.392764799329066
2026-09-01,2028-09,jaou8_7275c,call,72.75,6.86,0.4159191846500108,0.0112840722162938,0.4160722274385931,0.0001530427885823027,13.265242945809922,13.270588948786,0.0053460029760774574,6.405242945809921,6.410588948785999,13.398549176938692,6.538549176938692
2026-09-01,2028-09,jaou8_7340c,call,73.4,6.61,0.4159191846500108,0.0112840722162938,0.4160722274385931,0.0001530427885823027,13.060799825945363,13.066161305976586,0.005361480031222499,6.450799825945363,6.456161305976585,13.193767586138817,6.5837675861388165
2026-09-01,2028-09,jaou8_7450c,call,74.5,6.21,0.4159191846500108,0.0112840722162938,0.4160722274385931,0.0001530427885823027,12.72221215671329,12.727596906623857,0.005384749910566811,6.51221215671329,6.517596906623857,12.854622485337371,6.644622485337371
2026-09-01,2028-09,jaou8_7450p,put,74.5,11.51,0.4159191846500108,0.0112840722162938,0.4160722274385931,0.0001530427885823027,17.997666032615733,18.003050782526298,0.005384749910565034,6.487666032615733,6.493050782526298,18.014221912586247,6.504221912586248
2026-09-01,2028-09,jaou8_7500c,call,75.0,6.03,0.4159191846500108,0.0112840722162938,0.4160722274385931,0.0001530427885823027,12.571328293663026,12.576722431968442,0.0053941383054159076,6.5413282936630255,6.546722431968441,12.703530877825276,6.673530877825276
2026-09-01,2028-09,jaou8_7560c,call,75.6,5.83,0.4159191846500108,0.0112840722162938,0.4160722274385931,0.0001530427885823027,12.392716695165376,12.398121139522587,0.005404444357210991,6.562716695165376,6.568121139522587,12.524708199570547,6.694708199570547
2026-09-01,2028-09,jaou8_7670c,call,76.7,5.49,0.4159191846500108,0.0112840722162938,0.4160722274385931,0.0001530427885823027,12.072083071295001,12.077503749199714,0.0054206779047127895,6.582083071295001,6.587503749199714,12.203738137411074,6.713738137411074
2026-09-01,2028-09,jaou8_7925c,call,79.25,4.78,0.4159191846500108,0.0112840722162938,0.4160722274385931,0.0001530427885823027,11.36163268119913,11.367078319087101,0.005445637887971699,6.581632681199129,6.587078319087101,11.49223137965874,6.71223137965874
2026-09-01,2028-09,jaou8_8000c,call,80.0,4.59,0.4159191846500108,0.0112840722162938,0.4160722274385931,0.0001530427885823027,11.16110824530561,11.166558012076617,0.005449766771008058,6.571108245305609,6.576558012076617,11.291147845454748,6.701147845454749
2026-09-02,2026-09,jaou6_10000c,call,100.0,0.3,0.4158493749372105,0.0112957926776547,0.4160027614906964,0.00015338655348590136,0.13073576656423389,0.13097050587959222,0.00023473931535833437,-0.1692642334357661,-0.16902949412040777,0.1327203216632315,-0.1672796783367685
2026-09-02,2026-09,jaou6_10205c,call,102.05,0.19,0.4158493749372105,0.0112957926776547,0.4160027614906964,0.00015338655348590136,0.06009968398829223,0.06023516249504475,0.00013547850675252326,-0.12990031601170776,-0.12976483750495527,0.0604967667817127,-0.1295032332182873
2026-09-02,2026-09,jaou6_10240c,call,102.4,0.17,0.4158493749372105,0.0112957926776547,0.4160027614906964,0.00015338655348590136,0.05232068893488696,0.052443003662848625,0.00012231472796166848,-0.11767931106511306,-0.11755699633715139,0.0525662755602808,-0.1174337244397192
2026-09-02,2026-09,jaou6_10300c,call,103.0,0.15,0.4158493749372105,0.0112957926776547,0.4160027614906964,0.00015338655348590136,0.04109295910688935,0.041195055056662724,0.0001020959497733745,-0.10890704089311065,-0.10880494494333727,0.0411808009340868,-0.1088191990659132
2026-09-02,2026-09,jaou6_10500c,call,105.0,0.09,0.4158493749372105,0.0112957926776547,0.4160027614906964,0.00015338655348590136,0.017735911983872886,0.017789200810077375,5.32888262044888e-05,-0.0722640880161271,-0.07221079918992263,0.017811129810043,-0.072188870189957
2026-09-02,2026-09,jaou6_10520c,call,105.2,0.09,0.4158493749372105,0.0112957926776547,0.4160027614906964,0.00015338655348590136,0.016259342210717224,0.01630908177456895,4.973956385172576e-05,-0.07374065778928277,-0.07369091822543104,0.0163317539474891,-0.0736682460525109
2026-09-02,2026-09,jaou6_10825c,call,108.25,0.04,0.4158493749372105,0.0112957926776547,0.4160027614906964,0.00015338655348590136,0.004057963908926497,0.00407397753888057,1.60136299540729e-05,-0.035942036091073506,-0.03592602246111943,0.0040664883133134,-0.0359335116866866
2026-09-02,2026-09,jaou6_11000c,call,110.0,0.03,0.4158493749372105,0.0112957926776547,0.4160027614906964,0.00015338655348590136,0.0017398554440350373,0.0017476840810069095,7.828636971872254e-06,-0.028260144555964962,-0.02825231591899309,0.0017186045260066,-0.0282813954739933
2026-09-02,2026-09,jaou6_7600p,put,76.0,0.02,0.4158493749372105,0.0112957926776547,0.4160027614906964,0.00015338655348590136,0.0034277245873717277,0.0034411171804009655,1.3392593029237787e-05,-0.016572275412628273,-0.016558882819599035,0.003467489689304,-0.016532510310696
2026-09-02,2026-09,jaou6_7750p,put,77.5,0.04,0.4158493749372105,0.0112957926776547,0.4160027614906964,0.00015338655348590136,0.010139128799739439,0.010171872159325801,3.274335958636243e-05,-0.029860871200260562,-0.0298281278406742,0.0102132063067568,-0.0297867936932432
2026-09-02,2026-09,jaou6_7800p,put,78.0,0.05,0.4158493749372105,0.0112957926776547,0.4160027614906964,0.00015338655348590136,0.014171872038348354,0.014214725984347254,4.285394599889969e-05,-0.03582812796165165,-0.03578527401565275,0.01424815030804,-0.03575184969196
2026-09-02,2026-09,jaou6_8000p,put,80.0,0.1,0.4158493749372105,0.0112957926776547,0.4160027614906964,0.00015338655348590136,0.047829838436154404,0.047939647590276024,0.00010980915412162062,-0.0521701615638456,-0.05206035240972398,0.0483039287247385,-0.0516960712752615
2026-09-02,2026-09,jaou6_8200p,put,82.0,0.22,0.4158493749372105,0.0112957926776547,0.4160027614906964,0.00015338655348590136,0.1348727350294432,0.1351026965743305,0.0002299615448873027,-0.08512726497055681,-0.0848973034256695,0.1370574295412393,-0.0829425704587606
2026-09-02,2026-09,jaou6_8250p,put,82.5,0.26,0.4158493749372105,0.0112957926776547,0.4160027614906964,0.00015338655348590136,0.17036877363348868,0.1706374064292211,0.0002686327957324153,-0.08963122636651133,-0.08936259357077891,0.1731217866321027,-0.0868782133678973
2026-09-02,2026-09,jaou6_9100c,call,91.0,2.11,0.4158493749372105,0.0112957926776547,0.4160027614906964,0.00015338655348590136,1.8843772682467275,1.8851980633288992,0.0008207950821716992,-0.2256227317532724,-0.2248019366711007,1.8875415158856472,-0.2224584841143526
2026-09-02,2026-09,jaou6_9150c,call,91.5,1.91,0.4158493749372105,0.0112957926776547,0.4160027614906964,0.00015338655348590136,1.6786330999340973,1.6794439112930917,0.0008108113589944121,-0.23136690006590266,-0.23055608870690825,1.6821004092230931,-0.2278995907769068
2026-09-02,2026-09,jaou6_9196c,call,91.96,1.74,0.4158493749372105,0.0112957926776547,0.4160027614906964,0.00015338655348590136,1.5041722392907801,1.5049686670313107,0.0007964277405305697,-0.23582776070921985,-0.23503133296868928,1.5075645277771732,-0.2324354722228268
2026-09-02,2026-09,jaou6_9200c,call,92.0,1.73,0.4158493749372105,0.0112957926776547,0.4160027614906964,0.00015338655348590136,1.4896589547042383,1.4904539081025467,0.0007949533983084844,-0.24034104529576172,-0.23954609189745324,1.493072502302467,-0.236927497697533
2026-09-02,2026-09,jaou6_9225c,call,92.25,1.65,0.4158493749372105,0.0112957926776547,0.4160027614906964,0.00015338655348590136,1.4012902772038291,1.4020752424730822,0.0007849652692530906,-0.24870972279617076,-0.24792475752691767,1.4047839884732638,-0.2452160115267361
2026-09-02,2026-09,jaou6_9250c,call,92.5,1.56,0.4158493749372105,0.0112957926776547,0.4160027614906964,0.00015338655348590136,1.3168972562812653,1.3176709499844692,0.0007736937032039037,-0.24310274371873475,-0.24232905001553084,1.320477223229403,-0.2395227767705969
2026-09-02,2026-09,jaou6_9435c,call,94.35,1.06,0.4158493749372105,0.0112957926776547,0.4160027614906964,0.00015338655348590136,0.8070424673724317,0.8077006164468629,0.0006581490744311802,-0.25295753262756837,-0.2522993835531372,0.8115067111272714,-0.2484932888727287
2026-09-02,2026-09,jaou6_9500c,call,95.0,0.92,0.4158493749372105,0.0112957926776547,0.4160027614906964,0.00015338655348590136,0.6709948559314081,0.6716031021885625,0.0006082462571543878,-0.24900514406859198,-0.2483968978114376,0.6755784054405011,-0.2444215945594989
2026-09-02,2026-09,jaou6_9800c,call,98.0,0.48,0.4158493749372105,0.0112957926776547,0.4160027614906964,0.00015338655348590136,0.26311610762828475,0.26348448350860304,0.0003683758803182946,-0.21688389237171524,-0.21651551649139694,0.266966789236664,-0.2130332107633359
2026-09-02,2026-10,jaov6_10000c,call,100.0,1.69,0.4158493749372105,0.0112957926776547,0.4160027614906964,0.00015338655348590136,1.0256807343621912,1.0267897089000153,0.0011089745378241034,-0.6643192656378087,-0.6632102910999846,1.0081456122840218,-0.6818543877159782
2026-09-02,2026-10,jaov6_10205c,call,102.05,1.41,0.4158493749372105,0.0112957926776547,0.4160027614906964,0.00015338655348590136,0.7724487504039951,0.7734015075036537,0.0009527570996585855,-0.6375512495960048,-0.6365984924963463,0.7580729549737009,-0.6519270450262991
2026-09-02,2026-10,jaov6_10240c,call,102.4,1.37,0.4158493749372105,0.0112957926776547,0.4160027614906964,0.00015338655348590136,0.735179679955909,0.7361063048932892,0.0009266249373801605,-0.6348203200440911,-0.6338936951067109,0.7212343163653586,-0.6487656836346415
2026-09-02,2026-10,jaov6_10300c,call,103.0,1.3,0.4158493749372105,0.0112957926776547,0.4160027614906964,0.00015338655348590136,0.6749568505610728,0.6758392378917739,0.0008823873307011176,-0.6250431494389272,-0.6241607621082261,0.6617192827848515,-0.6382807172151486
2026-09-02,2026-10,jaov6_10500c,call,105.0,1.1,0.4158493749372105,0.0112957926776547,0.4160027614906964,0.00015338655348590136,0.5044905654213833,0.5052320008763894,0.0007414354550061564,-0.5955094345786168,-0.5947679991236107,0.4943178459072384,-0.6056821540927617
2026-09-02,2026-10,jaov6_10800c,call,108.0,0.86,0.4158493749372105,0.0112957926776547,0.4160027614906964,0.00015338655348590136,0.3204132978251545,0.32096755019427636,0.000554252369121877,-0.5395867021748455,-0.5390324498057236,0.3137343969891223,-0.5462656030108777
2026-09-02,2026-10,jaov6_11500c,call,115.0,0.5,0.4158493749372105,0.0112957926776547,0.4160027614906964,0.00015338655348590136,0.10314118751384059,0.10338959935080543,0.0002484118369648347,-0.3968588124861594,-0.39661040064919456,0.1014546550090117,-0.3985453449909883
2026-09-02,2026-10,jaov6_12100c,call,121.0,0.32,0.4158493749372105,0.0112957926776547,0.4160027614906964,0.00015338655348590136,0.03626686762736901,0.03637789482345886,0.0001110271960898454,-0.283733132372631,-0.28362210517654113,0.0362575359933538,-0.2837424640066462
2026-09-02,2026-10,jaov6_12500c,call,125.0,0.25,0.4158493749372105,0.0112957926776547,0.4160027614906964,0.00015338655348590136,0.01748082724479461,0.0175425119166562,6.168467186159002e-05,-0.2325191727552054,-0.2324574880833438,0.0179921232518288,-0.2320078767481712
2026-09-02,2026-10,jaov6_16000c,call,160.0,0.04,0.4158493749372105,0.0112957926776547,0.4160027614906964,0.00015338655348590136,1.3462580347971048e-05,1.3575491078041238e-05,1.129107300701902e-07,-0.03998653741965203,-0.03998642450892196,5.760507558197836e-05,-0.039942394924418
2026-09-02,2026-10,jaov6_7200p,put,72.0,0.51,0.4158493749372105,0.0112957926776547,0.4160027614906964,0.00015338655348590136,0.37933836583053626,0.3799153736564449,0.0005770078259086375,-0.13066163416946375,-0.1300846263435551,0.3721563113970466,-0.1378436886029534
2026-09-02,2026-10,jaov6_7400p,put,74.0,0.72,0.4158493749372105,0.0112957926776547,0.4160027614906964,0.00015338655348590136,0.5928845642187532,0.5936476650962792,0.0007631008775259573,-0.12711543578124673,-0.12635233490372078,0.5830590218893362,-0.1369409781106637
2026-09-02,2026-10,jaov6_7450p,put,74.5,0.79,0.4158493749372105,0.0112957926776547,0.4160027614906964,0.00015338655348590136,0.6585268649034663,0.6593391055756097,0.0008122406721433606,-0.1314731350965337,-0.13066089442439033,0.6479077962242383,-0.1420922037757617
2026-09-02,2026-10,jaov6_7500p,put,75.0,0.87,0.4158493749372105,0.0112957926776547,0.4160027614906964,0.00015338655348590136,0.729588933995668,0.7304509963049686,0.0008620623093005264,-0.14041106600433195,-0.13954900369503143,0.7182551644506627,-0.1517448355493372
2026-09-02,2026-10,jaov6_7600p,put,76.0,1.03,0.4158493749372105,0.0112957926776547,0.4160027614906964,0.00015338655348590136,0.8889878586531736,0.8899507898676458,0.0009629312144721069,-0.14101214134682638,-0.14004921013235427,0.8761006457731404,-0.1538993542268596
2026-09-02,2026-10,jaov6_7800p,put,78.0,1.44,0.4158493749372105,0.0112957926776547,0.4160027614906964,0.00015338655348590136,1.2836879858470152,1.2848514139399683,0.0011634280929531116,-0.1563120141529848,-0.15514858606003168,1.2676740483237738,-0.1723259516762261
2026-09-02,2026-10,jaov6_8000p,put,80.0,1.98,0.4158493749372105,0.0112957926776547,0.4160027614906964,0.00015338655348590136,1.7913312616340393,1.7926814485985156,0.0013501869644763076,-0.18866873836596065,-0.18731855140148435,1.7724399775451862,-0.2075600224548137
2026-09-02,2026-10,jaov6_8200p,put,82.0,2.65,0.4158493749372105,0.0112957926776547,0.4160027614906964,0.00015338655348590136,2.423444677929039,2.4249541119622204,0.0015094340331813783,-0.22655532207096085,-0.22504588803777947,2.400799683473088,-0.2492003165269118
2026-09-02,2026-10,jaov6_9000p,put,90.0,6.81,0.4158493749372105,0.0112957926776547,0.4160027614906964,0.00015338655348590136,6.2922209254470225,6.2939256655721785,0.001704740125155979,-0.5177790745529771,-0.5160743344278211,6.268166475978108,-0.5418335240218912
2026-09-02,2026-10,jaov6_9200c,call,92.0,3.38,0.4158493749372105,0.0112957926776547,0.4160027614906964,0.00015338655348590136,2.791518816749156,2.7931566806916854,0.001637863942529627,-0.5884811832508441,-0.5868433193083145,2.7615885453698814,-0.6184114546301185
2026-09-02,2026-10,jaov6_9225c,call,92.25,3.3,0.4158493749372105,0.0112957926776547,0.4160027614906964,0.00015338655348590136,2.712720775806849,2.7143476057458074,0.0016268299389583518,-0.5872792241931508,-0.5856523942541925,2.683245464673208,-0.616754535326792
2026-09-02,2026-10,jaov6_9348c,call,93.48,2.97,0.4158493749372105,0.0112957926776547,0.4160027614906964,0.00015338655348590136,2.3502341260409105,2.351799159666194,0.001565033625283263,-0.6197658739590897,-0.6182008403338064,2.322760832075056,-0.6472391679249441
2026-09-02,2026-10,jaov6_9353c,call,93.53,2.96,0.4158493749372105,0.0112957926776547,0.4160027614906964,0.00015338655348590136,2.336361182461675,2.33792345899007,0.0015622765283951345,-0.6236388175383252,-0.62207654100993,2.308961581507712,-0.6510384184922882
2026-09-02,2026-10,jaov6_9435c,call,94.35,2.75,0.4158493749372105,0.0112957926776547,0.4160027614906964,0.00015338655348590136,2.1180841522285587,2.1195987783647725,0.0015146261362137814,-0.6319158477714413,-0.6304012216352275,2.091823196382628,-0.6581768036173719
2026-09-02,2026-10,jaov6_9700c,call,97.0,2.19,0.4158493749372105,0.0112957926776547,0.4160027614906964,0.00015338655348590136,1.5234179621756656,1.5247537689300126,0.0013358067543469687,-0.6665820378243343,-0.6652462310699874,1.5010362172664369,-0.6889637827335631
2026-09-02,2026-10,jaov6_9800c,call,98.0,2.0,0.4158493749372105,0.0112957926776547,0.4160027614906964,0.00015338655348590136,1.3387008934656863,1.339962613677109,0.0012617202114226789,-0.6612991065343137,-0.660037386322891,1.318066633371323,-0.6819333666286771
2026-09-02,2026-10,jaov6_9911c,call,99.11,1.82,0.4158493749372105,0.0112957926776547,0.4160027614906964,0.00015338655348590136,1.1562179033496112,1.1573952463036987,0.0011773429540875568,-0.6637820966503889,-0.6626047536963013,1.137467418331758,-0.6825325816682422
2026-09-02,2026-10,jaov6_9955c,call,99.55,1.75,0.4158493749372105,0.0112957926776547,0.4160027614906964,0.00015338655348590136,1.0900045145207535,1.0911480873434554,0.0011435728227018327,-0.6599954854792465,-0.6588519126565446,1.0718692263826055,-0.6781307736173945
2026-09-02,2026-11,jaox6_10000c,call,100.0,2.31,0.4158493749372105,0.0112957926776547,0.4160027614906964,0.00015338655348590136,1.5581209753933005,1.5596870082796546,0.0015660328863540407,-0.7518790246066995,-0.7503129917203455,1.5866698540895003,-0.7233301459104997
2026-09-02,2026-11,jaox6_10205c,call,102.05,2.04,0.4158493749372105,0.0112957926776547,0.4160027614906964,0.00015338655348590136,1.2729713143869734,1.2743878034233709,0.0014164890363974614,-0.7670286856130266,-0.7656121965766292,1.3019129781658116,-0.7380870218341884
2026-09-02,2026-11,jaox6_10240c,call,102.4,1.99,0.4158493749372105,0.0112957926776547,0.4160027614906964,0.00015338655348590136,1.2291942159806322,1.2305852025255513,0.0013909865449190928,-0.7608057840193678,-0.7594147974744487,1.258139512717291,-0.731860487282709
2026-09-02,2026-11,jaox6_10500c,call,105.0,1.7,0.4158493749372105,0.0112957926776547,0.4160027614906964,0.00015338655348590136,0.9437612520252839,0.944965798494596,0.0012045464693121177,-0.756238747974716,-0.7550342015054039,0.9726314571577164,-0.7273685428422836
2026-09-02,2026-11,jaox6_10800c,call,108.0,1.43,0.4158493749372105,0.0112957926776547,0.4160027614906964,0.00015338655348590136,0.6895273708099313,0.6905289957853662,0.0010016249754348783,-0.7404726291900686,-0.7394710042146337,0.7168598057754021,-0.7131401942245978
2026-09-02,2026-11,jaox6_7200p,put,72.0,1.53,0.4158493749372105,0.0112957926776547,0.4160027614906964,0.00015338655348590136,1.4487585812871604,1.4501482705838225,0.0013896892966620555,-0.08124141871283963,-0.07985172941617757,1.4627725840657704,-0.0672274159342296
2026-09-02,2026-11,jaox6_7400p,put,74.0,1.99,0.4158493749372105,0.0112957926776547,0.4160027614906964,0.00015338655348590136,1.91938583793827,1.9209775068882298,0.001591668949959768,-0.07061416206172999,-0.06902249311177022,1.9342007355954776,-0.0557992644045224
2026-09-02,2026-11,jaox6_7450p,put,74.5,2.13,0.4158493749372105,0.0112957926776547,0.4160027614906964,0.00015338655348590136,2.051792769512433,2.0534326585086937,0.0016398889962605523,-0.07820723048756673,-0.07656734149130617,2.0668163942251248,-0.0631836057748751
2026-09-02,2026-11,jaox6_7500p,put,75.0,2.26,0.4158493749372105,0.0112957926776547,0.4160027614906964,0.00015338655348590136,2.1903084806601605,2.191995400975042,0.0016869203148814904,-0.0696915193398393,-0.06800459902495781,2.2053281804973883,-0.0546718195026114
2026-09-02,2026-11,jaox6_7600p,put,76.0,2.56,0.4158493749372105,0.0112957926776547,0.4160027614906964,0.00015338655348590136,2.486024164610072,2.4878010601187075,0.0017768955086356897,-0.07397583538992825,-0.07219893988129256,2.500797662044325,-0.0592023379556749
2026-09-02,2026-11,jaox6_7800p,put,78.0,3.25,0.4158493749372105,0.0112957926776547,0.4160027614906964,0.00015338655348590136,3.154255358218232,3.1561925427887774,0.0019371845705453694,-0.095744641781768,-0.09380745721122263,3.1691203410087274,-0.0808796589912725
2026-09-02,2026-11,jaox6_8000p,put,80.0,4.06,0.4158493749372105,0.0112957926776547,0.4160027614906964,0.00015338655348590136,3.9276200855063728,3.929686087471941,0.002066001965568276,-0.13237991449362685,-0.13031391252805857,3.94300252843173,-0.1169974715682697
2026-09-02,2026-11,jaox6_8200p,put,82.0,4.99,0.4158493749372105,0.0112957926776547,0.4160027614906964,0.00015338655348590136,4.807562999570495,4.809721861520417,0.0021588619499226525,-0.1824370004295055,-0.18027813847958285,4.822907033936426,-0.1670929660635742
2026-09-02,2026-11,jaox6_8950c,call,89.5,4.57,0.4158493749372105,0.0112957926776547,0.4160027614906964,0.00015338655348590136,4.038101309841227,4.0402736156758525,0.0021723058346259094,-0.5318986901587737,-0.5297263843241478,4.066755261783021,-0.5032447382169796
2026-09-02,2026-11,jaox6_9000c,call,90.0,4.42,0.4158493749372105,0.0112957926776547,0.4160027614906964,0.00015338655348590136,3.8721604074794014,3.874316476570128,0.002156069090726742,-0.5478395925205986,-0.5456835234298718,3.9008167082863454,-0.5191832917136545
2026-09-02,2026-11,jaox6_9000p,put,90.0,9.81,0.4158493749372105,0.0112957926776547,0.4160027614906964,0.00015338655348590136,9.355280762523066,9.357436831613791,0.00215606909072541,-0.4547192374769349,-0.45256316838620947,9.369620583397154,-0.4403794166028465
2026-09-02,2026-11,jaox6_9025c,call,90.25,4.35,0.4158493749372105,0.0112957926776547,0.4160027614906964,0.00015338655348590136,3.7912575759337543,3.79340484896218,0.002147273028425545,-0.5587424240662453,-0.5565951510378198,3.820003334019867,-0.5299966659801325
2026-09-02,2026-11,jaox6_9100c,call,91.0,4.14,0.4158493749372105,0.0112957926776547,0.4160027614906964,0.00015338655348590136,3.5566606402446204,3.5587789324755956,0.0021182922309752605,-0.5833393597553793,-0.5812210675244041,3.5855786646925747,-0.554421335307425
2026-09-02,2026-11,jaox6_9196c,call,91.96,3.88,0.4158493749372105,0.0112957926776547,0.4160027614906964,0.00015338655348590136,3.2736647498590745,3.2757406219576293,0.002075872098554754,-0.6063352501409254,-0.6042593780423706,3.302852302738597,-0.5771476972614029
2026-09-02,2026-11,jaox6_9200c,call,92.0,3.87,0.4158493749372105,0.0112957926776547,0.4160027614906964,0.00015338655348590136,3.2622841771798496,3.2643581598181095,0.0020739826382598636,-0.6077158228201505,-0.6056418401818906,3.2914835324252025,-0.5785164675747976
2026-09-02,2026-11,jaox6_9225c,call,92.25,3.81,0.4158493749372105,0.0112957926776547,0.4160027614906964,0.00015338655348590136,3.1918868173940047,3.193948780130522,0.0020619627365174864,-0.6181131826059953,-0.6160512198694779,3.2211423271724064,-0.5888576728275936
2026-09-02,2026-11,jaox6_9348c,call,93.48,3.51,0.4158493749372105,0.0112957926776547,0.4160027614906964,0.00015338655348590136,2.863471275031124,2.8654691256824694,0.0019978506513451677,-0.6465287249688756,-0.6445308743175304,2.892420334532281,-0.6175796654677188
2026-09-02,2026-11,jaox6_9353c,call,93.53,3.5,0.4158493749372105,0.0112957926776547,0.4160027614906964,0.00015338655348590136,2.850736752379415,2.8527318332967018,0.001995080917286618,-0.6492632476205848,-0.6472681667032982,2.8796580361667394,-0.6203419638332606
2026-09-02,2026-11,jaox6_9435c,call,94.35,3.32,0.4158493749372105,0.0112957926776547,0.4160027614906964,0.00015338655348590136,2.6485223634964683,2.6504703716860445,0.0019480081895761892,-0.6714776365035315,-0.6695296283139553,2.6769107936697765,-0.6430892063302234
2026-09-02,2026-11,jaox6_9700c,call,97.0,2.8,0.4158493749372105,0.0112957926776547,0.4160027614906964,0.00015338655348590136,2.0754723537111652,2.077250705428103,0.0017783517169376317,-0.7245276462888346,-0.722749294571897,2.103345647904885,-0.696654352095115
2026-09-02,2026-11,jaox6_9911c,call,99.11,2.45,0.4158493749372105,0.0112957926776547,0.4160027614906964,0.00015338655348590136,1.6983990781279665,1.7000294160361877,0.0016303379082212022,-0.7516009218720336,-0.7499705839638124,1.7268486582274851,-0.723151341772515
2026-09-02,2027-03,jaoh7_6800p,put,68.0,4.05,0.4158493749372105,0.0112957926776547,0.4160027614906964,0.00015338655348590136,4.973531397748168,4.976381648474645,0.0028502507264764887,0.9235313977481683,0.9263816484746448,4.982057436531129,0.9320574365311288
2026-09-02,2027-03,jaoh7_6900p,put,69.0,4.41,0.4158493749372105,0.0112957926776547,0.4160027614906964,0.00015338655348590136,5.3825484998929,5.3854698191487635,0.002921319255863253,0.9725484998929002,0.9754698191487634,5.391988950257363,0.9819889502573628
2026-09-02,2027-03,jaoh7_7000p,put,70.0,4.79,0.4158493749372105,0.0112957926776547,0.4160027614906964,0.00015338655348590136,5.810129307277002,5.813115449611926,0.0029861423349242244,1.020129307277002,1.0231154496119261,5.820056481595498,1.0300564815954978
2026-09-02,2027-03,jaoh7_7100p,put,71.0,5.19,0.4158493749372105,0.0112957926776547,0.4160027614906964,0.00015338655348590136,6.25614741797655,6.259191979895828,0.003044561919278266,1.0661474179765493,1.0691919798958276,6.26650880028812,1.0765088002881198
2026-09-02,2027-03,jaoh7_7150p,put,71.5,5.4,0.4158493749372105,0.0112957926776547,0.4160027614906964,0.00015338655348590136,6.486020296256733,6.489091630966341,0.0030713347096078536,1.0860202962567325,1.0890916309663403,6.496601032666842,1.0966010326668414
2026-09-02,2027-03,jaoh7_7250p,put,72.5,5.83,0.4158493749372105,0.0112957926776547,0.4160027614906964,0.00015338655348590136,6.959373369253539,6.962493330514036,0.0031199612604968507,1.129373369253539,1.132493330514036,6.969974115154777,1.1399741151547769
2026-09-02,2027-03,jaoh7_7300p,put,73.0,6.06,0.4158493749372105,0.0112957926776547,0.4160027614906964,0.00015338655348590136,7.202798990926591,7.205940796608094,0.0031418056815031292,1.1427989909265914,1.1459407966080946,7.213348197887385,1.153348197887385
2026-09-02,2027-03,jaoh7_7400p,put,74.0,6.53,0.4158493749372105,0.0112957926776547,0.4160027614906964,0.00015338655348590136,7.702996920079836,7.70617747420751,0.003180554127673929,1.1729969200798358,1.1761774742075097,7.713543155338221,1.1835431553382207
2026-09-02,2027-03,jaoh7_7450p,put,74.5,6.77,0.4158493749372105,0.0112957926776547,0.4160027614906964,0.00015338655348590136,7.959702982755496,7.962900447716117,0.0031974649606212324,1.1897029827554961,1.1929004477161174,7.969953362222123,1.1999533622221232
2026-09-02,2027-03,jaoh7_7500p,put,75.0,7.03,0.4158493749372105,0.0112957926776547,0.4160027614906964,0.00015338655348590136,8.220766680214778,8.2239794224431,0.0032127422283227958,1.1907666802147778,1.1939794224431006,8.230774537286068,1.200774537286068
2026-09-02,2027-03,jaoh7_7900c,call,79.0,6.53,0.4158493749372105,0.0112957926776547,0.4160027614906964,0.00015338655348590136,7.711376909948461,7.714654647432355,0.0032777374838941498,1.1813769099484608,1.184654647432355,7.715965487882086,1.1859654878820851
2026-09-02,2027-03,jaoh7_8000c,call,80.0,6.17,0.4158493749372105,0.0112957926776547,0.4160027614906964,0.00015338655348590136,7.3350341830775685,7.338312971764516,0.0032787886869476424,1.1650341830775686,1.1683129717645162,7.337959933978244,1.1679599339782438
2026-09-02,2027-03,jaoh7_8025c,call,80.25,6.08,0.4158493749372105,0.0112957926776547,0.4160027614906964,0.00015338655348590136,7.243385689628665,7.246663843420062,0.0032781537913963987,1.1633856896286652,1.1666638434200616,7.24583070652147,1.1658307065214704
2026-09-02,2027-03,jaoh7_8045c,call,80.45,6.01,0.4158493749372105,0.0112957926776547,0.4160027614906964,0.00015338655348590136,7.170760203971708,7.174037596135046,0.003277392163338,1.1607602039717086,1.1640375961350466,7.172827480795482,1.1628274807954826
2026-09-02,2027-03,jaoh7_8075c,call,80.75,5.91,0.4158493749372105,0.0112957926776547,0.4160027614906964,0.00015338655348590136,7.062969979716904,7.066245810901161,0.0032758311842568943,1.1529699797169037,1.1562458109011606,7.064540842688706,1.1545408426887065
2026-09-02,2027-03,jaoh7_8100c,call,81.0,5.82,0.4158493749372105,0.0112957926776547,0.4160027614906964,0.00015338655348590136,6.974190198585144,6.977464349327109,0.0032741507419649096,1.1541901985851437,1.1574643493271086,6.975463730429021,1.1554637304290205
2026-09-02,2027-03,jaoh7_8102c,call,81.02,5.82,0.4158493749372105,0.0112957926776547,0.4160027614906964,0.00015338655348590136,6.967128664122301,6.970402665641961,0.0032740015196601746,1.1471286641223006,1.1504026656419608,6.968377188076293,1.1483771880762923
2026-09-02,2027-03,jaoh7_8150c,call,81.5,5.66,0.4158493749372105,0.0112957926776547,0.4160027614906964,0.00015338655348590136,6.799455069496219,6.802724839751121,0.003269770254902049,1.1394550694962184,1.1427248397511205,6.800140290133257,1.140140290133257
2026-09-02,2027-03,jaoh7_8185c,call,81.85,5.55,0.4158493749372105,0.0112957926776547,0.4160027614906964,0.00015338655348590136,6.679358847582835,6.682624755998502,0.003265908415666985,1.129358847582835,1.1326247559985019,6.679586757380124,1.1295867573801246
2026-09-02,2027-03,jaoh7_8342c,call,83.42,5.07,0.4158493749372105,0.0112957926776547,0.4160027614906964,0.00015338655348590136,6.162614188700429,6.1658550234867615,0.003240834786332414,1.0926141887004288,1.0958550234867612,6.160370709103933,1.090370709103933
2026-09-02,2027-03,jaoh7_8500c,call,85.0,4.64,0.4158493749372105,0.0112957926776547,0.4160027614906964,0.00015338655348590136,5.6776326370662895,5.680836215322026,0.0032035782557366943,1.0376326370662898,1.0408362153220265,5.6736835682108575,1.0336835682108578
2026-09-02,2027-03,jaoh7_8525c,call,85.25,4.58,0.4158493749372105,0.0112957926776547,0.4160027614906964,0.00015338655348590136,5.604006892679334,5.60720354202501,0.0031966493456758727,1.024006892679334,1.0272035420250099,5.599826370997791,1.0198263709977908
2026-09-02,2027-03,jaoh7_8575c,call,85.75,4.45,0.4158493749372105,0.0112957926776547,0.4160027614906964,0.00015338655348590136,5.459243589631135,5.462425574760597,0.003181985129462106,1.0092435896311347,1.0124255747605968,5.454575443361169,1.004575443361169
2026-09-02,2027-03,jaoh7_8675c,call,86.75,4.21,0.4158493749372105,0.0112957926776547,0.4160027614906964,0.00015338655348590136,5.179481388008163,5.182630944126469,0.0031495561183056964,0.9694813880081634,0.9726309441264691,5.173891784505937,0.9638917845059368
2026-09-02,2027-03,jaoh7_8700c,call,87.0,4.15,0.4158493749372105,0.0112957926776547,0.4160027614906964,0.00015338655348590136,5.11153583438188,5.114676663469311,0.003140829087430852,0.9615358343818796,0.9646766634693105,5.10569598169218,0.9556959816921796
2026-09-02,2027-03,jaoh7_8705c,call,87.05,4.14,0.4158493749372105,0.0112957926776547,0.4160027614906964,0.00015338655348590136,5.09804108418156,5.101180139049776,0.0031390548682166397,0.9580410841815601,0.9611801390497767,5.092149017671516,0.9521490176715162
2026-09-02,2027-09,jaou7_5800p,put,58.0,3.26,0.4158493749372105,0.0112957926776547,0.4160027614906964,0.00015338655348590136,5.037242878365166,5.040529167087314,0.0032862887221476456,1.7772428783651666,1.7805291670873142,5.003141221033151,1.7431412210331514
2026-09-02,2027-09,jaou7_5900p,put,59.0,3.51,0.4158493749372105,0.0112957926776547,0.4160027614906964,0.00015338655348590136,5.4122250930057785,5.41560541594165,0.00338032293587176,1.9022250930057787,1.9056054159416504,5.376031838293849,1.866031838293849
2026-09-02,2027-09,jaou7_6000p,put,60.0,3.77,0.4158493749372105,0.0112957926776547,0.4160027614906964,0.00015338655348590136,5.8020930561053135,5.805562862931492,0.0034698068261782566,2.0320930561053134,2.0355628629314917,5.763574650124898,1.993574650124898
2026-09-02,2027-09,jaou7_6200p,put,62.0,4.35,0.4158493749372105,0.0112957926776547,0.4160027614906964,0.00015338655348590136,6.62602248913125,6.629657005398478,0.003634516267227994,2.2760224891312504,2.2796570053984784,6.58400239786046,2.2340023978604604
2026-09-02,2027-09,jaou7_6420p,put,64.2,5.06,0.4158493749372105,0.0112957926776547,0.4160027614906964,0.00015338655348590136,7.599236403286544,7.603029282885541,0.00379287959899699,2.5392364032865444,2.5430292828855414,7.556192388860029,2.4961923888600293
2026-09-02,2027-09,jaou7_6500p,put,65.0,5.34,0.4158493749372105,0.0112957926776547,0.4160027614906964,0.00015338655348590136,7.970164511037747,7.974008916642643,0.003844405604896295,2.630164511037747,2.6340089166426432,7.926694971279811,2.586694971279811
2026-09-02,2027-09,jaou7_6750p,put,67.5,6.29,0.4158493749372105,0.0112957926776547,0.4160027614906964,0.00015338655348590136,9.186363894197834,9.190348321539545,0.0039844273417113385,2.896363894197834,2.9003483215395454,9.14316809123286,2.8531680912328605
2026-09-02,2027-09,jaou7_6800p,put,68.0,6.5,0.4158493749372105,0.0112957926776547,0.4160027614906964,0.00015338655348590136,9.439770719633248,9.443779344072517,0.004008624439268971,2.9397707196332483,2.9437793440725173,9.39663434958156,2.8966343495815607
2026-09-02,2027-09,jaou7_6820c,call,68.2,9.92,0.4158493749372105,0.0112957926776547,0.4160027614906964,0.00015338655348590136,12.887794050181348,12.89181200040452,0.004017950223172306,2.9677940501813485,2.9718120004045208,12.774829562880084,2.8548295628800844
2026-09-02,2027-09,jaou7_6825c,call,68.25,9.89,0.4158493749372105,0.0112957926776547,0.4160027614906964,0.00015338655348590136,12.865648240271153,12.86966849048875,0.004020250217598331,2.975648240271152,2.9796684904887503,12.752686312687604,2.862686312687604
2026-09-02,2027-09,jaou7_6860c,call,68.6,9.71,0.4158493749372105,0.0112957926776547,0.4160027614906964,0.00015338655348590136,12.71155212342285,12.71558812204903,0.00403599862618087,3.001552123422849,3.00558812204903,12.598623053407742,2.8886230534077413
2026-09-02,2027-09,jaou7_6900c,call,69.0,9.5,0.4158493749372105,0.0112957926776547,0.4160027614906964,0.00015338655348590136,12.537413902104552,12.541467147766411,0.004053245661859606,3.037413902104552,3.0414671477664115,12.424613557168197,2.924613557168197
2026-09-02,2027-09,jaou7_6900p,put,69.0,6.92,0.4158493749372105,0.0112957926776547,0.4160027614906964,0.00015338655348590136,9.95652257676843,9.96057582243029,0.004053245661859606,3.03652257676843,3.0405758224302897,9.913563737703578,2.993563737703578
2026-09-02,2027-09,jaou7_6905c,call,69.05,9.47,0.4158493749372105,0.0112957926776547,0.4160027614906964,0.00015338655348590136,12.51579377457202,12.51984911995148,0.004055345379461173,3.0457937745720187,3.04984911995148,12.403018638100736,2.9330186381007355
2026-09-02,2027-09,jaou7_6930c,call,69.3,9.34,0.4158493749372105,0.0112957926776547,0.4160027614906964,0.00015338655348590136,12.408181514351288,12.412247171657294,0.004065657306005832,3.068181514351288,3.0722471716572937,12.295569657288883,2.9555696572888834
2026-09-02,2027-09,jaou7_7000c,call,70.0,8.99,0.4158493749372105,0.0112957926776547,0.4160027614906964,0.00015338655348590136,12.11117029306721,12.115263176204408,0.0040928831371989105,3.121170293067209,3.125263176204408,11.999314858582016,3.009314858582016
2026-09-02,2027-09,jaou7_7000p,put,70.0,7.37,0.4158493749372105,0.0112957926776547,0.4160027614906964,0.00015338655348590136,10.486325594392046,10.490418477529245,0.0040928831371989105,3.1163255943920456,3.1204184775292445,10.444311665778356,3.074311665778356
2026-09-02,2027-09,jaou7_7110c,call,71.1,8.45,0.4158493749372105,0.0112957926776547,0.4160027614906964,0.00015338655348590136,11.657082401859501,11.66121321395858,0.004130812099079506,3.207082401859502,3.2112132139585814,11.547062107959947,3.097062107959948
2026-09-02,2027-09,jaou7_7200c,call,72.0,8.03,0.4158493749372105,0.0112957926776547,0.4160027614906964,0.00015338655348590136,11.29684547929068,11.301002980402128,0.004157501111448525,3.26684547929068,3.2710029804021286,11.188748172381128,3.158748172381129
2026-09-02,2027-09,jaou7_7335c,call,73.35,7.43,0.4158493749372105,0.0112957926776547,0.4160027614906964,0.00015338655348590136,10.775103056942923,10.779293428381417,0.004190371438493656,3.345103056942923,3.349293428381417,10.670013179210471,3.240013179210472
2026-09-02,2027-09,jaou7_7400c,call,74.0,7.15,0.4158493749372105,0.0112957926776547,0.4160027614906964,0.00015338655348590136,10.531694812804783,10.535898013884776,0.004203201079992169,3.381694812804783,3.385898013884775,10.42794480611405,3.27794480611405
2026-09-02,2027-09,jaou7_7400p,put,74.0,9.36,0.4158493749372105,0.0112957926776547,0.4160027614906964,0.00015338655348590136,12.731036620773454,12.735239821853446,0.004203201079992169,3.371036620773454,3.3752398218534463,12.697128119954224,3.337128119954224
2026-09-02,2027-09,jaou7_7450c,call,74.5,6.95,0.4158493749372105,0.0112957926776547,0.4160027614906964,0.00015338655348590136,10.347844584872302,10.352056357710458,0.0042117728381558805,3.397844584872302,3.4020563577104577,10.245063930433927,3.295063930433927
2026-09-02,2027-09,jaou7_7450p,put,74.5,9.64,0.4158493749372105,0.0112957926776547,0.4160027614906964,0.00015338655348590136,13.025209706171452,13.029421479009606,0.004211772838154104,3.3852097061714517,3.3894214790096058,12.992270557604584,3.352270557604584
2026-09-02,2027-09,jaou7_7500c,call,75.0,6.75,0.4158493749372105,0.0112957926776547,0.4160027614906964,0.00015338655348590136,10.166902700036506,10.171121933812536,0.0042192337760305065,3.4169027000365055,3.421121933812536,10.065046617860045,3.3150466178600446
2026-09-02,2027-09,jaou7_7500p,put,75.0,9.92,0.4158493749372105,0.0112957926776547,0.4160027614906964,0.00015338655348590136,13.322291134666134,13.326510368442165,0.0042192337760305065,3.402291134666134,3.4065103684421647,13.290276558361176,3.3702765583611765
2026-09-02,2027-09,jaou7_7542c,call,75.42,6.59,0.4158493749372105,0.0112957926776547,0.4160027614906964,0.00015338655348590136,10.01713452771218,10.021359182041545,0.0042246543293646965,3.4271345277121803,3.431359182041545,9.916149197925002,3.3261491979250017
2026-09-02,2027-09,jaou7_7550c,call,75.5,6.56,0.4158493749372105,0.0112957926776547,0.4160027614906964,0.00015338655348590136,9.988835587517936,9.993061187570039,0.004225600052102152,3.428835587517937,3.433061187570039,9.888016709164267,3.328016709164268
2026-09-02,2027-09,jaou7_7600c,call,76.0,6.37,0.4158493749372105,0.0112957926776547,0.4160027614906964,0.00015338655348590136,9.813609571514425,9.817840459803888,0.004230888289463053,3.4436095715144246,3.4478404598038876,9.71375457328804,3.3437545732880407
2026-09-02,2027-09,jaou7_7610c,call,76.1,6.33,0.4158493749372105,0.0112957926776547,0.4160027614906964,0.00015338655348590136,9.778902330451217,9.783134148516835,0.004231818065617787,3.448902330451217,3.4531341485168348,9.679235297067148,3.349235297067148
2026-09-02,2027-09,jaou7_7705c,call,77.05,5.98,0.4158493749372105,0.0112957926776547,0.4160027614906964,0.00015338655348590136,9.454732468728979,9.458971029626584,0.004238560897604771,3.4747324687289787,3.4789710296265834,9.356817108866355,3.376817108866355
2026-09-02,2027-09,jaou7_7710c,call,77.1,5.97,0.4158493749372105,0.0112957926776547,0.4160027614906964,0.00015338655348590136,9.437946557189592,9.44218536950482,0.0042388123152274915,3.4679465571895927,3.47218536950482,9.34011669642544,3.3701166964254403
2026-09-02,2027-09,jaou7_7725c,call,77.25,5.92,0.4158493749372105,0.0112957926776547,0.4160027614906964,0.00015338655348590136,9.387752661193922,9.391992166503613,0.004239505309691083,3.467752661193922,3.471992166503613,9.290181286161554,3.3701812861615537
2026-09-02,2028-03,jaoh8_5740p,put,57.4,3.93,0.4158493749372105,0.0112957926776547,0.4160027614906964,0.00015338655348590136,7.103353926176114,7.107373744194858,0.004019818018743848,3.1733539261761137,3.1773737441948575,7.1122997896985565,3.1822997896985563
2026-09-02,2028-03,jaoh8_5900p,put,59.0,4.39,0.4158493749372105,0.0112957926776547,0.4160027614906964,0.00015338655348590136,7.7942715788793855,7.798424594922537,0.004153016043151325,3.404271578879386,3.408424594922537,7.803997137272398,3.413997137272398
2026-09-02,2028-03,jaoh8_6000p,put,60.0,4.69,0.4158493749372105,0.0112957926776547,0.4160027614906964,0.00015338655348590136,8.242114303395873,8.24634492533384,0.004230621937967527,3.5521143033958724,3.55634492533384,8.252074628200978,3.5620746282009774
2026-09-02,2028-03,jaoh8_6151c,call,61.51,12.85,0.4158493749372105,0.0112957926776547,0.4160027614906964,0.00015338655348590136,16.604495455864225,16.60883497038522,0.004339514520996346,3.754495455864225,3.7588349703852213,16.60488532157742,3.754885321577421
2026-09-02,2028-03,jaoh8_6165p,put,61.65,5.22,0.4158493749372105,0.0112957926776547,0.4160027614906964,0.00015338655348590136,9.007424770988969,9.01177387522851,0.004349104239540935,3.7874247709889692,3.79177387522851,9.017373928668484,3.797373928668484
2026-09-02,2028-03,jaoh8_6200c,call,62.0,12.56,0.4158493749372105,0.0112957926776547,0.4160027614906964,0.00015338655348590136,16.379255225551937,16.383627928356347,0.004372702804410267,3.8192552255519363,3.8236279283563466,16.37953320882057,3.819533208820568
2026-09-02,2028-03,jaoh8_6200p,put,62.0,5.34,0.4158493749372105,0.0112957926776547,0.4160027614906964,0.00015338655348590136,9.173917837548316,9.178290540352727,0.004372702804410267,3.8339178375483165,3.8382905403527268,9.18378121184286,3.84378121184286
2026-09-02,2028-03,jaoh8_6250p,put,62.5,5.51,0.4158493749372105,0.0112957926776547,0.4160027614906964,0.00015338655348590136,9.414252577823898,9.418658062544665,0.00440548472076685,3.9042525778238986,3.9086580625446654,9.423957423870917,3.913957423870917
2026-09-02,2028-03,jaoh8_6420c,call,64.2,11.28,0.4158493749372105,0.0112957926776547,0.4160027614906964,0.00015338655348590136,15.402299267145999,15.406808055542115,0.004508788396115904,4.1222992671459995,4.126808055542115,15.401480514077065,4.121480514077065
2026-09-02,2028-03,jaoh8_6500c,call,65.0,10.83,0.4158493749372105,0.0112957926776547,0.4160027614906964,0.00015338655348590136,15.060678055680835,15.065231127096116,0.004553071415280385,4.230678055680835,4.235231127096116,15.059403812999548,4.229403812999548
2026-09-02,2028-03,jaoh8_6500p,put,65.0,6.42,0.4158493749372105,0.0112957926776547,0.4160027614906964,0.00015338655348590136,10.658973892581349,10.66352696399663,0.004553071415280385,4.238973892581349,4.243526963996629,10.667285040925975,4.247285040925975
2026-09-02,2028-03,jaoh8_6600c,call,66.0,10.29,0.4158493749372105,0.0112957926776547,0.4160027614906964,0.00015338655348590136,14.643627919441759,14.648232491020822,0.004604571579063688,4.3536279194417595,4.358232491020823,14.641607632630691,4.351607632630692
2026-09-02,2028-03,jaoh8_6600p,put,66.0,6.81,0.4158493749372105,0.0112957926776547,0.4160027614906964,0.00015338655348590136,11.176468164643651,11.181072736222713,0.004604571579061911,4.366468164643652,4.371072736222714,11.184033268858505,4.374033268858505
2026-09-02,2028-03,jaoh8_6750p,put,67.5,7.43,0.4158493749372105,0.0112957926776547,0.4160027614906964,0.00015338655348590136,11.973055672732027,11.977729578479519,0.004673905747491602,4.543055672732027,4.547729578479519,11.9791563407556,4.5491563407556
2026-09-02,2028-03,jaoh8_6775c,call,67.75,9.37,0.4158493749372105,0.0112957926776547,0.4160027614906964,0.00015338655348590136,13.939858060549978,13.944542610985321,0.004684550435342771,4.569858060549979,4.574542610985322,13.936112334991344,4.566112334991345
2026-09-02,2028-03,jaoh8_6875c,call,68.75,8.87,0.4158493749372105,0.0112957926776547,0.4160027614906964,0.00015338655348590136,13.552230848140681,13.556955414683337,0.00472456654265585,4.682230848140682,4.686955414683338,13.5474612576691,4.677461257669101
2026-09-02,2028-03,jaoh8_6890c,call,68.9,8.79,0.4158493749372105,0.0112957926776547,0.4160027614906964,0.00015338655348590136,13.49497999879707,13.499710217156425,0.004730218359354055,4.7049799987970715,4.709710217156426,13.490096414516724,4.700096414516725
2026-09-02,2028-03,jaoh8_7000c,call,70.0,8.26,0.4158493749372105,0.0112957926776547,0.4160027614906964,0.00015338655348590136,13.082148635131404,13.086917546717748,0.004768911586344515,4.822148635131404,4.826917546717748,13.076662612512772,4.816662612512772
2026-09-02,2028-03,jaoh8_7000p,put,70.0,8.53,0.4158493749372105,0.0112957926776547,0.4160027614906964,0.00015338655348590136,13.35316651353881,13.357935425125154,0.004768911586344515,4.82316651353881,4.827935425125155,13.357265881946091,4.827265881946092
2026-09-02,2028-03,jaoh8_7110c,call,71.1,7.75,0.4158493749372105,0.0112957926776547,0.4160027614906964,0.00015338655348590136,12.681446005238591,12.686248844674036,0.00480283943544535,4.931446005238591,4.9362488446740365,12.675337119240316,4.925337119240316
2026-09-02,2028-03,jaoh8_7275c,call,72.75,7.02,0.4158493749372105,0.0112957926776547,0.4160027614906964,0.00015338655348590136,12.102502033525358,12.10734709311664,0.004845059591282563,5.082502033525358,5.087347093116641,12.095523258425782,5.075523258425783
2026-09-02,2028-03,jaoh8_7340c,call,73.4,6.75,0.4158493749372105,0.0112957926776547,0.4160027614906964,0.00015338655348590136,11.881534714005294,11.886393629819286,0.004858915813992226,5.131534714005294,5.1363936298192865,11.874323494760333,5.124323494760333
2026-09-02,2028-03,jaoh8_7450c,call,74.5,6.32,0.4158493749372105,0.0112957926776547,0.4160027614906964,0.00015338655348590136,11.516499408104798,11.521378307781747,0.004878899676949544,5.196499408104797,5.201378307781747,11.508671038786629,5.188671038786628
2026-09-02,2028-03,jaoh8_7450p,put,74.5,10.8,0.4158493749372105,0.0112957926776547,0.4160027614906964,0.00015338655348590136,15.992967123868407,15.997846023545357,0.004878899676949544,5.1929671238684065,5.197846023545356,15.994724145576148,5.194724145576148
2026-09-02,2028-03,jaoh8_7475c,call,74.75,6.22,0.4158493749372105,0.0112957926776547,0.4160027614906964,0.00015338655348590136,11.435074801638489,11.439957647185834,0.0048828455473444166,5.215074801638489,5.219957647185834,11.427029855545891,5.207029855545891
2026-09-02,2028-03,jaoh8_7500c,call,75.0,6.13,0.4158493749372105,0.0112957926776547,0.4160027614906964,0.00015338655348590136,11.354212707475295,11.359099281674563,0.004886574199268523,5.224212707475295,5.229099281674563,11.345940461424185,5.215940461424185
2026-09-02,2028-03,jaoh8_7550c,call,75.5,5.95,0.4158493749372105,0.0112957926776547,0.4160027614906964,0.00015338655348590136,11.194162792793541,11.19905617926883,0.004893386475288253,5.244162792793541,5.2490561792688295,11.1854493101466,5.2354493101466
2026-09-02,2028-03,jaoh8_7670c,call,76.7,5.54,0.4158493749372105,0.0112957926776547,0.4160027614906964,0.00015338655348590136,10.819011039112631,10.823917337175988,0.004906298063357184,5.279011039112631,5.283917337175988,10.809367456230197,5.269367456230197
2026-09-02,2028-03,jaoh8_7700c,call,77.0,5.44,0.4158493749372105,0.0112957926776547,0.4160027614906964,0.00015338655348590136,10.727169839860998,10.732078623703455,0.004908783842456188,5.287169839860998,5.292078623703454,10.717306960358554,5.277306960358554
2026-09-02,2028-03,jaoh8_7775c,call,77.75,5.21,0.4158493749372105,0.0112957926776547,0.4160027614906964,0.00015338655348590136,10.500912049320014,10.505825781183402,0.004913731863387838,5.290912049320014,5.295825781183402,10.490658485413135,5.280658485413135
2026-09-02,2028-09,jaou8_5000p,put,50.0,2.93,0.4158493749372105,0.0112957926776547,0.4160027614906964,0.00015338655348590136,5.824566407375414,5.828433614564997,0.0038672071895824445,2.894566407375414,2.8984336145649965,5.843915100002312,2.913915100002312
2026-09-02,2028-09,jaou8_5500p,put,55.0,4.06,0.4158493749372105,0.0112957926776547,0.4160027614906964,0.00015338655348590136,7.829592317561334,7.833953096442647,0.004360778881313365,3.769592317561334,3.7739530964426473,7.852126791031566,3.792126791031566
2026-09-02,2028-09,jaou8_5700p,put,57.0,4.59,0.4158493749372105,0.0112957926776547,0.4160027614906964,0.00015338655348590136,8.710885593170639,8.715416799004222,0.0045312058335831296,4.120885593170639,4.125416799004222,8.733862747274934,4.143862747274934
2026-09-02,2028-09,jaou8_5740p,put,57.4,4.7,0.4158493749372105,0.0112957926776547,0.4160027614906964,0.00015338655348590136,8.892372118061463,8.89693551729513,0.004563399233667553,4.192372118061463,4.19693551729513,8.91535635432659,4.21535635432659
2026-09-02,2028-09,jaou8_6151c,call,61.51,12.28,0.4158493749372105,0.0112957926776547,0.4160027614906964,0.00015338655348590136,17.189412853705864,17.194270561301213,0.00485770759534887,4.909412853705865,4.914270561301214,17.325588613046506,5.045588613046506
2026-09-02,2028-09,jaou8_6165p,put,61.65,5.96,0.4158493749372105,0.0112957926776547,0.4160027614906964,0.00015338655348590136,10.924193367932087,10.929059938878659,0.004866570946571613,4.964193367932087,4.969059938878659,10.94502530732408,4.98502530732408
2026-09-02,2028-09,jaou8_6200p,put,62.0,6.07,0.4158493749372105,0.0112957926776547,0.4160027614906964,0.00015338655348590136,11.099698193679586,11.104586592272472,0.004888398592886034,5.029698193679586,5.034586592272472,11.12018108764007,5.05018108764007
2026-09-02,2028-09,jaou8_6250p,put,62.5,6.23,0.4158493749372105,0.0112957926776547,0.4160027614906964,0.00015338655348590136,11.352508768358913,11.35742753263872,0.004918764279807419,5.122508768358912,5.12742753263872,11.37248334660192,5.142483346601919
2026-09-02,2028-09,jaou8_6500c,call,65.0,10.25,0.4158493749372105,0.0112957926776547,0.4160027614906964,0.00015338655348590136,15.801907757429959,15.806964138979959,0.005056381550000211,5.551907757429959,5.556964138979959,15.934732616975507,5.684732616975508
2026-09-02,2028-09,jaou8_6500p,put,65.0,7.09,0.4158493749372105,0.0112957926776547,0.4160027614906964,0.00015338655348590136,12.652623489867626,12.657679871417628,0.005056381550001987,5.562623489867626,5.567679871417628,12.670240694562809,5.580240694562809
2026-09-02,2028-09,jaou8_6570c,call,65.7,9.86,0.4158493749372105,0.0112957926776547,0.4160027614906964,0.00015338655348590136,15.53745819943134,15.542548944452891,0.005090745021551157,5.6774581994313404,5.682548944452892,15.670074096404822,5.810074096404822
2026-09-02,2028-09,jaou8_6600c,call,66.0,9.7,0.4158493749372105,0.0112957926776547,0.4160027614906964,0.00015338655348590136,15.42549565951567,15.430600583851527,0.005104924335856964,5.725495659515671,5.730600583851528,15.558063121364809,5.858063121364809
2026-09-02,2028-09,jaou8_6650c,call,66.5,9.43,0.4158493749372105,0.0112957926776547,0.4160027614906964,0.00015338655348590136,15.240702869445888,15.245830701973158,0.005127832527270115,5.810702869445889,5.815830701973159,15.373230722769886,5.943230722769886
2026-09-02,2028-09,jaou8_6750p,put,67.5,8.04,0.4158493749372105,0.0112957926776547,0.4160027614906964,0.00015338655348590136,14.010629864723333,14.015800829231738,0.0051709645084052624,5.970629864723334,5.975800829231739,14.02801948262342,5.988019482623422
2026-09-02,2028-09,jaou8_6775c,call,67.75,8.78,0.4158493749372105,0.0112957926776547,0.4160027614906964,0.00015338655348590136,14.788484249331914,14.793665443976867,0.0051811946449529245,6.008484249331914,6.013665443976867,14.921080231887329,6.141080231887329
2026-09-02,2028-09,jaou8_7000c,call,70.0,7.7,0.4158493749372105,0.0112957926776547,0.4160027614906964,0.00015338655348590136,14.00864205746919,14.013905614082626,0.005263556613435583,6.30864205746919,6.313905614082626,14.141499843281103,6.441499843281103
2026-09-02,2028-09,jaou8_7000p,put,70.0,9.12,0.4158493749372105,0.0112957926776547,0.4160027614906964,0.00015338655348590136,15.423537887823315,15.42880144443675,0.005263556613435583,6.303537887823316,6.308801444436751,15.441188018784858,6.321188018784859
2026-09-02,2028-09,jaou8_7110c,call,71.1,7.22,0.4158493749372105,0.0112957926776547,0.4160027614906964,0.00015338655348590136,13.642835894978823,13.648133528011646,0.005297633032823157,6.422835894978824,6.428133528011647,13.775697762519382,6.555697762519382
2026-09-02,2028-09,jaou8_7275c,call,72.75,6.55,0.4158493749372105,0.0112957926776547,0.4160027614906964,0.00015338655348590136,13.112451822174448,13.117793253978457,0.005341431804009034,6.562451822174448,6.567793253978457,13.244919948757907,6.694919948757907
2026-09-02,2028-09,jaou8_7340c,call,73.4,6.3,0.4158493749372105,0.0112957926776547,0.4160027614906964,0.00015338655348590136,12.909396272510575,12.914752618835491,0.005356346324916217,6.609396272510575,6.6147526188354915,13.041494561997052,6.741494561997052
2026-09-02,2028-09,jaou8_7450c,call,74.5,5.91,0.4158493749372105,0.0112957926776547,0.4160027614906964,0.00015338655348590136,12.573144179195198,12.578522846096797,0.005378666901599161,6.663144179195198,6.668522846096797,12.704725042555674,6.794725042555674
2026-09-02,2028-09,jaou8_7450p,put,74.5,11.45,0.4158493749372105,0.0112957926776547,0.4160027614906964,0.00015338655348590136,18.095802097674135,18.101180764575734,0.005378666901599161,6.645802097674135,6.651180764575734,18.11217530618424,6.662175306184242
2026-09-02,2028-09,jaou8_7500c,call,75.0,5.74,0.4158493749372105,0.0112957926776547,0.4160027614906964,0.00015338655348590136,12.423316432443354,12.428704057736951,0.005387625293597154,6.683316432443354,6.688704057736951,12.554700750450078,6.814700750450077
2026-09-02,2028-09,jaou8_7560c,call,75.6,5.54,0.4158493749372105,0.0112957926776547,0.4160027614906964,0.00015338655348590136,12.245967425376868,12.251364842252691,0.005397416875823069,6.705967425376868,6.711364842252691,12.377173204244505,6.837173204244505
2026-09-02,2028-09,jaou8_7670c,call,76.7,5.21,0.4158493749372105,0.0112957926776547,0.4160027614906964,0.00015338655348590136,11.927634556710002,11.933047269086657,0.005412712376655193,6.717634556710002,6.723047269086657,12.058510174455314,6.848510174455314
2026-09-02,2028-09,jaou8_7925c,call,79.25,4.52,0.4158493749372105,0.0112957926776547,0.4160027614906964,0.00015338655348590136,11.222443289428217,11.227878819985044,0.005435530556827217,6.702443289428217,6.707878819985044,11.352151596607316,6.832151596607316
2026-09-02,2028-09,jaou8_8000c,call,80.0,4.33,0.4158493749372105,0.0112957926776547,0.4160027614906964,0.00015338655348590136,11.02344466073722,11.028883700751855,0.005439040014636021,6.693444660737219,6.698883700751855,11.15250852225001,6.8225085222500095
2026-09-03,2026-09,jaou6_10000c,call,100.0,0.23,0.415442454433504,0.0114094380811017,0.41559909555130237,0.00015664111779833956,0.10577245485422689,0.1059764713679553,0.00020401651372840834,-0.12422754514577312,-0.12402352863204472,0.1097033756801625,-0.1202966243198375
2026-09-03,2026-09,jaou6_10205c,call,102.05,0.14,0.415442454433504,0.0114094380811017,0.41559909555130237,0.00015664111779833956,0.0457783372774499,0.04588996689487826,0.00011162961742836042,-0.09422166272255011,-0.09411003310512175,0.0480230576636965,-0.0919769423363035
2026-09-03,2026-09,jaou6_10240c,call,102.4,0.13,0.415442454433504,0.0114094380811017,0.41559909555130237,0.00015664111779833956,0.03941801033266761,0.03951779533766339,9.978500499577964e-05,-0.09058198966733239,-0.09048220466233661,0.0413974882400217,-0.0886025117599783
2026-09-03,2026-09,jaou6_10300c,call,103.0,0.11,0.415442454433504,0.0114094380811017,0.41559909555130237,0.00015664111779833956,0.03036854199004157,0.030450378949519945,8.183695947837702e-05,-0.07963145800995844,-0.07954962105048005,0.0319585928308218,-0.0780414071691782
2026-09-03,2026-09,jaou6_10500c,call,105.0,0.06,0.415442454433504,0.0114094380811017,0.41559909555130237,0.00015664111779833956,0.012244068235119348,0.01228415982476411,4.0091589644762615e-05,-0.047755931764880646,-0.04771584017523589,0.0132875331380864,-0.0467124668619136
2026-09-03,2026-09,jaou6_10520c,call,105.2,0.06,0.415442454433504,0.0114094380811017,0.41559909555130237,0.00015664111779833956,0.011144942596624609,0.011182113462036857,3.717086541224837e-05,-0.04885505740337539,-0.04881788653796314,0.0121569002300008,-0.0478430997699991
2026-09-03,2026-09,jaou6_10825c,call,108.25,0.03,0.415442454433504,0.0114094380811017,0.41559909555130237,0.00015664111779833956,0.0024781828891968813,0.0024889017601231996,1.0718870926318316e-05,-0.027521817110803117,-0.0275110982398768,0.0028494884952004,-0.0271505115047996
2026-09-03,2026-09,jaou6_11000c,call,110.0,0.02,0.415442454433504,0.0114094380811017,0.41559909555130237,0.00015664111779833956,0.0009891526347416228,0.0009940423592241854,4.889724482562592e-06,-0.019010847365258376,-0.019005957640775815,0.0012551951454536,-0.0187448048545464
2026-09-03,2026-09,jaou6_7750p,put,77.5,0.02,0.415442454433504,0.0114094380811017,0.41559909555130237,0.00015664111779833956,0.005502904272278286,0.005523026921483876,2.0122649205589482e-05,-0.014497095727721714,-0.014476973078516125,0.0061556457666626,-0.0138443542333374
2026-09-03,2026-09,jaou6_7800p,put,78.0,0.03,0.415442454433504,0.0114094380811017,0.41559909555130237,0.00015664111779833956,0.007994146073354358,0.00802147815426224,2.7332080907882528e-05,-0.02200585392664564,-0.02197852184573776,0.0087483597759194,-0.0212516402240805
2026-09-03,2026-09,jaou6_8000p,put,80.0,0.07,0.415442454433504,0.0114094380811017,0.41559909555130237,0.00015664111779833956,0.03090502911903137,0.03098472976505562,7.970064602424998e-05,-0.03909497088096864,-0.03901527023494439,0.0324797148503736,-0.0375202851496264
2026-09-03,2026-09,jaou6_8200p,put,82.0,0.16,0.415442454433504,0.0114094380811017,0.41559909555130237,0.00015664111779833956,0.09721264926835183,0.09739735755726997,0.00018470828891814506,-0.06278735073164818,-0.06260264244273003,0.100600665359216,-0.059399334640784
2026-09-03,2026-09,jaou6_8250p,put,82.5,0.19,0.415442454433504,0.0114094380811017,0.41559909555130237,0.00015664111779833956,0.12573322231072037,0.12595365111718415,0.00022042880646377938,-0.06426677768927963,-0.06404634888281585,0.1295473062158543,-0.0604526937841456
2026-09-03,2026-09,jaou6_9100c,call,91.0,1.98,0.415442454433504,0.0114094380811017,0.41559909555130237,0.00015664111779833956,1.8191374277251027,1.819933799804037,0.0007963720789343487,-0.1608625722748973,-0.16006620019596296,1.8238976849715696,-0.1561023150284304
2026-09-03,2026-09,jaou6_9150c,call,91.5,1.78,0.415442454433504,0.0114094380811017,0.41559909555130237,0.00015664111779833956,1.610949931993123,1.6117368706159971,0.0007869386228740449,-0.16905006800687694,-0.1682631293840029,1.6156817080092214,-0.1643182919907786
2026-09-03,2026-09,jaou6_9196c,call,91.96,1.61,0.415442454433504,0.0114094380811017,0.41559909555130237,0.00015664111779833956,1.435113989344125,1.4358865992779226,0.0007726099337976855,-0.17488601065587517,-0.17411340072207748,1.4399954843994751,-0.1700045156005249
2026-09-03,2026-09,jaou6_9200c,call,92.0,1.6,0.415442454433504,0.0114094380811017,0.41559909555130237,0.00015664111779833956,1.4205194449953003,1.4212905662109014,0.0007711212156011893,-0.17948055500469984,-0.17870943378909865,1.425436596042026,-0.1745634039579739
2026-09-03,2026-09,jaou6_9225c,call,92.25,1.51,0.415442454433504,0.0114094380811017,0.41559909555130237,0.00015664111779833956,1.3317775807335488,1.3325385591182723,0.0007609783847235541,-0.17822241926645122,-0.17746144088172766,1.336962910548873,-0.173037089451127
2026-09-03,2026-09,jaou6_9250c,call,92.5,1.43,0.415442454433504,0.0114094380811017,0.41559909555130237,0.00015664111779833956,1.2472375851189301,1.2479870320214508,0.0007494469025206563,-0.1827624148810698,-0.18201296797854916,1.252782759131991,-0.1772172408680088
2026-09-03,2026-09,jaou6_9435c,call,94.35,0.94,0.415442454433504,0.0114094380811017,0.41559909555130237,0.00015664111779833956,0.7423163739622617,0.7429461703531385,0.0006297963908767912,-0.19768362603773826,-0.19705382964686147,0.7491849163147333,-0.1908150836852666
2026-09-03,2026-09,jaou6_9500c,call,95.0,0.8,0.415442454433504,0.0114094380811017,0.41559909555130237,0.00015664111779833956,0.6099466430884856,0.6105247657270292,0.0005781226385436211,-0.19005335691151448,-0.18947523427297086,0.6163838960338637,-0.1836161039661363
2026-09-03,2026-09,jaou6_9800c,call,98.0,0.38,0.415442454433504,0.0114094380811017,0.41559909555130237,0.00015664111779833956,0.22423292565562142,0.22456723241420387,0.0003343067585824533,-0.1557670743443786,-0.15543276758579613,0.2296408942789504,-0.1503591057210496
2026-09-03,2026-10,jaov6_10000c,call,100.0,1.5,0.415442454433504,0.0114094380811017,0.41559909555130237,0.00015664111779833956,0.9304690382655738,0.9315372212924756,0.0010681830269018144,-0.5695309617344262,-0.5684627787075244,0.9140802896074116,-0.5859197103925884
2026-09-03,2026-10,jaov6_10205c,call,102.05,1.25,0.415442454433504,0.0114094380811017,0.41559909555130237,0.00015664111779833956,0.6944988474920822,0.6954084811291983,0.0009096336371160474,-0.5555011525079178,-0.5545915188708017,0.6811434134119555,-0.5688565865880445
2026-09-03,2026-10,jaov6_10240c,call,102.4,1.21,0.415442454433504,0.0114094380811017,0.41559909555130237,0.00015664111779833956,0.6599556779446992,0.6608389889314652,0.0008833109867659727,-0.5500443220553007,-0.5491610110685348,0.647037323236963,-0.562962676763037
2026-09-03,2026-10,jaov6_10300c,call,103.0,1.14,0.415442454433504,0.0114094380811017,0.41559909555130237,0.00015664111779833956,0.6042539039354565,0.6050927839120924,0.0008388799766358979,-0.5357460960645434,-0.5349072160879075,0.5921617380190578,-0.5478382619809421
2026-09-03,2026-10,jaov6_10500c,call,105.0,0.95,0.415442454433504,0.0114094380811017,0.41559909555130237,0.00015664111779833956,0.44747793298962607,0.44817633698338716,0.0006984039937610875,-0.5025220670103738,-0.5018236630166129,0.4386493020874917,-0.5113506979125082
2026-09-03,2026-10,jaov6_10800c,call,108.0,0.73,0.415442454433504,0.0114094380811017,0.41559909555130237,0.00015664111779833956,0.28010481176406216,0.28061936704370055,0.0005145552796383956,-0.4498951882359378,-0.44938063295629943,0.2741829995457112,-0.4558170004542888
2026-09-03,2026-10,jaov6_11500c,call,115.0,0.41,0.415442454433504,0.0114094380811017,0.41559909555130237,0.00015664111779833956,0.086933961415535,0.08715627333226426,0.00022231191672926476,-0.323066038584465,-0.3228437266677357,0.0857738078184963,-0.3242261921815036
2026-09-03,2026-10,jaov6_12100c,call,121.0,0.26,0.415442454433504,0.0114094380811017,0.41559909555130237,0.00015664111779833956,0.029552843813533937,0.029648879987276458,9.60361737425211e-05,-0.23044715618646608,-0.23035112001272356,0.0296953925684123,-0.2303046074315877
2026-09-03,2026-10,jaov6_12500c,call,125.0,0.19,0.415442454433504,0.0114094380811017,0.41559909555130237,0.00015664111779833956,0.013912570477362735,0.013964672027708801,5.210155034606617e-05,-0.17608742952263726,-0.1760353279722912,0.0144684522878934,-0.1755315477121066
2026-09-03,2026-10,jaov6_16000c,call,160.0,0.03,0.415442454433504,0.0114094380811017,0.41559909555130237,0.00015664111779833956,8.516425828348792e-06,8.59210220924316e-06,7.567638089436795e-08,-0.02999148357417165,-0.029991407897790756,3.830880974309528e-05,-0.0299616911902569
2026-09-03,2026-10,jaov6_7200p,put,72.0,0.47,0.415442454433504,0.0114094380811017,0.41559909555130237,0.00015664111779833956,0.3799428485379366,0.3805298940130992,0.0005870454751626397,-0.09005715146206339,-0.08947010598690075,0.3728073327846368,-0.0971926672153631
2026-09-03,2026-10,jaov6_7400p,put,74.0,0.68,0.415442454433504,0.0114094380811017,0.41559909555130237,0.00015664111779833956,0.5966548806543663,0.5974327228441982,0.000777842189831901,-0.08334511934563371,-0.08256727715580181,0.5867773488243896,-0.0932226511756104
2026-09-03,2026-10,jaov6_7450p,put,74.5,0.74,0.415442454433504,0.0114094380811017,0.41559909555130237,0.00015664111779833956,0.6634014774914192,0.6642296420839635,0.0008281645925443115,-0.07659852250858079,-0.07577035791603648,0.652740331017499,-0.087259668982501
2026-09-03,2026-10,jaov6_7500p,put,75.0,0.82,0.415442454433504,0.0114094380811017,0.41559909555130237,0.00015664111779833956,0.7357097072941805,0.7365888539549879,0.0008791466608073506,-0.08429029270581945,-0.0834111460450121,0.7243352507695686,-0.0956647492304313
2026-09-03,2026-10,jaov6_7600p,put,76.0,0.98,0.415442454433504,0.0114094380811017,0.41559909555130237,0.00015664111779833956,0.898057421123287,0.8990396373611365,0.0009822162378494426,-0.08194257887671297,-0.08096036263886353,0.8850869145935597,-0.0949130854064402
2026-09-03,2026-10,jaov6_7800p,put,78.0,1.39,0.415442454433504,0.0114094380811017,0.41559909555130237,0.00015664111779833956,1.3006679977538163,1.3018542516807834,0.0011862539269671402,-0.08933200224618365,-0.08814574831921651,1.2846571077101303,-0.1053428922898696
2026-09-03,2026-10,jaov6_8000p,put,80.0,1.93,0.415442454433504,0.0114094380811017,0.41559909555130237,0.00015664111779833956,1.819160376097492,1.8205351128625251,0.001374736765033191,-0.11083962390250801,-0.10946488713747482,1.800259620621265,-0.1297403793787348
2026-09-03,2026-10,jaov6_8200p,put,82.0,2.62,0.415442454433504,0.0114094380811017,0.41559909555130237,0.00015664111779833956,2.465176550544988,2.4667098337212696,0.0015332831762817634,-0.15482344945501225,-0.1532901662787305,2.442631810407337,-0.1773681895926633
2026-09-03,2026-10,jaov6_9000p,put,90.0,6.83,0.415442454433504,0.0114094380811017,0.41559909555130237,0.00015664111779833956,6.414254498426299,6.415956357468293,0.001701859041993714,-0.41574550157370105,-0.41404364253170733,6.391262070875106,-0.438737929124894
2026-09-03,2026-10,jaov6_9200c,call,92.0,3.09,0.415442454433504,0.0114094380811017,0.41559909555130237,0.00015664111779833956,2.6119075718172775,2.613532791950867,0.0016252201335893446,-0.47809242818272235,-0.476467208049133,2.5833632266327493,-0.5066367733672505
2026-09-03,2026-10,jaov6_9225c,call,92.25,3.02,0.415442454433504,0.0114094380811017,0.41559909555130237,0.00015664111779833956,2.5359911851237595,2.5376041661678563,0.001612981044096795,-0.4840088148762405,-0.4823958338321437,2.5078717897346485,-0.5121282102653515
2026-09-03,2026-10,jaov6_9348c,call,93.48,2.7,0.415442454433504,0.0114094380811017,0.41559909555130237,0.00015664111779833956,2.187594005270408,2.1891394206629045,0.0015454153924965297,-0.5124059947295923,-0.5108605793370957,2.1612177790109524,-0.5387822209890478
2026-09-03,2026-10,jaov6_9353c,call,93.53,2.69,0.415442454433504,0.0114094380811017,0.41559909555130237,0.00015664111779833956,2.1742893303732744,2.1758317613243903,0.0015424309511158363,-0.5157106696267255,-0.5141682386756097,2.1479793261609053,-0.5420206738390947
2026-09-03,2026-10,jaov6_9435c,call,94.35,2.49,0.415442454433504,0.0114094380811017,0.41559909555130237,0.00015664111779833956,1.9652620523501436,1.9667532067318707,0.001491154381727089,-0.5247379476498566,-0.5232467932681295,1.940174334001345,-0.5498256659986551
2026-09-03,2026-10,jaov6_9700c,call,97.0,1.96,0.415442454433504,0.0114094380811017,0.41559909555130237,0.00015664111779833956,1.3992065117637411,1.4005088374493047,0.0013023256855635434,-0.5607934882362589,-0.5594911625506953,1.3780418828781555,-0.5819581171218444
2026-09-03,2026-10,jaov6_9800c,call,98.0,1.79,0.415442454433504,0.0114094380811017,0.41559909555130237,0.00015664111779833956,1.2246117481910417,1.225837039247031,0.0012252910559893415,-0.5653882518089584,-0.564162960752969,1.2052103203074311,-0.5847896796925689
2026-09-03,2026-10,jaov6_9911c,call,99.11,1.62,0.415442454433504,0.0114094380811017,0.41559909555130237,0.00015664111779833956,1.052842884820024,1.053981120690902,0.0011382358708780238,-0.5671571151799761,-0.5660188793090981,1.035162688284394,-0.584837311715606
2026-09-03,2026-10,jaov6_9955c,call,99.55,1.56,0.415442454433504,0.0114094380811017,0.41559909555130237,0.00015664111779833956,0.9907142964031296,0.9918178777502631,0.0011035813471335087,-0.5692857035968705,-0.568182122249737,0.9736383970781696,-0.5863616029218305
2026-09-03,2026-11,jaox6_10000c,call,100.0,2.11,0.415442454433504,0.0114094380811017,0.41559909555130237,0.00015664111779833956,1.429511215016431,1.4310352177836307,0.0015240027671996614,-0.6804887849835688,-0.6789647822163691,1.4577834256736326,-0.6522165743263673
2026-09-03,2026-11,jaox6_10205c,call,102.05,1.85,0.415442454433504,0.0114094380811017,0.41559909555130237,0.00015664111779833956,1.1619948576810266,1.163365770227017,0.0013709125459904214,-0.6880051423189735,-0.686634229772983,1.190499170715383,-0.6595008292846172
2026-09-03,2026-11,jaox6_10240c,call,102.4,1.8,0.415442454433504,0.0114094380811017,0.41559909555130237,0.00015664111779833956,1.1210517095554355,1.1223966641596776,0.00134495460424211,-0.6789482904445645,-0.6776033358403224,1.1495292907773842,-0.6504707092226159
2026-09-03,2026-11,jaox6_10500c,call,105.0,1.53,0.415442454433504,0.0114094380811017,0.41559909555130237,0.00015664111779833956,0.855067759915544,0.8562241763158269,0.0011564164002829669,-0.6749322400844561,-0.6737758236841731,0.8833354362904388,-0.6466645637095613
2026-09-03,2026-11,jaox6_10800c,call,108.0,1.27,0.415442454433504,0.0114094380811017,0.41559909555130237,0.00015664111779833956,0.6198681595678315,0.6208217369682972,0.0009535774004657549,-0.6501318404321685,-0.6491782630317028,0.6459264324320952,-0.6240735675679048
2026-09-03,2026-11,jaox6_7200p,put,72.0,1.5,0.415442454433504,0.0114094380811017,0.41559909555130237,0.00015664111779833956,1.4997914883190564,1.5012276444527686,0.0014361561337121742,-0.00020851168094360162,0.0012276444527685726,1.5136953170806786,0.0136953170806786
2026-09-03,2026-11,jaox6_7400p,put,74.0,1.98,0.415442454433504,0.0114094380811017,0.41559909555130237,0.00015664111779833956,1.9859769450994023,1.987617034928288,0.001640089828885749,0.0059769450994022755,0.0076170349282880245,2.0008063394574345,0.0208063394574344
2026-09-03,2026-11,jaox6_7450p,put,74.5,2.12,0.415442454433504,0.0114094380811017,0.41559909555130237,0.00015664111779833956,2.1226508404011533,2.124339305422332,0.0016884650211785868,0.002650840401153154,0.004339305422331741,2.137514302961913,0.0175143029619126
2026-09-03,2026-11,jaox6_7500p,put,75.0,2.26,0.415442454433504,0.0114094380811017,0.41559909555130237,0.00015664111779833956,2.2655803376458223,2.267315848202534,0.001735510556711617,0.005580337645822553,0.00731584820253417,2.2803218385917856,0.0203218385917858
2026-09-03,2026-11,jaox6_7600p,put,76.0,2.57,0.415442454433504,0.0114094380811017,0.41559909555130237,0.00015664111779833956,2.57055222170058,2.5723773040048057,0.0018250823042258446,0.0005522217005800023,0.002377304004805847,2.5850476952446853,0.0150476952446854
2026-09-03,2026-11,jaox6_7800p,put,78.0,3.27,0.415442454433504,0.0114094380811017,0.41559909555130237,0.00015664111779833956,3.258904267627373,3.2608870848642537,0.001982817236880763,-0.011095732372627065,-0.009112915135746302,3.2736845758097752,0.0036845758097752
2026-09-03,2026-11,jaox6_8000p,put,80.0,4.11,0.415442454433504,0.0114094380811017,0.41559909555130237,0.00015664111779833956,4.054278072666145,4.0563848986759785,0.0021068260098333624,-0.05572192733385517,-0.05361510132402181,4.069453119747512,-0.0405468802524886
2026-09-03,2026-11,jaox6_8200p,put,82.0,5.06,0.415442454433504,0.0114094380811017,0.41559909555130237,0.00015664111779833956,4.957742596806362,4.959935467311144,0.0021928705047820074,-0.10225740319363741,-0.1000645326888554,4.972903070549263,-0.0870969294507366
2026-09-03,2026-11,jaox6_8950c,call,89.5,4.25,0.415442454433504,0.0114094380811017,0.41559909555130237,0.00015664111779833956,3.794734188789424,3.796904736848318,0.0021705480588938286,-0.45526581121057585,-0.453095263151682,3.822926685847592,-0.4270733141524081
2026-09-03,2026-11,jaox6_9000c,call,90.0,4.11,0.415442454433504,0.0114094380811017,0.41559909555130237,0.00015664111779833956,3.6349478880105757,3.637099677113107,0.002151789102531332,-0.47505211198942465,-0.4729003228868933,3.66332428509183,-0.4466757149081704
2026-09-03,2026-11,jaox6_9000p,put,90.0,9.97,0.415442454433504,0.0114094380811017,0.41559909555130237,0.00015664111779833956,9.605835661857489,9.607987450960021,0.00215178910253222,-0.3641643381425119,-0.3620125490399797,9.620222541752456,-0.3497774582475443
2026-09-03,2026-11,jaox6_9025c,call,90.25,4.04,0.415442454433504,0.0114094380811017,0.41559909555130237,0.00015664111779833956,3.5571073629037495,3.5592491047462476,0.002141741842498046,-0.4828926370962505,-0.4807508952537525,3.5855075639202787,-0.4544924360797213
2026-09-03,2026-11,jaox6_9100c,call,91.0,3.84,0.415442454433504,0.0114094380811017,0.41559909555130237,0.00015664111779833956,3.3316289841722124,3.333738041664654,0.0021090574924413907,-0.5083710158277874,-0.506261958335346,3.36017634462091,-0.4798236553790898
2026-09-03,2026-11,jaox6_9196c,call,91.96,3.59,0.415442454433504,0.0114094380811017,0.41559909555130237,0.00015664111779833956,3.06013247178038,3.0621945060894395,0.0020620343090596016,-0.5298675282196199,-0.5278054939105603,3.08892279285549,-0.50107720714451
2026-09-03,2026-11,jaox6_9200c,call,92.0,3.58,0.415442454433504,0.0114094380811017,0.41559909555130237,0.00015664111779833956,3.0492263675464186,3.0512863245265507,0.0020599569801320605,-0.5307736324535814,-0.5287136754734494,3.07801878973755,-0.5019812102624499
2026-09-03,2026-11,jaox6_9225c,call,92.25,3.52,0.415442454433504,0.0114094380811017,0.41559909555130237,0.00015664111779833956,2.9817853858483727,2.983832156561114,0.002046770712741175,-0.5382146141516273,-0.5361678434388861,3.010556934173464,-0.5094430658265359
2026-09-03,2026-11,jaox6_9348c,call,93.48,3.24,0.415442454433504,0.0114094380811017,0.41559909555130237,0.00015664111779833956,2.6676714236866066,2.6696485595244948,0.0019771358378881665,-0.5723285763133936,-0.5703514404755055,2.6957888824166973,-0.5442111175833029
2026-09-03,2026-11,jaox6_9353c,call,93.53,3.23,0.415442454433504,0.0114094380811017,0.41559909555130237,0.00015664111779833956,2.655509135030593,2.657483284865646,0.001974149835052952,-0.5744908649694072,-0.5725167151343542,2.683591763664867,-0.5464082363351328
2026-09-03,2026-11,jaox6_9435c,call,94.35,3.06,0.415442454433504,0.0114094380811017,0.41559909555130237,0.00015664111779833956,2.4625696543774858,2.4644932854626944,0.0019236310852086547,-0.5974303456225143,-0.5955067145373056,2.4901984021871586,-0.5698015978128415
2026-09-03,2026-11,jaox6_9700c,call,97.0,2.56,0.415442454433504,0.0114094380811017,0.41559909555130237,0.00015664111779833956,1.9179345076243304,1.9196787966732434,0.0017442890489129947,-0.6420654923756697,-0.6403212033267567,1.945529479016692,-0.6144705209833081
2026-09-03,2026-11,jaox6_9911c,call,99.11,2.23,0.415442454433504,0.0114094380811017,0.41559909555130237,0.00015664111779833956,1.5615877435000716,1.5631780693494672,0.0015903258493956685,-0.6684122564999284,-0.6668219306505327,1.5896785677008844,-0.6403214322991155
2026-09-03,2027-03,jaoh7_6800p,put,68.0,4.19,0.415442454433504,0.0114094380811017,0.41559909555130237,0.00015664111779833956,5.167553971468391,5.17047743542816,0.002923463959769279,0.9775539714683905,0.9804774354281598,5.176673502314166,0.986673502314166
2026-09-03,2027-03,jaoh7_6900p,put,69.0,4.56,0.415442454433504,0.0114094380811017,0.41559909555130237,0.00015664111779833956,5.588586948511653,5.591578881267617,0.0029919327559646547,1.028586948511653,1.0315788812676177,5.598273824304815,1.0382738243048155
2026-09-03,2027-03,jaoh7_7000p,put,70.0,4.95,0.415442454433504,0.0114094380811017,0.41559909555130237,0.00015664111779833956,6.028354759412436,6.031408578634294,0.0030538192218578786,1.078354759412436,1.081408578634294,6.0384840183155015,1.0884840183155011
2026-09-03,2027-03,jaoh7_7100p,put,71.0,5.36,0.415442454433504,0.0114094380811017,0.41559909555130237,0.00015664111779833956,6.486702435653297,6.489811427468692,0.0031089918153952567,1.1267024356532964,1.1298114274686917,6.497238993083374,1.1372389930833735
2026-09-03,2027-03,jaoh7_7150p,put,71.5,5.58,0.415442454433504,0.0114094380811017,0.41559909555130237,0.00015664111779833956,6.72278469497592,6.7259187284417665,0.0031340334658462865,1.1427846949759202,1.1459187284417665,6.733347794421071,1.1533477944210713
2026-09-03,2027-03,jaoh7_7250p,put,72.5,6.03,0.415442454433504,0.0114094380811017,0.41559909555130237,0.00015664111779833956,7.2086282223577935,7.211807223018411,0.0031790006606176036,1.1786282223577933,1.181807223018411,7.219093850692465,1.1890938506924646
2026-09-03,2027-03,jaoh7_7300p,put,73.0,6.27,0.415442454433504,0.0114094380811017,0.41559909555130237,0.00015664111779833956,7.4583280170873705,7.461526941421853,0.0031989243344821006,1.188328017087371,1.191526941421853,7.468838532844847,1.1988385328448476
2026-09-03,2027-03,jaoh7_7400p,put,74.0,6.75,0.415442454433504,0.0114094380811017,0.41559909555130237,0.00015664111779833956,7.971115245655698,7.974348913787779,0.0032336681320810357,1.2211152456556977,1.2243489137877788,7.981163931062612,1.2311639310626123
2026-09-03,2027-03,jaoh7_7450p,put,74.5,7.01,0.415442454433504,0.0114094380811017,0.41559909555130237,0.00015664111779833956,8.234129803032596,8.237378305764738,0.0032485027321413895,1.2241298030325964,1.2273783057647378,8.243951164945265,1.2339511649452657
2026-09-03,2027-03,jaoh7_7500p,put,75.0,7.27,0.415442454433504,0.0114094380811017,0.41559909555130237,0.00015664111779833956,8.501506893494962,8.504768553117337,0.0032616596223746797,1.231506893494963,1.2347685531173376,8.511125671269307,1.241125671269307
2026-09-03,2027-03,jaoh7_7900c,call,79.0,6.13,0.415442454433504,0.0114094380811017,0.41559909555130237,0.00015664111779833956,7.316688243109246,7.319996801220022,0.0033085581107759054,1.1866882431092458,1.1899968012200217,7.320008062805857,1.1900080628058571
2026-09-03,2027-03,jaoh7_8000c,call,80.0,5.78,0.415442454433504,0.0114094380811017,0.41559909555130237,0.00015664111779833956,6.952374783629994,6.95567968844429,0.00330490481429635,1.1723747836299934,1.1756796884442897,6.953910656796729,1.1739106567967283
2026-09-03,2027-03,jaoh7_8025c,call,80.25,5.7,0.415442454433504,0.0114094380811017,0.41559909555130237,0.00015664111779833956,6.863717998195685,6.867021088373737,0.0033030901780524147,1.1637179981956844,1.1670210883737369,6.864959191293478,1.1649591912934776
2026-09-03,2027-03,jaoh7_8045c,call,80.45,5.63,0.415442454433504,0.0114094380811017,0.41559909555130237,0.00015664111779833956,6.793480963081916,6.796782347371026,0.0033013842891094214,1.1634809630819163,1.1667823473710257,6.794484059421102,1.1644840594211017
2026-09-03,2027-03,jaoh7_8075c,call,80.75,5.53,0.415442454433504,0.0114094380811017,0.41559909555130237,0.00015664111779833956,6.689264869781594,6.692563276402234,0.003298406620640293,1.1592648697815937,1.162563276402234,6.689919874340654,1.1599198743406536
2026-09-03,2027-03,jaoh7_8100c,call,81.0,5.45,0.415442454433504,0.0114094380811017,0.41559909555130237,0.00015664111779833956,6.603455381573772,6.606750927340431,0.003295545766659025,1.1534553815737718,1.1567509273404308,6.603784125793436,1.153784125793436
2026-09-03,2027-03,jaoh7_8102c,call,81.02,5.45,0.415442454433504,0.0114094380811017,0.41559909555130237,0.00015664111779833956,6.596631141167179,6.599926443297873,0.0032953021306942887,1.1466311411671786,1.1499264432978729,6.596933039383041,1.1469330393830406
2026-09-03,2027-03,jaoh7_8150c,call,81.5,5.3,0.415442454433504,0.0114094380811017,0.41559909555130237,0.00015664111779833956,6.434637430155319,6.437926236689751,0.0032888065344325312,1.134637430155319,1.1379262366897516,6.434228509948886,1.134228509948886
2026-09-03,2027-03,jaoh7_8185c,call,81.85,5.19,0.415442454433504,0.0114094380811017,0.41559909555130237,0.00015664111779833956,6.318663705062209,6.321947001613327,0.003283296551117587,1.128663705062209,1.1319470016133266,6.317657358422948,1.1276573584229477
2026-09-03,2027-03,jaoh7_8342c,call,83.42,4.74,0.415442454433504,0.0114094380811017,0.41559909555130237,0.00015664111779833956,5.82019327917314,5.823444167487939,0.0032508883147990275,1.0801932791731401,1.0834441674879391,5.816966937063825,1.0769669370638244
2026-09-03,2027-03,jaoh7_8500c,call,85.0,4.34,0.415442454433504,0.0114094380811017,0.41559909555130237,0.00015664111779833956,5.353197775958534,5.3564041858092555,0.0032064098507218475,1.0131977759585338,1.0164041858092556,5.348522496167223,1.008522496167223
2026-09-03,2027-03,jaoh7_8525c,call,85.25,4.28,0.415442454433504,0.0114094380811017,0.41559909555130237,0.00015664111779833956,5.282377088321925,5.28557544639428,0.003198358072355134,1.002377088321925,1.00557544639428,5.277457658975104,0.9974576589751036
2026-09-03,2027-03,jaoh7_8575c,call,85.75,4.16,0.415442454433504,0.0114094380811017,0.41559909555130237,0.00015664111779833956,5.143188564827753,5.146370031878564,0.0031814670508110154,0.9831885648277527,0.9863700318785638,5.137827755717848,0.977827755717848
2026-09-03,2027-03,jaoh7_8675c,call,86.75,3.93,0.415442454433504,0.0114094380811017,0.41559909555130237,0.00015664111779833956,4.874429468565677,4.877574136084322,0.003144667518644617,0.9444294685656769,0.9475741360843215,4.868077628545841,0.9380776285458404
2026-09-03,2027-03,jaoh7_8700c,call,87.0,3.88,0.415442454433504,0.0114094380811017,0.41559909555130237,0.00015664111779833956,4.809203172110275,4.812338038731285,0.0031348666210107012,0.9292031721102747,0.9323380387312854,4.802632400635736,0.9226324006357364
2026-09-03,2027-03,jaoh7_8705c,call,87.05,3.87,0.415442454433504,0.0114094380811017,0.41559909555130237,0.00015664111779833956,4.796250726333197,4.799383604911495,0.003132878578298026,0.9262507263331967,0.9293836049114947,4.78963895187543,0.91963895187543
2026-09-03,2027-09,jaou7_5800p,put,58.0,3.42,0.415442454433504,0.0114094380811017,0.41559909555130237,0.00015664111779833956,5.236912039441108,5.2402936637891635,0.0033816243480551123,1.8169120394411085,1.8202936637891636,5.201785940621267,1.7817859406212673
2026-09-03,2027-09,jaou7_5900p,put,59.0,3.69,0.415442454433504,0.0114094380811017,0.41559909555130237,0.00015664111779833956,5.623116231793881,5.626590496838771,0.0034742650448897905,1.9331162317938815,1.9365904968387713,5.585695403646115,1.895695403646115
2026-09-03,2027-09,jaou7_6000p,put,60.0,3.97,0.415442454433504,0.0114094380811017,0.41559909555130237,0.00015664111779833956,6.024356949831631,6.02791900443945,0.0035620546078192206,2.054356949831631,2.05791900443945,5.984758949694629,2.0147589496946288
2026-09-03,2027-09,jaou7_6200p,put,62.0,4.58,0.415442454433504,0.0114094380811017,0.41559909555130237,0.00015664111779833956,6.871410040776764,6.875132574778393,0.0037225340016284747,2.291410040776764,2.2951325747783926,6.829369904644892,2.249369904644892
2026-09-03,2027-09,jaou7_6420p,put,64.2,5.33,0.415442454433504,0.0114094380811017,0.41559909555130237,0.00015664111779833956,7.870498156366132,7.874373238058567,0.0038750816924348896,2.540498156366132,2.544373238058567,7.82758965008644,2.4975896500864403
2026-09-03,2027-09,jaou7_6500p,put,65.0,5.62,0.415442454433504,0.0114094380811017,0.41559909555130237,0.00015664111779833956,8.250914189310203,8.254838415347415,0.003924226037211653,2.630914189310203,2.6348384153474145,8.207842322642016,2.5878423226420155
2026-09-03,2027-09,jaou7_6750p,put,67.5,6.62,0.415442454433504,0.0114094380811017,0.41559909555130237,0.00015664111779833956,9.496911627907828,9.500967652742183,0.0040560248343552985,2.8769116279078277,2.880967652742183,9.454356374610684,2.8343563746106843
2026-09-03,2027-09,jaou7_6800p,put,68.0,6.83,0.415442454433504,0.0114094380811017,0.41559909555130237,0.00015664111779833956,9.75629032662757,9.760368779439494,0.004078452811924649,2.9262903266275693,2.930368779439494,9.713835467211991,2.8838354672119912
2026-09-03,2027-09,jaou7_6820c,call,68.2,9.37,0.415442454433504,0.0114094380811017,0.41559909555130237,0.00015664111779833956,12.312672654594419,12.316759715274326,0.004087060679907495,2.9426726545944195,2.946759715274327,12.201649331896885,2.8316493318968856
2026-09-03,2027-09,jaou7_6825c,call,68.25,9.35,0.415442454433504,0.0114094380811017,0.41559909555130237,0.00015664111779833956,12.291092569498781,12.29518174980547,0.004089180306689144,2.9410925694987817,2.945181749805471,12.1800982980001,2.8300982980001006
2026-09-03,2027-09,jaou7_6860c,call,68.6,9.17,0.415442454433504,0.0114094380811017,0.41559909555130237,0.00015664111779833956,12.140956113675633,12.14505977011516,0.00410365643952737,2.9709561136756335,2.975059770115161,12.030241704624876,2.860241704624876
2026-09-03,2027-09,jaou7_6900c,call,69.0,8.96,0.415442454433504,0.0114094380811017,0.41559909555130237,0.00015664111779833956,11.97134177594063,11.975461205309578,0.004119429368948602,3.011341775940629,3.0154612053095775,11.861077913042667,2.9010779130426663
2026-09-03,2027-09,jaou7_6900p,put,69.0,7.28,0.415442454433504,0.0114094380811017,0.41559909555130237,0.00015664111779833956,10.28498347565366,10.289102905022608,0.004119429368948602,3.004983475653659,3.0091029050226075,10.243382359231184,2.963382359231184
2026-09-03,2027-09,jaou7_6905c,call,69.05,8.94,0.415442454433504,0.0114094380811017,0.41559909555130237,0.00015664111779833956,11.950286984108635,11.954408327479461,0.00412134337082648,3.0102869841086353,3.0144083274794617,11.84008515703611,2.900085157036111
2026-09-03,2027-09,jaou7_6930c,call,69.3,8.81,0.415442454433504,0.0114094380811017,0.41559909555130237,0.00015664111779833956,11.84550078372936,11.849631505761357,0.004130722031996825,3.0355007837293595,3.0396315057613563,11.735632625708424,2.925632625708424
2026-09-03,2027-09,jaou7_7000c,call,70.0,8.47,0.415442454433504,0.0114094380811017,0.41559909555130237,0.00015664111779833956,11.55639555695105,11.560550852060583,0.004155295109532275,3.08639555695105,3.0905508520605824,11.447713121481105,2.977713121481104
2026-09-03,2027-09,jaou7_7000p,put,70.0,7.75,0.415442454433504,0.0114094380811017,0.41559909555130237,0.00015664111779833956,10.826712929854212,10.830868224963744,0.004155295109532275,3.076712929854212,3.0808682249637442,10.786693240859757,3.0366932408597567
2026-09-03,2027-09,jaou7_7110c,call,71.1,7.96,0.415442454433504,0.0114094380811017,0.41559909555130237,0.00015664111779833956,11.114701770368919,11.118890719613933,0.0041889492450142285,3.154701770368919,3.1588907196139333,11.008336510238456,3.048336510238456
2026-09-03,2027-09,jaou7_7200c,call,72.0,7.56,0.415442454433504,0.0114094380811017,0.41559909555130237,0.00015664111779833956,10.76456839248582,10.768780450360682,0.00421205787486123,3.204568392485821,3.208780450360682,10.660291069491953,3.100291069491953
2026-09-03,2027-09,jaou7_7335c,call,73.35,6.99,0.415442454433504,0.0114094380811017,0.41559909555130237,0.00015664111779833956,10.257898572108417,10.262138017923233,0.004239445814816278,3.2678985721084164,3.2721380179232327,10.156380337358645,3.1663803373586443
2026-09-03,2027-09,jaou7_7400c,call,74.0,6.73,0.415442454433504,0.0114094380811017,0.41559909555130237,0.00015664111779833956,10.021705077153943,10.02595467506067,0.004249597906726521,3.2917050771539422,3.2959546750606687,9.921380348797117,3.191380348797116
2026-09-03,2027-09,jaou7_7400p,put,74.0,9.83,0.415442454433504,0.0114094380811017,0.41559909555130237,0.00015664111779833956,13.118725142817631,13.122974740724356,0.004249597906724745,3.288725142817631,3.2929747407243557,13.087063160936292,3.2570631609362923
2026-09-03,2027-09,jaou7_7450c,call,74.5,6.53,0.415442454433504,0.0114094380811017,0.41559909555130237,0.00015664111779833956,9.843383347974283,9.847639444904384,0.004256096930101094,3.313383347974283,3.3176394449043842,9.744094162925366,3.214094162925366
2026-09-03,2027-09,jaou7_7450p,put,74.5,10.11,0.415442454433504,0.0114094380811017,0.41559909555130237,0.00015664111779833956,13.418741250233037,13.422997347163138,0.004256096930101094,3.3087412502330373,3.3129973471631384,13.388114811659609,3.2781148116596093
2026-09-03,2027-09,jaou7_7500c,call,75.0,6.34,0.415442454433504,0.0114094380811017,0.41559909555130237,0.00015664111779833956,9.667950044131901,9.672211519930059,0.004261475798157832,3.327950044131901,3.332211519930059,9.569631098204676,3.229631098204676
2026-09-03,2027-09,jaou7_7500p,put,75.0,10.4,0.415442454433504,0.0114094380811017,0.41559909555130237,0.00015664111779833956,13.721645782985721,13.725907258783877,0.004261475798156056,3.321645782985721,3.325907258783877,13.691989583533983,3.291989583533983
2026-09-03,2027-09,jaou7_7542c,call,75.42,6.19,0.415442454433504,0.0114094380811017,0.41559909555130237,0.00015664111779833956,9.522792795484696,9.527057937007555,0.004265141522859395,3.3327927954846954,3.337057937007555,9.42528245024738,3.23528245024738
2026-09-03,2027-09,jaou7_7550c,call,75.5,6.16,0.415442454433504,0.0114094380811017,0.41559909555130237,0.00015664111779833956,9.4953703773604,9.499636129837958,0.004265752477557783,3.3353703773604,3.3396361298379578,9.398016001706178,3.2380160017061783
2026-09-03,2027-09,jaou7_7600c,call,76.0,5.98,0.415442454433504,0.0114094380811017,0.41559909555130237,0.00015664111779833956,9.32560949594388,9.329878441299154,0.004268945355274667,3.3456094959438794,3.349878441299154,9.229147297983843,3.2491472979838427
2026-09-03,2027-09,jaou7_7610c,call,76.1,5.94,0.415442454433504,0.0114094380811017,0.41559909555130237,0.00015664111779833956,9.291992503884325,9.29626195940433,0.0042694555200046835,3.3519925038843246,3.3562619594043293,9.195703027886982,3.255703027886981
2026-09-03,2027-09,jaou7_7705c,call,77.05,5.62,0.415442454433504,0.0114094380811017,0.41559909555130237,0.00015664111779833956,8.978131555185833,8.98240376172604,0.004272206540207435,3.3581315551858326,3.36240376172604,8.883436133239925,3.2634361332399253
2026-09-03,2027-09,jaou7_7710c,call,77.1,5.61,0.415442454433504,0.0114094380811017,0.41559909555130237,0.00015664111779833956,8.961885710956912,8.966157958664104,0.004272247707191923,3.3518857109569113,3.3561579586641033,8.867277737154753,3.257277737154753
2026-09-03,2027-09,jaou7_7725c,call,77.25,5.56,0.415442454433504,0.0114094380811017,0.41559909555130237,0.00015664111779833956,8.913310464658977,8.917582774589848,0.004272309930870577,3.3533104646589775,3.357582774589848,8.818967309832457,3.2589673098324576
2026-09-03,2028-03,jaoh8_5740p,put,57.4,4.13,0.415442454433504,0.0114094380811017,0.41559909555130237,0.00015664111779833956,7.298629561821876,7.302744972065401,0.0041154102435250195,3.1686295618218763,3.1727449720654013,7.307792049012991,3.177792049012991
2026-09-03,2028-03,jaoh8_5900p,put,59.0,4.6,0.415442454433504,0.0114094380811017,0.41559909555130237,0.00015664111779833956,8.003575466344383,8.007822147071284,0.00424668072690082,3.4035754663443836,3.4078221470712844,8.013372459093258,3.4133724590932584
2026-09-03,2028-03,jaoh8_6000p,put,60.0,4.92,0.415442454433504,0.0114094380811017,0.41559909555130237,0.00015664111779833956,8.46025387322223,8.464576717360979,0.004322844138748394,3.5402538732222304,3.544576717360979,8.470166951886657,3.550166951886657
2026-09-03,2028-03,jaoh8_6151c,call,61.51,12.32,0.415442454433504,0.0114094380811017,0.41559909555130237,0.00015664111779833956,16.057733734790542,16.062162973842792,0.004429239052250011,3.7377337347905417,3.7421629738427917,16.05799436262783,3.7379943626278314
2026-09-03,2028-03,jaoh8_6165p,put,61.65,5.47,0.415442454433504,0.0114094380811017,0.41559909555130237,0.00015664111779833956,9.2402275157609,9.244666094564753,0.0044385788038532326,3.7702275157609,3.774666094564753,9.249861188249298,3.7798611882492974
2026-09-03,2028-03,jaoh8_6200c,call,62.0,12.03,0.415442454433504,0.0114094380811017,0.41559909555130237,0.00015664111779833956,15.836442511800332,15.84090405120266,0.004461539402328185,3.8064425118003324,3.8109040512026606,15.836535252514118,3.8065352525141183
2026-09-03,2028-03,jaoh8_6200p,put,62.0,5.59,0.415442454433504,0.0114094380811017,0.41559909555130237,0.00015664111779833956,9.409841191808948,9.414302731211276,0.004461539402328185,3.8198411918089477,3.824302731211276,9.419352407064828,3.829352407064828
2026-09-03,2028-03,jaoh8_6250p,put,62.5,5.77,0.415442454433504,0.0114094380811017,0.41559909555130237,0.00015664111779833956,9.654638571831018,9.659131950178198,0.004493378347179444,3.884638571831019,3.8891319501781982,9.663929117510104,3.8939291175101047
2026-09-03,2028-03,jaoh8_6420c,call,64.2,10.78,0.415442454433504,0.0114094380811017,0.41559909555130237,0.00015664111779833956,14.877268009983231,14.881861224790063,0.004593214806831725,4.097268009983232,4.101861224790063,14.876085602202904,4.096085602202905
2026-09-03,2028-03,jaoh8_6500c,call,65.0,10.34,0.415442454433504,0.0114094380811017,0.41559909555130237,0.00015664111779833956,14.54212188039891,14.546757617528288,0.00463573712937837,4.202121880398909,4.206757617528288,14.54039541158776,4.20039541158776
2026-09-03,2028-03,jaoh8_6500p,put,65.0,6.71,0.415442454433504,0.0114094380811017,0.41559909555130237,0.00015664111779833956,10.921719086413129,10.926354823542507,0.00463573712937837,4.211719086413129,4.216354823542507,10.929411092144074,4.219411092144074
2026-09-03,2028-03,jaoh8_6600c,call,66.0,9.81,0.415442454433504,0.0114094380811017,0.41559909555130237,0.00015664111779833956,14.133162896861277,14.137847828100034,0.004684931238756462,4.323162896861277,4.327847828100033,14.130452308876794,4.320452308876794
2026-09-03,2028-03,jaoh8_6600p,put,66.0,7.12,0.415442454433504,0.0114094380811017,0.41559909555130237,0.00015664111779833956,11.448159611544032,11.452844542782788,0.004684931238756462,4.328159611544032,4.332844542782788,11.454867498101644,4.334867498101644
2026-09-03,2028-03,jaoh8_6750p,put,67.5,7.75,0.415442454433504,0.0114094380811017,0.41559909555130237,0.00015664111779833956,12.258145584792985,12.262896193122398,0.004750608329413097,4.5081455847929846,4.512896193122398,12.263325248982882,4.513325248982882
2026-09-03,2028-03,jaoh8_6775c,call,67.75,8.91,0.415442454433504,0.0114094380811017,0.41559909555130237,0.00015664111779833956,13.44352429562426,13.448284918047348,0.004760622423088279,4.533524295624259,4.5382849180473475,13.439031511260431,4.529031511260431
2026-09-03,2028-03,jaoh8_6875c,call,68.75,8.42,0.415442454433504,0.0114094380811017,0.41559909555130237,0.00015664111779833956,13.06394397406679,13.068742035627876,0.004798061561086087,4.64394397406679,4.648742035627876,13.058773385369175,4.638773385369175
2026-09-03,2028-03,jaoh8_6890c,call,68.9,8.35,0.415442454433504,0.0114094380811017,0.41559909555130237,0.00015664111779833956,13.007897844731671,13.01270116441888,0.00480331968720904,4.6578978447316715,4.6627011644188805,13.00265354938138,4.65265354938138
2026-09-03,2028-03,jaoh8_7000c,call,70.0,7.83,0.415442454433504,0.0114094380811017,0.41559909555130237,0.00015664111779833956,12.603879439615921,12.608718513398971,0.004839073783049486,4.773879439615921,4.778718513398971,12.598080110725965,4.768080110725965
2026-09-03,2028-03,jaoh8_7000p,put,70.0,8.89,0.415442454433504,0.0114094380811017,0.41559909555130237,0.00015664111779833956,13.660474188972811,13.665313262755861,0.004839073783049486,4.770474188972811,4.77531326275586,13.664093334624948,4.774093334624947
2026-09-03,2028-03,jaoh8_7110c,call,71.1,7.34,0.415442454433504,0.0114094380811017,0.41559909555130237,0.00015664111779833956,12.211946035740011,12.216816015351304,0.004869979611292763,4.871946035740011,4.876816015351304,12.205451948432424,4.865451948432424
2026-09-03,2028-03,jaoh8_7275c,call,72.75,6.64,0.415442454433504,0.0114094380811017,0.41559909555130237,0.00015664111779833956,11.646057668180873,11.650965205449157,0.004907537268284301,5.0060576681808735,5.010965205449158,11.63891514066266,4.99891514066266
2026-09-03,2028-03,jaoh8_7340c,call,73.4,6.38,0.415442454433504,0.0114094380811017,0.41559909555130237,0.00015664111779833956,11.43019670394011,11.435116225268123,0.004919521328012877,5.05019670394011,5.055116225268123,11.422696111512256,5.042696111512256
2026-09-03,2028-03,jaoh8_7450c,call,74.5,5.97,0.415442454433504,0.0114094380811017,0.41559909555130237,0.00015664111779833956,11.073750338663544,11.078686638864042,0.004936300200498067,5.103750338663544,5.108686638864042,11.065282971381908,5.095282971381908
2026-09-03,2028-03,jaoh8_7450p,put,74.5,11.25,0.415442454433504,0.0114094380811017,0.41559909555130237,0.00015664111779833956,16.339642877028837,16.344579177229335,0.004936300200498067,5.089642877028837,5.094579177229335,16.340593984289292,5.090593984289292
2026-09-03,2028-03,jaoh8_7475c,call,74.75,5.88,0.415442454433504,0.0114094380811017,0.41559909555130237,0.00015664111779833956,10.994268037084229,10.999207549192295,0.004939512108066424,5.114268037084229,5.1192075491922955,10.985596561551274,5.105596561551274
2026-09-03,2028-03,jaoh8_7500c,call,75.0,5.8,0.415442454433504,0.0114094380811017,0.41559909555130237,0.00015664111779833956,10.915344500677492,10.92028700567123,0.00494250499373905,5.115344500677492,5.120287005671231,10.906485756084855,5.106485756084855
2026-09-03,2028-03,jaoh8_7550c,call,75.5,5.63,0.415442454433504,0.0114094380811017,0.41559909555130237,0.00015664111779833956,10.759160199412111,10.764108040204302,0.004947840792191016,5.129160199412111,5.1341080402043024,10.74990807226244,5.119908072262439
2026-09-03,2028-03,jaoh8_7670c,call,76.7,5.24,0.415442454433504,0.0114094380811017,0.41559909555130237,0.00015664111779833956,10.39322069240615,10.39817787914055,0.004957186734399599,5.153220692406149,5.158177879140549,10.383191475673431,5.143191475673431
2026-09-03,2028-03,jaoh8_7700c,call,77.0,5.15,0.415442454433504,0.0114094380811017,0.41559909555130237,0.00015664111779833956,10.303667591699991,10.308626368982827,0.004958777282835669,5.153667591699991,5.1586263689828264,10.293537856614542,5.143537856614541
2026-09-03,2028-03,jaoh8_7775c,call,77.75,4.93,0.415442454433504,0.0114094380811017,0.41559909555130237,0.00015664111779833956,10.083102789423464,10.088064271971618,0.004961482548154095,5.153102789423464,5.158064271971618,10.07281671956455,5.14281671956455
2026-09-03,2028-09,jaou8_5000p,put,50.0,3.01,0.415442454433504,0.0114094380811017,0.41559909555130237,0.00015664111779833956,5.945413032028533,5.949378448679834,0.0039654166513010125,2.935413032028533,2.939378448679834,5.964646025012597,2.9546460250125977
2026-09-03,2028-09,jaou8_5500p,put,55.0,4.18,0.415442454433504,0.0114094380811017,0.41559909555130237,0.00015664111779833956,7.981712566083614,7.986172692677863,0.004460126594249658,3.801712566083614,3.8061726926778636,8.00423011846637,3.824230118466371
2026-09-03,2028-09,jaou8_5700p,put,57.0,4.71,0.415442454433504,0.0114094380811017,0.41559909555130237,0.00015664111779833956,8.875863627424822,8.880493531500113,0.004629904075290625,4.165863627424822,4.170493531500113,8.898627647770402,4.188627647770402
2026-09-03,2028-09,jaou8_5740p,put,57.4,4.83,0.415442454433504,0.0114094380811017,0.41559909555130237,0.00015664111779833956,9.059938181477921,9.064600080512061,0.004661899034140049,4.229938181477921,4.234600080512061,9.08263600939923,4.252636009399231
2026-09-03,2028-09,jaou8_6151c,call,61.51,11.79,0.415442454433504,0.0114094380811017,0.41559909555130237,0.00015664111779833956,16.754362944988518,16.759315921005946,0.004952976017428057,4.964362944988519,4.969315921005947,16.888305520873278,5.098305520873279
2026-09-03,2028-09,jaou8_6165p,put,61.65,6.12,0.415442454433504,0.0114094380811017,0.41559909555130237,0.00015664111779833956,11.1194738648893,11.124435558953913,0.004961694064611777,4.999473864889301,5.0044355589539125,11.139511259418422,5.0195112594184215
2026-09-03,2028-09,jaou8_6200p,put,62.0,6.23,0.415442454433504,0.0114094380811017,0.41559909555130237,0.00015664111779833956,11.297271750368132,11.302254899530688,0.004983149162555378,5.067271750368132,5.072254899530687,11.316951313225143,5.086951313225143
2026-09-03,2028-09,jaou8_6250p,put,62.5,6.39,0.415442454433504,0.0114094380811017,0.41559909555130237,0.00015664111779833956,11.553359190824047,11.558372150902848,0.005012960078801143,5.163359190824047,5.168372150902848,11.572513854865846,5.182513854865847
2026-09-03,2028-09,jaou8_6500c,call,65.0,9.79,0.415442454433504,0.0114094380811017,0.41559909555130237,0.00015664111779833956,15.386079665386866,15.391227097917552,0.005147432530685947,5.596079665386867,5.601227097917553,15.517101220794048,5.727101220794049
2026-09-03,2028-09,jaou8_6500p,put,65.0,7.27,0.415442454433504,0.0114094380811017,0.41559909555130237,0.00015664111779833956,12.869858502258584,12.87500593478927,0.005147432530685947,5.599858502258584,5.60500593478927,12.887117508344396,5.617117508344396
2026-09-03,2028-09,jaou8_6570c,call,65.7,9.41,0.415442454433504,0.0114094380811017,0.41559909555130237,0.00015664111779833956,15.125480029288106,15.13066084276207,0.005180813473964818,5.715480029288106,5.72066084276207,15.25640850948504,5.846408509485039
2026-09-03,2028-09,jaou8_6600c,call,66.0,9.25,0.415442454433504,0.0114094380811017,0.41559909555130237,0.00015664111779833956,15.015165990261798,15.020360549405808,0.005194559144010569,5.7651659902617975,5.770360549405808,15.146094501083557,5.896094501083557
2026-09-03,2028-09,jaou8_6650c,call,66.5,8.99,0.415442454433504,0.0114094380811017,0.41559909555130237,0.00015664111779833956,14.833118370017651,14.8383350984791,0.005216728461448383,5.843118370017651,5.848335098479099,14.964091704987524,5.974091704987524
2026-09-03,2028-09,jaou8_6750p,put,67.5,8.25,0.415442454433504,0.0114094380811017,0.41559909555130237,0.00015664111779833956,14.244202822623908,14.249461147541378,0.005258324917470247,5.994202822623908,5.999461147541378,14.261419807409332,6.011419807409332
2026-09-03,2028-09,jaou8_6775c,call,67.75,8.36,0.415442454433504,0.0114094380811017,0.41559909555130237,0.00015664111779833956,14.387747208926209,14.393015368606651,0.005268159680442253,6.027747208926209,6.033015368606652,14.51872955804738,6.15872955804738
2026-09-03,2028-09,jaou8_7000c,call,70.0,7.32,0.415442454433504,0.0114094380811017,0.41559909555130237,0.00015664111779833956,13.620156843722967,13.625503619229445,0.0053467755064779965,6.3001568437229665,6.3055036192294445,13.751435928756775,6.431435928756775
2026-09-03,2028-09,jaou8_7000p,put,70.0,9.38,0.415442454433504,0.0114094380811017,0.41559909555130237,0.00015664111779833956,15.67334457247409,15.678691347980568,0.0053467755064779965,6.293344572474089,6.298691347980567,15.690861108186528,6.310861108186527
2026-09-03,2028-09,jaou8_7110c,call,71.1,6.85,0.415442454433504,0.0114094380811017,0.41559909555130237,0.00015664111779833956,13.260297084595898,13.265675994484752,0.005378909888854366,6.410297084595898,6.415675994484753,13.391482499782365,6.541482499782365
2026-09-03,2028-09,jaou8_7275c,call,72.75,6.21,0.415442454433504,0.0114094380811017,0.41559909555130237,0.00015664111779833956,12.738768350070055,12.744188029868445,0.005419679798389865,6.528768350070055,6.534188029868445,12.869222542330665,6.659222542330665
2026-09-03,2028-09,jaou8_7340c,call,73.4,5.98,0.415442454433504,0.0114094380811017,0.41559909555130237,0.00015664111779833956,12.539177875835557,12.544611243153543,0.005433367317985827,6.559177875835557,6.564611243153543,12.669316927166353,6.689316927166352
2026-09-03,2028-09,jaou8_7450c,call,74.5,5.6,0.415442454433504,0.0114094380811017,0.41559909555130237,0.00015664111779833956,12.208756992735987,12.214210565985752,0.005453573249765142,6.608756992735987,6.614210565985752,12.338470278539848,6.7384702785398485
2026-09-03,2028-09,jaou8_7450p,put,74.5,11.8,0.415442454433504,0.0114094380811017,0.41559909555130237,0.00015664111779833956,18.374412724178576,18.37986629742834,0.005453573249763366,6.5744127241785755,6.579866297428339,18.390363460661064,6.590363460661063
2026-09-03,2028-09,jaou8_7500c,call,75.0,5.44,0.415442454433504,0.0114094380811017,0.41559909555130237,0.00015664111779833956,12.061565500922452,12.067027056911801,0.005461555989349165,6.621565500922451,6.627027056911801,12.191134172596133,6.7511341725961325
2026-09-03,2028-09,jaou8_7560c,call,75.6,5.26,0.415442454433504,0.0114094380811017,0.41559909555130237,0.00015664111779833956,11.887367685870192,11.892837851847444,0.00547016597725225,6.627367685870192,6.6328378518474445,12.016741517145082,6.756741517145082
2026-09-03,2028-09,jaou8_7670c,call,76.7,4.94,0.415442454433504,0.0114094380811017,0.41559909555130237,0.00015664111779833956,11.574775725832454,11.58025899345726,0.0054832676248057766,6.634775725832454,6.64025899345726,11.703798778063186,6.763798778063186
2026-09-03,2028-09,jaou8_7925c,call,79.25,4.29,0.415442454433504,0.0114094380811017,0.41559909555130237,0.00015664111779833956,10.882700179862843,10.888201070238278,0.005500890375435219,6.592700179862843,6.598201070238278,11.010153783269322,6.720153783269322
2026-09-03,2028-09,jaou8_8000c,call,80.0,4.11,0.415442454433504,0.0114094380811017,0.41559909555130237,0.00015664111779833956,10.687504823802715,10.693007673589985,0.005502849787269781,6.577504823802715,6.583007673589985,10.814264153989962,6.7042641539899615
2026-09-04,2026-09,jaou6_10000c,call,100.0,0.19,0.4152590507049439,0.0113853113580927,0.41541509903600266,0.0001560483310587557,0.0913442027617905,0.09152499626198533,0.00018079350019482854,-0.0986557972382095,-0.09847500373801467,0.0922078200768495,-0.0977921799231505
2026-09-04,2026-09,jaou6_10205c,call,102.05,0.11,0.4152590507049439,0.0113853113580927,0.41541509903600266,0.0001560483310587557,0.03737510069747417,0.037469438305283924,9.433760780975381e-05,-0.07262489930252583,-0.07253056169471608,0.0384057766221056,-0.0715942233778944
2026-09-04,2026-09,jaou6_10240c,call,102.4,0.1,0.4152590507049439,0.0113853113580927,0.41541509903600266,0.0001560483310587557,0.031851670220486655,0.03193523899061083,8.356877012417191e-05,-0.06814832977951335,-0.06806476100938919,0.0328565020510197,-0.0671434979489803
2026-09-04,2026-09,jaou6_10300c,call,103.0,0.08,0.4152590507049439,0.0113853113580927,0.41541509903600266,0.0001560483310587557,0.02409694564497609,0.02416438832601552,6.744268103942713e-05,-0.05590305435502391,-0.05583561167398449,0.0250220645048309,-0.0549779354951691
2026-09-04,2026-09,jaou6_10500c,call,105.0,0.05,0.4152590507049439,0.0113853113580927,0.41541509903600266,0.0001560483310587557,0.009104818198912679,0.009135968355911874,3.1150156999195516e-05,-0.040895181801087324,-0.040864031644088125,0.0095028070186303,-0.0404971929813697
2026-09-04,2026-09,jaou6_10520c,call,105.2,0.04,0.4152590507049439,0.0113853113580927,0.41541509903600266,0.0001560483310587557,0.008230988283195963,0.008259687454210142,2.8699171014178598e-05,-0.03176901171680404,-0.03174031254578986,0.0085783969972437,-0.0314216030027563
2026-09-04,2026-09,jaou6_10825c,call,108.25,0.02,0.4152590507049439,0.0113853113580927,0.41541509903600266,0.0001560483310587557,0.0016367931542493116,0.0016442452985244611,7.452144275149576e-06,-0.018363206845750688,-0.01835575470147554,0.0017938712677836,-0.0182061287322164
2026-09-04,2026-09,jaou6_7800p,put,78.0,0.02,0.4152590507049439,0.0113853113580927,0.41541509903600266,0.0001560483310587557,0.003943198801810155,0.00395829036038009,1.509155856993516e-05,-0.016056801198189845,-0.01604170963961991,0.0040666363111888,-0.0159333636888112
2026-09-04,2026-09,jaou6_8000p,put,80.0,0.04,0.4152590507049439,0.0113853113580927,0.41541509903600266,0.0001560483310587557,0.01789100963301493,0.017942445132364426,5.143549934949476e-05,-0.02210899036698507,-0.022057554867635575,0.0185086423319175,-0.0214913576680825
2026-09-04,2026-09,jaou6_8200p,put,82.0,0.1,0.4152590507049439,0.0113853113580927,0.41541509903600266,0.0001560483310587557,0.06408087285831776,0.06421590432718105,0.0001350314688632892,-0.035919127141682244,-0.035784095672818955,0.0648069150813416,-0.0351930849186584
2026-09-04,2026-09,jaou6_8250p,put,82.5,0.13,0.4152590507049439,0.0113853113580927,0.41541509903600266,0.0001560483310587557,0.08525490703421568,0.08542041737021755,0.00016551033600187282,-0.04474509296578433,-0.044579582629782455,0.0856661514648346,-0.0443338485351654
2026-09-04,2026-09,jaou6_9100c,call,91.0,1.95,0.4152590507049439,0.0113853113580927,0.41541509903600266,0.0001560483310587557,1.8289224496528198,1.8296795726344033,0.0007571229815834801,-0.12107755034718015,-0.12032042736559667,1.821280675117936,-0.1287193248820639
2026-09-04,2026-09,jaou6_9150c,call,91.5,1.74,0.4152590507049439,0.0113853113580927,0.41541509903600266,0.0001560483310587557,1.6125596697190276,1.6133102632029983,0.0007505934839706629,-0.12744033028097235,-0.12668973679700168,1.6053232278889218,-0.1346767721110782
2026-09-04,2026-09,jaou6_9196c,call,91.96,1.56,0.4152590507049439,0.0113853113580927,0.41541509903600266,0.0001560483310587557,1.4302139641207252,1.4309524649615522,0.0007385008408269389,-0.12978603587927484,-0.1290475350384479,1.4236773965983578,-0.1363226034016422
2026-09-04,2026-09,jaou6_9200c,call,92.0,1.55,0.4152590507049439,0.0113853113580927,0.41541509903600266,0.0001560483310587557,1.4150992012303905,1.415836387683931,0.0007371864535405948,-0.1349007987696096,-0.134163612316069,1.4086326570647576,-0.1413673429352424
2026-09-04,2026-09,jaou6_9225c,call,92.25,1.46,0.4152590507049439,0.0113853113580927,0.41541509903600266,0.0001560483310587557,1.323270999827246,1.3239990605725316,0.0007280607452855303,-0.1367290001727539,-0.13600093942746838,1.3171942281905626,-0.1428057718094373
2026-09-04,2026-09,jaou6_9250c,call,92.5,1.38,0.4152590507049439,0.0113853113580927,0.41541509903600266,0.0001560483310587557,1.2359265644997404,1.2366439878870652,0.0007174233873248337,-0.14407343550025953,-0.1433560121129347,1.2302837007597538,-0.1497162992402461
2026-09-04,2026-09,jaou6_9435c,call,94.35,0.87,0.4152590507049439,0.0113853113580927,0.41541509903600266,0.0001560483310587557,0.7183370994487929,0.7189382677770736,0.0006011683282807212,-0.15166290055120712,-0.1510617322229264,0.7155377382336805,-0.1544622617663195
2026-09-04,2026-09,jaou6_9500c,call,95.0,0.74,0.4152590507049439,0.0113853113580927,0.41541509903600266,0.0001560483310587557,0.5844159622969114,0.5849657376404566,0.0005497753435451669,-0.1555840377030886,-0.15503426235954343,0.5821153483149283,-0.1578846516850717
2026-09-04,2026-09,jaou6_9800c,call,98.0,0.33,0.4152590507049439,0.0113853113580927,0.41541509903600266,0.0001560483310587557,0.20303386968680862,0.20334113465624834,0.0003072649694397245,-0.1269661303131914,-0.12665886534375168,0.2020760070275866,-0.1279239929724134
2026-09-04,2026-10,jaov6_10000c,call,100.0,1.41,0.4152590507049439,0.0113853113580927,0.41541509903600266,0.0001560483310587557,0.9881537623831397,0.9892480770472835,0.0010943146641437806,-0.42184623761686024,-0.42075192295271646,0.971105383922403,-0.4388946160775969
2026-09-04,2026-10,jaov6_10205c,call,102.05,1.16,0.4152590507049439,0.0113853113580927,0.41541509903600266,0.0001560483310587557,0.7374184730056171,0.7383532319982655,0.0009347589926483879,-0.4225815269943828,-0.4216467680017344,0.7235512422873891,-0.4364487577126108
2026-09-04,2026-10,jaov6_10240c,call,102.4,1.12,0.4152590507049439,0.0113853113580927,0.41541509903600266,0.0001560483310587557,0.7006929504584762,0.7016010741456253,0.0009081236871490983,-0.41930704954152387,-0.41839892585437477,0.6872896669917163,-0.4327103330082837
2026-09-04,2026-10,jaov6_10300c,call,103.0,1.06,0.4152590507049439,0.0113853113580927,0.41541509903600266,0.0001560483310587557,0.6414622957432554,0.6423253762138413,0.0008630804705859196,-0.41853770425674464,-0.4176746237861587,0.6288505229386079,-0.4311494770613922
2026-09-04,2026-10,jaov6_10500c,call,105.0,0.88,0.4152590507049439,0.0113853113580927,0.41541509903600266,0.0001560483310587557,0.4747023102550166,0.4754223396823176,0.0007200294273010388,-0.4052976897449834,-0.4045776603176824,0.4652688340666559,-0.4147311659333441
2026-09-04,2026-10,jaov6_10800c,call,108.0,0.67,0.4152590507049439,0.0113853113580927,0.41541509903600266,0.0001560483310587557,0.2966461010300211,0.29717764094226645,0.0005315399122453601,-0.37335389896997895,-0.3728223590577336,0.2904833368368938,-0.3795166631631062
2026-09-04,2026-10,jaov6_11500c,call,115.0,0.36,0.4152590507049439,0.0113853113580927,0.41541509903600266,0.0001560483310587557,0.09144195070187089,0.09167160985637021,0.00022965915449932317,-0.2685580492981291,-0.26832839014362975,0.0901569926929426,-0.2698430073070574
2026-09-04,2026-10,jaov6_12100c,call,121.0,0.22,0.4152590507049439,0.0113853113580927,0.41541509903600266,0.0001560483310587557,0.03081134154003808,0.030910119168599835,9.877762856175601e-05,-0.1891886584599619,-0.18908988083140016,0.0309327754789343,-0.1890672245210657
2026-09-04,2026-10,jaov6_12500c,call,125.0,0.17,0.4152590507049439,0.0113853113580927,0.41541509903600266,0.0001560483310587557,0.014399380681410256,0.014452710514584645,5.3329833174388386e-05,-0.15560061931858976,-0.15554728948541538,0.0149523522787343,-0.1550476477212657
2026-09-04,2026-10,jaov6_16000c,call,160.0,0.03,0.4152590507049439,0.0113853113580927,0.41541509903600266,0.0001560483310587557,7.972600758278787e-06,8.04352096568833e-06,7.092020740954187e-08,-0.02999202739924172,-0.02999195647903431,3.605230412470353e-05,-0.0299639476958752
2026-09-04,2026-10,jaov6_7200p,put,72.0,0.39,0.4152590507049439,0.0113853113580927,0.41541509903600266,0.0001560483310587557,0.32098175654296845,0.3215046529741361,0.000522896431167652,-0.06901824345703156,-0.0684953470258639,0.314924941456373,-0.075075058543627
2026-09-04,2026-10,jaov6_7400p,put,74.0,0.56,0.4152590507049439,0.0113853113580927,0.41541509903600266,0.0001560483310587557,0.5127991945316115,0.5135047976128266,0.0007056030812151448,-0.04720080546838856,-0.04649520238717342,0.5039975463120088,-0.0560024536879912
2026-09-04,2026-10,jaov6_7450p,put,74.5,0.62,0.4152590507049439,0.0113853113580927,0.41541509903600266,0.0001560483310587557,0.5724689535711356,0.5732234422251015,0.000754488653965879,-0.04753104642886441,-0.04677655777489853,0.5628556982388875,-0.0571443017611125
2026-09-04,2026-10,jaov6_7500p,put,75.0,0.68,0.4152590507049439,0.0113853113580927,0.41541509903600266,0.0001560483310587557,0.6373669542484226,0.6381712587704431,0.0008043045220205158,-0.04263304575157745,-0.04182874122955693,0.6269299587704554,-0.0530700412295446
2026-09-04,2026-10,jaov6_7600p,put,76.0,0.81,0.4152590507049439,0.0113853113580927,0.41541509903600266,0.0001560483310587557,0.783924729658203,0.7848306373273726,0.0009059076691695367,-0.02607527034179702,-0.025169362672627482,0.7720069657310308,-0.0379930342689692
2026-09-04,2026-10,jaov6_7800p,put,78.0,1.16,0.4152590507049439,0.0113853113580927,0.41541509903600266,0.0001560483310587557,1.1513925485046403,1.1525032495233472,0.0011107010187068056,-0.008607451495359575,-0.007496750476652769,1.136174963413112,-0.0238250365868879
2026-09-04,2026-10,jaov6_8000p,put,80.0,1.62,0.4152590507049439,0.0113853113580927,0.41541509903600266,0.0001560483310587557,1.6308263069203388,1.6321311666576754,0.0013048597373366277,0.010826306920338702,0.01213116665767533,1.6128787939884075,-0.0071212060115926
2026-09-04,2026-10,jaov6_8200p,put,82.0,2.24,0.4152590507049439,0.0113853113580927,0.41541509903600266,0.0001560483310587557,2.235149343016327,2.2366227291591754,0.0014733861428481987,-0.004850656983673041,-0.003377270840824842,2.213848847568188,-0.026151152431812
2026-09-04,2026-10,jaov6_8250p,put,82.5,2.41,0.4152590507049439,0.0113853113580927,0.41541509903600266,0.0001560483310587557,2.4069151834322318,2.408425124397623,0.0015099409653913654,-0.003084816567768378,-0.0015748756023770127,2.384763740609851,-0.0252362593901489
2026-09-04,2026-10,jaov6_9000p,put,90.0,6.23,0.4152590507049439,0.0113853113580927,0.41541509903600266,0.0001560483310587557,6.019926235941156,6.021624505993577,0.0016982700524206251,-0.21007376405884415,-0.20837549400642352,5.996113453886507,-0.2338865461134931
2026-09-04,2026-10,jaov6_9200c,call,92.0,3.05,0.4152590507049439,0.0113853113580927,0.41541509903600266,0.0001560483310587557,2.766338021402439,2.7679710675180376,0.0016330461155984466,-0.2836619785975607,-0.28202893248196226,2.737167993846288,-0.312832006153712
2026-09-04,2026-10,jaov6_9225c,call,92.25,2.97,0.4152590507049439,0.0113853113580927,0.41541509903600266,0.0001560483310587557,2.686373179162222,2.687995226310844,0.00162204714862213,-0.2836268208377781,-0.282004773689156,2.6576681438001604,-0.3123318561998398
2026-09-04,2026-10,jaov6_9348c,call,93.48,2.64,0.4152590507049439,0.0113853113580927,0.41541509903600266,0.0001560483310587557,2.319019802699048,2.320579735405414,0.0015599327063657853,-0.32098019730095206,-0.3194202645945863,2.292121511038953,-0.3478784889610473
2026-09-04,2026-10,jaov6_9353c,call,93.53,2.63,0.4152590507049439,0.0113853113580927,0.41541509903600266,0.0001560483310587557,2.3049788034233165,2.3065359500821336,0.0015571466588171212,-0.3250211965766834,-0.32346404991786626,2.2781495465357646,-0.3518504534642352
2026-09-04,2026-10,jaov6_9435c,call,94.35,2.43,0.4152590507049439,0.0113853113580927,0.41541509903600266,0.0001560483310587557,2.0842614881118067,2.08577035148428,0.0015088633724733569,-0.3457385118881935,-0.34422964851572013,2.0585573774074994,-0.3714426225925007
2026-09-04,2026-10,jaov6_9700c,call,97.0,1.88,0.4152590507049439,0.0113853113580927,0.41541509903600266,0.0001560483310587557,1.4853790490242547,1.4867054942044537,0.0013264451801990873,-0.39462095097574523,-0.39329450579554615,1.46334603036226,-0.4166539696377398
2026-09-04,2026-10,jaov6_9800c,call,98.0,1.71,0.4152590507049439,0.0113853113580927,0.41541509903600266,0.0001560483310587557,1.300310048761266,1.3015606813398624,0.0012506325785963668,-0.409689951238734,-0.4084393186601376,1.280092078879287,-0.4299079211207128
2026-09-04,2026-10,jaov6_9911c,call,99.11,1.54,0.4152590507049439,0.0113853113580927,0.41541509903600266,0.0001560483310587557,1.118076974312407,1.1192412398842098,0.001164265571802714,-0.421923025687593,-0.4207587601157903,1.0997658965223511,-0.4402341034776489
2026-09-04,2026-10,jaov6_9955c,call,99.55,1.48,0.4152590507049439,0.0113853113580927,0.41541509903600266,0.0001560483310587557,1.0521252362332083,1.0532549442266326,0.001129707993424267,-0.4278747637667917,-0.4267450557733674,1.034446225381806,-0.4455537746181939
2026-09-04,2026-11,jaox6_10000c,call,100.0,2.06,0.4152590507049439,0.0113853113580927,0.41541509903600266,0.0001560483310587557,1.536457973410271,1.5380310664493293,0.001573093039058282,-0.523542026589729,-0.5219689335506708,1.56454622989055,-0.4954537701094501
2026-09-04,2026-11,jaox6_10205c,call,102.05,1.8,0.4152590507049439,0.0113853113580927,0.41541509903600266,0.0001560483310587557,1.2509110150311662,1.2523312421158406,0.0014202270846743748,-0.5490889849688338,-0.5476687578841595,1.2794207097922976,-0.5205792902077024
2026-09-04,2026-11,jaox6_10240c,call,102.4,1.75,0.4152590507049439,0.0113853113580927,0.41541509903600266,0.0001560483310587557,1.207148196782686,1.2085423598886371,0.001394163105951085,-0.542851803217314,-0.5414576401113629,1.2356573059743832,-0.5143426940256168
2026-09-04,2026-11,jaox6_10500c,call,105.0,1.48,0.4152590507049439,0.0113853113580927,0.41541509903600266,0.0001560483310587557,0.9224181888203262,0.9236219318010507,0.0012037429807244537,-0.5575818111796738,-0.5563780681989493,0.9508404253049834,-0.5291595746950166
2026-09-04,2026-11,jaox6_10800c,call,108.0,1.22,0.4152590507049439,0.0113853113580927,0.41541509903600266,0.0001560483310587557,0.6699498211966419,0.6709467294471965,0.0009969082505545401,-0.550050178803358,-0.5490532705528035,0.696773996323907,-0.523226003676093
2026-09-04,2026-11,jaox6_7200p,put,72.0,1.3,0.4152590507049439,0.0113853113580927,0.41541509903600266,0.0001560483310587557,1.352848241135261,1.3542074257993377,0.0013591846640768068,0.052848241135260876,0.05420742579933768,1.366813767277646,0.0668137672776458
2026-09-04,2026-11,jaox6_7400p,put,74.0,1.72,0.4152590507049439,0.0113853113580927,0.41541509903600266,0.0001560483310587557,1.805594975804576,1.8071615984220628,0.001566622617486857,0.08559497580457598,0.08716159842206284,1.820100756210431,0.100100756210431
2026-09-04,2026-11,jaox6_7450p,put,74.5,1.85,0.4152590507049439,0.0113853113580927,0.41541509903600266,0.0001560483310587557,1.9334756657112617,1.9350920787214037,0.001616413010141926,0.08347566571126164,0.08509207872140356,1.9482609392947945,0.0982609392947944
2026-09-04,2026-11,jaox6_7500p,put,75.0,1.97,0.4152590507049439,0.0113853113580927,0.41541509903600266,0.0001560483310587557,2.06745976403017,2.069124843751137,0.0016650797209667445,0.0974597640301702,0.09912484375113695,2.082365682559584,0.1123656825595842
2026-09-04,2026-11,jaox6_7600p,put,76.0,2.25,0.4152590507049439,0.0113853113580927,0.41541509903600266,0.0001560483310587557,2.3541300354406456,2.355888518985852,0.0017584835452062464,0.10413003544064559,0.10588851898585183,2.36879761563336,0.1187976156333601
2026-09-04,2026-11,jaox6_7800p,put,78.0,2.9,0.4152590507049439,0.0113853113580927,0.41541509903600266,0.0001560483310587557,3.0045721843898505,3.006498176115258,0.0019259917254075276,0.10457218438985061,0.10649817611525814,3.019162784285744,0.1191627842857441
2026-09-04,2026-11,jaox6_8000p,put,80.0,3.66,0.4152590507049439,0.0113853113580927,0.41541509903600266,0.0001560483310587557,3.7609587011607664,3.7630207034425345,0.002062002281768116,0.10095870116076622,0.10302070344253433,3.776060590876823,0.116060590876823
2026-09-04,2026-11,jaox6_8200p,put,82.0,4.56,0.4152590507049439,0.0113853113580927,0.41541509903600266,0.0001560483310587557,4.62515819926627,4.62731967200232,0.002161472736050385,0.06515819926627042,0.06731967200232081,4.64015078169178,0.0801507816917803
2026-09-04,2026-11,jaox6_8250p,put,82.5,4.8,0.4152590507049439,0.0113853113580927,0.41541509903600266,0.0001560483310587557,4.858069034504495,4.860249294975281,0.0021802604707863438,0.058069034504494965,0.06024929497528131,4.873105762563626,0.0731057625636264
2026-09-04,2026-11,jaox6_8950c,call,89.5,4.29,0.4152590507049439,0.0113853113580927,0.41541509903600266,0.0001560483310587557,4.038740735522189,4.040929342664766,0.0021886071425774034,-0.25125926447781133,-0.24907065733523392,4.066845907320939,-0.2231540926790609
2026-09-04,2026-11,jaox6_9000c,call,90.0,4.14,0.4152590507049439,0.0113853113580927,0.41541509903600266,0.0001560483310587557,3.87072329449512,3.872895850135277,0.002172555640156837,-0.2692767055048795,-0.26710414986472264,3.898783916038928,-0.2412160839610715
2026-09-04,2026-11,jaox6_9000p,put,90.0,9.3,0.4152590507049439,0.0113853113580927,0.41541509903600266,0.0001560483310587557,9.127270753658777,9.129443309298933,0.0021725556401559487,-0.17272924634122333,-0.17055669070106738,9.141451464779283,-0.1585485352207172
2026-09-04,2026-11,jaox6_9025c,call,90.25,4.07,0.4152590507049439,0.0113853113580927,0.41541509903600266,0.0001560483310587557,3.788826191835267,3.7909900115952997,0.002163819760032659,-0.28117380816473325,-0.2790099884047006,3.8169615646695214,-0.2530384353304789
2026-09-04,2026-11,jaox6_9100c,call,91.0,3.86,0.4152590507049439,0.0113853113580927,0.41541509903600266,0.0001560483310587557,3.551419975669372,3.553554869584157,0.002134893914784719,-0.3085800243306278,-0.3064451304158431,3.579742800499248,-0.2802571995007517
2026-09-04,2026-11,jaox6_9196c,call,91.96,3.6,0.4152590507049439,0.0113853113580927,0.41541509903600266,0.0001560483310587557,3.265199749464418,3.267292032221675,0.0020922827572569247,-0.33480025053558204,-0.3327079677783251,3.2937229126619285,-0.3062770873380716
2026-09-04,2026-11,jaox6_9200c,call,92.0,3.59,0.4152590507049439,0.0113853113580927,0.41541509903600266,0.0001560483310587557,3.2536936820358093,3.2557840613251248,0.002090379289315436,-0.3363063179641905,-0.3342159386748751,3.282230680989166,-0.3077693190108337
2026-09-04,2026-11,jaox6_9225c,call,92.25,3.53,0.4152590507049439,0.0113853113580927,0.41541509903600266,0.0001560483310587557,3.182527741304115,3.1846060026255145,0.002078261321399655,-0.34747225869588494,-0.3453939973744853,3.2111447112871603,-0.3188552887128395
2026-09-04,2026-11,jaox6_9348c,call,93.48,3.23,0.4152590507049439,0.0113853113580927,0.41541509903600266,0.0001560483310587557,2.850717045063752,2.8527304621845344,0.0020134171207826235,-0.3792829549362482,-0.37726953781546557,2.8792203495019155,-0.3507796504980844
2026-09-04,2026-11,jaox6_9353c,call,93.53,3.22,0.4152590507049439,0.0113853113580927,0.41541509903600266,0.0001560483310587557,2.8378577360783837,2.8398683454572917,0.002010609378908068,-0.38214226392161654,-0.3801316545427085,2.866336435498428,-0.3536635645015722
2026-09-04,2026-11,jaox6_9435c,call,94.35,3.04,0.4152590507049439,0.0113853113580927,0.41541509903600266,0.0001560483310587557,2.633738587038512,2.6357014168455133,0.001962829807001132,-0.4062614129614879,-0.40429858315448675,2.661728287654024,-0.3782717123459762
2026-09-04,2026-11,jaox6_9700c,call,97.0,2.53,0.4152590507049439,0.0113853113580927,0.41541509903600266,0.0001560483310587557,2.0562254323418783,2.058015434084768,0.0017900017428895687,-0.47377456765812154,-0.47198456591523197,2.083607744154357,-0.4463922558456428
2026-09-04,2026-11,jaox6_9911c,call,99.11,2.19,0.4152590507049439,0.0113853113580927,0.41541509903600266,0.0001560483310587557,1.677200996670246,1.678839817335698,0.0016388206654520676,-0.512799003329754,-0.511160182664302,1.7051402827412026,-0.4848597172587974
2026-09-04,2027-03,jaoh7_6800p,put,68.0,3.79,0.4152590507049439,0.0113853113580927,0.41541509903600266,0.0001560483310587557,4.798259860894239,4.801129439195687,0.0028695783014480725,1.0082598608942392,1.0111294391956873,4.806170766678322,1.0161707666783224
2026-09-04,2027-03,jaoh7_6900p,put,69.0,4.13,0.4152590507049439,0.0113853113580927,0.41541509903600266,0.0001560483310587557,5.198834410227698,5.201778995526719,0.0029445852990210852,1.0688344102276979,1.071778995526719,5.208025798567401,1.0780257985674009
2026-09-04,2027-03,jaoh7_7000p,put,70.0,4.49,0.4152590507049439,0.0113853113580927,0.41541509903600266,0.0001560483310587557,5.618024401482504,5.621037717430584,0.003013315948079409,1.128024401482504,1.1310377174305835,5.6278248898751535,1.1378248898751533
2026-09-04,2027-03,jaoh7_7100p,put,71.0,4.88,0.4152590507049439,0.0113853113580927,0.41541509903600266,0.0001560483310587557,6.055723910296011,6.058799495474016,0.0030755851780046584,1.1757239102960115,1.1787994954740162,6.065966020939122,1.185966020939122
2026-09-04,2027-03,jaoh7_7150p,put,71.5,5.08,0.4152590507049439,0.0113853113580927,0.41541509903600266,0.0001560483310587557,6.281470609513611,6.2845748626237325,0.0031042531101217463,1.2014706095136107,1.2045748626237325,6.291907435729035,1.2119074357290351
2026-09-04,2027-03,jaoh7_7250p,put,72.5,5.5,0.4152590507049439,0.0113853113580927,0.41541509903600266,0.0001560483310587557,6.746648905567469,6.749805501297364,0.0031565957298944625,1.2466489055674694,1.249805501297364,6.757386996620046,1.2573869966200464
2026-09-04,2027-03,jaoh7_7300p,put,73.0,5.72,0.4152590507049439,0.0113853113580927,0.41541509903600266,0.0001560483310587557,6.98603020189204,6.989210457417247,0.003180255525206732,1.2660302018920406,1.2692104574172474,6.996672308338583,1.2766723083385836
2026-09-04,2027-03,jaoh7_7400p,put,74.0,6.18,0.4152590507049439,0.0113853113580927,0.41541509903600266,0.0001560483310587557,7.47823562057521,7.481458157106268,0.0032225365310587506,1.29823562057521,1.3014581571062687,7.488908026794808,1.308908026794808
2026-09-04,2027-03,jaoh7_7450p,put,74.5,6.42,0.4152590507049439,0.0113853113580927,0.41541509903600266,0.0001560483310587557,7.730997234515957,7.734238394334138,0.003241159818180961,1.3109972345159573,1.3142383943341382,7.741582192923309,1.3215821929233087
2026-09-04,2027-03,jaoh7_7500p,put,75.0,6.66,0.4152590507049439,0.0113853113580927,0.41541509903600266,0.0001560483310587557,7.988153361784107,7.991411472521575,0.0032581107374678453,1.328153361784107,1.3314114725215749,7.998442843643021,1.338442843643021
2026-09-04,2027-03,jaoh7_7900c,call,79.0,6.55,0.4152590507049439,0.0113853113580927,0.41541509903600266,0.0001560483310587557,7.873029368486893,7.876364255305277,0.0033348868183837865,1.3230293684868935,1.3263642553052772,7.8784580215843825,1.3284580215843826
2026-09-04,2027-03,jaoh7_8000c,call,80.0,6.17,0.4152590507049439,0.0113853113580927,0.41541509903600266,0.0001560483310587557,7.489367318498026,7.492705705718415,0.0033383872203893716,1.319367318498026,1.3227057057184153,7.493170327577038,1.3231703275770377
2026-09-04,2027-03,jaoh7_8025c,call,80.25,6.08,0.4152590507049439,0.0113853113580927,0.41541509903600266,0.0001560483310587557,7.3959201138988915,7.39925844543722,0.0033383315383286316,1.3159201138988914,1.31925844543722,7.399295577474943,1.3192955774749429
2026-09-04,2027-03,jaoh7_8045c,call,80.45,6.01,0.4152590507049439,0.0113853113580927,0.41541509903600266,0.0001560483310587557,7.321864755229245,7.3252027788768075,0.003338023647562416,1.3118647552292453,1.3152027788768077,7.324888943666505,1.3148889436665048
2026-09-04,2027-03,jaoh7_8075c,call,80.75,5.91,0.4152590507049439,0.0113853113580927,0.41541509903600266,0.0001560483310587557,7.2119449863069995,7.215282113451454,0.0033371271444542216,1.3019449863069994,1.3052821134514536,7.214380824818689,1.304380824818689
2026-09-04,2027-03,jaoh7_8100c,call,81.0,5.82,0.4152590507049439,0.0113853113580927,0.41541509903600266,0.0001560483310587557,7.1214046684992995,7.124740654085811,0.003335985586511825,1.3014046684992993,1.304740654085811,7.1233762684540185,1.3033762684540182
2026-09-04,2027-03,jaoh7_8102c,call,81.02,5.81,0.4152590507049439,0.0113853113580927,0.41541509903600266,0.0001560483310587557,7.11420284681661,7.117538725706948,0.0033358788903372627,1.3042028468166107,1.307538725706948,7.116138832475357,1.3061388324753578
2026-09-04,2027-03,jaoh7_8150c,call,81.5,5.65,0.4152590507049439,0.0113853113580927,0.41541509903600266,0.0001560483310587557,6.943187200253,6.946519842443129,0.003332642190128965,1.2931872002529996,1.2965198424431286,6.944474325112414,1.2944743251124136
2026-09-04,2027-03,jaoh7_8185c,call,81.85,5.54,0.4152590507049439,0.0113853113580927,0.41541509903600266,0.0001560483310587557,6.820684316855706,6.824013790775774,0.0033294739200675494,1.280684316855706,1.2840137907757736,6.821571080026297,1.2815710800262972
2026-09-04,2027-03,jaoh7_8342c,call,83.42,5.06,0.4152590507049439,0.0113853113580927,0.41541509903600266,0.0001560483310587557,6.293462514812821,6.296769696701507,0.0033071818886867277,1.233462514812821,1.2367696967015078,6.2919879803232055,1.231987980323206
2026-09-04,2027-03,jaoh7_8500c,call,85.0,4.62,0.4152590507049439,0.0113853113580927,0.41541509903600266,0.0001560483310587557,5.798470748583177,5.801742930730579,0.003272182147401992,1.1784707485831767,1.1817429307305787,5.794956704127821,1.1749567041278208
2026-09-04,2027-03,jaoh7_8525c,call,85.25,4.55,0.4152590507049439,0.0113853113580927,0.41541509903600266,0.0001560483310587557,5.7233106238281035,5.726576184793122,0.003265560965018288,1.1733106238281037,1.176576184793122,5.7195808633933245,1.169580863393325
2026-09-04,2027-03,jaoh7_8575c,call,85.75,4.42,0.4152590507049439,0.0113853113580927,0.41541509903600266,0.0001560483310587557,5.5755192689051,5.578770741136373,0.0032514722312733113,1.1555192689051,1.1587707411363732,5.571342468835917,1.1513424688359173
2026-09-04,2027-03,jaoh7_8635c,call,86.35,4.28,0.4152590507049439,0.0113853113580927,0.41541509903600266,0.0001560483310587557,5.40255660837067,5.405789727527959,0.003233119157289188,1.1225566083706697,1.125789727527959,5.397804847445965,1.1178048474459643
2026-09-04,2027-03,jaoh7_8675c,call,86.75,4.18,0.4152590507049439,0.0113853113580927,0.41541509903600266,0.0001560483310587557,5.2898638503603745,5.293083886570192,0.0032200362098171453,1.1098638503603748,1.113083886570192,5.284734076088827,1.1047340760888271
2026-09-04,2027-03,jaoh7_8700c,call,87.0,4.12,0.4152590507049439,0.0113853113580927,0.41541509903600266,0.0001560483310587557,5.220478900348251,5.223690425314905,0.003211524966653556,1.100478900348251,1.1036904253149045,5.21513120788209,1.0951312078820896
2026-09-04,2027-03,jaoh7_8705c,call,87.05,4.11,0.4152590507049439,0.0113853113580927,0.41541509903600266,0.0001560483310587557,5.2066978963229715,5.209907688687608,0.0032097923646361437,1.0966978963229712,1.0999076886876074,5.201305889255476,1.0913058892554757
2026-09-04,2027-09,jaou7_5800p,put,58.0,3.15,0.4152590507049439,0.0113853113580927,0.41541509903600266,0.0001560483310587557,4.9606254205608415,4.963952428800312,0.003327008239470075,1.8106254205608416,1.8139524288003117,4.926897589321817,1.7768975893218175
2026-09-04,2027-09,jaou7_5900p,put,59.0,3.39,0.4152590507049439,0.0113853113580927,0.41541509903600266,0.0001560483310587557,5.332449476137926,5.335873120811142,0.0034236446732158754,1.9424494761379258,1.9458731208111417,5.296677233893977,1.9066772338939768
2026-09-04,2027-09,jaou7_6000p,put,60.0,3.65,0.4152590507049439,0.0113853113580927,0.41541509903600266,0.0001560483310587557,5.719193801321532,5.722709480969224,0.0035156796476911722,2.0691938013215325,2.0727094809692237,5.681117688745148,2.0311176887451485
2026-09-04,2027-09,jaou7_6200p,put,62.0,4.22,0.4152590507049439,0.0113853113580927,0.41541509903600266,0.0001560483310587557,6.537001741335018,6.540687039812706,0.0036852984776878372,2.3170017413350186,2.3206870398127064,6.495154083031083,2.275154083031083
2026-09-04,2027-09,jaou7_6420p,put,64.2,4.93,0.4152590507049439,0.0113853113580927,0.41541509903600266,0.0001560483310587557,7.503714820351249,7.50756351735353,0.0038486970022812983,2.573714820351249,2.5775635173535303,7.460674035652433,2.5306740356524333
2026-09-04,2027-09,jaou7_6500p,put,65.0,5.2,0.4152590507049439,0.0113853113580927,0.41541509903600266,0.0001560483310587557,7.8723479417341355,7.8762498864179324,0.0039019446837968985,2.6723479417341354,2.6762498864179323,7.828901175818462,2.628901175818462
2026-09-04,2027-09,jaou7_6750p,put,67.5,6.15,0.4152590507049439,0.0113853113580927,0.41541509903600266,0.0001560483310587557,9.081638759598167,9.085685687866746,0.004046928268579109,2.931638759598167,2.935685687866746,9.038302169187554,2.888302169187554
2026-09-04,2027-09,jaou7_6800p,put,68.0,6.35,0.4152590507049439,0.0113853113580927,0.41541509903600266,0.0001560483310587557,9.333714475249694,9.337786512722946,0.0040720374732519105,2.9837144752496947,2.9877865127229466,9.290459143339374,2.9404591433393747
2026-09-04,2027-09,jaou7_6820c,call,68.2,9.96,0.4152590507049439,0.0113853113580927,0.41541509903600266,0.0001560483310587557,12.964820301521737,12.968902021859773,0.004081720338035666,3.004820301521736,3.0089020218597717,12.852075483868292,2.8920754838682914
2026-09-04,2027-09,jaou7_6825c,call,68.25,9.93,0.4152590507049439,0.0113853113580927,0.41541509903600266,0.0001560483310587557,12.942516472602371,12.946600581507319,0.004084108904947925,3.012516472602371,3.016600581507319,12.82977532259955,2.8997753225995506
2026-09-04,2027-09,jaou7_6860c,call,68.6,9.74,0.4152590507049439,0.0113853113580927,0.41541509903600266,0.0001560483310587557,12.787319201062106,12.791419670529107,0.0041004694670014885,3.0473192010621055,3.051419670529107,12.674598941466208,2.9345989414662075
2026-09-04,2027-09,jaou7_6900c,call,69.0,9.53,0.4152590507049439,0.0113853113580927,0.41541509903600266,0.0001560483310587557,12.611933266328741,12.616051665500473,0.004118399171732179,3.0819332663287415,3.0860516655004737,12.499280022326472,2.9692800223264726
2026-09-04,2027-09,jaou7_6900p,put,69.0,6.77,0.4152590507049439,0.0113853113580927,0.41541509903600266,0.0001560483310587557,9.847857149817813,9.851975548989547,0.004118399171733955,3.077857149817813,3.081975548989547,9.804711939928415,3.034711939928416
2026-09-04,2027-09,jaou7_6905c,call,69.05,9.5,0.4152590507049439,0.0113853113580927,0.41541509903600266,0.0001560483310587557,12.590157986669485,12.59427856961491,0.00412058294542561,3.0901579866694853,3.094278569614911,12.477521144635023,2.977521144635024
2026-09-04,2027-09,jaou7_6930c,call,69.3,9.37,0.4152590507049439,0.0113853113580927,0.41541509903600266,0.0001560483310587557,12.481772688989118,12.485903999863032,0.004131310873914273,3.1117726889891184,3.1159039998630327,12.369248408366747,2.999248408366748
2026-09-04,2027-09,jaou7_7000c,call,70.0,9.01,0.4152590507049439,0.0113853113580927,0.41541509903600266,0.0001560483310587557,12.182621302401005,12.186780965748818,0.004159663347813591,3.172621302401005,3.1767809657488186,12.070733249064816,3.060733249064816
2026-09-04,2027-09,jaou7_7000p,put,70.0,7.21,0.4152590507049439,0.0113853113580927,0.41541509903600266,0.0001560483310587557,10.375123360551726,10.37928302389954,0.004159663347813591,3.1651233605517257,3.1692830238995393,10.332743341328408,3.122743341328408
2026-09-04,2027-09,jaou7_7110c,call,71.1,8.47,0.4152590507049439,0.0113853113580927,0.41541509903600266,0.0001560483310587557,11.725243834117457,11.729443082093704,0.004199247976247378,3.255243834117456,3.2594430820937035,11.615046112082512,3.145046112082511
2026-09-04,2027-09,jaou7_7200c,call,72.0,8.04,0.4152590507049439,0.0113853113580927,0.41541509903600266,0.0001560483310587557,11.362383388560824,11.366610574865016,0.004227186304191832,3.3223833885608247,3.3266105748650165,11.254046197199663,3.2140461971996643
2026-09-04,2027-09,jaou7_7335c,call,73.35,7.44,0.4152590507049439,0.0113853113580927,0.41541509903600266,0.0001560483310587557,10.83682212868778,10.84108388055945,0.004261751871670327,3.3968221286877798,3.40108388055945,10.731555520836746,3.291555520836746
2026-09-04,2027-09,jaou7_7400c,call,74.0,7.16,0.4152590507049439,0.0113853113580927,0.41541509903600266,0.0001560483310587557,10.591625507156905,10.595900828390263,0.004275321233357943,3.4316255071569053,3.4359008283902632,10.487657297463247,3.3276572974632472
2026-09-04,2027-09,jaou7_7400p,put,74.0,9.19,0.4152590507049439,0.0113853113580927,0.41541509903600266,0.0001560483310587557,12.610440263954219,12.614715585187577,0.004275321233357943,3.4204402639542195,3.4247155851875775,12.57598008837343,3.3859800883734312
2026-09-04,2027-09,jaou7_7450c,call,74.5,6.95,0.4152590507049439,0.0113853113580927,0.41541509903600266,0.0001560483310587557,10.406421993393808,10.410706421665635,0.004284428271827068,3.456421993393808,3.460706421665635,10.30350029796657,3.35350029796657
2026-09-04,2027-09,jaou7_7450p,put,74.5,9.46,0.4152590507049439,0.0113853113580927,0.41541509903600266,0.0001560483310587557,12.903525837521947,12.907810265793774,0.004284428271827068,3.443525837521946,3.4478102657937733,12.87011217620758,3.41011217620758
2026-09-04,2027-09,jaou7_7500c,call,75.0,6.75,0.4152590507049439,0.0113853113580927,0.41541509903600266,0.0001560483310587557,10.224146341087202,10.228438736353585,0.004292395266382698,3.474146341087202,3.478438736353585,10.122137934945709,3.372137934945709
2026-09-04,2027-09,jaou7_7500p,put,75.0,9.74,0.4152590507049439,0.0113853113580927,0.41541509903600266,0.0001560483310587557,13.199539272546165,13.203831667812548,0.004292395266382698,3.4595392725461647,3.4638316678125474,13.16703890051754,3.4270389005175392
2026-09-04,2027-09,jaou7_7542c,call,75.42,6.58,0.4152590507049439,0.0113853113580927,0.41541509903600266,0.0001560483310587557,10.073272909631934,10.077571128051732,0.004298218419798161,3.4932729096319335,3.4975711280517316,9.972088182247065,3.3920881822470648
2026-09-04,2027-09,jaou7_7550c,call,75.5,6.55,0.4152590507049439,0.0113853113580927,0.41541509903600266,0.0001560483310587557,10.044765008621965,10.049064247130495,0.004299238508529868,3.4947650086219655,3.4990642471304954,9.94374861710164,3.3937486171016404
2026-09-04,2027-09,jaou7_7600c,call,76.0,6.36,0.4152590507049439,0.0113853113580927,0.41541509903600266,0.0001560483310587557,9.868244335137279,9.872549309919481,0.0043049747822028195,3.5082443351372783,3.512549309919481,9.768239339447838,3.408239339447838
2026-09-04,2027-09,jaou7_7610c,call,76.1,6.32,0.4152590507049439,0.0113853113580927,0.41541509903600266,0.0001560483310587557,9.83328051041943,9.837586501129511,0.004305990710081531,3.5132805104194293,3.517586501129511,9.73346437230587,3.413464372305869
2026-09-04,2027-09,jaou7_7705c,call,77.05,5.98,0.4152590507049439,0.0113853113580927,0.41541509903600266,0.0001560483310587557,9.506712117014825,9.511025611980493,0.004313494965668241,3.5267121170148243,3.5310256119804926,9.408685225414407,3.428685225414407
2026-09-04,2027-09,jaou7_7710c,call,77.1,5.96,0.4152590507049439,0.0113853113580927,0.41541509903600266,0.0001560483310587557,9.48980192105191,9.494115704668804,0.004313783616893829,3.5298019210519103,3.534115704668804,9.391863060453794,3.431863060453794
2026-09-04,2027-09,jaou7_7725c,call,77.25,5.91,0.4152590507049439,0.0113853113580927,0.41541509903600266,0.0001560483310587557,9.439236342968302,9.443550929586872,0.004314586618569649,3.529236342968302,3.5335509295868714,9.341558773509131,3.4315587735091317
2026-09-04,2028-03,jaoh8_5740p,put,57.4,3.75,0.4152590507049439,0.0113853113580927,0.41541509903600266,0.0001560483310587557,7.033628064430774,7.037709536520596,0.004081472089822569,3.283628064430774,3.2877095365205964,7.042506008186113,3.2925060081861126
2026-09-04,2028-03,jaoh8_5900p,put,59.0,4.19,0.4152590507049439,0.0113853113580927,0.41541509903600266,0.0001560483310587557,7.721158509007298,7.725376751593275,0.004218242585977805,3.531158509007297,3.535376751593275,7.7308300187212975,3.540830018721297
2026-09-04,2028-03,jaoh8_6000p,put,60.0,4.49,0.4152590507049439,0.0113853113580927,0.41541509903600266,0.0001560483310587557,8.166938090874883,8.171236071763222,0.0042979808883387705,3.6769380908748825,3.6812360717632213,8.176894511005587,3.686894511005587
2026-09-04,2028-03,jaoh8_6151c,call,61.51,12.81,0.4152590507049439,0.0113853113580927,0.41541509903600266,0.0001560483310587557,16.68078895522875,16.685198892584125,0.004409937355376314,3.8707889552287487,3.875198892584125,16.68130603576792,3.8713060357679208
2026-09-04,2028-03,jaoh8_6165p,put,61.65,5.01,0.4152590507049439,0.0113853113580927,0.41541509903600266,0.0001560483310587557,8.928941010109202,8.9333608114175,0.004419801308298332,3.9189410101092026,3.923360811417501,8.938945361351882,3.9289453613518814
2026-09-04,2028-03,jaoh8_6200c,call,62.0,12.51,0.4152590507049439,0.0113853113580927,0.41541509903600266,0.0001560483310587557,16.454295813247498,16.458739891246637,0.00444407799913904,3.944295813247498,3.948739891246637,16.454724041642926,3.9447240416429263
2026-09-04,2028-03,jaoh8_6200p,put,62.0,5.13,0.4152590507049439,0.0113853113580927,0.41541509903600266,0.0001560483310587557,9.09474853924009,9.099192617239229,0.00444407799913904,3.96474853924009,3.969192617239229,9.104683612424258,3.9746836124242586
2026-09-04,2028-03,jaoh8_6250p,put,62.5,5.3,0.4152590507049439,0.0113853113580927,0.41541509903600266,0.0001560483310587557,9.334113959867462,9.338591769874192,0.004477810006729754,4.0341139598674625,4.038591769874192,9.343906146578014,4.043906146578014
2026-09-04,2028-03,jaoh8_6420c,call,64.2,11.21,0.4152590507049439,0.0113853113580927,0.41541509903600266,0.0001560483310587557,15.471856034585251,15.47644021096095,0.0045841763756993,4.26185603458525,4.266440210960949,15.471267622244836,4.261267622244835
2026-09-04,2028-03,jaoh8_6500c,call,65.0,10.76,0.4152590507049439,0.0113853113580927,0.41541509903600266,0.0001560483310587557,15.12829973145172,15.13292954072209,0.004629809270369378,4.368299731451721,4.37292954072209,15.127229859000778,4.367229859000778
2026-09-04,2028-03,jaoh8_6500p,put,65.0,6.2,0.4152590507049439,0.0113853113580927,0.41541509903600266,0.0001560483310587557,10.574170732161233,10.578800541431603,0.004629809270369378,4.374170732161233,4.378800541431603,10.582607704499036,4.382607704499036
2026-09-04,2028-03,jaoh8_6600c,call,66.0,10.21,0.4152590507049439,0.0113853113580927,0.41541509903600266,0.0001560483310587557,14.708876159013913,14.713559072153966,0.004682913140053202,4.498876159013912,4.503559072153966,14.70713663187761,4.497136631877609
2026-09-04,2028-03,jaoh8_6600p,put,66.0,6.58,0.4152590507049439,0.0113853113580927,0.41541509903600266,0.0001560483310587557,11.089886584629067,11.09456949776912,0.004682913140053202,4.509886584629067,4.51456949776912,11.09765390228151,4.517653902281509
2026-09-04,2028-03,jaoh8_6750p,put,67.5,7.19,0.4152590507049439,0.0113853113580927,0.41541509903600266,0.0001560483310587557,11.883902606870885,11.888657083821537,0.004754476950651565,4.693902606870885,4.698657083821536,11.890209405053705,4.700209405053704
2026-09-04,2028-03,jaoh8_6775c,call,67.75,9.28,0.4152590507049439,0.0113853113580927,0.41541509903600266,0.0001560483310587557,14.001076288219002,14.005841760846105,0.004765472627102696,4.7210762882190025,4.725841760846105,13.99762395754634,4.717623957546341
2026-09-04,2028-03,jaoh8_6875c,call,68.75,8.77,0.4152590507049439,0.0113853113580927,0.41541509903600266,0.0001560483310587557,13.611217707397174,13.616024541096023,0.0048068336988489335,4.841217707397174,4.846024541096023,13.606708135759316,4.8367081357593165
2026-09-04,2028-03,jaoh8_6890c,call,68.9,8.7,0.4152590507049439,0.0113853113580927,0.41541509903600266,0.0001560483310587557,13.553636670192024,13.55844934931572,0.0048126791236970945,4.853636670192024,4.8584493493157215,13.548993059251494,4.848993059251495
2026-09-04,2028-03,jaoh8_7000c,call,70.0,8.16,0.4152590507049439,0.0113853113580927,0.41541509903600266,0.0001560483310587557,13.138420067687715,13.143272795128755,0.004852727441040372,4.978420067687715,4.983272795128755,13.133111139017402,4.973111139017401
2026-09-04,2028-03,jaoh8_7000p,put,70.0,8.28,0.4152590507049439,0.0113853113580927,0.41541509903600266,0.0001560483310587557,13.25998819292543,13.26484092036647,0.004852727441040372,4.979988192925431,4.984840920366471,13.264186109043855,4.984186109043856
2026-09-04,2028-03,jaoh8_7110c,call,71.1,7.64,0.4152590507049439,0.0113853113580927,0.41541509903600266,0.0001560483310587557,12.735395941047297,12.74028383806682,0.0048878970195218585,5.095395941047298,5.10028383806682,12.729519052900471,5.089519052900472
2026-09-04,2028-03,jaoh8_7275c,call,72.75,6.91,0.4152590507049439,0.0113853113580927,0.41541509903600266,0.0001560483310587557,12.1530893166065,12.158021086192711,0.004931769586210777,5.2430893166065005,5.248021086192711,12.146297669831329,5.236297669831329
2026-09-04,2028-03,jaoh8_7340c,call,73.4,6.64,0.4152590507049439,0.0113853113580927,0.41541509903600266,0.0001560483310587557,11.930836635137407,11.935782843569827,0.004946208432420107,5.290836635137407,5.295782843569827,11.9237800501288,5.2837800501288
2026-09-04,2028-03,jaoh8_7450c,call,74.5,6.2,0.4152590507049439,0.0113853113580927,0.41541509903600266,0.0001560483310587557,11.563676498688704,11.56864359044432,0.004967091755617048,5.3636764986887036,5.368643590444321,11.556102980266171,5.356102980266171
2026-09-04,2028-03,jaoh8_7450p,put,74.5,10.54,0.4152590507049439,0.0113853113580927,0.41541509903600266,0.0001560483310587557,15.893372036001802,15.898339127757419,0.004967091755617048,5.353372036001803,5.35833912775742,15.895305362368012,5.3553053623680125
2026-09-04,2028-03,jaoh8_7475c,call,74.75,6.1,0.4152590507049439,0.0113853113580927,0.41541509903600266,0.0001560483310587557,11.481777778692837,11.486749005743963,0.004971227051125737,5.381777778692838,5.3867490057439635,11.47399432031641,5.37399432031641
2026-09-04,2028-03,jaoh8_7500c,call,75.0,6.01,0.4152590507049439,0.0113853113580927,0.41541509903600266,0.0001560483310587557,11.400444819667161,11.405419959294704,0.004975139627543257,5.390444819667161,5.3954199592947045,11.392443282579968,5.382443282579969
2026-09-04,2028-03,jaoh8_7550c,call,75.5,5.82,0.4152590507049439,0.0113853113580927,0.41541509903600266,0.0001560483310587557,11.239462896961145,11.244445200318928,0.00498230335778338,5.419462896961145,5.424445200318928,11.231005835500886,5.411005835500886
2026-09-04,2028-03,jaoh8_7670c,call,76.7,5.41,0.4152590507049439,0.0113853113580927,0.41541509903600266,0.0001560483310587557,10.862126924093802,10.867122894534997,0.004995970441195041,5.452126924093802,5.457122894534997,10.852723185037847,5.442723185037847
2026-09-04,2028-03,jaoh8_7700c,call,77.0,5.31,0.4152590507049439,0.0113853113580927,0.41541509903600266,0.0001560483310587557,10.769751202084917,10.774749828050757,0.004998625965839665,5.4597512020849175,5.464749828050757,10.760116153505589,5.450116153505589
2026-09-04,2028-03,jaoh8_7775c,call,77.75,5.07,0.4152590507049439,0.0113853113580927,0.41541509903600266,0.0001560483310587557,10.542177132008774,10.547181097468393,0.0050039654596183425,5.472177132008774,5.477181097468392,10.532088110860403,5.462088110860403
2026-09-04,2028-09,jaou8_5000p,put,50.0,2.82,0.4152590507049439,0.0113853113580927,0.41541509903600266,0.0001560483310587557,5.774398615557484,5.7783248832902,0.003926267732715871,2.954398615557484,2.9583248832902,5.793820500299801,2.973820500299801
2026-09-04,2028-09,jaou8_5500p,put,55.0,3.94,0.4152590507049439,0.0113853113580927,0.41541509903600266,0.0001560483310587557,7.771049260937579,7.7754807794827325,0.004431518545153779,3.831049260937579,3.8354807794827326,7.793570932007553,3.853570932007553
2026-09-04,2028-09,jaou8_5700p,put,57.0,4.45,0.4152590507049439,0.0113853113580927,0.41541509903600266,0.0001560483310587557,8.649217178289542,8.65382333110721,0.0046061528176686295,4.199217178289541,4.20382333110721,8.672239838909558,4.222239838909558
2026-09-04,2028-09,jaou8_5740p,put,57.4,4.56,0.4152590507049439,0.0113853113580927,0.41541509903600266,0.0001560483310587557,8.830095628954375,8.834734781184899,0.004639152230524246,4.270095628954375,4.2747347811848995,8.85314014245119,4.293140142451191
2026-09-04,2028-09,jaou8_6151c,call,61.51,12.25,0.4152590507049439,0.0113853113580927,0.41541509903600266,0.0001560483310587557,17.24703127445077,17.251972294609793,0.004941020159023424,4.9970312744507694,5.001972294609793,17.383033126612297,5.133033126612297
2026-09-04,2028-09,jaou8_6165p,put,61.65,5.81,0.4152590507049439,0.0113853113580927,0.41541509903600266,0.0001560483310587557,10.855825543967022,10.860775661207015,0.004950117239992835,5.045825543967022,5.050775661207015,10.876875272084735,5.066875272084736
2026-09-04,2028-09,jaou8_6200p,put,62.0,5.92,0.4152590507049439,0.0113853113580927,0.41541509903600266,0.0001560483310587557,11.030859714094703,11.03583223633792,0.0049725222432179805,5.110859714094703,5.115832236337921,11.051566099738064,5.131566099738064
2026-09-04,2028-09,jaou8_6250p,put,62.5,6.08,0.4152590507049439,0.0113853113580927,0.41541509903600266,0.0001560483310587557,11.283006281069106,11.288009976494077,0.005003695424971255,5.203006281069106,5.208009976494077,11.303206496837946,5.223206496837946
2026-09-04,2028-09,jaou8_6500c,call,65.0,10.21,0.4152590507049439,0.0113853113580927,0.41541509903600266,0.0001560483310587557,15.853014933401369,15.858159977188404,0.005145043787035064,5.643014933401368,5.648159977188403,15.985587825232653,5.775587825232652
2026-09-04,2028-09,jaou8_6500p,put,65.0,6.92,0.4152590507049439,0.0113853113580927,0.41541509903600266,0.0001560483310587557,12.579949660226,12.585094704013034,0.005145043787035064,5.659949660225999,5.665094704013034,12.597702722439603,5.677702722439603
2026-09-04,2028-09,jaou8_6570c,call,65.7,9.82,0.4152590507049439,0.0113853113580927,0.41541509903600266,0.0001560483310587557,15.58731779477664,15.592498155231354,0.005180360454714261,5.767317794776639,5.772498155231354,15.71962943472761,5.8996294347276095
2026-09-04,2028-09,jaou8_6600c,call,66.0,9.65,0.4152590507049439,0.0113853113580927,0.41541509903600266,0.0001560483310587557,15.474826579035518,15.480021515101871,0.0051949360663527955,5.824826579035518,5.830021515101871,15.607080831208773,5.957080831208772
2026-09-04,2028-09,jaou8_6650c,call,66.5,9.38,0.4152590507049439,0.0113853113580927,0.41541509903600266,0.0001560483310587557,15.289160666725557,15.294379155236575,0.005218488511017583,5.9091606667255565,5.914379155236574,15.421356059727684,6.041356059727683
2026-09-04,2028-09,jaou8_6750p,put,67.5,7.86,0.4152590507049439,0.0113853113580927,0.41541509903600266,0.0001560483310587557,13.935034277513676,13.940297125860381,0.005262848346704985,6.075034277513676,6.080297125860381,13.952467188548075,6.092467188548075
2026-09-04,2028-09,jaou8_6775c,call,67.75,8.73,0.4152590507049439,0.0113853113580927,0.41541509903600266,0.0001560483310587557,14.83480298950632,14.840076362378147,0.005273372871826609,6.10480298950632,6.110076362378146,14.967062898636824,6.237062898636824
2026-09-04,2028-09,jaou8_7000c,call,70.0,7.63,0.4152590507049439,0.0113853113580927,0.41541509903600266,0.0001560483310587557,14.051267423637302,14.056625584376565,0.005358160739262985,6.421267423637302,6.426625584376565,14.18376811177238,6.5537681117723805
2026-09-04,2028-09,jaou8_7000p,put,70.0,8.94,0.4152590507049439,0.0113853113580927,0.41541509903600266,0.0001560483310587557,15.34526997349732,15.350628134236583,0.005358160739262985,6.405269973497321,6.410628134236584,15.362950832014718,6.422950832014719
2026-09-04,2028-09,jaou8_7110c,call,71.1,7.15,0.4152590507049439,0.0113853113580927,0.41541509903600266,0.0001560483310587557,13.683728509446265,13.689121788368622,0.00539327892235697,6.533728509446265,6.539121788368622,13.81626461514496,6.666264615144959
2026-09-04,2028-09,jaou8_7275c,call,72.75,6.47,0.4152590507049439,0.0113853113580927,0.41541509903600266,0.0001560483310587557,13.15083402085195,13.156272488115947,0.0054384672639979925,6.680834020851949,6.686272488115947,13.283043069403076,6.813043069403077
2026-09-04,2028-09,jaou8_7340c,call,73.4,6.22,0.4152590507049439,0.0113853113580927,0.41541509903600266,0.0001560483310587557,12.946818453220805,12.952272326543474,0.0054538733226685565,6.7268184532208055,6.732272326543474,13.078670628608482,6.858670628608482
2026-09-04,2028-09,jaou8_7450c,call,74.5,5.82,0.4152590507049439,0.0113853113580927,0.41541509903600266,0.0001560483310587557,12.608978537230959,12.614455492636122,0.005476955405162798,6.788978537230959,6.794455492636121,12.74028739915462,6.9202873991546205
2026-09-04,2028-09,jaou8_7450p,put,74.5,11.26,0.4152590507049439,0.0113853113580927,0.41541509903600266,0.0001560483310587557,18.013342127822824,18.01881908322799,0.005476955405164574,6.753342127822824,6.758819083227989,18.0298311601288,6.769831160128801
2026-09-04,2028-09,jaou8_7500c,call,75.0,5.65,0.4152590507049439,0.0113853113580927,0.41541509903600266,0.0001560483310587557,12.4584442256271,12.463930456804961,0.0054862311778620665,6.808444225627099,6.813930456804961,12.58955275485277,6.93955275485277
2026-09-04,2028-09,jaou8_7560c,call,75.6,5.46,0.4152590507049439,0.0113853113580927,0.41541509903600266,0.0001560483310587557,12.280259746977991,12.285756127260605,0.0054963802826133445,6.8202597469779915,6.825756127260605,12.411175237223004,6.951175237223004
2026-09-04,2028-09,jaou8_7670c,call,76.7,5.12,0.4152590507049439,0.0113853113580927,0.41541509903600266,0.0001560483310587557,11.96042999795368,11.96594226422841,0.005512266274729782,6.84042999795368,6.84594226422841,12.09101109167552,6.97101109167552
2026-09-04,2028-09,jaou8_7925c,call,79.25,4.42,0.4152590507049439,0.0113853113580927,0.41541509903600266,0.0001560483310587557,11.251938560420188,11.25747470185423,0.005536141434042463,6.831938560420188,6.83747470185423,11.381418194401382,6.961418194401382
2026-09-04,2028-09,jaou8_8000c,call,80.0,4.24,0.4152590507049439,0.0113853113580927,0.41541509903600266,0.0001560483310587557,11.052013466055293,11.057553348149181,0.0055398820938883375,6.8120134660552925,6.817553348149181,11.180885886472565,6.940885886472564
2026-09-08,2026-10,jaov6_10000c,call,100.0,1.58,0.4149296148914277,0.0112378821752049,0.41508176942589553,0.0001521545344678188,1.1125257918173324,1.1136348319832559,0.0011090401659235027,-0.4674742081826677,-0.4663651680167442,1.0941570307050943,-0.4858429692949058
2026-09-08,2026-10,jaov6_10205c,call,102.05,1.29,0.4149296148914277,0.0112378821752049,0.41508176942589553,0.0001521545344678188,0.8235268067171929,0.8244776198640433,0.0009508131468504155,-0.4664731932828071,-0.4655223801359567,0.8085720542902779,-0.4814279457097221
2026-09-08,2026-10,jaov6_10240c,call,102.4,1.24,0.4149296148914277,0.0112378821752049,0.41508176942589553,0.0001521545344678188,0.7813002756533423,0.7822243040136064,0.000924028360264173,-0.45869972434665773,-0.45777569598639356,0.7668842756756479,-0.4731157243243521
2026-09-08,2026-10,jaov6_10300c,call,103.0,1.17,0.4149296148914277,0.0112378821752049,0.41508176942589553,0.0001521545344678188,0.7132766524949476,0.7141551820145331,0.000878529519585447,-0.4567233475050523,-0.45584481798546683,0.6997824006395873,-0.4702175993604126
2026-09-08,2026-10,jaov6_10500c,call,105.0,0.96,0.4149296148914277,0.0112378821752049,0.41508176942589553,0.0001521545344678188,0.5224620160001799,0.5231946145949241,0.0007325985947441715,-0.43753798399982,-0.43680538540507585,0.512116023314844,-0.447883976685156
2026-09-08,2026-10,jaov6_10800c,call,108.0,0.71,0.4149296148914277,0.0112378821752049,0.41508176942589553,0.0001521545344678188,0.32057935720420966,0.3211173221871713,0.0005379649829616584,-0.3894206427957903,-0.38888267781282865,0.3140635966904014,-0.3959364033095985
2026-09-08,2026-10,jaov6_11500c,call,115.0,0.37,0.4149296148914277,0.0112378821752049,0.41508176942589553,0.0001521545344678188,0.09348235100635723,0.0937075592459056,0.00022520823954837177,-0.2765176489936428,-0.2762924407540944,0.0921384005821655,-0.2778615994178345
2026-09-08,2026-10,jaov6_12100c,call,121.0,0.23,0.4149296148914277,0.0112378821752049,0.41508176942589553,0.0001521545344678188,0.029640167873915886,0.029732726377156966,9.255850324108028e-05,-0.20035983212608413,-0.20026727362284305,0.0297787811483292,-0.2002212188516708
2026-09-08,2026-10,jaov6_12500c,call,125.0,0.17,0.4149296148914277,0.0112378821752049,0.41508176942589553,0.0001521545344678188,0.013220456008745893,0.013268549069586529,4.80930608406354e-05,-0.15677954399125413,-0.1567314509304135,0.0137477688586387,-0.1562522311413613
2026-09-08,2026-10,jaov6_16000c,call,160.0,0.02,0.4149296148914277,0.0112378821752049,0.41508176942589553,0.0001521545344678188,4.171327100391799e-06,4.20925561246111e-06,3.7928512069311196e-08,-0.019995828672899608,-0.01999579074438754,1.5837021030513374e-05,-0.0199841629789694
2026-09-08,2026-10,jaov6_7200p,put,72.0,0.29,0.4149296148914277,0.0112378821752049,0.41508176942589553,0.0001521545344678188,0.1739906984821573,0.1743224488042756,0.000331750322118296,-0.11600930151784267,-0.11567755119572437,0.1707097195346598,-0.1192902804653401
2026-09-08,2026-10,jaov6_7400p,put,74.0,0.43,0.4149296148914277,0.0112378821752049,0.41508176942589553,0.0001521545344678188,0.29746802124378924,0.2979476826794851,0.00047966143569588837,-0.13253197875621076,-0.13205231732051487,0.2919723906761126,-0.1380276093238874
2026-09-08,2026-10,jaov6_7450p,put,74.5,0.47,0.4149296148914277,0.0112378821752049,0.41508176942589553,0.0001521545344678188,0.337384340045638,0.3379055668726334,0.0005212268269954023,-0.13261565995436198,-0.13209443312736657,0.3310723730101166,-0.1389276269898833
2026-09-08,2026-10,jaov6_7500p,put,75.0,0.52,0.4149296148914277,0.0112378821752049,0.41508176942589553,0.0001521545344678188,0.3814679822148026,0.3820324041500083,0.0005644219352056723,-0.13853201778519741,-0.13796759584999174,0.3744201125620742,-0.1455798874379258
2026-09-08,2026-10,jaov6_7600p,put,76.0,0.63,0.4149296148914277,0.0112378821752049,0.41508176942589553,0.0001521545344678188,0.48327742413664154,0.48393255680432823,0.0006551326676866864,-0.14672257586335846,-0.14606744319567178,0.4747315042595264,-0.1552684957404735
2026-09-08,2026-10,jaov6_7800p,put,78.0,0.9,0.4149296148914277,0.0112378821752049,0.41508176942589553,0.0001521545344678188,0.7495650985844886,0.7504139583827723,0.000848859798283641,-0.1504349014155114,-0.14958604161722777,0.7377445697986222,-0.1622554302013777
2026-09-08,2026-10,jaov6_8000p,put,80.0,1.28,0.4149296148914277,0.0112378821752049,0.41508176942589553,0.0001521545344678188,1.1146184766211569,1.1156659127164215,0.0010474360952645867,-0.16538152337884315,-0.16433408728357857,1.099447912823402,-0.180552087176598
2026-09-08,2026-10,jaov6_8200p,put,82.0,1.77,0.4149296148914277,0.0112378821752049,0.41508176942589553,0.0001521545344678188,1.595307718105082,1.5965428880988854,0.0012351699938033533,-0.17469228189491792,-0.17345711190111457,1.5776543372165006,-0.1923456627834994
2026-09-08,2026-10,jaov6_8250p,put,82.5,1.92,0.4149296148914277,0.0112378821752049,0.41508176942589553,0.0001521545344678188,1.7352669091319735,1.7365454515058838,0.0012785423739103408,-0.18473309086802647,-0.18345454849411613,1.717027463590214,-0.2029725364097858
2026-09-08,2026-10,jaov6_9000p,put,90.0,5.22,0.4149296148914277,0.0112378821752049,0.41508176942589553,0.0001521545344678188,4.888380804050317,4.88999244983699,0.001611645786673499,-0.33161919594968303,-0.33000755016300953,4.864929042489077,-0.3550709575109225
2026-09-08,2026-10,jaov6_9200c,call,92.0,3.54,0.4149296148914277,0.0112378821752049,0.41508176942589553,0.0001521545344678188,3.1641156716884624,3.16569706050617,0.0015813888177076407,-0.3758843283115376,-0.37430293949383,3.1342885461384284,-0.4057114538615716
2026-09-08,2026-10,jaov6_9225c,call,92.25,3.45,0.4149296148914277,0.0112378821752049,0.41508176942589553,0.0001521545344678188,3.072280076183629,3.0738543626009998,0.001574286417370896,-0.3777199238163713,-0.3761456373990004,3.042884420085703,-0.4071155799142971
2026-09-08,2026-10,jaov6_9348c,call,93.48,3.05,0.4149296148914277,0.0112378821752049,0.41508176942589553,0.0001521545344678188,2.6496744902376936,2.651204109361403,0.0015296191237093026,-0.4003255097623062,-0.3987958906385969,2.6224427959928733,-0.4275572040071265
2026-09-08,2026-10,jaov6_9353c,call,93.53,3.04,0.4149296148914277,0.0112378821752049,0.41508176942589553,0.0001521545344678188,2.6334995530559215,2.635027033063385,0.0015274800074633887,-0.4065004469440785,-0.4049729669366151,2.6063458292060484,-0.4336541707939516
2026-09-08,2026-10,jaov6_9435c,call,94.35,2.8,0.4149296148914277,0.0112378821752049,0.41508176942589553,0.0001521545344678188,2.379045131044395,2.380534228735748,0.0014890976913530807,-0.42095486895560486,-0.4194657712642518,2.352807496900124,-0.4471925030998758
2026-09-08,2026-10,jaov6_9700c,call,97.0,2.15,0.4149296148914277,0.0112378821752049,0.41508176942589553,0.0001521545344678188,1.6872157830044596,1.6885454651479386,0.0013296821434789496,-0.4627842169955403,-0.46145453485206134,1.664130799569287,-0.485869200430713
2026-09-08,2026-10,jaov6_9800c,call,98.0,1.94,0.4149296148914277,0.0112378821752049,0.41508176942589553,0.0001521545344678188,1.4732279367022287,1.4744871620769955,0.0012592253747667481,-0.4667720632977712,-0.46551283792300446,1.4513338685286976,-0.4886661314713023
2026-09-08,2026-10,jaov6_9911c,call,99.11,1.73,0.4149296148914277,0.0112378821752049,0.41508176942589553,0.0001521545344678188,1.2625851195708806,1.2637620696651257,0.0011769500942451216,-0.4674148804291194,-0.46623793033487426,1.2426263476315504,-0.4873736523684495
2026-09-08,2026-10,jaov6_9955c,call,99.55,1.66,0.4149296148914277,0.0112378821752049,0.41508176942589553,0.0001521545344678188,1.1863944608138042,1.1875379900578151,0.0011435292440109546,-0.47360553918619575,-0.4724620099421848,1.1672303568988591,-0.4927696431011408
2026-09-08,2026-11,jaox6_10000c,call,100.0,2.33,0.4149296148914277,0.0112378821752049,0.41508176942589553,0.0001521545344678188,1.7536389057410053,1.7552585824407694,0.0016196766997640388,-0.5763610942589947,-0.5747414175592307,1.7807275081623375,-0.5492724918376626
2026-09-08,2026-11,jaox6_10205c,call,102.05,2.03,0.4149296148914277,0.0112378821752049,0.41508176942589553,0.0001521545344678188,1.4277506601769439,1.429221822763054,0.0014711625861101307,-0.602249339823056,-0.6007781772369458,1.4554717910303514,-0.5745282089696484
2026-09-08,2026-11,jaox6_10240c,call,102.4,1.98,0.4149296148914277,0.0112378821752049,0.41508176942589553,0.0001521545344678188,1.3777415156755946,1.3791870357781921,0.001445520102597575,-0.6022584843244054,-0.6008129642218079,1.4055615812078062,-0.5744384187921938
2026-09-08,2026-11,jaox6_10500c,call,105.0,1.66,0.4149296148914277,0.0112378821752049,0.41508176942589553,0.0001521545344678188,1.0519983470005791,1.0532541286858148,0.0012557816852356574,-0.6080016529994208,-0.6067458713141851,1.0799026164613112,-0.5800973835386887
2026-09-08,2026-11,jaox6_10800c,call,108.0,1.36,0.4149296148914277,0.0112378821752049,0.41508176942589553,0.0001521545344678188,0.7627294957893515,0.7637751137964778,0.0010456180071263255,-0.5972705042106486,-0.5962248862035223,0.7901242043427036,-0.5698757956572965
2026-09-08,2026-11,jaox6_7200p,put,72.0,1.11,0.4149296148914277,0.0112378821752049,0.41508176942589553,0.0001521545344678188,1.0105861323461465,1.0117146730831141,0.0011285407369676648,-0.09941386765385363,-0.09828532691688596,1.0247829812397704,-0.0852170187602296
2026-09-08,2026-11,jaox6_7400p,put,74.0,1.46,0.4149296148914277,0.0112378821752049,0.41508176942589553,0.0001521545344678188,1.3824336783609947,1.3837692724497614,0.0013355940887667117,-0.07756632163900523,-0.07623072755023852,1.3963870093863913,-0.0636129906136087
2026-09-08,2026-11,jaox6_7450p,put,74.5,1.57,0.4149296148914277,0.0112378821752049,0.41508176942589553,0.0001521545344678188,1.4889838474302337,1.4903705360331578,0.0013866886029241243,-0.08101615256976635,-0.07962946396684223,1.5029361609729912,-0.0670638390270088
2026-09-08,2026-11,jaox6_7500p,put,75.0,1.68,0.4149296148914277,0.0112378821752049,0.41508176942589553,0.0001521545344678188,1.6012494139793159,1.6026866226188918,0.001437208639575971,-0.07875058602068408,-0.0773133773811081,1.6153209495792702,-0.0646790504207297
2026-09-08,2026-11,jaox6_7600p,put,76.0,1.91,0.4149296148914277,0.0112378821752049,0.41508176942589553,0.0001521545344678188,1.8434366612718964,1.844972581407287,0.0015359201353906116,-0.0665633387281035,-0.06502741859271288,1.8580276239105424,-0.0519723760894574
2026-09-08,2026-11,jaox6_7800p,put,78.0,2.46,0.4149296148914277,0.0112378821752049,0.41508176942589553,0.0001521545344678188,2.4016026887373574,2.403322657149536,0.0017199684121784742,-0.05839731126264258,-0.05667734285046411,2.416028575417173,-0.0439714245828271
2026-09-08,2026-11,jaox6_8000p,put,80.0,3.12,0.4149296148914277,0.0112378821752049,0.41508176942589553,0.0001521545344678188,3.063035834619047,3.064915008995179,0.0018791743761319424,-0.05696416538095317,-0.05508499100482123,3.07755269655732,-0.0424473034426799
2026-09-08,2026-11,jaox6_8200p,put,82.0,3.9,0.4149296148914277,0.0112378821752049,0.41508176942589553,0.0001521545344678188,3.8317017810795875,3.8337084287239147,0.0020066476443272308,-0.06829821892041243,-0.0662915712760852,3.846621332489176,-0.0533786675108238
2026-09-08,2026-11,jaox6_8250p,put,82.5,4.11,0.4149296148914277,0.0112378821752049,0.41508176942589553,0.0001521545344678188,4.040876112950929,4.042909062271769,0.0020329493208395277,-0.06912388704907091,-0.06709093772823138,4.055771218577279,-0.0542287814227213
2026-09-08,2026-11,jaox6_8950c,call,89.5,4.91,0.4149296148914277,0.0112378821752049,0.41508176942589553,0.0001521545344678188,4.5763600635766,4.578508016367914,0.0021479527913141894,-0.33363993642339995,-0.33149198363208576,4.60425804434371,-0.3057419556562903
2026-09-08,2026-11,jaox6_9000c,call,90.0,4.74,0.4149296148914277,0.0112378821752049,0.41508176942589553,0.0001521545344678188,4.388652932928958,4.390791552754429,0.002138619825471366,-0.3513470670710426,-0.3492084472455712,4.416388415927927,-0.323611584072073
2026-09-08,2026-11,jaox6_9000p,put,90.0,8.24,0.4149296148914277,0.0112378821752049,0.41508176942589553,0.0001521545344678188,7.982116831400747,7.984255451226218,0.002138619825471366,-0.2578831685992533,-0.25574454877378194,7.996610142766559,-0.2433898572334412
2026-09-08,2026-11,jaox6_9025c,call,90.25,4.66,0.4149296148914277,0.0112378821752049,0.41508176942589553,0.0001521545344678188,4.2970668059842945,4.299199967039158,0.002133161054863386,-0.3629331940157057,-0.3608000329608423,4.324751446247314,-0.3352485537526863
2026-09-08,2026-11,jaox6_9100c,call,91.0,4.41,0.4149296148914277,0.0112378821752049,0.41508176942589553,0.0001521545344678188,4.031230975206214,4.033344694584901,0.0021137193786868735,-0.3787690247937858,-0.37665530541509895,4.058681462360957,-0.3513185376390435
2026-09-08,2026-11,jaox6_9196c,call,91.96,4.12,0.4149296148914277,0.0112378821752049,0.41508176942589553,0.0001521545344678188,3.7100498724580793,3.7121323161475233,0.0020824436894439913,-0.40995012754192084,-0.40786768385247685,3.7375296036800703,-0.3824703963199298
2026-09-08,2026-11,jaox6_9200c,call,92.0,4.11,0.4149296148914277,0.0112378821752049,0.41508176942589553,0.0001521545344678188,3.6971225397472454,3.6992035318654883,0.0020809921182429747,-0.41287746025275496,-0.410796468134512,3.724619717772269,-0.3853802822277314
2026-09-08,2026-11,jaox6_9225c,call,92.25,4.04,0.4149296148914277,0.0112378821752049,0.41508176942589553,0.0001521545344678188,3.6171385739441195,3.6192102345783064,0.002071660634186845,-0.4228614260558805,-0.42078976542169366,3.644722125040177,-0.3952778749598229
2026-09-08,2026-11,jaox6_9348c,call,93.48,3.69,0.4149296148914277,0.0112378821752049,0.41508176942589553,0.0001521545344678188,3.243586876689178,3.2456064320278433,0.0020195553386654908,-0.44641312331082217,-0.4443935679721567,3.2712539320266507,-0.4187460679733492
2026-09-08,2026-11,jaox6_9353c,call,93.53,3.68,0.4149296148914277,0.0112378821752049,0.41508176942589553,0.0001521545344678188,3.229088964971794,3.2311061957375347,0.002017230765740674,-0.4509110350282062,-0.4488938042624655,3.256776125593949,-0.4232238744060512
2026-09-08,2026-11,jaox6_9435c,call,94.35,3.47,0.4149296148914277,0.0112378821752049,0.41508176942589553,0.0001521545344678188,2.9987488758623493,3.00072585937493,0.001976983512580688,-0.4712511241376509,-0.4692741406250702,3.02672129394073,-0.44327870605927
2026-09-08,2026-11,jaox6_9700c,call,97.0,2.87,0.4149296148914277,0.0112378821752049,0.41508176942589553,0.0001521545344678188,2.344878643384003,2.3467021088683455,0.0018234654843425346,-0.5251213566159971,-0.5232978911316546,2.371798243569125,-0.4982017564308751
2026-09-08,2026-11,jaox6_9911c,call,99.11,2.48,0.4149296148914277,0.0112378821752049,0.41508176942589553,0.0001521545344678188,1.9139897077123915,1.9156721168533626,0.001682409140971064,-0.5660102922876085,-0.5643278831466374,1.940782577488355,-0.5392174225116451
2026-09-08,2027-03,jaoh7_6800p,put,68.0,3.54,0.4149296148914277,0.0112378821752049,0.41508176942589553,0.0001521545344678188,4.360341547330538,4.36306139155548,0.0027198442249414256,0.8203415473305382,0.8230613915554796,4.366216260338513,0.826216260338513
2026-09-08,2027-03,jaoh7_6900p,put,69.0,3.85,0.4149296148914277,0.0112378821752049,0.41508176942589553,0.0001521545344678188,4.737469145916435,4.74026913316626,0.0027999872498245537,0.8874691459164352,0.8902691331662598,4.745098682744916,0.8950986827449161
2026-09-08,2027-03,jaoh7_7000p,put,70.0,4.19,0.4149296148914277,0.0112378821752049,0.41508176942589553,0.0001521545344678188,5.1331627484488305,5.136037088943576,0.002874340494745553,0.9431627484488301,0.9460370889435756,5.142257152457927,0.9522571524579266
2026-09-08,2027-03,jaoh7_7100p,put,71.0,4.55,0.4149296148914277,0.0112378821752049,0.41508176942589553,0.0001521545344678188,5.5473746689527115,5.550317329706941,0.0029426607542291094,0.9973746689527117,1.0003173297069408,5.557234679161286,1.0072346791612858
2026-09-08,2027-03,jaoh7_7150p,put,71.5,4.73,0.4149296148914277,0.0112378821752049,0.41508176942589553,0.0001521545344678188,5.761398414305113,5.76437291081262,0.0029744965075071406,1.0313984143051123,1.0343729108126194,5.771515276227703,1.0415152762277025
2026-09-08,2027-03,jaoh7_7250p,put,72.5,5.12,0.4149296148914277,0.0112378821752049,0.41508176942589553,0.0001521545344678188,6.203206112143829,6.206239534813283,0.0030334226694535005,1.083206112143829,1.0862395348132825,6.213718044052335,1.093718044052335
2026-09-08,2027-03,jaoh7_7300p,put,73.0,5.33,0.4149296148914277,0.0112378821752049,0.41508176942589553,0.0001521545344678188,6.430952683808462,6.434013167414802,0.0030604836063403695,1.1009526838084618,1.1040131674148022,6.441667591254343,1.111667591254343
2026-09-08,2027-03,jaoh7_7400p,put,74.0,5.75,0.4149296148914277,0.0112378821752049,0.41508176942589553,0.0001521545344678188,6.900020700636993,6.903130450329288,0.0031097496922942724,1.1500207006369934,1.1531304503292876,6.910906160717703,1.160906160717703
2026-09-08,2027-03,jaoh7_7450p,put,74.5,5.97,0.4149296148914277,0.0112378821752049,0.41508176942589553,0.0001521545344678188,7.141291416177303,7.144423358995697,0.003131942818393796,1.1712914161773034,1.1744233589956972,7.152079495735461,1.1820794957354614
2026-09-08,2027-03,jaoh7_7500p,put,75.0,6.2,0.4149296148914277,0.0112378821752049,0.41508176942589553,0.0001521545344678188,7.387016034139229,7.390168540041797,0.0031525059025678814,1.187016034139229,1.190168540041797,7.397828729467699,1.197828729467699
2026-09-08,2027-03,jaoh7_7900c,call,79.0,7.21,0.4149296148914277,0.0112378821752049,0.41508176942589553,0.0001521545344678188,8.435252253082806,8.438511181746511,0.0032589286637048076,1.2252522530828065,1.2285111817465113,8.442745012216037,1.2327450122160366
2026-09-08,2027-03,jaoh7_8000c,call,80.0,6.81,0.4149296148914277,0.0112378821752049,0.41508176942589553,0.0001521545344678188,8.02999806832608,8.033267900403246,0.003269832077165802,1.2199980683260803,1.223267900403246,8.036189504646137,1.226189504646137
2026-09-08,2027-03,jaoh7_8025c,call,80.25,6.71,0.4149296148914277,0.0112378821752049,0.41508176942589553,0.0001521545344678188,7.9312188209226555,7.934490435848893,0.0032716149262377314,1.2212188209226555,1.2244904358488933,7.93700013722407,1.2270001372240698
2026-09-08,2027-03,jaoh7_8045c,call,80.45,6.63,0.4149296148914277,0.0112378821752049,0.41508176942589553,0.0001521545344678188,7.852917398110233,7.856190171622509,0.0032727735122755064,1.2229173981102335,1.226190171622509,7.858373921393629,1.228373921393629
2026-09-08,2027-03,jaoh7_8075c,call,80.75,6.52,0.4149296148914277,0.0112378821752049,0.41508176942589553,0.0001521545344678188,7.7366616103571,7.739935679149582,0.0032740687924821543,1.2166616103571002,1.2199356791495823,7.74162802602298,1.2216280260229802
2026-09-08,2027-03,jaoh7_8100c,call,81.0,6.43,0.4149296148914277,0.0112378821752049,0.41508176942589553,0.0001521545344678188,7.6408720063405795,7.6441467521776705,0.0032747458370909754,1.2108720063405798,1.2141467521776708,7.645411551288864,1.215411551288864
2026-09-08,2027-03,jaoh7_8102c,call,81.02,6.42,0.4149296148914277,0.0112378821752049,0.41508176942589553,0.0001521545344678188,7.633251460474697,7.636526244776257,0.0032747843015599187,1.2132514604746971,1.216526244776257,7.6377595599816654,1.2177595599816655
2026-09-08,2027-03,jaoh7_8150c,call,81.5,6.24,0.4149296148914277,0.0112378821752049,0.41508176942589553,0.0001521545344678188,7.452241268838021,7.455516284717165,0.0032750158791436945,1.2122412688380209,1.2155162847171646,7.455975923984557,1.215975923984557
2026-09-08,2027-03,jaoh7_8185c,call,81.85,6.12,0.4149296148914277,0.0112378821752049,0.41508176942589553,0.0001521545344678188,7.322517954335036,7.325792310681043,0.0032743563460071456,1.2025179543350362,1.2057923106810433,7.325629456842031,1.205629456842031
2026-09-08,2027-03,jaoh7_8342c,call,83.42,5.59,0.4149296148914277,0.0112378821752049,0.41508176942589553,0.0001521545344678188,6.763628964269409,6.766892035063006,0.0032630707935972225,1.173628964269409,1.1768920350630063,6.764386778085493,1.174386778085493
2026-09-08,2027-03,jaoh7_8500c,call,85.0,5.11,0.4149296148914277,0.0112378821752049,0.41508176942589553,0.0001521545344678188,6.238008269242914,6.241246929663548,0.003238660420634254,1.1280082692429136,1.131246929663548,6.236305065508221,1.1263050655082203
2026-09-08,2027-03,jaoh7_8525c,call,85.25,5.04,0.4149296148914277,0.0112378821752049,0.41508176942589553,0.0001521545344678188,6.1581194204005065,6.161353084143444,0.0032336637429377646,1.1181194204005065,1.1213530841434443,6.15602453874285,1.1160245387428498
2026-09-08,2027-03,jaoh7_8575c,call,85.75,4.9,0.4149296148914277,0.0112378821752049,0.41508176942589553,0.0001521545344678188,6.000968692188152,6.004191471358835,0.003222779170682699,1.100968692188152,1.1041914713588348,5.998140484443793,1.0981404844437923
2026-09-08,2027-03,jaoh7_8635c,call,86.35,4.74,0.4149296148914277,0.0112378821752049,0.41508176942589553,0.0001521545344678188,5.816948806632983,5.820156996070341,0.003208189437358122,1.0769488066329824,1.0801569960703405,5.813518279464872,1.0735182794648717
2026-09-08,2027-03,jaoh7_8675c,call,86.75,4.63,0.4149296148914277,0.0112378821752049,0.41508176942589553,0.0001521545344678188,5.696990874748994,5.700188438954642,0.00319756420564854,1.0669908747489938,1.0701884389546423,5.693194946008838,1.0631949460088377
2026-09-08,2027-03,jaoh7_8700c,call,87.0,4.57,0.4149296148914277,0.0112378821752049,0.41508176942589553,0.0001521545344678188,5.623108627932643,5.626299195650727,0.003190567718084125,1.0531086279326427,1.0562991956507268,5.619085459641632,1.049085459641632
2026-09-08,2027-03,jaoh7_8705c,call,87.05,4.55,0.4149296148914277,0.0112378821752049,0.41508176942589553,0.0001521545344678188,5.6084321856020845,5.61162132167614,0.0031891360740559094,1.0584321856020846,1.0616213216761405,5.604363824257087,1.054363824257087
2026-09-08,2027-09,jaou7_5800p,put,58.0,3.1,0.4149296148914277,0.0112378821752049,0.41508176942589553,0.0001521545344678188,4.779830011898156,4.783033435711818,0.0032034238136624538,1.6798300118981557,1.6830334357118182,4.746965753695378,1.6469657536953783
2026-09-08,2027-09,jaou7_5900p,put,59.0,3.34,0.4149296148914277,0.0112378821752049,0.41508176942589553,0.0001521545344678188,5.143169743501391,5.146469632782781,0.0032998892813900227,1.8031697435013907,1.8064696327827807,5.108322307633998,1.7683223076339978
2026-09-08,2027-09,jaou7_6000p,put,60.0,3.59,0.4149296148914277,0.0112378821752049,0.41508176942589553,0.0001521545344678188,5.521430878954677,5.524822862596077,0.0033919836414000315,1.9314308789546768,1.9348228625960768,5.484432819685674,1.894432819685674
2026-09-08,2027-09,jaou7_6200p,put,62.0,4.15,0.4149296148914277,0.0112378821752049,0.41508176942589553,0.0001521545344678188,6.322334263099789,6.32589662633527,0.003562363235481314,2.1723342630997884,2.1758966263352697,6.281033717273101,2.131033717273101
2026-09-08,2027-09,jaou7_6420p,put,64.2,4.83,0.4149296148914277,0.0112378821752049,0.41508176942589553,0.0001521545344678188,7.27065477897666,7.274382263572651,0.0037274845959913705,2.4406547789766595,2.444382263572651,7.227488506557234,2.3974885065572336
2026-09-08,2027-09,jaou7_6500p,put,65.0,5.1,0.4149296148914277,0.0112378821752049,0.41508176942589553,0.0001521545344678188,7.632676652359308,7.636458215110711,0.003781562751402845,2.5326766523593083,2.536458215110711,7.5892406072519645,2.489240607251965
2026-09-08,2027-09,jaou7_6750p,put,67.5,6.01,0.4149296148914277,0.0112378821752049,0.41508176942589553,0.0001521545344678188,8.821652540754762,8.82558228512215,0.003929744367388466,2.8116525407547623,2.815582285122151,8.777828469839514,2.7678284698395146
2026-09-08,2027-09,jaou7_6800p,put,68.0,6.21,0.4149296148914277,0.0112378821752049,0.41508176942589553,0.0001521545344678188,9.069737031810387,9.073692622488657,0.003955590678270227,2.859737031810387,2.8636926224886574,9.026070402451438,2.8160704024514382
2026-09-08,2027-09,jaou7_6820c,call,68.2,10.37,0.4149296148914277,0.0112378821752049,0.41508176942589553,0.0001521545344678188,13.24995316368132,13.253918740236832,0.003965576555511774,2.8799531636813214,2.883918740236833,13.137082471432546,2.7670824714325466
2026-09-08,2027-09,jaou7_6825c,call,68.25,10.35,0.4149296148914277,0.0112378821752049,0.41508176942589553,0.0001521545344678188,13.22723979765402,13.231207839240005,0.0039680415859848495,2.8772397976540205,2.8812078392400053,13.11437870432701,2.76437870432701
2026-09-08,2027-09,jaou7_6860c,call,68.6,10.15,0.4149296148914277,0.0112378821752049,0.41508176942589553,0.0001521545344678188,13.069183363071376,13.073168308251812,0.003984945180436128,2.919183363071376,2.923168308251812,12.95637005956513,2.806370059565129
2026-09-08,2027-09,jaou7_6900c,call,69.0,9.94,0.4149296148914277,0.0112378821752049,0.41508176942589553,0.0001521545344678188,12.890546398389418,12.894549910091612,0.004003511702194373,2.9505463983894185,2.954549910091613,12.777764101591842,2.8377641015918424
2026-09-08,2027-09,jaou7_6900p,put,69.0,6.62,0.4149296148914277,0.0112378821752049,0.41508176942589553,0.0001521545344678188,9.575977546044818,9.579981057747013,0.004003511702194373,2.955977546044818,2.9599810577470125,9.53244602299554,2.91244602299554
2026-09-08,2027-09,jaou7_6905c,call,69.05,9.91,0.4149296148914277,0.0112378821752049,0.41508176942589553,0.0001521545344678188,12.868366006353195,12.872371782611163,0.004005776257967497,2.958366006353195,2.9623717826111626,12.755586301773358,2.8455863017733574
2026-09-08,2027-09,jaou7_6930c,call,69.3,9.78,0.4149296148914277,0.0112378821752049,0.41508176942589553,0.0001521545344678188,12.757959431914047,12.76197634384095,0.0040169119269020115,2.977959431914048,2.98197634384095,12.645194661660938,2.8651946616609383
2026-09-08,2027-09,jaou7_7000c,call,70.0,9.41,0.4149296148914277,0.0112378821752049,0.41508176942589553,0.0001521545344678188,12.45318724614473,12.45723368488843,0.004046438743701586,3.043187246144729,3.0472336848884307,12.340668260362415,2.930668260362415
2026-09-08,2027-09,jaou7_7000p,put,70.0,7.05,0.4149296148914277,0.0112378821752049,0.41508176942589553,0.0001521545344678188,10.0954549605444,10.099501399288101,0.004046438743701586,3.0454549605444,3.0495013992881015,10.052186748510389,3.002186748510389
2026-09-08,2027-09,jaou7_7110c,call,71.1,8.85,0.4149296148914277,0.0112378821752049,0.41508176942589553,0.0001521545344678188,11.987097056290423,11.9911850146168,0.004087958326376651,3.1370970562904237,3.1411850146168003,11.875810816029642,3.025810816029642
2026-09-08,2027-09,jaou7_7200c,call,72.0,8.42,0.4149296148914277,0.0112378821752049,0.41508176942589553,0.0001521545344678188,11.617222055576404,11.62133960783546,0.0041175522590553015,3.197222055576404,3.2013396078354592,11.507552474133876,3.087552474133876
2026-09-08,2027-09,jaou7_7335c,call,73.35,7.8,0.4149296148914277,0.0112378821752049,0.41508176942589553,0.0001521545344678188,11.081340646400765,11.08549535200594,0.004154705605175835,3.281340646400765,3.285495352005941,10.97469385075825,3.17469385075825
2026-09-08,2027-09,jaou7_7400c,call,74.0,7.51,0.4149296148914277,0.0112378821752049,0.41508176942589553,0.0001521545344678188,10.831264395128821,10.835433954421752,0.004169559292931169,3.3212643951288214,3.3254339544217526,10.726067851178277,3.216067851178277
2026-09-08,2027-09,jaou7_7400p,put,74.0,8.98,0.4149296148914277,0.0112378821752049,0.41508176942589553,0.0001521545344678188,12.30087837650557,12.305047935798502,0.004169559292931169,3.3208783765055703,3.3250479357985014,12.264932606303324,3.2849326063033235
2026-09-08,2027-09,jaou7_7450c,call,74.5,7.3,0.4149296148914277,0.0112378821752049,0.41508176942589553,0.0001521545344678188,10.64234785256997,10.646527521512217,0.004179668942247972,3.3423478525699695,3.3465275215122174,10.538134038019493,3.238134038019493
2026-09-08,2027-09,jaou7_7450p,put,74.5,9.25,0.4149296148914277,0.0112378821752049,0.41508176942589553,0.0001521545344678188,12.590380117318853,12.594559786261101,0.004179668942247972,3.340380117318853,3.344559786261101,12.555417076516674,3.305417076516674
2026-09-08,2027-09,jaou7_7500c,call,75.0,7.09,0.4149296148914277,0.0112378821752049,0.41508176942589553,0.0001521545344678188,10.45639494034945,10.460583590387891,0.004188650038441821,3.3663949403494495,3.3705835903878913,10.353245379378508,3.263245379378509
2026-09-08,2027-09,jaou7_7500p,put,75.0,9.52,0.4149296148914277,0.0112378821752049,0.41508176942589553,0.0001521545344678188,12.882845488470469,12.88703413850891,0.004188650038441821,3.3628454884704695,3.3670341385089113,12.848946701247824,3.3289467012478244
2026-09-08,2027-09,jaou7_7542c,call,75.42,6.92,0.4149296148914277,0.0112378821752049,0.41508176942589553,0.0001521545344678188,10.3024605729699,10.306655906072367,0.004195333102465781,3.382460572969901,3.3866559060723667,10.200092743090345,3.2800927430903446
2026-09-08,2027-09,jaou7_7550c,call,75.5,6.88,0.4149296148914277,0.0112378821752049,0.41508176942589553,0.0001521545344678188,10.273372553115387,10.277569070875956,0.004196517760568952,3.3933725531153867,3.3975690708759556,10.171151727602751,3.2911517276027515
2026-09-08,2027-09,jaou7_7600c,call,76.0,6.68,0.4149296148914277,0.0112378821752049,0.41508176942589553,0.0001521545344678188,10.093247430671086,10.097450718485147,0.004203287814060985,3.4132474306710865,3.4174507184851475,9.991990043484668,3.311990043484668
2026-09-08,2027-09,jaou7_7610c,call,76.1,6.65,0.4149296148914277,0.0112378821752049,0.41508176942589553,0.0001521545344678188,10.057567141667802,10.061771653189183,0.004204511521381349,3.4075671416678013,3.4117716531891826,9.956519624551234,3.3065196245512336
2026-09-08,2027-09,jaou7_7705c,call,77.05,6.29,0.4149296148914277,0.0112378821752049,0.41508176942589553,0.0001521545344678188,9.724266608773968,9.728480613375387,0.004214004601418964,3.434266608773968,3.438480613375387,9.625103680191474,3.335103680191474
2026-09-08,2027-09,jaou7_7710c,call,77.1,6.27,0.4149296148914277,0.0112378821752049,0.41508176942589553,0.0001521545344678188,9.70700583541366,9.71122023401658,0.004214398602918834,3.437005835413661,3.44122023401658,9.607940401085097,3.3379404010850973
2026-09-08,2027-09,jaou7_7725c,call,77.25,6.21,0.4149296148914277,0.0112378821752049,0.41508176942589553,0.0001521545344678188,9.655390785991909,9.659606304008001,0.004215518016092545,3.4453907859919086,3.449606304008001,9.55662110032618,3.346621100326179
2026-09-08,2028-03,jaoh8_5740p,put,57.4,3.74,0.4149296148914277,0.0112378821752049,0.41508176942589553,0.0001521545344678188,6.920082537954668,6.92404293285759,0.003960394902922104,3.180082537954668,3.18404293285759,6.928817796039708,3.188817796039708
2026-09-08,2028-03,jaoh8_5900p,put,59.0,4.18,0.4149296148914277,0.0112378821752049,0.41508176942589553,0.0001521545344678188,7.6015421629263,7.60563768186141,0.00409551893510951,3.4215421629263005,3.42563768186141,7.611101797803216,3.4311017978032163
2026-09-08,2028-03,jaoh8_6000p,put,60.0,4.47,0.4149296148914277,0.0112378821752049,0.41508176942589553,0.0001521545344678188,8.04358726184284,8.047761648794003,0.004174386951163456,3.5735872618428397,3.577761648794003,8.053529432753406,3.583529432753406
2026-09-08,2028-03,jaoh8_6151c,call,61.51,13.04,0.4149296148914277,0.0112378821752049,0.41508176942589553,0.0001521545344678188,16.81166001624141,16.815945265349917,0.004285249108505695,3.7716600162414124,3.775945265349918,16.812363492996557,3.7723634929965577
2026-09-08,2028-03,jaoh8_6165p,put,61.65,4.99,0.4149296148914277,0.0112378821752049,0.41508176942589553,0.0001521545344678188,8.79953978888144,8.803834813417879,0.0042950245364394846,3.8095397888814393,3.8138348134178788,8.809620789048841,3.819620789048841
2026-09-08,2028-03,jaoh8_6200c,call,62.0,12.75,0.4149296148914277,0.0112378821752049,0.41508176942589553,0.0001521545344678188,16.58330480046258,16.587623889718305,0.004319089255723441,3.8333048004625816,3.837623889718305,16.583958542883032,3.833958542883032
2026-09-08,2028-03,jaoh8_6200p,put,62.0,5.11,0.4149296148914277,0.0112378821752049,0.41508176942589553,0.0001521545344678188,8.964082856311556,8.96840194556728,0.004319089255723441,3.854082856311556,3.8584019455672793,8.974122628441677,3.864122628441677
2026-09-08,2028-03,jaoh8_6250p,put,62.5,5.27,0.4149296148914277,0.0112378821752049,0.41508176942589553,0.0001521545344678188,9.20165391961778,9.206006460891206,0.00435254127342688,3.93165391961778,3.936006460891207,9.211584312052612,3.941584312052612
2026-09-08,2028-03,jaoh8_6420c,call,64.2,11.45,0.4149296148914277,0.0112378821752049,0.41508176942589553,0.0001521545344678188,15.592675922362723,15.59713407162251,0.0044581492597863814,4.142675922362724,4.14713407162251,15.592481899688805,4.142481899688805
2026-09-08,2028-03,jaoh8_6500c,call,65.0,10.99,0.4149296148914277,0.0112378821752049,0.41508176942589553,0.0001521545344678188,15.2462145159305,15.250718040149051,0.004503524218550936,4.2562145159305,4.260718040149051,15.24549150989142,4.255491509891419
2026-09-08,2028-03,jaoh8_6500p,put,65.0,6.16,0.4149296148914277,0.0112378821752049,0.41508176942589553,0.0001521545344678188,10.43296137059684,10.437464894815392,0.0045035242185527125,4.272961370596839,4.277464894815392,10.441624394267428,4.281624394267428
2026-09-08,2028-03,jaoh8_6600c,call,66.0,10.44,0.4149296148914277,0.0112378821752049,0.41508176942589553,0.0001521545344678188,14.823216587377669,14.827772977342796,0.0045563899651277495,4.383216587377669,4.387772977342797,14.82191105647806,4.38191105647806
2026-09-08,2028-03,jaoh8_6600p,put,66.0,6.55,0.4149296148914277,0.0112378821752049,0.41508176942589553,0.0001521545344678188,10.94528637498313,10.949842764948258,0.0045563899651277495,4.39528637498313,4.399842764948258,10.953366873793192,4.403366873793192
2026-09-08,2028-03,jaoh8_6750p,put,67.5,7.15,0.4149296148914277,0.0112378821752049,0.41508176942589553,0.0001521545344678188,11.734338389973548,11.738966152989564,0.004627763016015862,4.5843383899735475,4.588966152989563,11.740994697575053,4.590994697575052
2026-09-08,2028-03,jaoh8_6775c,call,67.75,9.5,0.4149296148914277,0.0112378821752049,0.41508176942589553,0.0001521545344678188,14.109318792280064,14.113957537715324,0.004638745435260105,4.609318792280064,4.613957537715324,14.106350346205954,4.606350346205954
2026-09-08,2028-03,jaoh8_6875c,call,68.75,8.99,0.4149296148914277,0.0112378821752049,0.41508176942589553,0.0001521545344678188,13.716067888793566,13.720747992764732,0.0046801039711663606,4.726067888793565,4.730747992764732,13.7120472610123,4.7220472610123
2026-09-08,2028-03,jaoh8_6890c,call,68.9,8.92,0.4149296148914277,0.0112378821752049,0.41508176942589553,0.0001521545344678188,13.657983883277833,13.662669839091036,0.00468595581320308,4.737983883277833,4.742669839091036,13.653803985313566,4.733803985313566
2026-09-08,2028-03,jaoh8_7000c,call,70.0,8.37,0.4149296148914277,0.0112378821752049,0.41508176942589553,0.0001521545344678188,13.239126198786456,13.243852302010366,0.004726103223909206,4.869126198786457,4.873852302010366,13.234133358101444,4.864133358101444
2026-09-08,2028-03,jaoh8_7000p,put,70.0,8.23,0.4149296148914277,0.0112378821752049,0.41508176942589553,0.0001521545344678188,13.102487718148403,13.107213821372312,0.004726103223909206,4.8724877181484025,4.877213821372312,13.106880907173064,4.876880907173064
2026-09-08,2028-03,jaoh8_7110c,call,71.1,7.85,0.4149296148914277,0.0112378821752049,0.41508176942589553,0.0001521545344678188,12.832545052799066,12.837306512411702,0.0047614596126361874,4.9825450527990665,4.987306512411703,12.82703704031302,4.97703704031302
2026-09-08,2028-03,jaoh8_7275c,call,72.75,7.11,0.4149296148914277,0.0112378821752049,0.41508176942589553,0.0001521545344678188,12.245062176332548,12.24986794167608,0.0048057653435318315,5.135062176332547,5.139867941676079,12.238584542896549,5.128584542896548
2026-09-08,2028-03,jaoh8_7340c,call,73.4,6.83,0.4149296148914277,0.0112378821752049,0.41508176942589553,0.0001521545344678188,12.020823154452037,12.02564357644092,0.004820421988883439,5.190823154452037,5.19564357644092,12.014050808948395,5.184050808948395
2026-09-08,2028-03,jaoh8_7450c,call,74.5,6.38,0.4149296148914277,0.0112378821752049,0.41508176942589553,0.0001521545344678188,11.65036968847383,11.655211419084141,0.0048417306103107904,5.2703696884738305,5.275211419084141,11.643184159885749,5.263184159885749
2026-09-08,2028-03,jaoh8_7450p,put,74.5,10.46,0.4149296148914277,0.0112378821752049,0.41508176942589553,0.0001521545344678188,15.722684406061825,15.727526136672136,0.0048417306103107904,5.262684406061824,5.267526136672135,15.72488490718341,5.26488490718341
2026-09-08,2028-03,jaoh8_7475c,call,74.75,6.29,0.4149296148914277,0.0112378821752049,0.41508176942589553,0.0001521545344678188,11.567734440779873,11.572580412888014,0.004845972108141083,5.277734440779873,5.282580412888014,11.560382452994032,5.270382452994032
2026-09-08,2028-03,jaoh8_7500c,call,75.0,6.19,0.4149296148914277,0.0112378821752049,0.41508176942589553,0.0001521545344678188,11.485669380913484,11.490519375218986,0.004849994305502037,5.295669380913483,5.300519375218985,11.478115569157898,5.288115569157898
2026-09-08,2028-03,jaoh8_7550c,call,75.5,6.0,0.4149296148914277,0.0112378821752049,0.41508176942589553,0.0001521545344678188,11.32323652992591,11.3280939172463,0.00485738732038854,5.323236529925911,5.328093917246299,11.31523542713916,5.315235427139161
2026-09-08,2028-03,jaoh8_7670c,call,76.7,5.58,0.4149296148914277,0.0112378821752049,0.41508176942589553,0.0001521545344678188,10.942490412476287,10.94736206958245,0.0048716571061628855,5.362490412476287,5.36736206958245,10.933496610641756,5.353496610641756
2026-09-08,2028-03,jaoh8_7700c,call,77.0,5.48,0.4149296148914277,0.0112378821752049,0.41508176942589553,0.0001521545344678188,10.849278016363854,10.854152490743749,0.004874474379894522,5.369278016363854,5.374152490743748,10.840052307459333,5.360052307459332
2026-09-08,2028-03,jaoh8_7775c,call,77.75,5.24,0.4149296148914277,0.0112378821752049,0.41508176942589553,0.0001521545344678188,10.619639919153117,10.62452015584112,0.004880236688002526,5.379639919153117,5.38452015584112,10.609875370032428,5.369875370032428
2026-09-08,2028-09,jaou8_5000p,put,50.0,2.84,0.4149296148914277,0.0112378821752049,0.41508176942589553,0.0001521545344678188,5.713215206222728,5.717027722942333,0.0038125167196056964,2.873215206222728,2.8770277229423336,5.732673390135436,2.892673390135436
2026-09-08,2028-09,jaou8_5500p,put,55.0,3.95,0.4149296148914277,0.0112378821752049,0.41508176942589553,0.0001521545344678188,7.699305192240132,7.703612912608818,0.004307720368686319,3.749305192240132,3.7536129126088182,7.721777002478533,3.771777002478533
2026-09-08,2028-09,jaou8_5700p,put,57.0,4.47,0.4149296148914277,0.0112378821752049,0.41508176942589553,0.0001521545344678188,8.573484242318651,8.57796329569708,0.004479053378428688,4.103484242318651,4.10796329569708,8.596532608849602,4.126532608849602
2026-09-08,2028-09,jaou8_5740p,put,57.4,4.58,0.4149296148914277,0.0112378821752049,0.41508176942589553,0.0001521545344678188,8.753582914249781,8.758094353917068,0.00451143966728651,4.173582914249781,4.178094353917068,8.776669406377101,4.196669406377101
2026-09-08,2028-09,jaou8_6151c,call,61.51,12.4,0.4149296148914277,0.0112378821752049,0.41508176942589553,0.0001521545344678188,17.288510254694877,17.293318129688938,0.004807874994060768,4.888510254694877,4.893318129688938,17.42411406641746,5.024114066417459
2026-09-08,2028-09,jaou8_6165p,put,61.65,5.82,0.4149296148914277,0.0112378821752049,0.41508176942589553,0.0001521545344678188,10.771420895109626,10.77623770893012,0.004816813820493593,4.951420895109626,4.95623770893012,10.792702348541606,4.972702348541606
2026-09-08,2028-09,jaou8_6200p,put,62.0,5.93,0.4149296148914277,0.0112378821752049,0.41508176942589553,0.0001521545344678188,10.945838205099843,10.950677035705361,0.004838830605518041,5.015838205099843,5.020677035705361,10.966786132844184,5.036786132844185
2026-09-08,2028-09,jaou8_6250p,put,62.5,6.09,0.4149296148914277,0.0112378821752049,0.41508176942589553,0.0001521545344678188,11.197112478610027,11.201981946016218,0.004869467406191319,5.107112478610027,5.111981946016218,11.2175610821652,5.127561082165201
2026-09-08,2028-09,jaou8_6500c,call,65.0,10.35,0.4149296148914277,0.0112378821752049,0.41508176942589553,0.0001521545344678188,15.888165860266286,15.893174305564774,0.005008445298487985,5.538165860266286,5.543174305564774,16.020286257339787,5.670286257339788
2026-09-08,2028-09,jaou8_6500p,put,65.0,6.94,0.4149296148914277,0.0112378821752049,0.41508176942589553,0.0001521545344678188,12.489853473527697,12.494861918826185,0.005008445298487985,5.549853473527697,5.554861918826185,12.50777780302569,5.567777803025689
2026-09-08,2028-09,jaou8_6570c,call,65.7,9.96,0.4149296148914277,0.0112378821752049,0.41508176942589553,0.0001521545344678188,15.621261984342203,15.62630517226707,0.005043187924867354,5.661261984342202,5.666305172267069,15.753057107421618,5.7930571074216175
2026-09-08,2028-09,jaou8_6600c,call,66.0,9.79,0.4149296148914277,0.0112378821752049,0.41508176942589553,0.0001521545344678188,15.508260020599337,15.51331754970837,0.005057529109032899,5.718260020599338,5.723317549708371,15.63998432628277,5.849984326282771
2026-09-08,2028-09,jaou8_6650c,call,66.5,9.52,0.4149296148914277,0.0112378821752049,0.41508176942589553,0.0001521545344678188,15.321751430633055,15.326832136687239,0.005080706054183537,5.801751430633056,5.806832136687239,15.453400745148407,5.933400745148408
2026-09-08,2028-09,jaou8_6750p,put,67.5,7.87,0.4149296148914277,0.0112378821752049,0.41508176942589553,0.0001521545344678188,13.841002867508216,13.846127238368284,0.005124370860068339,5.971002867508216,5.976127238368284,13.858487643206876,5.988487643206876
2026-09-08,2028-09,jaou8_6775c,call,67.75,8.86,0.4149296148914277,0.0112378821752049,0.41508176942589553,0.0001521545344678188,14.865333891891167,14.87046862496125,0.005134733070082831,6.005333891891167,6.01046862496125,14.997031625807711,6.137031625807712
2026-09-08,2028-09,jaou8_7000c,call,70.0,7.76,0.4149296148914277,0.0112378821752049,0.41508176942589553,0.0001521545344678188,14.078258509421248,14.08347676770946,0.00521825828821143,6.3182585094212484,6.32347676770946,14.210173662672434,6.450173662672434
2026-09-08,2028-09,jaou8_7000p,put,70.0,8.94,0.4149296148914277,0.0112378821752049,0.41508176942589553,0.0001521545344678188,15.247570298406606,15.252788556694817,0.00521825828821143,6.307570298406606,6.312788556694818,15.26528938408228,6.32528938408228
2026-09-08,2028-09,jaou8_7110c,call,71.1,7.27,0.4149296148914277,0.0112378821752049,0.41508176942589553,0.0001521545344678188,13.709066977934313,13.714319861772518,0.00525288383820488,6.4390669779343135,6.444319861772518,13.8410536195697,6.5710536195697
2026-09-08,2028-09,jaou8_7275c,call,72.75,6.59,0.4149296148914277,0.0112378821752049,0.41508176942589553,0.0001521545344678188,13.173788340127091,13.179085818172988,0.005297478045896753,6.583788340127091,6.589085818172988,13.30550588650686,6.715505886506859
2026-09-08,2028-09,jaou8_7340c,call,73.4,6.34,0.4149296148914277,0.0112378821752049,0.41508176942589553,0.0001521545344678188,12.968864447857039,12.974177143719787,0.00531269586274874,6.628864447857039,6.634177143719787,13.100255173968744,6.760255173968744
2026-09-08,2028-09,jaou8_7450c,call,74.5,5.94,0.4149296148914277,0.0112378821752049,0.41508176942589553,0.0001521545344678188,12.629526636421614,12.634862152391515,0.005335515969900229,6.689526636421614,6.694862152391514,12.760343052685094,6.820343052685094
2026-09-08,2028-09,jaou8_7450p,put,74.5,11.24,0.4149296148914277,0.0112378821752049,0.41508176942589553,0.0001521545344678188,17.909700183558524,17.915035699528424,0.005335515969900229,6.669700183558524,6.675035699528424,17.926320532246493,6.6863205322464925
2026-09-08,2028-09,jaou8_7500c,call,75.0,5.77,0.4149296148914277,0.0112378821752049,0.41508176942589553,0.0001521545344678188,12.478327632542195,12.483672328074695,0.0053446955325000545,6.708327632542195,6.713672328074695,12.60893811369073,6.83893811369073
2026-09-08,2028-09,jaou8_7560c,call,75.6,5.57,0.4149296148914277,0.0112378821752049,0.41508176942589553,0.0001521545344678188,12.29935873458222,12.304713482120285,0.005354747538063975,6.72935873458222,6.734713482120284,12.429758278512258,6.859758278512258
2026-09-08,2028-09,jaou8_7670c,call,76.7,5.22,0.4149296148914277,0.0112378821752049,0.41508176942589553,0.0001521545344678188,11.978127931872864,11.98349843795629,0.005370506083426818,6.758127931872864,6.763498437956291,12.10817902504308,6.8881790250430806
2026-09-08,2028-09,jaou8_7925c,call,79.25,4.52,0.4149296148914277,0.0112378821752049,0.41508176942589553,0.0001521545344678188,11.266569058332104,11.27196338243141,0.005394324099306402,6.7465690583321045,6.751963382431411,11.395588493049376,6.875588493049376
2026-09-08,2028-09,jaou8_8000c,call,80.0,4.34,0.4149296148914277,0.0112378821752049,0.41508176942589553,0.0001521545344678188,11.065788618017224,11.071186725760818,0.005398107743593172,6.725788618017225,6.731186725760818,11.194259807288422,6.854259807288422
2026-09-09,2026-10,jaov6_10000c,call,100.0,2.29,0.415040877352261,0.0111429023495436,0.4151904311832174,0.00014955383095643926,1.6165201086409946,1.6178142864607807,0.0012941778197861353,-0.6734798913590054,-0.6721857135392193,1.5935244168933895,-0.6964755831066105
2026-09-09,2026-10,jaov6_10205c,call,102.05,1.89,0.415040877352261,0.0111429023495436,0.4151904311832174,0.00014955383095643926,1.2203319885706676,1.2214776494671895,0.001145660896521905,-0.6696680114293323,-0.6685223505328104,1.2006241383788898,-0.6893758616211101
2026-09-09,2026-10,jaov6_10240c,call,102.4,1.83,0.415040877352261,0.0111429023495436,0.4151904311832174,0.00014955383095643926,1.1616138815070745,1.1627332084757096,0.0011193269686351481,-0.6683861184929256,-0.6672667915242905,1.142528306074542,-0.6874716939254581
2026-09-09,2026-10,jaov6_10300c,call,103.0,1.73,0.415040877352261,0.0111429023495436,0.4151904311832174,0.00014955383095643926,1.0665150949486786,1.0675889519735053,0.0010738570248267632,-0.6634849050513214,-0.6624110480264946,1.048421104921063,-0.681578895078937
2026-09-09,2026-10,jaov6_10500c,call,105.0,1.44,0.415040877352261,0.0111429023495436,0.4151904311832174,0.00014955383095643926,0.7959525492743389,0.796874561127611,0.00092201185327212,-0.644047450725661,-0.6431254388723889,0.781281455396462,-0.658718544603538
2026-09-09,2026-10,jaov6_10800c,call,108.0,1.09,0.415040877352261,0.0111429023495436,0.4151904311832174,0.00014955383095643926,0.50193641119188,0.5026420731562532,0.000705661964373161,-0.58806358880812,-0.5873579268437469,0.4920619308729817,-0.5979380691270184
2026-09-09,2026-10,jaov6_11500c,call,115.0,0.59,0.415040877352261,0.0111429023495436,0.4151904311832174,0.00014955383095643926,0.1554194044142626,0.15574146126201363,0.0003220568477510233,-0.43458059558573736,-0.43425853873798637,0.1523607371699629,-0.437639262830037
2026-09-09,2026-10,jaov6_12100c,call,121.0,0.36,0.415040877352261,0.0111429023495436,0.4151904311832174,0.00014955383095643926,0.05163643312452633,0.051777547174446666,0.00014111404992033644,-0.30836356687547367,-0.30822245282555333,0.0515669163346153,-0.3084330836653847
2026-09-09,2026-10,jaov6_12500c,call,125.0,0.26,0.415040877352261,0.0111429023495436,0.4151904311832174,0.00014955383095643926,0.02370145738523048,0.023777634357349975,7.617697211949326e-05,-0.2362985426147695,-0.23622236564265003,0.023969854062982,-0.236030145937018
2026-09-09,2026-10,jaov6_16000c,call,160.0,0.04,0.415040877352261,0.0111429023495436,0.4151904311832174,0.00014955383095643926,8.901357218152615e-06,8.976318227551613e-06,7.496100939899787e-08,-0.03999109864278185,-0.03999102368177245,4.074200804044027e-05,-0.0399592579919595
2026-09-09,2026-10,jaov6_7200p,put,72.0,0.19,0.415040877352261,0.0111429023495436,0.4151904311832174,0.00014955383095643926,0.09087949449249422,0.09108338721215858,0.00020389271966436695,-0.09912050550750579,-0.09891661278784142,0.0892554402094897,-0.1007445597905103
2026-09-09,2026-10,jaov6_7400p,put,74.0,0.29,0.415040877352261,0.0111429023495436,0.4151904311832174,0.00014955383095643926,0.1639645619146748,0.16427836675949337,0.00031380484481857707,-0.1260354380853252,-0.12572163324050661,0.1608783499245862,-0.1291216500754138
2026-09-09,2026-10,jaov6_7450p,put,74.5,0.32,0.415040877352261,0.0111429023495436,0.4151904311832174,0.00014955383095643926,0.18837139473928488,0.18871758084908308,0.00034618610979819664,-0.13162860526071513,-0.13128241915091693,0.1848114694568626,-0.1351885305431374
2026-09-09,2026-10,jaov6_7500p,put,75.0,0.35,0.415040877352261,0.0111429023495436,0.4151904311832174,0.00014955383095643926,0.2156882179574353,0.21606872061208549,0.0003805026546501722,-0.13431178204256466,-0.1339312793879145,0.2116782229958824,-0.1383217770041175
2026-09-09,2026-10,jaov6_7600p,put,76.0,0.42,0.415040877352261,0.0111429023495436,0.4151904311832174,0.00014955383095643926,0.2800404437542703,0.2804951904597761,0.0004547467055058263,-0.1399595562457297,-0.13950480954022387,0.2749365330999749,-0.145063466900025
2026-09-09,2026-10,jaov6_7800p,put,78.0,0.62,0.415040877352261,0.0111429023495436,0.4151904311832174,0.00014955383095643926,0.45496609616315453,0.4555893538895237,0.0006232577263691752,-0.16503390383684546,-0.1644106461104763,0.4467928753848137,-0.1732071246151862
2026-09-09,2026-10,jaov6_8000p,put,80.0,0.89,0.415040877352261,0.0111429023495436,0.4151904311832174,0.00014955383095643926,0.706239005070822,0.7070501774197613,0.0008111723489392375,-0.18376099492917797,-0.18294982258023873,0.6947208233312496,-0.1952791766687504
2026-09-09,2026-10,jaov6_8200p,put,82.0,1.27,0.415040877352261,0.0111429023495436,0.4151904311832174,0.00014955383095643926,1.05174435532623,1.0527506098126587,0.0010062544864286593,-0.21825564467377,-0.21724939018734135,1.036866627447459,-0.233133372552541
2026-09-09,2026-10,jaov6_8250p,put,82.5,1.38,0.415040877352261,0.0111429023495436,0.4151904311832174,0.00014955383095643926,1.1548595742891852,1.1559140163496213,0.0010544420604361449,-0.22514042571081472,-0.22408598365037857,1.1392532548320529,-0.240746745167947
2026-09-09,2026-10,jaov6_9000p,put,90.0,4.09,0.415040877352261,0.0111429023495436,0.4151904311832174,0.00014955383095643926,3.6677444894940754,3.6693148937803954,0.0015704042863200485,-0.42225551050592447,-0.4206851062196044,3.644323543825134,-0.445676456174866
2026-09-09,2026-10,jaov6_9200c,call,92.0,4.74,0.415040877352261,0.0111429023495436,0.4151904311832174,0.00014955383095643926,4.252074237061762,4.253677334689208,0.0016030976274459263,-0.4879257629382385,-0.4863226653107926,4.220663134850033,-0.5193368651499668
2026-09-09,2026-10,jaov6_9225c,call,92.25,4.64,0.415040877352261,0.0111429023495436,0.4151904311832174,0.00014955383095643926,4.1387466912121855,4.140350287869676,0.001603596657490769,-0.5012533087878142,-0.4996497121303234,4.107307482292741,-0.5326925177072583
2026-09-09,2026-10,jaov6_9348c,call,93.48,4.15,0.415040877352261,0.0111429023495436,0.4151904311832174,0.00014955383095643926,3.612647412640277,3.6142421840938193,0.0015947714535422541,-0.5373525873597234,-0.5357578159061811,3.5813364843183355,-0.5686635156816648
2026-09-09,2026-10,jaov6_9353c,call,93.53,4.13,0.415040877352261,0.0111429023495436,0.4151904311832174,0.00014955383095643926,3.592353097934315,3.5939471231479483,0.0015940252136332766,-0.5376469020656849,-0.5360528768520516,3.5610838116127588,-0.5689161883872411
2026-09-09,2026-10,jaov6_9435c,call,94.35,3.84,0.415040877352261,0.0111429023495436,0.4151904311832174,0.00014955383095643926,3.2714401081935973,3.2730177512445437,0.0015776430509464312,-0.5685598918064025,-0.5669822487554561,3.241201533297466,-0.5987984667025339
2026-09-09,2026-10,jaov6_9700c,call,97.0,3.01,0.415040877352261,0.0111429023495436,0.4151904311832174,0.00014955383095643926,2.3811228267050515,2.382599229491958,0.0014764027869063057,-0.6288771732949483,-0.627400770508042,2.3547560289327665,-0.6552439710672333
2026-09-09,2026-10,jaov6_9800c,call,98.0,2.75,0.415040877352261,0.0111429023495436,0.4151904311832174,0.00014955383095643926,2.0995156284079775,2.1009377116510954,0.0014220832431179886,-0.6504843715920225,-0.6490622883489046,2.0741668267695887,-0.6758331732304113
2026-09-09,2026-10,jaov6_9911c,call,99.11,2.48,0.415040877352261,0.0111429023495436,0.4151904311832174,0.00014955383095643926,1.8188394707041484,1.8201932751824885,0.0013538044783401038,-0.6611605292958516,-0.6598067248175115,1.7950066051359472,-0.6849933948640528
2026-09-09,2026-10,jaov6_9955c,call,99.55,2.38,0.415040877352261,0.0111429023495436,0.4151904311832174,0.00014955383095643926,1.7163773383812821,1.7177021390740983,0.0013248006928161526,-0.6636226616187177,-0.6622978609259016,1.6929484529221837,-0.6870515470778162
2026-09-09,2026-11,jaox6_10000c,call,100.0,2.96,0.415040877352261,0.0111429023495436,0.4151904311832174,0.00014955383095643926,2.2194155395202753,2.2211876995232225,0.0017721600029472206,-0.7405844604797247,-0.7388123004767775,2.246660279952479,-0.7133397200475211
2026-09-09,2026-11,jaox6_10205c,call,102.05,2.59,0.415040877352261,0.0111429023495436,0.4151904311832174,0.00014955383095643926,1.8237129679598854,1.8253465305192207,0.0016335625593353331,-0.7662870320401145,-0.7646534694807792,1.8510215994072232,-0.7389784005927766
2026-09-09,2026-11,jaox6_10240c,call,102.4,2.53,0.415040877352261,0.0111429023495436,0.4151904311832174,0.00014955383095643926,1.76259031180191,1.7641993626123662,0.0016090508104562584,-0.7674096881980899,-0.7658006373876336,1.790043286590616,-0.7399567134093838
2026-09-09,2026-11,jaox6_10500c,call,105.0,2.14,0.415040877352261,0.0111429023495436,0.4151904311832174,0.00014955383095643926,1.3614516517185316,1.3628746914270211,0.0014230397084895596,-0.7785483482814686,-0.777125308572979,1.3897190720144006,-0.7502809279855995
2026-09-09,2026-11,jaox6_10800c,call,108.0,1.77,0.415040877352261,0.0111429023495436,0.4151904311832174,0.00014955383095643926,1.0000564067299054,1.0012648280041927,0.0012084212742873301,-0.7699435932700947,-0.7687351719958073,1.028363230223723,-0.7416367697762771
2026-09-09,2026-11,jaox6_7200p,put,72.0,0.87,0.415040877352261,0.0111429023495436,0.4151904311832174,0.00014955383095643926,0.7562283934367038,0.7571717429220257,0.0009433494853219315,-0.11377160656329621,-0.11282825707797428,0.7710570285649624,-0.0989429714350376
2026-09-09,2026-11,jaox6_7400p,put,74.0,1.17,0.415040877352261,0.0111429023495436,0.4151904311832174,0.00014955383095643926,1.0547799893842136,1.0559243003975318,0.0011443110133182444,-0.11522001061578635,-0.1140756996024681,1.0691755914060312,-0.1008244085939686
2026-09-09,2026-11,jaox6_7450p,put,74.5,1.25,0.415040877352261,0.0111429023495436,0.4151904311832174,0.00014955383095643926,1.1413830322227447,1.1425782716431687,0.001195239420423988,-0.10861696777725527,-0.10742172835683128,1.155637554974304,-0.0943624450256959
2026-09-09,2026-11,jaox6_7500p,put,75.0,1.34,0.415040877352261,0.0111429023495436,0.4151904311832174,0.00014955383095643926,1.233079080972832,1.234325242117034,0.0012461611442020626,-0.10692091902716805,-0.10567475788296599,1.247258632066584,-0.0927413679334161
2026-09-09,2026-11,jaox6_7600p,put,76.0,1.54,0.415040877352261,0.0111429023495436,0.4151904311832174,0.00014955383095643926,1.432329744185953,1.433677148056585,0.0013474038706320357,-0.10767025581404699,-0.10632285194341495,1.4465371800828322,-0.0934628199171678
2026-09-09,2026-11,jaox6_7800p,put,78.0,2.01,0.415040877352261,0.0111429023495436,0.4151904311832174,0.00014955383095643926,1.8980207549346169,1.8995641698369266,0.0015434149023096921,-0.11197924506538293,-0.11043583016307323,1.9129125670699887,-0.0970874329300111
2026-09-09,2026-11,jaox6_8000p,put,80.0,2.59,0.415040877352261,0.0111429023495436,0.4151904311832174,0.00014955383095643926,2.4595259416705826,2.461249244605355,0.0017233029347725193,-0.13047405832941728,-0.12875075539464476,2.4741692524381094,-0.1158307475618904
2026-09-09,2026-11,jaox6_8200p,put,82.0,3.28,0.415040877352261,0.0111429023495436,0.4151904311832174,0.00014955383095643926,3.122700545876989,3.1245795204923814,0.001878974615392437,-0.15729945412301083,-0.1554204795076184,3.1374634970243456,-0.1425365029756542
2026-09-09,2026-11,jaox6_8250p,put,82.5,3.47,0.415040877352261,0.0111429023495436,0.4151904311832174,0.00014955383095643926,3.304874160010492,3.306787463339475,0.001913303328983318,-0.16512583998950836,-0.16321253666052504,3.31981216918089,-0.1501878308191102
2026-09-09,2026-11,jaox6_8950c,call,89.5,5.97,0.415040877352261,0.0111429023495436,0.4151904311832174,0.00014955383095643926,5.519251871570057,5.521411730426734,0.0021598588566771326,-0.45074812842994305,-0.4485882695732659,5.547649304264176,-0.4223506957358234
2026-09-09,2026-11,jaox6_9000c,call,90.0,5.77,0.415040877352261,0.0111429023495436,0.4151904311832174,0.00014955383095643926,5.30508799123112,5.307247943163687,0.002159951932567239,-0.46491200876887984,-0.4627520568363126,5.33361140961922,-0.4363885903807798
2026-09-09,2026-11,jaox6_9000p,put,90.0,7.2,0.415040877352261,0.0111429023495436,0.4151904311832174,0.00014955383095643926,6.837176684261402,6.839336636193969,0.002159951932567239,-0.3628233157385985,-0.36066336380603126,6.852362370506454,-0.3476376294935459
2026-09-09,2026-11,jaox6_9025c,call,90.25,5.68,0.415040877352261,0.0111429023495436,0.4151904311832174,0.00014955383095643926,5.200371789461795,5.202530937448307,0.0021591479865117336,-0.4796282105382046,-0.47746906255169286,5.228849888226228,-0.4511501117737717
2026-09-09,2026-11,jaox6_9100c,call,91.0,5.4,0.415040877352261,0.0111429023495436,0.4151904311832174,0.00014955383095643926,4.895573193694019,4.897726593101426,0.0021533994074074414,-0.5044268063059816,-0.5022734068985741,4.923832615650163,-0.4761673843498375
2026-09-09,2026-11,jaox6_9196c,call,91.96,5.06,0.415040877352261,0.0111429023495436,0.4151904311832174,0.00014955383095643926,4.52554684400634,4.527685798925782,0.002138954919442604,-0.5344531559936598,-0.5323142010742172,4.5537018030126655,-0.5062981969873341
2026-09-09,2026-11,jaox6_9200c,call,92.0,5.04,0.415040877352261,0.0111429023495436,0.4151904311832174,0.00014955383095643926,4.510611191816102,4.512749377441971,0.0021381856258697596,-0.5293888081838984,-0.5272506225580287,4.538751222660768,-0.5012487773392325
2026-09-09,2026-11,jaox6_9225c,call,92.25,4.96,0.415040877352261,0.0111429023495436,0.4151904311832174,0.00014955383095643926,4.418126254209033,4.420259335640539,0.002133081431505701,-0.5418737457909666,-0.5397406643594609,4.446180622176597,-0.5138193778234026
2026-09-09,2026-11,jaox6_9348c,call,93.48,4.56,0.415040877352261,0.0111429023495436,0.4151904311832174,0.00014955383095643926,3.984414380588714,3.986515159953345,0.0021007793646310446,-0.5755856194112856,-0.5734848400466546,4.012074728351665,-0.5479252716483343
2026-09-09,2026-11,jaox6_9353c,call,93.53,4.55,0.415040877352261,0.0111429023495436,0.4151904311832174,0.00014955383095643926,3.96752031753092,3.9696195401456174,0.0020992226146971937,-0.5824796824690797,-0.5803804598543825,3.9951705233756303,-0.5548294766243695
2026-09-09,2026-11,jaox6_9435c,call,94.35,4.31,0.415040877352261,0.0111429023495436,0.4151904311832174,0.00014955383095643926,3.6984631069525724,3.700534230533503,0.002071123580930756,-0.6115368930474272,-0.6094657694664964,3.726374349638266,-0.5836256503617334
2026-09-09,2026-11,jaox6_9700c,call,97.0,3.61,0.415040877352261,0.0111429023495436,0.4151904311832174,0.00014955383095643926,2.9274457588861136,2.929396440037635,0.0019506811515213052,-0.6825542411138863,-0.680603559962365,2.9557247337368944,-0.6542752662631055
2026-09-09,2026-11,jaox6_9911c,call,99.11,3.14,0.415040877352261,0.0111429023495436,0.4151904311832174,0.00014955383095643926,2.412606361547354,2.4144351198030245,0.0018287582556704152,-0.727393638452646,-0.7255648801969756,2.4399535777460173,-0.7000464222539828
2026-09-09,2027-03,jaoh7_6800p,put,68.0,3.38,0.415040877352261,0.0111429023495436,0.4151904311832174,0.00014955383095643926,4.123334312615903,4.12596645676075,0.0026321441448473593,0.7433343126159029,0.7459664567607502,4.128034966790601,0.748034966790601
2026-09-09,2027-03,jaoh7_6900p,put,69.0,3.68,0.415040877352261,0.0111429023495436,0.4151904311832174,0.00014955383095643926,4.486260072445463,4.488975039518005,0.0027149670725421515,0.8062600724454625,0.8089750395180046,4.492626910271172,0.8126269102711716
2026-09-09,2027-03,jaoh7_7000p,put,70.0,4.0,0.415040877352261,0.0111429023495436,0.4151904311832174,0.00014955383095643926,4.867597839515376,4.8703902045848295,0.00279236506945324,0.8675978395153763,0.8703902045848295,4.875664534827148,0.8756645348271483
2026-09-09,2027-03,jaoh7_7100p,put,71.0,4.35,0.415040877352261,0.0111429023495436,0.4151904311832174,0.00014955383095643926,5.267335257433322,5.270199322064011,0.0028640646306890005,0.9173352574333222,0.9201993220640112,5.276757691716263,0.9267576917162632
2026-09-09,2027-03,jaoh7_7150p,put,71.5,4.53,0.415040877352261,0.0111429023495436,0.4151904311832174,0.00014955383095643926,5.474088125106841,5.476985830665645,0.0028977055588033096,0.9440881251068411,0.9469858306656445,5.483882019947966,0.953882019947966
2026-09-09,2027-03,jaoh7_7250p,put,72.5,4.91,0.415040877352261,0.0111429023495436,0.4151904311832174,0.00014955383095643926,5.901308121529642,5.904268574097808,0.0029604525681659055,0.9913081215296415,0.9942685740978074,5.911635266291374,1.001635266291374
2026-09-09,2027-03,jaoh7_7300p,put,73.0,5.11,0.415040877352261,0.0111429023495436,0.4151904311832174,0.00014955383095643926,6.121746211295181,6.124735732088019,0.002989520792837652,1.011746211295181,1.0147357320880186,6.132266957148463,1.0222669571484628
2026-09-09,2027-03,jaoh7_7400p,put,74.0,5.52,0.415040877352261,0.0111429023495436,0.4151904311832174,0.00014955383095643926,6.576188337829915,6.579231311805312,0.0030429739753969898,1.0561883378299157,1.0592313118053127,6.587116270992407,1.0671162709924076
2026-09-09,2027-03,jaoh7_7450p,put,74.5,5.73,0.415040877352261,0.0111429023495436,0.4151904311832174,0.00014955383095643926,6.810149550937449,6.813216889322143,0.003067338384694196,1.0801495509374481,1.0832168893221423,6.821194456690289,1.091194456690289
2026-09-09,2027-03,jaoh7_7500p,put,75.0,5.96,0.415040877352261,0.0111429023495436,0.4151904311832174,0.00014955383095643926,7.048572094917619,7.0516622138141685,0.003090118896549754,1.0885720949176187,1.0916622138141685,7.05953791763811,1.0995379176381102
2026-09-09,2027-03,jaoh7_7900c,call,79.0,7.74,0.415040877352261,0.0111429023495436,0.4151904311832174,0.00014955383095643926,8.86511274786543,8.868328190379843,0.0032154425144135246,1.1251127478654297,1.1283281903798432,8.87347262807736,1.1334726280773602
2026-09-09,2027-03,jaoh7_8000c,call,80.0,7.32,0.415040877352261,0.0111429023495436,0.4151904311832174,0.00014955383095643926,8.445690513492918,8.448921760895756,0.0032312474028373117,1.125690513492918,1.1289217608957554,8.45320257093916,1.1332025709391598
2026-09-09,2027-03,jaoh7_8025c,call,80.25,7.21,0.415040877352261,0.0111429023495436,0.4151904311832174,0.00014955383095643926,8.343395367543186,8.346629625935368,0.0032342583921813883,1.1333953675431863,1.1366296259353676,8.350669066712774,1.140669066712774
2026-09-09,2027-03,jaoh7_8045c,call,80.45,7.13,0.415040877352261,0.0111429023495436,0.4151904311832174,0.00014955383095643926,8.26228921394235,8.265525613619385,0.003236399677035706,1.1322892139423493,1.135525613619385,8.269288300202222,1.1392883002022218
2026-09-09,2027-03,jaoh7_8075c,call,80.75,7.01,0.415040877352261,0.0111429023495436,0.4151904311832174,0.00014955383095643926,8.141840031937628,8.145079200740573,0.0032391688029456134,1.131840031937628,1.1350792007405737,8.148345273014032,1.138345273014032
2026-09-09,2027-03,jaoh7_8100c,call,81.0,6.92,0.415040877352261,0.0111429023495436,0.4151904311832174,0.00014955383095643926,8.042568841457475,8.045809914860978,0.003241073403502881,1.1225688414574755,1.1258099148609784,8.048642031655877,1.1286420316558772
2026-09-09,2027-03,jaoh7_8102c,call,81.02,6.91,0.415040877352261,0.0111429023495436,0.4151904311832174,0.00014955383095643926,8.034670285869858,8.037911495903183,0.003241210033325004,1.1246702858698576,1.1279114959031826,8.040710463304272,1.130710463304272
2026-09-09,2027-03,jaoh7_8125c,call,81.25,6.82,0.415040877352261,0.0111429023495436,0.4151904311832174,0.00014955383095643926,7.94429452764569,7.947537142192091,0.003242614546400624,1.1242945276456897,1.1275371421920903,7.949970375301086,1.1299703753010857
2026-09-09,2027-03,jaoh7_8150c,call,81.5,6.72,0.415040877352261,0.0111429023495436,0.4151904311832174,0.00014955383095643926,7.847011432092183,7.850255227148111,0.0032437950559280893,1.127011432092183,1.130255227148111,7.852278389267759,1.1322783892677588
2026-09-09,2027-03,jaoh7_8185c,call,81.85,6.59,0.415040877352261,0.0111429023495436,0.4151904311832174,0.00014955383095643926,7.712469448123875,7.715714295591164,0.003244847467288814,1.1224694481238755,1.1257142955911643,7.717141844993634,1.127141844993634
2026-09-09,2027-03,jaoh7_8342c,call,83.42,6.03,0.415040877352261,0.0111429023495436,0.4151904311832174,0.00014955383095643926,7.13229111253553,7.135532281562647,0.003241169027117685,1.1022911125355295,1.1055322815626472,7.134171170936558,1.1041711709365574
2026-09-09,2027-03,jaoh7_8500c,call,85.0,5.52,0.415040877352261,0.0111429023495436,0.4151904311832174,0.00014955383095643926,6.585830615622348,6.58905484510427,0.003224229481921803,1.0658306156223487,1.0690548451042705,6.585665372465421,1.0656653724654213
2026-09-09,2027-03,jaoh7_8525c,call,85.25,5.44,0.415040877352261,0.0111429023495436,0.4151904311832174,0.00014955383095643926,6.502701918644802,6.505922311185075,0.003220392540272954,1.0627019186448017,1.0659223111850746,6.502095866956421,1.0620958669564209
2026-09-09,2027-03,jaoh7_8575c,call,85.75,5.29,0.415040877352261,0.0111429023495436,0.4151904311832174,0.00014955383095643926,6.339120596908084,6.342332403286515,0.0032118063784309925,1.0491205969080841,1.0523324032865151,6.337680651388959,1.0476806513889594
2026-09-09,2027-03,jaoh7_8635c,call,86.35,5.12,0.415040877352261,0.0111429023495436,0.4151904311832174,0.00014955383095643926,6.147472179643339,6.150672114739609,0.0031999350962701456,1.0274721796433388,1.030672114739609,6.145086666344544,1.025086666344544
2026-09-09,2027-03,jaoh7_8675c,call,86.75,5.01,0.415040877352261,0.0111429023495436,0.4151904311832174,0.00014955383095643926,6.022483118157924,6.025674214652985,0.0031910964950609966,1.012483118157924,1.015674214652985,6.019560342384971,1.0095603423849715
2026-09-09,2027-03,jaoh7_8700c,call,87.0,4.94,0.415040877352261,0.0111429023495436,0.4151904311832174,0.00014955383095643926,5.945478934042285,5.948664139737686,0.003185205695401372,1.0054789340422845,1.0086641397376859,5.942308407821449,1.0023084078214488
2026-09-09,2027-03,jaoh7_8705c,call,87.05,4.93,0.415040877352261,0.0111429023495436,0.4151904311832174,0.00014955383095643926,5.930180200343584,5.933364194495056,0.0031839941514713033,1.0001802003435847,1.003364194495056,5.926961609966378,0.9969616099663784
2026-09-09,2027-09,jaou7_5800p,put,58.0,3.15,0.415040877352261,0.0111429023495436,0.4151904311832174,0.00014955383095643926,4.773473410687481,4.776617208562561,0.003143797875079457,1.6234734106874815,1.626617208562561,4.740620642214133,1.5906206422141334
2026-09-09,2027-09,jaou7_5900p,put,59.0,3.39,0.415040877352261,0.0111429023495436,0.4151904311832174,0.00014955383095643926,5.136691493832947,5.13993003757817,0.0032385437452226995,1.7466914938329468,1.7499300375781695,5.101856665413115,1.711856665413115
2026-09-09,2027-09,jaou7_6000p,put,60.0,3.64,0.415040877352261,0.0111429023495436,0.4151904311832174,0.00014955383095643926,5.514844881940617,5.518173872714629,0.0033289907740119418,1.8748448819406165,1.8781738727146284,5.477862066731352,1.837862066731352
2026-09-09,2027-09,jaou7_6200p,put,62.0,4.19,0.415040877352261,0.0111429023495436,0.4151904311832174,0.00014955383095643926,6.3155752042633875,6.319071507068882,0.003496302805494622,2.125575204263387,2.1290715070688817,6.274286738581974,2.084286738581974
2026-09-09,2027-09,jaou7_6420p,put,64.2,4.88,0.415040877352261,0.0111429023495436,0.4151904311832174,0.00014955383095643926,7.263771198705313,7.267429613624006,0.0036584149186928983,2.383771198705313,2.387429613624006,7.22061915333246,2.34061915333246
2026-09-09,2027-09,jaou7_6500p,put,65.0,5.15,0.415040877352261,0.0111429023495436,0.4151904311832174,0.00014955383095643926,7.625764806805149,7.629476303066962,0.0037114962618129965,2.4757648068051488,2.4794763030669618,7.582344476073282,2.4323444760732817
2026-09-09,2027-09,jaou7_6750p,put,67.5,6.06,0.415040877352261,0.0111429023495436,0.4151904311832174,0.00014955383095643926,8.81470963768154,8.818566540365403,0.0038569026838626286,2.7547096376815405,2.758566540365403,8.77090649149486,2.7109064914948595
2026-09-09,2027-09,jaou7_6800p,put,68.0,6.26,0.415040877352261,0.0111429023495436,0.4151904311832174,0.00014955383095643926,9.06279809952574,9.066680355411778,0.0038822558860385215,2.8027980995257398,2.8066803554117783,9.0191515919543,2.7591515919543
2026-09-09,2027-09,jaou7_6820c,call,68.2,10.4,0.415040877352261,0.0111429023495436,0.4151904311832174,0.00014955383095643926,13.226508315681565,13.230400365970132,0.003892050288566651,2.826508315681565,2.8304003659701316,13.113823034281978,2.713823034281978
2026-09-09,2027-09,jaou7_6825c,call,68.25,10.37,0.415040877352261,0.0111429023495436,0.4151904311832174,0.00014955383095643926,13.203800560680433,13.207695028645267,0.0038944679648338365,2.8338005606804337,2.8376950286452676,13.091124854153234,2.721124854153235
2026-09-09,2027-09,jaou7_6860c,call,68.6,10.18,0.415040877352261,0.0111429023495436,0.4151904311832174,0.00014955383095643926,13.045784321429588,13.049695367265265,0.0039110458356770295,2.8657843214295884,2.8696953672652654,12.93315549389595,2.753155493895949
2026-09-09,2027-09,jaou7_6900c,call,69.0,9.96,0.415040877352261,0.0111429023495436,0.4151904311832174,0.00014955383095643926,12.867195247804641,12.871124500219498,0.003929252414856421,2.9071952478046406,2.911124500219497,12.754596875857043,2.7945968758570423
2026-09-09,2027-09,jaou7_6900p,put,69.0,6.67,0.415040877352261,0.0111429023495436,0.4151904311832174,0.00014955383095643926,9.56905643778861,9.572985690203467,0.003929252414856421,2.8990564377886106,2.902985690203467,9.525543380569962,2.855543380569962
2026-09-09,2027-09,jaou7_6905c,call,69.05,9.94,0.415040877352261,0.0111429023495436,0.4151904311832174,0.00014955383095643926,12.845020987596738,12.848952460496296,0.00393147289955742,2.905020987596739,2.9089524604962964,12.732425029004528,2.7924250290045283
2026-09-09,2027-09,jaou7_6930c,call,69.3,9.8,0.415040877352261,0.0111429023495436,0.4151904311832174,0.00014955383095643926,12.734645553916376,12.73858794519652,0.003942391280142843,2.9346455539163756,2.9385879451965184,12.62206418466294,2.8220641846629384
2026-09-09,2027-09,jaou7_7000c,call,70.0,9.44,0.415040877352261,0.0111429023495436,0.4151904311832174,0.00014955383095643926,12.429964790650029,12.433936127453066,0.003971336803036962,2.9899647906500295,2.9939361274530665,12.317633724388068,2.877633724388069
2026-09-09,2027-09,jaou7_7000p,put,70.0,7.1,0.415040877352261,0.0111429023495436,0.4151904311832174,0.00014955383095643926,10.08856455948887,10.092535896291906,0.003971336803036962,2.9885645594888697,2.9925358962919066,10.045318807955857,2.945318807955857
2026-09-09,2027-09,jaou7_7110c,call,71.1,8.88,0.415040877352261,0.0111429023495436,0.4151904311832174,0.00014955383095643926,11.964030586506299,11.96804260958757,0.004012023081271465,3.084030586506298,3.0880426095875695,11.85293997497968,2.9729399749796794
2026-09-09,2027-09,jaou7_7200c,call,72.0,8.44,0.415040877352261,0.0111429023495436,0.4151904311832174,0.00014955383095643926,11.594294072868266,11.598335080143016,0.004041007274750541,3.1542940728682662,3.158335080143017,11.484827166071614,3.044827166071615
2026-09-09,2027-09,jaou7_7335c,call,73.35,7.81,0.415040877352261,0.0111429023495436,0.4151904311832174,0.00014955383095643926,11.058637968040408,11.062715333593703,0.004077365553294854,3.2486379680404083,3.252715333593703,10.952199808876612,3.1421998088766125
2026-09-09,2027-09,jaou7_7400c,call,74.0,7.53,0.415040877352261,0.0111429023495436,0.4151904311832174,0.00014955383095643926,10.80867742310015,10.812769309817426,0.0040918867172763385,3.2786774231001496,3.282769309817426,10.703687901061212,3.173687901061212
2026-09-09,2027-09,jaou7_7400p,put,74.0,9.02,0.415040877352261,0.0111429023495436,0.4151904311832174,0.00014955383095643926,12.294231507358477,12.298323394075753,0.0040918867172763385,3.2742315073584773,3.2783233940757537,12.258327300048483,3.238327300048484
2026-09-09,2027-09,jaou7_7450c,call,74.5,7.31,0.415040877352261,0.0111429023495436,0.4151904311832174,0.00014955383095643926,10.619852965347542,10.623954727801381,0.004101762453839086,3.3098529653475426,3.3139547278013817,10.515844809456476,3.205844809456477
2026-09-09,2027-09,jaou7_7450p,put,74.5,9.29,0.415040877352261,0.0111429023495436,0.4151904311832174,0.00014955383095643926,12.583776339033305,12.587878101487144,0.004101762453839086,3.2937763390333057,3.2978781014871448,12.548853497871184,3.2588534978711845
2026-09-09,2027-09,jaou7_7500c,call,75.0,7.1,0.415040877352261,0.0111429023495436,0.4151904311832174,0.00014955383095643926,10.433994747636609,10.438105276069043,0.004110528432434535,3.333994747636609,3.3381052760690437,10.331050658499166,3.231050658499166
2026-09-09,2027-09,jaou7_7500p,put,75.0,9.56,0.415040877352261,0.0111429023495436,0.4151904311832174,0.00014955383095643926,12.876287410749807,12.880397939182242,0.004110528432434535,3.3162874107498066,3.320397939182241,12.842428636341312,3.2824286363413115
2026-09-09,2027-09,jaou7_7542c,call,75.42,6.93,0.415040877352261,0.0111429023495436,0.4151904311832174,0.00014955383095643926,10.280141894198385,10.284258939363788,0.0041170451654028994,3.3501418941983854,3.3542589393637883,10.177977302877837,3.247977302877837
2026-09-09,2027-09,jaou7_7550c,call,75.5,6.9,0.415040877352261,0.0111429023495436,0.4151904311832174,0.00014955383095643926,10.25106960139855,10.255187801015497,0.004118199616947038,3.3510696013985495,3.3551878010154965,10.1490522120038,3.2490522120038
2026-09-09,2027-09,jaou7_7600c,call,76.0,6.7,0.415040877352261,0.0111429023495436,0.4151904311832174,0.00014955383095643926,10.071044202457315,10.075168993947022,0.004124791489706681,3.3710442024573153,3.375168993947022,9.969994272942309,3.2699942729423084
2026-09-09,2027-09,jaou7_7610c,call,76.1,6.66,0.415040877352261,0.0111429023495436,0.4151904311832174,0.00014955383095643926,10.035384150377812,10.039510132121341,0.0041259817435292945,3.375384150377812,3.379510132121341,9.934544473744223,3.274544473744223
2026-09-09,2027-09,jaou7_7705c,call,77.05,6.3,0.415040877352261,0.0111429023495436,0.4151904311832174,0.00014955383095643926,9.702280592256514,9.706415785070586,0.004135192814072042,3.4022805922565142,3.4064157850705863,9.603326467391184,3.3033264673911846
2026-09-09,2027-09,jaou7_7710c,call,77.1,6.28,0.415040877352261,0.0111429023495436,0.4151904311832174,0.00014955383095643926,9.68503041797822,9.68916599172788,0.004135573749659116,3.40503041797822,3.409165991727879,9.586173888592793,3.3061738885927925
2026-09-09,2027-09,jaou7_7725c,call,77.25,6.23,0.415040877352261,0.0111429023495436,0.4151904311832174,0.00014955383095643926,9.633447301970746,9.63758395699051,0.00413665501976368,3.403447301970745,3.407583956990509,9.534886867931728,3.304886867931728
2026-09-09,2028-03,jaoh8_5740p,put,57.4,3.78,0.415040877352261,0.0111429023495436,0.4151904311832174,0.00014955383095643926,6.910679644138256,6.914567187200234,0.003887543061978249,3.130679644138256,3.134567187200234,6.919403376648027,3.139403376648028
2026-09-09,2028-03,jaoh8_5900p,put,59.0,4.22,0.415040877352261,0.0111429023495436,0.4151904311832174,0.00014955383095643926,7.591659020609534,7.595679304868387,0.004020284258853479,3.371659020609534,3.3756793048683873,7.601212049003699,3.3812120490036994
2026-09-09,2028-03,jaoh8_6000p,put,60.0,4.52,0.415040877352261,0.0111429023495436,0.4151904311832174,0.00014955383095643926,8.03340796910853,8.0375057290292,0.004097759920668409,3.513407969108531,3.5175057290291996,8.043348005564134,3.5233480055641344
2026-09-09,2028-03,jaoh8_6151c,call,61.51,13.09,0.415040877352261,0.0111429023495436,0.4151904311832174,0.00014955383095643926,16.798149822874024,16.802356484772428,0.004206661898404462,3.7081498228740237,3.712356484772428,16.798885725630225,3.708885725630225
2026-09-09,2028-03,jaoh8_6165p,put,61.65,5.04,0.415040877352261,0.0111429023495436,0.4151904311832174,0.00014955383095643926,8.788878961849864,8.79309522612023,0.004216264270365144,3.748878961849864,3.7530952261202293,8.798960801932775,3.758960801932776
2026-09-09,2028-03,jaoh8_6200c,call,62.0,12.79,0.415040877352261,0.0111429023495436,0.4151904311832174,0.00014955383095643926,16.569817096995752,16.574056999787516,0.004239902791763228,3.779817096995753,3.7840569997875164,16.570504702621665,3.7805047026216654
2026-09-09,2028-03,jaoh8_6200p,put,62.0,5.16,0.415040877352261,0.0111429023495436,0.4151904311832174,0.00014955383095643926,8.95332105683261,8.957560959624374,0.004239902791763228,3.7933210568326103,3.7975609596243736,8.963362599849097,3.803362599849097
2026-09-09,2028-03,jaoh8_6250p,put,62.5,5.32,0.415040877352261,0.0111429023495436,0.4151904311832174,0.00014955383095643926,9.190748597460868,9.195021359365615,0.0042727619047475685,3.8707485974608673,3.875021359365615,9.2006833163261,3.880683316326099
2026-09-09,2028-03,jaoh8_6420c,call,64.2,11.5,0.415040877352261,0.0111429023495436,0.4151904311832174,0.00014955383095643926,15.579299343372401,15.583675837178875,0.004376493806473647,4.079299343372401,4.083675837178875,15.57914875384945,4.07914875384945
2026-09-09,2028-03,jaoh8_6500c,call,65.0,11.04,0.415040877352261,0.0111429023495436,0.4151904311832174,0.00014955383095643926,15.23288251120928,15.237303571346054,0.004421060136774457,4.19288251120928,4.197303571346055,15.232202677399767,4.192202677399768
2026-09-09,2028-03,jaoh8_6500p,put,65.0,6.22,0.415040877352261,0.0111429023495436,0.4151904311832174,0.00014955383095643926,10.42135138763056,10.425772447767335,0.004421060136774457,4.20135138763056,4.205772447767335,10.43002549121162,4.21002549121162
2026-09-09,2028-03,jaoh8_6600c,call,66.0,10.49,0.415040877352261,0.0111429023495436,0.4151904311832174,0.00014955383095643926,14.809943440526226,14.814416421698082,0.0044729811718564605,4.319943440526226,4.324416421698082,14.80868352552018,4.31868352552018
2026-09-09,2028-03,jaoh8_6600p,put,66.0,6.6,0.415040877352261,0.0111429023495436,0.4151904311832174,0.00014955383095643926,10.933400622475647,10.937873603647503,0.0044729811718564605,4.333400622475647,4.337873603647504,10.941494644860173,4.341494644860173
2026-09-09,2028-03,jaoh8_6750p,put,67.5,7.2,0.415040877352261,0.0111429023495436,0.4151904311832174,0.00014955383095643926,11.72204550229306,11.726588575232878,0.004543072939817705,4.52204550229306,4.526588575232878,11.728716242164063,4.528716242164063
2026-09-09,2028-03,jaoh8_6775c,call,67.75,9.56,0.415040877352261,0.0111429023495436,0.4151904311832174,0.00014955383095643926,14.096157007906868,14.100710865352363,0.004553857445495524,4.536157007906867,4.540710865352363,14.09323520945141,4.53323520945141
2026-09-09,2028-03,jaoh8_6875c,call,68.75,9.05,0.415040877352261,0.0111429023495436,0.4151904311832174,0.00014955383095643926,13.70297446711078,13.707568935440467,0.004594468329687018,4.652974467110779,4.657568935440466,13.699001037811897,4.649001037811896
2026-09-09,2028-03,jaoh8_6890c,call,68.9,8.97,0.415040877352261,0.0111429023495436,0.4151904311832174,0.00014955383095643926,13.64490100889592,13.649501222941966,0.004600214046046602,4.674901008895919,4.6795012229419655,13.640767933967254,4.670767933967253
2026-09-09,2028-03,jaoh8_7000c,call,70.0,8.43,0.415040877352261,0.0111429023495436,0.4151904311832174,0.00014955383095643926,13.226122977066364,13.230762607590945,0.004639630524581051,4.796122977066364,4.800762607590945,13.22117345622524,4.79117345622524
2026-09-09,2028-03,jaoh8_7000p,put,70.0,8.29,0.415040877352261,0.0111429023495436,0.4151904311832174,0.00014955383095643926,13.08953338112835,13.09417301165293,0.004639630524581051,4.7995333811283505,4.8041730116529315,13.093937797677802,4.803937797677802
2026-09-09,2028-03,jaoh8_7110c,call,71.1,7.91,0.415040877352261,0.0111429023495436,0.4151904311832174,0.00014955383095643926,12.819625479803584,12.824299817745175,0.004674337941590778,4.909625479803584,4.914299817745174,12.814163940639578,4.904163940639577
2026-09-09,2028-03,jaoh8_7275c,call,72.75,7.17,0.415040877352261,0.0111429023495436,0.4151904311832174,0.00014955383095643926,12.232275348858971,12.236993168416475,0.004717819557503944,5.062275348858972,5.0669931684164755,12.225844485680993,5.055844485680993
2026-09-09,2028-03,jaoh8_7340c,call,73.4,6.89,0.415040877352261,0.0111429023495436,0.4151904311832174,0.00014955383095643926,12.008090944150931,12.012823143573886,0.004732199422955219,5.118090944150931,5.1228231435738865,12.001364373055786,5.111364373055786
2026-09-09,2028-03,jaoh8_7450c,call,74.5,6.44,0.415040877352261,0.0111429023495436,0.4151904311832174,0.00014955383095643926,11.637732796044094,11.642485895536934,0.004753099492839752,5.197732796044094,5.202485895536934,11.630592616253452,5.190592616253452
2026-09-09,2028-03,jaoh8_7450p,put,74.5,10.52,0.415040877352261,0.0111429023495436,0.4151904311832174,0.00014955383095643926,15.708590574982715,15.713343674475556,0.004753099492841528,5.188590574982715,5.193343674475557,15.710804332582647,5.190804332582648
2026-09-09,2028-03,jaoh8_7475c,call,74.75,6.34,0.415040877352261,0.0111429023495436,0.4151904311832174,0.00014955383095643926,11.555119706674775,11.559876965114508,0.004757258439733292,5.215119706674775,5.2198769651145085,11.54781406617844,5.20781406617844
2026-09-09,2028-03,jaoh8_7500c,call,75.0,6.25,0.415040877352261,0.0111429023495436,0.4151904311832174,0.00014955383095643926,11.47307698506847,11.477838186912699,0.00476120184422868,5.22307698506847,5.227838186912699,11.4655706045719,5.2155706045719
2026-09-09,2028-03,jaoh8_7550c,call,75.5,6.06,0.415040877352261,0.0111429023495436,0.4151904311832174,0.00014955383095643926,11.310689343739242,11.315457792177993,0.004768448438751349,5.250689343739242,5.255457792177993,11.302735125312608,5.242735125312609
2026-09-09,2028-03,jaoh8_7670c,call,76.7,5.64,0.415040877352261,0.0111429023495436,0.4151904311832174,0.00014955383095643926,10.930054557251063,10.934836983638077,0.004782426387013317,5.2900545572510635,5.294836983638077,10.921105959718332,5.2811059597183325
2026-09-09,2028-03,jaoh8_7700c,call,77.0,5.54,0.415040877352261,0.0111429023495436,0.4151904311832174,0.00014955383095643926,10.836870600883955,10.84165578445917,0.0047851835752155125,5.296870600883955,5.301655784459171,10.827690195106715,5.287690195106715
2026-09-09,2028-03,jaoh8_7775c,call,77.75,5.29,0.415040877352261,0.0111429023495436,0.4151904311832174,0.00014955383095643926,10.607304631489658,10.612095449157795,0.0047908176681374925,5.317304631489658,5.322095449157795,10.59758205899605,5.30758205899605
2026-09-09,2028-09,jaou8_5000p,put,50.0,2.87,0.415040877352261,0.0111429023495436,0.4151904311832174,0.00014955383095643926,5.71961434806849,5.723357981603385,0.0037436335348957073,2.8496143480684895,2.853357981603385,5.739018728551839,2.869018728551839
2026-09-09,2028-09,jaou8_5500p,put,55.0,3.99,0.415040877352261,0.0111429023495436,0.4151904311832174,0.00014955383095643926,7.707289467391925,7.711518262661839,0.004228795269913377,3.7172894673919252,3.7215182626618386,7.729745027347234,3.739745027347234
2026-09-09,2028-09,jaou8_5700p,put,57.0,4.51,0.415040877352261,0.0111429023495436,0.4151904311832174,0.00014955383095643926,8.58209456020147,8.58649109800369,0.004396537802218603,4.072094560201471,4.0764910980036895,8.605107018562624,4.095107018562624
2026-09-09,2028-09,jaou8_5740p,put,57.4,4.62,0.415040877352261,0.0111429023495436,0.4151904311832174,0.00014955383095643926,8.762317235049123,8.766745471904182,0.004428236855058998,4.142317235049123,4.146745471904182,8.785363985431548,4.165363985431548
2026-09-09,2028-09,jaou8_6151c,call,61.51,12.37,0.415040877352261,0.0111429023495436,0.4151904311832174,0.00014955383095643926,17.220774723141854,17.225492943571403,0.004718220429548836,4.850774723141855,4.855492943571404,17.355970514618246,4.985970514618247
2026-09-09,2028-09,jaou8_6165p,put,61.65,5.87,0.415040877352261,0.0111429023495436,0.4151904311832174,0.00014955383095643926,10.781437119531681,10.786164078746015,0.004726959214334414,4.911437119531681,4.916164078746015,10.802625644898216,4.932625644898216
2026-09-09,2028-09,jaou8_6200p,put,62.0,5.98,0.415040877352261,0.0111429023495436,0.4151904311832174,0.00014955383095643926,10.955956484471528,10.960704966067283,0.004748481595754583,4.975956484471528,4.980704966067282,10.97680799107963,4.9968079910796295
2026-09-09,2028-09,jaou8_6250p,put,62.5,6.14,0.415040877352261,0.0111429023495436,0.4151904311832174,0.00014955383095643926,11.20737546954403,11.21215389576911,0.004778426225080068,5.06737546954403,5.07215389576911,11.227725489784094,5.087725489784094
2026-09-09,2028-09,jaou8_6500c,call,65.0,10.33,0.415040877352261,0.0111429023495436,0.4151904311832174,0.00014955383095643926,15.82368665343977,15.828600844891229,0.004914191451458549,5.49368665343977,5.498600844891229,15.955420516444873,5.625420516444873
2026-09-09,2028-09,jaou8_6500p,put,65.0,6.99,0.415040877352261,0.0111429023495436,0.4151904311832174,0.00014955383095643926,12.50081933192795,12.505733523379408,0.004914191451458549,5.51081933192795,5.515733523379408,12.518674107560368,5.528674107560368
2026-09-09,2028-09,jaou8_6570c,call,65.7,9.94,0.415040877352261,0.0111429023495436,0.4151904311832174,0.00014955383095643926,15.557427337680808,15.56237544582223,0.00494810814142177,5.617427337680809,5.622375445822231,15.688861520353017,5.748861520353017
2026-09-09,2028-09,jaou8_6600c,call,66.0,9.77,0.415040877352261,0.0111429023495436,0.4151904311832174,0.00014955383095643926,15.444700659397661,15.449662764521111,0.0049621051234503,5.674700659397661,5.679662764521112,15.576070571161784,5.806070571161785
2026-09-09,2028-09,jaou8_6650c,call,66.5,9.5,0.415040877352261,0.0111429023495436,0.4151904311832174,0.00014955383095643926,15.25864957357852,15.263634294942406,0.00498472136388628,5.75864957357852,5.763634294942406,15.389950924529408,5.889950924529408
2026-09-09,2028-09,jaou8_6750p,put,67.5,7.93,0.415040877352261,0.0111429023495436,0.4151904311832174,0.00014955383095643926,13.85263305804977,13.857660371121495,0.0050273130717251036,5.922633058049771,5.927660371121496,13.870101350869602,5.940101350869602
2026-09-09,2028-09,jaou8_6775c,call,67.75,8.85,0.415040877352261,0.0111429023495436,0.4151904311832174,0.00014955383095643926,14.803368428921557,14.808405845926353,0.0050374170047966516,5.953368428921557,5.958405845926354,14.93472848731386,6.0847284873138605
2026-09-09,2028-09,jaou8_7000c,call,70.0,7.75,0.415040877352261,0.0111429023495436,0.4151904311832174,0.00014955383095643926,14.018310534067876,14.02342932902532,0.005118794957443384,6.268310534067876,6.273429329025319,14.14989724725153,6.3998972472515305
2026-09-09,2028-09,jaou8_7000p,put,70.0,9.0,0.415040877352261,0.0111429023495436,0.4151904311832174,0.00014955383095643926,15.259821401445917,15.26494019640336,0.005118794957443384,6.259821401445917,6.26494019640336,15.277529027256886,6.277529027256886
2026-09-09,2028-09,jaou8_7110c,call,71.1,7.26,0.415040877352261,0.0111429023495436,0.4151904311832174,0.00014955383095643926,13.650091477649557,13.655243962436755,0.005152484787197764,6.390091477649557,6.395243962436755,13.7817325613777,6.5217325613777
2026-09-09,2028-09,jaou8_7275c,call,72.75,6.59,0.415040877352261,0.0111429023495436,0.4151904311832174,0.00014955383095643926,13.116253614435344,13.12144942642731,0.005195811991965726,6.526253614435344,6.53144942642731,13.247597897121532,6.657597897121532
2026-09-09,2028-09,jaou8_7340c,call,73.4,6.34,0.415040877352261,0.0111429023495436,0.4151904311832174,0.00014955383095643926,12.911891213610092,12.917101788355893,0.005210574745801111,6.571891213610092,6.577101788355893,13.042891796837306,6.7028917968373065
2026-09-09,2028-09,jaou8_7450c,call,74.5,5.94,0.415040877352261,0.0111429023495436,0.4151904311832174,0.00014955383095643926,12.573495575194343,12.578728255398838,0.005232680204494855,6.633495575194343,6.638728255398838,12.703932354518546,6.763932354518546
2026-09-09,2028-09,jaou8_7450p,put,74.5,11.32,0.415040877352261,0.0111429023495436,0.4151904311832174,0.00014955383095643926,17.92294681257326,17.928179492777755,0.005232680204493079,6.602946812573261,6.608179492777754,17.939504504524777,6.619504504524777
2026-09-09,2028-09,jaou8_7500c,call,75.0,5.77,0.415040877352261,0.0111429023495436,0.4151904311832174,0.00014955383095643926,12.422721437171056,12.427962994782044,0.005241557610988323,6.652721437171056,6.657962994782045,12.5529575624684,6.7829575624684
2026-09-09,2028-09,jaou8_7560c,call,75.6,5.57,0.415040877352261,0.0111429023495436,0.4151904311832174,0.00014955383095643926,12.2442595385012,12.249510803945006,0.005251265443805053,6.6742595385012,6.679510803945005,12.374294757877912,6.804294757877912
2026-09-09,2028-09,jaou8_7670c,call,76.7,5.23,0.415040877352261,0.0111429023495436,0.4151904311832174,0.00014955383095643926,11.923950086195672,11.929216530507068,0.005266444311395446,6.693950086195672,6.6992165305070674,12.053639195238814,6.823639195238814
2026-09-09,2028-09,jaou8_7925c,call,79.25,4.53,0.415040877352261,0.0111429023495436,0.4151904311832174,0.00014955383095643926,11.214485644122199,11.219774809443459,0.005289165321260114,6.684485644122199,6.689774809443459,11.34310927659857,6.81310927659857
2026-09-09,2028-09,jaou8_8000c,call,80.0,4.35,0.415040877352261,0.0111429023495436,0.4151904311832174,0.00014955383095643926,11.014309989351734,11.01960267888582,0.005292689534085682,6.664309989351734,6.66960267888582,11.142355125012742,6.792355125012742
2026-09-10,2026-10,jaov6_10000c,call,100.0,4.82,0.4166311397436242,0.0112249172618098,0.41678232372739343,0.00015118398376923192,3.288915604310829,3.290564486705444,0.0016488823946150255,-1.531084395689171,-1.529435513294556,3.258111820954437,-1.5618881790455634
2026-09-10,2026-10,jaov6_10205c,call,102.05,4.16,0.4166311397436242,0.0112249172618098,0.41678232372739343,0.00015118398376923192,2.598640651699351,2.6002105873500474,0.001569935650696408,-1.5613593483006492,-1.5597894126499527,2.5709648487597048,-1.5890351512402954
2026-09-10,2026-10,jaov6_10240c,call,102.4,4.06,0.4166311397436242,0.0112249172618098,0.41678232372739343,0.00015118398376923192,2.4930140064865616,2.494566700400691,0.0015526939141294882,-1.566985993513438,-1.5654332995993085,2.465615458581738,-1.5943845414182616
2026-09-10,2026-10,jaov6_10300c,call,103.0,3.89,0.4166311397436242,0.0112249172618098,0.41678232372739343,0.00015118398376923192,2.319833978152786,2.3213548830569106,0.0015209049041247091,-1.5701660218472142,-1.5686451169430895,2.2929220890628565,-1.5970779109371436
2026-09-10,2026-10,jaov6_10500c,call,105.0,3.36,0.4166311397436242,0.0112249172618098,0.41678232372739343,0.00015118398376923192,1.8107052898534817,1.8121029690248631,0.0013976791713814496,-1.5492947101465182,-1.5478970309751368,1.786183442122094,-1.573816557877906
2026-09-10,2026-10,jaov6_10800c,call,108.0,2.7,0.4166311397436242,0.0112249172618098,0.41678232372739343,0.00015118398376923192,1.2213728909263613,1.2225530918343626,0.0011802009080013054,-1.478627109073639,-1.4774469081656376,1.2012503418831295,-1.4987496581168709
2026-09-10,2026-10,jaov6_11500c,call,115.0,1.62,0.4166311397436242,0.0112249172618098,0.41678232372739343,0.00015118398376923192,0.4418284135807399,0.44249542812248394,0.0006670145417440598,-1.1781715864192601,-1.1775045718775161,0.4332023560802795,-1.1867976439197203
2026-09-10,2026-10,jaov6_12100c,call,121.0,1.06,0.4166311397436242,0.0112249172618098,0.41678232372739343,0.00015118398376923192,0.1671057897821463,0.16745144133812476,0.0003456515559784601,-0.8928942102178538,-0.8925485586618753,0.1638736006559495,-0.8961263993440506
2026-09-10,2026-10,jaov6_12500c,call,125.0,0.81,0.4166311397436242,0.0112249172618098,0.41678232372739343,0.00015118398376923192,0.08340914272636896,0.08361635285397037,0.00020721012760141488,-0.726590857273631,-0.7263836471460297,0.0825067946339138,-0.7274932053660863
2026-09-10,2026-10,jaov6_16000c,call,160.0,0.11,0.4166311397436242,0.0112249172618098,0.41678232372739343,0.00015118398376923192,5.887019086798144e-05,5.9295007922903924e-05,4.248170549224866e-07,-0.10994112980913202,-0.1099407049920771,0.0001297784702571,-0.1098702215297429
2026-09-10,2026-10,jaov6_7200p,put,72.0,0.15,0.4166311397436242,0.0112249172618098,0.41678232372739343,0.00015118398376923192,0.02313568420521861,0.02320711235099182,7.142814577321133e-05,-0.12686431579478138,-0.12679288764900817,0.0232933568726315,-0.1267066431273684
2026-09-10,2026-10,jaov6_7400p,put,74.0,0.21,0.4166311397436242,0.0112249172618098,0.41678232372739343,0.00015118398376923192,0.04609709441018239,0.046220544455842116,0.00012345004565972317,-0.1639029055898176,-0.16377945554415788,0.0457278841237685,-0.1642721158762315
2026-09-10,2026-10,jaov6_7450p,put,74.5,0.23,0.4166311397436242,0.0112249172618098,0.41678232372739343,0.00015118398376923192,0.054240645285862144,0.05438073846111635,0.00014009317525420784,-0.17575935471413787,-0.17561926153888366,0.0536308021504087,-0.1763691978495913
2026-09-10,2026-10,jaov6_7500p,put,75.0,0.25,0.4166311397436242,0.0112249172618098,0.41678232372739343,0.00015118398376923192,0.0635871922688338,0.06374554250544051,0.000158350236606708,-0.1864128077311662,-0.1862544574945595,0.062701721270636,-0.187298278729364
2026-09-10,2026-10,jaov6_7600p,put,76.0,0.3,0.4166311397436242,0.0112249172618098,0.41678232372739343,0.00015118398376923192,0.0864525171306596,0.08665249391434315,0.0001999767836835531,-0.2135474828693404,-0.21334750608565684,0.0849818219063898,-0.2150181780936101
2026-09-10,2026-10,jaov6_7800p,put,78.0,0.44,0.4166311397436242,0.0112249172618098,0.41678232372739343,0.00015118398376923192,0.15338788703153128,0.15369295322286902,0.00030506619133774393,-0.2866121129684687,-0.286307046777131,0.1505862488093016,-0.2894137511906984
2026-09-10,2026-10,jaov6_8000p,put,80.0,0.62,0.4166311397436242,0.0112249172618098,0.41678232372739343,0.00015118398376923192,0.258658559404747,0.259098715706525,0.00044015630177796083,-0.36134144059525297,-0.360901284293475,0.2539383454220098,-0.3660616545779901
2026-09-10,2026-10,jaov6_8200p,put,82.0,0.87,0.4166311397436242,0.0112249172618098,0.41678232372739343,0.00015118398376923192,0.4163274291900141,0.41693043789497786,0.00060300870496377,-0.4536725708099859,-0.45306956210502214,0.408758714309343,-0.461241285690657
2026-09-10,2026-10,jaov6_8250p,put,82.5,0.95,0.4166311397436242,0.0112249172618098,0.41678232372739343,0.00015118398376923192,0.46575145064980994,0.46639885139690485,0.0006474007470949061,-0.48424854935019,-0.4836011486030951,0.4573952582922884,-0.4926047417077115
2026-09-10,2026-10,jaov6_9000p,put,90.0,2.84,0.4166311397436242,0.0112249172618098,0.41678232372739343,0.00015118398376923192,1.8888341016578716,1.8901875945280748,0.0013534928702032545,-0.9511658983421283,-0.949812405471925,1.869391514064586,-0.9706084859354138
2026-09-10,2026-10,jaov6_9200c,call,92.0,8.38,0.4166311397436242,0.0112249172618098,0.41678232372739343,0.00015118398376923192,7.289139308293734,7.290641021603862,0.001501713310127606,-1.0908606917062666,-1.089358978396139,7.258757246363286,-1.1212427536367144
2026-09-10,2026-10,jaov6_9225c,call,92.25,8.24,0.4166311397436242,0.0112249172618098,0.41678232372739343,0.00015118398376923192,7.131213885692264,7.1327314993657795,0.0015176136735153278,-1.108786114307736,-1.1072685006342207,7.100400586589252,-1.139599413410748
2026-09-10,2026-10,jaov6_9348c,call,93.48,7.58,0.4166311397436242,0.0112249172618098,0.41678232372739343,0.00015118398376923192,6.385027990651809,6.3866141308615525,0.0015861402097439026,-1.1949720093481915,-1.1933858691384476,6.352757064572836,-1.2272429354271637
2026-09-10,2026-10,jaov6_9353c,call,93.53,7.56,0.4166311397436242,0.0112249172618098,0.41678232372739343,0.00015118398376923192,6.355786238721285,6.357374808513004,0.0015885697917195074,-1.204213761278715,-1.2026251914869954,6.323476984139604,-1.2365230158603957
2026-09-10,2026-10,jaov6_9435c,call,94.35,7.14,0.4166311397436242,0.0112249172618098,0.41678232372739343,0.00015118398376923192,5.888464528896194,5.89008878702833,0.0016242581321357363,-1.2515354711038054,-1.2499112129716696,5.855954193061649,-1.284045806938351
2026-09-10,2026-10,jaov6_9700c,call,97.0,5.95,0.4166311397436242,0.0112249172618098,0.41678232372739343,0.00015118398376923192,4.536090616354598,4.537774385556238,0.0016837692016400396,-1.413909383645402,-1.412225614443762,4.503612098107334,-1.446387901892666
2026-09-10,2026-10,jaov6_9800c,call,98.0,5.54,0.4166311397436242,0.0112249172618098,0.41678232372739343,0.00015118398376923192,4.087674927861604,4.089358732607137,0.0016838047455323135,-1.4523250721383958,-1.4506412673928635,4.055092173796907,-1.4849078262030933
2026-09-10,2026-10,jaov6_9911c,call,99.11,5.13,0.4166311397436242,0.0112249172618098,0.41678232372739343,0.00015118398376923192,3.628531690567887,3.6302016616760575,0.001669971108170465,-1.5014683094321128,-1.4997983383239424,3.596493128250236,-1.533506871749764
2026-09-10,2026-10,jaov6_9955c,call,99.55,4.97,0.4166311397436242,0.0112249172618098,0.41678232372739343,0.00015118398376923192,3.457511154427433,3.459171773453028,0.0016606190255950004,-1.512488845572567,-1.510828226546972,3.426089927896891,-1.5439100721031087
2026-09-10,2026-11,jaox6_10000c,call,100.0,4.99,0.4166311397436242,0.0112249172618098,0.41678232372739343,0.00015118398376923192,3.5455289564380332,3.5476655310545366,0.002136574616503406,-1.444471043561967,-1.4423344689454636,3.5745709750515133,-1.4154290249484869
2026-09-10,2026-11,jaox6_10205c,call,102.05,4.45,0.4166311397436242,0.0112249172618098,0.41678232372739343,0.00015118398376923192,2.976061680760312,2.9780965072769905,0.002034826516678301,-1.473938319239688,-1.4719034927230097,3.005458851608762,-1.444541148391238
2026-09-10,2026-11,jaox6_10240c,call,102.4,4.37,0.4166311397436242,0.0112249172618098,0.41678232372739343,0.00015118398376923192,2.8867980510470166,2.8888133874138515,0.00201533636683493,-1.4832019489529835,-1.4811866125861486,2.916092169166394,-1.453907830833606
2026-09-10,2026-11,jaox6_10500c,call,105.0,3.78,0.4166311397436242,0.0112249172618098,0.41678232372739343,0.00015118398376923192,2.290882230257548,2.292737551529868,0.0018553212723197987,-1.4891177697424518,-1.487262448470132,2.31933558726854,-1.4606644127314596
2026-09-10,2026-11,jaox6_10800c,call,108.0,3.2,0.4166311397436242,0.0112249172618098,0.41678232372739343,0.00015118398376923192,1.7359647666540607,1.737612518416803,0.0016477517627422333,-1.4640352333459394,-1.4623874815831972,1.764798712015659,-1.4352012879843412
2026-09-10,2026-11,jaox6_7200p,put,72.0,0.69,0.4166311397436242,0.0112249172618098,0.41678232372739343,0.00015118398376923192,0.41418652385355514,0.4148445792204889,0.0006580553669337519,-0.2758134761464448,-0.27515542077951105,0.4290485567026675,-0.2609514432973324
2026-09-10,2026-11,jaox6_7400p,put,74.0,0.92,0.4166311397436242,0.0112249172618098,0.41678232372739343,0.00015118398376923192,0.5990146725357945,0.5998513208472254,0.000836648311430821,-0.3209853274642055,-0.3201486791527747,0.614457165814457,-0.305542834185543
2026-09-10,2026-11,jaox6_7450p,put,74.5,0.99,0.4166311397436242,0.0112249172618098,0.41678232372739343,0.00015118398376923192,0.6538925472009431,0.6547765492965851,0.0008840020956419892,-0.33610745279905685,-0.33522345070341486,0.6693487336281813,-0.3206512663718187
2026-09-10,2026-11,jaox6_7500p,put,75.0,1.06,0.4166311397436242,0.0112249172618098,0.41678232372739343,0.00015118398376923192,0.7125459705340376,0.7134782201621981,0.0009322496281605197,-0.3474540294659625,-0.34652177983780197,0.7280535800119253,-0.3319464199880747
2026-09-10,2026-11,jaox6_7600p,put,76.0,1.21,0.4166311397436242,0.0112249172618098,0.41678232372739343,0.00015118398376923192,0.8417900579498969,0.8428210555490558,0.0010309975991589226,-0.36820994205010305,-0.3671789444509441,0.8573075908240296,-0.3526924091759703
2026-09-10,2026-11,jaox6_7800p,put,78.0,1.58,0.4166311397436242,0.0112249172618098,0.41678232372739343,0.00015118398376923192,1.152213762717187,1.1534479811393048,0.0012342184221179053,-0.4277862372828132,-0.42655201886069527,1.167188739041971,-0.412811260958029
2026-09-10,2026-11,jaox6_8000p,put,80.0,2.03,0.4166311397436242,0.0112249172618098,0.41678232372739343,0.00015118398376923192,1.5394744568287795,1.5409127336903463,0.001438276861566834,-0.4905255431712203,-0.4890872663096535,1.5543542857487205,-0.4756457142512793
2026-09-10,2026-11,jaox6_8200p,put,82.0,2.58,0.4166311397436242,0.0112249172618098,0.41678232372739343,0.00015118398376923192,2.0118149549426008,2.013449610809632,0.001634655867031043,-0.5681850450573993,-0.5665503891903683,2.027443096589097,-0.552556903410903
2026-09-10,2026-11,jaox6_8250p,put,82.5,2.73,0.4166311397436242,0.0112249172618098,0.41678232372739343,0.00015118398376923192,2.14403864563082,2.1457202093482266,0.0016815637174065756,-0.58596135436918,-0.5842797906517734,2.1597505668824186,-0.5702494331175814
2026-09-10,2026-11,jaox6_8950c,call,89.5,8.98,0.4166311397436242,0.0112249172618098,0.41678232372739343,0.00015118398376923192,7.9230918890982505,7.925265168930953,0.002173279832702768,-1.05690811090175,-1.0547348310690472,7.95250434319218,-1.0274956568078206
2026-09-10,2026-11,jaox6_9000c,call,90.0,8.73,0.4166311397436242,0.0112249172618098,0.41678232372739343,0.00015118398376923192,7.653413960802773,7.655607369186758,0.002193408383985407,-1.0765860391972275,-1.074392630813242,7.682706222514515,-1.0472937774854856
2026-09-10,2026-11,jaox6_9000p,put,90.0,5.81,0.4166311397436242,0.0112249172618098,0.41678232372739343,0.00015118398376923192,4.865419256554638,4.8676126649386235,0.002193408383985407,-0.9445807434453615,-0.9423873350613761,4.8808558734963405,-0.9291441265036592
2026-09-10,2026-11,jaox6_9025c,call,90.25,8.61,0.4166311397436242,0.0112249172618098,0.41678232372739343,0.00015118398376923192,7.520979250702096,7.52318187513021,0.0022026244281141416,-1.0890207492979034,-1.0868181248697892,7.550210638642867,-1.059789361357132
2026-09-10,2026-11,jaox6_9100c,call,91.0,8.26,0.4166311397436242,0.0112249172618098,0.41678232372739343,0.00015118398376923192,7.133264384167527,7.13549123559857,0.0022268514310432863,-1.126735615832473,-1.1245087644014298,7.162159453546783,-1.0978405464532166
2026-09-10,2026-11,jaox6_9196c,call,91.96,7.83,0.4166311397436242,0.0112249172618098,0.41678232372739343,0.00015118398376923192,6.657864788444495,6.660115120865761,0.0022503324212665987,-1.1721352115555055,-1.1698848791342389,6.686751859032771,-1.1432481409672288
2026-09-10,2026-11,jaox6_9200c,call,92.0,7.81,0.4166311397436242,0.0112249172618098,0.41678232372739343,0.00015118398376923192,6.638562075421504,6.640813202527711,0.002251127106206674,-1.1714379245784956,-1.169186797472289,6.667449572482637,-1.1425504275173628
2026-09-10,2026-11,jaox6_9225c,call,92.25,7.7,0.4166311397436242,0.0112249172618098,0.41678232372739343,0.00015118398376923192,6.518831829459281,6.52108759098391,0.0022557615246290297,-1.1811681705407189,-1.1789124090160898,6.547782046157011,-1.1522179538429889
2026-09-10,2026-11,jaox6_9348c,call,93.48,7.19,0.4166311397436242,0.0112249172618098,0.41678232372739343,0.00015118398376923192,5.9524810942633195,5.954751360737821,0.002270266474501348,-1.2375189057366809,-1.2352486392621795,5.981856334281769,-1.2081436657182314
2026-09-10,2026-11,jaox6_9353c,call,93.53,7.17,0.4166311397436242,0.0112249172618098,0.41678232372739343,0.00015118398376923192,5.930250958633688,5.932521525468962,0.002270566835274046,-1.239749041366312,-1.2374784745310379,5.959645407346108,-1.210354592653892
2026-09-10,2026-11,jaox6_9435c,call,94.35,6.85,0.4166311397436242,0.0112249172618098,0.41678232372739343,0.00015118398376923192,5.574394446054532,5.57666676600459,0.002272319950058055,-1.2756055539454678,-1.2733332339954098,5.604085767526476,-1.245914232473524
2026-09-10,2026-11,jaox6_9700c,call,97.0,5.9,0.4166311397436242,0.0112249172618098,0.41678232372739343,0.00015118398376923192,4.533790455594155,4.536029247059455,0.0022387914652997054,-1.3662095444058453,-1.3639707529405456,4.56298729145532,-1.3370127085446804
2026-09-10,2026-11,jaox6_9911c,call,99.11,5.25,0.4166311397436242,0.0112249172618098,0.41678232372739343,0.00015118398376923192,3.8187721499952034,3.8209453897766887,0.0021732397814853144,-1.4312278500047966,-1.4290546102233113,3.847894368435862,-1.402105631564138
2026-09-10,2027-03,jaoh7_6800p,put,68.0,3.15,0.4166311397436242,0.0112249172618098,0.41678232372739343,0.00015118398376923192,3.677961077250872,3.6805319545279556,0.002570877277083383,0.5279610772508723,0.5305319545279557,3.6805368100183298,0.5305368100183299
2026-09-10,2027-03,jaoh7_6900p,put,69.0,3.44,0.4166311397436242,0.0112249172618098,0.41678232372739343,0.00015118398376923192,4.011771214940648,4.014433472512353,0.00266225757170524,0.571771214940648,0.5744334725123532,4.015821472253407,0.575821472253407
2026-09-10,2027-03,jaoh7_7000p,put,70.0,3.74,0.4166311397436242,0.0112249172618098,0.41678232372739343,0.00015118398376923192,4.363472830479148,4.36622166755166,0.0027488370725112787,0.6234728304791481,0.6262216675516594,4.368893016513711,0.628893016513711
2026-09-10,2027-03,jaoh7_7100p,put,71.0,4.06,0.4166311397436242,0.0112249172618098,0.41678232372739343,0.00015118398376923192,4.733123677610989,4.73595395496231,0.002830277351321797,0.673123677610989,0.6759539549623108,4.740337722628326,0.6803377226283267
2026-09-10,2027-03,jaoh7_7150p,put,71.5,4.23,0.4166311397436242,0.0112249172618098,0.41678232372739343,0.00015118398376923192,4.924686321059642,4.927555298210217,0.0028689771505749917,0.6946863210596419,0.6975552982102169,4.932737257252634,0.7027372572526334
2026-09-10,2027-03,jaoh7_7250p,put,72.5,4.58,0.4166311397436242,0.0112249172618098,0.41678232372739343,0.00015118398376923192,5.321275795598326,5.324217970808269,0.002942175209943443,0.7412757955983258,0.7442179708082692,5.330780699544366,0.7507806995443662
2026-09-10,2027-03,jaoh7_7300p,put,73.0,4.77,0.4166311397436242,0.0112249172618098,0.41678232372739343,0.00015118398376923192,5.526290992292153,5.529267610103225,0.0029766178110719466,0.7562909922921532,0.7592676101032252,5.53623332870424,0.7662333287042404
2026-09-10,2027-03,jaoh7_7400p,put,74.0,5.15,0.4166311397436242,0.0112249172618098,0.41678232372739343,0.00015118398376923192,5.949715120355768,5.952756192846393,0.0030410724906246855,0.799715120355768,0.8027561928463927,5.960243851445226,0.8102438514452253
2026-09-10,2027-03,jaoh7_7450p,put,74.5,5.35,0.4166311397436242,0.0112249172618098,0.41678232372739343,0.00015118398376923192,6.168098210684871,6.171169256652869,0.0030710459679976765,0.8180982106848713,0.821169256652869,6.1788295874498855,0.8288295874498859
2026-09-10,2027-03,jaoh7_7500p,put,75.0,5.56,0.4166311397436242,0.0112249172618098,0.41678232372739343,0.00015118398376923192,6.390907710812358,6.3940072065594284,0.0030994957470706908,0.8309077108123581,0.8340072065594288,6.40181612075166,0.8418161207516608
2026-09-10,2027-03,jaoh7_7690p,put,76.9,6.39,0.4166311397436242,0.0112249172618098,0.41678232372739343,0.00015118398376923192,7.2776033716128055,7.280796893125821,0.0031935215130154404,0.8876033716128058,0.8907968931258212,7.288842512620032,0.8988425126200319
2026-09-10,2027-03,jaoh7_7900c,call,79.0,9.06,0.4166311397436242,0.0112249172618098,0.41678232372739343,0.00015118398376923192,9.918537100005018,9.921808385198212,0.0032712851931933074,0.8585371000050177,0.861808385198211,9.928029097441426,0.8680290974414255
2026-09-10,2027-03,jaoh7_8000c,call,80.0,8.6,0.4166311397436242,0.0112249172618098,0.41678232372739343,0.00015118398376923192,9.468249662539575,9.47154836934251,0.003298706802935314,0.8682496625395757,0.871548369342511,9.47732442888552,0.8773244288855206
2026-09-10,2027-03,jaoh7_8025c,call,80.25,8.49,0.4166311397436242,0.0112249172618098,0.41678232372739343,0.00015118398376923192,9.358265864318467,9.361570468964812,0.0033046046463454104,0.8682658643184666,0.871570468964812,9.36723267708753,0.8772326770875303
2026-09-10,2027-03,jaoh7_8045c,call,80.45,8.4,0.4166311397436242,0.0112249172618098,0.41678232372739343,0.00015118398376923192,9.271017898191264,9.274326947332623,0.0033090491413592105,0.8710178981912637,0.874326947332623,9.279881307252374,0.8798813072523739
2026-09-10,2027-03,jaoh7_8075c,call,80.75,8.27,0.4166311397436242,0.0112249172618098,0.41678232372739343,0.00015118398376923192,9.141372142887041,9.144687404438608,0.003315261551566806,0.8713721428870418,0.8746874044386086,9.150078501871144,0.8800785018711448
2026-09-10,2027-03,jaoh7_8100c,call,81.0,8.16,0.4166311397436242,0.0112249172618098,0.41678232372739343,0.00015118398376923192,9.034452811104964,9.037772835120775,0.003320024015810219,0.8744528111049643,0.8777728351207745,9.042981630543665,0.8829816305436644
2026-09-10,2027-03,jaoh7_8102c,call,81.02,8.15,0.4166311397436242,0.0112249172618098,0.41678232372739343,0.00015118398376923192,9.02594304525982,9.02926343405279,0.0033203887929698084,0.8759430452598203,0.8792634340527901,9.034456391987543,0.884456391987543
2026-09-10,2027-03,jaoh7_8125c,call,81.25,8.05,0.4166311397436242,0.0112249172618098,0.41678232372739343,0.00015118398376923192,8.928545431625432,8.931869843232803,0.0033244116073714025,0.8785454316254313,0.8818698432328027,8.936856205891454,0.8868562058914531
2026-09-10,2027-03,jaoh7_8150c,call,81.5,7.95,0.4166311397436242,0.0112249172618098,0.41678232372739343,0.00015118398376923192,8.823645111613631,8.826973537913794,0.0033284263001629455,0.873645111613631,0.876973537913794,8.831719985360728,0.8817199853607276
2026-09-10,2027-03,jaoh7_8185c,call,81.85,7.8,0.4166311397436242,0.0112249172618098,0.41678232372739343,0.00015118398376923192,8.678467058358397,8.681800482734502,0.0033334243761053983,0.8784670583583969,0.8818004827345023,8.686246654300659,0.8862466543006589
2026-09-10,2027-03,jaoh7_8342c,call,83.42,7.19,0.4166311397436242,0.0112249172618098,0.41678232372739343,0.00015118398376923192,8.051031271925808,8.054378343030464,0.003347071104656152,0.8610312719258078,0.8643783430304639,8.056503010505491,0.8665030105054905
2026-09-10,2027-03,jaoh7_8455c,call,84.55,6.77,0.4166311397436242,0.0112249172618098,0.41678232372739343,0.00015118398376923192,7.62298848601253,7.626336759878121,0.0033482738655905564,0.8529884860125305,0.8563367598781211,7.626561301331264,0.8565613013312641
2026-09-10,2027-03,jaoh7_8500c,call,85.0,6.61,0.4166311397436242,0.0112249172618098,0.41678232372739343,0.00015118398376923192,7.45788538156783,7.461232195259015,0.0033468136911851687,0.8478853815678296,0.8512321952590147,7.4605800937529985,0.8505800937529981
2026-09-10,2027-03,jaoh7_8525c,call,85.25,6.53,0.4166311397436242,0.0112249172618098,0.41678232372739343,0.00015118398376923192,7.367460401250315,7.3708059372410375,0.0033455359907224036,0.8374604012503148,0.8408059372410372,7.369690970379048,0.8396909703790474
2026-09-10,2027-03,jaoh7_8575c,call,85.75,6.36,0.4166311397436242,0.0112249172618098,0.41678232372739343,0.00015118398376923192,7.189366185738089,7.192708182601327,0.003341996863237995,0.8293661857380883,0.8327081826013263,7.1908967681442455,0.8308967681442452
2026-09-10,2027-03,jaoh7_8635c,call,86.35,6.16,0.4166311397436242,0.0112249172618098,0.41678232372739343,0.00015118398376923192,6.980447644776923,6.983783695825581,0.003336051048657751,0.8204476447769231,0.8237836958255809,6.981269780453562,0.8212697804535622
2026-09-10,2027-03,jaoh7_8675c,call,86.75,6.04,0.4166311397436242,0.0112249172618098,0.41678232372739343,0.00015118398376923192,6.844036566917944,6.847367646974733,0.0033310800567889487,0.8040365669179437,0.8073676469747326,6.844324392433154,0.8043243924331538
2026-09-10,2027-03,jaoh7_8700c,call,87.0,5.96,0.4166311397436242,0.0112249172618098,0.41678232372739343,0.00015118398376923192,6.759931826207039,6.76325939806228,0.0033275718552410183,0.7999318262070387,0.8032593980622798,6.75983994250977,0.7998399425097702
2026-09-10,2027-03,jaoh7_8705c,call,87.05,5.94,0.4166311397436242,0.0112249172618098,0.41678232372739343,0.00015118398376923192,6.743216561304518,6.746543394884006,0.0033268335794884862,0.8032165613045175,0.806543394884006,6.743043407519625,0.8030434075196249
2026-09-10,2027-09,jaou7_5800p,put,58.0,3.16,0.4166311397436242,0.0112249172618098,0.41678232372739343,0.00015118398376923192,4.688661017341554,4.691817051297237,0.003156033955683313,1.5286610173415536,1.5318170512972369,4.65625386170978,1.4962538617097805
2026-09-10,2027-09,jaou7_5900p,put,59.0,3.4,0.4166311397436242,0.0112249172618098,0.41678232372739343,0.00015118398376923192,5.046542256703093,5.049795125181097,0.0032528684780039896,1.6465422567030932,1.6497951251810972,5.012153069287213,1.612153069287213
2026-09-10,2027-09,jaou7_6000p,put,60.0,3.65,0.4166311397436242,0.0112249172618098,0.41678232372739343,0.00015118398376923192,5.419246962160729,5.422592443858173,0.003345481697444086,1.7692469621607292,1.7725924438581733,5.382799684470782,1.7327996844707818
2026-09-10,2027-09,jaou7_6200p,put,62.0,4.2,0.4166311397436242,0.0112249172618098,0.41678232372739343,0.00015118398376923192,6.208778272702627,6.212295597901402,0.003517325198775012,2.008778272702627,2.012295597901402,6.167860764350032,1.967860764350032
2026-09-10,2027-09,jaou7_6420p,put,64.2,4.88,0.4166311397436242,0.0112249172618098,0.41678232372739343,0.00015118398376923192,7.144258706981674,7.147943366641636,0.0036846596599620085,2.264258706981674,2.267943366641636,7.10090129442155,2.22090129442155
2026-09-10,2027-09,jaou7_6500p,put,65.0,5.15,0.4166311397436242,0.0112249172618098,0.41678232372739343,0.00015118398376923192,7.501542251646908,7.505281936120012,0.003739684473103466,2.351542251646908,2.3552819361200115,7.457974708090491,2.307974708090491
2026-09-10,2027-09,jaou7_6750p,put,67.5,6.05,0.4166311397436242,0.0112249172618098,0.41678232372739343,0.00015118398376923192,8.675533696214263,8.679424948733416,0.003891252519153454,2.625533696214263,2.6294249487334165,8.631298629202556,2.581298629202556
2026-09-10,2027-09,jaou7_6800p,put,68.0,6.25,0.4166311397436242,0.0112249172618098,0.41678232372739343,0.00015118398376923192,8.920596411331353,8.924514257558194,0.003917846226840993,2.6705964113313527,2.6745142575581937,8.876522038939118,2.626522038939118
2026-09-10,2027-09,jaou7_6820c,call,68.2,10.84,0.4166311397436242,0.0112249172618098,0.41678232372739343,0.00015118398376923192,13.525423242532836,13.52935137952572,0.003928136992882969,2.6854232425328366,2.6893513795257196,13.411593914811183,2.5715939148111837
2026-09-10,2027-09,jaou7_6825c,call,68.25,10.81,0.4166311397436242,0.0112249172618098,0.41678232372739343,0.00015118398376923192,13.50246215604946,13.506392834811603,0.003930678762142037,2.6924621560494604,2.6963928348116024,13.38864804840741,2.578648048407409
2026-09-10,2027-09,jaou7_6860c,call,68.6,10.62,0.4166311397436242,0.0112249172618098,0.41678232372739343,0.00015118398376923192,13.342670141174935,13.346618266373602,0.00394812519866683,2.7226701411749357,2.7266182663736025,13.228945367840428,2.6089453678404286
2026-09-10,2027-09,jaou7_6900c,call,69.0,10.4,0.4166311397436242,0.0112249172618098,0.41678232372739343,0.00015118398376923192,13.162046647419348,13.166013971352584,0.003967323933235178,2.762046647419348,2.7660139713525833,13.048379187762244,2.648379187762244
2026-09-10,2027-09,jaou7_6900p,put,69.0,6.65,0.4166311397436242,0.0112249172618098,0.41678232372739343,0.00015118398376923192,9.420775906697184,9.424743230630419,0.003967323933235178,2.7707759066971835,2.7747432306304187,9.376927973123806,2.7269279731238054
2026-09-10,2027-09,jaou7_6905c,call,69.05,10.37,0.4166311397436242,0.0112249172618098,0.41678232372739343,0.00015118398376923192,13.139617734799385,13.143587403176989,0.003969668377603597,2.769617734799386,2.7735874031769896,13.02595500502312,2.65595500502312
2026-09-10,2027-09,jaou7_6930c,call,69.3,10.23,0.4166311397436242,0.0112249172618098,0.41678232372739343,0.00015118398376923192,13.027967937166924,13.031949143457796,0.0039812062908719525,2.7979679371669235,2.8019491434577954,12.91432544423524,2.68432544423524
2026-09-10,2027-09,jaou7_7000c,call,70.0,9.86,0.4166311397436242,0.0112249172618098,0.41678232372739343,0.00015118398376923192,12.71970999145379,12.723721874778292,0.004011883324501753,2.8597099914537907,2.8637218747782924,12.60614080568396,2.746140805683961
2026-09-10,2027-09,jaou7_7000p,put,70.0,7.08,0.4166311397436242,0.0112249172618098,0.41678232372739343,0.00015118398376923192,9.934174925323918,9.93818680864842,0.004011883324501753,2.8541749253239175,2.8581868086484192,9.89042526563781,2.810425265637811
2026-09-10,2027-09,jaou7_7110c,call,71.1,9.3,0.4166311397436242,0.0112249172618098,0.41678232372739343,0.00015118398376923192,12.248132648546331,12.252187924693672,0.004055276147340692,2.9481326485463306,2.9521879246936713,12.135429293657095,2.8354292936570946
2026-09-10,2027-09,jaou7_7200c,call,72.0,8.85,0.4166311397436242,0.0112249172618098,0.41678232372739343,0.00015118398376923192,11.873764793183813,11.877851249179733,0.00408645599591928,3.0237647931838136,3.027851249179733,11.76242218796656,2.912422187966561
2026-09-10,2027-09,jaou7_7335c,call,73.35,8.22,0.4166311397436242,0.0112249172618098,0.41678232372739343,0.00015118398376923192,11.331149013083753,11.335275077818014,0.004126064734261803,3.111149013083752,3.115275077818014,11.222636129012056,3.002636129012055
2026-09-10,2027-09,jaou7_7400c,call,74.0,7.92,0.4166311397436242,0.0112249172618098,0.41678232372739343,0.00015118398376923192,11.077836125973036,11.08197825453895,0.004142128565913339,3.157836125973036,3.1619782545389494,10.970858840082576,3.050858840082576
2026-09-10,2027-09,jaou7_7400p,put,74.0,8.97,0.4166311397436242,0.0112249172618098,0.41678232372739343,0.00015118398376923192,12.115243758212324,12.119385886778238,0.004142128565913339,3.145243758212324,3.149385886778237,12.078085998405584,3.108085998405583
2026-09-10,2027-09,jaou7_7450c,call,74.5,7.7,0.4166311397436242,0.0112249172618098,0.41678232372739343,0.00015118398376923192,10.886433810127134,10.890586989774148,0.004153179647014227,3.1864338101271334,3.1905869897741477,10.780540661052736,3.080540661052736
2026-09-10,2027-09,jaou7_7450p,put,74.5,9.23,0.4166311397436242,0.0112249172618098,0.41678232372739343,0.00015118398376923192,12.401709279662567,12.405862459309581,0.004153179647014227,3.1717092796625668,3.175862459309581,12.365635656671891,3.135635656671891
2026-09-10,2027-09,jaou7_7500c,call,75.0,7.49,0.4166311397436242,0.0112249172618098,0.41678232372739343,0.00015118398376923192,10.697999308163952,10.702162418508719,0.004163110344766352,3.207999308163952,3.2121624185087185,10.593086586112875,3.103086586112875
2026-09-10,2027-09,jaou7_7500p,put,75.0,9.49,0.4166311397436242,0.0112249172618098,0.41678232372739343,0.00015118398376923192,12.691142614995531,12.695305725340297,0.004163110344766352,3.201142614995531,3.2053057253402972,12.65604941902818,3.1660494190281803
2026-09-10,2027-09,jaou7_7542c,call,75.42,7.32,0.4166311397436242,0.0112249172618098,0.41678232372739343,0.00015118398376923192,10.541984124139464,10.546154720870655,0.004170596731190912,3.221984124139464,3.226154720870655,10.437971612437924,3.1179716124379238
2026-09-10,2027-09,jaou7_7550c,call,75.5,7.28,0.4166311397436242,0.0112249172618098,0.41678232372739343,0.00015118398376923192,10.512500177875038,10.516672112816545,0.004171934941506805,3.232500177875038,3.236672112816545,10.408649492524292,3.128649492524292
2026-09-10,2027-09,jaou7_7600c,call,76.0,7.08,0.4166311397436242,0.0112249172618098,0.41678232372739343,0.00015118398376923192,10.329903803397835,10.334083471661135,0.004179668263299519,3.249903803397835,3.2540834716611347,10.226976289232704,3.146976289232704
2026-09-10,2027-09,jaou7_7610c,call,76.1,7.04,0.4166311397436242,0.0112249172618098,0.41678232372739343,0.00015118398376923192,10.293729978290465,10.29791106360582,0.004181085315355659,3.2537299782904645,3.25791106360582,10.19098775425509,3.15098775425509
2026-09-10,2027-09,jaou7_7705c,call,77.05,6.67,0.4166311397436242,0.0112249172618098,0.41678232372739343,0.00015118398376923192,9.95575398549912,9.959946410413895,0.004192424914775117,3.2857539854991202,3.2899464104138954,9.85493027574451,3.184930275744509
2026-09-10,2027-09,jaou7_7710c,call,77.1,6.65,0.4166311397436242,0.0112249172618098,0.41678232372739343,0.00015118398376923192,9.93824783725319,9.94244075378213,0.004192916528939605,3.2882478372531896,3.292440753782129,9.837519386939714,3.187519386939714
2026-09-10,2027-09,jaou7_7725c,call,77.25,6.59,0.4166311397436242,0.0112249172618098,0.41678232372739343,0.00015118398376923192,9.88589711119238,9.8900914401913,0.004194328998920582,3.29589711119238,3.3000914401913004,9.78545842526612,3.19545842526612
2026-09-10,2028-03,jaoh8_5740p,put,57.4,3.83,0.4166311397436242,0.0112249172618098,0.41678232372739343,0.00015118398376923192,6.8373677473694485,6.841282192649388,0.003914445279939116,3.0073677473694485,3.0112821926493876,6.8459784472396645,3.0159784472396645
2026-09-10,2028-03,jaoh8_5900p,put,59.0,4.28,0.4166311397436242,0.0112249172618098,0.41678232372739343,0.00015118398376923192,7.511853330561673,7.515903317352562,0.004049986790889193,3.2318533305616723,3.2359033173525615,7.521327130929126,3.2413271309291254
2026-09-10,2028-03,jaoh8_6000p,put,60.0,4.57,0.4166311397436242,0.0112249172618098,0.41678232372739343,0.00015118398376923192,7.949454510065719,7.953583752345809,0.00412924228009004,3.3794545100657185,3.3835837523458085,7.959390038987165,3.3893900389871643
2026-09-10,2028-03,jaoh8_6151c,call,61.51,13.49,0.4166311397436242,0.0112249172618098,0.41678232372739343,0.00015118398376923192,17.054424102562557,17.058664966457663,0.0042408638951059174,3.5644241025625565,3.5686649664576624,17.055130647897315,3.5651306478973144
2026-09-10,2028-03,jaoh8_6165p,put,61.65,5.09,0.4166311397436242,0.0112249172618098,0.41678232372739343,0.00015118398376923192,8.697945769031858,8.702196488976938,0.004250719945080306,3.6079457690318577,3.612196488976938,8.708104266306888,3.618104266306888
2026-09-10,2028-03,jaoh8_6200c,call,62.0,13.19,0.4166311397436242,0.0112249172618098,0.41678232372739343,0.00015118398376923192,16.82479513746176,16.829070131018547,0.004274993556787621,3.6347951374617598,3.6390701310185474,16.825486947454817,3.635486947454817
2026-09-10,2028-03,jaoh8_6200p,put,62.0,5.2,0.4166311397436242,0.0112249172618098,0.41678232372739343,0.00015118398376923192,8.860887118131945,8.865162111688733,0.004274993556787621,3.660887118131945,3.6651621116887325,8.871029426658682,3.6710294266586816
2026-09-10,2028-03,jaoh8_6250p,put,62.5,5.37,0.4166311397436242,0.0112249172618098,0.41678232372739343,0.00015118398376923192,9.096159254607269,9.100468016479525,0.0043087618722559284,3.7261592546072686,3.7304680164795245,9.106228262194298,3.736228262194298
2026-09-10,2028-03,jaoh8_6420c,call,64.2,11.88,0.4166311397436242,0.0112249172618098,0.41678232372739343,0.00015118398376923192,15.828304314248886,15.832719909881915,0.004415595633028957,3.948304314248885,3.952719909881914,15.82832128444579,3.9483212844457896
2026-09-10,2028-03,jaoh8_6500c,call,65.0,11.42,0.4166311397436242,0.0112249172618098,0.41678232372739343,0.00015118398376923192,15.479659289278711,15.484120912647693,0.004461623368982259,4.059659289278711,4.064120912647693,15.479134732338176,4.059134732338176
2026-09-10,2028-03,jaoh8_6500p,put,65.0,6.24,0.4166311397436242,0.0112249172618098,0.41678232372739343,0.00015118398376923192,10.315800458910726,10.320262082279708,0.004461623368982259,4.0758004589107255,4.080262082279708,10.324726400503874,4.0847264005038735
2026-09-10,2028-03,jaoh8_6600c,call,66.0,10.86,0.4166311397436242,0.0112249172618098,0.41678232372739343,0.00015118398376923192,15.053897858664133,15.058413227347915,0.004515368683781773,4.193897858664133,4.198413227347915,15.052803744799476,4.192803744799477
2026-09-10,2028-03,jaoh8_6600p,put,66.0,6.62,0.4166311397436242,0.0112249172618098,0.41678232372739343,0.00015118398376923192,10.823388757950092,10.827904126633873,0.004515368683781773,4.2033887579500915,4.207904126633873,10.831745142619114,4.211745142619114
2026-09-10,2028-03,jaoh8_6750p,put,67.5,7.21,0.4166311397436242,0.0112249172618098,0.41678232372739343,0.00015118398376923192,11.60527321869137,11.609861402865953,0.004588184174583176,4.395273218691369,4.399861402865953,11.612301597970816,4.402301597970816
2026-09-10,2028-03,jaoh8_6775c,call,67.75,9.91,0.4166311397436242,0.0112249172618098,0.41678232372739343,0.00015118398376923192,14.33508451538865,14.3396839358347,0.0045994204460502175,4.425084515388649,4.429683935834699,14.332428641653294,4.422428641653294
2026-09-10,2028-03,jaoh8_6875c,call,68.75,9.39,0.4166311397436242,0.0112249172618098,0.41678232372739343,0.00015118398376923192,13.938985994588077,13.943627824792555,0.004641830204478836,4.548985994588076,4.553627824792555,13.935324116070948,4.545324116070947
2026-09-10,2028-03,jaoh8_6890c,call,68.9,9.32,0.4166311397436242,0.0112249172618098,0.41678232372739343,0.00015118398376923192,13.880472728893963,13.885120573384386,0.00464784449042277,4.560472728893963,4.565120573384386,13.876649385121826,4.556649385121826
2026-09-10,2028-03,jaoh8_7000c,call,70.0,8.77,0.4166311397436242,0.0112249172618098,0.41678232372739343,0.00015118398376923192,13.458452118251351,13.463141337042295,0.004689218790943528,4.688452118251352,4.693141337042295,13.453638114793808,4.683638114793808
2026-09-10,2028-03,jaoh8_7000p,put,70.0,8.27,0.4166311397436242,0.0112249172618098,0.41678232372739343,0.00015118398376923192,12.961341936153083,12.966031154944027,0.004689218790943528,4.6913419361530835,4.696031154944027,12.965978431229225,4.695978431229225
2026-09-10,2028-03,jaoh8_7110c,call,71.1,8.23,0.4166311397436242,0.0112249172618098,0.41678232372739343,0.00015118398376923192,13.048684928151056,13.053410788739992,0.00472586058893576,4.818684928151056,4.8234107887399915,13.043331742762676,4.813331742762676
2026-09-10,2028-03,jaoh8_7275c,call,72.75,7.48,0.4166311397436242,0.0112249172618098,0.41678232372739343,0.00015118398376923192,12.456389423353572,12.461161614852386,0.004772191498814138,4.976389423353572,4.981161614852386,12.45004595212103,4.97004595212103
2026-09-10,2028-03,jaoh8_7340c,call,73.4,7.2,0.4166311397436242,0.0112249172618098,0.41678232372739343,0.00015118398376923192,12.230246176366832,12.235033850695336,0.004787674328504465,5.030246176366831,5.035033850695336,12.223619950788445,5.0236199507884445
2026-09-10,2028-03,jaoh8_7450c,call,74.5,6.74,0.4166311397436242,0.0112249172618098,0.41678232372739343,0.00015118398376923192,11.856562765942307,11.861373179104897,0.004810413162589455,5.116562765942307,5.121373179104896,11.849508744525677,5.109508744525677
2026-09-10,2028-03,jaoh8_7450p,put,74.5,10.46,0.4166311397436242,0.0112249172618098,0.41678232372739343,0.00015118398376923192,15.559526367286784,15.564336780449374,0.004810413162589455,5.099526367286783,5.104336780449373,15.561922844403837,5.101922844403836
2026-09-10,2028-03,jaoh8_7475c,call,74.75,6.64,0.4166311397436242,0.0112249172618098,0.41678232372739343,0.00015118398376923192,11.773192470428262,11.778007455305218,0.0048149848769565295,5.133192470428262,5.138007455305218,11.766042100556067,5.126042100556068
2026-09-10,2028-03,jaoh8_7500c,call,75.0,6.55,0.4166311397436242,0.0112249172618098,0.41678232372739343,0.00015118398376923192,11.690392098768465,11.695211437841927,0.004819339073462103,5.140392098768465,5.145211437841927,11.683102506106788,5.1331025061067885
2026-09-10,2028-03,jaoh8_7550c,call,75.5,6.35,0.4166311397436242,0.0112249172618098,0.41678232372739343,0.00015118398376923192,11.52648800620617,11.531315407398214,0.004827401192043723,5.176488006206171,5.181315407398214,11.51880898900437,5.16880898900437
2026-09-10,2028-03,jaoh8_7670c,call,76.7,5.92,0.4166311397436242,0.0112249172618098,0.41678232372739343,0.00015118398376923192,11.142209343601339,11.147052645677922,0.004843302076583456,5.222209343601339,5.227052645677922,11.133487361012646,5.213487361012646
2026-09-10,2028-03,jaoh8_7700c,call,77.0,5.82,0.4166311397436242,0.0112249172618098,0.41678232372739343,0.00015118398376923192,11.048113861173132,11.052960393308458,0.004846532135326598,5.2281138611731315,5.232960393308458,11.039159496657852,5.219159496657852
2026-09-10,2028-03,jaoh8_7775c,call,77.75,5.57,0.4166311397436242,0.0112249172618098,0.41678232372739343,0.00015118398376923192,10.816268887202897,10.82112222130367,0.004853334100772599,5.246268887202897,5.251122221303669,10.806719060201118,5.236719060201118
2026-09-10,2028-09,jaou8_5000p,put,50.0,2.91,0.4166311397436242,0.0112249172618098,0.41678232372739343,0.00015118398376923192,5.690471976362819,5.6942407268402455,0.003768750477426863,2.7804719763628185,2.7842407268402454,5.709910256077527,2.799910256077527
2026-09-10,2028-09,jaou8_5500p,put,55.0,4.04,0.4166311397436242,0.0112249172618098,0.41678232372739343,0.00015118398376923192,7.6659628940184845,7.670222435220339,0.004259541201854233,3.6259628940184845,3.6302224352203387,7.688371461684906,3.6483714616849054
2026-09-10,2028-09,jaou8_5700p,put,57.0,4.55,0.4166311397436242,0.0112249172618098,0.41678232372739343,0.00015118398376923192,8.53540346585704,8.53983308227675,0.0044296164197099586,3.9854034658570408,3.9898330822767507,8.558423941433235,4.008423941433235
2026-09-10,2028-09,jaou8_5740p,put,57.4,4.66,0.4166311397436242,0.0112249172618098,0.41678232372739343,0.00015118398376923192,8.71452242798853,8.71898421356169,0.00446178557315946,4.05452242798853,4.05898421356169,8.737586910341262,4.077586910341262
2026-09-10,2028-09,jaou8_6151c,call,61.51,12.64,0.4166311397436242,0.0112249172618098,0.41678232372739343,0.00015118398376923192,17.378187757170554,17.382944391231863,0.004756634061308773,4.738187757170554,4.7429443912318625,17.514466383803338,4.8744663838033375
2026-09-10,2028-09,jaou8_6165p,put,61.65,5.91,0.4166311397436242,0.0112249172618098,0.41678232372739343,0.00015118398376923192,10.721334933385567,10.72610047228661,0.004765538901043698,4.811334933385567,4.81610047228661,10.742701441883511,4.832701441883511
2026-09-10,2028-09,jaou8_6200p,put,62.0,6.02,0.4166311397436242,0.0112249172618098,0.41678232372739343,0.00015118398376923192,10.894796746175553,10.899584222477772,0.004787476302219318,4.874796746175553,4.879584222477773,10.91583881760591,4.8958388176059096
2026-09-10,2028-09,jaou8_6250p,put,62.5,6.18,0.4166311397436242,0.0112249172618098,0.41678232372739343,0.00015118398376923192,11.144694202592422,11.14951221600564,0.004818013413217415,4.964694202592423,4.96951221600564,11.165242585870171,4.985242585870171
2026-09-10,2028-09,jaou8_6500c,call,65.0,10.59,0.4166311397436242,0.0112249172618098,0.41678232372739343,0.00015118398376923192,15.978443752589818,15.983400479968171,0.004956727378353065,5.388443752589819,5.393400479968172,16.11122647969862,5.521226479698619
2026-09-10,2028-09,jaou8_6500p,put,65.0,7.03,0.4166311397436242,0.0112249172618098,0.41678232372739343,0.00015118398376923192,12.430350840179726,12.435307567558079,0.004956727378353065,5.400350840179725,5.405307567558078,12.448342932003252,5.418342932003252
2026-09-10,2028-09,jaou8_6570c,call,65.7,10.2,0.4166311397436242,0.0112249172618098,0.41678232372739343,0.00015118398376923192,15.71158459721549,15.71657606075139,0.004991463535899854,5.51158459721549,5.51657606075139,15.843994127361997,5.643994127361998
2026-09-10,2028-09,jaou8_6600c,call,66.0,10.04,0.4166311397436242,0.0112249172618098,0.41678232372739343,0.00015118398376923192,15.598594497191321,15.603600307824857,0.005005810633536001,5.558594497191322,5.563600307824858,15.730919454348657,5.690919454348657
2026-09-10,2028-09,jaou8_6650c,call,66.5,9.76,0.4166311397436242,0.0112249172618098,0.41678232372739343,0.00015118398376923192,15.4120961375968,15.417125146408539,0.005029008811739288,5.6520961375968,5.657125146408539,15.544334375569504,5.784334375569504
2026-09-10,2028-09,jaou8_6750p,put,67.5,7.96,0.4166311397436242,0.0112249172618098,0.41678232372739343,0.00015118398376923192,13.77410464642294,13.779177404239205,0.005072757816265039,5.81410464642294,5.819177404239205,13.79155505666372,5.83155505666372
2026-09-10,2028-09,jaou8_6775c,call,67.75,9.1,0.4166311397436242,0.0112249172618098,0.41678232372739343,0.00015118398376923192,14.95565342486659,14.96073657444589,0.005083149579300894,5.85565342486659,5.860736574445891,15.08791731038576,5.987917310385761
2026-09-10,2028-09,jaou8_7000c,call,70.0,8.0,0.4166311397436242,0.0112249172618098,0.41678232372739343,0.00015118398376923192,14.168359952930809,14.173527039775355,0.005167086844545921,6.168359952930809,6.1735270397753546,14.30082030237894,6.30082030237894
2026-09-10,2028-09,jaou8_7000p,put,70.0,9.02,0.4166311397436242,0.0112249172618098,0.41678232372739343,0.00015118398376923192,15.172995328472082,15.178162415316628,0.005167086844545921,6.152995328472082,6.158162415316628,15.190665042634937,6.170665042634937
2026-09-10,2028-09,jaou8_7110c,call,71.1,7.51,0.4166311397436242,0.0112249172618098,0.41678232372739343,0.00015118398376923192,13.798986178130793,13.804188182892105,0.00520200476131194,6.288986178130793,6.294188182892105,13.931550322968226,6.421550322968226
2026-09-10,2028-09,jaou8_7275c,call,72.75,6.82,0.4166311397436242,0.0112249172618098,0.41678232372739343,0.00015118398376923192,13.263347849056293,13.268594990316048,0.005247141259754784,6.443347849056293,6.448594990316048,13.395692683108232,6.575692683108231
2026-09-10,2028-09,jaou8_7340c,call,73.4,6.56,0.4166311397436242,0.0112249172618098,0.41678232372739343,0.00015118398376923192,13.058255294208784,13.063517899253817,0.005262605045032842,6.498255294208785,6.503517899253818,13.190312258377975,6.630312258377976
2026-09-10,2028-09,jaou8_7450c,call,74.5,6.16,0.4166311397436242,0.0112249172618098,0.41678232372739343,0.00015118398376923192,12.71859918428135,12.723885064969243,0.005285880687893041,6.55859918428135,6.563885064969243,12.850061376093056,6.690061376093055
2026-09-10,2028-09,jaou8_7450p,put,74.5,11.3,0.4166311397436242,0.0112249172618098,0.41678232372739343,0.00015118398376923192,17.82069001897885,17.825975899666744,0.005285880687893041,6.520690018978851,6.525975899666744,17.83736157550528,6.53736157550528
2026-09-10,2028-09,jaou8_7500c,call,75.0,5.98,0.4166311397436242,0.0112249172618098,0.41678232372739343,0.00015118398376923192,12.567242336788121,12.572537619781377,0.005295282993255768,6.587242336788121,6.5925376197813765,12.698485683007224,6.718485683007224
2026-09-10,2028-09,jaou8_7560c,call,75.6,5.78,0.4166311397436242,0.0112249172618098,0.41678232372739343,0.00015118398376923192,12.388073561637555,12.393379176349288,0.005305614711733853,6.608073561637554,6.613379176349288,12.519092980726048,6.739092980726048
2026-09-10,2028-09,jaou8_7670c,call,76.7,5.43,0.4166311397436242,0.0112249172618098,0.41678232372739343,0.00015118398376923192,12.066447759945754,12.071769679759594,0.005321919813839671,6.636447759945755,6.641769679759594,12.197112326259385,6.767112326259385
2026-09-10,2028-09,jaou8_7925c,call,79.25,4.72,0.4166311397436242,0.0112249172618098,0.41678232372739343,0.00015118398376923192,11.353841241269699,11.359188400465856,0.005347159196157136,6.633841241269699,6.639188400465856,11.483530039869244,6.763530039869244
2026-09-10,2028-09,jaou8_8000c,call,80.0,4.53,0.4166311397436242,0.0112249172618098,0.41678232372739343,0.00015118398376923192,11.15272028058346,11.158071678848497,0.005351398265036167,6.622720280583461,6.628071678848497,11.281927430471798,6.751927430471798
2026-09-11,2027-03,jaoh7_6800p,put,68.0,3.3,0.4165026203486327,0.0112660826884411,0.41665496202063895,0.00015234167200622872,3.9053232467292496,3.9079526020327364,0.0026293553034868467,0.6053232467292498,0.6079526020327366,3.909142066761689,0.6091420667616894
2026-09-11,2027-03,jaoh7_6900p,put,69.0,3.59,0.4165026203486327,0.0112660826884411,0.41665496202063895,0.00015234167200622872,4.254709880135124,4.257426999532372,0.002717119397248169,0.6647098801351241,0.6674269995323723,4.259874015791686,0.6698740157916863
2026-09-11,2027-03,jaoh7_7000p,put,70.0,3.9,0.4165026203486327,0.0112660826884411,0.41665496202063895,0.00015234167200622872,4.622322850180593,4.6251225086917085,0.0027996585111154104,0.7223228501805932,0.7251225086917086,4.629263280301948,0.7292632803019479
2026-09-11,2027-03,jaoh7_7100p,put,71.0,4.24,0.4165026203486327,0.0112660826884411,0.41665496202063895,0.00015234167200622872,5.0081830278253925,5.011059691289354,0.0028766634639616484,0.7681830278253923,0.7710596912893539,5.016762273763412,0.7767622737634117
2026-09-11,2027-03,jaoh7_7150p,put,71.5,4.42,0.4165026203486327,0.0112660826884411,0.41665496202063895,0.00015234167200622872,5.207950403736651,5.210863411157381,0.002913007420730196,0.7879504037366507,0.7908634111573809,5.217243483712108,0.7972434837121085
2026-09-11,2027-03,jaoh7_7250p,put,72.5,4.78,0.4165026203486327,0.0112660826884411,0.41665496202063895,0.00015234167200622872,5.621125976215567,5.6241072148068545,0.002981238591287294,0.841125976215567,0.8441072148068542,5.631228691670298,0.8512286916702978
2026-09-11,2027-03,jaoh7_7300p,put,73.0,4.98,0.4165026203486327,0.0112660826884411,0.41665496202063895,0.00015234167200622872,5.834513126364705,5.837526205344334,0.0030130789796292134,0.8545131263647043,0.8575262053443335,5.844895362691807,0.864895362691807
2026-09-11,2027-03,jaoh7_7400p,put,74.0,5.38,0.4165026203486327,0.0112660826884411,0.41665496202063895,0.00015234167200622872,6.274815509190372,6.277887623709471,0.0030721145190995003,0.894815509190372,0.8978876237094715,6.285569937777243,0.9055699377772432
2026-09-11,2027-03,jaoh7_7450p,put,74.5,5.59,0.4165026203486327,0.0112660826884411,0.41665496202063895,0.00015234167200622872,6.501695576231836,6.50479485666031,0.0030992804284739606,0.9116955762318364,0.9147948566603104,6.512644123832266,0.9226441238322662
2026-09-11,2027-03,jaoh7_7500p,put,75.0,5.8,0.4165026203486327,0.0112660826884411,0.41665496202063895,0.00015234167200622872,6.733034453109264,6.736159316749244,0.0031248636399805463,0.933034453109264,0.9361593167492446,6.744197692372627,0.9441976923726269
2026-09-11,2027-03,jaoh7_7690p,put,76.9,6.67,0.4165026203486327,0.0112660826884411,0.41665496202063895,0.00015234167200622872,7.652357132750344,7.655564675915654,0.0032075431653098008,0.9823571327503444,0.9855646759156542,7.663474150028818,0.9934741500288178
2026-09-11,2027-03,jaoh7_7900c,call,79.0,8.34,0.4165026203486327,0.0112660826884411,0.41665496202063895,0.00015234167200622872,9.29060529661947,9.293877470113072,0.003272173493602537,0.9506052966194698,0.9538774701130723,9.299583730309706,0.9595837303097065
2026-09-11,2027-03,jaoh7_8000c,call,80.0,7.9,0.4165026203486327,0.0112660826884411,0.41665496202063895,0.00015234167200622872,8.857714801863827,8.861008021853573,0.003293219989746632,0.9577148018638262,0.9610080218535728,8.866132094526318,0.9661320945263174
2026-09-11,2027-03,jaoh7_8025c,call,80.25,7.8,0.4165026203486327,0.0112660826884411,0.41665496202063895,0.00015234167200622872,8.752072375091897,8.755369893328204,0.0032975182363070843,0.9520723750918973,0.9553698933282044,8.760257881212423,0.9602578812124234
2026-09-11,2027-03,jaoh7_8045c,call,80.45,7.71,0.4165026203486327,0.0112660826884411,0.41665496202063895,0.00015234167200622872,8.668294571129556,8.671595253281222,0.0033006821516661233,0.9582945711295556,0.9615952532812218,8.676290692055625,0.9662906920556252
2026-09-11,2027-03,jaoh7_8075c,call,80.75,7.59,0.4165026203486327,0.0112660826884411,0.41665496202063895,0.00015234167200622872,8.543848601868621,8.54715357471254,0.003304972843919174,0.9538486018686214,0.9571535747125406,8.551583167661702,0.9615831676617024
2026-09-11,2027-03,jaoh7_8100c,call,81.0,7.49,0.4165026203486327,0.0112660826884411,0.41665496202063895,0.00015234167200622872,8.441256910772964,8.44456504446585,0.003308133692886628,0.9512569107729636,0.9545650444658502,8.44878809942679,0.9587880994267906
2026-09-11,2027-03,jaoh7_8102c,call,81.02,7.48,0.4165026203486327,0.0112660826884411,0.41665496202063895,0.00015234167200622872,8.43309312449119,8.436401494842377,0.0033083703511866958,0.9530931244911898,0.9564014948423765,8.440603503910145,0.9606035039101446
2026-09-11,2027-03,jaoh7_8125c,call,81.25,7.39,0.4165026203486327,0.0112660826884411,0.41665496202063895,0.00015234167200622872,8.339671668928943,8.342982589000625,0.0033109200716818776,0.9496716689289437,0.9529825890006256,8.346887087519644,0.956887087519644
2026-09-11,2027-03,jaoh7_8150c,call,81.5,7.29,0.4165026203486327,0.0112660826884411,0.41665496202063895,0.00015234167200622872,8.23908753049595,8.242400864977418,0.0033133344814668675,0.9490875304959507,0.9524008649774176,8.245887898485782,0.9558878984857816
2026-09-11,2027-03,jaoh7_8185c,call,81.85,7.15,0.4165026203486327,0.0112660826884411,0.41665496202063895,0.00015234167200622872,8.099941275636015,8.103257370349247,0.003316094713232687,0.9499412756360144,0.9532573703492471,8.106139867069245,0.9561398670692453
2026-09-11,2027-03,jaoh7_8342c,call,83.42,6.57,0.4165026203486327,0.0112660826884411,0.41665496202063895,0.00015234167200622872,7.499376511690217,7.5026962865342925,0.0033197748440754182,0.9293765116902168,0.9326962865342923,7.502961356947389,0.9329613569473888
2026-09-11,2027-03,jaoh7_8430c,call,84.3,6.27,0.4165026203486327,0.0112660826884411,0.41665496202063895,0.00015234167200622872,7.179268797505,7.1825846099798,0.0033158124748000617,0.9092687975050007,0.9125846099798007,7.181204161362886,0.9112041613628864
2026-09-11,2027-03,jaoh7_8455c,call,84.55,6.18,0.4165026203486327,0.0112660826884411,0.41665496202063895,0.00015234167200622872,7.090445180756978,7.0937591050425,0.0033139242855222406,0.9104451807569784,0.9137591050425007,7.092060978405025,0.9120609784050248
2026-09-11,2027-03,jaoh7_8500c,call,85.0,6.04,0.4165026203486327,0.0112660826884411,0.41665496202063895,0.00015234167200622872,6.932890263750318,6.936199957773972,0.0033096940236543304,0.892890263750318,0.8961999577739723,6.933990165155526,0.8939901651555262
2026-09-11,2027-03,jaoh7_8525c,call,85.25,5.96,0.4165026203486327,0.0112660826884411,0.41665496202063895,0.00015234167200622872,6.846642076425759,6.849948964795136,0.003306888369376537,0.8866420764257592,0.8899489647951357,6.8474329975081805,0.8874329975081805
2026-09-11,2027-03,jaoh7_8575c,call,85.75,5.8,0.4165026203486327,0.0112660826884411,0.41665496202063895,0.00015234167200622872,6.6768641069192,6.680164425724231,0.0033003188050315657,0.8768641069192,0.8801644257242316,6.676960081903439,0.8769600819034391
2026-09-11,2027-03,jaoh7_8635c,call,86.35,5.62,0.4165026203486327,0.0112660826884411,0.41665496202063895,0.00015234167200622872,6.4778561450078715,6.4811469299835744,0.0032907849757028984,0.8578561450078714,0.8611469299835743,6.476910293863404,0.8569102938634039
2026-09-11,2027-03,jaoh7_8675c,call,86.75,5.5,0.4165026203486327,0.0112660826884411,0.41665496202063895,0.00015234167200622872,6.348008274592162,6.3512917283461405,0.003283453753978094,0.8480082745921624,0.8512917283461405,6.346433283738703,0.846433283738703
2026-09-11,2027-03,jaoh7_8700c,call,87.0,5.43,0.4165026203486327,0.0112660826884411,0.41665496202063895,0.00015234167200622872,6.2679870484934375,6.2712655325850735,0.0032784840916360025,0.8379870484934377,0.8412655325850737,6.266022492726553,0.8360224927265536
2026-09-11,2027-03,jaoh7_8705c,call,87.05,5.41,0.4165026203486327,0.0112660826884411,0.41665496202063895,0.00015234167200622872,6.25208674567767,6.2553642005030445,0.0032774548253744484,0.84208674567767,0.8453642005030444,6.250039463010558,0.8400394630105579
2026-09-11,2027-09,jaou7_5800p,put,58.0,3.15,0.4165026203486327,0.0112660826884411,0.41665496202063895,0.00015234167200622872,4.679235665668996,4.682409539246644,0.0031738735776478677,1.5292356656689958,1.5324095392466437,4.646879976413,1.4968799764130003
2026-09-11,2027-09,jaou7_5900p,put,59.0,3.39,0.4165026203486327,0.0112660826884411,0.41665496202063895,0.00015234167200622872,5.036896196972659,5.040167525221971,0.0032713282493119777,1.646896196972659,1.650167525221971,5.002556437118076,1.612556437118076
2026-09-11,2027-09,jaou7_6000p,put,60.0,3.65,0.4165026203486327,0.0112660826884411,0.41665496202063895,0.00015234167200622872,5.409396119586978,5.412760641722317,0.0033645221353388877,1.7593961195869778,1.7627606417223167,5.372997425878451,1.7229974258784515
2026-09-11,2027-09,jaou7_6200p,put,62.0,4.2,0.4165026203486327,0.0112660826884411,0.41665496202063895,0.00015234167200622872,6.198566150327469,6.202103551458144,0.003537401130675022,1.998566150327469,2.002103551458144,6.1576978666293085,1.9576978666293083
2026-09-11,2027-09,jaou7_6420p,put,64.2,4.88,0.4165026203486327,0.0112660826884411,0.41665496202063895,0.00015234167200622872,7.1337232656084595,7.13742893591237,0.0037056703039102246,2.2537232656084596,2.25742893591237,7.0904249818494645,2.210424981849465
2026-09-11,2027-09,jaou7_6500p,put,65.0,5.15,0.4165026203486327,0.0112660826884411,0.41665496202063895,0.00015234167200622872,7.490908132170623,7.494669112453098,0.0037609802824754013,2.3409081321706227,2.344669112453098,7.447398996226772,2.297398996226772
2026-09-11,2027-09,jaou7_6750p,put,67.5,6.05,0.4165026203486327,0.0112660826884411,0.41665496202063895,0.00015234167200622872,8.664653654582096,8.668566903876698,0.003913249294601684,2.6146536545820966,2.6185669038766983,8.620488252934878,2.5704882529348785
2026-09-11,2027-09,jaou7_6800p,put,68.0,6.25,0.4165026203486327,0.0112660826884411,0.41665496202063895,0.00015234167200622872,8.909678125019088,8.913618073763526,0.003939948744438482,2.659678125019088,2.6636180737635264,8.865672454090923,2.615672454090923
2026-09-11,2027-09,jaou7_6820c,call,68.2,10.8,0.4165026203486327,0.0112660826884411,0.41665496202063895,0.00015234167200622872,13.476140502392843,13.480090781012935,0.003950278620092007,2.676140502392842,2.680090781012934,13.362681665708031,2.5626816657080305
2026-09-11,2027-09,jaou7_6825c,call,68.25,10.77,0.4165026203486327,0.0112660826884411,0.41665496202063895,0.00015234167200622872,13.453205078840927,13.457157908723984,0.003952829883056452,2.6832050788409276,2.687157908723984,13.339761120511575,2.569761120511576
2026-09-11,2027-09,jaou7_6860c,call,68.6,10.57,0.4165026203486327,0.0112660826884411,0.41665496202063895,0.00015234167200622872,13.29359367105391,13.297564010660762,0.0039703396068517804,2.7235936710539104,2.727564010660762,13.18023699396088,2.6102369939608803
2026-09-11,2027-09,jaou7_6900c,call,69.0,10.36,0.4165026203486327,0.0112660826884411,0.41665496202063895,0.00015234167200622872,13.113178633832355,13.117168237738978,0.003989603906623174,2.7531786338323556,2.757168237738979,12.999876932923923,2.639876932923924
2026-09-11,2027-09,jaou7_6900p,put,69.0,6.65,0.4165026203486327,0.0112660826884411,0.41665496202063895,0.00015234167200622872,9.409791562014334,9.413781165920957,0.003989603906623174,2.7597915620143336,2.763781165920957,9.366006687648246,2.716006687648246
2026-09-11,2027-09,jaou7_6905c,call,69.05,10.33,0.4165026203486327,0.0112660826884411,0.41665496202063895,0.00015234167200622872,13.090775930172748,13.094767886214296,0.00399195604154734,2.7607759301727484,2.7647678862142957,12.977478635541608,2.647478635541608
2026-09-11,2027-09,jaou7_6930c,call,69.3,10.19,0.4165026203486327,0.0112660826884411,0.41665496202063895,0.00015234167200622872,12.979257678476397,12.983261209207214,0.004003530730816607,2.789257678476398,2.7932612092072144,12.86597945742622,2.675979457426221
2026-09-11,2027-09,jaou7_7000c,call,70.0,9.82,0.4165026203486327,0.0112660826884411,0.41665496202063895,0.00015234167200622872,12.671372437492098,12.675406733453727,0.004034295961629297,2.8513724374920972,2.8554067334537265,12.558171920255797,2.7381719202557964
2026-09-11,2027-09,jaou7_7000p,put,70.0,7.08,0.4165026203486327,0.0112660826884411,0.41665496202063895,0.00015234167200622872,9.923137951606044,9.927172247567674,0.004034295961629297,2.843137951606044,2.8471722475676735,9.879454260912086,2.7994542609120856
2026-09-11,2027-09,jaou7_7110c,call,71.1,9.26,0.4165026203486327,0.0112660826884411,0.41665496202063895,0.00015234167200622872,12.200393377981984,12.204471161998862,0.004077784016878638,2.9403933779819837,2.9444711619988624,12.088080142164486,2.8280801421644863
2026-09-11,2027-09,jaou7_7200c,call,72.0,8.82,0.4165026203486327,0.0112660826884411,0.41665496202063895,0.00015234167200622872,11.826525954972126,11.830634958190267,0.004109003218140117,3.006525954972126,3.0106349581902663,11.71558769939756,2.8955876993975598
2026-09-11,2027-09,jaou7_7335c,call,73.35,8.19,0.4165026203486327,0.0112660826884411,0.41665496202063895,0.00015234167200622872,11.284678098262402,11.288826706225496,0.004148607963093909,3.0946780982624027,3.0988267062254966,11.176583975064853,2.9865839750648533
2026-09-11,2027-09,jaou7_7400c,call,74.0,7.9,0.4165026203486327,0.0112660826884411,0.41665496202063895,0.00015234167200622872,11.031741897142634,11.035906540888682,0.004164643746047858,3.131741897142634,3.1359065408886817,10.92518429107738,3.0251842910773803
2026-09-11,2027-09,jaou7_7400p,put,74.0,8.98,0.4165026203486327,0.0112660826884411,0.41665496202063895,0.00015234167200622872,12.104117754984449,12.108282398730497,0.004164643746047858,3.1241177549844483,3.128282398730496,12.06707697546154,3.087076975461539
2026-09-11,2027-09,jaou7_7450c,call,74.5,7.68,0.4165026203486327,0.0112660826884411,0.41665496202063895,0.00015234167200622872,10.840632236413011,10.844807898455434,0.004175662042422701,3.1606322364130115,3.164807898455434,10.735150522692628,3.055150522692628
2026-09-11,2027-09,jaou7_7450p,put,74.5,9.24,0.4165026203486327,0.0112660826884411,0.41665496202063895,0.00015234167200622872,12.39058438722081,12.394760049263233,0.004175662042422701,3.1505843872208104,3.154760049263233,12.35461950004277,3.114619500042769
2026-09-11,2027-09,jaou7_7500c,call,75.0,7.47,0.4165026203486327,0.0112660826884411,0.41665496202063895,0.00015234167200622872,10.652492806098149,10.656678356516755,0.004185550418606354,3.182492806098149,3.1866783565167554,10.54799213325021,3.07799213325021
2026-09-11,2027-09,jaou7_7500p,put,75.0,9.5,0.4165026203486327,0.0112660826884411,0.41665496202063895,0.00015234167200622872,12.680021249871931,12.684206800290537,0.004185550418606354,3.180021249871931,3.1842068002905375,12.645037403566333,3.1450374035663327
2026-09-11,2027-09,jaou7_7542c,call,75.42,7.29,0.4165026203486327,0.0112660826884411,0.41665496202063895,0.00015234167200622872,10.496727281073168,10.500920275102036,0.004192994028867858,3.206727281073168,3.210920275102036,10.393126162299268,3.103126162299268
2026-09-11,2027-09,jaou7_7550c,call,75.5,7.26,0.4165026203486327,0.0112660826884411,0.41665496202063895,0.00015234167200622872,10.46729107008099,10.471485393435003,0.004194323354013818,3.2072910700809896,3.2114853934350034,10.363848806420114,3.103848806420114
2026-09-11,2027-09,jaou7_7600c,call,76.0,7.06,0.4165026203486327,0.0112660826884411,0.41665496202063895,0.00015234167200622872,10.284994317906625,10.289196313783563,0.004201995876938369,3.224994317906625,3.2291963137835635,10.182472067534174,3.122472067534175
2026-09-11,2027-09,jaou7_7610c,call,76.1,7.02,0.4165026203486327,0.0112660826884411,0.41665496202063895,0.00015234167200622872,10.248880676259793,10.253084075950662,0.004203399690869247,3.2288806762597932,3.2330840759506625,10.146544272206352,3.126544272206353
2026-09-11,2027-09,jaou7_7705c,call,77.05,6.65,0.4165026203486327,0.0112660826884411,0.41665496202063895,0.00015234167200622872,9.911480535395716,9.915695131430125,0.0042145960344086575,3.261480535395716,3.2656951314301246,9.811064904942246,3.161064904942245
2026-09-11,2027-09,jaou7_7710c,call,77.1,6.63,0.4165026203486327,0.0112660826884411,0.41665496202063895,0.00015234167200622872,9.894004894093767,9.89821997334139,0.004215079247623876,3.264004894093767,3.268219973341391,9.793684932582437,3.163684932582437
2026-09-11,2027-09,jaou7_7725c,call,77.25,6.58,0.4165026203486327,0.0112660826884411,0.41665496202063895,0.00015234167200622872,9.841745803824137,9.845962269831983,0.004216466007845199,3.2617458038241374,3.2659622698319826,9.741717706398717,3.1617177063987167
2026-09-11,2028-03,jaoh8_5740p,put,57.4,3.87,0.4165026203486327,0.0112660826884411,0.41665496202063895,0.00015234167200622872,6.817694089363172,6.821630682335261,0.003936592972088704,2.9476940893631722,2.951630682335261,6.826282654378224,2.9562826543782235
2026-09-11,2028-03,jaoh8_5900p,put,59.0,4.31,0.4165026203486327,0.0112660826884411,0.41665496202063895,0.00015234167200622872,7.491080956998225,7.4951540603588,0.004073103360575203,3.1810809569982252,3.1851540603588004,7.500537905311475,3.1905379053114755
2026-09-11,2028-03,jaoh8_6000p,put,60.0,4.61,0.4165026203486327,0.0112660826884411,0.41665496202063895,0.00015234167200622872,7.927998519599681,7.932151442225075,0.00415292262539424,3.317998519599681,3.322151442225075,7.937920068133399,3.3279200681333982
2026-09-11,2028-03,jaoh8_6151c,call,61.51,13.51,0.4165026203486327,0.0112660826884411,0.41665496202063895,0.00015234167200622872,17.023916805580665,17.02818213843419,0.004265332853524484,3.5139168055806653,3.51818213843419,17.024664247479397,3.5146642474793968
2026-09-11,2028-03,jaoh8_6165p,put,61.65,5.12,0.4165026203486327,0.0112660826884411,0.41665496202063895,0.00015234167200622872,8.675367893883248,8.679643152031112,0.004275258147863781,3.555367893883248,3.5596431520311116,8.685515611632402,3.565515611632402
2026-09-11,2028-03,jaoh8_6200c,call,62.0,13.21,0.4165026203486327,0.0112660826884411,0.41665496202063895,0.00015234167200622872,16.79439183073661,16.79869153271087,0.004299701974257886,3.5843918307366103,3.588691532710868,16.79512617005496,3.5851261700549597
2026-09-11,2028-03,jaoh8_6200p,put,62.0,5.24,0.4165026203486327,0.0112660826884411,0.41665496202063895,0.00015234167200622872,8.838072324259386,8.842372026233644,0.004299701974257886,3.5980723242593857,3.6023720262336436,8.84820498870086,3.608204988700861
2026-09-11,2028-03,jaoh8_6250p,put,62.5,5.4,0.4165026203486327,0.0112660826884411,0.41665496202063895,0.00015234167200622872,9.073006682146058,9.077340388402671,0.004333706256613112,3.673006682146058,3.677340388402671,9.083068440994008,3.683068440994008
2026-09-11,2028-03,jaoh8_6420c,call,64.2,11.91,0.4165026203486327,0.0112660826884411,0.41665496202063895,0.00015234167200622872,15.798377562770579,15.802818841461997,0.0044412786914183044,3.8883775627705788,3.892818841461997,15.79844855582812,3.88844855582812
2026-09-11,2028-03,jaoh8_6500c,call,65.0,11.45,0.4165026203486327,0.0112660826884411,0.41665496202063895,0.00015234167200622872,15.449909932961319,15.454397552925247,0.004487619963928324,3.9999099329613195,4.004397552925248,15.44944118849567,3.999441188495672
2026-09-11,2028-03,jaoh8_6500p,put,65.0,6.28,0.4165026203486327,0.0112660826884411,0.41665496202063895,0.00015234167200622872,10.290971552328326,10.295459172292254,0.004487619963928324,4.010971552328326,4.015459172292254,10.299901132985804,4.019901132985804
2026-09-11,2028-03,jaoh8_6600c,call,66.0,10.89,0.4165026203486327,0.0112660826884411,0.41665496202063895,0.00015234167200622872,15.024373432902797,15.028915159515382,0.004541726612584895,4.134373432902796,4.138915159515381,15.02333380334016,4.133333803340159
2026-09-11,2028-03,jaoh8_6600p,put,66.0,6.65,0.4165026203486327,0.0112660826884411,0.41665496202063895,0.00015234167200622872,10.797895427551214,10.802437154163798,0.004541726612583119,4.147895427551214,4.152437154163797,10.806254123111705,4.1562541231117045
2026-09-11,2028-03,jaoh8_6750p,put,67.5,7.24,0.4165026203486327,0.0112660826884411,0.41665496202063895,0.00015234167200622872,11.578789986726523,11.583405007579909,0.004615020853385943,4.338789986726523,4.343405007579909,11.585825819401116,4.345825819401116
2026-09-11,2028-03,jaoh8_6775c,call,67.75,9.95,0.4165026203486327,0.0112660826884411,0.41665496202063895,0.00015234167200622872,14.305962364245534,14.310588693848363,0.004626329602828605,4.355962364245535,4.360588693848364,14.303365933470731,4.353365933470732
2026-09-11,2028-03,jaoh8_6875c,call,68.75,9.43,0.4165026203486327,0.0112660826884411,0.41665496202063895,0.00015234167200622872,13.91009867466776,13.914767683286557,0.004669008618797932,4.48009867466776,4.484767683286558,13.90649794235138,4.476497942351381
2026-09-11,2028-03,jaoh8_6890c,call,68.9,9.35,0.4165026203486327,0.0112660826884411,0.41665496202063895,0.00015234167200622872,13.851620943555593,13.85629600401835,0.00467506046275723,4.501620943555594,4.506296004018351,13.84785899636523,4.497858996365231
2026-09-11,2028-03,jaoh8_7000c,call,70.0,8.8,0.4165026203486327,0.0112660826884411,0.41665496202063895,0.00015234167200622872,13.429863369981152,13.434580057887889,0.004716687906736183,4.629863369981152,4.634580057887888,13.425105802371872,4.625105802371872
2026-09-11,2028-03,jaoh8_7000p,put,70.0,8.3,0.4165026203486327,0.0112660826884411,0.41665496202063895,0.00015234167200622872,12.933226865755213,12.937943553661949,0.004716687906736183,4.633226865755212,4.637943553661948,12.93786762326906,4.637867623269059
2026-09-11,2028-03,jaoh8_7110c,call,71.1,8.27,0.4165026203486327,0.0112660826884411,0.41665496202063895,0.00015234167200622872,13.020363475023135,13.025117019233067,0.0047535442099313485,4.750363475023136,4.755117019233067,13.015066203310296,4.745066203310296
2026-09-11,2028-03,jaoh8_7275c,call,72.75,7.52,0.4165026203486327,0.0112660826884411,0.41665496202063895,0.00015234167200622872,12.42847667366451,12.433276800077193,0.004800126412682459,4.908476673664511,4.913276800077194,12.422193580299478,4.902193580299478
2026-09-11,2028-03,jaoh8_7340c,call,73.4,7.24,0.4165026203486327,0.0112660826884411,0.41665496202063895,0.00015234167200622872,12.202496906408209,12.207312592064447,0.004815685656238244,4.962496906408209,4.967312592064447,12.195930557877556,4.955930557877556
2026-09-11,2028-03,jaoh8_7450c,call,74.5,6.78,0.4165026203486327,0.0112660826884411,0.41665496202063895,0.00015234167200622872,11.829093217464822,11.833931743080951,0.00483852561612963,5.049093217464821,5.053931743080951,11.822097135509733,5.042097135509732
2026-09-11,2028-03,jaoh8_7450p,put,74.5,10.5,0.4165026203486327,0.0112660826884411,0.41665496202063895,0.00015234167200622872,15.528528402005229,15.533366927621358,0.00483852561612963,5.028528402005229,5.033366927621358,15.530930645173267,5.030930645173267
2026-09-11,2028-03,jaoh8_7475c,call,74.75,6.68,0.4165026203486327,0.0112660826884411,0.41665496202063895,0.00015234167200622872,11.745787017963766,11.750630133431017,0.004843115467251025,5.065787017963766,5.070630133431017,11.738695610159697,5.058695610159697
2026-09-11,2028-03,jaoh8_7500c,call,75.0,6.59,0.4165026203486327,0.0112660826884411,0.41665496202063895,0.00015234167200622872,11.663050931582031,11.667898417616781,0.004847486034750048,5.073050931582031,5.077898417616781,11.655821785855755,5.065821785855755
2026-09-11,2028-03,jaoh8_7550c,call,75.5,6.39,0.4165026203486327,0.0112660826884411,0.41665496202063895,0.00015234167200622872,11.499275968719282,11.504131544373362,0.004855575654080013,5.109275968719282,5.114131544373362,11.4916607113198,5.101660711319801
2026-09-11,2028-03,jaoh8_7670c,call,76.7,5.96,0.4165026203486327,0.0112660826884411,0.41665496202063895,0.00015234167200622872,11.115310163695469,11.120181678329189,0.004871514633720153,5.155310163695469,5.160181678329189,11.106651517156068,5.1466515171560685
2026-09-11,2028-03,jaoh8_7700c,call,77.0,5.85,0.4165026203486327,0.0112660826884411,0.41665496202063895,0.00015234167200622872,11.021293523209142,11.026168271409029,0.00487474819988698,5.171293523209142,5.176168271409029,11.012402697731437,5.162402697731437
2026-09-11,2028-03,jaoh8_7775c,call,77.75,5.61,0.4165026203486327,0.0112660826884411,0.41665496202063895,0.00015234167200622872,10.789646706558397,10.794528255243515,0.00488154868511792,5.179646706558397,5.184528255243515,10.78015896162392,5.17015896162392
2026-09-11,2028-09,jaou8_5000p,put,50.0,2.88,0.4165026203486327,0.0112660826884411,0.41665496202063895,0.00015234167200622872,5.679510447806464,5.6833006120021174,0.003790164195653034,2.7995104478064645,2.8033006120021176,5.69892042077784,2.8189204207778404
2026-09-11,2028-09,jaou8_5500p,put,55.0,3.99,0.4165026203486327,0.0112660826884411,0.41665496202063895,0.00015234167200622872,7.652715743836378,7.656999497077457,0.004283753241079324,3.6627157438363778,3.666999497077457,7.675088838900532,3.685088838900532
2026-09-11,2028-09,jaou8_5700p,put,57.0,4.51,0.4165026203486327,0.0112660826884411,0.41665496202063895,0.00015234167200622872,8.52121973955646,8.525674479075207,0.004454739518745754,4.011219739556461,4.015674479075207,8.544199818734654,4.034199818734654
2026-09-11,2028-09,jaou8_5740p,put,57.4,4.62,0.4165026203486327,0.0112660826884411,0.41665496202063895,0.00015234167200622872,8.700149859324265,8.704636935645356,0.00448707632109091,4.080149859324265,4.084636935645356,8.723172709103538,4.103172709103538
2026-09-11,2028-09,jaou8_6151c,call,61.51,12.55,0.4165026203486327,0.0112660826884411,0.41665496202063895,0.00015234167200622872,17.319788712752032,17.324572080963325,0.004783368211292327,4.769788712752032,4.774572080963324,17.45556181447894,4.90556181447894
2026-09-11,2028-09,jaou8_6165p,put,61.65,5.87,0.4165026203486327,0.0112660826884411,0.41665496202063895,0.00015234167200622872,10.704923583300598,10.70971589667543,0.004792313374831991,4.834923583300598,4.83971589667543,10.726237246475174,4.856237246475174
2026-09-11,2028-09,jaou8_6200p,put,62.0,5.98,0.4165026203486327,0.0112660826884411,0.41665496202063895,0.00015234167200622872,10.878214781740944,10.883029130824937,0.004814349083993363,4.898214781740943,4.903029130824937,10.89920333166198,4.919203331661979
2026-09-11,2028-09,jaou8_6250p,put,62.5,6.14,0.4165026203486327,0.0112660826884411,0.41665496202063895,0.00015234167200622872,11.127867760618923,11.132712781086703,0.004845020467779904,4.987867760618923,4.992712781086703,11.148362199532984,5.008362199532985
2026-09-11,2028-09,jaou8_6500c,call,65.0,10.51,0.4165026203486327,0.0112660826884411,0.41665496202063895,0.00015234167200622872,15.922442008301836,15.927426307393047,0.0049842990912107865,5.412442008301836,5.417426307393047,16.054726419174823,5.544726419174824
2026-09-11,2028-09,jaou8_6500p,put,65.0,6.98,0.4165026203486327,0.0112660826884411,0.41665496202063895,0.00015234167200622872,12.412288546512636,12.417272845603847,0.0049842990912107865,5.432288546512636,5.437272845603847,12.430235310650776,5.450235310650776
2026-09-11,2028-09,jaou8_6570c,call,65.7,10.12,0.4165026203486327,0.0112660826884411,0.41665496202063895,0.00015234167200622872,15.65605830195544,15.661077464218318,0.0050191622628776855,5.536058301955441,5.5410774642183185,15.787977011504562,5.667977011504563
2026-09-11,2028-09,jaou8_6600c,call,66.0,9.95,0.4165026203486327,0.0112660826884411,0.41665496202063895,0.00015234167200622872,15.543271394172256,15.548304953910913,0.005033559738656379,5.593271394172257,5.5983049539109135,15.675107337408171,5.725107337408172
2026-09-11,2028-09,jaou8_6650c,call,66.5,9.68,0.4165026203486327,0.0112660826884411,0.41665496202063895,0.00015234167200622872,15.357110916461039,15.362167752998541,0.005056836537502107,5.677110916461039,5.6821677529985415,15.488862738265745,5.808862738265745
2026-09-11,2028-09,jaou8_6750p,put,67.5,7.91,0.4165026203486327,0.0112660826884411,0.41665496202063895,0.00015234167200622872,13.754783011636981,13.75988373469054,0.005100723053558909,5.844783011636981,5.84988373469054,13.77220488899267,5.86220488899267
2026-09-11,2028-09,jaou8_6775c,call,67.75,9.02,0.4165026203486327,0.0112660826884411,0.41665496202063895,0.00015234167200622872,14.901508613980658,14.9066197591284,0.0051111451477421355,5.8815086139806585,5.886619759128401,15.033290113034324,6.013290113034325
2026-09-11,2028-09,jaou8_7000c,call,70.0,7.92,0.4165026203486327,0.0112660826884411,0.41665496202063895,0.00015234167200622872,14.115711897973927,14.120907182913816,0.005195284939889078,6.195711897973927,6.2009071829138165,14.247693329284564,6.327693329284564
2026-09-11,2028-09,jaou8_7000p,put,70.0,8.97,0.4165026203486327,0.0112660826884411,0.41665496202063895,0.00015234167200622872,15.15238934523808,15.157584630177968,0.005195284939889078,6.182389345238079,6.187584630177968,15.17003312981387,6.200033129813869
2026-09-11,2028-09,jaou8_7110c,call,71.1,7.43,0.4165026203486327,0.0112660826884411,0.41665496202063895,0.00015234167200622872,13.747062108960398,13.75229236634619,0.005230257385791859,6.317062108960398,6.32229236634619,13.879141086028376,6.449141086028376
2026-09-11,2028-09,jaou8_7275c,call,72.75,6.74,0.4165026203486327,0.0112660826884411,0.41665496202063895,0.00015234167200622872,13.212499825487292,13.217775249339518,0.005275423852225458,6.472499825487292,6.477775249339517,13.344350043579302,6.604350043579302
2026-09-11,2028-09,jaou8_7340c,call,73.4,6.49,0.4165026203486327,0.0112660826884411,0.41665496202063895,0.00015234167200622872,13.007827811881716,13.013118694926375,0.005290883044658301,6.517827811881716,6.523118694926374,13.13938324949138,6.649383249491379
2026-09-11,2028-09,jaou8_7450c,call,74.5,6.09,0.4165026203486327,0.0112660826884411,0.41665496202063895,0.00015234167200622872,12.668878962151245,12.674193092833159,0.005314130681913554,6.578878962151245,6.584193092833159,12.799842494011234,6.709842494011234
2026-09-11,2028-09,jaou8_7450p,put,74.5,11.25,0.4165026203486327,0.0112660826884411,0.41665496202063895,0.00015234167200622872,17.797704227563415,17.803018358245325,0.005314130681910001,6.547704227563415,6.553018358245325,17.814330112688552,6.564330112688552
2026-09-11,2028-09,jaou8_7500c,call,75.0,5.91,0.4165026203486327,0.0112660826884411,0.41665496202063895,0.00015234167200622872,12.51784172957706,12.523165241669927,0.0053235120928665225,6.607841729577061,6.613165241669927,12.64859008722551,6.738590087225511
2026-09-11,2028-09,jaou8_7560c,call,75.6,5.71,0.4165026203486327,0.0112660826884411,0.41665496202063895,0.00015234167200622872,12.33905492989474,12.344388742094146,0.005333812199406651,6.62905492989474,6.6343887420941465,12.46958334357534,6.759583343575341
2026-09-11,2028-09,jaou8_7670c,call,76.7,5.36,0.4165026203486327,0.0112660826884411,0.41665496202063895,0.00015234167200622872,12.018124928457684,12.023474969836332,0.005350041378648029,6.658124928457684,6.663474969836332,12.148298001961487,6.788298001961487
2026-09-11,2028-09,jaou8_7925c,call,79.25,4.65,0.4165026203486327,0.0112660826884411,0.41665496202063895,0.00015234167200622872,11.307108498995236,11.312483519667555,0.0053750206723197635,6.657108498995235,6.662483519667555,11.436301541864868,6.786301541864868
2026-09-11,2028-09,jaou8_8000c,call,80.0,4.47,0.4165026203486327,0.0112660826884411,0.41665496202063895,0.00015234167200622872,11.106448974087069,11.111828136430232,0.005379162343162491,6.636448974087069,6.641828136430232,11.235149447309375,6.765149447309375
2026-09-14,2027-03,jaoh7_6800p,put,68.0,3.22,0.4164221067765169,0.0112194065737555,0.41657321816945947,0.00015111139294254894,3.7203071542602064,3.722864033251465,0.002556878991258671,0.5003071542602062,0.5028640332514649,3.723321145294151,0.5033211452941506
2026-09-14,2027-03,jaoh7_6900p,put,69.0,3.5,0.4164221067765169,0.0112194065737555,0.41657321816945947,0.00015111139294254894,4.05948071443396,4.062127107718904,0.002646393284944537,0.5594807144339597,0.5621271077189043,4.063901799637894,0.5639017996378941
2026-09-14,2027-03,jaoh7_7000p,put,70.0,3.8,0.4164221067765169,0.0112194065737555,0.41657321816945947,0.00015111139294254894,4.416857459516077,4.41958836879669,0.0027309092806131474,0.6168574595160772,0.6195883687966903,4.422809859004962,0.6228098590049624
2026-09-14,2027-03,jaoh7_7100p,put,71.0,4.12,0.4164221067765169,0.0112194065737555,0.41657321816945947,0.00015111139294254894,4.792485793536633,4.795295886345674,0.002810092809040654,0.6724857935366328,0.6752958863456735,4.800234568139691,0.6802345681396913
2026-09-14,2027-03,jaoh7_7150p,put,71.5,4.29,0.4164221067765169,0.0112194065737555,0.41657321816945947,0.00015111139294254894,4.98714719476366,4.9899947884962526,0.0028475937325929124,0.6971471947636596,0.6999947884962525,4.995697906200934,0.7056979062009336
2026-09-14,2027-03,jaoh7_7250p,put,72.5,4.64,0.4164221067765169,0.0112194065737555,0.41657321816945947,0.00015111139294254894,5.390146648734063,5.393064906906756,0.0029182581726932,0.7501466487340629,0.7530649069067561,5.399955568585749,0.7599555685857498
2026-09-14,2027-03,jaoh7_7300p,put,73.0,4.83,0.4164221067765169,0.0112194065737555,0.41657321816945947,0.00015111139294254894,5.59846978065426,5.6014211491236905,0.0029513684694304487,0.76846978065426,0.7714211491236904,5.608633788483944,0.778633788483944
2026-09-14,2027-03,jaoh7_7400p,put,74.0,5.21,0.4164221067765169,0.0112194065737555,0.41657321816945947,0.00015111139294254894,6.0287068610492796,6.031719895592159,0.003013034542879822,0.8187068610492796,0.8217198955921594,6.039379840258962,0.8293798402589623
2026-09-14,2027-03,jaoh7_7450p,put,74.5,5.41,0.4164221067765169,0.0112194065737555,0.41657321816945947,0.00015111139294254894,6.250591228377739,6.253632783223847,0.003041554846108241,0.8405912283777388,0.843632783223847,6.261412840511547,0.8514128405115464
2026-09-14,2027-03,jaoh7_7500p,put,75.0,5.62,0.4164221067765169,0.0112194065737555,0.41657321816945947,0.00015111139294254894,6.476962604069828,6.480031118526612,0.0030685144567836886,0.8569626040698282,0.8600311185266118,6.487970630308757,0.8679706303087569
2026-09-14,2027-03,jaoh7_7690p,put,76.9,6.45,0.4164221067765169,0.0112194065737555,0.41657321816945947,0.00015111139294254894,7.377709705447796,7.380866278477271,0.0031565730294751404,0.9277097054477954,0.9308662784772705,7.388847286542829,0.9388472865428286
2026-09-14,2027-03,jaoh7_7900c,call,79.0,8.59,0.4164221067765169,0.0112194065737555,0.41657321816945947,0.00015111139294254894,9.506128718743225,9.509356001914416,0.003227283171190365,0.9161287187432254,0.9193560019144158,9.515465407707245,0.9254654077072448
2026-09-14,2027-03,jaoh7_8000c,call,80.0,8.13,0.4164221067765169,0.0112194065737555,0.41657321816945947,0.00015111139294254894,9.064012896677685,9.067264118714938,0.003251222037253143,0.9340128966776842,0.9372641187149373,9.072969064214904,0.9429690642149032
2026-09-14,2027-03,jaoh7_8025c,call,80.25,8.02,0.4164221067765169,0.0112194065737555,0.41657321816945947,0.00015111139294254894,8.956095358573615,8.9593515984638,0.0032562398901845313,0.9360953585736151,0.9393515984637997,8.9649317684257,0.9449317684257004
2026-09-14,2027-03,jaoh7_8045c,call,80.45,7.93,0.4164221067765169,0.0112194065737555,0.41657321816945947,0.00015111139294254894,8.8705067194643,8.873766697581274,0.0032599781169739828,0.9405067194643006,0.9437666975812746,8.879200148097265,0.9492001480972654
2026-09-14,2027-03,jaoh7_8075c,call,80.75,7.8,0.4164221067765169,0.0112194065737555,0.41657321816945947,0.00015111139294254894,8.74336013400246,8.74662526168392,0.003265127681460811,0.94336013400246,0.9466252616839208,8.751780752316973,0.9517807523169736
2026-09-14,2027-03,jaoh7_8100c,call,81.0,7.7,0.4164221067765169,0.0112194065737555,0.41657321816945947,0.00015111139294254894,8.638532451738865,8.641801453344256,0.0032690016053908977,0.9385324517388645,0.9418014533442554,8.646707878846275,0.9467078788462748
2026-09-14,2027-03,jaoh7_8102c,call,81.02,7.69,0.4164221067765169,0.0112194065737555,0.41657321816945947,0.00015111139294254894,8.630190361979285,8.633459657176829,0.003269295197544153,0.9401903619792842,0.9434596571768283,8.638346455779626,0.9483464557796256
2026-09-14,2027-03,jaoh7_8125c,call,81.25,7.59,0.4164221067765169,0.0112194065737555,0.41657321816945947,0.00015111139294254894,8.534724597541002,8.537997095931203,0.0032724983902010507,0.9447245975410024,0.9479970959312034,8.542664131137816,0.9526641311378156
2026-09-14,2027-03,jaoh7_8150c,call,81.5,7.49,0.4164221067765169,0.0112194065737555,0.41657321816945947,0.00015111139294254894,8.43193138492595,8.435207005227658,0.0032756203017090257,0.9419313849259492,0.9452070052276582,8.439677033887445,0.9496770338874452
2026-09-14,2027-03,jaoh7_8185c,call,81.85,7.34,0.4164221067765169,0.0112194065737555,0.41657321816945947,0.00015111139294254894,8.289715461317023,8.292994827038797,0.003279365721773786,0.9497154613170231,0.9529948270387969,8.29700805202907,0.9570080520290708
2026-09-14,2027-03,jaoh7_8342c,call,83.42,6.73,0.4164221067765169,0.0112194065737555,0.41657321816945947,0.00015111139294254894,7.6757213716843316,7.679008745667792,0.003287373983460462,0.9457213716843311,0.9490087456677916,7.680345027885554,0.950345027885554
2026-09-14,2027-03,jaoh7_8430c,call,84.3,6.41,0.4164221067765169,0.0112194065737555,0.41657321816945947,0.00015111139294254894,7.348337625159348,7.351623385069798,0.0032857599104501034,0.938337625159348,0.9416233850697981,7.351404948734851,0.941404948734851
2026-09-14,2027-03,jaoh7_8455c,call,84.55,6.33,0.4164221067765169,0.0112194065737555,0.41657321816945947,0.00015111139294254894,7.257480723366956,7.260765250621011,0.0032845272540553694,0.9274807233669558,0.9307652506210111,7.260048642763825,0.9300486427638246
2026-09-14,2027-03,jaoh7_8500c,call,85.0,6.17,0.4164221067765169,0.0112194065737555,0.41657321816945947,0.00015111139294254894,7.096304013568563,7.099585476765278,0.003281463196715073,0.9263040135685632,0.9295854767652783,7.098129079584578,0.9281290795845782
2026-09-14,2027-03,jaoh7_8525c,call,85.25,6.09,0.4164221067765169,0.0112194065737555,0.41657321816945947,0.00015111139294254894,7.008065035890943,7.011344333427865,0.0032792975369222432,0.918065035890943,0.9213443334278653,7.009601974726055,0.9196019747260556
2026-09-14,2027-03,jaoh7_8575c,call,85.75,5.92,0.4164221067765169,0.0112194065737555,0.41657321816945947,0.00015111139294254894,6.83435150518089,6.837625495570177,0.003273990389287107,0.9143515051808899,0.917625495570177,6.835294546023586,0.9152945460235856
2026-09-14,2027-03,jaoh7_8635c,call,86.35,5.73,0.4164221067765169,0.0112194065737555,0.41657321816945947,0.00015111139294254894,6.6307024548294775,6.633968394175374,0.0032659393458969177,0.9007024548294771,0.903968394175374,6.630817152688199,0.900817152688199
2026-09-14,2027-03,jaoh7_8675c,call,86.75,5.61,0.4164221067765169,0.0112194065737555,0.41657321816945947,0.00015111139294254894,6.497810315129646,6.5010698915798,0.003259576450154178,0.8878103151296459,0.8910698915798001,6.497214044447508,0.8872140444475081
2026-09-14,2027-03,jaoh7_8700c,call,87.0,5.53,0.4164221067765169,0.0112194065737555,0.41657321816945947,0.00015111139294254894,6.415906746641389,6.419161950200047,0.0032552035586581596,0.885906746641389,0.8891619502000472,6.414884528358526,0.8848845283585254
2026-09-14,2027-03,jaoh7_8705c,call,87.05,5.52,0.4164221067765169,0.0112194065737555,0.41657321816945947,0.00015111139294254894,6.399631856033039,6.402886148890262,0.0032542928572230068,0.8796318560330398,0.8828861488902628,6.398529923618236,0.8785299236182365
2026-09-14,2027-09,jaou7_5800p,put,58.0,3.08,0.4164221067765169,0.0112194065737555,0.41657321816945947,0.00015111139294254894,4.606794552484796,4.609920806552555,0.0031262540677587936,1.5267945524847963,1.5299208065525551,4.574790197608994,1.494790197608994
2026-09-14,2027-09,jaou7_5900p,put,59.0,3.32,0.4164221067765169,0.0112194065737555,0.41657321816945947,0.00015111139294254894,4.961357677297682,4.964581269969758,0.0032235926720751706,1.6413576772976826,1.6445812699697577,4.927362855732266,1.607362855732266
2026-09-14,2027-09,jaou7_6000p,put,60.0,3.57,0.4164221067765169,0.0112194065737555,0.41657321816945947,0.00015111139294254894,5.33078800983923,5.3341047507659045,0.003316740926674555,1.7607880098392301,1.7641047507659047,5.294770826638756,1.7247708266387565
2026-09-14,2027-09,jaou7_6200p,put,62.0,4.11,0.4164221067765169,0.0112194065737555,0.41657321816945947,0.00015111139294254894,6.113924721967178,6.1174144415517855,0.003489719584607087,2.003924721967178,2.007414441551785,6.073389490047769,1.9633894900477689
2026-09-14,2027-09,jaou7_6420p,put,64.2,4.77,0.4164221067765169,0.0112194065737555,0.41657321816945947,0.00015111139294254894,7.042647873406478,7.046306225357558,0.0036583519510795526,2.272647873406479,2.2763062253575583,6.999333053010154,2.229333053010154
2026-09-14,2027-09,jaou7_6500p,put,65.0,5.03,0.4164221067765169,0.0112194065737555,0.41657321816945947,0.00015111139294254894,7.397554417116203,7.401268267146624,0.0037138500304205735,2.367554417116203,2.3712682671466236,7.354030463711009,2.3240304637110087
2026-09-14,2027-09,jaou7_6750p,put,67.5,5.92,0.4164221067765169,0.0112194065737555,0.41657321816945947,0.00015111139294254894,8.564417875872762,8.568284740310563,0.003866864437801709,2.6444178758727617,2.6482847403105634,8.52013675298684,2.60013675298684
2026-09-14,2027-09,jaou7_6800p,put,68.0,6.11,0.4164221067765169,0.0112194065737555,0.41657321816945947,0.00015111139294254894,8.808111985113626,8.812005722607154,0.003893737493527283,2.698111985113626,2.7020057226071534,8.763966111387235,2.653966111387235
2026-09-14,2027-09,jaou7_6820c,call,68.2,10.81,0.4164221067765169,0.0112194065737555,0.41657321816945947,0.00015111139294254894,13.535056380440857,13.538960519233598,0.0039041387927412075,2.725056380440856,2.7289605192335973,13.421860159742309,2.6118601597423083
2026-09-14,2027-09,jaou7_6825c,call,68.25,10.79,0.4164221067765169,0.0112194065737555,0.41657321816945947,0.00015111139294254894,13.511981146119105,13.515887854201429,0.003906708082324073,2.7219811461191057,2.7258878542014298,13.398800999086154,2.6088009990861547
2026-09-14,2027-09,jaou7_6860c,call,68.6,10.59,0.4164221067765169,0.0112194065737555,0.41657321816945947,0.00015111139294254894,13.351395627606674,13.355319973457318,0.003924345850643718,2.7613956276066745,2.765319973457318,13.238317857413652,2.648317857413652
2026-09-14,2027-09,jaou7_6900c,call,69.0,10.37,0.4164221067765169,0.0112194065737555,0.41657321816945947,0.00015111139294254894,13.16987718775613,13.173820948072132,0.003943760316001743,2.799877187756131,2.803820948072133,13.056877910702609,2.6868779107026093
2026-09-14,2027-09,jaou7_6900p,put,69.0,6.51,0.4164221067765169,0.0112194065737555,0.41657321816945947,0.00015111139294254894,9.30561328966252,9.309557049978523,0.003943760316001743,2.795613289662521,2.7995570499785227,9.261729820737896,2.7517298207378964
2026-09-14,2027-09,jaou7_6905c,call,69.05,10.34,0.4164221067765169,0.0112194065737555,0.41657321816945947,0.00015111139294254894,13.147337304958786,13.1512834364563,0.003946131497514216,2.8073373049587858,2.8112834364563,13.03434403821934,2.69434403821934
2026-09-14,2027-09,jaou7_6930c,call,69.3,10.21,0.4164221067765169,0.0112194065737555,0.41657321816945947,0.00015111139294254894,13.035135662132523,13.039093464439429,0.003957802306905123,2.8251356621325225,2.8290934644394277,12.922166168150332,2.712166168150331
2026-09-14,2027-09,jaou7_7000c,call,70.0,9.83,0.4164221067765169,0.0112194065737555,0.41657321816945947,0.00015111139294254894,12.72535933873287,12.72934818287315,0.003988844140279113,2.89535933873287,2.8993481828731493,12.612435128460232,2.782435128460232
2026-09-14,2027-09,jaou7_7000p,put,70.0,6.92,0.4164221067765169,0.0112194065737555,0.41657321816945947,0.00015111139294254894,9.816414080464623,9.820402924604902,0.003988844140279113,2.8964140804646235,2.9004029246049026,9.77260567832088,2.852605678320881
2026-09-14,2027-09,jaou7_7110c,call,71.1,9.26,0.4164221067765169,0.0112194065737555,0.41657321816945947,0.00015111139294254894,12.251476451041198,12.255509237769639,0.004032786728441096,2.9914764510411977,2.995509237769639,12.139252971159724,2.8792529711597243
2026-09-14,2027-09,jaou7_7200c,call,72.0,8.81,0.4164221067765169,0.0112194065737555,0.41657321816945947,0.00015111139294254894,11.875296048473821,11.879360441682413,0.004064393208592421,3.0652960484738205,3.069360441682413,11.76432953773832,2.954329537738319
2026-09-14,2027-09,jaou7_7335c,call,73.35,8.17,0.4164221067765169,0.0112194065737555,0.41657321816945947,0.00015111139294254894,11.330086783515812,11.334191383173668,0.004104599657855701,3.160086783515812,3.1641913831736677,11.221884105344149,3.051884105344149
2026-09-14,2027-09,jaou7_7400c,call,74.0,7.88,0.4164221067765169,0.0112194065737555,0.41657321816945947,0.00015111139294254894,11.075578920290395,11.079699852570245,0.004120932279850109,3.1955789202903953,3.1996998525702454,10.968896963756226,3.088896963756226
2026-09-14,2027-09,jaou7_7400p,put,74.0,8.79,0.4164221067765169,0.0112194065737555,0.41657321816945947,0.00015111139294254894,11.987908221323602,11.992029153603452,0.004120932279850109,3.197908221323603,3.202029153603453,11.950342072918328,3.160342072918329
2026-09-14,2027-09,jaou7_7450c,call,74.5,7.65,0.4164221067765169,0.0112194065737555,0.41657321816945947,0.00015111139294254894,10.8832811395562,10.88741332099898,0.004132181442781047,3.2332811395561993,3.2374133209989804,10.777742833087888,3.127742833087888
2026-09-14,2027-09,jaou7_7450p,put,74.5,9.05,0.4164221067765169,0.0112194065737555,0.41657321816945947,0.00015111139294254894,12.273269760502089,12.27740194194487,0.004132181442781047,3.223269760502088,3.227401941944869,12.23684726216267,3.1868472621626687
2026-09-14,2027-09,jaou7_7500c,call,75.0,7.44,0.4164221067765169,0.0112194065737555,0.41657321816945947,0.00015111139294254894,10.693971782490065,10.698114085040451,0.00414230255038639,3.2539717824900647,3.258114085040451,10.58942099683973,3.149420996839729
2026-09-14,2027-09,jaou7_7500p,put,75.0,9.31,0.4164221067765169,0.0112194065737555,0.41657321816945947,0.00015111139294254894,12.561619723348635,12.565762025899021,0.00414230255038639,3.251619723348634,3.2557620258990205,12.526184745827194,3.216184745827194
2026-09-14,2027-09,jaou7_7542c,call,75.42,7.26,0.4164221067765169,0.0112194065737555,0.41657321816945947,0.00015111139294254894,10.537237608628901,10.541387551513806,0.004149942884904334,3.2772376086289015,3.281387551513806,10.433557781879191,3.173557781879192
2026-09-14,2027-09,jaou7_7550c,call,75.5,7.23,0.4164221067765169,0.0112194065737555,0.41657321816945947,0.00015111139294254894,10.507618353246228,10.511769663040056,0.004151309793828162,3.2776183532462273,3.2817696630400555,10.404113691144811,3.174113691144811
2026-09-14,2027-09,jaou7_7600c,call,76.0,7.02,0.4164221067765169,0.0112194065737555,0.41657321816945947,0.00015111139294254894,10.324188167178617,10.328347385106,0.004159217927382386,3.3041881671786175,3.308347385106,10.221646531753676,3.201646531753676
2026-09-14,2027-09,jaou7_7610c,call,76.1,6.98,0.4164221067765169,0.0112194065737555,0.41657321816945947,0.00015111139294254894,10.28785003115812,10.29201070015475,0.004160668996629369,3.30785003115812,3.312010700154749,10.185491237267923,3.205491237267923
2026-09-14,2027-09,jaou7_7705c,call,77.05,6.61,0.4164221067765169,0.0112194065737555,0.41657321816945947,0.00015111139294254894,9.94835364413227,9.95252596009884,0.0041723159665689735,3.33835364413227,3.342525960098839,9.84790619083012,3.2379061908301194
2026-09-14,2027-09,jaou7_7710c,call,77.1,6.59,0.4164221067765169,0.0112194065737555,0.41657321816945947,0.00015111139294254894,9.930769500467271,9.93494232343201,0.004172822964738643,3.340769500467271,3.3449423234320097,9.830421054953408,3.2404210549534085
2026-09-14,2027-09,jaou7_7725c,call,77.25,6.53,0.4164221067765169,0.0112194065737555,0.41657321816945947,0.00015111139294254894,9.878185998131983,9.882360279242013,0.004174281110030265,3.3481859981319824,3.3523602792420126,9.778126132368106,3.248126132368106
2026-09-14,2028-03,jaoh8_5740p,put,57.4,3.78,0.4164221067765169,0.0112194065737555,0.41657321816945947,0.00015111139294254894,6.785170529850294,6.789063740296182,0.0038932104458879735,3.0051705298502944,3.0090637402961824,6.793719733841364,3.013719733841364
2026-09-14,2028-03,jaoh8_5900p,put,59.0,4.22,0.4164221067765169,0.0112194065737555,0.41657321816945947,0.00015111139294254894,7.45741601404311,7.461444754291028,0.0040287402479179946,3.2374160140431103,3.2414447542910283,7.466852328442967,3.246852328442968
2026-09-14,2028-03,jaoh8_6000p,put,60.0,4.51,0.4164221067765169,0.0112194065737555,0.41657321816945947,0.00015111139294254894,7.893665774222164,7.897773756118738,0.004107981896574131,3.3836657742221643,3.3877737561187384,7.90357873070041,3.39357873070041
2026-09-14,2028-03,jaoh8_6151c,call,61.51,13.41,0.4164221067765169,0.0112194065737555,0.41657321816945947,0.00015111139294254894,16.995538307365166,16.99975787655613,0.004219569190965444,3.585538307365166,3.5897578765561313,16.996398019837798,3.586398019837798
2026-09-14,2028-03,jaoh8_6165p,put,61.65,5.02,0.4164221067765169,0.0112194065737555,0.41657321816945947,0.00015111139294254894,8.640011039240209,8.644240460349286,0.004229421109076981,3.620011039240209,3.624240460349286,8.65016294125027,3.630162941250271
2026-09-14,2028-03,jaoh8_6200c,call,62.0,13.11,0.4164221067765169,0.0112194065737555,0.41657321816945947,0.00015111139294254894,16.765681333020694,16.769935016641238,0.004253683620543569,3.655681333020695,3.6599350166412385,16.766532473426096,3.656532473426097
2026-09-14,2028-03,jaoh8_6200p,put,62.0,5.13,0.4164221067765169,0.0112194065737555,0.41657321816945947,0.00015111139294254894,8.802510758003688,8.806764441624232,0.004253683620543569,3.672510758003688,3.6767644416242318,8.812651041598205,3.6826510415982048
2026-09-14,2028-03,jaoh8_6250p,put,62.5,5.29,0.4164221067765169,0.0112194065737555,0.41657321816945947,0.00015111139294254894,9.037160292362245,9.041447726459229,0.004287434096983844,3.7471602923622447,3.7514477264592285,9.047235800039005,3.757235800039005
2026-09-14,2028-03,jaoh8_6420c,call,64.2,11.8,0.4164221067765169,0.0112194065737555,0.41657321816945947,0.00015111139294254894,15.768282547738124,15.772676736071332,0.004394188333208149,3.9682825477381236,3.9726767360713318,15.768505415433353,3.968505415433352
2026-09-14,2028-03,jaoh8_6500c,call,65.0,11.34,0.4164221067765169,0.0112194065737555,0.41657321816945947,0.00015111139294254894,15.419354364243016,15.423794532042146,0.004440167799129924,4.079354364243017,4.0837945320421465,15.419039624872196,4.0790396248721965
2026-09-14,2028-03,jaoh8_6500p,put,65.0,6.17,0.4164221067765169,0.0112194065737555,0.41657321816945947,0.00015111139294254894,10.253835365988614,10.258275533787746,0.0044401677991317,4.083835365988614,4.088275533787746,10.262809769806903,4.092809769806904
2026-09-14,2028-03,jaoh8_6600c,call,66.0,10.78,0.4164221067765169,0.0112194065737555,0.41657321816945947,0.00015111139294254894,14.993274114191648,14.99776795658914,0.004493842397492287,4.213274114191648,4.217767956589141,14.992385210540254,4.212385210540255
2026-09-14,2028-03,jaoh8_6600p,put,66.0,6.54,0.4164221067765169,0.0112194065737555,0.41657321816945947,0.00015111139294254894,10.76030564152478,10.764799483922273,0.004493842397492287,4.220305641524781,4.224799483922273,10.768705881062498,4.228705881062498
2026-09-14,2028-03,jaoh8_6750p,put,67.5,7.13,0.4164221067765169,0.0112194065737555,0.41657321816945947,0.00015111139294254894,11.540585678856289,11.545152208236884,0.004566529380594986,4.410585678856289,4.415152208236884,11.547674248335882,4.417674248335882
2026-09-14,2028-03,jaoh8_6775c,call,67.75,9.83,0.4164221067765169,0.0112194065737555,0.41657321816945947,0.00015111139294254894,14.27399594654766,14.278573688111456,0.0045777415637964225,4.443995946547659,4.4485736881114555,14.271560749697745,4.441560749697745
2026-09-14,2028-03,jaoh8_6875c,call,68.75,9.31,0.4164221067765169,0.0112194065737555,0.41657321816945947,0.00015111139294254894,13.877684314966595,13.882304362226579,0.004620047259983551,4.567684314966595,4.572304362226578,13.874247494640178,4.564247494640178
2026-09-14,2028-03,jaoh8_6890c,call,68.9,9.24,0.4164221067765169,0.0112194065737555,0.41657321816945947,0.00015111139294254894,13.819142333908365,13.823768378779134,0.004626044870768453,4.579142333908365,4.5837683787791335,13.815544240799635,4.575544240799635
2026-09-14,2028-03,jaoh8_7000c,call,70.0,8.69,0.4164221067765169,0.0112194065737555,0.41657321816945947,0.00015111139294254894,13.396936753239222,13.401604041643546,0.004667288404323955,4.706936753239223,4.711604041643547,13.39232626958168,4.702326269581681
2026-09-14,2028-03,jaoh8_7000p,put,70.0,8.18,0.4164221067765169,0.0112194065737555,0.41657321816945947,0.00015111139294254894,12.894170382922493,12.898837671326817,0.004667288404323955,4.714170382922493,4.718837671326817,12.898849042454064,4.718849042454064
2026-09-14,2028-03,jaoh8_7110c,call,71.1,8.16,0.4164221067765169,0.0112194065737555,0.41657321816945947,0.00015111139294254894,12.987029039068036,12.991732823684133,0.0047037846160975505,4.8270290390680355,4.831732823684133,12.981875348783197,4.8218753487831965
2026-09-14,2028-03,jaoh8_7275c,call,72.75,7.41,0.4164221067765169,0.0112194065737555,0.41657321816945947,0.00015111139294254894,12.394603954711991,12.399353824697876,0.004749869985884558,4.984603954711991,4.989353824697876,12.388474333314305,4.978474333314304
2026-09-14,2028-03,jaoh8_7340c,call,73.4,7.12,0.4164221067765169,0.0112194065737555,0.41657321816945947,0.00015111139294254894,12.168435737510466,12.173200984916027,0.004765247405561723,5.048435737510466,5.053200984916027,12.162020109608054,5.042020109608054
2026-09-14,2028-03,jaoh8_7450c,call,74.5,6.67,0.4164221067765169,0.0112194065737555,0.41657321816945947,0.00015111139294254894,11.794742705533674,11.799530502646828,0.004787797113154468,5.124742705533674,5.129530502646828,11.78788892076694,5.117888920766941
2026-09-14,2028-03,jaoh8_7450p,put,74.5,10.37,0.4164221067765169,0.0112194065737555,0.41657321816945947,0.00015111139294254894,15.48845370036085,15.493241497474004,0.004787797113154468,5.118453700360851,5.123241497474005,15.490889058783226,5.120889058783227
2026-09-14,2028-03,jaoh8_7475c,call,74.75,6.57,0.4164221067765169,0.0112194065737555,0.41657321816945947,0.00015111139294254894,11.711375843344106,11.716168167357637,0.004792324013530802,5.141375843344106,5.1461681673576365,11.704429779305777,5.134429779305776
2026-09-14,2028-03,jaoh8_7500c,call,75.0,6.47,0.4164221067765169,0.0112194065737555,0.41657321816945947,0.00015111139294254894,11.628580955569001,11.63337758830368,0.004796632734679562,5.158580955569001,5.163377588303681,11.62150144182774,5.151501441827739
2026-09-14,2028-03,jaoh8_7550c,call,75.5,6.28,0.4164221067765169,0.0112194065737555,0.41657321816945947,0.00015111139294254894,11.464693923223214,11.469498525174737,0.004804601951523324,5.184693923223214,5.189498525174737,11.457237388526792,5.177237388526792
2026-09-14,2028-03,jaoh8_7670c,call,76.7,5.85,0.4164221067765169,0.0112194065737555,0.41657321816945947,0.00015111139294254894,11.080488707602738,11.085308977231175,0.004820269628437401,5.230488707602738,5.235308977231176,11.071982867250089,5.221982867250089
2026-09-14,2028-03,jaoh8_7700c,call,77.0,5.74,0.4164221067765169,0.0112194065737555,0.41657321816945947,0.00015111139294254894,10.98641860914401,10.991242048357401,0.004823439213391012,5.24641860914401,5.251242048357401,10.977680279178196,5.237680279178196
2026-09-14,2028-03,jaoh8_7775c,call,77.75,5.5,0.4164221067765169,0.0112194065737555,0.41657321816945947,0.00015111139294254894,10.754649088325891,10.759479174700704,0.004830086374813192,5.254649088325891,5.259479174700704,10.745306916011476,5.245306916011476
2026-09-14,2028-09,jaou8_5000p,put,50.0,2.81,0.4164221067765169,0.0112194065737555,0.41657321816945947,0.00015111139294254894,5.657857002738698,5.6616071691367615,0.0037501663980634703,2.847857002738698,2.8516071691367615,5.677263754469394,2.867263754469393
2026-09-14,2028-09,jaou8_5500p,put,55.0,3.92,0.4164221067765169,0.0112194065737555,0.41657321816945947,0.00015111139294254894,7.628397371209662,7.632637178370686,0.004239807161024345,3.708397371209662,3.712637178370686,7.6507425807325875,3.730742580732588
2026-09-14,2028-09,jaou8_5700p,put,57.0,4.43,0.4164221067765169,0.0112194065737555,0.41657321816945947,0.00015111139294254894,8.495997777845357,8.500407174447101,0.00440939660174422,4.065997777845357,4.0704071744471015,8.518967063521647,4.088967063521647
2026-09-14,2028-09,jaou8_5740p,put,57.4,4.54,0.4164221067765169,0.0112194065737555,0.41657321816945947,0.00015111139294254894,8.67475850650005,8.679199972601188,0.004441466101138047,4.13475850650005,4.139199972601188,8.697773002893785,4.1577730028937845
2026-09-14,2028-09,jaou8_6151c,call,61.51,12.44,0.4164221067765169,0.0112194065737555,0.41657321816945947,0.00015111139294254894,17.283545706042332,17.288280942229406,0.00473523618707361,4.843545706042333,4.848280942229406,17.418775331137386,4.978775331137387
2026-09-14,2028-09,jaou8_6165p,put,61.65,5.77,0.4164221067765169,0.0112194065737555,0.41657321816945947,0.00015111139294254894,10.677964352847145,10.682708455320036,0.004744102472891143,4.907964352847145,4.912708455320036,10.699306985073912,4.929306985073913
2026-09-14,2028-09,jaou8_6200p,put,62.0,5.88,0.4164221067765169,0.0112194065737555,0.41657321816945947,0.00015111139294254894,10.851145103582176,10.855911046539827,0.0047659429576505374,4.9711451035821765,4.975911046539827,10.872165543415154,4.992165543415154
2026-09-14,2028-09,jaou8_6250p,put,62.5,6.04,0.4164221067765169,0.0112194065737555,0.41657321816945947,0.00015111139294254894,11.100645143194267,11.105441483496474,0.004796340302206659,5.060645143194267,5.065441483496474,11.121174354164449,5.081174354164449
2026-09-14,2028-09,jaou8_6500c,call,65.0,10.39,0.4164221067765169,0.0112194065737555,0.41657321816945947,0.00015111139294254894,15.88532184794184,15.890256180594378,0.004934332652537066,5.49532184794184,5.500256180594377,16.017061486600355,5.627061486600354
2026-09-14,2028-09,jaou8_6500p,put,65.0,6.88,0.4164221067765169,0.0112194065737555,0.41657321816945947,0.00015111139294254894,12.384385352092806,12.389319684745344,0.004934332652537066,5.5043853520928065,5.509319684745344,12.402358668358875,5.522358668358876
2026-09-14,2028-09,jaou8_6570c,call,65.7,10.0,0.4164221067765169,0.0112194065737555,0.41657321816945947,0.00015111139294254894,15.61879462616814,15.623763486340842,0.0049688601727009285,5.618794626168141,5.623763486340842,15.750158195565923,5.750158195565923
2026-09-14,2028-09,jaou8_6600c,call,66.0,9.84,0.4164221067765169,0.0112194065737555,0.41657321816945947,0.00015111139294254894,15.505949441350323,15.510932558359894,0.004983117009571103,5.665949441350323,5.670932558359894,15.637227952371028,5.797227952371028
2026-09-14,2028-09,jaou8_6650c,call,66.5,9.57,0.4164221067765169,0.0112194065737555,0.41657321816945947,0.00015111139294254894,15.319696099129397,15.324702262782305,0.005006163652907958,5.749696099129396,5.754702262782304,15.450888669385089,5.880888669385088
2026-09-14,2028-09,jaou8_6750p,put,67.5,7.8,0.4164221067765169,0.0112194065737555,0.41657321816945947,0.00015111139294254894,13.726335155917434,13.731384761508547,0.005049605591112893,5.926335155917434,5.931384761508547,13.743766117637724,5.9437661176377246
2026-09-14,2028-09,jaou8_6775c,call,67.75,8.91,0.4164221067765169,0.0112194065737555,0.41657321816945947,0.00015111139294254894,14.863884624750819,14.86894454453381,0.005059919782992139,5.953884624750819,5.958944544533811,14.995104540763371,6.085104540763371
2026-09-14,2028-09,jaou8_7000c,call,70.0,7.81,0.4164221067765169,0.0112194065737555,0.41657321816945947,0.00015111139294254894,14.0777917269826,14.082934872533041,0.005143145550441375,6.2677917269826,6.272934872533042,14.2092093952336,6.3992093952336
2026-09-14,2028-09,jaou8_7000p,put,70.0,8.86,0.4164221067765169,0.0112194065737555,0.41657321816945947,0.00015111139294254894,15.123526004963454,15.128669150513895,0.005143145550441375,6.263526004963454,6.268669150513896,15.141177350822009,6.281177350822009
2026-09-14,2028-09,jaou8_7110c,call,71.1,7.31,0.4164221067765169,0.0112194065737555,0.41657321816945947,0.00015111139294254894,13.70903334913578,13.71421105684259,0.005177707706810253,6.39903334913578,6.40421105684259,13.84055079884958,6.530550798849581
2026-09-14,2028-09,jaou8_7275c,call,72.75,6.63,0.4164221067765169,0.0112194065737555,0.41657321816945947,0.00015111139294254894,13.174350840841862,13.179573143202532,0.005222302360669673,6.5443508408418625,6.549573143202532,13.305640157110872,6.675640157110872
2026-09-14,2028-09,jaou8_7340c,call,73.4,6.38,0.4164221067765169,0.0112194065737555,0.41657321816945947,0.00015111139294254894,12.969645075358017,12.974882625715614,0.005237550357596987,6.589645075358017,6.594882625715614,13.10064186680574,6.72064186680574
2026-09-14,2028-09,jaou8_7450c,call,74.5,5.98,0.4164221067765169,0.0112194065737555,0.41657321816945947,0.00015111139294254894,12.630656047694155,12.635916505999656,0.005260458305501814,6.650656047694154,6.655916505999656,12.761056539258348,6.781056539258348
2026-09-14,2028-09,jaou8_7450p,put,74.5,11.14,0.4164221067765169,0.0112194065737555,0.41657321816945947,0.00015111139294254894,17.768394022121907,17.77365448042741,0.00526045830550359,6.628394022121906,6.63365448042741,17.785028191293655,6.645028191293655
2026-09-14,2028-09,jaou8_7500c,call,75.0,5.8,0.4164221067765169,0.0112194065737555,0.41657321816945947,0.00015111139294254894,12.47960743066025,12.484877123229952,0.005269692569701334,6.67960743066025,6.684877123229952,12.60979285103421,6.809792851034211
2026-09-14,2028-09,jaou8_7560c,call,75.6,5.6,0.4164221067765169,0.0112194065737555,0.41657321816945947,0.00015111139294254894,12.300812512818592,12.30609233482149,0.005279822002897561,6.700812512818592,6.70609233482149,12.430781029298895,6.830781029298896
2026-09-14,2028-09,jaou8_7670c,call,76.7,5.26,0.4164221067765169,0.0112194065737555,0.41657321816945947,0.00015111139294254894,11.97988296030755,11.985178715075925,0.0052957547683742945,6.719882960307551,6.725178715075925,12.109490980167983,6.849490980167984
2026-09-14,2028-09,jaou8_7925c,call,79.25,4.55,0.4164221067765169,0.0112194065737555,0.41657321816945947,0.00015111139294254894,11.26894028979334,11.274260416530051,0.005320126736711117,6.71894028979334,6.7242604165300515,11.397573870276505,6.847573870276505
2026-09-14,2028-09,jaou8_8000c,call,80.0,4.36,0.4164221067765169,0.0112194065737555,0.41657321816945947,0.00015111139294254894,11.068320808810165,11.073644919208094,0.005324110397928905,6.708320808810165,6.713644919208094,11.196460210872075,6.836460210872075
