contract_id,sigma,model_price,pricing_se,n_paths
jaou7_6820c,0.34376693338424114,10.602021729886578,0.056462742199661034,100000
jaou7_6825c,0.34376693338424114,10.579239560080236,0.056415833410396105,100000
jaou7_6860c,0.34376693338424114,10.420876772833122,0.056087125905634624,100000
jaou7_6900c,0.34376693338424114,10.242226642718215,0.05571084421620633,100000
jaou7_6905c,0.34376693338424114,10.22006722467814,0.05566377157494054,100000
jaou7_6930c,0.34376693338424114,10.109852731706106,0.055428273365268246,100000
jaou7_7000c,0.34376693338424114,9.806754256904437,0.05476715538928666,100000
jaou7_7110c,0.34376693338424114,9.346668388488949,0.05372393672924351,100000
jaou7_7200c,0.34376693338424114,8.984405487918975,0.0528680342027796,100000
jaou7_7335c,0.34376693338424114,8.46371417052531,0.05158334335915073,100000
jaou7_7400c,0.34376693338424114,8.222284382594442,0.05096555367344106,100000
jaou7_7450c,0.34376693338424114,8.040504426032513,0.050491069382367006,100000
jaou7_7500c,0.34376693338424114,7.8622728540790865,0.050017098387079864,100000
jaou7_7542c,0.34376693338424114,7.715219736217382,0.04961952518214296,100000
jaou7_7550c,0.34376693338424114,7.68747722466134,0.04954387095048711,100000
jaou7_7600c,0.34376693338424114,7.51604870744922,0.04907155463050779,100000
jaou7_7610c,0.34376693338424114,7.48215221763388,0.04897722788697685,100000
jaou7_7705c,0.34376693338424114,7.166690756254608,0.04808337512038404,100000
jaou7_7710c,0.34376693338424114,7.150411191926387,0.048036453957183096,100000
jaou7_7725c,0.34376693338424114,7.101778146422713,0.047895749708546036,100000
jaou7_5800p,0.34376693338424114,3.6745672066769726,0.021305869155335888,100000
jaou7_5900p,0.34376693338424114,4.008522270046899,0.022398117312519308,100000
jaou7_6000p,0.34376693338424114,4.359649626390091,0.0234996335812409,100000
jaou7_6200p,0.34376693338424114,5.113378856795701,0.025722907399195357,100000
jaou7_6420p,0.34376693338424114,6.022897980843574,0.028181616875954878,100000
jaou7_6500p,0.34376693338424114,6.375031823563513,0.029074271112551623,100000
jaou7_6750p,0.34376693338424114,7.543720570400136,0.03185520282388489,100000
jaou7_6800p,0.34376693338424114,7.790018610680102,0.032407556625236325,100000
jaou7_6900p,0.34376693338424114,8.294320732144572,0.03350843558105379,100000
jaou7_7000p,0.34376693338424114,8.814457084188632,0.03460193312838894,100000
jaou7_7400p,0.34376693338424114,11.05242216130999,0.038865764697681576,100000
jaou7_7450p,0.34376693338424114,11.348446573676979,0.039386109602696076,100000
jaou7_7500p,0.34376693338424114,11.64801937065247,0.039903008501418466,100000
jaou7_6820c,0.3476834454677751,10.704180846431585,0.05720530311925472,100000
jaou7_6825c,0.3476834454677751,10.681461031685341,0.057158440146843126,100000
jaou7_6860c,0.3476834454677751,10.523519124265476,0.056830068197704336,100000
jaou7_6900c,0.3476834454677751,10.345326676722937,0.05645418211053697,100000
jaou7_6905c,0.3476834454677751,10.32322482726953,0.05640715589028493,100000
jaou7_6930c,0.3476834454677751,10.213292528050042,0.05617189214703654,100000
jaou7_7000c,0.3476834454677751,9.910944381294167,0.05551142840173761,100000
jaou7_7110c,0.3476834454677751,9.451838942356844,0.05446935902585776,100000
jaou7_7200c,0.3476834454677751,9.090184231711488,0.053614509993514435,100000
jaou7_7335c,0.3476834454677751,8.570132641635848,0.05233145784013182,100000
jaou7_7400c,0.3476834454677751,8.328907329868558,0.05171444872138651,100000
jaou7_7450c,0.3476834454677751,8.147232385724969,0.05124056727671448,100000
jaou7_7500c,0.3476834454677751,7.969071928566634,0.050767180425629936,100000
jaou7_7542c,0.3476834454677751,7.822045059821487,0.050370093653009936,100000
jaou7_7550c,0.3476834454677751,7.794304717635461,0.0502945305359082,100000
jaou7_7600c,0.3476834454677751,7.622867250775668,0.04982277501418533,100000
jaou7_7610c,0.3476834454677751,7.588965336529322,0.04972855695082408,100000
jaou7_7705c,0.3476834454677751,7.273370727609671,0.04883570829066239,100000
jaou7_7710c,0.3476834454677751,7.257080347606556,0.04878883799904395,100000
jaou7_7725c,0.3476834454677751,7.20841258739789,0.048648285144593566,100000
jaou7_5800p,0.3476834454677751,3.7554452143228163,0.02162095039057686,100000
jaou7_5900p,0.3476834454677751,4.092317588669342,0.022715545324556042,100000
jaou7_6000p,0.3476834454677751,4.446237840225897,0.023818993175124172,100000
jaou7_6200p,0.3476834454677751,5.204992879465813,0.026045319740921002,100000
jaou7_6420p,0.3476834454677751,6.119559966106386,0.028505627393109176,100000
jaou7_6500p,0.3476834454677751,6.473267394587984,0.029398750024610284,100000
jaou7_6750p,0.3476834454677751,7.646071825832134,0.03218069211937088,100000
jaou7_6800p,0.3476834454677751,7.893030689341883,0.03273324872999863,100000
jaou7_6900p,0.3476834454677751,8.398525293365102,0.033834484709659884,100000
jaou7_7000p,0.3476834454677751,8.91975173579417,0.03492813385913957,100000
jaou7_7400p,0.3476834454677751,11.160149635799916,0.03919354955431741,100000
jaou7_7450p,0.3476834454677751,11.456279060585242,0.03971423432215533,100000
jaou7_7500p,0.3476834454677751,11.75592297235583,0.04023149146474714,100000
jaou7_6820c,0.3515999575513091,10.806312404302364,0.05795130144677858,100000
jaou7_6825c,0.3515999575513091,10.783660988527611,0.05790447253240341,100000
jaou7_6860c,0.3515999575513091,10.626131680438204,0.05757644873833923,100000
jaou7_6900c,0.3515999575513091,10.448389830266018,0.057200968560034,100000
jaou7_6905c,0.3515999575513091,10.42633665449067,0.057154004740653436,100000
jaou7_6930c,0.3515999575513091,10.316691881799006,0.056918964367298736,100000
jaou7_7000c,0.3515999575513091,10.01509525606998,0.0562591504813502,100000
jaou7_7110c,0.3515999575513091,9.556963174257422,0.05521824421729403,100000
jaou7_7200c,0.3515999575513091,9.195927769913231,0.05436443560696494,100000
jaou7_7335c,0.3515999575513091,8.676516163888142,0.05308303956924275,100000
jaou7_7400c,0.3515999575513091,8.435501059088727,0.052466814207162336,100000
jaou7_7450c,0.3515999575513091,8.253936586234358,0.05199353833632833,100000
jaou7_7500c,0.3515999575513091,8.075853308266387,0.051520739158460026,100000
jaou7_7542c,0.3515999575513091,7.928858892570201,0.05112414142777825,100000
jaou7_7550c,0.3515999575513091,7.901121878137628,0.05104867010713789,100000
jaou7_7600c,0.3515999575513091,7.729683638435594,0.050577479278428754,100000
jaou7_7610c,0.3515999575513091,7.695777779681727,0.05048337114256021,100000
jaou7_7705c,0.3515999575513091,7.38006707589968,0.04959153766250051,100000
jaou7_7710c,0.3515999575513091,7.36376906572229,0.0495447156194987,100000
jaou7_7725c,0.3515999575513091,7.3150687136555135,0.04940431744962849,100000
jaou7_5800p,0.3515999575513091,3.836601672103929,0.02193474908586614,100000
jaou7_5900p,0.3515999575513091,4.176337798405087,0.023031639862424586,100000
jaou7_6000p,0.3515999575513091,4.533038420321441,0.02413690954282574,100000
jaou7_6200p,0.3515999575513091,5.296728423392705,0.026366228997845877,100000
jaou7_6420p,0.3515999575513091,6.216306896068281,0.028828014282252883,100000
jaou7_6500p,0.3515999575513091,6.571537713590446,0.02972165498936173,100000
jaou7_6750p,0.3515999575513091,7.748419028309834,0.03250455976049056,100000
jaou7_6800p,0.3515999575513091,7.996035321839955,0.033057307983793326,100000
jaou7_6900p,0.3515999575513091,8.502706148825418,0.03415891007334634,100000
jaou7_7000p,0.3515999575513091,9.02502031248722,0.03525269672097109,100000
jaou7_7400p,0.3515999575513091,11.267861066937318,0.03951967606492764,100000
jaou7_7450p,0.3515999575513091,11.56410096301187,0.04004069479291421,100000
jaou7_7500p,0.3515999575513091,11.863822053972818,0.0405583039760623,100000
jaou7_6820c,0.35551646963484307,10.908417560346923,0.058700751550480976,100000
jaou7_6825c,0.35551646963484307,10.885824587026825,0.05865397483304503,100000
jaou7_6860c,0.35551646963484307,10.728707377918637,0.058326297259296625,100000
jaou7_6900c,0.35551646963484307,10.551404554850482,0.05795124152419207,100000
jaou7_6905c,0.35551646963484307,10.52940776100569,0.05790432575924555,100000
jaou7_6930c,0.35551646963484307,10.420055813499967,0.05766949784863449,100000
jaou7_7000c,0.35551646963484307,10.11920811405218,0.05701033659153911,100000
jaou7_7110c,0.35551646963484307,9.662034826593013,0.05597062035916749,100000
jaou7_7200c,0.35551646963484307,9.301630695449777,0.05511783737892152,100000
jaou7_7335c,0.35551646963484307,8.782864629508797,0.05383810548864741,100000
jaou7_7400c,0.35551646963484307,8.542064508410427,0.05322266827501516,100000
jaou7_7450c,0.35551646963484307,8.360615382079017,0.05275000129336996,100000
jaou7_7500c,0.35551646963484307,8.18261597408368,0.0522777919268948,100000
jaou7_7542c,0.35551646963484307,8.03565964049926,0.051881686363373564,100000
jaou7_7550c,0.35551646963484307,8.007927022311401,0.051806307581661055,100000
jaou7_7600c,0.35551646963484307,7.836495956725124,0.05133568516800004,100000
jaou7_7610c,0.35551646963484307,7.802587456262235,0.051241688362204385,100000
jaou7_7705c,0.35551646963484307,7.486777720701231,0.050350879917086394,100000
jaou7_7710c,0.35551646963484307,7.470472937140387,0.0503041068996271,100000
jaou7_7725c,0.35551646963484307,7.4217431498678526,0.050163864946321295,100000
jaou7_5800p,0.35551646963484307,3.918029532650894,0.02224725385933636,100000
jaou7_5900p,0.35551646963484307,4.260576224245783,0.023346393008446886,100000
jaou7_6000p,0.35551646963484307,4.6199855637493465,0.024453489228742874,100000
jaou7_6200p,0.35551646963484307,5.388598715356101,0.026685599753578926,100000
jaou7_6420p,0.35551646963484307,6.313130181855376,0.02914879298253272,100000
jaou7_6500p,0.35551646963484307,6.669832637087088,0.030043006982021322,100000
jaou7_6750p,0.35551646963484307,7.850763372069251,0.032826805644454386,100000
jaou7_6800p,0.35551646963484307,8.0990132949941,0.033379783944737895,100000
jaou7_6900p,0.35551646963484307,8.60685177332842,0.034481744303233135,100000
jaou7_7000p,0.35551646963484307,9.13026407038796,0.035575622911789416,100000
jaou7_7400p,0.35551646963484307,11.375555416177558,0.03984415052669365,100000
jaou7_7450p,0.35551646963484307,11.671910658775067,0.040365498611671276,100000
jaou7_7500p,0.35551646963484307,11.971715619708649,0.040883451386197936,100000
jaou7_6820c,0.359432981718377,11.010484828333025,0.05945369154604456,100000
jaou7_6825c,0.359432981718377,10.987946282692025,0.05940697405034498,100000
jaou7_6860c,0.359432981718377,10.831249690298224,0.05907962425753435,100000
jaou7_6900c,0.359432981718377,10.654385376601098,0.058704991525257225,100000
jaou7_6905c,0.359432981718377,10.632456780741581,0.05865810206416958,100000
jaou7_6930c,0.359432981718377,10.523389539779306,0.05842350030615487,100000
jaou7_7000c,0.359432981718377,10.223284017325339,0.057765002122166134,100000
jaou7_7110c,0.359432981718377,9.767061992428792,0.05672649082794694,100000
jaou7_7200c,0.359432981718377,9.407287313322435,0.05587474224387077,100000
jaou7_7335c,0.359432981718377,8.889177205869588,0.05459667389386795,100000
jaou7_7400c,0.359432981718377,8.648595737202394,0.05398203065638633,100000
jaou7_7450c,0.359432981718377,8.467267820958844,0.053509973969008896,100000
jaou7_7500c,0.359432981718377,8.289358822298958,0.05303835641541557,100000
jaou7_7542c,0.359432981718377,8.142445668292364,0.0526427466059434,100000
jaou7_7550c,0.359432981718377,8.114718502322182,0.0525674610496629,100000
jaou7_7600c,0.359432981718377,7.943302382814276,0.052097410540893015,100000
jaou7_7610c,0.359432981718377,7.909392582525916,0.05200352629879681,100000
jaou7_7705c,0.359432981718377,7.593500722763291,0.051113751841193884,100000
jaou7_7710c,0.359432981718377,7.5771891433949765,0.051067029861722284,100000
jaou7_7725c,0.359432981718377,7.528434359896542,0.05092694355983707,100000
jaou7_5800p,0.359432981718377,3.9997013172268776,0.022558490294927232,100000
jaou7_5900p,0.359432981718377,4.345008883242623,0.02365982907887166,100000
jaou7_6000p,0.359432981718377,4.707093934300053,0.024768688939639336,100000
jaou7_6200p,0.359432981718377,5.48061652821918,0.02700339834747821,100000
jaou7_6420p,0.359432981718377,6.410012048864255,0.029467999489614535,100000
jaou7_6500p,0.359432981718377,6.768166254568284,0.03036277355649104,100000
jaou7_6750p,0.359432981718377,7.953093310832848,0.03314746001764815,100000
jaou7_6800p,0.359432981718377,8.201974054602026,0.03370065697855441,100000
jaou7_6900p,0.359432981718377,8.710976716609313,0.03480295508753357,100000
jaou7_7000p,0.359432981718377,9.235484095191392,0.03589691409171516,100000
jaou7_7400p,0.359432981718377,11.483230766499798,0.04016698176412668,100000
jaou7_7450p,0.359432981718377,11.779707219185168,0.04068865141070143,100000
jaou7_7500p,0.359432981718377,12.079602589454199,0.04120693934451552,100000
jaou7_6820c,0.36334949380191095,11.112513690892458,0.06021013927792268,100000
jaou7_6825c,0.36334949380191095,11.090037357712285,0.06016346617122038,100000
jaou7_6860c,0.36334949380191095,10.933751838246495,0.05983645921298684,100000
jaou7_6900c,0.36334949380191095,10.757342491976791,0.059462217217687,100000
jaou7_6905c,0.36334949380191095,10.735465893804962,0.05941538320631099,100000
jaou7_6930c,0.36334949380191095,10.626681812904552,0.05918100927930152,100000
jaou7_7000c,0.36334949380191095,10.327313595887045,0.05852318108807845,100000
jaou7_7110c,0.36334949380191095,9.872046536428709,0.05748586991513286,100000
jaou7_7200c,0.36334949380191095,9.512897877380077,0.05663516722469698,100000
jaou7_7335c,0.36334949380191095,8.995451335153394,0.05535876604257155,100000
jaou7_7400c,0.36334949380191095,8.75509296940056,0.054744920984084074,100000
jaou7_7450c,0.36334949380191095,8.57389155767369,0.054273476577122136,100000
jaou7_7500c,0.36334949380191095,8.396080164232167,0.05380245142918955,100000
jaou7_7542c,0.36334949380191095,8.249215344565815,0.05340734051629,100000
jaou7_7550c,0.36334949380191095,8.221494872189702,0.05333214851426453,100000
jaou7_7600c,0.36334949380191095,8.050101114648742,0.05286267347017228,100000
jaou7_7610c,0.36334949380191095,8.016191329150484,0.052768902962838635,100000
jaou7_7705c,0.36334949380191095,7.700233330249872,0.05188017173155781,100000
jaou7_7710c,0.36334949380191095,7.6839158187557715,0.05183350141918323,100000
jaou7_7725c,0.36334949380191095,7.635139282370183,0.05169357178755244,100000
jaou7_5800p,0.36334949380191095,4.081609785291576,0.02286844893354798,100000
jaou7_5900p,0.36334949380191095,4.429668326364737,0.023971870094609632,100000
jaou7_6000p,0.36334949380191095,4.794382977471761,0.0250824573658986,100000
jaou7_6200p,0.36334949380191095,5.572758496568207,0.027319664987047732,100000
jaou7_6420p,0.36334949380191095,6.506942366808109,0.029785653186105834,100000
jaou7_6500p,0.36334949380191095,6.86654309275446,0.03068094414004833,100000
jaou7_6750p,0.36334949380191095,8.055407470680858,0.033466529051091876,100000
jaou7_6800p,0.36334949380191095,8.30492615422815,0.034019909543472254,100000
jaou7_6900p,0.36334949380191095,8.815091199049483,0.035122520915275283,100000
jaou7_7000p,0.36334949380191095,9.340671040817579,0.03621659870324795,100000
jaou7_7400p,0.36334949380191095,11.590885365762444,0.040488178162039846,100000
jaou7_7450p,0.36334949380191095,11.887488322964497,0.041010162888351374,100000
jaou7_7500p,0.36334949380191095,12.18748129845189,0.04152877526420849,100000
jaou7_6820c,0.36726600588544495,11.214506419758353,0.06097010753127256,100000
jaou7_6825c,0.36726600588544495,11.19208908868249,0.06092348438850139,100000
jaou7_6860c,0.36726600588544495,11.036209203225697,0.06059682774755226,100000
jaou7_6900c,0.36726600588544495,10.860256949396446,0.06022297032069647,100000
jaou7_6905c,0.36726600588544495,10.838438488320694,0.06017618042913298,100000
jaou7_6930c,0.36726600588544495,10.729927633439429,0.05994205118193688,100000
jaou7_7000c,0.36726600588544495,10.431293296298545,0.059284897340095837,100000
jaou7_7110c,0.36726600588544495,9.97698271480939,0.05824878516800714,100000
jaou7_7200c,0.36726600588544495,9.618463547995407,0.057399127961874144,100000
jaou7_7335c,0.36726600588544495,9.10168525367031,0.05612440205373134,100000
jaou7_7400c,0.36726600588544495,8.861555110136504,0.055511357972509404,100000
jaou7_7450c,0.36726600588544495,8.680486001136618,0.05504052674136943,100000
jaou7_7500c,0.36726600588544495,8.50277937859795,0.05457009430923252,100000
jaou7_7542c,0.36726600588544495,8.355967452724427,0.05417548603238543,100000
jaou7_7550c,0.36726600588544495,8.328254374909237,0.05410038867942293,100000
jaou7_7600c,0.36726600588544495,8.156890372637548,0.053631492236334316,100000
jaou7_7610c,0.36726600588544495,8.122981914417299,0.05353783653891914,100000
jaou7_7705c,0.36726600588544495,7.806973207354745,0.05265015755918717,100000
jaou7_7710c,0.36726600588544495,7.790650301886377,0.052603539963785535,100000
jaou7_7725c,0.36726600588544495,7.741854358800968,0.05246376915902719,100000
jaou7_5800p,0.36726600588544495,4.163735163773312,0.02317714335794705,100000
jaou7_5900p,0.36726600588544495,4.5145577893489985,0.024282494805498357,100000
jaou7_6000p,0.36726600588544495,4.881840688481799,0.02539480408167281,100000
jaou7_6200p,0.36726600588544495,5.664996022083752,0.027634450370156632,100000
jaou7_6420p,0.36726600588544495,6.603917863641873,0.03010175896445623,100000
jaou7_6500p,0.36726600588544495,6.964931656762401,0.03099758820680497,100000
jaou7_6750p,0.36726600588544495,8.15769941154764,0.03378403093719278,100000
jaou7_6800p,0.36726600588544495,8.407855561266038,0.034337579166519756,100000
jaou7_6900p,0.36726600588544495,8.919176293303856,0.03544049317271384,100000
jaou7_7000p,0.36726600588544495,9.445821378063792,0.036534690179205645,100000
jaou7_7400p,0.36726600588544495,11.698518143333105,0.040807746174800395,100000
jaou7_7450p,0.36726600588544495,11.995253403262138,0.04133003769750269,100000
jaou7_7500p,0.36726600588544495,12.29535114965239,0.04184896347466209,100000
jaou7_6820c,0.37118251796897894,11.316466996930993,0.06173360624567444,100000
jaou7_6825c,0.37118251796897894,11.294112552509736,0.061687025547209416,100000
jaou7_6860c,0.37118251796897894,11.138630872598165,0.061360730626296885,100000
jaou7_6900c,0.37118251796897894,10.963136587007954,0.06098725416532975,100000
jaou7_6905c,0.37118251796897894,10.941376231905462,0.060940508243683904,100000
jaou7_6930c,0.37118251796897894,10.833133137236482,0.06070663258520446,100000
jaou7_7000c,0.37118251796897894,10.535233285015632,0.06005015065567354,100000
jaou7_7110c,0.37118251796897894,10.081877619277877,0.05901524223656305,100000
jaou7_7200c,0.37118251796897894,9.723982997145164,0.058166644425562734,100000
jaou7_7335c,0.37118251796897894,9.207878862887547,0.056893599500312426,100000
jaou7_7400c,0.37118251796897894,8.96798102333882,0.05628136057283758,100000
jaou7_7450c,0.37118251796897894,8.787050340025186,0.055811142621629534,100000
jaou7_7500c,0.37118251796897894,8.609454003190272,0.055341305468223745,100000
jaou7_7542c,0.37118251796897894,8.462700759741644,0.05494720133411676,100000
jaou7_7550c,0.37118251796897894,8.434995853985546,0.05487219954157705,100000
jaou7_7600c,0.37118251796897894,8.263668465210381,0.054403885223141796,100000
jaou7_7610c,0.37118251796897894,8.22976262943561,0.05431034534283685,100000
jaou7_7705c,0.37118251796897894,7.913718449479789,0.053423726942807885,100000
jaou7_7710c,0.37118251796897894,7.8973910774461205,0.05337716247896311,100000
jaou7_7725c,0.37118251796897894,7.848578334667683,0.0532375520987456,100000
jaou7_5800p,0.37118251796897894,4.246122900062986,0.023484473010454754,100000
jaou7_5900p,0.37118251796897894,4.599649269558317,0.024591738969892314,100000
jaou7_6000p,0.37118251796897894,4.969485606944329,0.025705681474050685,100000
jaou7_6200p,0.37118251796897894,5.75734369093973,0.027947717387489496,100000
jaou7_6420p,0.37118251796897894,6.700931230511239,0.030416330820727817,100000
jaou7_6500p,0.37118251796897894,7.063345209832822,0.03131267546510242,100000
jaou7_6750p,0.37118251796897894,8.259975507702292,0.034099953132006686,100000
jaou7_6800p,0.37118251796897894,8.510755633836817,0.03465368538853937,100000
jaou7_6900p,0.37118251796897894,9.023239862071398,0.035756856078201796,100000
jaou7_7000p,0.37118251796897894,9.550945297936916,0.03685116658868255,100000
jaou7_7400p,0.37118251796897894,11.806127987691456,0.04112569239181158,100000
jaou7_7450p,0.37118251796897894,12.10300167330674,0.041648281153867844,100000
jaou7_7500p,0.37118251796897894,12.403209705400746,0.04216751375411368,100000
jaou7_6820c,0.3750990300525129,11.418391876212633,0.06250065928792999,100000
jaou7_6825c,0.3750990300525129,11.396096789989812,0.06245412719625584,100000
jaou7_6860c,0.3750990300525129,11.241005261450189,0.06212820640889134,100000
jaou7_6900c,0.3750990300525129,11.065983024545327,0.06175508352818195,100000
jaou7_6905c,0.3750990300525129,11.044282096363942,0.06170837899002899,100000
jaou7_6930c,0.3750990300525129,10.936308408937553,0.06147475319810108,100000
jaou7_7000c,0.3750990300525129,10.639129273935172,0.06081896644642221,100000
jaou7_7110c,0.3750990300525129,10.186723126353026,0.05978527296280891,100000
jaou7_7200c,0.3750990300525129,9.829455447643898,0.05893773581247257,100000
jaou7_7335c,0.3750990300525129,9.314033205473942,0.05766637427147056,100000
jaou7_7400c,0.3750990300525129,9.07437048378042,0.05705494645881636,100000
jaou7_7450c,0.3750990300525129,8.89358374210494,0.05658534259889825,100000
jaou7_7500c,0.3750990300525129,8.716103722237587,0.056116102172343724,100000
jaou7_7542c,0.3750990300525129,8.569413880728447,0.055722505048573484,100000
jaou7_7550c,0.3750990300525129,8.54171797138876,0.05564759959293757,100000
jaou7_7600c,0.3750990300525129,8.370433737664033,0.05517987099162841,100000
jaou7_7610c,0.3750990300525129,8.336531714239127,0.055086448005153624,100000
jaou7_7705c,0.3750990300525129,8.020466702830005,0.05420089844733349,100000
jaou7_7710c,0.3750990300525129,8.004135729595786,0.05415438756643029,100000
jaou7_7725c,0.3750990300525129,7.955308659560338,0.054014939236442176,100000
jaou7_5800p,0.3750990300525129,4.328723255280351,0.023790509351077103,100000
jaou7_5900p,0.3750990300525129,4.684956676928771,0.024899561939717808,100000
jaou7_6000p,0.3750990300525129,5.0572607458392405,0.026015187154438495,100000
jaou7_6200p,0.3750990300525129,5.8497943727443635,0.02825947466589634,100000
jaou7_6420p,0.3750990300525129,6.797980332209884,0.030729371658494656,100000
jaou7_6500p,0.3750990300525129,7.161758904392454,0.031626261555596724,100000
jaou7_6750p,0.3750990300525129,8.362242269356704,0.03441428289070116,100000
jaou7_6800p,0.3750990300525129,8.61363818441737,0.034968202549330196,100000
jaou7_6900p,0.3750990300525129,9.12728354995379,0.03607160943010516,100000
jaou7_7000p,0.3750990300525129,9.656038537201473,0.03716604329213813,100000
jaou7_7400p,0.3750990300525129,11.913714698478074,0.04144202079819383,100000
jaou7_7450p,0.3750990300525129,12.210732325731517,0.041964898654629885,100000
jaou7_7500p,0.3750990300525129,12.511056674793078,0.04248442961593608,100000
jaou7_6820c,0.3790155421360468,11.520282483002958,0.06327128165960932,100000
jaou7_6825c,0.3790155421360468,11.498044226607462,0.06322480244639858,100000
jaou7_6860c,0.3790155421360468,11.343338215137114,0.06289926220100098,100000
jaou7_6900c,0.3790155421360468,11.168792364145817,0.06252648320643607,100000
jaou7_6905c,0.3790155421360468,11.147139500539605,0.06247984023059005,100000
jaou7_6930c,0.3790155421360468,11.03944899602301,0.06224643887256096,100000
jaou7_7000c,0.3790155421360468,10.742974889073466,0.061591373871952765,100000
jaou7_7110c,0.3790155421360468,10.29152422612492,0.0605588869302031,100000
jaou7_7200c,0.3790155421360468,9.934887388070125,0.05971240934329092,100000
jaou7_7335c,0.3790155421360468,9.420148128669716,0.058442744364375694,100000
jaou7_7400c,0.3790155421360468,9.180720962386857,0.057832137142665316,100000
jaou7_7450c,0.3790155421360468,9.000086233699728,0.057363143889634274,100000
jaou7_7500c,0.3790155421360468,8.82272741230816,0.05689450314477187,100000
jaou7_7542c,0.3790155421360468,8.67610522207014,0.056501416333086224,100000
jaou7_7550c,0.3790155421360468,8.648419102786999,0.05642660797772124,100000
jaou7_7600c,0.3790155421360468,8.477184440479167,0.05595946847601621,100000
jaou7_7610c,0.3790155421360468,8.4432875484901,0.05586616317819933,100000
jaou7_7705c,0.3790155421360468,8.12721609943346,0.05498169019154713,100000
jaou7_7710c,0.3790155421360468,8.110882059783483,0.0549352337805001,100000
jaou7_7725c,0.3790155421360468,8.062042917316374,0.054795949284575596,100000
jaou7_5800p,0.3790155421360468,4.411531720669472,0.024095242432236177,100000
jaou7_5900p,0.3790155421360468,4.77040970381037,0.025206081252269013,100000
jaou7_6000p,0.3790155421360468,5.145146706414109,0.02632334660005456,100000
jaou7_6200p,0.3790155421360468,5.942361477217851,0.028569688550960638,100000
jaou7_6420p,0.3790155421360468,6.895062580489976,0.03104088564003661,100000
jaou7_6500p,0.3790155421360468,7.260177410548711,0.03193833548929207,100000
jaou7_6750p,0.3790155421360468,8.46448269759638,0.0347270642975474,100000
jaou7_6800p,0.3790155421360468,8.716494009102286,0.03528115662397105,100000
jaou7_6900p,0.3790155421360468,9.231303484274054,0.036384767033358176,100000
jaou7_7000p,0.3790155421360468,9.76109474705954,0.037479341093946926,100000
jaou7_7400p,0.3790155421360468,12.021275771804284,0.04175674201023476,100000
jaou7_7450p,0.3790155421360468,12.318445412046076,0.04227989312026403,100000
jaou7_7500p,0.3790155421360468,12.618890959583425,0.04279971698165152,100000
jaou7_6820c,0.3829320542195808,11.622132899730206,0.06404550188181848,100000
jaou7_6825c,0.3829320542195808,11.599947475023333,0.06399908249577844,100000
jaou7_6860c,0.3829320542195808,11.44565001724905,0.06367387925679288,100000
jaou7_6900c,0.3829320542195808,11.271553176890905,0.06330149164642913,100000
jaou7_6905c,0.3829320542195808,11.24995073013459,0.06325490583244844,100000
jaou7_6930c,0.3829320542195808,11.14254358968801,0.06302172777548339,100000
jaou7_7000c,0.3829320542195808,10.846774238160076,0.06236738393509468,100000
jaou7_7110c,0.3829320542195808,10.396277805884505,0.061336107694180575,100000
jaou7_7200c,0.3829320542195808,10.040272313331528,0.0604906940547734,100000
jaou7_7335c,0.3829320542195808,9.526222767711715,0.05922272908550739,100000
jaou7_7400c,0.3829320542195808,9.287032416461471,0.05861295035329528,100000
jaou7_7450c,0.3829320542195808,9.106556229333778,0.058144566428393,100000
jaou7_7500c,0.3829320542195808,8.92932290258328,0.05767652892740132,100000
jaou7_7542c,0.3829320542195808,8.78277280759381,0.05728395513776273,100000
jaou7_7550c,0.3829320542195808,8.755098222973258,0.0572092431308529,100000
jaou7_7600c,0.3829320542195808,8.583918941392179,0.05674269665828408,100000
jaou7_7610c,0.3829320542195808,8.550028474283062,0.056649509800962866,100000
jaou7_7705c,0.3829320542195808,8.23396463590249,0.05576612076328376,100000
jaou7_7710c,0.3829320542195808,8.217628205470866,0.055719719449341926,100000
jaou7_7725c,0.3829320542195808,8.168779101249338,0.055580600628941455,100000
jaou7_5800p,0.3829320542195808,4.49452601562295,0.024398695404570837,100000
jaou7_5900p,0.3829320542195808,4.856014951619903,0.02551126952307751,100000
jaou7_6000p,0.3829320542195808,5.2331679315481665,0.026630100392385767,100000
jaou7_6200p,0.3829320542195808,6.035037406894923,0.028878369559035406,100000
jaou7_6420p,0.3829320542195808,6.992167239001119,0.031350895136971764,100000
jaou7_6500p,0.3829320542195808,7.358625141830986,0.03224884193800371,100000
jaou7_6750p,0.3829320542195808,8.566705032591384,0.03503828031481079,100000
jaou7_6800p,0.3829320542195808,8.819335080700396,0.03559252146296321,100000
jaou7_6900p,0.3829320542195808,9.335288261619082,0.03669636166710846,100000
jaou7_7000p,0.3829320542195808,9.86611806074609,0.037791053490126646,100000
jaou7_7400p,0.3829320542195808,12.128811190478839,0.042069859506624126,100000
jaou7_7450p,0.3829320542195808,12.426139372280065,0.042593272179787735,100000
jaou7_7500p,0.3829320542195808,12.72671041445849,0.04311338489698688,100000
jaou7_6820c,0.3868485663031148,11.72393694425189,0.06482334906941756,100000
jaou7_6825c,0.3868485663031148,11.701811739526912,0.06477697582666354,100000
jaou7_6860c,0.3868485663031148,11.547920885603455,0.06445211124497814,100000
jaou7_6900c,0.3868485663031148,11.374271348675233,0.06408011647164578,100000
jaou7_6905c,0.3868485663031148,11.352731152613755,0.06403356659139291,100000
jaou7_6930c,0.3868485663031148,11.245605235004444,0.06380061502534297,100000
jaou7_7000c,0.3868485663031148,10.950534535854436,0.06314700238158207,100000
jaou7_7110c,0.3868485663031148,10.500985471872879,0.06211695092682019,100000
jaou7_7200c,0.3868485663031148,10.145608530063724,0.06127261111576602,100000
jaou7_7335c,0.3868485663031148,9.632256145350823,0.06000634808856166,100000
jaou7_7400c,0.3868485663031148,9.393305566199091,0.059397402791357495,100000
jaou7_7450c,0.3868485663031148,9.21299261907469,0.05892962958600071,100000
jaou7_7500c,0.3868485663031148,9.035888925704816,0.0584621988520449,100000
jaou7_7542c,0.3868485663031148,8.889415382297164,0.0580701405089711,100000
jaou7_7550c,0.3868485663031148,8.861753463748244,0.05799552498606489,100000
jaou7_7600c,0.3868485663031148,8.690635746039778,0.05752957453469219,100000
jaou7_7610c,0.3868485663031148,8.656753094415077,0.05743650664558852,100000
jaou7_7705c,0.3868485663031148,8.340710281260382,0.05655420905334411,100000
jaou7_7710c,0.3868485663031148,8.324372134148367,0.056507863417073534,100000
jaou7_7725c,0.3868485663031148,8.275515507198328,0.05636891148299819,100000
jaou7_5800p,0.3868485663031148,4.57773030803166,0.02470080706821591,100000
jaou7_5900p,0.3868485663031148,4.941783514510544,0.025815092071387265,100000
jaou7_6000p,0.3868485663031148,5.321321114308169,0.026935445239878286,100000
jaou7_6200p,0.3868485663031148,6.127813028509612,0.029185531702572997,100000
jaou7_6420p,0.3868485663031148,7.089309843002583,0.031659364324130156,100000
jaou7_6500p,0.3868485663031148,7.457116303123338,0.032557748862542646,100000
jaou7_6750p,0.3868485663031148,8.668919060281038,0.03534791007858799,100000
jaou7_6800p,0.3868485663031148,8.922149738841927,0.03590232926679115,100000
jaou7_6900p,0.3868485663031148,9.439243793710105,0.037006382236549104,100000
jaou7_7000p,0.3868485663031148,9.971115718747146,0.0381011658943009,100000
jaou7_7400p,0.3868485663031148,12.236321700523156,0.042381374562633765,100000
jaou7_7450p,0.3868485663031148,12.533813122327672,0.04290504209575031,100000
jaou7_7500p,0.3868485663031148,12.834513797886721,0.04342543978057542,100000
jaou7_6820c,0.39076507838664876,11.825705274109247,0.06560482197566742,100000
jaou7_6825c,0.39076507838664876,11.803633339266488,0.06555850714411524,100000
jaou7_6860c,0.39076507838664876,11.65015482843791,0.06523396919918618,100000
jaou7_6900c,0.39076507838664876,11.476959456111663,0.06486235362770518,100000
jaou7_6905c,0.39076507838664876,11.455481299772341,0.06481583992987067,100000
jaou7_6930c,0.39076507838664876,11.348629033906786,0.06458312766673507,100000
jaou7_7000c,0.39076507838664876,11.054250297830071,0.06393025724091991,100000
jaou7_7110c,0.39076507838664876,10.60564806839189,0.06290143375083179,100000
jaou7_7200c,0.39076507838664876,10.250898454542595,0.06205817501928694,100000
jaou7_7335c,0.39076507838664876,9.738245995453978,0.0607936232529779,100000
jaou7_7400c,0.39076507838664876,9.49954180644716,0.06018551027311817,100000
jaou7_7450c,0.39076507838664876,9.319395542687623,0.05971835095700125,100000
jaou7_7500c,0.39076507838664876,9.142425253804245,0.05925153083629672,100000
jaou7_7542c,0.39076507838664876,8.996032123644905,0.05885999103498239,100000
jaou7_7550c,0.39076507838664876,8.968384030321308,0.05878547204050193,100000
jaou7_7600c,0.39076507838664876,8.797333439941474,0.058320121201582274,100000
jaou7_7610c,0.39076507838664876,8.763460019120034,0.05822717269771273,100000
jaou7_7705c,0.39076507838664876,8.447451179119371,0.05734597395234843,100000
jaou7_7710c,0.39076507838664876,8.431111959240425,0.057299684572175956,100000
jaou7_7725c,0.39076507838664876,8.382250152080317,0.05716090073712377,100000
jaou7_5800p,0.39076507838664876,4.661164390531009,0.025001526947973488,100000
jaou7_5900p,0.39076507838664876,5.027716412900721,0.026117534878672514,100000
jaou7_6000p,0.39076507838664876,5.40961867988315,0.027239346751167407,100000
jaou7_6200p,0.39076507838664876,6.220681730710959,0.02949118404918737,100000
jaou7_6420p,0.39076507838664876,7.18649606478324,0.03196628000394798,100000
jaou7_6500p,0.39076507838664876,7.555612345321062,0.032865144764224224,100000
jaou7_6750p,0.39076507838664876,8.771108404550166,0.035655996712002466,100000
jaou7_6800p,0.39076507838664876,9.024941121063772,0.036210575690589504,100000
jaou7_6900p,0.39076507838664876,9.543182683309295,0.03731480060038955,100000
jaou7_7000p,0.39076507838664876,10.076082262885542,0.03840969678842026,100000
jaou7_7400p,0.39076507838664876,12.343808722933986,0.042691286497904476,100000
jaou7_7450p,0.39076507838664876,12.641466828103363,0.0432152055029865,100000
jaou7_7500p,0.39076507838664876,12.942300908148908,0.04373588500902643,100000
jaou7_6820c,0.3946815904701827,11.927424408913907,0.06638996315738618,100000
jaou7_6825c,0.3946815904701827,11.905406466915007,0.06634370518742067,100000
jaou7_6860c,0.3946815904701827,11.752354139908302,0.06601946740338663,100000
jaou7_6900c,0.3946815904701827,11.57961410653641,0.06564822763161238,100000
jaou7_6905c,0.3946815904701827,11.558184519595171,0.06560177380437063,100000
jaou7_6930c,0.3946815904701827,11.4516108369007,0.06536929155243701,100000
jaou7_7000c,0.3946815904701827,11.157918803182335,0.06471717183665061,100000
jaou7_7110c,0.3946815904701827,10.710258913478123,0.06368958616404481,100000
jaou7_7200c,0.3946815904701827,10.35614387787842,0.06284740147309384,100000
jaou7_7335c,0.3946815904701827,9.844195015381874,0.06158456866414125,100000
jaou7_7400c,0.3946815904701827,9.605740215103365,0.060977292460527396,100000
jaou7_7450c,0.3946815904701827,9.425763495263306,0.060510750895593025,100000
jaou7_7500c,0.3946815904701827,9.248929960606532,0.060044545615206474,100000
jaou7_7542c,0.3946815904701827,9.102621688857353,0.05965352630428259,100000
jaou7_7550c,0.3946815904701827,9.07498809759764,0.059579104569116255,100000
jaou7_7600c,0.3946815904701827,8.90401047093153,0.05911435618137297,100000
jaou7_7610c,0.3946815904701827,8.870147695245395,0.05902152741057697,100000
jaou7_7705c,0.3946815904701827,8.55418540965493,0.05814143469748737,100000
jaou7_7710c,0.3946815904701827,8.537845823184016,0.058095202015645844,100000
jaou7_7725c,0.3946815904701827,8.488980989327445,0.057956587635127746,100000
jaou7_5800p,0.3946815904701827,4.7447903173200805,0.02530091091556426,100000
jaou7_5900p,0.3946815904701827,5.113830398458895,0.02641855382639148,100000
jaou7_6000p,0.3946815904701827,5.498045469929581,0.027541825977196857,100000
jaou7_6200p,0.3946815904701827,6.31361789181919,0.029795375857676675,100000
jaou7_6420p,0.3946815904701827,7.283693143681905,0.03227171475457957,100000
jaou7_6500p,0.3946815904701827,7.654130337694407,0.03317099085500941,100000
jaou7_6750p,0.3946815904701827,8.87326711533712,0.035962557855087,100000
jaou7_6800p,0.3946815904701827,9.127701378245455,0.03651728365621722,100000
jaou7_6900p,0.3946815904701827,9.64710156422646,0.0376216292904203,100000
jaou7_7000p,0.3946815904701827,10.181014998730223,0.038716657483107396,100000
jaou7_7400p,0.3946815904701827,12.451271362082606,0.04299960131419915,100000
jaou7_7450p,0.3946815904701827,12.749099011171467,0.04352376984686424,100000
jaou7_7500p,0.3946815904701827,13.05006984544361,0.04404472900546661,100000
jaou7_6820c,0.3985981025537167,12.029102354058232,0.06717877664143178,100000
jaou7_6825c,0.3985981025537167,12.007153392954189,0.06713254838790889,100000
jaou7_6860c,0.3985981025537167,11.854520400257101,0.06680862159343141,100000
jaou7_6900c,0.3985981025537167,11.682221134115588,0.06643778217458883,100000
jaou7_6905c,0.3985981025537167,11.660850867971895,0.06639136914142106,100000
jaou7_6930c,0.3985981025537167,11.554557031444745,0.06615911418272623,100000
jaou7_7000c,0.3985981025537167,11.26154402199945,0.06550775814208773,100000
jaou7_7110c,0.3985981025537167,10.814825996640309,0.06448141356355819,100000
jaou7_7200c,0.3985981025537167,10.4613385907714,0.06364031953042629,100000
jaou7_7335c,0.3985981025537167,9.950100778285249,0.0623792067793601,100000
jaou7_7400c,0.3985981025537167,9.711899992457967,0.06177276899579257,100000
jaou7_7450c,0.3985981025537167,9.532096114352532,0.061306848150419646,100000
jaou7_7500c,0.3985981025537167,9.35540308875032,0.060841261078989704,100000
jaou7_7542c,0.3985981025537167,9.20918359024815,0.06045076480138199,100000
jaou7_7550c,0.3985981025537167,9.181564879487762,0.060376441464919724,100000
jaou7_7600c,0.3985981025537167,9.01066543316179,0.0599122989914062,100000
jaou7_7610c,0.3985981025537167,8.976814736913392,0.059819590204520684,100000
jaou7_7705c,0.3985981025537167,8.660911186451047,0.058940610578326155,100000
jaou7_7710c,0.3985981025537167,8.64457191805498,0.05889443502640634,100000
jaou7_7725c,0.3985981025537167,8.59570615553901,0.058755991408177596,100000
jaou7_5800p,0.3985981025537167,4.828619948438271,0.025598923257298473,100000
jaou7_5900p,0.3985981025537167,5.200090073160246,0.026718206798942063,100000
jaou7_6000p,0.3985981025537167,5.586599910487058,0.02784287747113577,100000
jaou7_6200p,0.3985981025537167,6.4066428307367795,0.030098057478414503,100000
jaou7_6420p,0.3985981025537167,7.380914364657181,0.03257563799982457,100000
jaou7_6500p,0.3985981025537167,7.752666667703183,0.03347529619145697,100000
jaou7_6750p,0.3985981025537167,8.97540897770483,0.036267562659169764,100000
jaou7_6800p,0.3985981025537167,9.230435613614631,0.03682244377669154,100000
jaou7_6900p,0.3985981025537167,9.750986297427136,0.03792690837312774,100000
jaou7_7000p,0.3985981025537167,10.285917923168833,0.03902204161579059,100000
jaou7_7400p,0.3985981025537167,12.558708845058705,0.04330632466213448,100000
jaou7_7450p,0.3985981025537167,12.856709335882188,0.0438307392498771,100000
jaou7_7500p,0.3985981025537167,13.157820679208896,0.04435197438885448,100000
jaou7_6820c,0.4025146146372507,12.130760350615326,0.0679712429668499,100000
jaou7_6825c,0.4025146146372507,12.10886842501312,0.06792506556062254,100000
jaou7_6860c,0.4025146146372507,11.956636430283618,0.06760148103088212,100000
jaou7_6900c,0.4025146146372507,11.784795318462155,0.06723101003680684,100000
jaou7_6905c,0.4025146146372507,11.763481774662482,0.06718464224784963,100000
jaou7_6930c,0.4025146146372507,11.657459423148842,0.066952628749637,100000
jaou7_7000c,0.4025146146372507,11.365127440069621,0.06630203255598312,100000
jaou7_7110c,0.4025146146372507,10.9193473537172,0.06527693827829668,100000
jaou7_7200c,0.4025146146372507,10.566478741902678,0.06443695448740167,100000
jaou7_7335c,0.4025146146372507,10.05596132418164,0.0631775594690048,100000
jaou7_7400c,0.4025146146372507,9.818019402484579,0.06257196116066543,100000
jaou7_7450c,0.4025146146372507,9.638392858850498,0.06210666193446155,100000
jaou7_7500c,0.4025146146372507,9.46184254605189,0.0616416985961344,100000
jaou7_7542c,0.4025146146372507,9.315716383409455,0.06125172667213516,100000
jaou7_7550c,0.4025146146372507,9.288113028846274,0.06117750267742487,100000
jaou7_7600c,0.4025146146372507,9.117296785206877,0.0607139695664299,100000
jaou7_7610c,0.4025146146372507,9.083460196804086,0.06062138005890136,100000
jaou7_7705c,0.4025146146372507,8.767626751364144,0.059743521088237085,100000
jaou7_7710c,0.4025146146372507,8.75128848367731,0.05969740306034922,100000
jaou7_7725c,0.4025146146372507,8.70242382983459,0.059559131477433344,100000
jaou7_5800p,0.4025146146372507,4.91260237579046,0.02589564701857843,100000
jaou7_5900p,0.4025146146372507,5.2864638321703135,0.027016543735429197,100000
jaou7_6000p,0.4025146146372507,5.675286017296,0.0281424851338508,100000
jaou7_6200p,0.4025146146372507,6.499754122607247,0.03039923061652881,100000
jaou7_6420p,0.4025146146372507,7.478135836604547,0.03287810338425577,100000
jaou7_6500p,0.4025146146372507,7.851222141029273,0.0337780594086368,100000
jaou7_6750p,0.4025146146372507,9.077523982743346,0.0365710388809085,100000
jaou7_6800p,0.4025146146372507,9.33314015610777,0.03712606873129767,100000
jaou7_6900p,0.4025146146372507,9.854851689651104,0.038230603718896014,100000
jaou7_7000p,0.4025146146372507,10.39079254911641,0.039325849384517365,100000
jaou7_7400p,0.4025146146372507,12.66611946296272,0.04361146491816783,100000
jaou7_7450p,0.4025146146372507,12.964297288257558,0.04413611836318349,100000
jaou7_7500p,0.4025146146372507,13.265551344387871,0.044657630127436516,100000
jaou7_6820c,0.40643112672078463,12.232375761991436,0.06876742141131284,100000
jaou7_6825c,0.40643112672078463,12.210543278126195,0.06872129036881067,100000
jaou7_6860c,0.40643112672078463,12.05870681573496,0.06839805644013604,100000
jaou7_6900c,0.40643112672078463,11.887331671631593,0.06802793897371448,100000
jaou7_6905c,0.40643112672078463,11.866071380810542,0.06798162239889761,100000
jaou7_6930c,0.40643112672078463,11.760304205738656,0.06774987834414872,100000
jaou7_7000c,0.40643112672078463,11.468670003020991,0.0671000125920334,100000
jaou7_7110c,0.40643112672078463,11.023812431920893,0.066076197143943,100000
jaou7_7200c,0.40643112672078463,10.671568591796571,0.06523731846464831,100000
jaou7_7335c,0.40643112672078463,10.161776471069969,0.06397964592877513,100000
jaou7_7400c,0.40643112672078463,9.924095349341917,0.06337489254435796,100000
jaou7_7450c,0.40643112672078463,9.744650496263768,0.06291021581943329,100000
jaou7_7500c,0.40643112672078463,9.568246723436525,0.06244587897683704,100000
jaou7_7542c,0.40643112672078463,9.422218485133879,0.06205643246913315,100000
jaou7_7550c,0.40643112672078463,9.394632865759313,0.06198230582685335,100000
jaou7_7600c,0.40643112672078463,9.223903274068693,0.06151938761965835,100000
jaou7_7610c,0.40643112672078463,9.190082756927088,0.06142691672604831,100000
jaou7_7705c,0.40643112672078463,8.87433046390104,0.06055018578990819,100000
jaou7_7710c,0.40643112672078463,8.85799381032051,0.06050412574298144,100000
jaou7_7725c,0.40643112672078463,8.809132268403223,0.060366027399901434,100000
jaou7_5800p,0.40643112672078463,4.996728391400505,0.026191085522477734,100000
jaou7_5900p,0.40643112672078463,5.372940761774616,0.02731357481300146,100000
jaou7_6000p,0.40643112672078463,5.764080340783464,0.028440688473933266,100000
jaou7_6200p,0.40643112672078463,6.5929429733980704,0.030698910134740912,100000
jaou7_6420p,0.40643112672078463,7.5753581229808855,0.033179109061339265,100000
jaou7_6500p,0.40643112672078463,7.949801879910583,0.03407926967443756,100000
jaou7_6750p,0.40643112672078463,9.179622824061013,0.03687296321848644,100000
jaou7_6800p,0.40643112672078463,9.435809232134318,0.03742817635581892,100000
jaou7_6900p,0.40643112672078463,9.95869278040964,0.03853273198159504,100000
jaou7_7000p,0.40643112672078463,10.495639849656877,0.039628082355565676,100000
jaou7_7400p,0.40643112672078463,12.773500147409155,0.043915034408493085,100000
jaou7_7450p,0.40643112672078463,13.071859663259927,0.04443991975314516,100000
jaou7_7500p,0.40643112672078463,13.373260259361603,0.044961703785113084,100000
jaou7_6820c,0.41034763880431857,12.333954588374695,0.06956732025954923,100000
jaou7_6825c,0.41034763880431857,12.31218291312294,0.06952123295830123,100000
jaou7_6860c,0.41034763880431857,12.160747739698966,0.06919833830661472,100000
jaou7_6900c,0.41034763880431857,11.989825894415958,0.06882859566711205,100000
jaou7_6905c,0.41034763880431857,11.968623633593953,0.06878232187083182,100000
jaou7_6930c,0.41034763880431857,11.863108406093518,0.06855085250849359,100000
jaou7_7000c,0.41034763880431857,11.57216611792871,0.06790172711764376,100000
jaou7_7110c,0.41034763880431857,11.128219869317272,0.06687921173546199,100000
jaou7_7200c,0.41034763880431857,10.776607947463924,0.06604143106420636,100000
jaou7_7335c,0.41034763880431857,10.267545600219025,0.06478548621707057,100000
jaou7_7400c,0.41034763880431857,10.030130748230818,0.06418157747608987,100000
jaou7_7450c,0.41034763880431857,9.850869748580875,0.06371752741735692,100000
jaou7_7500c,0.41034763880431857,9.67461561406804,0.06325382076281139,100000
jaou7_7542c,0.41034763880431857,9.528689183356883,0.06286490161894975,100000
jaou7_7550c,0.41034763880431857,9.501122592422101,0.06279087194949623,100000
jaou7_7600c,0.41034763880431857,9.330484044739775,0.06232857247907635,100000
jaou7_7610c,0.41034763880431857,9.296680288599498,0.062236221383080874,100000
jaou7_7705c,0.41034763880431857,8.981020649304364,0.06136062453537417,100000
jaou7_7710c,0.41034763880431857,8.96468628318846,0.06131462280131189,100000
jaou7_7725c,0.41034763880431857,8.91582975993231,0.06117669893030994,100000
jaou7_5800p,0.41034763880431857,5.08100326497655,0.02648521610074083,100000
jaou7_5900p,0.41034763880431857,5.459566530010512,0.02760920062093033,100000
jaou7_6000p,0.41034763880431857,5.853001771132347,0.02873744199444744,100000
jaou7_6200p,0.41034763880431857,6.686228617072669,0.030997051695178048,100000
jaou7_6420p,0.41034763880431857,7.672608160209775,0.03347859353038293,100000
jaou7_6500p,0.41034763880431857,8.048395881847835,0.03437895123186415,100000
jaou7_6750p,0.41034763880431857,9.281697571735325,0.03717335842221693,100000
jaou7_6800p,0.41034763880431857,9.538466705160959,0.03772870998767739,100000
jaou7_6900p,0.41034763880431857,10.062505298281135,0.03883330803581354,100000
jaou7_7000p,0.41034763880431857,10.600454259651725,0.03992875935761905,100000
jaou7_7400p,0.41034763880431857,12.880853841385186,0.0442170280048775,100000
jaou7_7450p,0.41034763880431857,13.179397210664163,0.04474214438493943,100000
jaou7_7500p,0.41034763880431857,13.480947445080247,0.04526419818362679,100000
jaou7_6820c,0.41426415088785257,12.435499285453766,0.07037095431387404,100000
jaou7_6825c,0.41426415088785257,12.41379153279258,0.07032490505771752,100000
jaou7_6860c,0.41426415088785257,12.262756500200847,0.07000235065850206,100000
jaou7_6900c,0.41426415088785257,12.092284456910235,0.06963298815014991,100000
jaou7_6905c,0.41426415088785257,12.071137265065689,0.06958676219916897,100000
jaou7_6930c,0.41426415088785257,11.965867704357645,0.06935557809232477,100000
jaou7_7000c,0.41426415088785257,11.675609492793933,0.06870720629710672,100000
jaou7_7110c,0.41426415088785257,11.232575398921075,0.06768599196702133,100000
jaou7_7200c,0.41426415088785257,10.881594133824617,0.06684931609326458,100000
jaou7_7335c,0.41426415088785257,10.373266375072395,0.06559510328159175,100000
jaou7_7400c,0.41426415088785257,10.13612190752271,0.06499204081112803,100000
jaou7_7450c,0.41426415088785257,9.957048106058997,0.06452861952956224,100000
jaou7_7500c,0.41426415088785257,9.780946690969849,0.06406554654535418,100000
jaou7_7542c,0.41426415088785257,9.635126523899592,0.06367715562908116,100000
jaou7_7550c,0.41426415088785257,9.607579988879673,0.06360322291598634,100000
jaou7_7600c,0.41426415088785257,9.43703791600299,0.06314154417315071,100000
jaou7_7610c,0.41426415088785257,9.403251044747181,0.06304931484408335,100000
jaou7_7705c,0.41426415088785257,9.08769571624812,0.062174857290515105,100000
jaou7_7710c,0.41426415088785257,9.071364179575351,0.06212891435777909,100000
jaou7_7725c,0.41426415088785257,9.022514570513412,0.061991166098155234,100000
jaou7_5800p,0.41426415088785257,5.165445800395523,0.02677799136821094,100000
jaou7_5900p,0.41426415088785257,5.546311886807081,0.02790346955502734,100000
jaou7_6000p,0.41426415088785257,5.942060750990009,0.02903271799181054,100000
jaou7_6200p,0.41426415088785257,6.7795836433571806,0.031293711478405165,100000
jaou7_6420p,0.41426415088785257,7.7699032343878915,0.033776517423206004,100000
jaou7_6500p,0.41426415088785257,8.147002949556024,0.034677107860204164,100000
jaou7_6750p,0.41426415088785257,9.383745724575395,0.03747223393296695,100000
jaou7_6800p,0.41426415088785257,9.641104790420854,0.038027692835047186,100000
jaou7_6900p,0.41426415088785257,10.166295741479027,0.03913231892227893,100000
jaou7_7000p,0.41426415088785257,10.705229515220564,0.040227901102351214,100000
jaou7_7400p,0.41426415088785257,12.98817688138069,0.04451745978824702,100000
jaou7_7450p,0.41426415088785257,13.286907448845897,0.045042802734947,100000
jaou7_7500p,0.41426415088785257,13.588610402685669,0.04556512366001471,100000
jaou7_6820c,0.41818066297138656,12.537009244270235,0.07117834397064766,100000
jaou7_6825c,0.41818066297138656,12.515350196675804,0.0711323594644593,100000
jaou7_6860c,0.41818066297138656,12.364715903625877,0.07081014308521016,100000
jaou7_6900c,0.41818066297138656,12.194698066638304,0.0704411520552646,100000
jaou7_6905c,0.41818066297138656,12.173591373414402,0.0703949991511991,100000
jaou7_6930c,0.41818066297138656,12.068573450612472,0.07016408952684751,100000
jaou7_7000c,0.41818066297138656,11.7790088536361,0.06951645488490156,100000
jaou7_7110c,0.41818066297138656,11.336878618643977,0.06849655815377112,100000
jaou7_7200c,0.41818066297138656,10.986526474566366,0.06766099426356122,100000
jaou7_7335c,0.41818066297138656,10.478940180957421,0.06640851434335826,100000
jaou7_7400c,0.41818066297138656,10.242067741358154,0.06580630349630606,100000
jaou7_7450c,0.41818066297138656,10.063188138849723,0.06534350728933216,100000
jaou7_7500c,0.41818066297138656,9.887239370286695,0.06488107612851426,100000
jaou7_7542c,0.41818066297138656,9.741530169885428,0.06449321375132407,100000
jaou7_7550c,0.41818066297138656,9.71400417010956,0.0644193787701427,100000
jaou7_7600c,0.41818066297138656,9.543563447965688,0.06395832332513313,100000
jaou7_7610c,0.41818066297138656,9.509794565891877,0.0638662162111076,100000
jaou7_7705c,0.41818066297138656,9.194354211755517,0.06299290405280158,100000
jaou7_7710c,0.41818066297138656,9.178025957358994,0.06294702050551806,100000
jaou7_7725c,0.41818066297138656,9.129185125105588,0.06280944894056008,100000
jaou7_5800p,0.41818066297138656,5.250047776233116,0.027069415965041924,100000
jaou7_5900p,0.41818066297138656,5.633193345515316,0.028196340584469667,100000
jaou7_6000p,0.41818066297138656,6.031241841356449,0.02932654221958328,100000
jaou7_6200p,0.41818066297138656,6.873027469028992,0.03158884449403714,100000
jaou7_6420p,0.41818066297138656,7.867204048782087,0.034072971287748666,100000
jaou7_6500p,0.41818066297138656,8.24562014591223,0.034973747553104007,100000
jaou7_6750p,0.41818066297138656,9.485760142355542,0.03776961075654141,100000
jaou7_6800p,0.41818066297138656,9.743716657748044,0.0383251455238191,100000
jaou7_6900p,0.41818066297138656,10.270054845979358,0.03942979255089704,100000
jaou7_7000p,0.41818066297138656,10.809974370834988,0.04052548838269026,100000
jaou7_7400p,0.41818066297138656,13.095468209988399,0.04481633626239066,100000
jaou7_7450p,0.41818066297138656,13.394392976408884,0.045341890316998756,100000
jaou7_7500p,0.41818066297138656,13.696248576774774,0.04586448478628635,100000
jaou7_6820c,0.4220971750549205,12.638467123205135,0.07198953933661152,100000
jaou7_6825c,0.4220971750549205,12.616860675646842,0.07194361252937802,100000
jaou7_6860c,0.4220971750549205,12.466642275835653,0.07162170662399178,100000
jaou7_6900c,0.4220971750549205,12.297052739126407,0.07125313127235602,100000
jaou7_6905c,0.4220971750549205,12.27600199716775,0.07120702458696326,100000
jaou7_6930c,0.4220971750549205,12.171231112681781,0.07097639708942009,100000
jaou7_7000c,0.4220971750549205,11.882355523174684,0.07032950735895759,100000
jaou7_7110c,0.4220971750549205,11.441141508315429,0.06931091027206585,100000
jaou7_7200c,0.4220971750549205,11.091408260510367,0.06847647999292941,100000
jaou7_7335c,0.4220971750549205,10.58456282054703,0.06722574561134918,100000
jaou7_7400c,0.4220971750549205,10.347967753308488,0.06662438573155367,100000
jaou7_7450c,0.4220971750549205,10.169286361211165,0.06616221535790122,100000
jaou7_7500c,0.4220971750549205,9.99349310535375,0.06570042945211374,100000
jaou7_7542c,0.4220971750549205,9.847901015232308,0.06531309358288415,100000
jaou7_7550c,0.4220971750549205,9.820394609551096,0.06523935921620097,100000
jaou7_7600c,0.4220971750549205,9.650059531007086,0.06477893027175945,100000
jaou7_7610c,0.4220971750549205,9.616310313749702,0.06468694491783059,100000
jaou7_7705c,0.4220971750549205,9.300994746650822,0.06381478495859906,100000
jaou7_7710c,0.4220971750549205,9.284669736295227,0.06376896206301784,100000
jaou7_7725c,0.4220971750549205,9.23583974825019,0.06363156787722388,100000
jaou7_5800p,0.4220971750549205,5.334809135694181,0.027359480517501016,100000
jaou7_5900p,0.4220971750549205,5.720198818504559,0.02848782953218495,100000
jaou7_6000p,0.4220971750549205,6.120512087504007,0.029618975888214202,100000
jaou7_6200p,0.4220971750549205,6.966540822838845,0.03188249020857899,100000
jaou7_6420p,0.4220971750549205,7.964525501151958,0.03436792095244562,100000
jaou7_6500p,0.4220971750549205,8.344251307228186,0.035268862546241155,100000
jaou7_6750p,0.4220971750549205,9.587751490902587,0.03806546527855105,100000
jaou7_6800p,0.4220971750549205,9.846306837758968,0.038621059996104073,100000
jaou7_6900p,0.4220971750549205,10.373768656095821,0.039725768984279285,100000
jaou7_7000p,0.4220971750549205,10.914680178001936,0.040821548310895836,100000
jaou7_7400p,0.4220971750549205,13.202727359567092,0.04511366221400429,100000
jaou7_7450p,0.4220971750549205,13.501850336398688,0.0456394205128831,100000
jaou7_7500p,0.4220971750549205,13.803861449470189,0.046162286032989726,100000
jaou7_6820c,0.42601368713845444,12.739881230980107,0.07280454544239859,100000
jaou7_6825c,0.42601368713845444,12.71833991314616,0.07275865419418735,100000
jaou7_6860c,0.42601368713845444,12.568531118897178,0.07243706889645612,100000
jaou7_6900c,0.42601368713845444,12.39936688737935,0.07206891373934869,100000
jaou7_6905c,0.42601368713845444,12.378368349301196,0.07202285967661542,100000
jaou7_6930c,0.42601368713845444,12.273849743789926,0.0717925050696927,100000
jaou7_7000c,0.42601368713845444,11.985643196336026,0.07114639428578026,100000
jaou7_7110c,0.42601368713845444,11.545352507259157,0.07012908742766362,100000
jaou7_7200c,0.42601368713845444,11.19623869493142,0.06929579451619532,100000
jaou7_7335c,0.42601368713845444,10.690135821096213,0.06804681443462543,100000
jaou7_7400c,0.42601368713845444,10.45382143803209,0.06744630791375068,100000
jaou7_7450c,0.42601368713845444,10.275342360823382,0.06698476384527241,100000
jaou7_7500c,0.42601368713845444,10.099706146682903,0.06652362847667993,100000
jaou7_7542c,0.42601368713845444,9.954236194239915,0.06613681859238833,100000
jaou7_7550c,0.42601368713845444,9.926749729977564,0.06606318573811079,100000
jaou7_7600c,0.42601368713845444,9.756525522864079,0.06560338486079777,100000
jaou7_7610c,0.42601368713845444,9.722796453973904,0.06551152253731,100000
jaou7_7705c,0.42601368713845444,9.407615370366146,0.06464052119188458,100000
jaou7_7710c,0.42601368713845444,9.39129410372019,0.06459475939666814,100000
jaou7_7725c,0.42601368713845444,9.342476556609103,0.06445754386287458,100000
jaou7_5800p,0.42601368713845444,5.419687601123082,0.027648256761272496,100000
jaou7_5900p,0.42601368713845444,5.8073266025251735,0.028777932076477747,100000
jaou7_6000p,0.42601368713845444,6.209875898918837,0.029910003583986437,100000
jaou7_6200p,0.42601368713845444,7.060130067285216,0.03217463242655535,100000
jaou7_6420p,0.42601368713845444,8.061868536963269,0.03466136480769641,100000
jaou7_6500p,0.42601368713845444,8.44287822126188,0.03556249708394612,100000
jaou7_6750p,0.42601368713845444,9.689706637159384,0.03835983376455712,100000
jaou7_6800p,0.42601368713845444,9.94887944506527,0.038915429230648224,100000
jaou7_6900p,0.42601368713845444,10.477455613957556,0.04002020397920579,100000
jaou7_7000p,0.42601368713845444,11.019340660772077,0.041116101686773036,100000
jaou7_7400p,0.42601368713845444,13.309953853899488,0.04540944244329204,100000
jaou7_7450p,0.42601368713845444,13.609279145619702,0.0459353976298411,100000
jaou7_7500p,0.42601368713845444,13.91144730040814,0.046458535477668456,100000
jaou7_6820c,0.42993019922198844,12.841267189792418,0.07362335476598078,100000
jaou7_6825c,0.42993019922198844,12.819790286479579,0.07357750021162113,100000
jaou7_6860c,0.42993019922198844,12.670377865174022,0.07325625779449296,100000
jaou7_6900c,0.42993019922198844,12.501635705052314,0.07288852774496565,100000
jaou7_6905c,0.42993019922198844,12.480684001455852,0.07284253545851332,100000
jaou7_6930c,0.42993019922198844,12.37642108331257,0.07261244767444672,100000
jaou7_7000c,0.42993019922198844,12.088880110679641,0.07196712186190347,100000
jaou7_7110c,0.42993019922198844,11.649506840528282,0.07095111762949047,100000
jaou7_7200c,0.42993019922198844,11.301012881287773,0.07011896586167483,100000
jaou7_7335c,0.42993019922198844,10.795658536797438,0.06887174175515835,100000
jaou7_7400c,0.42993019922198844,10.559630485754832,0.06827208721345794,100000
jaou7_7450c,0.42993019922198844,10.381356612936486,0.0678111716768688,100000
jaou7_7500c,0.42993019922198844,10.205878473479228,0.06735069272423713,100000
jaou7_7542c,0.42993019922198844,10.060534529503528,0.06696440989510336,100000
jaou7_7550c,0.42993019922198844,10.033069533047684,0.06689087764426653,100000
jaou7_7600c,0.42993019922198844,9.86296077701587,0.06643170715551178,100000
jaou7_7610c,0.42993019922198844,9.829251578690295,0.06633997021238922,100000
jaou7_7705c,0.42993019922198844,9.514214790084887,0.06547013320436004,100000
jaou7_7710c,0.42993019922198844,9.4978974376945,0.06542443340610564,100000
jaou7_7725c,0.42993019922198844,9.449094078782649,0.06528739748558851,100000
jaou7_5800p,0.42993019922198844,5.504659841014836,0.027935779956202042,100000
jaou7_5900p,0.42993019922198844,5.894576845015653,0.029066640790678146,100000
jaou7_6000p,0.42993019922198844,6.29934611840786,0.03019959373297784,100000
jaou7_6200p,0.42993019922198844,7.153765480386469,0.032465333837509436,100000
jaou7_6420p,0.42993019922198844,8.159226769148972,0.03495331801782123,100000
jaou7_6500p,0.42993019922198844,8.541522403596534,0.03585460143794894,100000
jaou7_6750p,0.42993019922198844,9.791631710414283,0.03865270382636426,100000
jaou7_6800p,0.42993019922198844,10.051414669975264,0.03920830724557133,100000
jaou7_6900p,0.42993019922198844,10.581110942682582,0.040313113806247095,100000
jaou7_7000p,0.42993019922198844,11.123964086167744,0.04140913035573539,100000
jaou7_7400p,0.42993019922198844,13.417149412674291,0.04570367531279379,100000
jaou7_7450p,0.42993019922198844,13.71667990878486,0.046229823357818056,100000
jaou7_7500p,0.42993019922198844,14.019006138256524,0.04675323603768233,100000
jaou7_6820c,0.43384671130552244,12.942617875655808,0.07444599982234858,100000
jaou7_6825c,0.43384671130552244,12.92119019099189,0.07440020832378427,100000
jaou7_6860c,0.43384671130552244,12.772188667675485,0.07407928278517766,100000
jaou7_6900c,0.43384671130552244,12.60384805016782,0.07371201255003391,100000
jaou7_6905c,0.43384671130552244,12.58294576078076,0.07366607758122433,100000
jaou7_6930c,0.43384671130552244,12.478941817568074,0.0734362507362594,100000
jaou7_7000c,0.43384671130552244,12.192067337697505,0.07279170852542652,100000
jaou7_7110c,0.43384671130552244,11.753606151929446,0.07177701846938747,100000
jaou7_7200c,0.43384671130552244,11.405730818518505,0.07094601428550094,100000
jaou7_7335c,0.43384671130552244,10.90113250792858,0.06970054526528698,100000
jaou7_7400c,0.43384671130552244,10.665391296076304,0.06910174917744931,100000
jaou7_7450c,0.43384671130552244,10.487327378368441,0.06864146136303069,100000
jaou7_7500c,0.43384671130552244,10.312010944472851,0.0681816405795892,100000
jaou7_7542c,0.43384671130552244,10.166794980560097,0.06779588859313226,100000
jaou7_7550c,0.43384671130552244,10.13935273867426,0.06772245636580415,100000
jaou7_7600c,0.43384671130552244,9.969362578798325,0.06726392049552588,100000
jaou7_7610c,0.43384671130552244,9.935674195452442,0.0671723094163595,100000
jaou7_7705c,0.43384671130552244,9.620791424659078,0.06630364209319389,100000
jaou7_7710c,0.43384671130552244,9.604478336021847,0.06625800489797752,100000
jaou7_7725c,0.43384671130552244,9.555691208003234,0.06612114903672436,100000
jaou7_5800p,0.43384671130552244,5.589762263929176,0.02822196860726674,100000
jaou7_5900p,0.43384671130552244,5.981933515520627,0.02935398085974472,100000
jaou7_6000p,0.43384671130552244,6.388917374241231,0.030487752199516587,100000
jaou7_6200p,0.43384671130552244,7.247442536953556,0.03275460224273652,100000
jaou7_6420p,0.43384671130552244,8.256610590962923,0.03524375723972175,100000
jaou7_6500p,0.43384671130552244,8.640183857939162,0.03614517726616705,100000
jaou7_6750p,0.43384671130552244,9.893552130898284,0.038944014409860304,100000
jaou7_6800p,0.43384671130552244,10.153915472973182,0.03949968985522824,100000
jaou7_6900p,0.43384671130552244,10.6847235300963,0.04060453140319102,100000
jaou7_7000p,0.43384671130552244,11.228551555483824,0.04170063538738223,100000
jaou7_7400p,0.43384671130552244,13.524310465293976,0.04599637469136768,100000
jaou7_7450p,0.43384671130552244,13.824050916515032,0.046522705943722216,100000
jaou7_7500p,0.43384671130552244,14.126538851548364,0.04704638799481299,100000
jaou7_6820c,0.4377632233890564,13.043918894525287,0.07527252592850305,100000
jaou7_6825c,0.4377632233890564,13.022554285218481,0.07522677328457478,100000
jaou7_6860c,0.4377632233890564,12.873953977531745,0.07490618062999967,100000
jaou7_6900c,0.4377632233890564,12.70601447931657,0.07453937042098079,100000
jaou7_6905c,0.4377632233890564,12.685170107395647,0.07449347817915893,100000
jaou7_6930c,0.4377632233890564,12.581421343277587,0.074263918660474,100000
jaou7_7000c,0.4377632233890564,12.295202587372367,0.07362017857101338,100000
jaou7_7110c,0.4377632233890564,11.857650286648953,0.0726068106617449,100000
jaou7_7200c,0.4377632233890564,11.510388388911915,0.07177696684506403,100000
jaou7_7335c,0.4377632233890564,11.00655214035926,0.07053325400100034,100000
jaou7_7400c,0.4377632233890564,10.771102039886882,0.06993531678024287,100000
jaou7_7450c,0.4377632233890564,10.593252236365,0.06947565663249003,100000
jaou7_7500c,0.4377632233890564,10.418102868577645,0.06901649297246433,100000
jaou7_7542c,0.4377632233890564,10.273016960974832,0.06863127530258206,100000
jaou7_7550c,0.4377632233890564,10.245599368387225,0.0685579415843246,100000
jaou7_7600c,0.4377632233890564,10.075729452450439,0.068100046581067,100000
jaou7_7610c,0.4377632233890564,10.042063982707713,0.06800856009613189,100000
jaou7_7705c,0.4377632233890564,9.727344146154401,0.06714106852160145,100000
jaou7_7710c,0.4377632233890564,9.71103535664345,0.0670954949624591,100000
jaou7_7725c,0.4377632233890564,9.662266188731598,0.06695881997554917,100000
jaou7_5800p,0.4377632233890564,5.674985067156928,0.028506833931888693,100000
jaou7_5900p,0.4377632233890564,6.069417833268405,0.029639902756319687,100000
jaou7_6000p,0.4377632233890564,6.47859562775918,0.030774462084894785,100000
jaou7_6200p,0.4377632233890564,7.341159435577309,0.033042439582965835,100000
jaou7_6420p,0.4377632233890564,8.354010513317762,0.035532705435795627,100000
jaou7_6500p,0.4377632233890564,8.73882906836977,0.03643430588385774,100000
jaou7_6750p,0.4377632233890564,9.995443554750436,0.03923383052165793,100000
jaou7_6800p,0.4377632233890564,10.256399943487688,0.03978953403484522,100000
jaou7_6900p,0.4377632233890564,10.788303962934007,0.04089443265179461,100000
jaou7_7000p,0.4377632233890564,11.33310080884764,0.04199062678740774,100000
jaou7_7400p,0.4377632233890564,13.631435212793509,0.04628754925801661,100000
jaou7_7450p,0.4377632233890564,13.931389778200547,0.04681405567124074,100000
jaou7_7500p,0.4377632233890564,14.23404477934211,0.047337996277958885,100000
jaou7_6820c,0.4416797354725903,13.145189037897415,0.07610292086190423,100000
jaou7_6825c,0.4416797354725903,13.12388287497047,0.07605721498381667,100000
jaou7_6860c,0.4416797354725903,12.97565835347664,0.0757369983692109,100000
jaou7_6900c,0.4416797354725903,12.808140962087903,0.07537061166542572,100000
jaou7_6905c,0.4416797354725903,12.787346082368838,0.07532477648348072,100000
jaou7_6930c,0.4416797354725903,12.683858245748368,0.07509547443032387,100000
jaou7_7000c,0.4416797354725903,12.398289855692168,0.0744525459152636,100000
jaou7_7110c,0.4416797354725903,11.961640590251102,0.07344051266675698,100000
jaou7_7200c,0.4416797354725903,11.614988192631133,0.0726118399631727,100000
jaou7_7335c,0.4416797354725903,11.111915327532843,0.0713698916986025,100000
jaou7_7400c,0.4416797354725903,10.876764079068941,0.07077280825369295,100000
jaou7_7450c,0.4416797354725903,10.699130914728746,0.07031377811584928,100000
jaou7_7500c,0.4416797354725903,10.52415332703705,0.0698552713700171,100000
jaou7_7542c,0.4416797354725903,10.379199751397744,0.06947059103970658,100000
jaou7_7550c,0.4416797354725903,10.351806612539123,0.06939735740993119,100000
jaou7_7600c,0.4416797354725903,10.182062289595045,0.06894010381157421,100000
jaou7_7610c,0.4416797354725903,10.148418696330618,0.0688487452468831,100000
jaou7_7705c,0.4416797354725903,9.833870846319975,0.06798243479682486,100000
jaou7_7710c,0.4416797354725903,9.81756749155642,0.06793692428594608,100000
jaou7_7725c,0.4416797354725903,9.768817406629537,0.06780043178284907,100000
jaou7_5800p,0.4416797354725903,5.760343532702553,0.02879033714455736,100000
jaou7_5900p,0.4416797354725903,6.157038834016053,0.02992438217744447,100000
jaou7_6000p,0.4416797354725903,6.568372549488493,0.03105973645174546,100000
jaou7_6200p,0.4416797354725903,7.434911277822403,0.03332885482874741,100000
jaou7_6420p,0.4416797354725903,8.45142484057444,0.035820167350410555,100000
jaou7_6500p,0.4416797354725903,8.83748338523289,0.036721928160493945,100000
jaou7_6750p,0.4416797354725903,10.097311294909751,0.03952214181944075,100000
jaou7_6800p,0.4416797354725903,10.358868840173297,0.04007784128353405,100000
jaou7_6900p,0.4416797354725903,10.891858241272905,0.0411828055493881,100000
jaou7_7000p,0.4416797354725903,11.437615872735009,0.04227909765933055,100000
jaou7_7400p,0.4416797354725903,13.738525047543135,0.04657719830016818,100000
jaou7_7450p,0.4416797354725903,14.03869625213186,0.04710387644033975,100000
jaou7_7500p,0.4416797354725903,14.34152303336908,0.047628066503785906,100000
jaou7_6820c,0.4455962475561243,13.24641863448597,0.07693722197548232,100000
jaou7_6825c,0.4455962475561243,13.225169515983989,0.0768915651854924,100000
jaou7_6860c,0.4455962475561243,13.077322463236339,0.07657172111987467,100000
jaou7_6900c,0.4455962475561243,12.910219235362002,0.07620577108007631,100000
jaou7_6905c,0.4455962475561243,12.889471963565866,0.0761599960967684,100000
jaou7_6930c,0.4455962475561243,12.786250553090907,0.07593094212162077,100000
jaou7_7000c,0.4455962475561243,12.501323254440438,0.07528884117977519,100000
jaou7_7110c,0.4455962475561243,12.065581533458733,0.07427813799792547,100000
jaou7_7200c,0.4455962475561243,11.719530885210796,0.07345065336253148,100000
jaou7_7335c,0.4455962475561243,11.217221883835427,0.07221047926484116,100000
jaou7_7400c,0.4455962475561243,10.982378588925185,0.07161424230947167,100000
jaou7_7450c,0.4455962475561243,10.804963613486605,0.07115584590640422,100000
jaou7_7500c,0.4455962475561243,10.630160874130107,0.07069799822088295,100000
jaou7_7542c,0.4455962475561243,10.485342456167272,0.07031385727789599,100000
jaou7_7550c,0.4455962475561243,10.457972822909856,0.07024072641019483,100000
jaou7_7600c,0.4455962475561243,10.288359230345145,0.06978411486668369,100000
jaou7_7610c,0.4455962475561243,10.254739367144454,0.06969288323728012,100000
jaou7_7705c,0.4455962475561243,9.9403700341529,0.0688277625506464,100000
jaou7_7710c,0.4455962475561243,9.924073043365478,0.06878231477550571,100000
jaou7_7725c,0.4455962475561243,9.875343728296071,0.06864600547150129,100000
jaou7_5800p,0.4455962475561243,5.8458223026780995,0.02907250129511191,100000
jaou7_5900p,0.4455962475561243,6.2447641114699355,0.030207480359884506,100000
jaou7_6000p,0.4455962475561243,6.658242535357366,0.0313435828811334,100000
jaou7_6200p,0.4455962475561243,7.5286957083834105,0.033613851510604045,100000
jaou7_6420p,0.4455962475561243,8.54884833259903,0.03610615627686514,100000
jaou7_6500p,0.4455962475561243,8.9361363311215,0.03700807093427745,100000
jaou7_6750p,0.4455962475561243,10.199160112176378,0.03980893935273571,100000
jaou7_6800p,0.4455962475561243,10.461299407467996,0.04036467375629689,100000
jaou7_6900p,0.4455962475561243,10.995378132825943,0.04146967552470014,100000
jaou7_7000p,0.4455962475561243,11.542090889762221,0.04256606771373411,100000
jaou7_7400p,0.4455962475561243,13.845581175678321,0.04686532163368179,100000
jaou7_7450p,0.4455962475561243,14.145970569168659,0.0473921707503206,100000
jaou7_7500p,0.4455962475561243,14.448972198741075,0.047916605887511114,100000
jaou7_6820c,0.4495127596396583,13.34760814765409,0.07777544926072943,100000
jaou7_6825c,0.4495127596396583,13.326419379871414,0.07772983578093262,100000
jaou7_6860c,0.4495127596396583,13.17894057235061,0.07741037953612626,100000
jaou7_6900c,0.4495127596396583,13.012246494570794,0.07704487427873238,100000
jaou7_6905c,0.4495127596396583,12.99155553711625,0.07699914473777895,100000
jaou7_6930c,0.4495127596396583,12.888592002104458,0.07677035320885131,100000
jaou7_7000c,0.4495127596396583,12.604303484275036,0.07612908415238606,100000
jaou7_7110c,0.4495127596396583,12.169465200115688,0.07511972054943891,100000
jaou7_7200c,0.4495127596396583,11.824016850183252,0.07429342738165699,100000
jaou7_7335c,0.4495127596396583,11.322471172433822,0.07305503848919848,100000
jaou7_7400c,0.4495127596396583,11.087946193741816,0.07245963870726001,100000
jaou7_7450c,0.4495127596396583,10.910749365784314,0.07200188206725362,100000
jaou7_7500c,0.4495127596396583,10.736125431512486,0.07154469410886645,100000
jaou7_7542c,0.4495127596396583,10.59144572256301,0.07116109339161962,100000
jaou7_7550c,0.4495127596396583,10.564098784687634,0.07108806772007792,100000
jaou7_7600c,0.4495127596396583,10.394618489342106,0.07063210251407136,100000
jaou7_7610c,0.4495127596396583,10.361024467635794,0.07054099641866318,100000
jaou7_7705c,0.4495127596396583,10.046840622763527,0.06967707305199503,100000
jaou7_7710c,0.4495127596396583,10.030551660880565,0.06963168661720626,100000
jaou7_7725c,0.4495127596396583,9.981844654826554,0.06949556136877433,100000
jaou7_5800p,0.4495127596396583,5.931419256952536,0.029353323302313758,100000
jaou7_5900p,0.4495127596396583,6.332569726473025,0.030489240710472328,100000
jaou7_6000p,0.4495127596396583,6.74818263766013,0.03162604603163251,100000
jaou7_6200p,0.4495127596396583,7.622504633198725,0.0338974463186097,100000
jaou7_6420p,0.4495127596396583,8.646287312808138,0.03639065828972564,100000
jaou7_6500p,0.4495127596396583,9.034788849882014,0.037292733557919684,100000
jaou7_6750p,0.4495127596396583,10.300985989565076,0.04009423668444455,100000
jaou7_6800p,0.4495127596396583,10.563710217425674,0.04064998675037847,100000
jaou7_6900p,0.4495127596396583,11.098860864204322,0.04175505364940175,100000
jaou7_7000p,0.4495127596396583,11.646526591766403,0.042851538857188926,100000
jaou7_7400p,0.4495127596396583,13.952604252664537,0.047151920666263274,100000
jaou7_7450p,0.4495127596396583,14.253211793635954,0.04767894456615993,100000
jaou7_7500p,0.4495127596396583,14.556392228293046,0.04820361752733613,100000
jaou7_6820c,0.45342927172319225,13.448762670318192,0.07861761494954103,100000
jaou7_6825c,0.45342927172319225,13.42762742640676,0.07857205638499618,100000
jaou7_6860c,0.45342927172319225,13.280499423156492,0.0782530171809317,100000
jaou7_6900c,0.45342927172319225,13.114232602131372,0.07788792563694637,100000
jaou7_6905c,0.45342927172319225,13.09359624908666,0.07784224442318154,100000
jaou7_6930c,0.45342927172319225,12.990881709378288,0.0776137302768863,100000
jaou7_7000c,0.45342927172319225,12.707234220106645,0.07697328987555777,100000
jaou7_7110c,0.45342927172319225,12.27329691100765,0.07596527285571125,100000
jaou7_7200c,0.45342927172319225,11.928443223655476,0.07514018772523759,100000
jaou7_7335c,0.45342927172319225,11.427664700887004,0.07390358802055541,100000
jaou7_7400c,0.45342927172319225,11.193466005710285,0.07330901970580762,100000
jaou7_7450c,0.45342927172319225,11.016486759808993,0.07285190952134021,100000
jaou7_7500c,0.45342927172319225,10.842043723025196,0.0723953846077899,100000
jaou7_7542c,0.45342927172319225,10.697505420741336,0.07201232606513298,100000
jaou7_7550c,0.45342927172319225,10.670184580999404,0.07193940172874186,100000
jaou7_7600c,0.45342927172319225,10.500839509388062,0.07148408791530204,100000
jaou7_7610c,0.45342927172319225,10.467270893427932,0.07139310965877162,100000
jaou7_7705c,0.45342927172319225,10.153281373965202,0.07053038800942563,100000
jaou7_7710c,0.45342927172319225,10.137001814709128,0.07048506192048261,100000
jaou7_7725c,0.45342927172319225,10.088319057645966,0.07034912093521564,100000
jaou7_5800p,0.45342927172319225,6.0171387546291415,0.029632787393377134,100000
jaou7_5900p,0.45342927172319225,6.420480242756692,0.030769606475916027,100000
jaou7_6000p,0.45342927172319225,6.838189189034234,0.03190712957896172,100000
jaou7_6200p,0.45342927172319225,7.716332401684409,0.03417965038892423,100000
jaou7_6420p,0.45342927172319225,8.74372189182295,0.0366737216087855,100000
jaou7_6500p,0.45342927172319225,9.133437704919352,0.0375759255799564,100000
jaou7_6750p,0.45342927172319225,10.402771615955785,0.040378081354856155,100000
jaou7_6800p,0.45342927172319225,10.666098146081083,0.0409337918214311,100000
jaou7_6900p,0.45342927172319225,11.202316329352522,0.042038917362367624,100000
jaou7_7000p,0.45342927172319225,11.750926685185634,0.04313550490063174,100000
jaou7_7400p,0.45342927172319225,14.05959342222063,0.047437001271372736,100000
jaou7_7450p,0.45342927172319225,14.360418545248256,0.04796420518383892,100000
jaou7_7500p,0.45342927172319225,14.66377987739338,0.048489114184378804,100000
jaou7_6820c,0.4573457838067262,13.54986154755705,0.07946377552956443,100000
jaou7_6825c,0.4573457838067262,13.528771119584418,0.07941828670172879,100000
jaou7_6860c,0.4573457838067262,13.38201498182463,0.07909962810777117,100000
jaou7_6900c,0.4573457838067262,13.216177129882025,0.07873494715898614,100000
jaou7_6905c,0.4573457838067262,13.19559253808661,0.0786893190394478,100000
jaou7_6930c,0.4573457838067262,13.093120381254,0.07846109336158456,100000
jaou7_7000c,0.4573457838067262,12.81011380093206,0.07782148241202369,100000
jaou7_7110c,0.4573457838067262,12.377076192313577,0.07681481704230421,100000
jaou7_7200c,0.4573457838067262,12.032823197778885,0.0759909347469033,100000
jaou7_7335c,0.4573457838067262,11.532808537210062,0.07475613965414232,100000
jaou7_7400c,0.4573457838067262,11.298937499904635,0.07416240719571222,100000
jaou7_7450c,0.4573457838067262,11.122175722140467,0.07370594935306152,100000
jaou7_7500c,0.4573457838067262,10.947914993441717,0.0732500916949348,100000
jaou7_7542c,0.4573457838067262,10.803521370456787,0.07286757629748856,100000
jaou7_7550c,0.4573457838067262,10.776228567272431,0.07279475159067636,100000
jaou7_7600c,0.4573457838067262,10.607020595049018,0.07234009410859656,100000
jaou7_7610c,0.4573457838067262,10.57347913087921,0.0722492427569059,100000
jaou7_7705c,0.4573457838067262,10.259691587111622,0.07138772857858816,100000
jaou7_7710c,0.4573457838067262,10.24342310118779,0.07134246139586688,100000
jaou7_7725c,0.4573457838067262,10.194764568592744,0.07120670763191123,100000
jaou7_5800p,0.4573457838067262,6.102959887208594,0.029910929425520975,100000
jaou7_5900p,0.4573457838067262,6.508485416769434,0.031048594452041785,100000
jaou7_6000p,0.4573457838067262,6.92829370517834,0.032186762666236546,100000
jaou7_6200p,0.4573457838067262,7.81020734072357,0.03446039862463892,100000
jaou7_6420p,0.4573457838067262,8.841171291598437,0.03695530149947199,100000
jaou7_6500p,0.4573457838067262,9.232071775903544,0.03785767577418525,100000
jaou7_6750p,0.4573457838067262,10.504529132246759,0.04066044530279842,100000
jaou7_6800p,0.4573457838067262,10.768458580647907,0.04121610433846822,100000
jaou7_6900p,0.4573457838067262,11.305744131985952,0.04232127137569857,100000
jaou7_7000p,0.4573457838067262,11.855289540893827,0.04341797413316115,100000
jaou7_7400p,0.4573457838067262,14.166548191297757,0.04772056823704669,100000
jaou7_7450p,0.4573457838067262,14.467590782462507,0.04824795589399081,100000
jaou7_7500p,0.4573457838067262,14.771134422692676,0.048773101019965195,100000
jaou7_6820c,0.4612622958902602,13.650906501808254,0.08031394939579148,100000
jaou7_6825c,0.4612622958902602,13.629874050427468,0.08026850775774365,100000
jaou7_6860c,0.4612622958902602,13.483488300029707,0.07995023189505972,100000
jaou7_6900c,0.4612622958902602,13.318074638173412,0.07958596942750694,100000
jaou7_6905c,0.4612622958902602,13.297538904426032,0.07954039926089224,100000
jaou7_6930c,0.4612622958902602,13.19529909956579,0.07931247880597891,100000
jaou7_7000c,0.4612622958902602,12.912936338132452,0.0786736929897383,100000
jaou7_7110c,0.4612622958902602,12.48079274521179,0.07766839123761371,100000
jaou7_7200c,0.4612622958902602,12.137135887661616,0.07684572304667764,100000
jaou7_7335c,0.4612622958902602,11.637902540015693,0.07561271498967037,100000
jaou7_7400c,0.4612622958902602,11.404358323432184,0.07501982603729744,100000
jaou7_7450c,0.4612622958902602,11.227814810364807,0.07456402490239124,100000
jaou7_7500c,0.4612622958902602,11.053739323981079,0.07410883629398084,100000
jaou7_7542c,0.4612622958902602,10.909494396257875,0.07372686379869353,100000
jaou7_7550c,0.4612622958902602,10.882226251569142,0.07365414486804281,100000
jaou7_7600c,0.4612622958902602,10.713162625549128,0.07320014056034359,100000
jaou7_7610c,0.4612622958902602,10.679648743916541,0.0731094170746133,100000
jaou7_7705c,0.4612622958902602,10.366070921423361,0.07224911562114508,100000
jaou7_7710c,0.4612622958902602,10.349812997390266,0.07220390902010342,100000
jaou7_7725c,0.4612622958902602,10.301180122852891,0.07206834327010453,100000
jaou7_5800p,0.4612622958902602,6.188897847774702,0.030187711926385946,100000
jaou7_5900p,0.4612622958902602,6.596594600235671,0.031326180188596064,100000
jaou7_6000p,0.4612622958902602,7.018462603350425,0.032465014251755166,100000
jaou7_6200p,0.4612622958902602,7.904112943433038,0.03473972783373317,100000
jaou7_6420p,0.4612622958902602,8.938643790996794,0.03723537965932654,100000
jaou7_6500p,0.4612622958902602,9.330692844099227,0.03813798160469419,100000
jaou7_6750p,0.4612622958902602,10.606273936617026,0.04094129207728341,100000
jaou7_6800p,0.4612622958902602,10.870796364771222,0.041496915058761435,100000
jaou7_6900p,0.4612622958902602,11.409138864683745,0.042602133788704054,100000
jaou7_7000p,0.4612622958902602,11.959609302500622,0.04369896629597021,100000
jaou7_7400p,0.4612622958902602,14.273466239231709,0.04800263177094793,100000
jaou7_7450p,0.4612622958902602,14.57472709509325,0.04853020408900775,100000
jaou7_7500p,0.4612622958902602,14.878455977638438,0.049055580660832404,100000
jaou7_6820c,0.4651788079737942,13.751908435913455,0.0811681394303985,100000
jaou7_6825c,0.4651788079737942,13.73093108123524,0.08112274982480477,100000
jaou7_6860c,0.4651788079737942,13.58491268167209,0.08080486145111375,100000
jaou7_6900c,0.4651788079737942,13.419917851539147,0.08044102622714884,100000
jaou7_6905c,0.4651788079737942,13.399430826421831,0.08039551427224766,100000
jaou7_6930c,0.4651788079737942,13.297419516060744,0.08016790546144761,100000
jaou7_7000c,0.4651788079737942,13.015712549207217,0.07952992565905492,100000
jaou7_7110c,0.4651788079737942,12.584447792629552,0.07852601515973014,100000
jaou7_7200c,0.4651788079737942,12.241387128896168,0.07770456505401878,100000
jaou7_7335c,0.4651788079737942,11.742944428471942,0.07647333910705065,100000
jaou7_7400c,0.4651788079737942,11.50972552637996,0.07588130216873079,100000
jaou7_7450c,0.4651788079737942,11.33340231034168,0.07542616010352937,100000
jaou7_7500c,0.4651788079737942,11.159516956534144,0.07497163928450824,100000
jaou7_7542c,0.4651788079737942,11.015424314461818,0.07459020998075487,100000
jaou7_7550c,0.4651788079737942,10.98817746704249,0.07451760290996984,100000
jaou7_7600c,0.4651788079737942,10.819264388628774,0.07406425001306047,100000
jaou7_7610c,0.4651788079737942,10.785776153494664,0.0739736587748621,100000
jaou7_7705c,0.4651788079737942,10.472418150232413,0.07311457149413955,100000
jaou7_7710c,0.4651788079737942,10.456170871842213,0.07306942627113201,100000
jaou7_7725c,0.4651788079737942,10.40756516750848,0.07293404915320789,100000
jaou7_5800p,0.4651788079737942,6.274962542318806,0.03046310898356467,100000
jaou7_5900p,0.4651788079737942,6.684804963659578,0.03160236551623796,100000
jaou7_6000p,0.4651788079737942,7.108720320655909,0.03274182837543882,100000
jaou7_6200p,0.4651788079737942,7.998029118723256,0.03501768244888396,100000
jaou7_6420p,0.4651788079737942,9.03609854480029,0.03751405514184288,100000
jaou7_6500p,0.4651788079737942,9.42928404292508,0.03841688598179022,100000
jaou7_6750p,0.4651788079737942,10.70799350040309,0.04122065735839981,100000
jaou7_6800p,0.4651788079737942,10.97310163041824,0.04177625325743898,100000
jaou7_6900p,0.4651788079737942,11.512493284560938,0.04288152763714394,100000
jaou7_7000p,0.4651788079737942,12.063896720086847,0.043978455830067216,100000
jaou7_7400p,0.4651788079737942,14.38034464869094,0.048283203870363264,100000
jaou7_7450p,0.4651788079737942,14.681825801581581,0.04881095798107819,100000
jaou7_7500p,0.4651788079737942,14.985744816702967,0.0493365552474685,100000
jaou7_6820c,0.4690953200573281,13.85286163942032,0.08202637703032986,100000
jaou7_6825c,0.4690953200573281,13.831928342600712,0.08198105806938878,100000
jaou7_6860c,0.4690953200573281,13.686286909056056,0.08166354057680293,100000
jaou7_6900c,0.4690953200573281,13.5217123733185,0.08130013000138255,100000
jaou7_6905c,0.4690953200573281,13.501273067971999,0.08125467787283543,100000
jaou7_6930c,0.4690953200573281,13.399491526941727,0.0810273786652326,100000
jaou7_7000c,0.4690953200573281,13.118432252600961,0.08039021897418919,100000
jaou7_7110c,0.4690953200573281,12.688044471218642,0.07938770564252216,100000
jaou7_7200c,0.4690953200573281,12.345579331775898,0.07856747880207023,100000
jaou7_7335c,0.4690953200573281,11.8479305127939,0.07733803943600238,100000
jaou7_7400c,0.4690953200573281,11.615042611758536,0.07674685192466371,100000
jaou7_7450c,0.4690953200573281,11.438937275061349,0.07629237792464791,100000
jaou7_7500c,0.4690953200573281,11.265245444580211,0.07583852575312323,100000
jaou7_7542c,0.4690953200573281,11.121307149644364,0.07545764205502542,100000
jaou7_7550c,0.4690953200573281,11.094084668594165,0.07538514340488627,100000
jaou7_7600c,0.4690953200573281,10.925322413077419,0.07493244871232452,100000
jaou7_7610c,0.4690953200573281,10.891860860998195,0.07484198971966667,100000
jaou7_7705c,0.4690953200573281,10.57873218018788,0.07398411858048902,100000
jaou7_7710c,0.4690953200573281,10.562493858355037,0.07393903804587662,100000
jaou7_7725c,0.4690953200573281,10.513918622602121,0.07380384756239126,100000
jaou7_5800p,0.4690953200573281,6.361160253213685,0.03073710257582277,100000
jaou7_5900p,0.4690953200573281,6.7731086829554465,0.03187716286247625,100000
jaou7_6000p,0.4690953200573281,7.199064892724897,0.03301720673563861,100000
jaou7_6200p,0.4690953200573281,8.091967683536987,0.03529423476906712,100000
jaou7_6420p,0.4690953200573281,9.1335609400194,0.037791268162682745,100000
jaou7_6500p,0.4690953200573281,9.527855532042022,0.03869436586633174,100000
jaou7_6750p,0.4690953200573281,10.809679078661933,0.04149856691130735,100000
jaou7_6800p,0.4690953200573281,11.075358137769289,0.04205416480045063,100000
jaou7_6900p,0.4690953200573281,11.61581302789282,0.04315944139648771,100000
jaou7_7000p,0.4690953200573281,12.168141645033124,0.044256474324367516,100000
jaou7_7400p,0.4690953200573281,14.48718695562205,0.04856227730898421,100000
jaou7_7450p,0.4690953200573281,14.788885987853783,0.04909022347710543,100000
jaou7_7500p,0.4690953200573281,15.092998526301566,0.04961603507309139,100000
jaou7_6820c,0.47301183214086207,13.953755673350946,0.08288870173514926,100000
jaou7_6825c,0.47301183214086207,13.932880796728572,0.0828434291120059,100000
jaou7_6860c,0.47301183214086207,13.787619989074997,0.08252627608849822,100000
jaou7_6900c,0.47301183214086207,13.623449918365901,0.08216331648587011,100000
jaou7_6905c,0.47301183214086207,13.603054027071884,0.08211793134945655,100000
jaou7_6930c,0.47301183214086207,13.50150862141361,0.08189093122765469,100000
jaou7_7000c,0.47301183214086207,13.221083962575998,0.08125461372131548,100000
jaou7_7110c,0.47301183214086207,12.791579305876395,0.08025349028779998,100000
jaou7_7200c,0.47301183214086207,12.44971699960997,0.07943447926615373,100000
jaou7_7335c,0.47301183214086207,11.952862590659167,0.07820683513611366,100000
jaou7_7400c,0.47301183214086207,11.720306652737383,0.07761650157189685,100000
jaou7_7450c,0.47301183214086207,11.544418398246492,0.07716270206091831,100000
jaou7_7500c,0.47301183214086207,11.37092459027775,0.07670951763254452,100000
jaou7_7542c,0.47301183214086207,11.22714024129762,0.0763291854775751,100000
jaou7_7550c,0.47301183214086207,11.199946359562102,0.07625679007962013,100000
jaou7_7600c,0.47301183214086207,11.031338418692387,0.07580475552683133,100000
jaou7_7610c,0.47301183214086207,10.997902637060275,0.07571443158786081,100000
jaou7_7705c,0.47301183214086207,10.685011408729148,0.07485778021177983,100000
jaou7_7710c,0.47301183214086207,10.668781465931426,0.0748127660575334,100000
jaou7_7725c,0.47301183214086207,10.620238702718686,0.074677762005275,100000
jaou7_5800p,0.47301183214086207,6.447442203541864,0.03100978805618972,100000
jaou7_5900p,0.47301183214086207,6.8615042347216955,0.03215057150166197,100000
jaou7_6000p,0.47301183214086207,7.289475622610226,0.03329119155329332,100000
jaou7_6200p,0.47301183214086207,8.185897610417555,0.03556945510855556,100000
jaou7_6420p,0.47301183214086207,9.23102299771307,0.038067039475125894,100000
jaou7_6500p,0.47301183214086207,9.62642481008791,0.03897038024257902,100000
jaou7_6750p,0.47301183214086207,10.911347669888354,0.04177497980033497,100000
jaou7_6800p,0.47301183214086207,11.177588705769834,0.042330593101586815,100000
jaou7_6900p,0.47301183214086207,11.719089842826044,0.04343590092346352,100000
jaou7_7000p,0.47301183214086207,12.27233262489398,0.04453305698475293,100000
jaou7_7400p,0.47301183214086207,14.593990266486719,0.04883986401937724,100000
jaou7_7450p,0.47301183214086207,14.895906380924746,0.049368007567618374,100000
jaou7_7500p,0.47301183214086207,15.200216941884923,0.04989402360543257,100000
jaou7_6820c,0.47692834422439606,14.05461216902824,0.0837550991378641,100000
jaou7_6825c,0.47692834422439606,14.033791927320301,0.08370987916135153,100000
jaou7_6860c,0.47692834422439606,13.88891081064073,0.08339309202160904,100000
jaou7_6900c,0.47692834422439606,13.725124859772327,0.08303061715972956,100000
jaou7_6905c,0.47692834422439606,13.70477531712989,0.08298529415766116,100000
jaou7_6930c,0.47692834422439606,13.60347620838954,0.0827585763891489,100000
jaou7_7000c,0.47692834422439606,13.323674352599754,0.08212312121888754,100000
jaou7_7110c,0.47692834422439606,12.895052852117773,0.08112339046172146,100000
jaou7_7200c,0.47692834422439606,12.55380043817013,0.08030558820437576,100000
jaou7_7335c,0.47692834422439606,12.057735721595431,0.07907975588863017,100000
jaou7_7400c,0.47692834422439606,11.825517996855513,0.07849027262435226,100000
jaou7_7450c,0.47692834422439606,11.64984399862356,0.07803715695940278,100000
jaou7_7500c,0.47692834422439606,11.476557159635094,0.07758463266033008,100000
jaou7_7542c,0.47692834422439606,11.332926087198935,0.07720485830599383,100000
jaou7_7550c,0.47692834422439606,11.305757729140447,0.0771325717207832,100000
jaou7_7600c,0.47692834422439606,11.137309919745345,0.07668119566486072,100000
jaou7_7610c,0.47692834422439606,11.10390214740161,0.076591004972932,100000
jaou7_7705c,0.47692834422439606,10.791253251578157,0.07573558133286191,100000
jaou7_7710c,0.47692834422439606,10.775032082530847,0.07569063384256533,100000
jaou7_7725c,0.47692834422439606,10.726523503572059,0.07555581637414964,100000
jaou7_5800p,0.47692834422439606,6.5337974439416175,0.03128118259019313,100000
jaou7_5900p,0.47692834422439606,6.949966097768168,0.032422641933258556,100000
jaou7_6000p,0.47692834422439606,7.379973621419375,0.03356373450122115,100000
jaou7_6200p,0.47692834422439606,8.2798280244475,0.035843321692665554,100000
jaou7_6420p,0.47692834422439606,9.328486457947276,0.03834136625125399,100000
jaou7_6500p,0.47692834422439606,9.724962174025809,0.03924500423789576,100000
jaou7_6750p,0.47692834422439606,11.012988513486258,0.0420499272773796,100000
jaou7_6800p,0.47692834422439606,11.279785852323002,0.04260556123520039,100000
jaou7_6900p,0.47692834422439606,11.822318136101613,0.0437109248702806,100000
jaou7_7000p,0.47692834422439606,12.376476366786878,0.04480818908256041,100000
jaou7_7400p,0.47692834422439606,14.700754962473992,0.049115966136273344,100000
jaou7_7450p,0.47692834422439606,15.002885333170953,0.0496443183727856,100000
jaou7_7500p,0.47692834422439606,15.30740286311141,0.05017051528233634,100000
jaou7_6820c,0.48084485630793006,14.155420164390806,0.08462560995619381,100000
jaou7_6825c,0.48084485630793006,14.13465269013402,0.08458044572585345,100000
jaou7_6860c,0.48084485630793006,13.990152583849202,0.08426402204802907,100000
jaou7_6900c,0.48084485630793006,13.826748053439935,0.08390203639744208,100000
jaou7_6905c,0.48084485630793006,13.806448564304908,0.08385676939465499,100000
jaou7_6930c,0.48084485630793006,13.705387839378998,0.08363034715797864,100000
jaou7_7000c,0.48084485630793006,13.426209296098026,0.08299575432156656,100000
jaou7_7110c,0.48084485630793006,12.998469875763785,0.08199742100778853,100000
jaou7_7200c,0.48084485630793006,12.657820479848715,0.081180842381373,100000
jaou7_7335c,0.48084485630793006,12.16254913901555,0.07995682515842843,100000
jaou7_7400c,0.48084485630793006,11.930677020325325,0.07936818673838597,100000
jaou7_7450c,0.48084485630793006,11.755212841511979,0.07891576658506758,100000
jaou7_7500c,0.48084485630793006,11.582137324203766,0.07846390151143448,100000
jaou7_7542c,0.48084485630793006,11.438664687617003,0.078084682487081,100000
jaou7_7550c,0.48084485630793006,11.411517499172932,0.0780125121167766,100000
jaou7_7600c,0.48084485630793006,11.243234460930628,0.07756179449040321,100000
jaou7_7610c,0.48084485630793006,11.209857106679953,0.07747173496292288,100000
jaou7_7705c,0.48084485630793006,10.897457001826075,0.07661754442560581,100000
jaou7_7710c,0.48084485630793006,10.88124776933337,0.07657265992613457,100000
jaou7_7725c,0.48084485630793006,10.832771308205146,0.07643803451357553,100000
jaou7_5800p,0.48084485630793006,6.620266125759278,0.03155119762073246,100000
jaou7_5900p,0.48084485630793006,7.03849341657799,0.0326933721036448,100000
jaou7_6000p,0.48084485630793006,7.470540478110824,0.03383487353087905,100000
jaou7_6200p,0.48084485630793006,8.373785932569103,0.03611577183377185,100000
jaou7_6420p,0.48084485630793006,9.425945707176881,0.03861426362809426,100000
jaou7_6500p,0.48084485630793006,9.823481867131143,0.03951820464490847,100000
jaou7_6750p,0.48084485630793006,11.11460571431269,0.042323401794597294,100000
jaou7_6800p,0.48084485630793006,11.381935433495306,0.04287910995318488,100000
jaou7_6900p,0.48084485630793006,11.925508797631158,0.043984487367288036,100000
jaou7_7000p,0.48084485630793006,12.480578778147086,0.04508185804578032,100000
jaou7_7400p,0.48084485630793006,14.80748145380574,0.049390585710898466,100000
jaou7_7450p,0.48084485630793006,15.109821643921315,0.04991916267207089,100000
jaou7_7500p,0.48084485630793006,15.414550495542018,0.05044553072536909,100000
jaou7_6820c,0.484761368391464,14.256175816016551,0.08550026309212587,100000
jaou7_6825c,0.484761368391464,14.235463352066404,0.08545515083964891,100000
jaou7_6860c,0.484761368391464,14.091337433931534,0.08513910175818169,100000
jaou7_6900c,0.484761368391464,13.928316264635445,0.0847776020457167,100000
jaou7_6905c,0.484761368391464,13.908065582636754,0.08473239313612309,100000
jaou7_6930c,0.484761368391464,13.807243143104625,0.08450626670656239,100000
jaou7_7000c,0.484761368391464,13.528700973813773,0.0838725159369426,100000
jaou7_7110c,0.484761368391464,13.101825006020986,0.08287561306902336,100000
jaou7_7200c,0.484761368391464,12.761780605334202,0.08206025896317799,100000
jaou7_7335c,0.484761368391464,12.267305150914286,0.0808380619264674,100000
jaou7_7400c,0.484761368391464,12.035778981884816,0.08025027346731235,100000
jaou7_7450c,0.484761368391464,11.860528330171844,0.07979854819626317,100000
jaou7_7500c,0.484761368391464,11.687668088324196,0.07934734198726638,100000
jaou7_7542c,0.484761368391464,11.544351991122673,0.07896868610738811,100000
jaou7_7550c,0.484761368391464,11.517228029836632,0.07889662993546748,100000
jaou7_7600c,0.484761368391464,11.34911231667059,0.07844657360570959,100000
jaou7_7610c,0.484761368391464,11.315767427495876,0.07835664366660441,100000
jaou7_7705c,0.484761368391464,11.00362068667215,0.07750369399292686,100000
jaou7_7710c,0.484761368391464,10.987425848037693,0.07745886980520801,100000
jaou7_7725c,0.484761368391464,10.938981410262718,0.07732443905252245,100000
jaou7_5800p,0.484761368391464,6.70682198015051,0.031819883644585364,100000
jaou7_5900p,0.484761368391464,7.12711793628959,0.03296269065026893,100000
jaou7_6000p,0.484761368391464,7.56116602228735,0.034104629199931895,100000
jaou7_6200p,0.484761368391464,8.467790763928909,0.036386760585401176,100000
jaou7_6420p,0.484761368391464,9.523390655672953,0.038885757748013804,100000
jaou7_6500p,0.484761368391464,9.92199315892909,0.03978996054406875,100000
jaou7_6750p,0.484761368391464,11.216200737122165,0.04259540271230021,100000
jaou7_6800p,0.484761368391464,11.4840597567792,0.04315118342117881,100000
jaou7_6900p,0.484761368391464,12.028658627051934,0.04425660071084038,100000
jaou7_7000p,0.484761368391464,12.584652074088101,0.04535403376809766,100000
jaou7_7400p,0.484761368391464,14.914165033590496,0.04966374010922988,100000
jaou7_7450p,0.484761368391464,15.216718750806441,0.05019253319155513,100000
jaou7_7500p,0.484761368391464,15.52166287788771,0.05071906361555054,100000
jaou7_6820c,0.48867788047499794,14.35688927789718,0.0863790642921896,100000
jaou7_6825c,0.48867788047499794,14.336233350176434,0.08633400143662953,100000
jaou7_6860c,0.48867788047499794,14.192475548620873,0.08601833697524255,100000
jaou7_6900c,0.48867788047499794,14.029834833681457,0.08565732809075462,100000
jaou7_6905c,0.48867788047499794,14.009632872314066,0.08561217741981217,100000
jaou7_6930c,0.48867788047499794,13.909048822820889,0.08538634682640597,100000
jaou7_7000c,0.48867788047499794,13.631131802247898,0.08475345728286265,100000
jaou7_7110c,0.48867788047499794,13.205114568457748,0.08375799526796311,100000
jaou7_7200c,0.48867788047499794,12.865681985626715,0.08294385893123599,100000
jaou7_7335c,0.48867788047499794,12.372004100066377,0.08172348836631127,100000
jaou7_7400c,0.48867788047499794,12.140825093916115,0.0811365536070247,100000
jaou7_7450c,0.48867788047499794,11.965792103945669,0.08068552188960759,100000
jaou7_7500c,0.48867788047499794,11.793147391682945,0.08023497957649225,100000
jaou7_7542c,0.48867788047499794,11.649984634879884,0.07985689643244667,100000
jaou7_7550c,0.48867788047499794,11.622890790453246,0.07978494537019955,100000
jaou7_7600c,0.48867788047499794,11.454944547215849,0.07933555369569613,100000
jaou7_7610c,0.48867788047499794,11.421630387598663,0.07924575720979753,100000
jaou7_7705c,0.48867788047499794,11.109747294911891,0.07839404771019308,100000
jaou7_7710c,0.48867788047499794,11.09356463453548,0.07834928777700202,100000
jaou7_7725c,0.48867788047499794,11.045154078956656,0.07821505146654617,100000
jaou7_5800p,0.48867788047499794,6.793485430043971,0.03208719340644329,100000
jaou7_5900p,0.48867788047499794,7.2158019793553665,0.03323067576145321,100000
jaou7_6000p,0.48867788047499794,7.651837796882154,0.034373026687495555,100000
jaou7_6200p,0.48867788047499794,8.561799530734639,0.036656387702150246,100000
jaou7_6420p,0.48867788047499794,9.620822795256645,0.039155846523509404,100000
jaou7_6500p,0.48867788047499794,10.02047802569269,0.04006031884275517,100000
jaou7_6750p,0.48867788047499794,11.317743894321804,0.04286601131388042,100000
jaou7_6800p,0.48867788047499794,11.586151920483738,0.043421803376625025,100000
jaou7_6900p,0.48867788047499794,12.13177299941974,0.04452725379906942,100000
jaou7_7000p,0.48867788047499794,12.688678705844017,0.04562476855821945,100000
jaou7_7400p,0.48867788047499794,15.020806948943587,0.04993542883904911,100000
jaou7_7450p,0.48867788047499794,15.323578327902062,0.050464427973974664,100000
jaou7_7500p,0.48867788047499794,15.628737984568255,0.050991123093035585,100000
jaou7_6820c,0.49259439255853193,14.457560193217398,0.0872620370513134,100000
jaou7_6825c,0.49259439255853193,14.436960532200043,0.08721702402097593,100000
jaou7_6860c,0.49259439255853193,14.293549132202388,0.08690177998708505,100000
jaou7_6900c,0.49259439255853193,14.131298131811885,0.08654124668852389,100000
jaou7_6905c,0.49259439255853193,14.111143461013256,0.08649615662850377,100000
jaou7_6930c,0.49259439255853193,14.010799146737462,0.08627061982175865,100000
jaou7_7000c,0.49259439255853193,13.733500060048339,0.08563860410666829,100000
jaou7_7110c,0.49259439255853193,13.30833760058361,0.08464459209771735,100000
jaou7_7200c,0.49259439255853193,12.96952744704843,0.08383166088210028,100000
jaou7_7335c,0.49259439255853193,12.476640117423521,0.08261313625931833,100000
jaou7_7400c,0.49259439255853193,12.245813506895463,0.0820270527301025,100000
jaou7_7450c,0.49259439255853193,12.07100316355733,0.08157671189827,100000
jaou7_7500c,0.49259439255853193,11.898574007997965,0.08112683873031346,100000
jaou7_7542c,0.49259439255853193,11.755565540614876,0.08074933174778162,100000
jaou7_7550c,0.49259439255853193,11.72850433668489,0.080677483081838,100000
jaou7_7600c,0.49259439255853193,11.560729117057658,0.08022876013402974,100000
jaou7_7610c,0.49259439255853193,11.527445933014718,0.08013909807432908,100000
jaou7_7705c,0.49259439255853193,11.215833754555893,0.07928863208318807,100000
jaou7_7710c,0.49259439255853193,11.199664675243577,0.07924393519773121,100000
jaou7_7725c,0.49259439255853193,11.151289624275341,0.07910989340310172,100000
jaou7_5800p,0.49259439255853193,6.880242427862568,0.03235315263411668,100000
jaou7_5900p,0.49259439255853193,7.304576809269751,0.03349725669528375,100000
jaou7_6000p,0.49259439255853193,7.742545965395235,0.034640085792543344,100000
jaou7_6200p,0.49259439255853193,8.655829392210597,0.03692461305661563,100000
jaou7_6420p,0.49259439255853193,9.718223275442915,0.039424577682982874,100000
jaou7_6500p,0.49259439255853193,10.118927556990334,0.04032930381312384,100000
jaou7_6750p,0.49259439255853193,11.419255926650855,0.043135175996405616,100000
jaou7_6800p,0.49259439255853193,11.688207564978502,0.04369098472888949,100000
jaou7_6900p,0.49259439255853193,12.234846321065989,0.044796465418757224,100000
jaou7_7000p,0.49259439255853193,12.792656987160282,0.04589407074454756,100000
jaou7_7400p,0.49259439255853193,15.127405385438758,0.05020566061225779,100000
jaou7_7450p,0.49259439255853193,15.430399411029546,0.05073485303140082,100000
jaou7_7500p,0.49259439255853193,15.7357746243991,0.05126171575920202,100000
jaou7_6820c,0.49651090464206593,14.558184681288921,0.08814921089854925,100000
jaou7_6825c,0.49651090464206593,14.537637762712501,0.0881042535212346,100000
jaou7_6860c,0.49651090464206593,14.39456093695285,0.08778944930881517,100000
jaou7_6900c,0.49651090464206593,14.232703648692976,0.08742938506869145,100000
jaou7_6905c,0.49651090464206593,14.212597082957267,0.08738435432804097,100000
jaou7_6930c,0.49651090464206593,14.112491709365012,0.08715911278741617,100000
jaou7_7000c,0.49651090464206593,13.83580910914955,0.08652797418854065,100000
jaou7_7110c,0.49651090464206593,13.411492456002957,0.0855354293237617,100000
jaou7_7200c,0.49651090464206593,13.073312057195082,0.08472369566392914,100000
jaou7_7335c,0.49651090464206593,12.58121793968405,0.08350702152447897,100000
jaou7_7400c,0.49651090464206593,12.350743262612417,0.08292179527556211,100000
jaou7_7450c,0.49651090464206593,12.176160663014976,0.08247214242431453,100000
jaou7_7500c,0.49651090464206593,12.00394880924648,0.08202294102376154,100000
jaou7_7542c,0.49651090464206593,11.861096743887638,0.08164601185902809,100000
jaou7_7550c,0.49651090464206593,11.834068293146766,0.0815742663723164,100000
jaou7_7600c,0.49651090464206593,11.666465915906802,0.08112621572516475,100000
jaou7_7610c,0.49651090464206593,11.633211531679851,0.0810366925200505,100000
jaou7_7705c,0.49651090464206593,11.321878629461331,0.08018747151265405,100000
jaou7_7710c,0.49651090464206593,11.305723966179167,0.0801428372561389,100000
jaou7_7725c,0.49651090464206593,11.257385699907145,0.08000899048417875,100000
jaou7_5800p,0.49651090464206593,6.967088171653515,0.03261776773539804,100000
jaou7_5900p,0.49651090464206593,7.3934345611222625,0.03376244808091987,100000
jaou7_6000p,0.49651090464206593,7.8332872734337995,0.034905811854862655,100000
jaou7_6200p,0.49651090464206593,8.749882613345248,0.037191431614314256,100000
jaou7_6420p,0.49651090464206593,9.815603056082486,0.039691925856592224,100000
jaou7_6500p,0.49651090464206593,10.217360566359764,0.040596870518007235,100000
jaou7_6750p,0.49651090464206593,11.520737118699243,0.04340289924241635,100000
jaou7_6800p,0.49651090464206593,11.790231210653644,0.043958718655015265,100000
jaou7_6900p,0.49651090464206593,12.337876117120338,0.0450642458275682,100000
jaou7_7000p,0.49651090464206593,12.896590315434754,0.0461619344801873,100000
jaou7_7400p,0.49651090464206593,15.233959420328974,0.05047444144303804,100000
jaou7_7450p,0.49651090464206593,15.537181189660453,0.05100381390944267,100000
jaou7_7500p,0.49651090464206593,15.842773704820877,0.05153084177442358,100000
jaou7_6820c,0.5004274167255999,14.658757265906907,0.0890406181758116,100000
jaou7_6825c,0.5004274167255999,14.63825797384141,0.08899572487728963,100000
jaou7_6860c,0.5004274167255999,14.495524934369609,0.08868134529004741,100000
jaou7_6900c,0.5004274167255999,14.334056522489183,0.08832175819477901,100000
jaou7_6905c,0.5004274167255999,14.314001236938394,0.08827678163881922,100000
jaou7_6930c,0.5004274167255999,14.2141373178174,0.08805183154281465,100000
jaou7_7000c,0.5004274167255999,13.938054724249472,0.0874215976492304,100000
jaou7_7110c,0.5004274167255999,13.514582957385327,0.08643052431858599,100000
jaou7_7200c,0.5004274167255999,13.17704065199896,0.08561997918392408,100000
jaou7_7335c,0.5004274167255999,12.68573883154693,0.08440516554694975,100000
jaou7_7400c,0.5004274167255999,12.455614848807306,0.08382080372687584,100000
jaou7_7450c,0.5004274167255999,12.28126033986826,0.08337184290557378,100000
jaou7_7500c,0.5004274167255999,12.109268216815547,0.08292331476433004,100000
jaou7_7542c,0.5004274167255999,11.966577194470744,0.0825469612834086,100000
jaou7_7550c,0.5004274167255999,11.93957875807173,0.08247532387784577,100000
jaou7_7600c,0.5004274167255999,11.772151868341128,0.08202794775076355,100000
jaou7_7610c,0.5004274167255999,11.738929978653653,0.08193855936291239,100000
jaou7_7705c,0.5004274167255999,11.427882934029336,0.08109058715818267,100000
jaou7_7710c,0.5004274167255999,11.411740093526664,0.08104601993364004,100000
jaou7_7725c,0.5004274167255999,11.363439406453644,0.080912369323121,100000
jaou7_5800p,0.5004274167255999,7.054017989815965,0.03288104511428496,100000
jaou7_5900p,0.5004274167255999,7.482358479797743,0.03402628382382059,100000
jaou7_6000p,0.5004274167255999,7.924059900182247,0.03517020706681273,100000
jaou7_6200p,0.5004274167255999,8.843952582279895,0.037456858846999674,100000
jaou7_6420p,0.5004274167255999,9.912982619924822,0.039957842218636366,100000
jaou7_6500p,0.5004274167255999,10.315768464161271,0.040863042582541836,100000
jaou7_6750p,0.5004274167255999,11.622173742378987,0.04366922065601821,100000
jaou7_6800p,0.5004274167255999,11.892227354985037,0.04422499645230624,100000
jaou7_6900p,0.5004274167255999,12.440867561578173,0.045330584347444566,100000
jaou7_7000p,0.5004274167255999,13.000474501196303,0.04642837508738036,100000
jaou7_7400p,0.5004274167255999,15.340469577185488,0.050741772971984365,100000
jaou7_7450p,0.5004274167255999,15.643919437175361,0.051271326568176276,100000
jaou7_7500p,0.5004274167255999,15.949731683051567,0.05179851495623232,100000
