contract_id,sigma,model_price,pricing_se,n_paths
jaou7_6820c,0.34434514378305897,11.320443774051647,0.058006092392262155,100000
jaou7_6825c,0.34434514378305897,11.296487193951343,0.05795950822815537,100000
jaou7_6860c,0.34434514378305897,11.129979364789868,0.05763282571676793,100000
jaou7_6900c,0.34434514378305897,10.942182434700998,0.057258334690617765,100000
jaou7_6905c,0.34434514378305897,10.918895011466951,0.057211441021720516,100000
jaou7_6930c,0.34434514378305897,10.803060965561006,0.056976746269605666,100000
jaou7_7000c,0.34434514378305897,10.483854232983322,0.056318113116922384,100000
jaou7_7110c,0.34434514378305897,9.997687891213214,0.05527896760261881,100000
jaou7_7200c,0.34434514378305897,9.614553324813022,0.05442455442864746,100000
jaou7_7335c,0.34434514378305897,9.063983222841559,0.05313806872102057,100000
jaou7_7400c,0.34434514378305897,8.808813546064197,0.052517687933783336,100000
jaou7_7450c,0.34434514378305897,8.616728224488927,0.05204051070239151,100000
jaou7_7500c,0.34434514378305897,8.428055611815532,0.05156384887220733,100000
jaou7_7542c,0.34434514378305897,8.272381469979733,0.051163618272495444,100000
jaou7_7550c,0.34434514378305897,8.243005748147024,0.051087427612365746,100000
jaou7_7600c,0.34434514378305897,8.061307494117951,0.050611751238887635,100000
jaou7_7610c,0.34434514378305897,8.025390047624228,0.05051667921541205,100000
jaou7_7705c,0.34434514378305897,7.691136999508681,0.049614745722648956,100000
jaou7_7710c,0.34434514378305897,7.673876677855409,0.04956736926783277,100000
jaou7_7725c,0.34434514378305897,7.622311106438821,0.049425273593876815,100000
jaou7_5800p,0.34434514378305897,3.3055477198619805,0.02016684238862914,100000
jaou7_5900p,0.34434514378305897,3.617273224652498,0.021244631619793248,100000
jaou7_6000p,0.34434514378305897,3.946047426962919,0.022334054534503073,100000
jaou7_6200p,0.34434514378305897,4.654690755496642,0.02454045160335844,100000
jaou7_6420p,0.34434514378305897,5.51279819981119,0.02699493857103608,100000
jaou7_6500p,0.34434514378305897,5.845760485228706,0.027889767382660677,100000
jaou7_6750p,0.34434514378305897,6.957868770043,0.0306807162301631,100000
jaou7_6800p,0.34434514378305897,7.192688451760012,0.031237379080329444,100000
jaou7_6900p,0.34434514378305897,7.675004658407497,0.032346529214001433,100000
jaou7_7000p,0.34434514378305897,8.17351302343409,0.03345014615761192,100000
jaou7_7400p,0.34434514378305897,10.325818603492047,0.03777787328378302,100000
jaou7_7450p,0.34434514378305897,10.61215156528891,0.03830644987851737,100000
jaou7_7500p,0.34434514378305897,10.901897235987649,0.038832626137178354,100000
jaou7_6820c,0.3482312204060177,11.42057798523921,0.05874224775212114,100000
jaou7_6825c,0.3482312204060177,11.396697262766347,0.05869569275771913,100000
jaou7_6860c,0.3482312204060177,11.230727864498736,0.05836918782353071,100000
jaou7_6900c,0.3482312204060177,11.043502446691711,0.05799495818573934,100000
jaou7_6905c,0.3482312204060177,11.020284151126631,0.057948099537162574,100000
jaou7_6930c,0.3482312204060177,10.904761959100455,0.057713637183695404,100000
jaou7_7000c,0.3482312204060177,10.586399177350271,0.05705564475453002,100000
jaou7_7110c,0.3482312204060177,10.101433158786536,0.05601753374538628,100000
jaou7_7200c,0.3482312204060177,9.71914978776109,0.05516400064414527,100000
jaou7_7335c,0.3482312204060177,9.169561367073795,0.05387898570376212,100000
jaou7_7400c,0.3482312204060177,8.914748033111522,0.05325934647981861,100000
jaou7_7450c,0.3482312204060177,8.722867962376657,0.05278277858498529,100000
jaou7_7500c,0.3482312204060177,8.53436622180185,0.052306714718277546,100000
jaou7_7542c,0.3482312204060177,8.378809520043982,0.05190697519820306,100000
jaou7_7550c,0.3482312204060177,8.349449590265122,0.05183088308712842,100000
jaou7_7600c,0.3482312204060177,8.16784489805296,0.051355789431735674,100000
jaou7_7610c,0.3482312204060177,8.131941047292845,0.05126083350076968,100000
jaou7_7705c,0.3482312204060177,7.79774730494857,0.05035996776058535,100000
jaou7_7710c,0.3482312204060177,7.780486228040426,0.050312646193341054,100000
jaou7_7725c,0.3482312204060177,7.728915984678968,0.05017071447462291,100000
jaou7_5800p,0.3482312204060177,3.382517033554243,0.02047953592158162,100000
jaou7_5900p,0.3482312204060177,3.697282135053774,0.021560191741257423,100000
jaou7_6000p,0.3482312204060177,4.02897497127259,0.022652057754086786,100000
jaou7_6200p,0.3482312204060177,4.743038286009212,0.024862213356062358,100000
jaou7_6420p,0.3482312204060177,5.606402166276619,0.027319387296553494,100000
jaou7_6500p,0.3482312204060177,5.941160804198205,0.028214743830124813,100000
jaou7_6750p,0.3482312204060177,7.057964453502336,0.031007060584534625,100000
jaou7_6800p,0.3482312204060177,7.293593007237551,0.03156388599458955,100000
jaou7_6900p,0.3482312204060177,7.777413804487836,0.03267325197271065,100000
jaou7_7000p,0.3482312204060177,8.277147101890668,0.033777266410871254,100000
jaou7_7400p,0.3482312204060177,10.432842224628997,0.038106058996601216,100000
jaou7_7450p,0.3482312204060177,10.719380437266265,0.03863491031724401,100000
jaou7_7500p,0.3482312204060177,11.009296980063594,0.039161369657263224,100000
jaou7_6820c,0.3521172970289765,11.520712680404072,0.05948170126481694,100000
jaou7_6825c,0.3521172970289765,11.496912376669847,0.05943516589923411,100000
jaou7_6860c,0.3521172970289765,11.331460207344415,0.05910887517304648,100000
jaou7_6900c,0.3521172970289765,11.144802658111065,0.058734909181122105,100000
jaou7_6905c,0.3521172970289765,11.121649197404217,0.058688093179534856,100000
jaou7_6930c,0.3521172970289765,11.006435671036202,0.058453866625328414,100000
jaou7_7000c,0.3521172970289765,10.688917212522274,0.05779650807236168,100000
jaou7_7110c,0.3521172970289765,10.205140533074779,0.05675944608022157,100000
jaou7_7200c,0.3521172970289765,9.823709635816188,0.055906790253953946,100000
jaou7_7335c,0.3521172970289765,9.275099584252583,0.05462325878546749,100000
jaou7_7400c,0.3521172970289765,9.020643255932097,0.054004366849267134,100000
jaou7_7450c,0.3521172970289765,8.828971342333423,0.0535284103540014,100000
jaou7_7500c,0.3521172970289765,8.640644817176096,0.05305294574951615,100000
jaou7_7542c,0.3521172970289765,8.485209525982343,0.05265369914766263,100000
jaou7_7550c,0.3521172970289765,8.45586539243858,0.05257770727440019,100000
jaou7_7600c,0.3521172970289765,8.274361055979044,0.05210319704250417,100000
jaou7_7610c,0.3521172970289765,8.238472092009474,0.05200835766376823,100000
jaou7_7705c,0.3521172970289765,7.904350811540639,0.051108566182385656,100000
jaou7_7710c,0.3521172970289765,7.88708975192317,0.05106129990142141,100000
jaou7_7725c,0.3521172970289765,7.8355174039358015,0.05091953305647248,100000
jaou7_5800p,0.3521172970289765,3.4597686780134556,0.020791161275283642,100000
jaou7_5900p,0.3521172970289765,3.7775846878226327,0.021874509993313734,100000
jaou7_6000p,0.3521172970289765,4.1121229501930925,0.02296880016882323,100000
jaou7_6200p,0.3521172970289765,4.831559441075907,0.025182545294594714,100000
jaou7_6420p,0.3521172970289765,5.700129844174905,0.027642273818978522,100000
jaou7_6500p,0.3521172970289765,6.036647044445474,0.028538167776850955,100000
jaou7_6750p,0.3521172970289765,7.158074983765166,0.03133183723182763,100000
jaou7_6800p,0.3521172970289765,7.3945167613933025,0.03188878951053412,100000
jaou7_6900p,0.3521172970289765,7.87981599205394,0.03299838925139694,100000
jaou7_7000p,0.3521172970289765,8.380767113209421,0.03410278462436506,100000
jaou7_7400p,0.3521172970289765,10.539839423596321,0.03843263477100082,100000
jaou7_7450p,0.3521172970289765,10.826585793369782,0.03896175754645865,100000
jaou7_7500p,0.3521172970289765,11.116677551584589,0.03948849438250608,100000
jaou7_6820c,0.35600337365193524,11.620847289397467,0.06022446904900511,100000
jaou7_6825c,0.35600337365193524,11.59712185202152,0.060177963436242175,100000
jaou7_6860c,0.35600337365193524,11.43218026817013,0.059851895508464426,100000
jaou7_6900c,0.35600337365193524,11.246075255878749,0.05947821789797806,100000
jaou7_6905c,0.35600337365193524,11.222985653106313,0.059431445876120405,100000
jaou7_6930c,0.35600337365193524,11.108091589069488,0.05919743222664755,100000
jaou7_7000c,0.35600337365193524,10.79140645291673,0.05854072239333586,100000
jaou7_7110c,0.35600337365193524,10.30881683401038,0.0575047084713502,100000
jaou7_7200c,0.35600337365193524,9.928229123218406,0.0566529461304803,100000
jaou7_7335c,0.35600337365193524,9.380598875627372,0.05537090250536054,100000
jaou7_7400c,0.35600337365193524,9.126498922671944,0.05475276561423493,100000
jaou7_7450c,0.35600337365193524,8.935037507636853,0.05427742334758548,100000
jaou7_7500c,0.35600337365193524,8.746888788674706,0.05380256192850315,100000
jaou7_7542c,0.35600337365193524,8.591580146280302,0.05340380777556988,100000
jaou7_7550c,0.35600337365193524,8.562253290220045,0.05332791540087429,100000
jaou7_7600c,0.35600337365193524,8.380854247413003,0.052853991929911456,100000
jaou7_7610c,0.35600337365193524,8.344981804403421,0.05275926894219788,100000
jaou7_7705c,0.35600337365193524,8.010945842174383,0.05186055784997241,100000
jaou7_7710c,0.35600337365193524,7.993685556758093,0.05181334722769619,100000
jaou7_7725c,0.35600337365193524,7.942113494751833,0.05167174629305136,100000
jaou7_5800p,0.35600337365193524,3.537348818597319,0.021101611971858333,100000
jaou7_5900p,0.35600337365193524,3.8581580120109034,0.022187600952529956,100000
jaou7_6000p,0.35600337365193524,4.195509328801343,0.023284229085225434,100000
jaou7_6200p,0.35600337365193524,4.9202507085571865,0.025501441428099906,100000
jaou7_6420p,0.35600337365193524,5.793973068823411,0.027963609092905992,100000
jaou7_6500p,0.35600337365193524,6.1322201852254805,0.028860033104617624,100000
jaou7_6750p,0.35600337365193524,7.258201673934261,0.03165504382718339,100000
jaou7_6800p,0.35600337365193524,7.4954499483863986,0.032212113800350065,100000
jaou7_6900p,0.35600337365193524,7.982203429620067,0.033321962310903196,100000
jaou7_7000p,0.35600337365193524,8.484371193402318,0.03442670894669233,100000
jaou7_7400p,0.35600337365193524,10.646809930134607,0.03875760540356143,100000
jaou7_7450p,0.35600337365193524,10.933766798471652,0.039286997682838914,100000
jaou7_7500p,0.35600337365193524,11.224036362881641,0.03981401107795335,100000
jaou7_6820c,0.35988945027489405,11.72097402649145,0.06097058138900661,100000
jaou7_6825c,0.35988945027489405,11.697326595911576,0.060924098882590566,100000
jaou7_6860c,0.35988945027489405,11.532882582020349,0.060598274663583966,100000
jaou7_6900c,0.35988945027489405,11.34731890808069,0.060224902367535305,100000
jaou7_6905c,0.35988945027489405,11.324288489678613,0.060178182647075695,100000
jaou7_6930c,0.35988945027489405,11.209715339973243,0.05994437665912234,100000
jaou7_7000c,0.35988945027489405,10.893858979096914,0.05928831827718426,100000
jaou7_7110c,0.35988945027489405,10.412454382181117,0.058253350984936676,100000
jaou7_7200c,0.35988945027489405,10.032703189735841,0.05740249356013149,100000
jaou7_7335c,0.35988945027489405,9.486057172204875,0.056121936742966685,100000
jaou7_7400c,0.35988945027489405,9.232311622887448,0.05550456469379864,100000
jaou7_7450c,0.35988945027489405,9.041063219310965,0.05502983897185431,100000
jaou7_7500c,0.35988945027489405,8.853099493952591,0.05455557691494885,100000
jaou7_7542c,0.35988945027489405,8.697920397423317,0.05415731832385077,100000
jaou7_7550c,0.35988945027489405,8.668611277058021,0.054081526304910005,100000
jaou7_7600c,0.35988945027489405,8.48732301097859,0.053608191719889065,100000
jaou7_7610c,0.35988945027489405,8.451468547604682,0.05351358516801491,100000
jaou7_7705c,0.35988945027489405,8.11753084299936,0.052615959657026215,100000
jaou7_7710c,0.35988945027489405,8.100272023057741,0.052568805119126163,100000
jaou7_7725c,0.35988945027489405,8.048702546588142,0.05242737112428674,100000
jaou7_5800p,0.35988945027489405,3.6152705848363262,0.02141084029588462,100000
jaou7_5900p,0.35988945027489405,3.9390059286009618,0.022499434559537363,100000
jaou7_6000p,0.35988945027489405,4.279150448882574,0.023598296321303742,100000
jaou7_6200p,0.35988945027489405,5.009055219338239,0.025818997909367224,100000
jaou7_6420p,0.35988945027489405,5.8879274144662315,0.0282833965302088,100000
jaou7_6500p,0.35988945027489405,6.22789503198115,0.02918030477505606,100000
jaou7_6750p,0.35988945027489405,7.358351901886478,0.031976664501993005,100000
jaou7_6800p,0.35988945027489405,7.596393848123227,0.0325338573958643,100000
jaou7_6900p,0.35988945027489405,8.084574807151563,0.03364397702645968,100000
jaou7_7000p,0.35988945027489405,8.587951444912058,0.03474906243216779,100000
jaou7_7400p,0.35988945027489405,10.75375035567967,0.03908098422788274,100000
jaou7_7450p,0.35988945027489405,11.040920235475324,0.03961064346692061,100000
jaou7_7500p,0.35988945027489405,11.331374793489084,0.040137919345018834,100000
jaou7_6820c,0.3637755268978528,11.821095412946855,0.06172004880332776,100000
jaou7_6825c,0.3637755268978528,11.79751809573735,0.061673603988589606,100000
jaou7_6860c,0.3637755268978528,11.633576696587706,0.061348010008963456,100000
jaou7_6900c,0.3637755268978528,11.448530127468057,0.06097498487250196,100000
jaou7_6905c,0.3637755268978528,11.42556366887527,0.06092830796411705,100000
jaou7_6930c,0.3637755268978528,11.311308904101653,0.06069471208139654,100000
jaou7_7000c,0.3637755268978528,10.996266741281342,0.06003932662286673,100000
jaou7_7110c,0.3637755268978528,10.51605514200062,0.05900538654981454,100000
jaou7_7200c,0.3637755268978528,10.137136794921632,0.0581554404002761,100000
jaou7_7335c,0.3637755268978528,9.591472256010872,0.05687638174989395,100000
jaou7_7400c,0.3637755268978528,9.338083096861663,0.056259777549942734,100000
jaou7_7450c,0.3637755268978528,9.147050449258321,0.05578567019608255,100000
jaou7_7500c,0.3637755268978528,8.959277566981102,0.055312005710003845,100000
jaou7_7542c,0.3637755268978528,8.804228210879701,0.0549142499383964,100000
jaou7_7550c,0.3637755268978528,8.774939072065434,0.054838556220877605,100000
jaou7_7600c,0.3637755268978528,8.593766959309805,0.05436581251724592,100000
jaou7_7610c,0.3637755268978528,8.557931271690185,0.05427132342720742,100000
jaou7_7705c,0.3637755268978528,8.224104080752186,0.053374788991943346,100000
jaou7_7710c,0.3637755268978528,8.206847584952323,0.053327690660150744,100000
jaou7_7725c,0.3637755268978528,8.155282896725794,0.05318642464305203,100000
jaou7_5800p,0.3637755268978528,3.6934916429407587,0.02171889183093361,100000
jaou7_5900p,0.3637755268978528,4.020101175866632,0.022810036436283,100000
jaou7_6000p,0.3637755268978528,4.3630020855918605,0.023911063404039843,100000
jaou7_6200p,0.3637755268978528,5.097980643123926,0.026135187534782924,100000
jaou7_6420p,0.3637755268978528,5.981974429158684,0.02860166948500788,100000
jaou7_6500p,0.3637755268978528,6.323640329550975,0.029499046091066287,100000
jaou7_6750p,0.3637755268978528,7.458527298638489,0.032296696461354336,100000
jaou7_6800p,0.3637755268978528,7.697352350319952,0.03285401300916536,100000
jaou7_6900p,0.3637755268978528,8.186926659565247,0.033964444438637394,100000
jaou7_7000p,0.3637755268978528,8.691499840122802,0.03506986845617669,100000
jaou7_7400p,0.3637755268978528,10.860662462680198,0.039402770427254284,100000
jaou7_7450p,0.3637755268978528,11.148048098448992,0.03993269313746367,100000
jaou7_7500p,0.3637755268978528,11.438693499543904,0.040460220818265065,100000
jaou7_6820c,0.36766160352081156,11.921198670102818,0.06247291138503878,100000
jaou7_6825c,0.36766160352081156,11.897693184051322,0.06242650042064483,100000
jaou7_6860c,0.36766160352081156,11.734255946602346,0.06210112998589567,100000
jaou7_6900c,0.36766160352081156,11.54971791878181,0.061728464345925355,100000
jaou7_6905c,0.36766160352081156,11.52682127288373,0.06168181880719104,100000
jaou7_6930c,0.36766160352081156,11.412872235864485,0.06144845453984604,100000
jaou7_7000c,0.36766160352081156,11.098638020602015,0.06079374844148056,100000
jaou7_7110c,0.36766160352081156,10.619623327980927,0.05976082420179906,100000
jaou7_7200c,0.36766160352081156,10.241535117122664,0.058911794302348074,100000
jaou7_7335c,0.36766160352081156,9.696844357337712,0.05763425377266306,100000
jaou7_7400c,0.36766160352081156,9.443812787966458,0.05701842161542065,100000
jaou7_7450c,0.36766160352081156,9.252997105916645,0.05654493681996494,100000
jaou7_7500c,0.36766160352081156,9.06542167246057,0.05607186667020599,100000
jaou7_7542c,0.36766160352081156,8.910502504541082,0.05567462034120324,100000
jaou7_7550c,0.36766160352081156,8.881236071736005,0.05559902206724738,100000
jaou7_7600c,0.36766160352081156,8.70018432209844,0.055126872794932995,100000
jaou7_7610c,0.36766160352081156,8.66436865962488,0.05503250140869434,100000
jaou7_7705c,0.36766160352081156,8.33066404516767,0.05413706311264778,100000
jaou7_7710c,0.36766160352081156,8.313410770127446,0.054090021007409284,100000
jaou7_7725c,0.36766160352081156,8.261852941393242,0.05394892407381245,100000
jaou7_5800p,0.36766160352081156,3.7719868514509827,0.022025783622806407,100000
jaou7_5900p,0.36766160352081156,4.1014367548609,0.023119396507882313,100000
jaou7_6000p,0.36766160352081156,4.447035997999511,0.0242225637559596,100000
jaou7_6200p,0.36766160352081156,5.18705671843707,0.026449941202442637,100000
jaou7_6420p,0.36766160352081156,6.07611188113801,0.028918427296424427,100000
jaou7_6500p,0.36766160352081156,6.419469820959034,0.02981622418568887,100000
jaou7_6750p,0.36766160352081156,7.558704890912463,0.032615193903548556,100000
jaou7_6800p,0.36766160352081156,7.798316243145078,0.03317260394630204,100000
jaou7_6900p,0.36766160352081156,8.289268014055281,0.03428334563555271,100000
jaou7_7000p,0.36766160352081156,8.795024682619756,0.03538911010046483,100000
jaou7_7400p,0.36766160352081156,10.967545716961277,0.039722969476319855,100000
jaou7_7450p,0.36766160352081156,11.2551483182836,0.040253156242068495,100000
jaou7_7500p,0.36766160352081156,11.545991168199661,0.04078092268996806,100000
jaou7_6820c,0.3715476801437703,12.0212889671278,0.06322917497305178,100000
jaou7_6825c,0.3715476801437703,11.997855289016426,0.0631827973660514,100000
jaou7_6860c,0.3715476801437703,11.834910828219215,0.06285766847960415,100000
jaou7_6900c,0.3715476801437703,11.650886254562362,0.0624853493949925,100000
jaou7_6905c,0.3715476801437703,11.628046614613504,0.06243875871991633,100000
jaou7_6930c,0.3715476801437703,11.514405300939199,0.06220562024377411,100000
jaou7_7000c,0.3715476801437703,11.200968521029619,0.06155160797893421,100000
jaou7_7110c,0.3715476801437703,10.723149395063539,0.060519697620696145,100000
jaou7_7200c,0.3715476801437703,10.34588292049124,0.05967159858704895,100000
jaou7_7335c,0.3715476801437703,9.802174771828163,0.058395567401748505,100000
jaou7_7400c,0.3715476801437703,9.549499632299215,0.057780515302071435,100000
jaou7_7450c,0.3715476801437703,9.358904766606068,0.0573076527757953,100000
jaou7_7500c,0.3715476801437703,9.171530408271334,0.05683517840797257,100000
jaou7_7542c,0.3715476801437703,9.016744656746162,0.05643844347850956,100000
jaou7_7550c,0.3715476801437703,8.987500751202502,0.05636294240155157,100000
jaou7_7600c,0.3715476801437703,8.806574525870296,0.055891389310397305,100000
jaou7_7610c,0.3715476801437703,8.770781544148173,0.05579713359746853,100000
jaou7_7705c,0.3715476801437703,8.437209416750155,0.05490279919420292,100000
jaou7_7710c,0.3715476801437703,8.419960156898666,0.05485581345256445,100000
jaou7_7725c,0.3715476801437703,8.368410988655414,0.05471488699387958,100000
jaou7_5800p,0.3715476801437703,3.8507433517315723,0.022331512501053995,100000
jaou7_5900p,0.3715476801437703,4.183004701705848,0.023427508895166583,100000
jaou7_6000p,0.3715476801437703,4.531273979275591,0.024532739462234606,100000
jaou7_6200p,0.3715476801437703,5.276252870137409,0.026763308225913156,100000
jaou7_6420p,0.3715476801437703,6.170318677181089,0.029233709475767304,100000
jaou7_6500p,0.3715476801437703,6.515374142814172,0.030131856621928292,100000
jaou7_6750p,0.3715476801437703,7.65890007312841,0.03293212229973695,100000
jaou7_6800p,0.3715476801437703,7.8992898672555985,0.033489621879698804,100000
jaou7_6900p,0.3715476801437703,8.39160286590426,0.034600673892041627,100000
jaou7_7000p,0.3715476801437703,8.898521699115785,0.035706801571739964,100000
jaou7_7400p,0.3715476801437703,11.07439907736246,0.040041588236169934,100000
jaou7_7450p,0.3715476801437703,11.362222495041447,0.0405720320758087,100000
jaou7_7500p,0.3715476801437703,11.653266420078845,0.041100032354140996,100000
jaou7_6820c,0.3754337567667291,12.121364544814634,0.0639888588351494,100000
jaou7_6825c,0.3754337567667291,12.098000986782637,0.06394251729020856,100000
jaou7_6860c,0.3754337567667291,11.93553689369579,0.06361764993030013,100000
jaou7_6900c,0.3754337567667291,11.752016746229303,0.06324569058572076,100000
jaou7_6905c,0.3754337567667291,11.729241579497037,0.0631991404550279,100000
jaou7_6930c,0.3754337567667291,11.615890781489536,0.06296625760625142,100000
jaou7_7000c,0.3754337567667291,11.30326137581744,0.062312916052228357,100000
jaou7_7110c,0.3754337567667291,10.826640205215353,0.06128201148521152,100000
jaou7_7200c,0.3754337567667291,10.450191026607413,0.06043485141928593,100000
jaou7_7335c,0.3754337567667291,9.907460544620585,0.059160344503706136,100000
jaou7_7400c,0.3754337567667291,9.655143130132082,0.05854607622964112,100000
jaou7_7450c,0.3754337567667291,9.464773887248729,0.058073833982185886,100000
jaou7_7500c,0.3754337567667291,9.277603129398265,0.057601958465000776,100000
jaou7_7542c,0.3754337567667291,9.12295202164398,0.057205739901119886,100000
jaou7_7550c,0.3754337567667291,9.093731608188483,0.05713033590336392,100000
jaou7_7600c,0.3754337567667291,8.912936762172881,0.05665937937004166,100000
jaou7_7610c,0.3754337567667291,8.877167981549468,0.05656523903123239,100000
jaou7_7705c,0.3754337567667291,8.543738551884,0.055672015117591865,100000
jaou7_7710c,0.3754337567667291,8.526494189869464,0.05562508570162291,100000
jaou7_7725c,0.3754337567667291,8.47495558531523,0.05548433082919284,100000
jaou7_5800p,0.3754337567667291,3.929771491194491,0.022636037912017955,100000
jaou7_5900p,0.3754337567667291,4.26478284067681,0.02373439235385605,100000
jaou7_6000p,0.3754337567667291,4.615743599673661,0.024841524973530836,100000
jaou7_6200p,0.3754337567667291,5.365593448861612,0.02707523073262536,100000
jaou7_6420p,0.3754337567667291,6.264608585330674,0.02954748272722274,100000
jaou7_6500p,0.3754337567667291,6.611358748404494,0.030445928819562793,100000
jaou7_6750p,0.3754337567667291,7.759108208142116,0.033247493833062254,100000
jaou7_6800p,0.3754337567667291,8.00025709734605,0.03380510670172299,100000
jaou7_6900p,0.3754337567667291,8.493912849564255,0.03491647655755171,100000
jaou7_7000p,0.3754337567667291,9.001994045896662,0.03602293864416302,100000
jaou7_7400p,0.3754337567667291,11.181222067188381,0.04035863199154318,100000
jaou7_7450p,0.3754337567667291,11.469271107677162,0.04088932305661157,100000
jaou7_7500p,0.3754337567667291,11.760518633198839,0.04141755506497735,100000
jaou7_6820c,0.3793198333896879,12.221428566804025,0.06475197311535852,100000
jaou7_6825c,0.3793198333896879,12.198138072163623,0.06470566154744663,100000
jaou7_6860c,0.3793198333896879,12.036130015599046,0.06438109826825596,100000
jaou7_6900c,0.3793198333896879,11.853120534207216,0.06400948354214908,100000
jaou7_6905c,0.3793198333896879,11.830406109096021,0.06396298047955572,100000
jaou7_6930c,0.3793198333896879,11.717335747734438,0.06373036998333384,100000
jaou7_7000c,0.3793198333896879,11.405502265022196,0.06307771535027681,100000
jaou7_7110c,0.3793198333896879,10.930095092847907,0.06204778397360389,100000
jaou7_7200c,0.3793198333896879,10.554462273408047,0.061201564969330345,100000
jaou7_7335c,0.3793198333896879,10.01269608728007,0.059928611482265436,100000
jaou7_7400c,0.3793198333896879,9.760747091294183,0.059315115048169574,100000
jaou7_7450c,0.3793198333896879,9.570600286369029,0.05884350407783718,100000
jaou7_7500c,0.3793198333896879,9.383639255313877,0.05837222443187472,100000
jaou7_7542c,0.3793198333896879,9.2291253354448,0.057976524918650185,100000
jaou7_7550c,0.3793198333896879,9.199926326158923,0.05790122270677852,100000
jaou7_7600c,0.3793198333896879,9.01927032962079,0.05743086028808536,100000
jaou7_7610c,0.3793198333896879,8.983527855953229,0.057336834051163174,100000
jaou7_7705c,0.3793198333896879,8.650250004940117,0.05644472866312598,100000
jaou7_7710c,0.3793198333896879,8.633011288969456,0.056397855703606274,100000
jaou7_7725c,0.3793198333896879,8.581485138090079,0.05625727343094853,100000
jaou7_5800p,0.3793198333896879,4.009058858446247,0.022939359034268792,100000
jaou7_5900p,0.3793198333896879,4.346788919293103,0.024039996606493634,100000
jaou7_6000p,0.3793198333896879,4.700409910473277,0.02514896993070922,100000
jaou7_6200p,0.3793198333896879,5.4550715398805565,0.027385713462781774,100000
jaou7_6420p,0.3793198333896879,6.35898429436428,0.02985973738806096,100000
jaou7_6500p,0.3793198333896879,6.707398179612648,0.03075849392323545,100000
jaou7_6750p,0.3793198333896879,7.859322682148572,0.033561325273915504,100000
jaou7_6800p,0.3793198333896879,8.101224661227207,0.03411904446934827,100000
jaou7_6900p,0.3793198333896879,8.59620912878407,0.035230729432604586,100000
jaou7_7000p,0.3793198333896879,9.10542742634332,0.036337560594638954,100000
jaou7_7400p,0.3793198333896879,11.288018519592386,0.04067409407911322,100000
jaou7_7450p,0.3793198333896879,11.576289998039366,0.04120504458060428,100000
jaou7_7500p,0.3793198333896879,11.867747250356349,0.04173349589710404,100000
jaou7_6820c,0.38320591001264664,12.321479570005382,0.06551853685707075,100000
jaou7_6825c,0.38320591001264664,12.298260197554608,0.06547225847185079,100000
jaou7_6860c,0.38320591001264664,12.136692727897742,0.0651480251325828,100000
jaou7_6900c,0.38320591001264664,11.954194872406855,0.064776749928886,100000
jaou7_6905c,0.38320591001264664,11.93153991605831,0.06473029587436574,100000
jaou7_6930c,0.38320591001264664,11.818755853302479,0.06449794517406529,100000
jaou7_7000c,0.38320591001264664,11.507711418406712,0.06384598610379126,100000
jaou7_7110c,0.38320591001264664,11.033504271301906,0.06281704944431785,100000
jaou7_7200c,0.38320591001264664,10.658691939326745,0.06197176463386382,100000
jaou7_7335c,0.38320591001264664,10.117885874258624,0.06070037802541012,100000
jaou7_7400c,0.38320591001264664,9.866306275225924,0.06008765747422926,100000
jaou7_7450c,0.38320591001264664,9.676385654635327,0.05961667727052423,100000
jaou7_7500c,0.38320591001264664,9.4896387926414,0.059145993114088025,100000
jaou7_7542c,0.38320591001264664,9.33526322307244,0.05875081737087764,100000
jaou7_7550c,0.38320591001264664,9.306085969611747,0.0586756177292662,100000
jaou7_7600c,0.38320591001264664,9.125573807187587,0.05820585068285083,100000
jaou7_7610c,0.38320591001264664,9.08985876968064,0.0581119387542157,100000
jaou7_7705c,0.38320591001264664,8.756742767689502,0.057220957142538,100000
jaou7_7710c,0.38320591001264664,8.739510131844797,0.05717414121552662,100000
jaou7_7725c,0.38320591001264664,8.687998511121652,0.0570337321603962,100000
jaou7_5800p,0.38320591001264664,4.088609052228066,0.023241448767440387,100000
jaou7_5900p,0.38320591001264664,4.429039587826851,0.024344274653257048,100000
jaou7_6000p,0.38320591001264664,4.785298176392239,0.02545501370855225,100000
jaou7_6200p,0.38320591001264664,5.544680634356541,0.027694760582492414,100000
jaou7_6420p,0.38320591001264664,6.453456919047933,0.030170446147428205,100000
jaou7_6500p,0.38320591001264664,6.803483358831296,0.031069568933027196,100000
jaou7_6750p,0.38320591001264664,7.959554308438457,0.03387359293702296,100000
jaou7_6800p,0.38320591001264664,8.202191266631084,0.034431440290054134,100000
jaou7_6900p,0.38320591001264664,8.698488981091769,0.035543442081147715,100000
jaou7_7000p,0.38320591001264664,9.208842093835896,0.03665062029681305,100000
jaou7_7400p,0.38320591001264664,11.394783217632186,0.04098799289523972,100000
jaou7_7450p,0.38320591001264664,11.683280880413726,0.04151919557424514,100000
jaou7_7500p,0.38320591001264664,11.974952301791932,0.04204785824977495,100000
jaou7_6820c,0.3870919866356054,12.421510733783814,0.06628857936079449,100000
jaou7_6825c,0.3870919866356054,12.398355521358345,0.06624234680459624,100000
jaou7_6860c,0.3870919866356054,12.237237698551692,0.06591842347780988,100000
jaou7_6900c,0.3870919866356054,12.055227647067923,0.06554752877504175,100000
jaou7_6905c,0.3870919866356054,12.032624815734193,0.06550113692190143,100000
jaou7_6930c,0.3870919866356054,11.920149010424195,0.06526900386270407,100000
jaou7_7000c,0.3870919866356054,11.60990409986477,0.06461771779703723,100000
jaou7_7110c,0.3870919866356054,11.136871020076866,0.0635898193989069,100000
jaou7_7200c,0.3870919866356054,10.762870001655388,0.06274548502120063,100000
jaou7_7335c,0.3870919866356054,10.223029781213098,0.06147566165418457,100000
jaou7_7400c,0.3870919866356054,9.971820502770623,0.06086372102801511,100000
jaou7_7450c,0.3870919866356054,9.78212857672852,0.060393372970792135,100000
jaou7_7500c,0.3870919866356054,9.5956008625351,0.059923282893912744,100000
jaou7_7542c,0.3870919866356054,9.441364384887313,0.0595286361360901,100000
jaou7_7550c,0.3870919866356054,9.412210189190077,0.05945353830585739,100000
jaou7_7600c,0.3870919866356054,9.23184500944646,0.05898437054064831,100000
jaou7_7610c,0.3870919866356054,9.196159626913941,0.05889057136624023,100000
jaou7_7705c,0.3870919866356054,8.863215452798922,0.058000718649127474,100000
jaou7_7710c,0.3870919866356054,8.845989498865205,0.05795396003838175,100000
jaou7_7725c,0.3870919866356054,8.794494134799177,0.05781372524626712,100000
jaou7_5800p,0.3870919866356054,4.168384293270106,0.02354235339254546,100000
jaou7_5900p,0.3870919866356054,4.51149008048751,0.024647291022012987,100000
jaou7_6000p,0.3870919866356054,4.870332625471458,0.02575978477086145,100000
jaou7_6200p,0.3870919866356054,5.634408815993699,0.02800238792817568,100000
jaou7_6420p,0.3870919866356054,6.548015420654102,0.03047962964891301,100000
jaou7_6500p,0.3870919866356054,6.899615108871588,0.03137915033876256,100000
jaou7_6750p,0.3870919866356054,8.05979238276433,0.03418432352444849,100000
jaou7_6800p,0.3870919866356054,8.303157799059429,0.03474229411891529,100000
jaou7_6900p,0.3870919866356054,8.800740316638882,0.035854647105368787,100000
jaou7_7000p,0.3870919866356054,9.312253336179996,0.036962083088458775,100000
jaou7_7400p,0.3870919866356054,11.50151600606293,0.04130033278436554,100000
jaou7_7450p,0.3870919866356054,11.790242363392963,0.041831783677201674,100000
jaou7_7500p,0.3870919866356054,12.082132932571678,0.04236064804152168,100000
jaou7_6820c,0.39097806325856416,12.521512180855817,0.06706213578915624,100000
jaou7_6825c,0.39097806325856416,12.49842196449581,0.0670159470591662,100000
jaou7_6860c,0.39097806325856416,12.33775450663376,0.06669232942138477,100000
jaou7_6900c,0.39097806325856416,12.156213733006965,0.06632184636629308,100000
jaou7_6905c,0.39097806325856416,12.13366944186191,0.06627550456109389,100000
jaou7_6930c,0.39097806325856416,12.021513180401518,0.06604356679138412,100000
jaou7_7000c,0.39097806325856416,11.71205300211533,0.06539297680210954,100000
jaou7_7110c,0.39097806325856416,11.240192760349373,0.06436611575166447,100000
jaou7_7200c,0.39097806325856416,10.866998906018448,0.06352273939798017,100000
jaou7_7335c,0.39097806325856416,10.328129883149385,0.062254476389014754,100000
jaou7_7400c,0.39097806325856416,10.07729003955078,0.061643322638322263,100000
jaou7_7450c,0.39097806325856416,9.887828538926193,0.061173609275669706,100000
jaou7_7500c,0.39097806325856416,9.701525661877149,0.0607041105830272,100000
jaou7_7542c,0.39097806325856416,9.547425865029354,0.06031000287503154,100000
jaou7_7550c,0.39097806325856416,9.518298955358683,0.06023500143172053,100000
jaou7_7600c,0.39097806325856416,9.338085501925466,0.05976643414458778,100000
jaou7_7610c,0.39097806325856416,9.302429564063388,0.05967274992456931,100000
jaou7_7705c,0.39097806325856416,8.969666944479401,0.05878403105791286,100000
jaou7_7710c,0.39097806325856416,8.952447366467519,0.05873733139872179,100000
jaou7_7725c,0.39097806325856416,8.900970702708078,0.05859727071886204,100000
jaou7_5800p,0.39097806325856416,4.24839524433865,0.023842034117519624,100000
jaou7_5900p,0.39097806325856416,4.594117196073615,0.02494907180794939,100000
jaou7_6000p,0.39097806325856416,4.955508579124399,0.026063277652690363,100000
jaou7_6200p,0.39097806325856416,5.724260256487503,0.028308578903543068,100000
jaou7_6420p,0.39097806325856416,6.642639519240225,0.030787327990321942,100000
jaou7_6500p,0.39097806325856416,6.995777999584009,0.03168726988747408,100000
jaou7_6750p,0.39097806325856416,8.160042345912387,0.03449350587619578,100000
jaou7_6800p,0.39097806325856416,8.404125487540878,0.035051605270399876,100000
jaou7_6900p,0.39097806325856416,8.90295803444968,0.036164359914824314,100000
jaou7_7000p,0.39097806325856416,9.415633870302317,0.03727202119706862,100000
jaou7_7400p,0.39097806325856416,11.608217174714845,0.04161111684601278,100000
jaou7_7450p,0.39097806325856416,11.897173957462394,0.04214281397976209,100000
jaou7_7500p,0.39097806325856416,12.189289363785484,0.04267186812523129,100000
jaou7_6820c,0.3948641398815229,12.621483606301625,0.06783922344088802,100000
jaou7_6825c,0.3948641398815229,12.598453669380694,0.06779308691855053,100000
jaou7_6860c,0.3948641398815229,12.4382361925057,0.0674697728144625,100000
jaou7_6900c,0.3948641398815229,12.257168299163789,0.06709969186890534,100000
jaou7_6905c,0.3948641398815229,12.234689085045964,0.06705338779132751,100000
jaou7_6930c,0.3948641398815229,12.122836512823193,0.06682167268696064,100000
jaou7_7000c,0.3948641398815229,11.814165902320854,0.06617176651288768,100000
jaou7_7110c,0.3948641398815229,11.343464979005871,0.06514596391786999,100000
jaou7_7200c,0.3948641398815229,10.971076435560455,0.0643035491820191,100000
jaou7_7335c,0.3948641398815229,10.433188528675894,0.0630368359446646,100000
jaou7_7400c,0.3948641398815229,10.182713276728954,0.06242648245125641,100000
jaou7_7450c,0.3948641398815229,9.993484213189518,0.06195740574047962,100000
jaou7_7500c,0.3948641398815229,9.807409197382492,0.06148849985285844,100000
jaou7_7542c,0.3948641398815229,9.65344877117321,0.06109493296559613,100000
jaou7_7550c,0.3948641398815229,9.624352354747606,0.06102002408455423,100000
jaou7_7600c,0.3948641398815229,9.444294724829476,0.060552059282633575,100000
jaou7_7610c,0.3948641398815229,9.40866825878465,0.06045849179668482,100000
jaou7_7705c,0.3948641398815229,9.076096391142935,0.05957091203753217,100000
jaou7_7710c,0.3948641398815229,9.058883779547777,0.05952427156490818,100000
jaou7_7725c,0.3948641398815229,9.007426951431306,0.05938438674410396,100000
jaou7_5800p,0.3948641398815229,4.328614527097278,0.02414052156641971,100000
jaou7_5900p,0.3948641398815229,4.67693310118659,0.02524957803976657,100000
jaou7_6000p,0.3948641398815229,5.0408337410036745,0.026365464224476703,100000
jaou7_6200p,0.3948641398815229,5.814247632322565,0.028613301189164594,100000
jaou7_6420p,0.3948641398815229,6.737352354900771,0.031093488752999346,100000
jaou7_6500p,0.3948641398815229,7.09196261014951,0.03199394651811453,100000
jaou7_6750p,0.3948641398815229,8.260286819564351,0.03480118281984642,100000
jaou7_6800p,0.3948641398815229,8.505088656410217,0.03535938957272339,100000
jaou7_6900p,0.3948641398815229,9.005157327969032,0.036472546147810814,100000
jaou7_7000p,0.3948641398815229,9.518991497870365,0.037580418501363455,100000
jaou7_7400p,0.3948641398815229,11.714885139255545,0.04192035338071624,100000
jaou7_7450p,0.3948641398815229,12.004074359088243,0.0424522938708166,100000
jaou7_7500p,0.3948641398815229,12.296417626653351,0.042981533309481956,100000
jaou7_6820c,0.39875021650448167,12.721421392974653,0.06861986600691022,100000
jaou7_6825c,0.39875021650448167,12.698456127231175,0.06857377311364578,100000
jaou7_6860c,0.39875021650448167,12.538689029195657,0.06825075909990203,100000
jaou7_6900c,0.39875021650448167,12.358097474233267,0.06788107128669646,100000
jaou7_6905c,0.39875021650448167,12.335681721010522,0.06783480758546619,100000
jaou7_6930c,0.39875021650448167,12.224115744316476,0.06760334477016428,100000
jaou7_7000c,0.39875021650448167,11.916244318096707,0.06695410169811897,100000
jaou7_7110c,0.39875021650448167,11.446690954487586,0.06592937585297638,100000
jaou7_7200c,0.39875021650448167,11.075110833464269,0.06508791806948065,100000
jaou7_7335c,0.39875021650448167,10.53820369388317,0.06382276145132809,100000
jaou7_7400c,0.39875021650448167,10.288087541191661,0.063213222491173,100000
jaou7_7450c,0.39875021650448167,10.099096450427504,0.06274477856087549,100000
jaou7_7500c,0.39875021650448167,9.913251046941443,0.06227646880978494,100000
jaou7_7542c,0.39875021650448167,9.759433483323942,0.06188344310818636,100000
jaou7_7550c,0.39875021650448167,9.730368210759337,0.061808626979872223,100000
jaou7_7600c,0.39875021650448167,9.550471652963616,0.06134126464307204,100000
jaou7_7610c,0.39875021650448167,9.514873938855441,0.06124781678150537,100000
jaou7_7705c,0.39875021650448167,9.182501626357954,0.06036138145445278,100000
jaou7_7710c,0.39875021650448167,9.16529764175024,0.06031479874370602,100000
jaou7_7725c,0.39875021650448167,9.113862356027935,0.06017509056769804,100000
jaou7_5800p,0.39875021650448167,4.409040039179178,0.024437800685697116,100000
jaou7_5900p,0.39875021650448167,4.759975147059891,0.02554872717123358,100000
jaou7_6000p,0.39875021650448167,5.126348731237826,0.02666625574230705,100000
jaou7_6200p,0.39875021650448167,5.90435535367046,0.02891657964680148,100000
jaou7_6420p,0.39875021650448167,6.832132127092014,0.03139815640570774,100000
jaou7_6500p,0.39875021650448167,7.188187285253608,0.03229913821510235,100000
jaou7_6750p,0.39875021650448167,8.360530197710665,0.03510734566911358,100000
jaou7_6800p,0.39875021650448167,8.606033445645753,0.03566568253841332,100000
jaou7_6900p,0.39875021650448167,9.107344350695593,0.03677919371882385,100000
jaou7_7000p,0.39875021650448167,9.622327761303305,0.037887274737230414,100000
jaou7_7400p,0.39875021650448167,11.821517251375337,0.04222805364846416,100000
jaou7_7450p,0.39875021650448167,12.110944443983314,0.04276022455938575,100000
jaou7_7500p,0.39875021650448167,12.403517323869387,0.04328964821602288,100000
jaou7_6820c,0.4026362931274405,12.821336367293927,0.06940406051297693,100000
jaou7_6825c,0.4026362931274405,12.79844183809429,0.06935799962554003,100000
jaou7_6860c,0.4026362931274405,12.639112611073749,0.06903530630730645,100000
jaou7_6900c,0.4026362931274405,12.458998256064541,0.06866600751683012,100000
jaou7_6905c,0.4026362931274405,12.436645306878253,0.06861978509901365,100000
jaou7_6930c,0.4026362931274405,12.325356876295386,0.06838858957940737,100000
jaou7_7000c,0.4026362931274405,12.018287536852725,0.06774000129632281,100000
jaou7_7110c,0.4026362931274405,11.549868443744062,0.06671637328459305,100000
jaou7_7200c,0.4026362931274405,11.179101215922884,0.06587586549421821,100000
jaou7_7335c,0.4026362931274405,10.643174949161894,0.06461227151811444,100000
jaou7_7400c,0.4026362931274405,10.39341317743171,0.06400355999374831,100000
jaou7_7450c,0.4026362931274405,10.204663960058156,0.0635357475310479,100000
jaou7_7500c,0.4026362931274405,10.019048830403452,0.06306803883179844,100000
jaou7_7542c,0.4026362931274405,9.865380569010288,0.06267554987868153,100000
jaou7_7550c,0.4026362931274405,9.836342922875424,0.0626008332259541,100000
jaou7_7600c,0.4026362931274405,9.656614582826313,0.06213407013975484,100000
jaou7_7610c,0.4026362931274405,9.621045625556572,0.062040743612804344,100000
jaou7_7705c,0.4026362931274405,9.288881762120088,0.061155457417139944,100000
jaou7_7710c,0.4026362931274405,9.271686952642291,0.06110893270939278,100000
jaou7_7725c,0.4026362931274405,9.220275485145738,0.06096940100892018,100000
jaou7_5800p,0.4026362931274405,4.489686361068268,0.02473382861067856,100000
jaou7_5900p,0.4026362931274405,4.843203618663505,0.025846579353522598,100000
jaou7_6000p,0.4026362931274405,5.212020490088025,0.02696570479333718,100000
jaou7_6200p,0.4026362931274405,5.994567161057496,0.029218441038815695,100000
jaou7_6420p,0.4026362931274405,6.926994765753512,0.03170129420952137,100000
jaou7_6500p,0.4026362931274405,7.284445314828006,0.03260285863080445,100000
jaou7_6750p,0.4026362931274405,8.460771649966158,0.035411998275925866,100000
jaou7_6800p,0.4026362931274405,8.706964048678758,0.035970476361531986,100000
jaou7_6900p,0.4026362931274405,9.209516125582459,0.037084313051477615,100000
jaou7_7000p,0.4026362931274405,9.72564197311491,0.03819259523804339,100000
jaou7_7400p,0.4026362931274405,11.928113880670974,0.042534220477006474,100000
jaou7_7450p,0.4026362931274405,12.217782946669553,0.04306661330834362,100000
jaou7_7500p,0.4026362931274405,12.510586100386986,0.04359622307433417,100000
jaou7_6820c,0.40652236975039924,12.92123188692777,0.07019181806713724,100000
jaou7_6825c,0.40652236975039924,12.898395096972422,0.07014581280062679,100000
jaou7_6860c,0.40652236975039924,12.73948567297049,0.06982347082111111,100000
jaou7_6900c,0.40652236975039924,12.55986650848688,0.0694545256395417,100000
jaou7_6905c,0.40652236975039924,12.537566622038085,0.06940836187355437,100000
jaou7_6930c,0.40652236975039924,12.426557258760663,0.06917742952770663,100000
jaou7_7000c,0.40652236975039924,12.120291086716543,0.06852949105561086,100000
jaou7_7110c,0.40652236975039924,11.653009008713314,0.06750695416489848,100000
jaou7_7200c,0.40652236975039924,11.283046624489774,0.06666741115296626,100000
jaou7_7335c,0.40652236975039924,10.748096849300378,0.0654053931767795,100000
jaou7_7400c,0.40652236975039924,10.498691579344841,0.06479751065118003,100000
jaou7_7450c,0.40652236975039924,10.310188299564812,0.06433032802438325,100000
jaou7_7500c,0.40652236975039924,10.12480317305901,0.06386322667314892,100000
jaou7_7542c,0.40652236975039924,9.971289412914832,0.06347127188251295,100000
jaou7_7550c,0.40652236975039924,9.942279168359134,0.0633966562162382,100000
jaou7_7600c,0.40652236975039924,9.76272160169347,0.06293049617534431,100000
jaou7_7610c,0.40652236975039924,9.727182149286119,0.06283729149146934,100000
jaou7_7705c,0.40652236975039924,9.39523501887283,0.06195315958018996,100000
jaou7_7710c,0.40652236975039924,9.378050567119466,0.06190669212555729,100000
jaou7_7725c,0.40652236975039924,9.326664281140527,0.061767338027449284,100000
jaou7_5800p,0.40652236975039924,4.570563151798392,0.025028572609535234,100000
jaou7_5900p,0.40652236975039924,4.926647986415068,0.026143066857322643,100000
jaou7_6000p,0.40652236975039924,5.297856683570645,0.027263786061267465,100000
jaou7_6200p,0.40652236975039924,6.084880572028771,0.029518884133725658,100000
jaou7_6420p,0.40652236975039924,7.021885592073226,0.03200301905587236,100000
jaou7_6500p,0.40652236975039924,7.380743771806293,0.03290509088802955,100000
jaou7_6750p,0.40652236975039924,8.561012566795775,0.03571513921766109,100000
jaou7_6800p,0.40652236975039924,8.807871698416642,0.0362737945073867,100000
jaou7_6900p,0.40652236975039924,9.311668541864432,0.03738791743048713,100000
jaou7_7000p,0.40652236975039924,9.82892968683836,0.03849639491766911,100000
jaou7_7400p,0.40652236975039924,12.034676446443738,0.042838853716680184,100000
jaou7_7450p,0.40652236975039924,12.324591450035845,0.04337145928590729,100000
jaou7_7500p,0.40652236975039924,12.61762460690218,0.04390125949170467,100000
jaou7_6820c,0.410408446373358,13.0210883796791,0.07098319226086582,100000
jaou7_6825c,0.410408446373358,12.998317683961293,0.07093722690922402,100000
jaou7_6860c,0.410408446373358,12.83981686334615,0.07061525436689252,100000
jaou7_6900c,0.410408446373358,12.660687695361265,0.07024666967644266,100000
jaou7_6905c,0.410408446373358,12.638444338556777,0.07020055802811194,100000
jaou7_6930c,0.410408446373358,12.52771332450553,0.06996988875952977,100000
jaou7_7000c,0.410408446373358,12.222250041074066,0.06932259766891856,100000
jaou7_7110c,0.410408446373358,11.756109580814657,0.06830114195595556,100000
jaou7_7200c,0.410408446373358,11.38694338470673,0.06746257950276004,100000
jaou7_7335c,0.410408446373358,10.85296735350641,0.06620214796303028,100000
jaou7_7400c,0.410408446373358,10.603919345268851,0.06559509808148092,100000
jaou7_7450c,0.410408446373358,10.415669987879095,0.06512853724190958,100000
jaou7_7500c,0.410408446373358,10.23051333404693,0.06466205141277787,100000
jaou7_7542c,0.410408446373358,10.077156839708687,0.06427063190788895,100000
jaou7_7550c,0.410408446373358,10.048176307878633,0.0641961147254357,100000
jaou7_7600c,0.410408446373358,9.868793293197957,0.06373055944426863,100000
jaou7_7610c,0.410408446373358,9.833283253971645,0.06363747837641837,100000
jaou7_7705c,0.410408446373358,9.501562328899233,0.06275450367351244,100000
jaou7_7710c,0.410408446373358,9.484386962918496,0.06270809641660605,100000
jaou7_7725c,0.410408446373358,9.43302736994709,0.06256892073924143,100000
jaou7_5800p,0.410408446373358,4.65163100860332,0.025322089115660508,100000
jaou7_5900p,0.410408446373358,5.010245463164631,0.02643829570029377,100000
jaou7_6000p,0.410408446373358,5.383789828470506,0.027560619376864756,100000
jaou7_6200p,0.410408446373358,6.175278949965288,0.029817937108211737,100000
jaou7_6420p,0.410408446373358,7.116839021795306,0.03230325338354688,100000
jaou7_6500p,0.410408446373358,7.477076609791743,0.03320584778005471,100000
jaou7_6750p,0.410408446373358,8.661256998064191,0.03601676084056377,100000
jaou7_6800p,0.410408446373358,8.908768439049155,0.03657561014275381,100000
jaou7_6900p,0.410408446373358,9.413787089111043,0.03769004601318768,100000
jaou7_7000p,0.410408446373358,9.932186001568112,0.03879868982082462,100000
jaou7_7400p,0.410408446373358,12.14120157273998,0.04314196666339999,100000
jaou7_7450p,0.410408446373358,12.431370498722359,0.0436747645865599,100000
jaou7_7500p,0.410408446373358,12.724632128262328,0.044204762994650953,100000
jaou7_6820c,0.41429452299631675,13.120917996910215,0.07177817840052352,100000
jaou7_6825c,0.41429452299631675,13.098208984509753,0.07173226071219745,100000
jaou7_6860c,0.41429452299631675,12.940121198217124,0.07141064734240087,100000
jaou7_6900c,0.41429452299631675,12.761470226794216,0.07104244230219246,100000
jaou7_6905c,0.41429452299631675,12.7392830117065,0.07099638318559796,100000
jaou7_6930c,0.41429452299631675,12.628818070966261,0.07076599777029112,100000
jaou7_7000c,0.41429452299631675,12.324173625129625,0.07011932296773171,100000
jaou7_7110c,0.41429452299631675,11.859161449243487,0.06909896997721113,100000
jaou7_7200c,0.41429452299631675,11.490792742168106,0.06826138678943355,100000
jaou7_7335c,0.41429452299631675,10.957788564278307,0.067002550752307,100000
jaou7_7400c,0.41429452299631675,10.709097070499132,0.06639633957747748,100000
jaou7_7450c,0.41429452299631675,10.521103379134361,0.06593040240349367,100000
jaou7_7500c,0.41429452299631675,10.336179229695757,0.06546453125140342,100000
jaou7_7542c,0.41429452299631675,10.182980377228814,0.06507365178948028,100000
jaou7_7550c,0.41429452299631675,10.154033943863066,0.06499922731860748,100000
jaou7_7600c,0.41429452299631675,9.974827906360769,0.06453428043350526,100000
jaou7_7610c,0.41429452299631675,9.939348303529762,0.06444132298489372,100000
jaou7_7705c,0.41429452299631675,9.607861473266363,0.06355951039760256,100000
jaou7_7710c,0.41429452299631675,9.590695649752577,0.0635131636351475,100000
jaou7_7725c,0.41429452299631675,9.539364773228392,0.0633741663495946,100000
jaou7_5800p,0.41429452299631675,4.732866254450833,0.025614406689585107,100000
jaou7_5900p,0.41429452299631675,5.093977249210265,0.026732287985576704,100000
jaou7_6000p,0.41429452299631675,5.4698272299897,0.027856180048156664,100000
jaou7_6200p,0.41429452299631675,6.2657955160415755,0.030115525935823464,100000
jaou7_6420p,0.41429452299631675,7.211819484103611,0.03260207356714146,100000
jaou7_6500p,0.41429452299631675,7.573419957650186,0.03350518204742722,100000
jaou7_6750p,0.41429452299631675,8.761499329666465,0.03631687866040375,100000
jaou7_6800p,0.41429452299631675,9.009660444679396,0.03687591073978747,100000
jaou7_6900p,0.41429452299631675,9.515880203441828,0.037990680810653855,100000
jaou7_7000p,0.41429452299631675,10.03542016852151,0.03909945986495947,100000
jaou7_7400p,0.41429452299631675,12.247689880868096,0.043443561362785724,100000
jaou7_7450p,0.41429452299631675,12.538114472875458,0.04397654882960733,100000
jaou7_7500p,0.41429452299631675,12.831608606808988,0.04450673720624385,100000
jaou7_6820c,0.4181805996192755,13.220717244661786,0.07257680074853773,100000
jaou7_6825c,0.4181805996192755,13.19806793862837,0.07253093398120247,100000
jaou7_6860c,0.4181805996192755,13.040399510292005,0.07220966623074607,100000
jaou7_6900c,0.4181805996192755,12.862210293642585,0.07184186837603258,100000
jaou7_6905c,0.4181805996192755,12.840081568061379,0.07179585734277298,100000
jaou7_6930c,0.4181805996192755,12.729904819676708,0.07156571515263682,100000
jaou7_7000c,0.4181805996192755,12.426062865754465,0.0709196834375115,100000
jaou7_7110c,0.4181805996192755,11.962168623384892,0.0699004497793097,100000
jaou7_7200c,0.4181805996192755,11.594592841845241,0.06906385466408264,100000
jaou7_7335c,0.4181805996192755,11.062555791658362,0.06780662770145338,100000
jaou7_7400c,0.4181805996192755,10.81422306985925,0.06720125626262702,100000
jaou7_7450c,0.4181805996192755,10.626489732314395,0.06673593983431604,100000
jaou7_7500c,0.4181805996192755,10.441798459344488,0.06627068820709196,100000
jaou7_7542c,0.4181805996192755,10.288764112472373,0.06588034324750545,100000
jaou7_7550c,0.4181805996192755,10.2598508153561,0.0658060140710519,100000
jaou7_7600c,0.4181805996192755,10.080824145707638,0.0653416790906516,100000
jaou7_7610c,0.4181805996192755,10.045375321052566,0.0652488462796366,100000
jaou7_7705c,0.4181805996192755,9.714131041129592,0.06436819941230582,100000
jaou7_7710c,0.4181805996192755,9.696974565394845,0.06432191439808159,100000
jaou7_7725c,0.4181805996192755,9.645674708034862,0.06418309497654343,100000
jaou7_5800p,0.4181805996192755,4.814282034780473,0.025905485799351046,100000
jaou7_5900p,0.4181805996192755,5.1778392071652855,0.027025039121328177,100000
jaou7_6000p,0.4181805996192755,5.556005051589709,0.028150387326507473,100000
jaou7_6200p,0.4181805996192755,6.356422985840256,0.03041166098767047,100000
jaou7_6420p,0.4181805996192755,7.306825414114343,0.03289948124435123,100000
jaou7_6500p,0.4181805996192755,7.669775170460746,0.0338030898586398,100000
jaou7_6750p,0.4181805996192755,8.861722576247962,0.03661553564880165,100000
jaou7_6800p,0.4181805996192755,9.110527543787999,0.03717474796644414,100000
jaou7_6900p,0.4181805996192755,9.617944102032546,0.038289834421632835,100000
jaou7_7000p,0.4181805996192755,10.138633240888698,0.03939870594364236,100000
jaou7_7400p,0.4181805996192755,12.35413971197056,0.04374364627059913,100000
jaou7_7450p,0.4181805996192755,12.644824657797837,0.04427681197404879,100000
jaou7_7500p,0.4181805996192755,12.93855166820007,0.04480719242196107,100000
jaou7_6820c,0.42206667624223426,13.32047060075195,0.07337910555206612,100000
jaou7_6825c,0.42206667624223426,13.29787409653073,0.07333330198035624,100000
jaou7_6860c,0.42206667624223426,13.140647988143751,0.07301233608512503,100000
jaou7_6900c,0.42206667624223426,12.962911887245587,0.07264495894258417,100000
jaou7_6905c,0.42206667624223426,12.94083252530186,0.07259901205727837,100000
jaou7_6930c,0.42206667624223426,12.830962513027862,0.07236907891313428,100000
jaou7_7000c,0.42206667624223426,12.52790951706681,0.07172371202925264,100000
jaou7_7110c,0.42206667624223426,12.065139247961591,0.07070558602791381,100000
jaou7_7200c,0.42206667624223426,11.698342525190025,0.06987000371848248,100000
jaou7_7335c,0.42206667624223426,11.167271099975183,0.06861439406065434,100000
jaou7_7400c,0.42206667624223426,10.919301296899315,0.0680098603378501,100000
jaou7_7450c,0.42206667624223426,10.731831568757269,0.06754516401069613,100000
jaou7_7500c,0.42206667624223426,10.547367987139644,0.06708054544911776,100000
jaou7_7542c,0.42206667624223426,10.3945059226156,0.06669072789711078,100000
jaou7_7550c,0.42206667624223426,10.365622198603827,0.06661650061855712,100000
jaou7_7600c,0.42206667624223426,10.18678040612262,0.06615277600737399,100000
jaou7_7610c,0.42206667624223426,10.151365788264147,0.06606006406306023,100000
jaou7_7705c,0.42206667624223426,9.820369582277678,0.06518059062065105,100000
jaou7_7710c,0.42206667624223426,9.80322245768276,0.0651343682837135,100000
jaou7_7725c,0.42206667624223426,9.751955177505442,0.06499572724695815,100000
jaou7_5800p,0.42206667624223426,4.895916919280119,0.026195242611064647,100000
jaou7_5900p,0.42206667624223426,5.261884301728336,0.02731643690233338,100000
jaou7_6000p,0.42206667624223426,5.642296737236858,0.028443284976153536,100000
jaou7_6200p,0.42206667624223426,6.447150516100087,0.030706360120256484,100000
jaou7_6420p,0.42206667624223426,7.401863791017759,0.0331954591095874,100000
jaou7_6500p,0.42206667624223426,7.766149139527076,0.0340995552189516,100000
jaou7_6750p,0.42206667624223426,8.961930901703306,0.036912723826539644,100000
jaou7_6800p,0.42206667624223426,9.211380495911971,0.03747209794348994,100000
jaou7_6900p,0.42206667624223426,9.719982802848659,0.038587499868536816,100000
jaou7_7000p,0.42206667624223426,10.24181699941415,0.03969645268731365,100000
jaou7_7400p,0.42206667624223426,12.460555046223732,0.044042213900714465,100000
jaou7_7450p,0.42206667624223426,12.751503601453821,0.044575550355236075,100000
jaou7_7500p,0.42206667624223426,13.045458303208333,0.0451061407746982,100000
jaou7_6820c,0.4259527528651931,13.420177048041525,0.07418511281074429,100000
jaou7_6825c,0.4259527528651931,13.397641858793468,0.07413935667930036,100000
jaou7_6860c,0.4259527528651931,13.240855500924592,0.07381869524370803,100000
jaou7_6900c,0.4259527528651931,13.063559238635406,0.07345176051950589,100000
jaou7_6905c,0.4259527528651931,13.041534567183131,0.07340586806379808,100000
jaou7_6930c,0.4259527528651931,12.9319762985146,0.0731761339478785,100000
jaou7_7000c,0.4259527528651931,12.629727627495923,0.07253140278318386,100000
jaou7_7110c,0.4259527528651931,12.168055355033525,0.07151442816259214,100000
jaou7_7200c,0.4259527528651931,11.80204338217521,0.0706798500970066,100000
jaou7_7335c,0.4259527528651931,11.271933813516274,0.06942586970739593,100000
jaou7_7400c,0.4259527528651931,11.024329812435642,0.06882217363883321,100000
jaou7_7450c,0.4259527528651931,10.837128734268271,0.06835809384130306,100000
jaou7_7500c,0.4259527528651931,10.652891793974586,0.06789411525155908,100000
jaou7_7542c,0.4259527528651931,10.500206333308782,0.06750482337883479,100000
jaou7_7550c,0.4259527528651931,10.47134986901504,0.06743070261983926,100000
jaou7_7600c,0.4259527528651931,10.292698497308425,0.06696758668592888,100000
jaou7_7610c,0.4259527528651931,10.25731800030396,0.06687499721950799,100000
jaou7_7705c,0.4259527528651931,9.926576484180815,0.06599670284808011,100000
jaou7_7710c,0.4259527528651931,9.909438675758546,0.06595054415166421,100000
jaou7_7725c,0.4259527528651931,9.858205160311867,0.065812082508008,100000
jaou7_5800p,0.4259527528651931,4.977728637546098,0.026483743455464767,100000
jaou7_5900p,0.4259527528651931,5.346090575452361,0.027606513742202722,100000
jaou7_6000p,0.4259527528651931,5.7287156881085135,0.028734837631196032,100000
jaou7_6200p,0.4259527528651931,6.53797963756199,0.030999615980340314,100000
jaou7_6420p,0.4259527528651931,7.496937128315441,0.03349000031345981,100000
jaou7_6500p,0.4259527528651931,7.86253056893447,0.034394603314461564,100000
jaou7_6750p,0.4259527528651931,9.062115833275254,0.0372084658435107,100000
jaou7_6800p,0.4259527528651931,9.312215553852136,0.03776797238880361,100000
jaou7_6900p,0.4259527528651931,9.821980563857386,0.03888371986711454,100000
jaou7_7000p,0.4259527528651931,10.344985519462174,0.03999266740119545,100000
jaou7_7400p,0.4259527528651931,12.56693397137897,0.044339273397596295,100000
jaou7_7450p,0.4259527528651931,12.858151176583734,0.04487276791579494,100000
jaou7_7500p,0.4259527528651931,13.152332519662185,0.045403574127598025,100000
jaou7_6820c,0.42983882948815183,13.519854178609583,0.07499480898042103,100000
jaou7_6825c,0.42983882948815183,13.497383059693114,0.07494909501343038,100000
jaou7_6860c,0.42983882948815183,13.341018403362161,0.07462876871752729,100000
jaou7_6900c,0.42983882948815183,13.16417129204223,0.07426225791944598,100000
jaou7_6905c,0.42983882948815183,13.14222171786562,0.0742163834242059,100000
jaou7_6930c,0.42983882948815183,13.032957138002798,0.07398687948261373,100000
jaou7_7000c,0.42983882948815183,12.731501314667716,0.07334280218259169,100000
jaou7_7110c,0.42983882948815183,12.270930267460553,0.0723269724154867,100000
jaou7_7200c,0.42983882948815183,11.905696310021362,0.07149341128191179,100000
jaou7_7335c,0.42983882948815183,11.376544202295133,0.07024107313909198,100000
jaou7_7400c,0.42983882948815183,11.129307410872737,0.06963821698279278,100000
jaou7_7450c,0.42983882948815183,10.942378910354625,0.06917475182674612,100000
jaou7_7500c,0.42983882948815183,10.758367376649911,0.06871142026402277,100000
jaou7_7542c,0.42983882948815183,10.605859555573206,0.06832265732369136,100000
jaou7_7550c,0.42983882948815183,10.577033671128532,0.0682486389212106,100000
jaou7_7600c,0.42983882948815183,10.39857499254874,0.06778613485983095,100000
jaou7_7610c,0.42983882948815183,10.363230574091292,0.06769366630591456,100000
jaou7_7705c,0.42983882948815183,10.032749345881092,0.06681655779832553,100000
jaou7_7710c,0.42983882948815183,10.015623466323088,0.06677045970315901,100000
jaou7_7725c,0.42983882948815183,9.96442326608276,0.06663218084882025,100000
jaou7_5800p,0.42983882948815183,5.059749423685953,0.026770916204734044,100000
jaou7_5900p,0.42983882948815183,5.430455502168657,0.027895264396611892,100000
jaou7_6000p,0.42983882948815183,5.815267056587121,0.029025027520624094,100000
jaou7_6200p,0.42983882948815183,6.628885765345392,0.03129147576585504,100000
jaou7_6420p,0.42983882948815183,7.592043354668559,0.03378310823004766,100000
jaou7_6500p,0.42983882948815183,7.958923768438114,0.03468822401214029,100000
jaou7_6750p,0.42983882948815183,9.162288188208194,0.03750273754395077,100000
jaou7_6800p,0.42983882948815183,9.413021112268408,0.03806240250486348,100000
jaou7_6900p,0.42983882948815183,9.923956356534205,0.03917844959886891,100000
jaou7_7000p,0.42983882948815183,10.448122945903961,0.040287394596220646,100000
jaou7_7400p,0.42983882948815183,12.67327530908606,0.044634831801783584,100000
jaou7_7450p,0.42983882948815183,12.964765091940086,0.04516847478117147,100000
jaou7_7500p,0.42983882948815183,13.259171841607508,0.04569950306148435,100000
jaou7_6820c,0.4337249061111106,13.619503399485088,0.07580821008758103,100000
jaou7_6825c,0.4337249061111106,13.597098645791379,0.07576253389685492,100000
jaou7_6860c,0.4337249061111106,13.4411417458094,0.07544256604453708,100000
jaou7_6900c,0.4337249061111106,13.264769725454554,0.07507643140977731,100000
jaou7_6905c,0.4337249061111106,13.242875484083173,0.07503060970533877,100000
jaou7_6930c,0.4337249061111106,13.133903171895602,0.07480133762609453,100000
jaou7_7000c,0.4337249061111106,12.833241337289852,0.07415791048865994,100000
jaou7_7110c,0.4337249061111106,12.373763667678627,0.07314323840068689,100000
jaou7_7200c,0.4337249061111106,12.009301418420463,0.07231070620107999,100000
jaou7_7335c,0.4337249061111106,11.481107215004922,0.07106001543540401,100000
jaou7_7400c,0.4337249061111106,11.234233401613219,0.07045801050766651,100000
jaou7_7450c,0.4337249061111106,11.047581658771895,0.0699951576395126,100000
jaou7_7500c,0.4337249061111106,10.863795579367023,0.06953247803555422,100000
jaou7_7542c,0.4337249061111106,10.71146713109938,0.06914424611975338,100000
jaou7_7550c,0.4337249061111106,10.68267715153799,0.06907032279344044,100000
jaou7_7600c,0.4337249061111106,10.50441059443227,0.0686084380863737,100000
jaou7_7610c,0.4337249061111106,10.469101457173101,0.06851609307149327,100000
jaou7_7705c,0.4337249061111106,10.138887828464913,0.06764017425542715,100000
jaou7_7710c,0.4337249061111106,10.12177673694165,0.06759413334277811,100000
jaou7_7725c,0.4337249061111106,10.070608894622056,0.06745604136494823,100000
jaou7_5800p,0.4337249061111106,5.141924316168599,0.0270568536177108,100000
jaou7_5900p,0.4337249061111106,5.514923939670953,0.028182786629082475,100000
jaou7_6000p,0.4337249061111106,5.90193766582011,0.02931387348681705,100000
jaou7_6200p,0.4337249061111106,6.7198628820717055,0.03158194834673508,100000
jaou7_6420p,0.4337249061111106,7.687194344032553,0.0340747552676987,100000
jaou7_6500p,0.4337249061111106,8.055356328766095,0.03498035414401608,100000
jaou7_6750p,0.4337249061111106,9.262456601852413,0.03779552016012332,100000
jaou7_6800p,0.4337249061111106,9.513790365280492,0.038355407531256526,100000
jaou7_6900p,0.4337249061111106,10.025931886424605,0.0394716374048516,100000
jaou7_7000p,0.4337249061111106,10.551240065004169,0.04058060982174063,100000
jaou7_7400p,0.4337249061111106,12.779578396304618,0.04492889469009921,100000
jaou7_7450p,0.4337249061111106,13.071344936835425,0.0454626756819974,100000
jaou7_7500p,0.4337249061111106,13.36597714080269,0.045993928466173985,100000
jaou7_6820c,0.43761098273406934,13.719124914252665,0.07662533451736828,100000
jaou7_6825c,0.43761098273406934,13.696782633296335,0.07657970285894715,100000
jaou7_6860c,0.43761098273406934,13.541224166886137,0.07626010846880477,100000
jaou7_6900c,0.43761098273406934,13.365323928768625,0.07589435413356876,100000
jaou7_6905c,0.43761098273406934,13.343486206856296,0.07584858294834633,100000
jaou7_6930c,0.43761098273406934,13.234813020884138,0.07561952979872733,100000
jaou7_7000c,0.43761098273406934,12.934941365745098,0.07497675778752523,100000
jaou7_7110c,0.43761098273406934,12.476551715659998,0.07396325185863509,100000
jaou7_7200c,0.43761098273406934,12.112859775188072,0.07313175237843564,100000
jaou7_7335c,0.43761098273406934,11.585615619759084,0.07188272754470494,100000
jaou7_7400c,0.43761098273406934,11.339109000510618,0.07128157146830869,100000
jaou7_7450c,0.43761098273406934,11.152738204945791,0.0708193284789805,100000
jaou7_7500c,0.43761098273406934,10.96917384629927,0.07035731160213449,100000
jaou7_7542c,0.43761098273406934,10.817027764790998,0.06996961072920951,100000
jaou7_7550c,0.43761098273406934,10.788272806753241,0.06989578479558309,100000
jaou7_7600c,0.43761098273406934,10.610206074642702,0.06943451399634126,100000
jaou7_7610c,0.43761098273406934,10.574931773544364,0.06934229458010177,100000
jaou7_7705c,0.43761098273406934,10.244992176406852,0.06846757032043169,100000
jaou7_7710c,0.43761098273406934,10.227896396728172,0.06842158665750979,100000
jaou7_7725c,0.43761098273406934,10.176762080702614,0.06828368239502035,100000
jaou7_5800p,0.43761098273406934,5.224227119220575,0.027341592787739503,100000
jaou7_5900p,0.43761098273406934,5.5994970102922945,0.028469067867086827,100000
jaou7_6000p,0.43761098273406934,5.988733049644334,0.029601357411141487,100000
jaou7_6200p,0.43761098273406934,6.81092128637165,0.0318710077254637,100000
jaou7_6420p,0.43761098273406934,7.782363264681081,0.034365001090791054,100000
jaou7_6500p,0.43761098273406934,8.1518047553164,0.03527104787371993,100000
jaou7_6750p,0.43761098273406934,9.362602233414972,0.03808686209680574,100000
jaou7_6800p,0.43761098273406934,9.614542437920274,0.03864694268023462,100000
jaou7_6900p,0.43761098273406934,10.127876571294976,0.039763363985414184,100000
jaou7_7000p,0.43761098273406934,10.654330575015722,0.04087233297027366,100000
jaou7_7400p,0.43761098273406934,12.88584447675832,0.04522146219941641,100000
jaou7_7450p,0.43761098273406934,13.17789196456563,0.04575537056288805,100000
jaou7_7500p,0.43761098273406934,13.472745889291245,0.046286861085637676,100000
jaou7_6820c,0.4414970593570281,13.818711245243005,0.07744621460726658,100000
jaou7_6825c,0.4414970593570281,13.796422618035308,0.07740064300952727,100000
jaou7_6860c,0.4414970593570281,13.6412579229654,0.07708142866817527,100000
jaou7_6900c,0.4414970593570281,13.465841363792629,0.07671603202412278,100000
jaou7_6905c,0.4414970593570281,13.444063776156135,0.07667030480967599,100000
jaou7_6930c,0.4414970593570281,13.335676586738304,0.07644149282383564,100000
jaou7_7000c,0.4414970593570281,13.036591175133275,0.07579938098463249,100000
jaou7_7110c,0.4414970593570281,12.579281763460896,0.07478705353769355,100000
jaou7_7200c,0.4414970593570281,12.216360141136265,0.07395658786315108,100000
jaou7_7335c,0.4414970593570281,11.690070300187166,0.07270922744897408,100000
jaou7_7400c,0.4414970593570281,11.443931365131974,0.0721089237457126,100000
jaou7_7450c,0.4414970593570281,11.257847616117113,0.0716472851245208,100000
jaou7_7500c,0.4414970593570281,11.074500556261349,0.07118594269575189,100000
jaou7_7542c,0.4414970593570281,10.92254696861412,0.07079876175194552,100000
jaou7_7550c,0.4414970593570281,10.893821093148697,0.07072504332297279,100000
jaou7_7600c,0.4414970593570281,10.715959204948167,0.07026438498805558,100000
jaou7_7610c,0.4414970593570281,10.680719430894158,0.07017229298137799,100000
jaou7_7705c,0.4414970593570281,10.351063023605958,0.06929876370468581,100000
jaou7_7710c,0.4414970593570281,10.333980335184176,0.06925284144325966,100000
jaou7_7725c,0.4414970593570281,10.282880497471876,0.06911512599082048,100000
jaou7_5800p,0.4414970593570281,5.306650683215644,0.027625135836238244,100000
jaou7_5900p,0.4414970593570281,5.684181084359239,0.02875408601065107,100000
jaou7_6000p,0.4414970593570281,6.0756223152754405,0.029887534702394483,100000
jaou7_6200p,0.4414970593570281,6.902055074969842,0.032158663002862846,100000
jaou7_6420p,0.4414970593570281,7.87754054596962,0.03465386635661405,100000
jaou7_6500p,0.4414970593570281,8.248266136827592,0.03556031207981761,100000
jaou7_6750p,0.4414970593570281,9.46273267077652,0.03837674694965354,100000
jaou7_6800p,0.4414970593570281,9.71527957882414,0.038937005023624544,100000
jaou7_6900p,0.4414970593570281,10.229797901138298,0.040053613373294494,100000
jaou7_7000p,0.4414970593570281,10.757384279223212,0.041162594110855884,100000
jaou7_7400p,0.4414970593570281,12.992070736198992,0.045512545995345585,100000
jaou7_7450p,0.4414970593570281,13.284405270556267,0.046046565541038344,100000
jaou7_7500p,0.4414970593570281,13.579476494072633,0.0465783089465411,100000
jaou7_6820c,0.4453831359799869,13.918248560858332,0.07827089413654116,100000
jaou7_6825c,0.4453831359799869,13.896019146399738,0.07822537244912828,100000
jaou7_6860c,0.4453831359799869,13.741242748215317,0.07790654626539713,100000
jaou7_6900c,0.4453831359799869,13.566324787649098,0.07754147949497221,100000
jaou7_6905c,0.4453831359799869,13.544607238702602,0.07749579626207412,100000
jaou7_6930c,0.4453831359799869,13.436499172279925,0.07726723673749354,100000
jaou7_7000c,0.4453831359799869,13.138196909953207,0.07662578891032401,100000
jaou7_7110c,0.4453831359799869,12.681956649688075,0.07561465814888613,100000
jaou7_7200c,0.4453831359799869,12.319798654037871,0.07478523861538913,100000
jaou7_7335c,0.4453831359799869,11.794472555577636,0.07353953262014387,100000
jaou7_7400c,0.4453831359799869,11.548702108094561,0.072940084285942,100000
jaou7_7450c,0.4453831359799869,11.362904876029653,0.07247905492391665,100000
jaou7_7500c,0.4453831359799869,11.179780428937615,0.07201838334091265,100000
jaou7_7542c,0.4453831359799869,11.028017156188014,0.07163173020267917,100000
jaou7_7550c,0.4453831359799869,10.999323733319706,0.07155811499459565,100000
jaou7_7600c,0.4453831359799869,10.821667837144545,0.07109807349802166,100000
jaou7_7610c,0.4453831359799869,10.78646317258753,0.0710061093193192,100000
jaou7_7705c,0.4453831359799869,10.4570982900273,0.07013377636673845,100000
jaou7_7710c,0.4453831359799869,10.440029201898371,0.07008791555431775,100000
jaou7_7725c,0.4453831359799869,10.388962213844184,0.06995039379413084,100000
jaou7_5800p,0.4453831359799869,5.389245271991384,0.02790737591531558,100000
jaou7_5900p,0.4453831359799869,5.768995574138667,0.02903779488070576,100000
jaou7_6000p,0.4453831359799869,6.162648587142983,0.03017231160860738,100000
jaou7_6200p,0.4453831359799869,6.993265032133582,0.0324449092352985,100000
jaou7_6420p,0.4453831359799869,7.972737123452726,0.03494132548086009,100000
jaou7_6500p,0.4453831359799869,8.344743838033065,0.03584813915293709,100000
jaou7_6750p,0.4453831359799869,9.562844346193101,0.03866518585811436,100000
jaou7_6800p,0.4453831359799869,9.816003491572538,0.03922559298990143,100000
jaou7_6900p,0.4453831359799869,10.331698661577965,0.04034238163135989,100000
jaou7_7000p,0.4453831359799869,10.860407350626343,0.04145138060851355,100000
jaou7_7400p,0.4453831359799869,13.098258815744778,0.045802145041706994,100000
jaou7_7450p,0.4453831359799869,13.390879867052004,0.04633627851216731,100000
jaou7_7500p,0.4453831359799869,13.686173703332104,0.046868261590956806,100000
jaou7_6820c,0.44926921260294567,14.01774807228927,0.07909937234548262,100000
jaou7_6825c,0.44926921260294567,13.995574179083025,0.07905390688916678,100000
jaou7_6860c,0.44926921260294567,13.84121343923777,0.07873541917047691,100000
jaou7_6900c,0.44926921260294567,13.666771638727944,0.07837072048115326,100000
jaou7_6905c,0.44926921260294567,13.645113305145308,0.07832508252953793,100000
jaou7_6930c,0.44926921260294567,13.537288354774661,0.0780967678406956,100000
jaou7_7000c,0.44926921260294567,13.23975569064707,0.07745600608190811,100000
jaou7_7110c,0.44926921260294567,12.784581551488023,0.07644607670132239,100000
jaou7_7200c,0.44926921260294567,12.423185444812052,0.0756177076436884,100000
jaou7_7335c,0.44926921260294567,11.898815586261788,0.07437367369426465,100000
jaou7_7400c,0.44926921260294567,11.653422382970259,0.0737750709527483,100000
jaou7_7450c,0.44926921260294567,11.467909936471825,0.07331465756626256,100000
jaou7_7500c,0.44926921260294567,11.285014670939942,0.07285465121525811,100000
jaou7_7542c,0.44926921260294567,11.133437629676857,0.0724685366163013,100000
jaou7_7550c,0.44926921260294567,11.10478133649286,0.07239501832851868,100000
jaou7_7600c,0.44926921260294567,10.927332748673042,0.07193559767807926,100000
jaou7_7610c,0.44926921260294567,10.892161707331391,0.07184376486262165,100000
jaou7_7705c,0.44926921260294567,10.563095605012164,0.07097263087687426,100000
jaou7_7710c,0.44926921260294567,10.54603974516626,0.07092683285298267,100000
jaou7_7725c,0.44926921260294567,10.495005658907871,0.0707895070942399,100000
jaou7_5800p,0.44926921260294567,5.4720031006174255,0.028188319064724167,100000
jaou7_5900p,0.44926921260294567,5.85391710453527,0.029320232368281733,100000
jaou7_6000p,0.44926921260294567,6.249792687329353,0.030455721567172155,100000
jaou7_6200p,0.44926921260294567,7.084578352426139,0.032729685150508815,100000
jaou7_6420p,0.44926921260294567,8.06794298107042,0.03522740083885226,100000
jaou7_6500p,0.44926921260294567,8.44124873150769,0.03613450437616919,100000
jaou7_6750p,0.44926921260294567,9.662929247098493,0.038952201039119914,100000
jaou7_6800p,0.44926921260294567,9.916706211957543,0.039512729139621804,100000
jaou7_6900p,0.44926921260294567,10.433576319822333,0.040629678392116626,100000
jaou7_7000p,0.44926921260294567,10.963396938485724,0.041738703424998844,100000
jaou7_7400p,0.44926921260294567,13.204409897785995,0.04609025955506919,100000
jaou7_7450p,0.44926921260294567,13.497315734659697,0.046624513043472066,100000
jaou7_7500p,0.44926921260294567,13.79283875249995,0.04715671876509132,100000
jaou7_6820c,0.4531552892259044,14.117203506488146,0.07993167979070359,100000
jaou7_6825c,0.4531552892259044,14.095090031823304,0.07988626167915328,100000
jaou7_6860c,0.4531552892259044,13.941150216766973,0.07956810176283154,100000
jaou7_6900c,0.4531552892259044,13.76717785749935,0.07920378167451043,100000
jaou7_6905c,0.4531552892259044,13.745572567700568,0.07915819962813217,100000
jaou7_6930c,0.4531552892259044,13.638035065234499,0.07893012154888675,100000
jaou7_7000c,0.4531552892259044,13.341259619818004,0.07829006575594746,100000
jaou7_7110c,0.4531552892259044,12.887158846706283,0.07728132506303417,100000
jaou7_7200c,0.4531552892259044,12.526523818697857,0.07645400943446957,100000
jaou7_7335c,0.4531552892259044,12.003100837743343,0.07521166822549308,100000
jaou7_7400c,0.4531552892259044,11.758093249161657,0.07461390191871561,100000
jaou7_7450c,0.4531552892259044,11.57285931846692,0.07415411827907392,100000
jaou7_7500c,0.4531552892259044,11.390199067224469,0.07369477257322142,100000
jaou7_7542c,0.4531552892259044,11.23881082465134,0.07330919687989099,100000
jaou7_7550c,0.4531552892259044,11.210191609267694,0.0732357764763308,100000
jaou7_7600c,0.4531552892259044,11.032952307779759,0.07277697951844019,100000
jaou7_7610c,0.4531552892259044,10.997815676000414,0.0726852781199053,100000
jaou7_7705c,0.4531552892259044,10.669055358305403,0.07181534587072401,100000
jaou7_7710c,0.4531552892259044,10.65201098391122,0.0717696139948585,100000
jaou7_7725c,0.4531552892259044,10.601012888894276,0.07163248198905063,100000
jaou7_5800p,0.4531552892259044,5.5549097010129715,0.02846798379521441,100000
jaou7_5900p,0.4531552892259044,5.938973720913237,0.029601335294022143,100000
jaou7_6000p,0.4531552892259044,6.337050907794137,0.030737766499838663,100000
jaou7_6200p,0.4531552892259044,7.175957522508159,0.0330130692139961,100000
jaou7_6420p,0.4531552892259044,8.163156135199491,0.03551209644234899,100000
jaou7_6500p,0.4531552892259044,8.537782366601252,0.03641940462873674,100000
jaou7_6750p,0.4531552892259044,9.76297429913004,0.039237827124695986,100000
jaou7_6800p,0.4531552892259044,10.017373575210646,0.039798451615524394,100000
jaou7_6900p,0.4531552892259044,10.53542684547905,0.040915517150501,100000
jaou7_7000p,0.4531552892259044,11.066345174541976,0.04202458665339725,100000
jaou7_7400p,0.4531552892259044,13.310525070862704,0.04637689001189458,100000
jaou7_7450p,0.4531552892259044,13.603709423540105,0.0469112826054647,100000
jaou7_7500p,0.4531552892259044,13.899467455669788,0.04744369604518386,100000
jaou7_6820c,0.4570413658488632,14.216615369812912,0.08076783512515846,100000
jaou7_6825c,0.4570413658488632,14.19455082877256,0.08072248442623212,100000
jaou7_6860c,0.4570413658488632,14.041043886946401,0.08040462993173306,100000
jaou7_6900c,0.4570413658488632,13.867539217759804,0.08004069022269794,100000
jaou7_6905c,0.4570413658488632,13.845992056148308,0.07999515510639382,100000
jaou7_6930c,0.4570413658488632,13.73875126207627,0.07976729704946028,100000
jaou7_7000c,0.4570413658488632,13.442713003354829,0.07912798045414766,100000
jaou7_7110c,0.4570413658488632,12.989692858629285,0.07812041607030767,100000
jaou7_7200c,0.4570413658488632,12.62981202096135,0.0772941669454556,100000
jaou7_7335c,0.4570413658488632,12.107329798796718,0.07605353387640372,100000
jaou7_7400c,0.4570413658488632,11.862706539727892,0.07545661007633414,100000
jaou7_7450c,0.4570413658488632,11.67775469108131,0.0749974543899292,100000
jaou7_7500c,0.4570413658488632,11.495329360233123,0.07453877388408695,100000
jaou7_7542c,0.4570413658488632,11.344137290593814,0.0741537299656678,100000
jaou7_7550c,0.4570413658488632,11.315558196772407,0.07408040365273158,100000
jaou7_7600c,0.4570413658488632,11.138524781736932,0.07362224133259043,100000
jaou7_7610c,0.4570413658488632,11.103421968871425,0.07353067346170293,100000
jaou7_7705c,0.4570413658488632,10.774974591422374,0.07266194515390785,100000
jaou7_7710c,0.4570413658488632,10.757942019993514,0.07261627969939645,100000
jaou7_7725c,0.4570413658488632,10.706981198471983,0.07247934182749285,100000
jaou7_5800p,0.4570413658488632,5.637933644097834,0.02874642292047219,100000
jaou7_5900p,0.4570413658488632,6.0241467825240615,0.029881134007346998,100000
jaou7_6000p,0.4570413658488632,6.424400392573082,0.031018487902118617,100000
jaou7_6200p,0.4570413658488632,7.267411760790523,0.033295038447736985,100000
jaou7_6420p,0.4570413658488632,8.258391305383714,0.03579537812399338,100000
jaou7_6500p,0.4570413658488632,8.634317070326707,0.03670290534140979,100000
jaou7_6750p,0.4570413658488632,9.863001577936704,0.039522011662435644,100000
jaou7_6800p,0.4570413658488632,10.118016627716518,0.04008273531324935,100000
jaou7_6900p,0.4570413658488632,10.637246041802587,0.04119991178700276,100000
jaou7_7000p,0.4570413658488632,11.169256394141884,0.042309022383123035,100000
jaou7_7400p,0.4570413658488632,13.416596197492028,0.046662063321500594,100000
jaou7_7450p,0.4570413658488632,13.710062632217582,0.047196585768770394,100000
jaou7_7500p,0.4570413658488632,14.006055584741528,0.0477292091432493,100000
jaou7_6820c,0.46092744247182194,14.31597259953388,0.08160787762949259,100000
jaou7_6825c,0.46092744247182194,14.29397109481624,0.08156256934568655,100000
jaou7_6860c,0.46092744247182194,14.140904322027946,0.0812450062875633,100000
jaou7_6900c,0.46092744247182194,13.967864330608364,0.08088145113839247,100000
jaou7_6905c,0.46092744247182194,13.946376860619816,0.08083596011621424,100000
jaou7_6930c,0.46092744247182194,13.839428846830456,0.08060832831932718,100000
jaou7_7000c,0.46092744247182194,13.54412447085253,0.0799697556172886,100000
jaou7_7110c,0.46092744247182194,13.092172302447912,0.07896338873224955,100000
jaou7_7200c,0.46092744247182194,12.733045243106657,0.07813820829593221,100000
jaou7_7335c,0.46092744247182194,12.211500087691132,0.076899294650562,100000
jaou7_7400c,0.46092744247182194,11.967268252628482,0.07630320615926278,100000
jaou7_7450c,0.46092744247182194,11.782596533694694,0.07584468526539039,100000
jaou7_7500c,0.46092744247182194,11.600411200916376,0.07538666646934193,100000
jaou7_7542c,0.46092744247182194,11.449415496046067,0.07500215821174354,100000
jaou7_7550c,0.46092744247182194,11.42087717310566,0.07492892584236024,100000
jaou7_7600c,0.46092744247182194,11.244049685772815,0.0744714037172528,100000
jaou7_7610c,0.46092744247182194,11.208981952411067,0.07437996866237595,100000
jaou7_7705c,0.46092744247182194,10.880851922560204,0.07351245036359079,100000
jaou7_7710c,0.46092744247182194,10.863833379325303,0.07346684876281338,100000
jaou7_7725c,0.46092744247182194,10.812910500776693,0.07333010626952455,100000
jaou7_5800p,0.46092744247182194,5.721052239507487,0.029023670833086525,100000
jaou7_5900p,0.46092744247182194,6.10944104917903,0.030159612074778977,100000
jaou7_6000p,0.46092744247182194,6.511838243247458,0.03129788648109511,100000
jaou7_6200p,0.46092744247182194,7.358941422946724,0.03357559003846385,100000
jaou7_6420p,0.46092744247182194,8.35365896597962,0.036077221981962684,100000
jaou7_6500p,0.46092744247182194,8.730868558425858,0.03698497009726585,100000
jaou7_6750p,0.46092744247182194,9.963013113466234,0.03980475207286934,100000
jaou7_6800p,0.46092744247182194,10.218627963803934,0.04036560160424943,100000
jaou7_6900p,0.46092744247182194,10.739042549671973,0.041482843159322345,100000
jaou7_7000p,0.46092744247182194,11.272139256660406,0.042591991171750714,100000
jaou7_7400p,0.46092744247182194,13.522629305413442,0.046945765720159585,100000
jaou7_7450p,0.46092744247182194,13.816375869851788,0.04748042451774191,100000
jaou7_7500p,0.46092744247182194,14.112608820445603,0.04801324473645448,100000
jaou7_6820c,0.4648135190947807,14.415309373977156,0.08245176726275592,100000
jaou7_6825c,0.4648135190947807,14.393380480548489,0.08240648442435188,100000
jaou7_6860c,0.4648135190947807,14.240730529969952,0.0820892526599324,100000
jaou7_6900c,0.4648135190947807,14.068150147956027,0.0817260898266882,100000
jaou7_6905c,0.4648135190947807,14.046719498651925,0.08168064775878471,100000
jaou7_6930c,0.4648135190947807,13.940068741497075,0.081453234029562,100000
jaou7_7000c,0.4648135190947807,13.645498263188282,0.08081540432741567,100000
jaou7_7110c,0.4648135190947807,13.194599474778029,0.07981025958092647,100000
jaou7_7200c,0.4648135190947807,12.836228210492237,0.07898614617881909,100000
jaou7_7335c,0.4648135190947807,12.315610679725195,0.07774897253536424,100000
jaou7_7400c,0.4648135190947807,12.071779904125375,0.07715370813837204,100000
jaou7_7450c,0.4648135190947807,11.887377647473253,0.07669584237327468,100000
jaou7_7500c,0.4648135190947807,11.705444497072783,0.07623847070844589,100000
jaou7_7542c,0.4648135190947807,11.554648466462954,0.07585449715875509,100000
jaou7_7550c,0.4648135190947807,11.526147994735792,0.0757813640232605,100000
jaou7_7600c,0.4648135190947807,11.349526125357048,0.07532448805997556,100000
jaou7_7610c,0.4648135190947807,11.314494382898424,0.07523318561322935,100000
jaou7_7705c,0.4648135190947807,10.986687395520942,0.07436688121278448,100000
jaou7_7710c,0.4648135190947807,10.969683091353904,0.07432134386754263,100000
jaou7_7725c,0.4648135190947807,10.91879906728276,0.07418479758684172,100000
jaou7_5800p,0.4648135190947807,5.804266224276126,0.02929971711478102,100000
jaou7_5900p,0.4648135190947807,6.19483666671289,0.03043680342740497,100000
jaou7_6000p,0.4648135190947807,6.599363391987908,0.03157595914562817,100000
jaou7_6200p,0.4648135190947807,7.4505471269994485,0.033854720143726376,100000
jaou7_6420p,0.4648135190947807,8.448942622583345,0.036357666040985115,100000
jaou7_6500p,0.4648135190947807,8.827430973259483,0.037265613591743914,100000
jaou7_6750p,0.4648135190947807,10.063012919712067,0.04008604080292124,100000
jaou7_6800p,0.4648135190947807,10.319210664125078,0.04064704545857015,100000
jaou7_6900p,0.4648135190947807,10.84081335110162,0.04176432224703383,100000
jaou7_7000p,0.4648135190947807,11.374998033078143,0.04287348520871885,100000
jaou7_7400p,0.4648135190947807,13.628625940992315,0.047227996285586125,100000
jaou7_7450p,0.4648135190947807,13.922641967712327,0.0477628231536764,100000
jaou7_7500p,0.4648135190947807,14.219127100683991,0.04829580630270736,100000
jaou7_6820c,0.46869959571773945,14.514621325695426,0.08329953186414622,100000
jaou7_6825c,0.46869959571773945,14.492747820657883,0.08325430444254729,100000
jaou7_6860c,0.46869959571773945,14.340518460736075,0.08293739635945137,100000
jaou7_6900c,0.46869959571773945,14.168399452949552,0.08257462185913414,100000
jaou7_6905c,0.46869959571773945,14.147034125668021,0.08252921401973339,100000
jaou7_6930c,0.46869959571773945,14.040670678647556,0.08230203499293649,100000
jaou7_7000c,0.46869959571773945,13.746821497000663,0.08166496882780784,100000
jaou7_7110c,0.46869959571773945,13.296976211205076,0.08066104612098415,100000
jaou7_7200c,0.46869959571773945,12.939349080941613,0.0798380204210067,100000
jaou7_7335c,0.46869959571773945,12.419664394381279,0.07860258360723389,100000
jaou7_7400c,0.46869959571773945,12.176239616770912,0.07800813947940254,100000
jaou7_7450c,0.46869959571773945,11.992104093244507,0.07755093675524088,100000
jaou7_7500c,0.46869959571773945,11.810423286857725,0.07709421615900391,100000
jaou7_7542c,0.46869959571773945,11.65983236783538,0.07671077300104671,100000
jaou7_7550c,0.46869959571773945,11.631371066860105,0.07663773790532696,100000
jaou7_7600c,0.46869959571773945,11.454952124287042,0.07618151755800397,100000
jaou7_7610c,0.46869959571773945,11.419958474185568,0.07609034570008884,100000
jaou7_7705c,0.46869959571773945,11.092480913949553,0.07522525781231139,100000
jaou7_7710c,0.46869959571773945,11.075487987081907,0.07517978964371526,100000
jaou7_7725c,0.46869959571773945,11.024647173046791,0.0750434352895541,100000
jaou7_5800p,0.46869959571773945,5.887615954805636,0.02957447416889992,100000
jaou7_5900p,0.46869959571773945,6.280346386187599,0.03071267542273841,100000
jaou7_6000p,0.46869959571773945,6.686998650193854,0.03185265396223688,100000
jaou7_6200p,0.46869959571773945,7.542217523015546,0.03413245203456827,100000
jaou7_6420p,0.46869959571773945,8.54423542231188,0.03663672625219432,100000
jaou7_6500p,0.46869959571773945,8.924004205202213,0.03754483681269407,100000
jaou7_6750p,0.46869959571773945,10.162991191801773,0.040365904919943546,100000
jaou7_6800p,0.46869959571773945,10.41975134293844,0.04092710343762773,100000
jaou7_6900p,0.46869959571773945,10.942561259666654,0.04204434481920634,100000
jaou7_7000p,0.46869959571773945,11.477819870462033,0.04315354196862394,100000
jaou7_7400p,0.46869959571773945,13.73458425720936,0.047508763846761455,100000
jaou7_7450p,0.46869959571773945,14.028867017055088,0.048043767370315626,100000
jaou7_7500p,0.46869959571773945,14.325604494040446,0.048576914596266604,100000
jaou7_6820c,0.47258567234069826,14.613888287616534,0.0841512270693996,100000
jaou7_6825c,0.47258567234069826,14.592076233541059,0.08410604435638172,100000
jaou7_6860c,0.47258567234069826,14.44026014464911,0.08378947161664592,100000
jaou7_6900c,0.47258567234069826,14.268618596224345,0.08342705682962503,100000
jaou7_6905c,0.47258567234069826,14.247305180835628,0.08338170612298364,100000
jaou7_6930c,0.47258567234069826,14.141221739524491,0.08315477380933954,100000
jaou7_7000c,0.47258567234069826,13.848096688139227,0.0825184654945806,100000
jaou7_7110c,0.47258567234069826,13.399298297789134,0.08151577600533348,100000
jaou7_7200c,0.47258567234069826,13.042412940203873,0.08069384350014452,100000
jaou7_7335c,0.47258567234069826,12.523661162766325,0.07946014868412676,100000
jaou7_7400c,0.47258567234069826,12.280645902835149,0.0788665232026902,100000
jaou7_7450c,0.47258567234069826,12.096772731452138,0.07840999389337859,100000
jaou7_7500c,0.47258567234069826,11.915347001361866,0.07795392426259196,100000
jaou7_7542c,0.47258567234069826,11.764966744113192,0.07757100694827265,100000
jaou7_7550c,0.47258567234069826,11.736543070511209,0.07749807302879987,100000
jaou7_7600c,0.47258567234069826,11.560330178137924,0.07704250885547488,100000
jaou7_7610c,0.47258567234069826,11.525373654924184,0.07695147015880886,100000
jaou7_7705c,0.47258567234069826,11.198229918105186,0.0760876040969115,100000
jaou7_7710c,0.47258567234069826,11.181249819817525,0.07604220364763054,100000
jaou7_7725c,0.47258567234069826,11.130455973365631,0.07590603778899235,100000
jaou7_5800p,0.47258567234069826,5.971063958541772,0.029848008787892587,100000
jaou7_5900p,0.47258567234069826,6.365983531437712,0.030987195745418833,100000
jaou7_6000p,0.47258567234069826,6.774741177803399,0.032127972829828155,100000
jaou7_6200p,0.47258567234069826,7.633913975206346,0.034408868428172305,100000
jaou7_6420p,0.47258567234069826,8.639553674849587,0.03691436479261154,100000
jaou7_6500p,0.47258567234069826,9.020592314435993,0.0378226310926587,100000
jaou7_6750p,0.47258567234069826,10.262934424132503,0.04064438083972585,100000
jaou7_6800p,0.47258567234069826,10.520282860359448,0.041205694677204155,100000
jaou7_6900p,0.47258567234069826,11.044292656757264,0.04232289748973404,100000
jaou7_7000p,0.47258567234069826,11.580607315416415,0.043432158069130686,100000
jaou7_7400p,0.47258567234069826,13.840502797089414,0.04778807609324557,100000
jaou7_7450p,0.47258567234069826,14.13504790907854,0.04832326965408944,100000
jaou7_7500p,0.47258567234069826,14.432040462360401,0.048856574488720404,100000
jaou7_6820c,0.476471748963657,14.713120531837502,0.08500685554872921,100000
jaou7_6825c,0.476471748963657,14.691371011878742,0.08496171553005927,100000
jaou7_6860c,0.476471748963657,14.53996194078262,0.08464548805411413,100000
jaou7_6900c,0.476471748963657,14.368794445505966,0.08428343798509146,100000
jaou7_6905c,0.476471748963657,14.347543210305417,0.08423812676092596,100000
jaou7_6930c,0.476471748963657,14.241726514025242,0.08401146337079476,100000
jaou7_7000c,0.476471748963657,13.949336029473972,0.0833758946572243,100000
jaou7_7110c,0.476471748963657,13.501566726576286,0.08237446845618857,100000
jaou7_7200c,0.476471748963657,13.145418645061813,0.08155363814837352,100000
jaou7_7335c,0.476471748963657,12.627600784783242,0.0803216889683426,100000
jaou7_7400c,0.476471748963657,12.38500118050711,0.07972887639766316,100000
jaou7_7450c,0.476471748963657,12.201385408367345,0.07927303173052255,100000
jaou7_7500c,0.476471748963657,12.020217535046541,0.07881761286637799,100000
jaou7_7542c,0.476471748963657,11.870051760211606,0.07843521944315837,100000
jaou7_7550c,0.476471748963657,11.841662040135363,0.07836239304706287,100000
jaou7_7600c,0.476471748963657,11.665656889393858,0.07790748763728761,100000
jaou7_7610c,0.476471748963657,11.630737653325589,0.07781658295638053,100000
jaou7_7705c,0.476471748963657,11.303931971001976,0.07695394399796042,100000
jaou7_7710c,0.476471748963657,11.286967791173362,0.07690860738717302,100000
jaou7_7725c,0.476471748963657,11.23622316271909,0.07677262877334678,100000
jaou7_5800p,0.476471748963657,6.054641043814118,0.03012025216882111,100000
jaou7_5900p,0.476471748963657,6.451731141642819,0.03126039379153508,100000
jaou7_6000p,0.476471748963657,6.862578645006027,0.032401937455954516,100000
jaou7_6200p,0.476471748963657,7.725668824664436,0.034683895923893614,100000
jaou7_6420p,0.476471748963657,8.734896185767402,0.037190584892020755,100000
jaou7_6500p,0.476471748963657,9.117188552757911,0.03809901345596424,100000
jaou7_6750p,0.476471748963657,10.362852970068369,0.04092144493445365,100000
jaou7_6800p,0.476471748963657,10.62080552568396,0.04148282133818712,100000
jaou7_6900p,0.476471748963657,11.145994441181696,0.04260001744301887,100000
jaou7_7000p,0.476471748963657,11.68337259189397,0.043709304343136746,100000
jaou7_7400p,0.476471748963657,13.946384009904191,0.04806592941543787,100000
jaou7_7450p,0.476471748963657,14.241186521136559,0.04860132791808584,100000
jaou7_7500p,0.476471748963657,14.53843693118789,0.04913478356813746,100000
jaou7_6820c,0.48035782558661577,14.812319674555862,0.08586643526704239,100000
jaou7_6825c,0.48035782558661577,14.790629164103096,0.08582134390403619,100000
jaou7_6860c,0.48035782558661577,14.639626848011522,0.08550546131095281,100000
jaou7_6900c,0.48035782558661577,14.468935398455708,0.08514377183108301,100000
jaou7_6905c,0.48035782558661577,14.447740432637776,0.08509851009246029,100000
jaou7_6930c,0.48035782558661577,14.342185895551243,0.08487212303533097,100000
jaou7_7000c,0.48035782558661577,14.050517706004376,0.08423731381653984,100000
jaou7_7110c,0.48035782558661577,13.60378774835288,0.08323713429594078,100000
jaou7_7200c,0.48035782558661577,13.248370618578544,0.08241741831947551,100000
jaou7_7335c,0.48035782558661577,12.731481323396741,0.08118722857299775,100000
jaou7_7400c,0.48035782558661577,12.489301246667061,0.08059522663978601,100000
jaou7_7450c,0.48035782558661577,12.305937905211945,0.08014007773439485,100000
jaou7_7500c,0.48035782558661577,12.125037707611188,0.07968529858362974,100000
jaou7_7542c,0.48035782558661577,11.97508313051249,0.07930343784241944,100000
jaou7_7550c,0.48035782558661577,11.946728768562865,0.07923071760282821,100000
jaou7_7600c,0.48035782558661577,11.77093380219949,0.07877647235304922,100000
jaou7_7610c,0.48035782558661577,11.7360512932669,0.0786857036028603,100000
jaou7_7705c,0.48035782558661577,11.409589928865833,0.07782429384943412,100000
jaou7_7710c,0.48035782558661577,11.39264142688664,0.07777902208791683,100000
jaou7_7725c,0.48035782558661577,11.34194449490589,0.07764323494935119,100000
jaou7_5800p,0.48035782558661577,6.138336927627444,0.03039121850084295,100000
jaou7_5900p,0.48035782558661577,6.537578721469631,0.031532286093003695,100000
jaou7_6000p,0.48035782558661577,6.950507717517528,0.03267455136947834,100000
jaou7_6200p,0.48035782558661577,7.817446460618973,0.034957611758259864,100000
jaou7_6420p,0.48035782558661577,8.830264931846482,0.03746538247764382,100000
jaou7_6500p,0.48035782558661577,9.213802878172105,0.038373961177922085,100000
jaou7_6750p,0.48035782558661577,10.46273909541032,0.041197119296143704,100000
jaou7_6800p,0.48035782558661577,10.721296926727314,0.04175854337887049,100000
jaou7_6900p,0.48035782558661577,11.247675042013311,0.042875685838611136,100000
jaou7_7000p,0.48035782558661577,11.78609391630625,0.043985042379833764,100000
jaou7_7400p,0.48035782558661577,14.052223723946016,0.04834233935518911,100000
jaou7_7450p,0.48035782558661577,14.347278665863033,0.04887795780698676,100000
jaou7_7500p,0.48035782558661577,14.644796751634411,0.04941153667549672,100000
jaou7_6820c,0.48424390220957453,14.911482214131471,0.08672999323824111,100000
jaou7_6825c,0.48424390220957453,14.88984703731036,0.08668495671795752,100000
jaou7_6860c,0.48424390220957453,14.739250953509263,0.08636941911943209,100000
jaou7_6900c,0.48424390220957453,14.569029480120372,0.08600809979937826,100000
jaou7_6905c,0.48424390220957453,14.547883382810243,0.08596290003928633,100000
jaou7_6930c,0.48424390220957453,14.442588133822111,0.08573679373304097,100000
jaou7_7000c,0.48424390220957453,14.151657298067398,0.08510271812082422,100000
jaou7_7110c,0.48424390220957453,13.705957618454027,0.08410380088756635,100000
jaou7_7200c,0.48424390220957453,13.35127582520371,0.08328519407035159,100000
jaou7_7335c,0.48424390220957453,12.83530399464102,0.0820567868132888,100000
jaou7_7400c,0.48424390220957453,12.593543260811678,0.08146559953981967,100000
jaou7_7450c,0.48424390220957453,12.410433179685159,0.08101114850646836,100000
jaou7_7500c,0.48424390220957453,12.22979939054811,0.08055701490351205,100000
jaou7_7542c,0.48424390220957453,12.080061186491056,0.08017568269157949,100000
jaou7_7550c,0.48424390220957453,12.051742532466175,0.08010306882512801,100000
jaou7_7600c,0.48424390220957453,11.876157344635972,0.07964948928969302,100000
jaou7_7610c,0.48424390220957453,11.84131732355351,0.0795588489310382,100000
jaou7_7705c,0.48424390220957453,11.51520181628067,0.07869867728295808,100000
jaou7_7710c,0.48424390220957453,11.49826875647063,0.07865347135527875,100000
jaou7_7725c,0.48424390220957453,11.447620220914628,0.0785178766268379,100000
jaou7_5800p,0.48424390220957453,6.222143774100199,0.030660917033392212,100000
jaou7_5900p,0.48424390220957453,6.6235160248499785,0.031802888574615176,100000
jaou7_6000p,0.48424390220957453,7.038512966741275,0.03294584324121666,100000
jaou7_6200p,0.48424390220957453,7.90924587485518,0.03523001640397045,100000
jaou7_6420p,0.48424390220957453,8.92563095539993,0.037738825975156765,100000
jaou7_6500p,0.48424390220957453,9.310409062293704,0.03864753824440195,100000
jaou7_6750p,0.48424390220957453,10.562596170460873,0.04147139795495721,100000
jaou7_6800p,0.48424390220957453,10.821766878866184,0.04203283839017655,100000
jaou7_6900p,0.48424390220957453,11.349322516041845,0.043149937089714076,100000
jaou7_7000p,0.48424390220957453,11.888786900733141,0.04425933369399837,100000
jaou7_7400p,0.48424390220957453,14.158019130454502,0.048617317506338124,100000
jaou7_7450p,0.48424390220957453,14.453327332700116,0.04915315391176373,100000
jaou7_7500p,0.48424390220957453,14.751111826935203,0.04968686102521939,100000
jaou7_6820c,0.4881299788325333,15.01059680008974,0.08759757010011422,100000
jaou7_6825c,0.4881299788325333,14.989019844790548,0.08755258334242269,100000
jaou7_6860c,0.4881299788325333,14.838848969157972,0.08723735754882005,100000
jaou7_6900c,0.4881299788325333,14.669073699268997,0.08687644819908476,100000
jaou7_6905c,0.4881299788325333,14.647982260924131,0.08683130051484117,100000
jaou7_6930c,0.4881299788325333,14.542938265135051,0.08660548816794018,100000
jaou7_7000c,0.4881299788325333,14.252751777129378,0.08597213395024303,100000
jaou7_7110c,0.4881299788325333,13.808073769542698,0.08497449381268013,100000
jaou7_7200c,0.4881299788325333,13.454132700158574,0.0841569893871091,100000
jaou7_7335c,0.4881299788325333,12.939069651679727,0.08293038376983507,100000
jaou7_7400c,0.4881299788325333,12.69772432692685,0.0823400209357879,100000
jaou7_7450c,0.4881299788325333,12.51487929399069,0.08188625302394115,100000
jaou7_7500c,0.4881299788325333,12.334505634156798,0.08143277846220019,100000
jaou7_7542c,0.4881299788325333,12.18498414403615,0.08105197789771668,100000
jaou7_7550c,0.4881299788325333,12.156705335652342,0.08097946491120347,100000
jaou7_7600c,0.4881299788325333,11.981328008313126,0.08052655884125552,100000
jaou7_7610c,0.4881299788325333,11.94653416003307,0.08043604242494092,100000
jaou7_7705c,0.4881299788325333,11.620767125891566,0.07957711596162309,100000
jaou7_7710c,0.4881299788325333,11.603851673297696,0.07953197333293187,100000
jaou7_7725c,0.4881299788325333,11.553250547389919,0.07939657437584671,100000
jaou7_5800p,0.4881299788325333,6.3060660093073455,0.030929332867925936,100000
jaou7_5900p,0.4881299788325333,6.709531782715966,0.032072219762586174,100000
jaou7_6000p,0.4881299788325333,7.126581703069862,0.03321583671082725,100000
jaou7_6200p,0.4881299788325333,8.00107621255771,0.03550108760932403,100000
jaou7_6420p,0.4881299788325333,9.021018690918817,0.038010858283171564,100000
jaou7_6500p,0.4881299788325333,9.407013433572171,0.038919730465684234,100000
jaou7_6750p,0.4881299788325333,10.662410864449967,0.041744317251903876,100000
jaou7_6800p,0.4881299788325333,10.922217619150523,0.04230570340015151,100000
jaou7_6900p,0.4881299788325333,11.45093390411161,0.04342278200166798,100000
jaou7_7000p,0.4881299788325333,11.991448548716262,0.044532189708288324,100000
jaou7_7400p,0.4881299788325333,14.26376736549081,0.04889087565232312,100000
jaou7_7450p,0.4881299788325333,14.559340615926786,0.049426895780464296,100000
jaou7_7500p,0.4881299788325333,14.857385239465032,0.049960750714572025,100000
jaou7_6820c,0.4920160554554921,15.10967083900508,0.08846917442096906,100000
jaou7_6825c,0.4920160554554921,15.088155013760066,0.08842423234187631,100000
jaou7_6860c,0.4920160554554921,14.93840160155557,0.08810933086532903,100000
jaou7_6900c,0.4920160554554921,14.7690731383562,0.08774882980933932,100000
jaou7_6905c,0.4920160554554921,14.74803282018165,0.0877037400900258,100000
jaou7_6930c,0.4920160554554921,14.643245598212092,0.0874782121426338,100000
jaou7_7000c,0.4920160554554921,14.353796969595265,0.08684558974053748,100000
jaou7_7110c,0.4920160554554921,13.910117541776632,0.08584926498610083,100000
jaou7_7200c,0.4920160554554921,13.556928584192018,0.08503284614383767,100000
jaou7_7335c,0.4920160554554921,13.04277616939212,0.08380804434974998,100000
jaou7_7400c,0.4920160554554921,12.80184366571762,0.08321851357125623,100000
jaou7_7450c,0.4920160554554921,12.619269178097968,0.0827654236305932,100000
jaou7_7500c,0.4920160554554921,12.439158139075017,0.08231260814410321,100000
jaou7_7542c,0.4920160554554921,12.289854246123486,0.08193234149705032,100000
jaou7_7550c,0.4920160554554921,12.26161510930494,0.08185993037421131,100000
jaou7_7600c,0.4920160554554921,12.086448411914668,0.08140769842977177,100000
jaou7_7610c,0.4920160554554921,12.051700003049392,0.08131730806902529,100000
jaou7_7705c,0.4920160554554921,11.726285551221961,0.08045963145231651,100000
jaou7_7710c,0.4920160554554921,11.709390941744452,0.08041454802002228,100000
jaou7_7725c,0.4920160554554921,11.658835263306697,0.08027934957354048,100000
jaou7_5800p,0.4920160554554921,6.390074240689121,0.031196519517294862,100000
jaou7_5900p,0.4920160554554921,6.795647381374597,0.03234023016626762,100000
jaou7_6000p,0.4920160554554921,7.214730875800408,0.033484491779433134,100000
jaou7_6200p,0.4920160554554921,8.092936749451216,0.03577082567117695,100000
jaou7_6420p,0.4920160554554921,9.116413387480398,0.038281514994928684,100000
jaou7_6500p,0.4920160554554921,9.503612794073726,0.03919054672218443,100000
jaou7_6750p,0.4920160554554921,10.762218058708296,0.04201579073319909,100000
jaou7_6800p,0.4920160554554921,11.022645654559696,0.04257715017542904,100000
jaou7_6900p,0.4920160554554921,11.552514321086328,0.043694210235806684,100000
jaou7_7000p,0.4920160554554921,12.094074719069663,0.04480362492261716,100000
jaou7_7400p,0.4920160554554921,14.369467682169098,0.04916301938570989,100000
jaou7_7450p,0.4920160554554921,14.665311477921582,0.04969920743363798,100000
jaou7_7500p,0.4920160554554921,14.963618722270764,0.05023320380946306,100000
jaou7_6820c,0.4959021320784508,15.208707940393577,0.0893448215261528,100000
jaou7_6825c,0.4959021320784508,15.187248484259564,0.08929993214692969,100000
jaou7_6860c,0.4959021320784508,15.037922670162509,0.08898533717705816,100000
jaou7_6900c,0.4959021320784508,14.869017243679224,0.08862528397030456,100000
jaou7_6905c,0.4959021320784508,14.848026535942445,0.08858025469768621,100000
jaou7_6930c,0.4959021320784508,14.743515700012898,0.08835497795279183,100000
jaou7_7000c,0.4959021320784508,14.454778858838447,0.08772313037301825,100000
jaou7_7110c,0.4959021320784508,14.012103871760262,0.08672811187733627,100000
jaou7_7200c,0.4959021320784508,13.65966403162288,0.08591278523958597,100000
jaou7_7335c,0.4959021320784508,13.1464290812615,0.08468978170129018,100000
jaou7_7400c,0.4959021320784508,12.905903729898274,0.08410109538919779,100000
jaou7_7450c,0.4959021320784508,12.723597709711548,0.08364868983946293,100000
jaou7_7500c,0.4959021320784508,12.543759427330937,0.0831965217953995,100000
jaou7_7542c,0.4959021320784508,12.394671568280923,0.08281679497290795,100000
jaou7_7550c,0.4959021320784508,12.366470773739739,0.0827444884181067,100000
jaou7_7600c,0.4959021320784508,12.19151892434114,0.08229292901955516,100000
jaou7_7610c,0.4959021320784508,12.15681635426533,0.08220266513576313,100000
jaou7_7705c,0.4959021320784508,11.831758489411826,0.08134624303094275,100000
jaou7_7710c,0.4959021320784508,11.814881068655378,0.08130122472251906,100000
jaou7_7725c,0.4959021320784508,11.764374470427978,0.08116622334378394,100000
jaou7_5800p,0.4959021320784508,6.474216743844878,0.03146237306642253,100000
jaou7_5900p,0.4959021320784508,6.881872499330211,0.032606895535281274,100000
jaou7_6000p,0.4959021320784508,7.3029504619231025,0.0337518268819883,100000
jaou7_6200p,0.4959021320784508,8.184827107729772,0.03603923013141029,100000
jaou7_6420p,0.4959021320784508,9.211822977124273,0.03855077791710546,100000
jaou7_6500p,0.4959021320784508,9.600215585246644,0.03945996776323368,100000
jaou7_6750p,0.4959021320784508,10.86201509416119,0.0422858279994418,100000
jaou7_6800p,0.4959021320784508,11.123039613365338,0.04284721091134621,100000
jaou7_6900p,0.4959021320784508,11.654053246007663,0.043964252697590384,100000
jaou7_7000p,0.4959021320784508,12.196651427911156,0.04507368032242376,100000
jaou7_7400p,0.4959021320784508,14.475122565948064,0.04943374484622397,100000
jaou7_7450p,0.4959021320784508,14.771234829133475,0.0499701071746091,100000
jaou7_7500p,0.4959021320784508,15.069814830124994,0.050504215885714215,100000
jaou7_6820c,0.4997882087014096,15.30770375474511,0.09022454055268785,100000
jaou7_6825c,0.4997882087014096,15.286308831720605,0.09017968990237168,100000
jaou7_6860c,0.4997882087014096,15.137399277438261,0.08986542007881954,100000
jaou7_6900c,0.4997882087014096,14.968907866962377,0.08950582931661262,100000
jaou7_6905c,0.4997882087014096,14.947967450732856,0.08946085927396008,100000
jaou7_6930c,0.4997882087014096,14.84373325534549,0.08923583302444704,100000
jaou7_7000c,0.4997882087014096,14.555702789787098,0.08860476883787424,100000
jaou7_7110c,0.4997882087014096,14.11403754230329,0.08761104868386091,100000
jaou7_7200c,0.4997882087014096,13.762335405488638,0.08679683438518011,100000
jaou7_7335c,0.4997882087014096,13.250018550717668,0.08557563305891398,100000
jaou7_7400c,0.4997882087014096,13.009896071980085,0.08498780125172586,100000
jaou7_7450c,0.4997882087014096,12.827871378946375,0.08453606363576911,100000
jaou7_7500c,0.4997882087014096,12.64830797267238,0.08408454355686405,100000
jaou7_7542c,0.4997882087014096,12.499434208174003,0.08370536295867848,100000
jaou7_7550c,0.4997882087014096,12.471270736999463,0.0836331631887779,100000
jaou7_7600c,0.4997882087014096,12.296536825694819,0.08318227634754237,100000
jaou7_7610c,0.4997882087014096,12.261876793323951,0.08309214480209884,100000
jaou7_7705c,0.4997882087014096,11.937184468090187,0.08223697435094966,100000
jaou7_7710c,0.4997882087014096,11.920320473442548,0.0821920272291653,100000
jaou7_7725c,0.4997882087014096,11.869865789638716,0.08205722059929516,100000
jaou7_5800p,0.4997882087014096,6.558470139612248,0.03172693657981821,100000
jaou7_5900p,0.4997882087014096,6.968190195790675,0.03287224784351474,100000
jaou7_6000p,0.4997882087014096,7.391240134013528,0.03401783968373901,100000
jaou7_6200p,0.4997882087014096,8.276765837450439,0.036306257942830406,100000
jaou7_6420p,0.4997882087014096,9.307242939282455,0.038818658645623075,100000
jaou7_6500p,0.4997882087014096,9.696822843955783,0.0397279924679796,100000
jaou7_6750p,0.4997882087014096,10.961781768676904,0.04255448335592557,100000
jaou7_6800p,0.4997882087014096,11.223406764180833,0.04311586952709852,100000
jaou7_6900p,0.4997882087014096,11.75555256368113,0.044232907447760685,100000
jaou7_7000p,0.4997882087014096,12.299184053250123,0.04534234470470408,100000
jaou7_7400p,0.4997882087014096,14.58072360242019,0.04970308005252593,100000
jaou7_7450p,0.4997882087014096,14.877117192758613,0.05023957903226122,100000
jaou7_7500p,0.4997882087014096,15.175972069856753,0.05077379457709103,100000
