contract_id,sigma,model_price,pricing_se,n_paths
jaou7_6820c,0.3442021996194874,10.673450330109056,0.05685336962521247,100000
jaou7_6825c,0.3442021996194874,10.650630795636927,0.05680643115674297,100000
jaou7_6860c,0.3442021996194874,10.492015890577738,0.05647749208311514,100000
jaou7_6900c,0.3442021996194874,10.31306666844312,0.05610095244045834,100000
jaou7_6905c,0.3442021996194874,10.2908697336931,0.05605384676340191,100000
jaou7_6930c,0.3442021996194874,10.180462699380021,0.05581818898841721,100000
jaou7_7000c,0.3442021996194874,9.876804576135683,0.055156630856580256,100000
jaou7_7110c,0.3442021996194874,9.415797035887957,0.05411270295112315,100000
jaou7_7200c,0.3442021996194874,9.052749986600418,0.05325618538112618,100000
jaou7_7335c,0.3442021996194874,8.530850161178012,0.05197047522868776,100000
jaou7_7400c,0.3442021996194874,8.288810521366646,0.05135217361565293,100000
jaou7_7450c,0.3442021996194874,8.106564706210461,0.05087725981030067,100000
jaou7_7500c,0.3442021996194874,7.927836370329795,0.05040288253316919,100000
jaou7_7542c,0.3442021996194874,7.780380711724916,0.050004924636336455,100000
jaou7_7550c,0.3442021996194874,7.752556782800324,0.04992920238949791,100000
jaou7_7600c,0.3442021996194874,7.580627488167575,0.04945643312475406,100000
jaou7_7610c,0.3442021996194874,7.546638141003123,0.049362001421168596,100000
jaou7_7705c,0.3442021996194874,7.230210425162113,0.0484672265663677,100000
jaou7_7710c,0.3442021996194874,7.213882470305279,0.048420250527334056,100000
jaou7_7725c,0.3442021996194874,7.165091230632741,0.04827939950237626,100000
jaou7_5800p,0.3442021996194874,3.69818590417149,0.021416490648815,100000
jaou7_5900p,0.3442021996194874,4.032987045349665,0.022510536756830735,100000
jaou7_6000p,0.3442021996194874,4.384927813525734,0.023613779194957375,100000
jaou7_6200p,0.3442021996194874,5.140136976521987,0.025840410343291525,100000
jaou7_6420p,0.3442021996194874,6.051112921538847,0.028302635539005857,100000
jaou7_6500p,0.3442021996194874,6.403717478763107,0.029196570419543766,100000
jaou7_6750p,0.3442021996194874,7.5736808575865275,0.03198157481072121,100000
jaou7_6800p,0.3442021996194874,7.820208432200849,0.032534742822854144,100000
jaou7_6900p,0.3442021996194874,8.324929083518184,0.03363729864431943,100000
jaou7_7000p,0.3442021996194874,8.845427886386657,0.03473255268481816,100000
jaou7_7400p,0.3442021996194874,11.08447741232127,0.0390039241412748,100000
jaou7_7450p,0.3442021996194874,11.380612044753041,0.0395252513312504,100000
jaou7_7500p,0.3442021996194874,11.680264156460332,0.040043218170966996,100000
jaou7_6820c,0.3480437316053026,10.774038532372545,0.057586024734218054,100000
jaou7_6825c,0.3480437316053026,10.751278625316555,0.057539134905007554,100000
jaou7_6860c,0.3480437316053026,10.593082554718107,0.05721051961497193,100000
jaou7_6900c,0.3480437316053026,10.414584928031175,0.05683437000464809,100000
jaou7_6905c,0.3480437316053026,10.392442577369659,0.056787314191289906,100000
jaou7_6930c,0.3480437316053026,10.282316423552373,0.05655188337086282,100000
jaou7_7000c,0.3480437316053026,9.97939747266831,0.055890974030282634,100000
jaou7_7110c,0.3480437316053026,9.519363505483524,0.054848173906251,100000
jaou7_7200c,0.3480437316053026,9.15692289432109,0.05399269154032885,100000
jaou7_7335c,0.3480437316053026,8.635664085313516,0.052708596663676874,100000
jaou7_7400c,0.3480437316053026,8.393835008299252,0.05209106016581873,100000
jaou7_7450c,0.3480437316053026,8.211696522750225,0.051616743336046295,100000
jaou7_7500c,0.3480437316053026,8.033044009464954,0.05114294240249687,100000
jaou7_7542c,0.3480437316053026,7.885618219605352,0.05074546640902744,100000
jaou7_7550c,0.3480437316053026,7.8577973530186505,0.05066983424656312,100000
jaou7_7600c,0.3480437316053026,7.685865460640636,0.05019761930343921,100000
jaou7_7610c,0.3480437316053026,7.651871430170217,0.050103296047991484,100000
jaou7_7705c,0.3480437316053026,7.335323357559528,0.04920951808267989,100000
jaou7_7710c,0.3480437316053026,7.318986902356809,0.04916259030315657,100000
jaou7_7725c,0.3480437316053026,7.2701640452262,0.04902188863656529,100000
jaou7_5800p,0.3480437316053026,3.7778598885481727,0.021726406171772305,100000
jaou7_5900p,0.3480437316053026,4.115529496463835,0.02282274228189797,100000
jaou7_6000p,0.3480437316053026,4.470211288711226,0.02392787899086597,100000
jaou7_6200p,0.3480437316053026,5.230355792378634,0.026157504723591858,100000
jaou7_6420p,0.3480437316053026,6.146293358603775,0.02862129932941486,100000
jaou7_6500p,0.3480437316053026,6.500446025622713,0.02951569430980595,100000
jaou7_6750p,0.3480437316053026,7.674460229104532,0.032301698869419235,100000
jaou7_6800p,0.3480437316053026,7.92163897841291,0.032855068276081915,100000
jaou7_6900p,0.3480437316053026,8.427539488155725,0.033957969438135144,100000
jaou7_7000p,0.3480437316053026,8.949112927968772,0.03505337975999896,100000
jaou7_7400p,0.3480437316053026,11.19059404430336,0.03932627663611617,100000
jaou7_7450p,0.3480437316053026,11.48683600634229,0.03984793704820964,100000
jaou7_7500p,0.3480437316053026,11.786563940644976,0.04036625000688828,100000
jaou7_6820c,0.3518852635911178,10.874596928996251,0.05832202152039761,100000
jaou7_6825c,0.3518852635911178,10.851908431908251,0.05827515787385586,100000
jaou7_6860c,0.3518852635911178,10.69411756787648,0.05794688898006771,100000
jaou7_6900c,0.3518852635911178,10.516065503120387,0.057571137802149876,100000
jaou7_6905c,0.3518852635911178,10.493975491199205,0.057524135667612414,100000
jaou7_6930c,0.3518852635911178,10.384129630663306,0.057288931536254716,100000
jaou7_7000c,0.3518852635911178,10.081955094207002,0.05662865935906805,100000
jaou7_7110c,0.3518852635911178,9.622886572903578,0.05558700257894833,100000
jaou7_7200c,0.3518852635911178,9.261056647163239,0.05473255365589924,100000
jaou7_7335c,0.3518852635911178,8.740444637319829,0.05345008112575849,100000
jaou7_7400c,0.3518852635911178,8.498828737272769,0.05283331730908851,100000
jaou7_7450c,0.3518852635911178,8.316803461286133,0.05235959886571784,100000
jaou7_7500c,0.3518852635911178,8.138233557141929,0.05188637596956261,100000
jaou7_7542c,0.3518852635911178,7.990843390050242,0.05148938455031618,100000
jaou7_7550c,0.3518852635911178,7.963026844126152,0.05141384287193661,100000
jaou7_7600c,0.3518852635911178,7.791099975983684,0.05094218615715472,100000
jaou7_7610c,0.3518852635911178,7.757102741111042,0.05084797241691077,100000
jaou7_7705c,0.3518852635911178,7.440450888644648,0.04995520128019011,100000
jaou7_7710c,0.3518852635911178,7.4241068280769165,0.04990832243954563,100000
jaou7_7725c,0.3518852635911178,7.375255983044941,0.0497677708650519,100000
jaou7_5800p,0.3518852635911178,3.8578048142317014,0.022035074180575858,100000
jaou7_5900p,0.3518852635911178,4.198283348676547,0.02313366562205131,100000
jaou7_6000p,0.3518852635911178,4.55569292549837,0.024240593721714217,100000
jaou7_6200p,0.3518852635911178,5.320690613316784,0.02647314686705404,100000
jaou7_6420p,0.3518852635911178,6.241554772208585,0.028938394564871347,100000
jaou7_6500p,0.3518852635911178,6.597207890660692,0.029833296021600945,100000
jaou7_6750p,0.3518852635911178,7.775237604323438,0.03262024950006229,100000
jaou7_6800p,0.3518852635911178,8.023065222898461,0.03317380696548011,100000
jaou7_6900p,0.3518852635911178,8.530124977818035,0.03427707402978902,100000
jaou7_7000p,0.3518852635911178,9.052775464080561,0.03537261488778435,100000
jaou7_7400p,0.3518852635911178,11.29669268784998,0.03964702970235756,100000
jaou7_7450p,0.3518852635911178,11.593047859451298,0.040169015730783075,100000
jaou7_7500p,0.3518852635911178,11.892858402895047,0.04068766591170756,100000
jaou7_6820c,0.35572679557693304,10.975135562199647,0.05906135701745779,100000
jaou7_6825c,0.35572679557693304,10.952505022276151,0.05901454421885973,100000
jaou7_6860c,0.35572679557693304,10.795118594660126,0.058686620412093896,100000
jaou7_6900c,0.35572679557693304,10.617504152157712,0.05831127966340307,100000
jaou7_6905c,0.35572679557693304,10.595467517315994,0.05826432903926654,100000
jaou7_6930c,0.35572679557693304,10.485909324658836,0.05802933694879565,100000
jaou7_7000c,0.35572679557693304,10.18447338168812,0.05736971045927749,100000
jaou7_7110c,0.35572679557693304,9.726362500647946,0.05632921189700998,100000
jaou7_7200c,0.35572679557693304,9.365156034588976,0.05547578003256979,100000
jaou7_7335c,0.35572679557693304,8.84518888459469,0.05419494945745873,100000
jaou7_7400c,0.35572679557693304,8.603791945756353,0.05357896039537727,100000
jaou7_7450c,0.35572679557693304,8.421885151614624,0.0531058424276391,100000
jaou7_7500c,0.35572679557693304,8.243404013016242,0.052633199898949934,100000
jaou7_7542c,0.35572679557693304,8.096054797933457,0.05223669603450026,100000
jaou7_7550c,0.35572679557693304,8.06824367742204,0.05216124540567962,100000
jaou7_7600c,0.35572679557693304,7.896329187531471,0.05169015074836211,100000
jaou7_7610c,0.35572679557693304,7.86233028580141,0.051596047395162485,100000
jaou7_7705c,0.35572679557693304,7.5455911779779266,0.05070429199467722,100000
jaou7_7710c,0.35572679557693304,7.529240278833576,0.05065746289863413,100000
jaou7_7725c,0.35572679557693304,7.48036364893311,0.050517064067238174,100000
jaou7_5800p,0.35572679557693304,3.9380117534041963,0.022342487738276823,100000
jaou7_5900p,0.35572679557693304,4.281245522186627,0.02344329344083619,100000
jaou7_6000p,0.35572679557693304,4.641318106766288,0.024552009845952447,100000
jaou7_6200p,0.35572679557693304,5.411155093864629,0.026787300949118194,100000
jaou7_6420p,0.35572679557693304,6.336890593294639,0.029253932526498962,100000
jaou7_6500p,0.35572679557693304,6.693990716085617,0.03014940146194817,100000
jaou7_6750p,0.35572679557693304,7.8760110811566255,0.032937233808558175,100000
jaou7_6800p,0.35572679557693304,8.12446358745951,0.03349101886574472,100000
jaou7_6900p,0.35572679557693304,8.632681333298807,0.03459462668833883,100000
jaou7_7000p,0.35572679557693304,9.156411458005127,0.03569027258314478,100000
jaou7_7400p,0.35572679557693304,11.402773602777009,0.0399661858208716,100000
jaou7_7450p,0.35572679557693304,11.699247256223236,0.04048849120743794,100000
jaou7_7500p,0.35572679557693304,11.99914656521281,0.04100747112243532,100000
jaou7_6820c,0.35956832756274826,11.075638507691771,0.05980407686479762,100000
jaou7_6825c,0.35956832756274826,11.053063165201126,0.05975731962468581,100000
jaou7_6860c,0.35956832756274826,10.896087919216113,0.05942972585695883,100000
jaou7_6900c,0.35956832756274826,10.718904847198718,0.05905480457985171,100000
jaou7_6905c,0.35956832756274826,10.696932128428685,0.05900788605479981,100000
jaou7_6930c,0.35956832756274826,10.587657236042283,0.058773112840885544,100000
jaou7_7000c,0.35956832756274826,10.28695514884715,0.05811413881584642,100000
jaou7_7110c,0.35956832756274826,9.829789834916607,0.057074820962152786,100000
jaou7_7200c,0.35956832756274826,9.46921280751722,0.05622240116726565,100000
jaou7_7335c,0.35956832756274826,8.949899722444831,0.05494321312076755,100000
jaou7_7400c,0.35956832756274826,8.708725135194939,0.05432800451985621,100000
jaou7_7450c,0.35956832756274826,8.526940794342204,0.05385549091250098,100000
jaou7_7500c,0.35956832756274826,8.348553960021475,0.05338343170221685,100000
jaou7_7542c,0.35956832756274826,8.201251124367321,0.05298741787990577,100000
jaou7_7550c,0.35956832756274826,8.173446564817944,0.05291205874969798,100000
jaou7_7600c,0.35956832756274826,8.001551377035714,0.052441530175575554,100000
jaou7_7610c,0.35956832756274826,7.9675522654131905,0.05234753810382324,100000
jaou7_7705c,0.35956832756274826,7.650741859385692,0.05145680713226082,100000
jaou7_7710c,0.35956832756274826,7.634384398006075,0.05141002925076722,100000
jaou7_7725c,0.35956832756274826,7.585484885351302,0.051269784583880075,100000
jaou7_5800p,0.35956832756274826,4.018452326528476,0.022648675416400397,100000
jaou7_5900p,0.35956832756274826,4.364398791091816,0.023751638812681792,100000
jaou7_6000p,0.35956832756274826,4.727102408395035,0.024862083237050695,100000
jaou7_6200p,0.35956832756274826,5.501764202704929,0.02709992936412343,100000
jaou7_6420p,0.35956832756274826,6.432283095227673,0.029567949225831756,100000
jaou7_6500p,0.35956832756274826,6.790809781508202,0.030463975612242428,100000
jaou7_6750p,0.35956832756274826,7.976772837405065,0.03325267300261154,100000
jaou7_6800p,0.35956832756274826,8.225844672044401,0.03380668135005456,100000
jaou7_6900p,0.35956832756274826,8.735212549292342,0.03491062121587322,100000
jaou7_7000p,0.35956832756274826,9.26002374611669,0.03600634979933046,100000
jaou7_7400p,0.35956832756274826,11.508837313168124,0.04028374672792361,100000
jaou7_7450p,0.35956832756274826,11.805433419903347,0.04080636857152686,100000
jaou7_7500p,0.35956832756274826,12.105427033170573,0.04132567214154754,100000
jaou7_6820c,0.3634098595485635,11.176102372206522,0.060550203456160794,100000
jaou7_6825c,0.3634098595485635,11.153588362097764,0.060503490027935564,100000
jaou7_6860c,0.3634098595485635,10.997019301410525,0.06017623301358585,100000
jaou7_6900c,0.3634098595485635,10.820282238625088,0.059801702347584994,100000
jaou7_6905c,0.3634098595485635,10.798363599011507,0.059754833495136536,100000
jaou7_6930c,0.3634098595485635,10.68936988802455,0.05952028196847428,100000
jaou7_7000c,0.3634098595485635,10.389399682750964,0.05886196234008851,100000
jaou7_7110c,0.3634098595485635,9.933176760901153,0.05782383237310389,100000
jaou7_7200c,0.3634098595485635,9.5732226194649,0.05697244105800373,100000
jaou7_7335c,0.3634098595485635,9.054573679787739,0.055694894129195385,100000
jaou7_7400c,0.3634098595485635,8.813625340620488,0.05508047050620083,100000
jaou7_7450c,0.3634098595485635,8.63196908685975,0.05460856218359016,100000
jaou7_7500c,0.3634098595485635,8.45368174309133,0.05413708945205232,100000
jaou7_7542c,0.3634098595485635,8.306430531475101,0.05374156811319787,100000
jaou7_7550c,0.3634098595485635,8.278633837632565,0.05366630060251781,100000
jaou7_7600c,0.3634098595485635,8.106764872780992,0.053196341694267575,100000
jaou7_7610c,0.3634098595485635,8.07276692206927,0.05310246183365291,100000
jaou7_7705c,0.3634098595485635,7.755900825898068,0.052212763492095346,100000
jaou7_7710c,0.3634098595485635,7.739537436103774,0.052166037701983324,100000
jaou7_7725c,0.3634098595485635,7.690617437961518,0.05202594918976998,100000
jaou7_5800p,0.3634098595485635,4.099118836035995,0.022953629694820087,100000
jaou7_5900p,0.3634098595485635,4.447773811494565,0.024058628387130326,100000
jaou7_6000p,0.3634098595485635,4.813055857201812,0.02517078127702896,100000
jaou7_6200p,0.3634098595485635,5.592494674580332,0.02741107255278416,100000
jaou7_6420p,0.3634098595485635,6.527723358044905,0.029880461569763716,100000
jaou7_6500p,0.3634098595485635,6.887673879500881,0.030776998374937515,100000
jaou7_6750p,0.3634098595485635,8.07752151999797,0.03356657303789765,100000
jaou7_6800p,0.3634098595485635,8.327218682939305,0.03412077264187946,100000
jaou7_6900p,0.3634098595485635,8.837733299112434,0.035225024709836024,100000
jaou7_7000p,0.3634098595485635,9.363611638414222,0.036320852482455986,100000
jaou7_7400p,0.3634098595485635,11.614880876987394,0.04059972406555931,100000
jaou7_7450p,0.3634098595485635,11.91160507081461,0.041122654400408444,100000
jaou7_7500p,0.3634098595485635,12.211698174634149,0.041642276215591696,100000
jaou7_6820c,0.3672513915343787,11.276533575585615,0.06129974115629523,100000
jaou7_6825c,0.3672513915343787,11.254074571654904,0.06125308286169658,100000
jaou7_6860c,0.3672513915343787,11.097907402191233,0.06092616804026707,100000
jaou7_6900c,0.3672513915343787,10.921620557617107,0.06055201809219115,100000
jaou7_6905c,0.3672513915343787,10.899758925146095,0.06050519341612315,100000
jaou7_6930c,0.3672513915343787,10.791036340779941,0.06027088064036367,100000
jaou7_7000c,0.3672513915343787,10.491790385699638,0.05961322712929956,100000
jaou7_7110c,0.3672513915343787,10.036514887446607,0.05857627742166167,100000
jaou7_7200c,0.3672513915343787,9.677189291377928,0.05772591008046443,100000
jaou7_7335c,0.3672513915343787,9.159209167970156,0.05645001155874653,100000
jaou7_7400c,0.3672513915343787,8.918492573550589,0.05583637456451909,100000
jaou7_7450c,0.3672513915343787,8.73696901509098,0.055365073821499175,100000
jaou7_7500c,0.3672513915343787,8.558786695421396,0.05489418986481889,100000
jaou7_7542c,0.3672513915343787,8.4115915614332,0.05449916437327363,100000
jaou7_7550c,0.3672513915343787,8.38380411688785,0.05442398841926348,100000
jaou7_7600c,0.3672513915343787,8.211968151096505,0.05395460255814864,100000
jaou7_7610c,0.3672513915343787,8.177972584277201,0.053860835971643414,100000
jaou7_7705c,0.3672513915343787,7.861066105866133,0.052972177944221474,100000
jaou7_7710c,0.3672513915343787,7.844696901225229,0.052925505835438216,100000
jaou7_7725c,0.3672513915343787,7.79575904200897,0.05278557495650364,100000
jaou7_5800p,0.3672513915343787,4.179997824567587,0.023257354108603405,100000
jaou7_5900p,0.3672513915343787,4.53136998759693,0.0243642487938411,100000
jaou7_6000p,0.3672513915343787,4.899175117963578,0.025478097560621183,100000
jaou7_6200p,0.3672513915343787,5.6833150096755265,0.027720787501909712,100000
jaou7_6420p,0.3672513915343787,6.623206296020278,0.03019147844362001,100000
jaou7_6500p,0.3672513915343787,6.984551611987209,0.031088539119816138,100000
jaou7_6750p,0.3672513915343787,8.178248884494659,0.033878956277113535,100000
jaou7_6800p,0.3672513915343787,8.42857449707638,0.0344333230477275,100000
jaou7_6900p,0.3672513915343787,8.940227837166233,0.0355378804332751,100000
jaou7_7000p,0.3672513915343787,9.467158560424675,0.03663382745852424,100000
jaou7_7400p,0.3672513915343787,11.720904328979277,0.04091412099088611,100000
jaou7_7450p,0.3672513915343787,12.017761218107625,0.04143735446311608,100000
jaou7_7500p,0.3672513915343787,12.317959346025996,0.04195728773655051,100000
jaou7_6820c,0.3710929235201939,11.376928200059744,0.06205271366246798,100000
jaou7_6825c,0.3710929235201939,11.3545315192098,0.062006096670214825,100000
jaou7_6860c,0.3710929235201939,11.198758165343941,0.06167953664486551,100000
jaou7_6900c,0.3710929235201939,11.022923604761171,0.06130576165712479,100000
jaou7_6905c,0.3710929235201939,11.00112020705577,0.06125897874185856,100000
jaou7_6930c,0.3710929235201939,10.892660322520207,0.061024918917258655,100000
jaou7_7000c,0.3710929235201939,10.594143251379851,0.060367921881286604,100000
jaou7_7110c,0.3710929235201939,10.139812132777662,0.059332159527602596,100000
jaou7_7200c,0.3710929235201939,9.781111596993492,0.058482827240783346,100000
jaou7_7335c,0.3710929235201939,9.263805061955937,0.057208583878810726,100000
jaou7_7400c,0.3710929235201939,9.023323401498368,0.05659573857048232,100000
jaou7_7450c,0.3710929235201939,8.841938224734069,0.056125045692381775,100000
jaou7_7500c,0.3710929235201939,8.663868267417268,0.05565474966390936,100000
jaou7_7542c,0.3710929235201939,8.516733418530144,0.0552602234765029,100000
jaou7_7550c,0.3710929235201939,8.488955648580783,0.055185140434296266,100000
jaou7_7600c,0.3710929235201939,8.317159758565026,0.05471633013447809,100000
jaou7_7610c,0.3710929235201939,8.283167621181395,0.05462267806671247,100000
jaou7_7705c,0.3710929235201939,7.9662354928327535,0.05373506797219968,100000
jaou7_7710c,0.3710929235201939,7.949861141876897,0.0536884502547842,100000
jaou7_7725c,0.3710929235201939,7.900907753052656,0.0535486787578116,100000
jaou7_5800p,0.3710929235201939,4.2611324162294215,0.02355975349545525,100000
jaou7_5900p,0.3710929235201939,4.615160268408827,0.02466853491417863,100000
jaou7_6000p,0.3710929235201939,4.9854722562449965,0.025783997640991718,100000
jaou7_6200p,0.3710929235201939,5.774243282568892,0.028029030312164194,100000
jaou7_6420p,0.3710929235201939,6.718727639237214,0.030501007321499164,100000
jaou7_6500p,0.3710929235201939,7.081451651054926,0.03139857782410786,100000
jaou7_6750p,0.3710929235201939,8.278954511299647,0.0341898264147881,100000
jaou7_6800p,0.3710929235201939,8.52990383425129,0.03474435590676852,100000
jaou7_6900p,0.3710929235201939,9.042699987563164,0.03584918251873657,100000
jaou7_7000p,0.3710929235201939,9.570680529357755,0.036945237530281984,100000
jaou7_7400p,0.3710929235201939,11.826904260179923,0.04122695053459177,100000
jaou7_7450p,0.3710929235201939,12.123899531003577,0.04175047844315482,100000
jaou7_7500p,0.3710929235201939,12.424210021274732,0.04227071078608266,100000
jaou7_6820c,0.3749344555060091,11.477290683738183,0.06280912937211737,100000
jaou7_6825c,0.3749344555060091,11.454951338366934,0.06276256252136238,100000
jaou7_6860c,0.3749344555060091,11.299567514929372,0.0624363629443144,100000
jaou7_6900c,0.3749344555060091,11.12419484853269,0.06206294366716905,100000
jaou7_6905c,0.3749344555060091,11.102450071610344,0.06201620162551536,100000
jaou7_6930c,0.3749344555060091,10.99425501415446,0.061782390167951416,100000
jaou7_7000c,0.3749344555060091,10.696453799953687,0.061126071524206,100000
jaou7_7110c,0.3749344555060091,10.243065205759178,0.06009150145138271,100000
jaou7_7200c,0.3749344555060091,9.88498731034624,0.05924321334768928,100000
jaou7_7335c,0.3749344555060091,9.368360378198476,0.05797062948018561,100000
jaou7_7400c,0.3749344555060091,9.128117326695234,0.05735857986696426,100000
jaou7_7450c,0.3749344555060091,8.94687607888459,0.05688849512230245,100000
jaou7_7500c,0.3749344555060091,8.768924524360449,0.056418787916252156,100000
jaou7_7542c,0.3749344555060091,8.621855004936144,0.05602476290511765,100000
jaou7_7550c,0.3749344555060091,8.594086831166724,0.05594977484448899,100000
jaou7_7600c,0.3749344555060091,8.422338017872248,0.055481542347520195,100000
jaou7_7610c,0.3749344555060091,8.388350504815952,0.05538800573168946,100000
jaou7_7705c,0.3749344555060091,8.071406595148382,0.05450145159101672,100000
jaou7_7710c,0.3749344555060091,8.055028140505932,0.05445488836909621,100000
jaou7_7725c,0.3749344555060091,8.006061775472372,0.05431527751740278,100000
jaou7_5800p,0.3749344555060091,4.342467609034732,0.023860909640633685,100000
jaou7_5900p,0.3749344555060091,4.699157809757338,0.024971448150603752,100000
jaou7_6000p,0.3749344555060091,5.071901129463706,0.026088558842345774,100000
jaou7_6200p,0.3749344555060091,5.86527059994392,0.028335813500951806,100000
jaou7_6420p,0.3749344555060091,6.8142844717971425,0.030809052911117473,100000
jaou7_6500p,0.3749344555060091,7.178353506143508,0.03170716031524738,100000
jaou7_6750p,0.3749344555060091,8.37965622984213,0.034499143126613674,100000
jaou7_6800p,0.3749344555060091,8.631213058076986,0.035053858727667926,100000
jaou7_6900p,0.3749344555060091,9.145153242599218,0.03615892591948463,100000
jaou7_7000p,0.3749344555060091,9.674173089196126,0.037255098345109816,100000
jaou7_7400p,0.3749344555060091,11.932880196641321,0.04153821733853512,100000
jaou7_7450p,0.3749344555060091,12.230019396418633,0.04206203106786603,100000
jaou7_7500p,0.3749344555060091,12.530448289482448,0.04258255354933195,100000
jaou7_6820c,0.37877598749182434,11.577619654244687,0.0635690076160469,100000
jaou7_6825c,0.37877598749182434,11.555338161045041,0.06352248961395776,100000
jaou7_6860c,0.37877598749182434,11.400335401557582,0.06319666390253137,100000
jaou7_6900c,0.37877598749182434,11.225432254459808,0.06282358478734369,100000
jaou7_6905c,0.37877598749182434,11.203736105227659,0.06277690132458905,100000
jaou7_6930c,0.37877598749182434,11.095819295033614,0.06254331350142846,100000
jaou7_7000c,0.37877598749182434,10.798718668062632,0.061887699141717684,100000
jaou7_7110c,0.37877598749182434,10.346272902744635,0.060854322540690446,100000
jaou7_7200c,0.37877598749182434,9.988821101677338,0.06000707783808611,100000
jaou7_7335c,0.37877598749182434,9.472876695198401,0.058736162758571,100000
jaou7_7400c,0.37877598749182434,9.232874480696548,0.05812491495876003,100000
jaou7_7450c,0.37877598749182434,9.051782721436773,0.05765543838315866,100000
jaou7_7500c,0.37877598749182434,8.873954159371582,0.057186322891831565,100000
jaou7_7542c,0.37877598749182434,8.726954465428243,0.05679280150211933,100000
jaou7_7550c,0.37877598749182434,8.699197117028355,0.05671790842433246,100000
jaou7_7600c,0.37877598749182434,8.52750143150719,0.05625025706081475,100000
jaou7_7610c,0.37877598749182434,8.493519611155875,0.05615683694144365,100000
jaou7_7705c,0.37877598749182434,8.176577615367918,0.05527134618719709,100000
jaou7_7710c,0.37877598749182434,8.16019588381942,0.05522483783626084,100000
jaou7_7725c,0.37877598749182434,8.111219150953596,0.05508538866245971,100000
jaou7_5800p,0.37877598749182434,4.424002611907958,0.024160806687159652,100000
jaou7_5900p,0.37877598749182434,4.783297778064963,0.025273096576161735,100000
jaou7_6000p,0.37877598749182434,5.15843613737894,0.026391819323681204,100000
jaou7_6200p,0.37877598749182434,5.956408073876263,0.02864110842868448,100000
jaou7_6420p,0.37877598749182434,6.909874514415479,0.031115618721630493,100000
jaou7_6500p,0.37877598749182434,7.275255745629471,0.03201428940121343,100000
jaou7_6750p,0.37877598749182434,8.480328735633682,0.03480697054471527,100000
jaou7_6800p,0.37877598749182434,8.732494871228766,0.03536185264679421,100000
jaou7_6900p,0.37877598749182434,9.247585591922084,0.03646711948396815,100000
jaou7_7000p,0.37877598749182434,9.777632900700823,0.037563422651331356,100000
jaou7_7400p,0.37877598749182434,12.038832294038386,0.04184792424153159,100000
jaou7_7450p,0.37877598749182434,12.336120982366568,0.04237201481056137,100000
jaou7_7500p,0.37877598749182434,12.636672867889335,0.04289282240328055,100000
jaou7_6820c,0.38261751947763956,11.677911168392368,0.06433237247535488,100000
jaou7_6825c,0.38261751947763956,11.655684015748491,0.06428590941257116,100000
jaou7_6860c,0.38261751947763956,11.50107505269907,0.06396043269198069,100000
jaou7_6900c,0.38261751947763956,11.326622595122755,0.06358772583258232,100000
jaou7_6905c,0.38261751947763956,11.304976412522555,0.06354109837465458,100000
jaou7_6930c,0.38261751947763956,11.197340491205043,0.06330772866229396,100000
jaou7_7000c,0.38261751947763956,10.900934223082698,0.06265282839359798,100000
jaou7_7110c,0.38261751947763956,10.44943430663518,0.06162064175762773,100000
jaou7_7200c,0.38261751947763956,10.09261375702945,0.06077443677668949,100000
jaou7_7335c,0.38261751947763956,9.57735389982099,0.05950520101031908,100000
jaou7_7400c,0.38261751947763956,9.337592699109198,0.05889476416310802,100000
jaou7_7450c,0.38261751947763956,9.156657145275883,0.058425893731360055,100000
jaou7_7500c,0.38261751947763956,8.978957097909847,0.057957371129607645,100000
jaou7_7542c,0.38261751947763956,8.83203079826102,0.05756435698874673,100000
jaou7_7550c,0.38261751947763956,8.804284908240545,0.05748955975819178,100000
jaou7_7600c,0.38261751947763956,8.632648618097365,0.057022492171878755,100000
jaou7_7610c,0.38261751947763956,8.598673396963228,0.05692918976144529,100000
jaou7_7705c,0.38261751947763956,8.281746595842407,0.05604476963287664,100000
jaou7_7710c,0.38261751947763956,8.265362455694932,0.05599831642035753,100000
jaou7_7725c,0.38261751947763956,8.216377485443381,0.05585903051716966,100000
jaou7_5800p,0.38261751947763956,4.505721710249475,0.02445945666351618,100000
jaou7_5900p,0.38261751947763956,4.8675853562716975,0.025573456171595857,100000
jaou7_6000p,0.38261751947763956,5.245097997176666,0.026693727441552996,100000
jaou7_6200p,0.38261751947763956,6.047652375100288,0.028944917019836987,100000
jaou7_6420p,0.38261751947763956,7.005482906627848,0.031420736318182894,100000
jaou7_6500p,0.38261751947763956,7.372185880252223,0.032319902680176475,100000
jaou7_6750p,0.38261751947763956,8.580983163703761,0.03511328440793228,100000
jaou7_6800p,0.38261751947763956,8.833761099052758,0.03566831168301107,100000
jaou7_6900p,0.38261751947763956,9.349983832531924,0.036773800387403396,100000
jaou7_7000p,0.38261751947763956,9.881056355667782,0.03787022391070797,100000
jaou7_7400p,0.38261751947763956,12.144758412397927,0.04215608068815221,100000
jaou7_7450p,0.38261751947763956,12.44220330615257,0.042680435504154755,100000
jaou7_7500p,0.38261751947763956,12.74288370637449,0.04320152012573747,100000
jaou7_6820c,0.3864590514634548,11.778158785310453,0.06509925271629766,100000
jaou7_6825c,0.3864590514634548,11.755988587044168,0.0650528395842667,100000
jaou7_6860c,0.3864590514634548,11.601782515335763,0.064727693609914,100000
jaou7_6900c,0.3864590514634548,11.427769194019973,0.06435537815134311,100000
jaou7_6905c,0.3864590514634548,11.406181985138776,0.06430879051459212,100000
jaou7_6930c,0.3864590514634548,11.298824610247793,0.0640756424015051,100000
jaou7_7000c,0.3864590514634548,11.003111607346758,0.06342145735163979,100000
jaou7_7110c,0.3864590514634548,10.552551225629001,0.06239047359328148,100000
jaou7_7200c,0.3864590514634548,10.19635725260085,0.061545321023727624,100000
jaou7_7335c,0.3864590514634548,9.681792532576669,0.06027776062771842,100000
jaou7_7400c,0.3864590514634548,9.442270136012333,0.059668147447077685,100000
jaou7_7450c,0.3864590514634548,9.26149764613239,0.059199880684463455,100000
jaou7_7500c,0.3864590514634548,9.083931931471419,0.05873195142169442,100000
jaou7_7542c,0.3864590514634548,8.937082951765673,0.05833944735549992,100000
jaou7_7550c,0.3864590514634548,8.909349588205586,0.05826474611979982,100000
jaou7_7600c,0.3864590514634548,8.737778137883257,0.05779826587452939,100000
jaou7_7610c,0.3864590514634548,8.703810243815619,0.057705082580724196,100000
jaou7_7705c,0.3864590514634548,8.38691178563823,0.056821739737886616,100000
jaou7_7710c,0.3864590514634548,8.370525943415773,0.05677534212547207,100000
jaou7_7725c,0.3864590514634548,8.321535036106031,0.05663622069716228,100000
jaou7_5800p,0.3864590514634548,4.587640993180827,0.024756814168711824,100000
jaou7_5900p,0.3864590514634548,4.952029632643603,0.025872496868335735,100000
jaou7_6000p,0.3864590514634548,5.331891287364075,0.026994264937585024,100000
jaou7_6200p,0.3864590514634548,6.13899309765229,0.029247256151285494,100000
jaou7_6420p,0.3864590514634548,7.101124601940499,0.03172437120068348,100000
jaou7_6500p,0.3864590514634548,7.46915919573482,0.0326239655248231,100000
jaou7_6750p,0.3864590514634548,8.68163294249207,0.03541805472281383,100000
jaou7_6800p,0.3864590514634548,8.935002130427891,0.03597326278617789,100000
jaou7_6900p,0.3864590514634548,9.452351312648895,0.03707896384782798,100000
jaou7_7000p,0.3864590514634548,9.984454621151592,0.03817547705530271,100000
jaou7_7400p,0.3864590514634548,12.250656730520816,0.042462695219184374,100000
jaou7_7450p,0.3864590514634548,12.548264688228832,0.04298730103235339,100000
jaou7_7500p,0.3864590514634548,12.849079421155816,0.043508653449588194,100000
jaou7_6820c,0.39030058344927,11.878368750414154,0.06586965425842345,100000
jaou7_6825c,0.39030058344927,11.85625363925592,0.06582329414831263,100000
jaou7_6860c,0.39030058344927,11.702453195393248,0.06549847233585544,100000
jaou7_6900c,0.39030058344927,11.52888510562194,0.06512653599926582,100000
jaou7_6905c,0.39030058344927,11.507358729002075,0.06507998474115832,100000
jaou7_6930c,0.39030058344927,11.40027332240536,0.06484706930083678,100000
jaou7_7000c,0.39030058344927,11.105247459596677,0.0641936094863415,100000
jaou7_7110c,0.39030058344927,10.655625846641245,0.06316383205750342,100000
jaou7_7200c,0.39030058344927,10.30005455455791,0.06231974330983645,100000
jaou7_7335c,0.39030058344927,9.78618867944814,0.06105386532439557,100000
jaou7_7400c,0.39030058344927,9.546910258258489,0.06044507652467192,100000
jaou7_7450c,0.39030058344927,9.366304635382903,0.05997741561608856,100000
jaou7_7500c,0.39030058344927,9.188876719784174,0.05951008355974854,100000
jaou7_7542c,0.39030058344927,9.04210987665714,0.05911809077923925,100000
jaou7_7550c,0.39030058344927,9.014389183114929,0.059043487052083475,100000
jaou7_7600c,0.39030058344927,8.842888769027102,0.058577596237986376,100000
jaou7_7610c,0.39030058344927,8.808929055985539,0.05848453320750533,100000
jaou7_7705c,0.39030058344927,8.492071314613181,0.05760227472727725,100000
jaou7_7710c,0.39030058344927,8.475684616789085,0.05755593292723261,100000
jaou7_7725c,0.39030058344927,8.426689936640813,0.0574169772467536,100000
jaou7_5800p,0.39030058344927,4.669785993492124,0.025052818705936526,100000
jaou7_5900p,0.39030058344927,5.036631349379308,0.026170205526844174,100000
jaou7_6000p,0.39030058344927,5.418824898205838,0.027293404825295686,100000
jaou7_6200p,0.39030058344927,6.230426692473485,0.029548128699687932,100000
jaou7_6420p,0.39030058344927,7.19681352190972,0.03202649165424868,100000
jaou7_6500p,0.39030058344927,7.566140156816596,0.03292655964958275,100000
jaou7_6750p,0.39030058344927,8.78226174812233,0.035721324382284314,100000
jaou7_6800p,0.39030058344927,9.036223918035855,0.03627669443819868,100000
jaou7_6900p,0.39030058344927,9.554701111768424,0.03738258027812021,100000
jaou7_7000p,0.39030058344927,10.08782436091907,0.0384791948416525,100000
jaou7_7400p,0.39030058344927,12.356530740284528,0.04276776106135913,100000
jaou7_7450p,0.39030058344927,12.654305564996903,0.04329261312290105,100000
jaou7_7500p,0.39030058344927,12.955258096986128,0.04381423070833267,100000
jaou7_6820c,0.3941421154350852,11.978535680852533,0.06664360419716911,100000
jaou7_6825c,0.3941421154350852,11.956473712164737,0.06659730035949105,100000
jaou7_6860c,0.3941421154350852,11.803089578052353,0.06627278194643207,100000
jaou7_6900c,0.3941421154350852,11.62997209351841,0.06590121390392455,100000
jaou7_6905c,0.3941421154350852,11.6084989571462,0.06585471231347421,100000
jaou7_6930c,0.3941421154350852,11.501682751902704,0.0656220338592419,100000
jaou7_7000c,0.3941421154350852,11.207340930943085,0.06496930405519573,100000
jaou7_7110c,0.3941421154350852,10.758649978342333,0.0639407488145393,100000
jaou7_7200c,0.3941421154350852,10.403703270540447,0.06309772539074149,100000
jaou7_7335c,0.3941421154350852,9.890541873065152,0.06183353341684596,100000
jaou7_7400c,0.3941421154350852,9.651510570036075,0.06122557271775823,100000
jaou7_7450c,0.3941421154350852,9.471077840500389,0.06075851614853884,100000
jaou7_7500c,0.3941421154350852,9.29379023733272,0.06029178640520264,100000
jaou7_7542c,0.3941421154350852,9.147109993334327,0.05990030643681783,100000
jaou7_7550c,0.3941421154350852,9.119403216071163,0.05982579999962884,100000
jaou7_7600c,0.3941421154350852,8.947978885783595,0.05936050214477708,100000
jaou7_7610c,0.3941421154350852,8.914028403307242,0.05926756016094797,100000
jaou7_7705c,0.3941421154350852,8.597223470045657,0.05838639282866056,100000
jaou7_7710c,0.3941421154350852,8.580836721483637,0.058340107073958355,100000
jaou7_7725c,0.3941421154350852,8.53184019428895,0.05820131863748222,100000
jaou7_5800p,0.3941421154350852,4.75211630673408,0.025347531536336267,100000
jaou7_5900p,0.3941421154350852,5.121406888945937,0.026466539332663297,100000
jaou7_6000p,0.3941421154350852,5.505880316126474,0.027591175243409705,100000
jaou7_6200p,0.3941421154350852,6.3219275524379706,0.02984758409086933,100000
jaou7_6420p,0.3941421154350852,7.292516815656811,0.032327170604372464,100000
jaou7_6500p,0.3941421154350852,7.663139159901217,0.033227661462744335,100000
jaou7_6750p,0.3941421154350852,8.882862075299583,0.036023114683214764,100000
jaou7_6800p,0.3941421154350852,9.137417550601754,0.036578632004273574,100000
jaou7_6900p,0.3941421154350852,9.657035018809852,0.03768464883571171,100000
jaou7_7000p,0.3941421154350852,10.19116475141044,0.03878138341972691,100000
jaou7_7400p,0.3941421154350852,12.462377971207081,0.04307128863249011,100000
jaou7_7450p,0.3941421154350852,12.760325689259348,0.043596375499918516,100000
jaou7_7500p,0.3941421154350852,13.061418533679639,0.04411825815399943,100000
jaou7_6820c,0.3979836474209004,12.078660628752633,0.0674211182010682,100000
jaou7_6825c,0.3979836474209004,12.05665850165653,0.0673748583624809,100000
jaou7_6860c,0.3979836474209004,11.903694433942915,0.06705063519582345,100000
jaou7_6900c,0.3979836474209004,11.731015932288125,0.06667945478347484,100000
jaou7_6905c,0.3979836474209004,11.70959522471422,0.06663300418253588,100000
jaou7_6930c,0.3979836474209004,11.60305575926708,0.06640054891584027,100000
jaou7_7000c,0.3979836474209004,11.309384885775204,0.0657485713176442,100000
jaou7_7110c,0.3979836474209004,10.861628964035916,0.06472123286281221,100000
jaou7_7200c,0.3979836474209004,10.507309271280086,0.06387927552776428,100000
jaou7_7335c,0.3979836474209004,9.994853200703306,0.06261678088994714,100000
jaou7_7400c,0.3979836474209004,9.756074569468275,0.06200964805111369,100000
jaou7_7450c,0.3979836474209004,9.575816534412796,0.06154320077988458,100000
jaou7_7500c,0.3979836474209004,9.39867236582151,0.06107707728985202,100000
jaou7_7542c,0.3979836474209004,9.252081118468578,0.0606861146108692,100000
jaou7_7550c,0.3979836474209004,9.224390680705195,0.06061170340602697,100000
jaou7_7600c,0.3979836474209004,9.05304679607956,0.06014700277599402,100000
jaou7_7610c,0.3979836474209004,9.019107155132989,0.060054181713642796,100000
jaou7_7705c,0.3979836474209004,8.70236656154074,0.059174112468317906,100000
jaou7_7710c,0.3979836474209004,8.685980518120864,0.0591278830249207,100000
jaou7_7725c,0.3979836474209004,8.636984032840296,0.05898926326051586,100000
jaou7_5800p,0.3979836474209004,4.834639359346425,0.025640925753398033,100000
jaou7_5900p,0.3979836474209004,5.206329546277138,0.026761539890588697,100000
jaou7_6000p,0.3979836474209004,5.593061520158628,0.02788756009126337,100000
jaou7_6200p,0.3979836474209004,6.41350904182848,0.030145589711644372,100000
jaou7_6420p,0.3979836474209004,7.3882403123461735,0.03262639421347226,100000
jaou7_6500p,0.3979836474209004,7.760161718225689,0.03352725890788662,100000
jaou7_6750p,0.3979836474209004,8.983443921688883,0.036323403880577775,100000
jaou7_6800p,0.3979836474209004,9.238581792913209,0.036879081749938245,100000
jaou7_6900p,0.3979836474209004,9.759338833987618,0.03798520958633284,100000
jaou7_7000p,0.3979836474209004,10.29446868265061,0.03908206540426289,100000
jaou7_7400p,0.3979836474209004,12.568201947047328,0.043373271023064174,100000
jaou7_7450p,0.3979836474209004,12.866324359579806,0.04389859323234091,100000
jaou7_7500p,0.3979836474209004,13.167560638576475,0.044420738784322275,100000
jaou7_6820c,0.40182517940671564,12.178757519500376,0.0682021890493913,100000
jaou7_6825c,0.40182517940671564,12.156820907740025,0.0681559628105543,100000
jaou7_6860c,0.40182517940671564,12.004253009437031,0.0678320761428871,100000
jaou7_6900c,0.40182517940671564,11.832021127974288,0.06746126864948157,100000
jaou7_6905c,0.40182517940671564,11.81065730984346,0.0674148610626819,100000
jaou7_6930c,0.40182517940671564,11.704392679355767,0.06718263189268713,100000
jaou7_7000c,0.40182517940671564,11.411390551071007,0.06653140999158946,100000
jaou7_7110c,0.40182517940671564,10.964564705993055,0.06550529913914824,100000
jaou7_7200c,0.40182517940671564,10.610865338098723,0.06466442370364554,100000
jaou7_7335c,0.40182517940671564,10.099122897493041,0.06340362525565518,100000
jaou7_7400c,0.40182517940671564,9.860601062051291,0.06279732212307923,100000
jaou7_7450c,0.40182517940671564,9.680519796269266,0.06233148848525307,100000
jaou7_7500c,0.40182517940671564,9.503521314140743,0.06186597630247992,100000
jaou7_7542c,0.40182517940671564,9.35702318466098,0.06147553253771716,100000
jaou7_7550c,0.40182517940671564,9.32934958357311,0.061401217406004856,100000
jaou7_7600c,0.40182517940671564,9.15809112533111,0.06093711703226168,100000
jaou7_7610c,0.40182517940671564,9.124164651076706,0.06084441563516924,100000
jaou7_7705c,0.40182517940671564,8.807498991995935,0.059965452163502485,100000
jaou7_7710c,0.40182517940671564,8.791114353521017,0.05991927934223016,100000
jaou7_7725c,0.40182517940671564,8.742119750450525,0.05978082963250726,100000
jaou7_5800p,0.40182517940671564,4.917321702671198,0.025933052207055864,100000
jaou7_5900p,0.40182517940671564,5.291366049260355,0.02705526107866182,100000
jaou7_6000p,0.40182517940671564,5.680369115712738,0.028182550352957136,100000
jaou7_6200p,0.40182517940671564,6.5051827034477805,0.03044211765437825,100000
jaou7_6420p,0.40182517940671564,7.483968701522965,0.03292419672785991,100000
jaou7_6500p,0.40182517940671564,7.85719296145448,0.03382538689163643,100000
jaou7_6750p,0.40182517940671564,9.08399781553297,0.03662221828893923,100000
jaou7_6800p,0.40182517940671564,9.339719961060004,0.037178038657768975,100000
jaou7_6900p,0.40182517940671564,9.861617089288131,0.03828425453897169,100000
jaou7_7000p,0.40182517940671564,10.397747407560761,0.0393812151754893,100000
jaou7_7400p,0.40182517940671564,12.674001499244696,0.04367371488349621,100000
jaou7_7450p,0.40182517940671564,12.972300681050626,0.04419927195842197,100000
jaou7_7500p,0.40182517940671564,13.27368264651006,0.044721680568998605,100000
jaou7_6820c,0.40566671139253085,12.27882249169199,0.0689868415320622,100000
jaou7_6825c,0.40566671139253085,12.256941190963854,0.06894066693978176,100000
jaou7_6860c,0.40566671139253085,12.104765337187617,0.06861712270993442,100000
jaou7_6900c,0.40566671139253085,11.932990911349068,0.06824666790863405,100000
jaou7_6905c,0.40566671139253085,11.911683374483026,0.0682003042999492,100000
jaou7_6930c,0.40566671139253085,11.805673052246599,0.06796833656435135,100000
jaou7_7000c,0.40566671139253085,11.51335868374256,0.06731783703433306,100000
jaou7_7110c,0.40566671139253085,11.067452701589227,0.06629297347617857,100000
jaou7_7200c,0.40566671139253085,10.714368611042667,0.06545319285136283,100000
jaou7_7335c,0.40566671139253085,10.20334821804442,0.06419408893091037,100000
jaou7_7400c,0.40566671139253085,9.965088538658156,0.06358861518302772,100000
jaou7_7450c,0.40566671139253085,9.785187045857654,0.0631233978759071,100000
jaou7_7500c,0.40566671139253085,9.608336025156294,0.06265850257638593,100000
jaou7_7542c,0.40566671139253085,9.461935608013716,0.06226857843329238,100000
jaou7_7550c,0.40566671139253085,9.434279215353131,0.06219436036434297,100000
jaou7_7600c,0.40566671139253085,9.26311093897677,0.06173086334977246,100000
jaou7_7610c,0.40566671139253085,9.22919856699405,0.06163828239231695,100000
jaou7_7705c,0.40566671139253085,8.91261915294831,0.060760430673473045,100000
jaou7_7710c,0.40566671139253085,8.896236608257302,0.06071431476504879,100000
jaou7_7725c,0.40566671139253085,8.84724567365497,0.0605760364597353,100000
jaou7_5800p,0.40566671139253085,5.000138604931787,0.026223944224557903,100000
jaou7_5900p,0.40566671139253085,5.376500223410065,0.027347723827536363,100000
jaou7_6000p,0.40566671139253085,5.767783432639814,0.02847617845220227,100000
jaou7_6200p,0.40566671139253085,6.596923332880109,0.03073721805090008,100000
jaou7_6420p,0.40566671139253085,7.5796937244787115,0.03322059630461073,100000
jaou7_6500p,0.40566671139253085,7.954253079931924,0.03412199947626597,100000
jaou7_6750p,0.40566671139253085,9.184535247356527,0.036919532426844454,100000
jaou7_6800p,0.40566671139253085,9.440825111010028,0.03747552336316481,100000
jaou7_6900p,0.40566671139253085,9.963873041735757,0.03858177902382625,100000
jaou7_7000p,0.40566671139253085,10.501001709305159,0.03967883458863243,100000
jaou7_7400p,0.40566671139253085,12.779775144924406,0.043972627784985285,100000
jaou7_7450p,0.40566671139253085,13.07825409971186,0.04449841633119048,100000
jaou7_7500p,0.40566671139253085,13.379783526598457,0.0450210893253344,100000
jaou7_6820c,0.40950824337834607,12.378850148415367,0.06977510341538827,100000
jaou7_6825c,0.40950824337834607,12.357027165552116,0.06972897490603457,100000
jaou7_6860c,0.40950824337834607,12.2052452003777,0.06940576871806993,100000
jaou7_6900c,0.40950824337834607,12.03392243295323,0.06903567580305087,100000
jaou7_6905c,0.40950824337834607,12.012669410921712,0.06898935918366078,100000
jaou7_6930c,0.40950824337834607,11.906911842668809,0.06875765520297965,100000
jaou7_7000c,0.40950824337834607,11.615283305471342,0.06810788107846842,100000
jaou7_7110c,0.40950824337834607,11.170285249164815,0.06708428715931701,100000
jaou7_7200c,0.40950824337834607,10.817822818770399,0.06624559523743036,100000
jaou7_7335c,0.40950824337834607,10.307528438069296,0.06498819126783968,100000
jaou7_7400c,0.40950824337834607,10.06953223413631,0.06438355274049522,100000
jaou7_7450c,0.40950824337834607,9.889815932446547,0.06391895047969803,100000
jaou7_7500c,0.40950824337834607,9.713116122048408,0.06345467437899956,100000
jaou7_7542c,0.40950824337834607,9.566816774958246,0.06306527226391422,100000
jaou7_7550c,0.40950824337834607,9.539178444425088,0.06299115147470287,100000
jaou7_7600c,0.40950824337834607,9.368104432476152,0.06252826166816494,100000
jaou7_7610c,0.40950824337834607,9.334207996513323,0.06243580052256895,100000
jaou7_7705c,0.40950824337834607,9.017725560624946,0.061559066797000676,100000
jaou7_7710c,0.40950824337834607,9.0013456381664,0.061513008292376894,100000
jaou7_7725c,0.40950824337834607,8.952360226627734,0.06137490253395097,100000
jaou7_5800p,0.40950824337834607,5.083099917645053,0.026513571080481822,100000
jaou7_5900p,0.40950824337834607,5.461774162129156,0.02763883589452559,100000
jaou7_6000p,0.40950824337834607,5.855315505357962,0.02876841488727696,100000
jaou7_6200p,0.40950824337834607,6.688754571842145,0.03103083713550901,100000
jaou7_6420p,0.40950824337834607,7.675442355290456,0.03351553126271194,100000
jaou7_6500p,0.40950824337834607,8.051331714356426,0.034417121671290025,100000
jaou7_6750p,0.40950824337834607,9.285047817251083,0.03721537006971206,100000
jaou7_6800p,0.40950824337834607,9.541907990568003,0.03777151205230449,100000
jaou7_6900p,0.40950824337834607,10.066103868433874,0.03887779400282399,100000
jaou7_7000p,0.40950824337834607,10.6042256361279,0.039974943288928436,100000
jaou7_7400p,0.40950824337834607,12.885518145496514,0.04427002676780678,100000
jaou7_7450p,0.40950824337834607,13.184182291394709,0.044796036211278215,100000
jaou7_7500p,0.40950824337834607,13.485862928584526,0.045318968865208975,100000
jaou7_6820c,0.4133497753641613,12.478843506761638,0.07056698757882046,100000
jaou7_6825c,0.4133497753641613,12.457083110203712,0.07052089740566089,100000
jaou7_6860c,0.4133497753641613,12.305696124470519,0.0701980263108186,100000
jaou7_6900c,0.4133497753641613,12.134816201712308,0.06982830987906476,100000
jaou7_6905c,0.4133497753641613,12.113619256054687,0.06978203744159223,100000
jaou7_6930c,0.4133497753641613,12.008107322067985,0.06955060921966132,100000
jaou7_7000c,0.4133497753641613,11.717158611503903,0.06890157056316429,100000
jaou7_7110c,0.4133497753641613,11.273061739975926,0.06787925976409868,100000
jaou7_7200c,0.4133497753641613,10.921227715773899,0.06704164980496076,100000
jaou7_7335c,0.4133497753641613,10.411662015243438,0.06578595306277688,100000
jaou7_7400c,0.4133497753641613,10.17393519042725,0.06518214823164094,100000
jaou7_7450c,0.4133497753641613,9.994405937518156,0.06471816514744984,100000
jaou7_7500c,0.4133497753641613,9.81785954075436,0.06425451273968495,100000
jaou7_7542c,0.4133497753641613,9.671666680282971,0.06386563173759154,100000
jaou7_7550c,0.4133497753641613,9.644047043033702,0.06379160874842767,100000
jaou7_7600c,0.4133497753641613,9.473070781421432,0.06332933065080885,100000
jaou7_7610c,0.4133497753641613,9.43919234989187,0.06323698828939567,100000
jaou7_7705c,0.4133497753641613,9.122816627134442,0.062361379705447945,100000
jaou7_7710c,0.4133497753641613,9.106440089238792,0.062315378719689375,100000
jaou7_7725c,0.4133497753641613,9.057462005163405,0.062177446622321046,100000
jaou7_5800p,0.4133497753641613,5.166217571610593,0.02680189884693189,100000
jaou7_5900p,0.4133497753641613,5.547165079779893,0.02792863359592829,100000
jaou7_6000p,0.4133497753641613,5.942980322094059,0.029059223004558057,100000
jaou7_6200p,0.4133497753641613,6.780665697745014,0.03132299527899251,100000
jaou7_6420p,0.4133497753641613,7.771230418393673,0.033808965493755914,100000
jaou7_6500p,0.4133497753641613,8.148420624544137,0.034710773617735946,100000
jaou7_6750p,0.4133497753641613,9.385539953851282,0.03750972322777083,100000
jaou7_6800p,0.4133497753641613,9.642982135114012,0.03806597388303037,100000
jaou7_6900p,0.4133497753641613,10.168310105182519,0.039172301709783454,100000
jaou7_7000p,0.4133497753641613,10.707413410150027,0.040269560477007735,100000
jaou7_7400p,0.4133497753641613,12.991233569777023,0.044565906183278464,100000
jaou7_7450p,0.4133497753641613,13.290084764455885,0.04509213608956763,100000
jaou7_7500p,0.4133497753641613,13.591918815280046,0.045615328033374834,100000
jaou7_6820c,0.4171913073499765,12.578805367358243,0.0713625074827393,100000
jaou7_6825c,0.4171913073499765,12.557097871362702,0.07131647258292165,100000
jaou7_6860c,0.4171913073499765,12.406106810514128,0.07099393382512845,100000
jaou7_6900c,0.4171913073499765,12.23567459555433,0.07062458458410481,100000
jaou7_6905c,0.4171913073499765,12.21452282709116,0.07057837513523071,100000
jaou7_6930c,0.4171913073499765,12.1092557639021,0.07034722364949104,100000
jaou7_7000c,0.4171913073499765,11.818987751306338,0.06969891880570993,100000
jaou7_7110c,0.4171913073499765,11.375787362378082,0.0686779013585071,100000
jaou7_7200c,0.4171913073499765,11.02457951561538,0.06784138142401439,100000
jaou7_7335c,0.4171913073499765,10.51574883978513,0.06658739300382291,100000
jaou7_7400c,0.4171913073499765,10.278294622802306,0.06598442437040371,100000
jaou7_7450c,0.4171913073499765,10.098954929904169,0.06552106339000363,100000
jaou7_7500c,0.4171913073499765,9.922566091278618,0.06505803599422548,100000
jaou7_7542c,0.4171913073499765,9.77648309795478,0.06466967811438666,100000
jaou7_7550c,0.4171913073499765,9.748883912725884,0.06459575170177835,100000
jaou7_7600c,0.4171913073499765,9.578008781004863,0.06413408972624937,100000
jaou7_7610c,0.4171913073499765,9.54415055182215,0.06404186488109508,100000
jaou7_7705c,0.4171913073499765,9.227890777624546,0.06316738876829388,100000
jaou7_7710c,0.4171913073499765,9.211518518850347,0.0631214451918332,100000
jaou7_7725c,0.4171913073499765,9.16254930044216,0.06298368815912486,100000
jaou7_5800p,0.4171913073499765,5.249487572018887,0.027088924560457493,100000
jaou7_5900p,0.4171913073499765,5.632690718160092,0.028217073660756087,100000
jaou7_6000p,0.4171913073499765,6.030778297342502,0.029348596391458766,100000
jaou7_6200p,0.4171913073499765,6.87265233030742,0.03161369898432135,100000
jaou7_6420p,0.4171913073499765,7.867035649220387,0.03410095058216309,100000
jaou7_6500p,0.4171913073499765,8.245519905016824,0.03500295614636242,100000
jaou7_6750p,0.4171913073499765,9.486001785966456,0.03780261952582004,100000
jaou7_6800p,0.4171913073499765,9.744027166055693,0.03835896362139268,100000
jaou7_6900p,0.4171913073499765,10.270494157097561,0.03946529954647152,100000
jaou7_7000p,0.4171913073499765,10.81056820802548,0.040562681576797245,100000
jaou7_7400p,0.4171913073499765,13.096918660225098,0.04486027733940326,100000
jaou7_7450p,0.4171913073499765,13.395959414914916,0.04538672521559068,100000
jaou7_7500p,0.4171913073499765,13.697951023877321,0.045910170113919464,100000
jaou7_6820c,0.4210328393357917,12.678718668631278,0.07216171180478548,100000
jaou7_6825c,0.4210328393357917,12.657062652582432,0.07211573452121234,100000
jaou7_6860c,0.4210328393357917,12.506475478161235,0.07179351306639684,100000
jaou7_6900c,0.4210328393357917,12.33647488324842,0.07142455801908144,100000
jaou7_6905c,0.4210328393357917,12.315372355763916,0.07137840448356281,100000
jaou7_6930c,0.4210328393357917,12.2103517020145,0.07114752665243149,100000
jaou7_7000c,0.4210328393357917,11.920769218325956,0.07049994717736674,100000
jaou7_7110c,0.4210328393357917,11.478467119317267,0.06948022254399518,100000
jaou7_7200c,0.4210328393357917,11.127880248702274,0.06864480562571293,100000
jaou7_7335c,0.4210328393357917,10.619788672240992,0.06739253013949402,100000
jaou7_7400c,0.4210328393357917,10.382610322299078,0.06679040001541453,100000
jaou7_7450c,0.4210328393357917,10.203464900117787,0.06632766053280724,100000
jaou7_7500c,0.4210328393357917,10.027234161922129,0.06586526482677578,100000
jaou7_7542c,0.4210328393357917,9.881265469687104,0.06547743030919029,100000
jaou7_7550c,0.4210328393357917,9.853688093144,0.06540359982722449,100000
jaou7_7600c,0.4210328393357917,9.68291729281637,0.06494255841690423,100000
jaou7_7610c,0.4210328393357917,9.649080278585231,0.06485045154036878,100000
jaou7_7705c,0.4210328393357917,9.332947022239882,0.06397711271591723,100000
jaou7_7710c,0.4210328393357917,9.316579369562763,0.06393122723801417,100000
jaou7_7725c,0.4210328393357917,9.26762066058843,0.063793646424441,100000
jaou7_5800p,0.4210328393357917,5.332922481199848,0.027374614705105584,100000
jaou7_5900p,0.4210328393357917,5.718336689271191,0.028504176771596248,100000
jaou7_6000p,0.4210328393357917,6.118661872376432,0.029636626556837273,100000
jaou7_6200p,0.4210328393357917,6.964713253183893,0.03190294868896263,100000
jaou7_6420p,0.4210328393357917,7.9628538856725,0.03439149610899239,100000
jaou7_6500p,0.4210328393357917,8.342636037355588,0.03529365512204102,100000
jaou7_6750p,0.4210328393357917,9.586435224285463,0.03809405712162898,100000
jaou7_6800p,0.4210328393357917,9.845050992837855,0.038650464472217,100000
jaou7_6900p,0.4210328393357917,10.372633320450754,0.03975685022074141,100000
jaou7_7000p,0.4210328393357917,10.913688550704206,0.040854314411803615,100000
jaou7_7400p,0.4210328393357917,13.202573235380976,0.04515314403112969,100000
jaou7_7450p,0.4210328393357917,13.50180826078764,0.045679800681458875,100000
jaou7_7500p,0.4210328393357917,13.803957970179939,0.04620350264067541,100000
jaou7_6820c,0.42487437132160694,12.778585599337744,0.07296461540742682,100000
jaou7_6825c,0.42487437132160694,12.756989107709746,0.07291868146259145,100000
jaou7_6860c,0.42487437132160694,12.606809521001429,0.07259676993652543,100000
jaou7_6900c,0.42487437132160694,12.43723297785786,0.07222822155114243,100000
jaou7_6905c,0.42487437132160694,12.416182807342762,0.07218211844092502,100000
jaou7_6930c,0.42487437132160694,12.311409043240591,0.07195151324708562,100000
jaou7_7000c,0.42487437132160694,12.02249703378006,0.07130468479443884,100000
jaou7_7110c,0.42487437132160694,11.581106243099422,0.070286233708843,100000
jaou7_7200c,0.42487437132160694,11.231131049008463,0.06945193957328621,100000
jaou7_7335c,0.42487437132160694,10.72377788731778,0.0682013890177469,100000
jaou7_7400c,0.42487437132160694,10.486880114989155,0.06760009724384478,100000
jaou7_7450c,0.42487437132160694,10.307935515057771,0.06713797565912415,100000
jaou7_7500c,0.42487437132160694,10.131862706246853,0.06667621923442067,100000
jaou7_7542c,0.42487437132160694,9.986012978571685,0.0662889078124322,100000
jaou7_7550c,0.42487437132160694,9.958457290158279,0.0662151748090966,100000
jaou7_7600c,0.42487437132160694,9.787796502268574,0.06575475446642437,100000
jaou7_7610c,0.42487437132160694,9.75398002521935,0.06566276847980149,100000
jaou7_7705c,0.42487437132160694,9.437983494606307,0.06479057177304906,100000
jaou7_7710c,0.42487437132160694,9.421621135136984,0.06474474452706133,100000
jaou7_7725c,0.42487437132160694,9.372674850999863,0.06460734060159123,100000
jaou7_5800p,0.42487437132160694,5.416477250409639,0.02765904698996839,100000
jaou7_5900p,0.42487437132160694,5.804098716273461,0.028789944135655922,100000
jaou7_6000p,0.42487437132160694,6.206626839169122,0.029923316164999953,100000
jaou7_6200p,0.42487437132160694,7.05684873885869,0.032190741371068844,100000
jaou7_6420p,0.42487437132160694,8.058699454424946,0.03468056939780095,100000
jaou7_6500p,0.42487437132160694,8.439748306670452,0.035582920660861016,100000
jaou7_6750p,0.42487437132160694,9.686840041283832,0.03838403965712949,100000
jaou7_6800p,0.42487437132160694,9.946058216545177,0.038940467973967156,100000
jaou7_6900p,0.42487437132160694,10.474743536124304,0.040046915718689166,100000
jaou7_7000p,0.42487437132160694,11.016768487222416,0.04114447866465504,100000
jaou7_7400p,0.42487437132160694,13.308195149135164,0.045444515797015174,100000
jaou7_7450p,0.42487437132160694,13.607630996791734,0.045971366433175884,100000
jaou7_7500p,0.42487437132160694,13.909938635568773,0.046495331474612135,100000
jaou7_6820c,0.42871590330742215,12.878421859511207,0.07377120966964162,100000
jaou7_6825c,0.42871590330742215,12.85688900116433,0.07372531173101736,100000
jaou7_6860c,0.42871590330742215,12.707105827292343,0.07340372885515294,100000
jaou7_6900c,0.42871590330742215,12.537947176274137,0.07303559712196074,100000
jaou7_6905c,0.42871590330742215,12.516947780663,0.07298954710621489,100000
jaou7_6930c,0.42871590330742215,12.412422819329818,0.07275921102040822,100000
jaou7_7000c,0.42871590330742215,12.124168699560823,0.07211315498190334,100000
jaou7_7110c,0.42871590330742215,11.683689481564635,0.07109597922598009,100000
jaou7_7200c,0.42871590330742215,11.33433049833891,0.07026280472101552,100000
jaou7_7335c,0.42871590330742215,10.827718935413365,0.06901398477584753,100000
jaou7_7400c,0.42871590330742215,10.59110353175865,0.06841353564547294,100000
jaou7_7450c,0.42871590330742215,10.412363073754376,0.06795203319877388,100000
jaou7_7500c,0.42871590330742215,10.236450644115852,0.06749091944054282,100000
jaou7_7542c,0.42871590330742215,10.090725675129818,0.06710412899242524,100000
jaou7_7550c,0.42871590330742215,10.063191096448211,0.06703049567136372,100000
jaou7_7600c,0.42871590330742215,9.892645320044709,0.06657069771300214,100000
jaou7_7610c,0.42871590330742215,9.858849769597356,0.06647883390160209,100000
jaou7_7705c,0.42871590330742215,9.542999121272187,0.0656077852192963,100000
jaou7_7710c,0.42871590330742215,9.526642137169578,0.06556201719052733,100000
jaou7_7725c,0.42871590330742215,9.47771033120139,0.06542479053515074,100000
jaou7_5800p,0.42871590330742215,5.500126677705985,0.02794226089223991,100000
jaou7_5900p,0.42871590330742215,5.8899850339317785,0.02907435220200343,100000
jaou7_6000p,0.42871590330742215,6.29469975508297,0.030208605310896995,100000
jaou7_6200p,0.42871590330742215,7.149032315108357,0.03247713284818635,100000
jaou7_6420p,0.42871590330742215,8.154550208652296,0.034968222313695695,100000
jaou7_6500p,0.42871590330742215,8.536866438637032,0.03587073083002569,100000
jaou7_6750p,0.42871590330742215,9.787212050537052,0.03867258063996024,100000
jaou7_6800p,0.42871590330742215,10.047036438240044,0.039229009050696546,100000
jaou7_6900p,0.42871590330742215,10.576823129146346,0.04033550408531967,100000
jaou7_7000p,0.42871590330742215,11.11980554760894,0.041433184772476865,100000
jaou7_7400p,0.42871590330742215,13.41378396051042,0.04573439719043354,100000
jaou7_7450p,0.42871590330742215,13.713423950094102,0.04626143638147586,100000
jaou7_7500p,0.42871590330742215,14.01589196804353,0.0467856625901267,100000
jaou7_6820c,0.43255743529323737,12.978229982108711,0.07458150928394763,100000
jaou7_6825c,0.43255743529323737,12.956752972754426,0.07453566080092498,100000
jaou7_6860c,0.43255743529323737,12.807363502189238,0.0742144105526257,100000
jaou7_6900c,0.43255743529323737,12.63861381798092,0.07384671021925963,100000
jaou7_6905c,0.43255743529323737,12.617657644930869,0.07380072618690205,100000
jaou7_6930c,0.43255743529323737,12.513391027978573,0.07357064263913903,100000
jaou7_7000c,0.43255743529323737,12.22579487189111,0.07292535908393306,100000
jaou7_7110c,0.43255743529323737,11.786219409235958,0.07190947419461358,100000
jaou7_7200c,0.43255743529323737,11.437475031465171,0.07107742614472792,100000
jaou7_7335c,0.43255743529323737,10.93160970510524,0.06983033988841783,100000
jaou7_7400c,0.43255743529323737,10.695282184330967,0.06923073175607156,100000
jaou7_7450c,0.43255743529323737,10.516748374188827,0.06876985083983363,100000
jaou7_7500c,0.43255743529323737,10.340997493564794,0.06830938493823563,100000
jaou7_7542c,0.43255743529323737,10.19540218201587,0.06792311455359042,100000
jaou7_7550c,0.43255743529323737,10.167889129109147,0.06784958158923644,100000
jaou7_7600c,0.43255743529323737,9.997462027398882,0.06739040912401272,100000
jaou7_7610c,0.43255743529323737,9.963688505182848,0.06729866766678619,100000
jaou7_7705c,0.43255743529323737,9.647992680248754,0.06642877276272761,100000
jaou7_7710c,0.43255743529323737,9.631640932543878,0.06638306522813427,100000
jaou7_7725c,0.43255743529323737,9.582725311318296,0.06624601664468541,100000
jaou7_5800p,0.43255743529323737,5.583885890943654,0.028224216922760524,100000
jaou7_5900p,0.43255743529323737,5.975970146513917,0.029357445784644897,100000
jaou7_6000p,0.43255743529323737,6.382866370527396,0.03049251855274149,100000
jaou7_6200p,0.43255743529323737,7.2412599464757585,0.032762129869616234,100000
jaou7_6420p,0.43255743529323737,8.250430553319998,0.035254398631856435,100000
jaou7_6500p,0.43255743529323737,8.634012095018354,0.03615703564479081,100000
jaou7_6750p,0.43255743529323737,9.887568115483962,0.038959640453451364,100000
jaou7_6800p,0.43255743529323737,10.147977203439547,0.03951611252055544,100000
jaou7_6900p,0.43255743529323737,10.678868467456402,0.0406226284223537,100000
jaou7_7000p,0.43255743529323737,11.222810416542503,0.041720407895592795,100000
jaou7_7400p,0.43255743529323737,13.519341309686013,0.0460227866564902,100000
jaou7_7450p,0.43255743529323737,13.819187947131827,0.04655001112975591,100000
jaou7_7500p,0.43255743529323737,14.12181751409575,0.04707450017871437,100000
jaou7_6820c,0.4363989672790526,13.077993654590333,0.07539556193984073,100000
jaou7_6825c,0.4363989672790526,13.056569972058188,0.07534976719177253,100000
jaou7_6860c,0.4363989672790526,12.907586108874256,0.07502882821889399,100000
jaou7_6900c,0.4363989672790526,12.73922708055075,0.07466159017587719,100000
jaou7_6905c,0.4363989672790526,12.71832535098937,0.07461565288327097,100000
jaou7_6930c,0.4363989672790526,12.614310443775462,0.07438583302625879,100000
jaou7_7000c,0.4363989672790526,12.327365414996038,0.07374133358139191,100000
jaou7_7110c,0.4363989672790526,11.888697264484534,0.072726736075336,100000
jaou7_7200c,0.4363989672790526,11.540563602836594,0.07189582498074659,100000
jaou7_7335c,0.4363989672790526,11.035453234578936,0.07065046891972283,100000
jaou7_7400c,0.4363989672790526,10.799414285095748,0.07005170754729166,100000
jaou7_7450c,0.4363989672790526,10.621091588156832,0.06959144740892559,100000
jaou7_7500c,0.4363989672790526,10.445505013813618,0.06913163200951204,100000
jaou7_7542c,0.4363989672790526,10.300040907010864,0.06874588570022527,100000
jaou7_7550c,0.4363989672790526,10.272550832895355,0.06867245218223884,100000
jaou7_7600c,0.4363989672790526,10.102246752023488,0.06821390711331674,100000
jaou7_7610c,0.4363989672790526,10.068495069906028,0.06812229006075957,100000
jaou7_7705c,0.4363989672790526,9.752962725211244,0.06725355464711116,100000
jaou7_7710c,0.4363989672790526,9.736616576890324,0.06720790812647731,100000
jaou7_7725c,0.4363989672790526,9.687718552014067,0.06707103876470223,100000
jaou7_5800p,0.4363989672790526,5.66777247234819,0.02850487253075782,100000
jaou7_5900p,0.4363989672790526,6.062073822529907,0.029639178280976425,100000
jaou7_6000p,0.4363989672790526,6.471139027084273,0.03077502565813272,100000
jaou7_6200p,0.4363989672790526,7.333524430178743,0.033045746253179645,100000
jaou7_6420p,0.4363989672790526,8.346332199527366,0.0355391184520758,100000
jaou7_6500p,0.4363989672790526,8.731145087098602,0.0364419323842511,100000
jaou7_6750p,0.4363989672790526,9.987909716884621,0.039245218498413864,100000
jaou7_6800p,0.4363989672790526,10.248894402766256,0.03980174598991445,100000
jaou7_6900p,0.4363989672790526,10.780873757403567,0.040908307489716224,100000
jaou7_7000p,0.4363989672790526,11.325772987024765,0.04200617894533925,100000
jaou7_7400p,0.4363989672790526,13.624865437828126,0.046309692597230105,100000
jaou7_7450p,0.4363989672790526,13.924923188477168,0.04683709312911412,100000
jaou7_7500p,0.4363989672790526,14.227717061721906,0.047361841710220814,100000
jaou7_6820c,0.4402404992648678,13.17771751713383,0.07621337902472723,100000
jaou7_6825c,0.4402404992648678,13.156354406928351,0.07616762532173955,100000
jaou7_6860c,0.4402404992648678,13.007750476222101,0.07584704119582919,100000
jaou7_6900c,0.4402404992648678,12.839802307206755,0.07548023030058648,100000
jaou7_6905c,0.4402404992648678,12.818953357457975,0.0754343425309008,100000
jaou7_6930c,0.4402404992648678,12.715191419031639,0.07520478415635282,100000
jaou7_7000c,0.4402404992648678,12.428894474896374,0.07456107442273609,100000
jaou7_7110c,0.4402404992648678,11.991119983587684,0.07354778954132922,100000
jaou7_7200c,0.4402404992648678,11.643592486627112,0.07271802683415415,100000
jaou7_7335c,0.4402404992648678,11.139244283959963,0.07147439955445087,100000
jaou7_7400c,0.4402404992648678,10.903496178469206,0.07087648802911845,100000
jaou7_7450c,0.4402404992648678,10.725389839902093,0.07041684656289543,100000
jaou7_7500c,0.4402404992648678,10.549971725772744,0.0699576820214916,100000
jaou7_7542c,0.4402404992648678,10.404640591886995,0.06957246331760643,100000
jaou7_7550c,0.4402404992648678,10.377174812629303,0.06949912851353457,100000
jaou7_7600c,0.4402404992648678,10.206997023875385,0.0690412141385245,100000
jaou7_7610c,0.4402404992648678,10.173267605197623,0.0689497225887431,100000
jaou7_7705c,0.4402404992648678,9.857908197448486,0.06808215076169803,100000
jaou7_7710c,0.4402404992648678,9.841567411658506,0.06803656661740666,100000
jaou7_7725c,0.4402404992648678,9.792688750746672,0.06789987703397235,100000
jaou7_5800p,0.4402404992648678,5.751786575507536,0.028784219154731276,100000
jaou7_5900p,0.4402404992648678,6.14830845201578,0.029919518798350954,100000
jaou7_6000p,0.4402404992648678,6.559509120081218,0.031056140473798014,100000
jaou7_6200p,0.4402404992648678,7.425824989817098,0.033327981946894736,100000
jaou7_6420p,0.4402404992648678,8.442244827563362,0.0358224067106813,100000
jaou7_6500p,0.4402404992648678,8.828284276034244,0.036725377195125246,100000
jaou7_6750p,0.4402404992648678,10.08822508136582,0.039529347626325546,100000
jaou7_6800p,0.4402404992648678,10.349798859239764,0.040085884913101465,100000
jaou7_6900p,0.4402404992648678,10.882854371309682,0.041192504385921966,100000
jaou7_7000p,0.4402404992648678,11.428707434175214,0.04229046348616376,100000
jaou7_7400p,0.4402404992648678,13.730352718451694,0.04659512891755322,100000
jaou7_7450p,0.4402404992648678,14.030626827472537,0.04712269388245193,100000
jaou7_7500p,0.4402404992648678,14.333589160931146,0.04764769436919009,100000
jaou7_6820c,0.444082031250683,13.277406278816906,0.0770349719673031,100000
jaou7_6825c,0.444082031250683,13.25610147969701,0.0769892631292969,100000
jaou7_6860c,0.444082031250683,13.107870366833387,0.07666904551622747,100000
jaou7_6900c,0.444082031250683,12.940333344920269,0.0763026607799538,100000
jaou7_6905c,0.444082031250683,12.919535639628975,0.07625682512192161,100000
jaou7_6930c,0.444082031250683,12.81603407241494,0.07602751560173354,100000
jaou7_7000c,0.444082031250683,12.530369988182922,0.07538462153593369,100000
jaou7_7110c,0.444082031250683,12.09349608136653,0.07437264053078872,100000
jaou7_7200c,0.444082031250683,11.746564361097198,0.07354404719390518,100000
jaou7_7335c,0.444082031250683,11.242979386700387,0.072302156842413,100000
jaou7_7400c,0.444082031250683,11.007530509048026,0.07170508867138678,100000
jaou7_7450c,0.444082031250683,10.829642222444773,0.07124606912018469,100000
jaou7_7500c,0.444082031250683,10.654396361345905,0.07078755619906472,100000
jaou7_7542c,0.444082031250683,10.509201163429134,0.07040286669872406,100000
jaou7_7550c,0.444082031250683,10.481759581913098,0.07032963196290927,100000
jaou7_7600c,0.444082031250683,10.311710743059336,0.06987235229294869,100000
jaou7_7610c,0.444082031250683,10.278005653041745,0.06978098487689605,100000
jaou7_7705c,0.444082031250683,9.96282703584871,0.06891458265488615,100000
jaou7_7710c,0.444082031250683,9.946492115532553,0.06886906115131072,100000
jaou7_7725c,0.444082031250683,9.89763444108122,0.06873255203818383,100000
jaou7_5800p,0.444082031250683,5.835916025489026,0.029062273928033136,100000
jaou7_5900p,0.444082031250683,6.234664067853023,0.03019848281264651,100000
jaou7_6000p,0.444082031250683,6.647969050095767,0.031335874883871816,100000
jaou7_6200p,0.444082031250683,7.518158348860432,0.033608842558962994,100000
jaou7_6420p,0.444082031250683,8.538169381463986,0.03610426204826426,100000
jaou7_6500p,0.444082031250683,8.92542693282842,0.03700737826323432,100000
jaou7_6750p,0.444082031250683,10.18851969092553,0.03981201692952011,100000
jaou7_6800p,0.444082031250683,10.450678723469,0.04036856311473554,100000
jaou7_6900p,0.444082031250683,10.984804185568443,0.04147523884428033,100000
jaou7_7000p,0.444082031250683,11.531601724007011,0.04257329773653429,100000
jaou7_7400p,0.444082031250683,13.835805825575763,0.046879090975044696,100000
jaou7_7450p,0.444082031250683,14.136297986560468,0.047406819048516013,100000
jaou7_7500p,0.444082031250683,14.439432573049553,0.047932064714805614,100000
jaou7_6820c,0.44792356323649823,13.377057227581782,0.0778603652478259,100000
jaou7_6825c,0.44792356323649823,13.355808965037163,0.07781470424521023,100000
jaou7_6860c,0.44792356323649823,13.207946715662116,0.07749485935175379,100000
jaou7_6900c,0.44792356323649823,13.040815329112657,0.07712890973336156,100000
jaou7_6905c,0.44792356323649823,13.020065881894155,0.07708313124049186,100000
jaou7_6930c,0.44792356323649823,12.916828701488468,0.07685406366538719,100000
jaou7_7000c,0.44792356323649823,12.631794178256929,0.0762119911617889,100000
jaou7_7110c,0.44792356323649823,12.19581774457416,0.07520132174440786,100000
jaou7_7200c,0.44792356323649823,11.849483148777038,0.07437389973345636,100000
jaou7_7335c,0.44792356323649823,11.34665971601093,0.07313375876965594,100000
jaou7_7400c,0.44792356323649823,11.111516939423026,0.07253752971020237,100000
jaou7_7450c,0.44792356323649823,10.933849749159725,0.07207913315073547,100000
jaou7_7500c,0.44792356323649823,10.758779072770949,0.07162127380545741,100000
jaou7_7542c,0.44792356323649823,10.613722392312782,0.07123711555770192,100000
jaou7_7550c,0.44792356323649823,10.58630483846121,0.07116398232576301,100000
jaou7_7600c,0.44792356323649823,10.416389004566517,0.07070733913875514,100000
jaou7_7610c,0.44792356323649823,10.382708206787608,0.0706160975558959,100000
jaou7_7705c,0.44792356323649823,10.067717860011026,0.06975087109275441,100000
jaou7_7710c,0.44792356323649823,10.051388969961964,0.0697054129586331,100000
jaou7_7725c,0.44792356323649823,10.00255431869104,0.06956908433905597,100000
jaou7_5800p,0.44792356323649823,5.920163650147671,0.02933902406206765,100000
jaou7_5900p,0.44792356323649823,6.321101175088893,0.03047614596484987,100000
jaou7_6000p,0.44792356323649823,6.73650588700642,0.03161425260086348,100000
jaou7_6200p,0.44792356323649823,7.61052235431649,0.03388833146148546,100000
jaou7_6420p,0.44792356323649823,8.634108196916785,0.03638467983239942,100000
jaou7_6500p,0.44792356323649823,9.022562933002158,0.03728796145809106,100000
jaou7_6750p,0.44792356323649823,10.288796819922306,0.04009322110833321,100000
jaou7_6800p,0.44792356323649823,10.551525891876206,0.04064980471679083,100000
jaou7_6900p,0.44792356323649823,11.086718365348704,0.04175652719848976,100000
jaou7_7000p,0.44792356323649823,11.63445810966889,0.04285467930657404,100000
jaou7_7400p,0.44792356323649823,13.941224451538636,0.04716158289722277,100000
jaou7_7450p,0.44792356323649823,14.241937708863288,0.047689468564194454,100000
jaou7_7500p,0.44792356323649823,14.54524748006247,0.048214955036545756,100000
jaou7_6820c,0.45176509522231345,13.476668958331453,0.07868958124795802,100000
jaou7_6825c,0.45176509522231345,13.455480920003215,0.07864396167769262,100000
jaou7_6860c,0.45176509522231345,13.307974636166927,0.07832451102960035,100000
jaou7_6900c,0.45176509522231345,13.141252272000811,0.07795899043960058,100000
jaou7_6905c,0.45176509522231345,13.120556788109948,0.0779132594251303,100000
jaou7_6930c,0.45176509522231345,13.017571521775299,0.07768445477745856,100000
jaou7_7000c,0.45176509522231345,12.733168343898871,0.0770432012736456,100000
jaou7_7110c,0.45176509522231345,12.2980857369795,0.07603385210439872,100000
jaou7_7200c,0.45176509522231345,11.952345461708953,0.07520760997327174,100000
jaou7_7335c,0.45176509522231345,11.450280620905584,0.07396923252663527,100000
jaou7_7400c,0.45176509522231345,11.215457111247698,0.0733738285319868,100000
jaou7_7450c,0.45176509522231345,11.038010660756058,0.07291606111958134,100000
jaou7_7500c,0.45176509522231345,10.863119027820055,0.07245885576889934,100000
jaou7_7542c,0.45176509522231345,10.718202477699002,0.07207523213796699,100000
jaou7_7550c,0.45176509522231345,10.69080792165346,0.07200220309274567,100000
jaou7_7600c,0.45176509522231345,10.521030170492244,0.07154619646816918,100000
jaou7_7610c,0.45176509522231345,10.487375448361092,0.07145507970047468,100000
jaou7_7705c,0.45176509522231345,10.172579829729159,0.0705910362667903,100000
jaou7_7710c,0.45176509522231345,10.156256448419503,0.07054564319692305,100000
jaou7_7725c,0.45176509522231345,10.107446854019097,0.0704094950301156,100000
jaou7_5800p,0.45176509522231345,6.004524817409322,0.029614472059023973,100000
jaou7_5900p,0.45176509522231345,6.407621164480911,0.0307524996896875,100000
jaou7_6000p,0.45176509522231345,6.825105853267546,0.03189129888575777,100000
jaou7_6200p,0.45176509522231345,7.702899525975803,0.03416648635093427,100000
jaou7_6420p,0.45176509522231345,8.730048297732514,0.03666369190015581,100000
jaou7_6500p,0.45176509522231345,9.119699696509468,0.03756711052550862,100000
jaou7_6750p,0.45176509522231345,10.38903728668529,0.040373012393774374,100000
jaou7_6800p,0.45176509522231345,10.6523538817886,0.040929577942002894,100000
jaou7_6900p,0.45176509522231345,11.188600952941458,0.04203636217197325,100000
jaou7_7000p,0.45176509522231345,11.737277920015432,0.04313460825358813,100000
jaou7_7400p,0.45176509522231345,14.046610268067909,0.04744260293908486,100000
jaou7_7450p,0.45176509522231345,14.34754426516422,0.04797065062462754,100000
jaou7_7500p,0.45176509522231345,14.651033079816177,0.04849637058843201,100000
jaou7_6820c,0.45560662720812867,13.576246343451775,0.0795226317573774,100000
jaou7_6825c,0.45560662720812867,13.555099665736059,0.07947708577692168,100000
jaou7_6860c,0.45560662720812867,13.407948027867388,0.07915803108098492,100000
jaou7_6900c,0.45560662720812867,13.241649885994368,0.07879291346566249,100000
jaou7_6905c,0.45560662720812867,13.221010915488861,0.07874722562637199,100000
jaou7_6930c,0.45560662720812867,13.118268835877036,0.07851869859477963,100000
jaou7_7000c,0.45560662720812867,12.834497288409368,0.07787826422235679,100000
jaou7_7110c,0.45560662720812867,12.400299070365769,0.07687025352300303,100000
jaou7_7200c,0.45560662720812867,12.055152860464244,0.07604519573164463,100000
jaou7_7335c,0.45560662720812867,11.553849172550752,0.0748085873124025,100000
jaou7_7400c,0.45560662720812867,11.31935136830878,0.07421400468772377,100000
jaou7_7450c,0.45560662720812867,11.142124204097097,0.0737568741334172,100000
jaou7_7500c,0.45560662720812867,10.96741422321601,0.07330032494869451,100000
jaou7_7542c,0.45560662720812867,10.822640521508456,0.07291723751968292,100000
jaou7_7550c,0.45560662720812867,10.795270900210644,0.07284431091299587,100000
jaou7_7600c,0.45560662720812867,10.625632991750324,0.07238894568697075,100000
jaou7_7610c,0.45560662720812867,10.592005392340692,0.07229795376534448,100000
jaou7_7705c,0.45560662720812867,10.277411323121234,0.07143509970194865,100000
jaou7_7710c,0.45560662720812867,10.261095150716757,0.07138977016857576,100000
jaou7_7725c,0.45560662720812867,10.212310884377276,0.07125380488590445,100000
jaou7_5800p,0.45560662720812867,6.088998802554279,0.029888613241054577,100000
jaou7_5900p,0.45560662720812867,6.494245820285018,0.03102749426533297,100000
jaou7_6000p,0.45560662720812867,6.913791566184933,0.03216696183550217,100000
jaou7_6200p,0.45560662720812867,7.795307403614502,0.03444326641500085,100000
jaou7_6420p,0.45560662720812867,8.825988413947528,0.03694130211334747,100000
jaou7_6500p,0.45560662720812867,9.216825989576295,0.03784485432140227,100000
jaou7_6750p,0.45560662720812867,10.489243171502832,0.040651388411604865,100000
jaou7_6800p,0.45560662720812867,10.753157276557419,0.04120790008887414,100000
jaou7_6900p,0.45560662720812867,11.290457691158547,0.04231473203253245,100000
jaou7_7000p,0.45560662720812867,11.840065988749462,0.043413075094193516,100000
jaou7_7400p,0.45560662720812867,14.15196364935252,0.04772215318106746,100000
jaou7_7450p,0.45560662720812867,14.453116932728793,0.04825037042937974,100000
jaou7_7500p,0.45560662720812867,14.756787399435662,0.04877632017269488,100000
jaou7_6820c,0.4594481591939439,13.67575791476767,0.08035959082629417,100000
jaou7_6825c,0.4594481591939439,13.654667467093619,0.08031409300697896,100000
jaou7_6860c,0.4594481591939439,13.507883879226823,0.07999541100968313,100000
jaou7_6900c,0.4594481591939439,13.342007874205779,0.07963069971857423,100000
jaou7_6905c,0.4594481591939439,13.321417836233806,0.07958506779049816,100000
jaou7_6930c,0.4594481591939439,13.218907600231471,0.0793568373209348,100000
jaou7_7000c,0.4594481591939439,12.935769184633685,0.07871721996660165,100000
jaou7_7110c,0.4594481591939439,12.502461701733642,0.07771054009271862,100000
jaou7_7200c,0.4594481591939439,12.157911333428155,0.07688666795768408,100000
jaou7_7335c,0.4594481591939439,11.657365937662439,0.07565184259162573,100000
jaou7_7400c,0.4594481591939439,11.42319810966476,0.0750580808760323,100000
jaou7_7450c,0.4594481591939439,11.24618917522376,0.07460159416275747,100000
jaou7_7500c,0.4594481591939439,11.071662834875966,0.07414570411253565,100000
jaou7_7542c,0.4594481591939439,10.927035385258025,0.0737631533226136,100000
jaou7_7550c,0.4594481591939439,10.89969471500778,0.07369032430475426,100000
jaou7_7600c,0.4594481591939439,10.730196600994612,0.07323560783075543,100000
jaou7_7610c,0.4594481591939439,10.696595452941828,0.07314474327048134,100000
jaou7_7705c,0.4594481591939439,10.38221056860766,0.07228308334019491,100000
jaou7_7710c,0.4594481591939439,10.365903950637149,0.07223781487286904,100000
jaou7_7725c,0.4594481591939439,10.31714658087537,0.07210203297867555,100000
jaou7_5800p,0.4594481591939439,6.173571307400458,0.030161470182368737,100000
jaou7_5900p,0.4594481591939439,6.580959822146734,0.03130115694505322,100000
jaou7_6000p,0.4594481591939439,7.0025550132557415,0.03244125577469346,100000
jaou7_6200p,0.4594481591939439,7.887763182216128,0.03471863213031837,100000
jaou7_6420p,0.4594481591939439,8.921957231753852,0.03721744327158393,100000
jaou7_6500p,0.4594481591939439,9.313943977265659,0.03812118921995438,100000
jaou7_6750p,0.4594481591939439,10.589433505287625,0.040928303166739594,100000
jaou7_6800p,0.4594481591939439,10.853935583930085,0.04148477565751745,100000
jaou7_6900p,0.4594481591939439,11.392288313844208,0.04259164099198864,100000
jaou7_7000p,0.4594481591939439,11.94281051944803,0.043690115632252634,100000
jaou7_7400p,0.4594481591939439,14.257283025182756,0.048000241451663476,100000
jaou7_7450p,0.4594481591939439,14.558654538329707,0.04852863451623518,100000
jaou7_7500p,0.4594481591939439,14.862508645569871,0.049054812057958246,100000
jaou7_6820c,0.4632896911797591,13.775231041544982,0.08120043224108085,100000
jaou7_6825c,0.4632896911797591,13.754194273866247,0.08115498683025711,100000
jaou7_6860c,0.4632896911797591,13.607775285043507,0.0808366830202451,100000
jaou7_6900c,0.4632896911797591,13.44231599800844,0.08047238695888424,100000
jaou7_6905c,0.4632896911797591,13.421772557449078,0.0804268148409123,100000
jaou7_6930c,0.4632896911797591,13.319489638006173,0.08019888845557792,100000
jaou7_7000c,0.4632896911797591,13.036991471153511,0.07956007691096244,100000
jaou7_7110c,0.4632896911797591,12.604563079179954,0.07855474945905733,100000
jaou7_7200c,0.4632896911797591,12.260604665307142,0.07773207295469117,100000
jaou7_7335c,0.4632896911797591,11.760837086211243,0.07649900937406963,100000
jaou7_7400c,0.4632896911797591,11.526994262745184,0.07590608220820189,100000
jaou7_7450c,0.4632896911797591,11.350204703820264,0.07545024284308852,100000
jaou7_7500c,0.4632896911797591,11.175863998261672,0.07499501476729536,100000
jaou7_7542c,0.4632896911797591,11.03138499920151,0.07461300273046381,100000
jaou7_7550c,0.4632896911797591,11.004072794045898,0.07454027309610223,100000
jaou7_7600c,0.4632896911797591,10.834720532602276,0.0740862035395785,100000
jaou7_7610c,0.4632896911797591,10.801147166927938,0.07399546589081159,100000
jaou7_7705c,0.4632896911797591,10.4869767193858,0.07313500799724848,100000
jaou7_7710c,0.4632896911797591,10.470682957374882,0.07308979674302667,100000
jaou7_7725c,0.4632896911797591,10.421952353794815,0.07295420111450604,100000
jaou7_5800p,0.4632896911797591,6.25826461109416,0.030432991791485814,100000
jaou7_5900p,0.4632896911797591,6.667777637705221,0.031573453270709165,100000
jaou7_6000p,0.4632896911797591,7.091390215376122,0.032714190257344435,100000
jaou7_6200p,0.4632896911797591,7.980231991806195,0.03499266164435602,100000
jaou7_6420p,0.4632896911797591,9.017921358276125,0.03749219669852994,100000
jaou7_6500p,0.4632896911797591,9.411034806853104,0.038396162976910196,100000
jaou7_6750p,0.4632896911797591,10.689609711271832,0.04120375607622293,100000
jaou7_6800p,0.4632896911797591,10.954691646110248,0.041760200411703,100000
jaou7_6900p,0.4632896911797591,11.494082613434712,0.04286711976731317,100000
jaou7_7000p,0.4632896911797591,12.045518981755697,0.04396571304095359,100000
jaou7_7400p,0.4632896911797591,14.362565354051018,0.04827687994281228,100000
jaou7_7450p,0.4632896911797591,14.664156242714053,0.0488054484330559,100000
jaou7_7500p,0.4632896911797591,14.968195984743419,0.04933185162134574,100000
jaou7_6820c,0.4671312231655743,13.874657958933687,0.08204518983023645,100000
jaou7_6825c,0.4671312231655743,13.853672294303724,0.08199980112770004,100000
jaou7_6860c,0.4671312231655743,13.707614040774223,0.0816818816116475,100000
jaou7_6900c,0.4671312231655743,13.542572111741483,0.08131799949623006,100000
jaou7_6905c,0.4671312231655743,13.522080639797563,0.08127247821643291,100000
jaou7_6930c,0.4671312231655743,13.420022343687503,0.08104486044942956,100000
jaou7_7000c,0.4671312231655743,13.138167414643986,0.08040685049014343,100000
jaou7_7110c,0.4671312231655743,12.706605983510222,0.07940289795598304,100000
jaou7_7200c,0.4671312231655743,12.363237686891559,0.07858142386490832,100000
jaou7_7335c,0.4671312231655743,11.864257005939821,0.07735011700157057,100000
jaou7_7400c,0.4671312231655743,11.630739969224846,0.07675802906196154,100000
jaou7_7450c,0.4671312231655743,11.454170278833448,0.07630284144891575,100000
jaou7_7500c,0.4671312231655743,11.28001927631496,0.07584827498671826,100000
jaou7_7542c,0.4671312231655743,11.135694504293681,0.07546679844771849,100000
jaou7_7550c,0.4671312231655743,11.10840536504525,0.07539417723067726,100000
jaou7_7600c,0.4671312231655743,10.93920473067035,0.07494075304697008,100000
jaou7_7610c,0.4671312231655743,10.905657900205014,0.07485014559525635,100000
jaou7_7705c,0.4671312231655743,10.591710525254179,0.07399089240628047,100000
jaou7_7710c,0.4671312231655743,10.575430375494918,0.07394573815169228,100000
jaou7_7725c,0.4671312231655743,10.526727044476768,0.0738103306892176,100000
jaou7_5800p,0.4671312231655743,6.3430917437922085,0.03070314625131144,100000
jaou7_5900p,0.4671312231655743,6.754690054450479,0.03184439870067463,100000
jaou7_6000p,0.4671312231655743,7.180310238648178,0.03298573441964476,100000
jaou7_6200p,0.4671312231655743,8.07271871379723,0.03526534294467499,100000
jaou7_6420p,0.4671312231655743,9.113883703499567,0.03776555634336712,100000
jaou7_6500p,0.4671312231655743,9.508101109246859,0.0386697708376186,100000
jaou7_6750p,0.4671312231655743,10.789752022748848,0.041477801405635256,100000
jaou7_6800p,0.4671312231655743,11.05540381396068,0.04203423437981262,100000
jaou7_6900p,0.4671312231655743,11.595838475664612,0.04314117746599914,100000
jaou7_7000p,0.4671312231655743,12.148194673743026,0.044239861921511484,100000
jaou7_7400p,0.4671312231655743,14.467810809027538,0.04855207131657781,100000
jaou7_7450p,0.4671312231655743,14.769621566224094,0.04908081664305709,100000
jaou7_7500p,0.4671312231655743,15.073851011293563,0.04960743687298008,100000
jaou7_6820c,0.47097275515138953,13.9740318869523,0.08289389585848277,100000
jaou7_6825c,0.47097275515138953,13.953093574908907,0.08284857015331624,100000
jaou7_6860c,0.47097275515138953,13.80741094724008,0.08253100952585436,100000
jaou7_6900c,0.47097275515138953,13.642781159605006,0.08216754996631168,100000
jaou7_6905c,0.47097275515138953,13.622330180126983,0.08212209861597207,100000
jaou7_6930c,0.47097275515138953,13.520497428079643,0.08189478792589008,100000
jaou7_7000c,0.47097275515138953,13.239285317518874,0.08125758081869239,100000
jaou7_7110c,0.47097275515138953,12.80859251670678,0.08025500319835427,100000
jaou7_7200c,0.47097275515138953,12.465813735178388,0.07943473638319076,100000
jaou7_7335c,0.47097275515138953,11.967621995022837,0.0782051920366599,100000
jaou7_7400c,0.47097275515138953,11.734433626628947,0.07761394465323777,100000
jaou7_7450c,0.47097275515138953,11.558083236424295,0.07715941466780415,100000
jaou7_7500c,0.47097275515138953,11.38412656005859,0.07670550850212758,100000
jaou7_7542c,0.47097275515138953,11.239958519552928,0.07632456892235086,100000
jaou7_7550c,0.47097275515138953,11.212692821805428,0.07625205659763123,100000
jaou7_7600c,0.47097275515138953,11.043645879998532,0.07579928154040928,100000
jaou7_7610c,0.47097275515138953,11.01012625106861,0.07570880474121405,100000
jaou7_7705c,0.47097275515138953,10.696411573897596,0.07485075718097453,100000
jaou7_7710c,0.47097275515138953,10.680142900720941,0.07480566382826197,100000
jaou7_7725c,0.47097275515138953,10.631469521435564,0.0746704432654609,100000
jaou7_5800p,0.47097275515138953,6.428016619406264,0.03097200335298518,100000
jaou7_5900p,0.47097275515138953,6.841691038345381,0.03211400210805533,100000
jaou7_6000p,0.47097275515138953,7.269300342423071,0.0332559178771366,100000
jaou7_6200p,0.47097275515138953,8.1652096786333,0.03553670668168605,100000
jaou7_6420p,0.47097275515138953,9.209855834864879,0.038037495764598396,100000
jaou7_6500p,0.47097275515138953,9.605157988277075,0.03894197740653599,100000
jaou7_6750p,0.47097275515138953,10.889869989712698,0.04175041731502494,100000
jaou7_6800p,0.47097275515138953,11.156081807771672,0.04230685507097593,100000
jaou7_6900p,0.47097275515138953,11.697560876463498,0.04341380420112458,100000
jaou7_7000p,0.47097275515138953,12.250825929553276,0.04451259784406797,100000
jaou7_7400p,0.47097275515138953,14.573017819367,0.048825823395063125,100000
jaou7_7450p,0.47097275515138953,14.875047876750305,0.04935475008032004,100000
jaou7_7500p,0.47097275515138953,15.179471647972553,0.04988157696183058,100000
jaou7_6820c,0.47481428713720475,14.07335554465906,0.08374656674363723,100000
jaou7_6825c,0.47481428713720475,14.052477129639493,0.08370128283370278,100000
jaou7_6860c,0.47481428713720475,13.907168963377302,0.08338408287929375,100000
jaou7_6900c,0.47481428713720475,13.742929030990382,0.08302108290358023,100000
jaou7_6905c,0.47481428713720475,13.722521821199058,0.08297569602605213,100000
jaou7_6930c,0.47481428713720475,13.620927600230761,0.08274867100608561,100000
jaou7_7000c,0.47481428713720475,13.340336210804455,0.08211230363023012,100000
jaou7_7110c,0.47481428713720475,12.910517532523938,0.08111109455945051,100000
jaou7_7200c,0.47481428713720475,12.568338867032775,0.08029202215801902,100000
jaou7_7335c,0.47481428713720475,12.070934409813793,0.07906425190398891,100000
jaou7_7400c,0.47481428713720475,11.838077696059873,0.07847384621222223,100000
jaou7_7450c,0.47481428713720475,11.661943338314206,0.07801998371854339,100000
jaou7_7500c,0.47481428713720475,11.488185834837825,0.0775667361130267,100000
jaou7_7542c,0.47481428713720475,11.344173160027522,0.07718634056305705,100000
jaou7_7550c,0.47481428713720475,11.316934697099693,0.07711393255121606,100000
jaou7_7600c,0.47481428713720475,11.148043787060564,0.0766618098406252,100000
jaou7_7610c,0.47481428713720475,11.114552638860927,0.07657146322844896,100000
jaou7_7705c,0.47481428713720475,10.801079611073709,0.07571462291651257,100000
jaou7_7710c,0.47481428713720475,10.784819982843487,0.0756695947623677,100000
jaou7_7725c,0.47481428713720475,10.736178424125749,0.07553456093859298,100000
jaou7_5800p,0.47481428713720475,6.513013305040351,0.031239611386019592,100000
jaou7_5900p,0.47481428713720475,6.928764695861785,0.032382293857017616,100000
jaou7_6000p,0.47481428713720475,7.358373614638142,0.03352470946961027,100000
jaou7_6200p,0.47481428713720475,8.257693940797504,0.03580677707203174,100000
jaou7_6420p,0.47481428713720475,9.30581998141844,0.03830805921687815,100000
jaou7_6500p,0.47481428713720475,9.70219523083931,0.03921280991874499,100000
jaou7_6750p,0.47481428713720475,10.989965935643339,0.04202160084612221,100000
jaou7_6800p,0.47481428713720475,11.256731041905027,0.04257805152105551,100000
jaou7_6900p,0.47481428713720475,11.799235737287777,0.04368504126023291,100000
jaou7_7000p,0.47481428713720475,12.35340381227776,0.04478394894937125,100000
jaou7_7400p,0.47481428713720475,14.678188878236828,0.04909813189441848,100000
jaou7_7450p,0.47481428713720475,14.98043496807912,0.04962725238685172,100000
jaou7_7500p,0.47481428713720475,15.285057912190695,0.050154274674753606,100000
jaou7_6820c,0.47865581912301997,14.172642837079637,0.08460320024680029,100000
jaou7_6825c,0.47865581912301997,14.151816523009954,0.0845579711909333,100000
jaou7_6860c,0.47865581912301997,14.006884562455287,0.08424112880247393,100000
jaou7_6900c,0.47865581912301997,13.84301886468868,0.08387861430677891,100000
jaou7_6905c,0.47865581912301997,13.822663007159349,0.08383327937159914,100000
jaou7_6930c,0.47865581912301997,13.721305781369011,0.08360654262111518,100000
jaou7_7000c,0.47865581912301997,13.441329953429362,0.0829710241714142,100000
jaou7_7110c,0.47865581912301997,13.012384341105609,0.08197118809229388,100000
jaou7_7200c,0.47865581912301997,12.670809874633463,0.08115330754261164,100000
jaou7_7335c,0.47865581912301997,12.174189939001794,0.07992732441458761,100000
jaou7_7400c,0.47865581912301997,11.941668294547974,0.07933776074771595,100000
jaou7_7450c,0.47865581912301997,11.765749000845481,0.07888457201858697,100000
jaou7_7500c,0.47865581912301997,11.592198027427202,0.07843197741606159,100000
jaou7_7542c,0.47865581912301997,11.448341183808814,0.07805213017983241,100000
jaou7_7550c,0.47865581912301997,11.421127875759913,0.07797983051910497,100000
jaou7_7600c,0.47865581912301997,11.25239882368932,0.07752835814007795,100000
jaou7_7610c,0.47865581912301997,11.218933880856857,0.07743814638724841,100000
jaou7_7705c,0.47865581912301997,10.905710546180273,0.07658251588727007,100000
jaou7_7710c,0.47865581912301997,10.889460670231301,0.07653755272413709,100000
jaou7_7725c,0.47865581912301997,10.840853362373355,0.0764027046315351,100000
jaou7_5800p,0.47865581912301997,6.598108310667513,0.03150590994722367,100000
jaou7_5900p,0.47865581912301997,7.01590144628911,0.03264929056510332,100000
jaou7_6000p,0.47865581912301997,7.447512722284342,0.03379214517692058,100000
jaou7_6200p,0.47865581912301997,8.350192091076233,0.03607550607771959,100000
jaou7_6420p,0.47865581912301997,9.401787093461644,0.03857722157262857,100000
jaou7_6500p,0.47865581912301997,9.799210347239722,0.03948227617619415,100000
jaou7_6750p,0.47865581912301997,11.090038669002615,0.04229135811794186,100000
jaou7_6800p,0.47865581912301997,11.35734388316299,0.042847847056022244,100000
jaou7_6900p,0.47865581912301997,11.90086622933059,0.04395488351407731,100000
jaou7_7000p,0.47865581912301997,12.455938213247181,0.04505389151793979,100000
jaou7_7400p,0.47865581912301997,14.783320135069443,0.049369011444742525,100000
jaou7_7450p,0.47865581912301997,15.085781288954909,0.04989833125151146,100000
jaou7_7500p,0.47865581912301997,15.390610763124585,0.050425529920006706,100000
jaou7_6820c,0.4824973511088352,14.271882118009492,0.08546383730811818,100000
jaou7_6825c,0.4824973511088352,14.251103156965229,0.08541867099174036,100000
jaou7_6860c,0.4824973511088352,14.106548209614674,0.08510218459723845,100000
jaou7_6900c,0.4824973511088352,13.943061337082703,0.08474014794909711,100000
jaou7_6905c,0.4824973511088352,13.922747305243353,0.08469488066371518,100000
jaou7_6930c,0.4824973511088352,13.821628794998876,0.08446842945395912,100000
jaou7_7000c,0.4824973511088352,13.54227240003988,0.08383375444070533,100000
jaou7_7110c,0.4824973511088352,13.114195565296118,0.08283530113749497,100000
jaou7_7200c,0.4824973511088352,12.773218000788042,0.08201862773023252,100000
jaou7_7335c,0.4824973511088352,12.27738670390014,0.08079443382484978,100000
jaou7_7400c,0.4824973511088352,12.045208128902042,0.08020570550559569,100000
jaou7_7450c,0.4824973511088352,11.869499703218501,0.07975320157394863,100000
jaou7_7500c,0.4824973511088352,11.696161475148,0.07930125603159568,100000
jaou7_7542c,0.4824973511088352,11.552461113973921,0.07892196100882415,100000
jaou7_7550c,0.4824973511088352,11.525272058003388,0.07884977198281493,100000
jaou7_7600c,0.4824973511088352,11.356707944991749,0.07839895179439153,100000
jaou7_7610c,0.4824973511088352,11.323273445823585,0.07830887009417593,100000
jaou7_7705c,0.4824973511088352,11.01030330045167,0.07745445826584155,100000
jaou7_7710c,0.4824973511088352,10.994063204270788,0.07740956083626538,100000
jaou7_7725c,0.4824973511088352,10.945491749638625,0.07727489859127917,100000
jaou7_5800p,0.4824973511088352,6.683295620295684,0.03177090756683651,100000
jaou7_5900p,0.4824973511088352,7.1031205082715,0.03291494758898055,100000
jaou7_6000p,0.4824973511088352,7.536724309232314,0.03405820824290699,100000
jaou7_6200p,0.4824973511088352,8.442727869398459,0.03634283868300898,100000
jaou7_6420p,0.4824973511088352,9.497743209211059,0.038845018224738584,100000
jaou7_6500p,0.4824973511088352,9.89621362095288,0.03975035257086926,100000
jaou7_6750p,0.4824973511088352,11.19008511322374,0.04255970022266127,100000
jaou7_6800p,0.4824973511088352,11.457914706837544,0.04311625968312807,100000
jaou7_6900p,0.4824973511088352,12.002463061715334,0.04422330540584865,100000
jaou7_7000p,0.4824973511088352,12.558435019848426,0.04532241280273622,100000
jaou7_7400p,0.4824973511088352,14.888414329414232,0.04963845696991677,100000
jaou7_7450p,0.4824973511088352,15.191086351318653,0.05016799115741262,100000
jaou7_7500p,0.4824973511088352,15.496128570836103,0.050695350493284275,100000
jaou7_6820c,0.4863388830946504,14.37106789674781,0.08632850864567602,100000
jaou7_6825c,0.4863388830946504,14.350347227999032,0.08628338678796989,100000
jaou7_6860c,0.4863388830946504,14.206162018222052,0.08596726834575757,100000
jaou7_6900c,0.4863388830946504,14.043044486046831,0.08560572515481309,100000
jaou7_6905c,0.4863388830946504,14.022784657884825,0.08556050519500627,100000
jaou7_6930c,0.4863388830946504,13.92189911341149,0.08533434908889827,100000
jaou7_7000c,0.4863388830946504,13.643172165274247,0.08470050219403906,100000
jaou7_7110c,0.4863388830946504,13.215945031203628,0.08370346516512729,100000
jaou7_7200c,0.4863388830946504,12.875568256612896,0.08288799656967077,100000
jaou7_7335c,0.4863388830946504,12.380527418410098,0.08166559757816097,100000
jaou7_7400c,0.4863388830946504,12.148692608599882,0.08107770889306833,100000
jaou7_7450c,0.4863388830946504,11.973196851874787,0.0806258917144598,100000
jaou7_7500c,0.4863388830946504,11.80007425156815,0.08017459614579739,100000
jaou7_7542c,0.4863388830946504,11.656530924245711,0.07979585727184829,100000
jaou7_7550c,0.4863388830946504,11.629364908909606,0.07972378159162419,100000
jaou7_7600c,0.4863388830946504,11.460971350641369,0.07927361163921803,100000
jaou7_7610c,0.4863388830946504,11.427568247232506,0.07918365992315358,100000
jaou7_7705c,0.4863388830946504,11.114857097279048,0.07833047199930036,100000
jaou7_7710c,0.4863388830946504,11.098628722852045,0.07828563831160111,100000
jaou7_7725c,0.4863388830946504,11.050092424625726,0.0781511652441986,100000
jaou7_5800p,0.4863388830946504,6.768574873552371,0.03203460055646917,100000
jaou7_5900p,0.4863388830946504,7.190417260885288,0.03317927217542844,100000
jaou7_6000p,0.4863388830946504,7.6259812194144505,0.03432295654605458,100000
jaou7_6200p,0.4863388830946504,8.535290377885785,0.036608800374828755,100000
jaou7_6420p,0.4863388830946504,9.593690145923246,0.03911144615553214,100000
jaou7_6500p,0.4863388830946504,9.993203331118758,0.04001704553172288,100000
jaou7_6750p,0.4863388830946504,11.290106683535878,0.04282662652264093,100000
jaou7_6800p,0.4863388830946504,11.558462614388839,0.043383241908250124,100000
jaou7_6900p,0.4863388830946504,12.104014305397008,0.04449034263887163,100000
jaou7_7000p,0.4863388830946504,12.66090287980034,0.045589492383821095,100000
jaou7_7400p,0.4863388830946504,14.99346690382962,0.049906485242322864,100000
jaou7_7450p,0.4863388830946504,15.296351594692483,0.050436230734045656,100000
jaou7_7500p,0.4863388830946504,15.601609441973801,0.0509637450102672,100000
jaou7_6820c,0.4901804150804656,14.470214112903907,0.08719721274819688,100000
jaou7_6825c,0.4901804150804656,14.44955210729559,0.08715213473237436,100000
jaou7_6860c,0.4901804150804656,14.305722803373811,0.0868364070512512,100000
jaou7_6900c,0.4901804150804656,14.142985225735899,0.08647533993618406,100000
jaou7_6905c,0.4901804150804656,14.122770481161428,0.08643018226763834,100000
jaou7_6930c,0.4901804150804656,14.022124287571023,0.08620431102900321,100000
jaou7_7000c,0.4901804150804656,13.744010178572426,0.08557132007351276,100000
jaou7_7110c,0.4901804150804656,13.31763108903417,0.0845757046463055,100000
jaou7_7200c,0.4901804150804656,12.97786234548659,0.08376143327777359,100000
jaou7_7335c,0.4901804150804656,12.483610628971709,0.08254083963993926,100000
jaou7_7400c,0.4901804150804656,12.25212271467152,0.08195379112845505,100000
jaou7_7450c,0.4901804150804656,12.07684392123587,0.08150265889307189,100000
jaou7_7500c,0.4901804150804656,11.903936546321498,0.08105201901573642,100000
jaou7_7542c,0.4901804150804656,11.760549382341988,0.08067384221786814,100000
jaou7_7550c,0.4901804150804656,11.733409252899836,0.08060187665397911,100000
jaou7_7600c,0.4901804150804656,11.565186765433493,0.08015236228925644,100000
jaou7_7610c,0.4901804150804656,11.531815968157572,0.08006254052439564,100000
jaou7_7705c,0.4901804150804656,11.21937047619221,0.07921058021090133,100000
jaou7_7710c,0.4901804150804656,11.203155885030622,0.07916580809408787,100000
jaou7_7725c,0.4901804150804656,11.154653596514645,0.07903152811425726,100000
jaou7_5800p,0.4901804150804656,6.853951894483759,0.03229697291947669,100000
jaou7_5900p,0.4901804150804656,7.27778341041308,0.03344227905298448,100000
jaou7_6000p,0.4901804150804656,7.715277199165663,0.034586402012593394,100000
jaou7_6200p,0.4901804150804656,8.627862901348209,0.036873429731914924,100000
jaou7_6420p,0.4901804150804656,9.689613164044802,0.03937654303330442,100000
jaou7_6500p,0.4901804150804656,10.09016219459557,0.04028240004873096,100000
jaou7_6750p,0.4901804150804656,11.390075424673794,0.043092213550697187,100000
jaou7_6800p,0.4901804150804656,11.658978417314998,0.04364882134849574,100000
jaou7_6900p,0.4901804150804656,12.20553690795257,0.0447559525248301,100000
jaou7_7000p,0.4901804150804656,12.76332275596501,0.04585518652095438,100000
jaou7_7400p,0.4901804150804656,15.098478872767757,0.05017309631805813,100000
jaou7_7450p,0.4901804150804656,15.401580526920059,0.05070304232304812,100000
jaou7_7500p,0.4901804150804656,15.707053599593644,0.051230715610475985,100000
jaou7_6820c,0.49402194706628083,14.569324229941014,0.08806996584769032,100000
jaou7_6825c,0.49402194706628083,14.548715023757774,0.08802494137230994,100000
jaou7_6860c,0.49402194706628083,14.405220271617695,0.08770963963549804,100000
jaou7_6900c,0.49402194706628083,14.242868904673525,0.08734903828728675,100000
jaou7_6905c,0.49402194706628083,14.222700194646137,0.08730394137278547,100000
jaou7_6930c,0.49402194706628083,14.12228914032641,0.0870783619865945,100000
jaou7_7000c,0.49402194706628083,13.844787500921466,0.08644622839332203,100000
jaou7_7110c,0.49402194706628083,13.419251122174463,0.08545204572016568,100000
jaou7_7200c,0.49402194706628083,13.080102846284246,0.08463895589078448,100000
jaou7_7335c,0.49402194706628083,12.586633215556112,0.08342018667333008,100000
jaou7_7400c,0.49402194706628083,12.355497048133754,0.08283397617857426,100000
jaou7_7450c,0.49402194706628083,12.180437661618194,0.08238352974685734,100000
jaou7_7500c,0.49402194706628083,12.00774863987754,0.08193354595810216,100000
jaou7_7542c,0.49402194706628083,11.864514178570595,0.08155594085158663,100000
jaou7_7550c,0.49402194706628083,11.837406471065417,0.0814840767913458,100000
jaou7_7600c,0.49402194706628083,11.669357532205712,0.0810352204438468,100000
jaou7_7610c,0.49402194706628083,11.636016002051159,0.08094553426790106,100000
jaou7_7705c,0.49402194706628083,11.323844733924107,0.08009480232406928,100000
jaou7_7710c,0.49402194706628083,11.307644112654314,0.0800500922535484,100000
jaou7_7725c,0.49402194706628083,11.2591775189722,0.07991600522216502,100000
jaou7_5800p,0.49402194706628083,6.9394196293708,0.03255803588818069,100000
jaou7_5900p,0.49402194706628083,7.365231204453997,0.03370393916344412,100000
jaou7_6000p,0.49402194706628083,7.8046080253484424,0.034848551997189704,100000
jaou7_6200p,0.49402194706628083,8.720462856030416,0.03713668609699401,100000
jaou7_6420p,0.49402194706628083,9.785510444415445,0.039640314727784266,100000
jaou7_6500p,0.49402194706628083,10.18709873698393,0.040546396638306344,100000
jaou7_6750p,0.49402194706628083,11.490021230167127,0.04335638544927905,100000
jaou7_6800p,0.49402194706628083,11.759453241781527,0.043913024829768645,100000
jaou7_6900p,0.49402194706628083,12.30701625167076,0.045020178224949164,100000
jaou7_7000p,0.49402194706628083,12.865695743094612,0.046119495616004584,100000
jaou7_7400p,0.49402194706628083,15.20344887101055,0.05043829739803704,100000
jaou7_7450p,0.49402194706628083,15.506769932082944,0.050968438635348716,100000
jaou7_7500p,0.49402194706628083,15.81246135793025,0.05149626414782539,100000
jaou7_6820c,0.49786347905209605,14.66838560764247,0.08894681102639529,100000
jaou7_6825c,0.49786347905209605,14.647825306007132,0.08890184651224602,100000
jaou7_6860c,0.49786347905209605,14.504663684271867,0.088586972969806,100000
jaou7_6900c,0.49786347905209605,14.342697631421919,0.0882268389187157,100000
jaou7_6905c,0.49786347905209605,14.322576434104809,0.0881818003794765,100000
jaou7_6930c,0.49786347905209605,14.222402685920787,0.08795650953072744,100000
jaou7_7000c,0.49786347905209605,13.945507437695976,0.08732524404633651,100000
jaou7_7110c,0.49786347905209605,13.520803800316223,0.08633251268502269,100000
jaou7_7200c,0.49786347905209605,13.182282781728139,0.08552059744641367,100000
jaou7_7335c,0.49786347905209605,12.689598661249894,0.0843036555464404,100000
jaou7_7400c,0.49786347905209605,12.45881397679262,0.08371828853873743,100000
jaou7_7450c,0.49786347905209605,12.283978600758827,0.08326852549437276,100000
jaou7_7500c,0.49786347905209605,12.111507793494948,0.08281920291124505,100000
jaou7_7542c,0.49786347905209605,11.96842864700558,0.08244217015693782,100000
jaou7_7550c,0.49786347905209605,11.94135582896636,0.08237040491335054,100000
jaou7_7600c,0.49786347905209605,11.773480049695687,0.08192221302021413,100000
jaou7_7610c,0.49786347905209605,11.740167491241575,0.08183266408551547,100000
jaou7_7705c,0.49786347905209605,11.428278472429778,0.0809831617905487,100000
jaou7_7710c,0.49786347905209605,11.41209189281213,0.08093851438775666,100000
jaou7_7725c,0.49786347905209605,11.363662770230318,0.08080461999191339,100000
jaou7_5800p,0.49786347905209605,7.0249762566289,0.032817789658990675,100000
jaou7_5900p,0.49786347905209605,7.452749955139251,0.03396427347248989,100000
jaou7_6000p,0.49786347905209605,7.893970205292683,0.03510941253719688,100000
jaou7_6200p,0.49786347905209605,8.813070599690043,0.037398615787628195,100000
jaou7_6420p,0.49786347905209605,9.88139295361451,0.03990273566297609,100000
jaou7_6500p,0.49786347905209605,10.284007844013443,0.040809050294884845,100000
jaou7_6750p,0.49786347905209605,11.589933713907604,0.043619172716425,100000
jaou7_6800p,0.49786347905209605,11.859902196346455,0.04417581505035056,100000
jaou7_6900p,0.49786347905209605,12.408454479223384,0.045283017217309963,100000
jaou7_7000p,0.49786347905209605,12.968025180673354,0.04638241382600874,100000
jaou7_7400p,0.49786347905209605,15.30837530047364,0.05070209638247927,100000
jaou7_7450p,0.49786347905209605,15.611920372027805,0.05123242091431001,100000
jaou7_7500p,0.49786347905209605,15.917830012351887,0.05176040173471403,100000
