valuation_date_panel,contract_id,trade_date,expiry_month,option_type,strike,market_price,open_interest,volume,n_realized_fixings,n_remaining_fixings,fraction_fixed,expected_average,log_moneyness,full_bayes_price,postmean_plugin_price,sigma_mode_plugin_price,mle_plugin_price,posterior_price_q025,posterior_price_median,posterior_price_q975,fb_minus_pm,fb_error,pm_error,sigma_mode_error,mle_error,fb_abs_error,pm_abs_error,sigma_mode_abs_error,mle_abs_error,positive_volume,abs_fb_minus_pm,run_sigma_mle,run_sigma_posterior_mean,run_sigma_posterior_sd,run_sigma_q025,run_sigma_q50,run_sigma_q975,run_mu_rhat,run_sigma_rhat,time_to_payoff_years,discount_factor,n_usable_returns
2026-08-25,jaou6_9100c,2026-08-25,2026-09,call,91.0,0.65,19.0,0.0,0,22,0.0,81.95636363636366,0.1046725516711264,0.4282328410536531,0.4274314851464028,0.4301672477366663,0.4267319795629534,0.3508369121618309,0.4263878621040728,0.5151636749667518,0.0008013559072503,-0.2217671589463468,-0.2225685148535972,-0.2198327522633336,-0.2232680204370466,0.2217671589463468,0.2225685148535972,0.2198327522633336,0.2232680204370466,False,0.0008013559072503,0.4174381823684893,0.4176371812862999,0.0118842720664694,0.3949562380635911,0.4173402860778274,0.441694395567889,1.001258350446678,1.0001265916360405,0.09856262833675565,0.9962750338436007,621
2026-08-25,jaou6_9150c,2026-08-25,2026-09,call,91.5,0.59,15.0,0.0,0,22,0.0,81.95636363636366,0.110152017435752,0.3778289803911723,0.3769957162095011,0.3795419066041394,0.3763446822331197,0.305910695694619,0.3760244100824779,0.4590762863786051,0.0008332641816711,-0.2121710196088276,-0.2130042837904988,-0.2104580933958605,-0.2136553177668803,0.2121710196088276,0.2130042837904988,0.2104580933958605,0.2136553177668803,False,0.0008332641816711,0.4174381823684893,0.4176371812862999,0.0118842720664694,0.3949562380635911,0.4173402860778274,0.441694395567889,1.001258350446678,1.0001265916360405,0.09856262833675565,0.9962750338436007,621
2026-08-25,jaou6_9196c,2026-08-25,2026-09,call,91.96,0.55,5.0,0.0,0,22,0.0,81.95636363636366,0.1151667450492569,0.3359411151888166,0.3350963174994437,0.3374809861999226,0.3344865829133365,0.2689410790318299,0.334186627743103,0.4120669691773883,0.0008447976893728,-0.2140588848111834,-0.2149036825005563,-0.2125190138000774,-0.2155134170866635,0.2140588848111834,0.2149036825005563,0.2125190138000774,0.2155134170866635,False,0.0008447976893728,0.4174381823684893,0.4176371812862999,0.0118842720664694,0.3949562380635911,0.4173402860778274,0.441694395567889,1.001258350446678,1.0001265916360405,0.09856262833675565,0.9962750338436007,621
2026-08-25,jaou6_9200c,2026-08-25,2026-09,call,92.0,0.54,1.0,0.0,0,22,0.0,81.95636363636366,0.1156016222033167,0.3324897757960449,0.331637968936447,0.3340078768528434,0.3310320085268412,0.2659170284175087,0.3307339100394675,0.4081817073130453,0.0008518068595978,-0.2075102242039551,-0.208362031063553,-0.2059921231471566,-0.2089679914731588,0.2075102242039551,0.208362031063553,0.2059921231471566,0.2089679914731588,False,0.0008518068595978,0.4174381823684893,0.4176371812862999,0.0118842720664694,0.3949562380635911,0.4173402860778274,0.441694395567889,1.001258350446678,1.0001265916360405,0.09856262833675565,0.9962750338436007,621
2026-08-25,jaou6_9225c,2026-08-25,2026-09,call,92.25,0.52,12.0,0.0,0,22,0.0,81.95636363636366,0.1183153280749129,0.3115917943024659,0.3107095517222107,0.3129856374718789,0.3101275806491473,0.2477028634805782,0.309841283567976,0.3845943679935622,0.0008822425802551,-0.2084082056975341,-0.2092904482777892,-0.2070143625281211,-0.2098724193508527,0.2084082056975341,0.2092904482777892,0.2070143625281211,0.2098724193508527,False,0.0008822425802551,0.4174381823684893,0.4176371812862999,0.0118842720664694,0.3949562380635911,0.4173402860778274,0.441694395567889,1.001258350446678,1.0001265916360405,0.09856262833675565,0.9962750338436007,621
2026-08-25,jaou6_9250c,2026-08-25,2026-09,call,92.5,0.5,50.0,0.0,0,22,0.0,81.95636363636366,0.1210216896726558,0.2918336047810354,0.2909350356612022,0.2931263362114442,0.2903747432676424,0.2306397319190646,0.2900991108791901,0.3621386176294408,0.0008985691198332,-0.2081663952189645,-0.2090649643387978,-0.2068736637885558,-0.2096252567323576,0.2081663952189645,0.2090649643387978,0.2068736637885558,0.2096252567323576,False,0.0008985691198332,0.4174381823684893,0.4176371812862999,0.0118842720664694,0.3949562380635911,0.4173402860778274,0.441694395567889,1.001258350446678,1.0001265916360405,0.09856262833675565,0.9962750338436007,621
2026-08-25,jaou6_9435c,2026-08-25,2026-09,call,94.35,0.37,10.0,0.0,0,22,0.0,81.95636363636366,0.1408243169688355,0.1768576230460538,0.1760177783540854,0.1775964992666442,0.175614116100287,0.1332258013423242,0.1754155369433657,0.2283210897127052,0.0008398446919683,-0.1931423769539461,-0.1939822216459145,-0.1924035007333557,-0.194385883899713,0.1931423769539461,0.1939822216459145,0.1924035007333557,0.194385883899713,False,0.0008398446919683,0.4174381823684893,0.4176371812862999,0.0118842720664694,0.3949562380635911,0.4173402860778274,0.441694395567889,1.001258350446678,1.0001265916360405,0.09856262833675565,0.9962750338436007,621
2026-08-25,jaou6_9500c,2026-08-25,2026-09,call,95.0,0.33,50.0,0.0,0,22,0.0,81.95636363636366,0.1476899367548172,0.1473110735850443,0.1464184587567687,0.1478091312510086,0.1460628784962839,0.1091834622855688,0.1458879529795171,0.1930335785746041,0.0008926148282756,-0.1826889264149557,-0.1835815412432313,-0.1821908687489913,-0.1839371215037161,0.1826889264149557,0.1835815412432313,0.1821908687489913,0.1839371215037161,False,0.0008926148282756,0.4174381823684893,0.4176371812862999,0.0118842720664694,0.3949562380635911,0.4173402860778274,0.441694395567889,1.001258350446678,1.0001265916360405,0.09856262833675565,0.9962750338436007,621
2026-08-25,jaou6_9800c,2026-08-25,2026-09,call,98.0,0.2,22.0,0.0,0,22,0.0,81.95636363636366,0.1787805238248483,0.0610843654330713,0.0604283221429253,0.0611587439867089,0.0602415609963922,0.0415328609653616,0.0601496850018567,0.0857187013250477,0.0006560432901459,-0.1389156345669286,-0.1395716778570746,-0.1388412560132911,-0.1397584390036077,0.1389156345669286,0.1395716778570746,0.1388412560132911,0.1397584390036077,False,0.0006560432901459,0.4174381823684893,0.4176371812862999,0.0118842720664694,0.3949562380635911,0.4173402860778274,0.441694395567889,1.001258350446678,1.0001265916360405,0.09856262833675565,0.9962750338436007,621
2026-08-25,jaou6_10000c,2026-08-25,2026-09,call,100.0,0.15,1716.0,0.0,0,22,0.0,81.95636363636366,0.1989832311423677,0.0328279648950363,0.0323519912843669,0.0328106976089553,0.0322347049246677,0.0207089636549723,0.0321770066231588,0.0485260588071703,0.0004759736106694,-0.1171720351049636,-0.117648008715633,-0.1171893023910446,-0.1177652950753322,0.1171720351049636,0.117648008715633,0.1171893023910446,0.1177652950753322,False,0.0004759736106694,0.4174381823684893,0.4176371812862999,0.0118842720664694,0.3949562380635911,0.4173402860778274,0.441694395567889,1.001258350446678,1.0001265916360405,0.09856262833675565,0.9962750338436007,621
2026-08-25,jaou6_10205c,2026-08-25,2026-09,call,102.05,0.11,5.0,0.0,0,22,0.0,81.95636363636366,0.2192759344101301,0.0165865087661759,0.0162170705160797,0.0164885353344326,0.0161476598308018,0.0096145549092341,0.0161135136721404,0.0262039431293273,0.0003694382500961,-0.093413491233824,-0.0937829294839202,-0.0935114646655673,-0.0938523401691981,0.093413491233824,0.0937829294839202,0.0935114646655673,0.0938523401691981,False,0.0003694382500961,0.4174381823684893,0.4176371812862999,0.0118842720664694,0.3949562380635911,0.4173402860778274,0.441694395567889,1.001258350446678,1.0001265916360405,0.09856262833675565,0.9962750338436007,621
2026-08-25,jaou6_10240c,2026-08-25,2026-09,call,102.4,0.1,4.0,0.0,0,22,0.0,81.95636363636366,0.2226997577596839,0.0146987827252371,0.0143458614560839,0.0145924366148635,0.0142828147937309,0.0083973164892733,0.0142517993769092,0.0234530702535694,0.0003529212691532,-0.0853012172747628,-0.085654138543916,-0.0854075633851364,-0.085717185206269,0.0853012172747628,0.085654138543916,0.0854075633851364,0.085717185206269,False,0.0003529212691532,0.4174381823684893,0.4176371812862999,0.0118842720664694,0.3949562380635911,0.4173402860778274,0.441694395567889,1.001258350446678,1.0001265916360405,0.09856262833675565,0.9962750338436007,621
2026-08-25,jaou6_10300c,2026-08-25,2026-09,call,103.0,0.09,2.0,0.0,0,22,0.0,81.95636363636366,0.2285420333839121,0.0119197394940979,0.0116116304130598,0.0118198878750582,0.0115583811808416,0.0066137295911487,0.0115321855493672,0.019377652117689,0.0003081090810381,-0.078080260505902,-0.0783883695869401,-0.0781801121249417,-0.0784416188191583,0.078080260505902,0.0783883695869401,0.0781801121249417,0.0784416188191583,False,0.0003081090810381,0.4174381823684893,0.4176371812862999,0.0118842720664694,0.3949562380635911,0.4173402860778274,0.441694395567889,1.001258350446678,1.0001265916360405,0.09856262833675565,0.9962750338436007,621
2026-08-25,jaou6_10500c,2026-08-25,2026-09,call,105.0,0.07,73.0,0.0,0,22,0.0,81.95636363636366,0.2477733953117996,0.0057359503882885,0.0055290035478153,0.0056447901938628,0.0054993981260263,0.0028318572529567,0.0054848339213135,0.0100405223210837,0.0002069468404732,-0.0642640496117114,-0.0644709964521847,-0.0643552098061371,-0.0645006018739736,0.0642640496117114,0.0644709964521847,0.0643552098061371,0.0645006018739736,False,0.0002069468404732,0.4174381823684893,0.4176371812862999,0.0118842720664694,0.3949562380635911,0.4173402860778274,0.441694395567889,1.001258350446678,1.0001265916360405,0.09856262833675565,0.9962750338436007,621
2026-08-25,jaou6_10520c,2026-08-25,2026-09,call,105.2,0.07,14.0,0.0,0,22,0.0,81.95636363636366,0.2496763454578859,0.0053129292638229,0.0051184217526131,0.0052277078755841,0.0050904784458788,0.0025894018421402,0.0050767319084192,0.0093873943202126,0.0001945075112097,-0.064687070736177,-0.0648815782473868,-0.0647722921244158,-0.0649095215541211,0.064687070736177,0.0648815782473868,0.0647722921244158,0.0649095215541211,False,0.0001945075112097,0.4174381823684893,0.4176371812862999,0.0118842720664694,0.3949562380635911,0.4173402860778274,0.441694395567889,1.001258350446678,1.0001265916360405,0.09856262833675565,0.9962750338436007,621
2026-08-25,jaou6_10825c,2026-08-25,2026-09,call,108.25,0.04,3.0,0.0,0,22,0.0,81.95636363636366,0.2782564120368756,0.0015107073955549,0.0014069688742348,0.0014459919152419,0.0013969910950353,0.0005924823459053,0.0013920825880776,0.0030933684070817,0.00010373852132,-0.038489292604445,-0.0385930311257651,-0.038554008084758,-0.0386030089049646,0.038489292604445,0.0385930311257651,0.038554008084758,0.0386030089049646,False,0.00010373852132,0.4174381823684893,0.4176371812862999,0.0118842720664694,0.3949562380635911,0.4173402860778274,0.441694395567889,1.001258350446678,1.0001265916360405,0.09856262833675565,0.9962750338436007,621
2026-08-25,jaou6_11000c,2026-08-25,2026-09,call,110.0,0.04,50.0,0.0,0,22,0.0,81.95636363636366,0.2942934109466926,0.0006935688009793,0.000633610122382,0.0006534576471781,0.0006285353200355,0.000256042632625,0.0006260388023105,0.0015084391385841,5.995867859731694e-05,-0.0393064311990206,-0.0393663898776179,-0.0393465423528218,-0.0393714646799644,0.0393064311990206,0.0393663898776179,0.0393465423528218,0.0393714646799644,False,5.995867859731694e-05,0.4174381823684893,0.4176371812862999,0.0118842720664694,0.3949562380635911,0.4173402860778274,0.441694395567889,1.001258350446678,1.0001265916360405,0.09856262833675565,0.9962750338436007,621
2026-08-25,jaou6_11500c,2026-08-25,2026-09,call,115.0,0.02,20.0,0.0,0,22,0.0,81.95636363636366,0.3387451735175264,9.372614604837984e-05,8.485187662773736e-05,8.719558433874094e-05,8.425261533377305e-05,4.339605840197984e-05,8.395781243503481e-05,0.0001960218713499,8.874269420642477e-06,-0.0199062738539516,-0.0199151481233722,-0.0199128044156612,-0.0199157473846662,0.0199062738539516,0.0199151481233722,0.0199128044156612,0.0199157473846662,False,8.874269420642477e-06,0.4174381823684893,0.4176371812862999,0.0118842720664694,0.3949562380635911,0.4173402860778274,0.441694395567889,1.001258350446678,1.0001265916360405,0.09856262833675565,0.9962750338436007,621
2026-08-25,jaou6_7200p,2026-08-25,2026-09,put,72.0,0.26,1350.0,0.0,0,22,0.0,81.95636363636366,-0.1295208358296683,0.1992041266991748,0.1984148418738901,0.2000481760989985,0.197997215573213,0.1539268880860692,0.1977917668895271,0.2519580571897959,0.0007892848252847,-0.0607958733008252,-0.0615851581261099,-0.0599518239010014,-0.0620027844267869,0.0607958733008252,0.0615851581261099,0.0599518239010014,0.0620027844267869,False,0.0007892848252847,0.4174381823684893,0.4176371812862999,0.0118842720664694,0.3949562380635911,0.4173402860778274,0.441694395567889,1.001258350446678,1.0001265916360405,0.09856262833675565,0.9962750338436007,621
2026-08-25,jaou6_7400p,2026-08-25,2026-09,put,74.0,0.47,205.0,0.0,0,22,0.0,81.95636363636366,-0.1021218616415538,0.3985276591014652,0.3977840064864584,0.4002860659058326,0.3971442563340864,0.3277574655458555,0.3968295351910942,0.4780664796201489,0.0007436526150068,-0.0714723408985347,-0.0722159935135415,-0.0697139340941673,-0.0728557436659135,0.0714723408985347,0.0722159935135415,0.0697139340941673,0.0728557436659135,False,0.0007436526150068,0.4174381823684893,0.4176371812862999,0.0118842720664694,0.3949562380635911,0.4173402860778274,0.441694395567889,1.001258350446678,1.0001265916360405,0.09856262833675565,0.9962750338436007,621
2026-08-25,jaou6_7450p,2026-08-25,2026-09,put,74.5,0.55,445.0,0.0,0,22,0.0,81.95636363636366,-0.0953878294602097,0.4669169605371783,0.46621614060825,0.4689597595517726,0.4655146262382962,0.388995755142728,0.4651695205692803,0.5538128538594799,0.0007008199289282,-0.0830830394628217,-0.08378385939175,-0.0810402404482273,-0.0844853737617037,0.0830830394628217,0.08378385939175,0.0810402404482273,0.0844853737617037,False,0.0007008199289282,0.4174381823684893,0.4176371812862999,0.0118842720664694,0.3949562380635911,0.4173402860778274,0.441694395567889,1.001258350446678,1.0001265916360405,0.09856262833675565,0.9962750338436007,621
2026-08-25,jaou6_7500p,2026-08-25,2026-09,put,75.0,0.63,311.0,50.0,0,22,0.0,81.95636363636366,-0.0886988413094132,0.5441439040547302,0.543487539512514,0.5464749423140821,0.5427236921863073,0.4589769675215203,0.5423479222037851,0.6384319605773584,0.0006563645422161,-0.0858560959452697,-0.0865124604874859,-0.0835250576859178,-0.0872763078136926,0.0858560959452697,0.0865124604874859,0.0835250576859178,0.0872763078136926,True,0.0006563645422161,0.4174381823684893,0.4176371812862999,0.0118842720664694,0.3949562380635911,0.4173402860778274,0.441694395567889,1.001258350446678,1.0001265916360405,0.09856262833675565,0.9962750338436007,621
2026-08-25,jaou6_7600p,2026-08-25,2026-09,put,76.0,0.82,4.0,0.0,0,22,0.0,81.95636363636366,-0.0754536145593925,0.7275603954041335,0.7269874701495772,0.7304618863634655,0.7260990986404807,0.6279409043979729,0.7256620697539569,0.8366838708262242,0.0005729252545563,-0.0924396045958664,-0.0930125298504227,-0.0895381136365344,-0.0939009013595192,0.0924396045958664,0.0930125298504227,0.0895381136365344,0.0939009013595192,False,0.0005729252545563,0.4174381823684893,0.4176371812862999,0.0118842720664694,0.3949562380635911,0.4173402860778274,0.441694395567889,1.001258350446678,1.0001265916360405,0.09856262833675565,0.9962750338436007,621
2026-08-25,jaou6_7750p,2026-08-25,2026-09,put,77.5,1.19,14.0,0.0,0,22,0.0,81.95636363636366,-0.0559090184864222,1.0852258481093773,1.0848602442922468,1.0890323365080516,1.0837934844023325,0.9647664656966564,1.0832686984517432,1.2151868997090938,0.0003656038171304,-0.1047741518906226,-0.1051397557077531,-0.1009676634919483,-0.1062065155976674,0.1047741518906226,0.1051397557077531,0.1009676634919483,0.1062065155976674,False,0.0003656038171304,0.4174381823684893,0.4176371812862999,0.0118842720664694,0.3949562380635911,0.4173402860778274,0.441694395567889,1.001258350446678,1.0001265916360405,0.09856262833675565,0.9962750338436007,621
2026-08-25,jaou6_7800p,2026-08-25,2026-09,put,78.0,1.33,26.0,0.0,0,22,0.0,81.95636363636366,-0.0494781281561319,1.2285722436145237,1.2282577519077316,1.2326364025367194,1.227138177214426,1.101905608423014,1.226587409346945,1.364783937301896,0.000314491706792,-0.1014277563854764,-0.1017422480922685,-0.0973635974632807,-0.1028618227855739,0.1014277563854764,0.1017422480922685,0.0973635974632807,0.1028618227855739,False,0.000314491706792,0.4174381823684893,0.4176371812862999,0.0118842720664694,0.3949562380635911,0.4173402860778274,0.441694395567889,1.001258350446678,1.0001265916360405,0.09856262833675565,0.9962750338436007,621
2026-08-25,jaou6_8000p,2026-08-25,2026-09,put,80.0,2.06,584.0,0.0,0,22,0.0,81.95636363636366,-0.024160320171842,1.9331417454173712,1.9330602606082183,1.938079112089247,1.9317769933225348,1.7871342793567693,1.9311456978935029,2.088491807693793,8.148480915259881e-05,-0.1268582545826289,-0.1269397393917815,-0.1219208879107529,-0.1282230066774652,0.1268582545826289,0.1269397393917815,0.1219208879107529,0.1282230066774652,False,8.148480915259881e-05,0.4174381823684893,0.4176371812862999,0.0118842720664694,0.3949562380635911,0.4173402860778274,0.441694395567889,1.001258350446678,1.0001265916360405,0.09856262833675565,0.9962750338436007,621
2026-08-25,jaou6_8200p,2026-08-25,2026-09,put,82.0,3.02,7.0,0.0,0,22,0.0,81.95636363636366,0.0005322924185295,2.859687931257625,2.859689203783363,2.8649773924425355,2.858337069827518,2.705574582631728,2.857671895864708,3.023145514267716,-1.2725257381163146e-06,-0.1603120687423751,-0.160310796216637,-0.1550226075574645,-0.1616629301724819,0.1603120687423751,0.160310796216637,0.1550226075574645,0.1616629301724819,False,1.2725257381163146e-06,0.4174381823684893,0.4176371812862999,0.0118842720664694,0.3949562380635911,0.4173402860778274,0.441694395567889,1.001258350446678,1.0001265916360405,0.09856262833675565,0.9962750338436007,621
2026-08-25,jaou6_8250p,2026-08-25,2026-09,put,82.5,3.3,9.0,0.0,0,22,0.0,81.95636363636366,0.0066113384949117,3.126450516383398,3.12644486851299,3.1317355623027963,3.125092094021717,2.9722849045308863,3.124426604951451,3.2900041366607367,5.647870407354816e-06,-0.1735494836166018,-0.1735551314870091,-0.1682644376972035,-0.1749079059782827,0.1735494836166018,0.1735551314870091,0.1682644376972035,0.1749079059782827,False,5.647870407354816e-06,0.4174381823684893,0.4176371812862999,0.0118842720664694,0.3949562380635911,0.4173402860778274,0.441694395567889,1.001258350446678,1.0001265916360405,0.09856262833675565,0.9962750338436007,621
2026-08-27,jaou6_9100c,2026-08-27,2026-09,call,91.0,0.66,19.0,0.0,0,22,0.0,83.10454545454546,0.0907601075407066,0.4806560810861646,0.4799200826220906,0.4676603070301501,0.4790108993932482,0.4013162459712731,0.4787580363942867,0.5710407527612116,0.0007359984640739,-0.1793439189138354,-0.1800799173779094,-0.1923396929698498,-0.1809891006067517,0.1793439189138354,0.1800799173779094,0.1923396929698498,0.1809891006067517,False,0.0007359984640739,0.4168783417386449,0.4171268340553403,0.0118295334115198,0.3948833460392066,0.4168092307933204,0.4412348513325477,1.0011458507867506,1.000433490657333,0.09308692676249145,0.996464012544027,623
2026-08-27,jaou6_9150c,2026-08-27,2026-09,call,91.5,0.6,15.0,0.0,0,22,0.0,83.10454545454546,0.0962395733053322,0.4223867789127619,0.4216248430253325,0.4102275106639361,0.4207791623782574,0.3487249088380396,0.420543960784344,0.5067415165189203,0.0007619358874293,-0.1776132210872381,-0.1783751569746675,-0.1897724893360638,-0.1792208376217425,0.1776132210872381,0.1783751569746675,0.1897724893360638,0.1792208376217425,False,0.0007619358874293,0.4168783417386449,0.4171268340553403,0.0118295334115198,0.3948833460392066,0.4168092307933204,0.4412348513325477,1.0011458507867506,1.000433490657333,0.09308692676249145,0.996464012544027,623
2026-08-27,jaou6_9196c,2026-08-27,2026-09,call,91.96,0.55,5.0,0.0,0,22,0.0,83.10454545454546,0.1012543009188372,0.3741564152534955,0.3734010732600672,0.362745519630513,0.372610345420239,0.30541988850329,0.3723904273590623,0.4531664341634116,0.0007553419934283,-0.1758435847465045,-0.1765989267399328,-0.187254480369487,-0.177389654579761,0.1758435847465045,0.1765989267399328,0.187254480369487,0.177389654579761,False,0.0007553419934283,0.4168783417386449,0.4171268340553403,0.0118295334115198,0.3948833460392066,0.4168092307933204,0.4412348513325477,1.0011458507867506,1.000433490657333,0.09308692676249145,0.996464012544027,623
2026-08-27,jaou6_9200c,2026-08-27,2026-09,call,92.0,0.55,1.0,0.0,0,22,0.0,83.10454545454546,0.1016891780728969,0.3701864285954212,0.3694300533222007,0.3588359434406603,0.3686439443651806,0.3018727950879337,0.3684253109125644,0.4487471509249398,0.0007563752732205,-0.1798135714045788,-0.1805699466777993,-0.1911640565593397,-0.1813560556348193,0.1798135714045788,0.1805699466777993,0.1911640565593397,0.1813560556348193,False,0.0007563752732205,0.4168783417386449,0.4171268340553403,0.0118295334115198,0.3948833460392066,0.4168092307933204,0.4412348513325477,1.0011458507867506,1.000433490657333,0.09308692676249145,0.996464012544027,623
2026-08-27,jaou6_9225c,2026-08-27,2026-09,call,92.25,0.52,12.0,0.0,0,22,0.0,83.10454545454546,0.1044028839444932,0.3461468124511876,0.3453712393275937,0.3351703141284048,0.3446140772428682,0.280477393237738,0.3444034945249188,0.4219529356184024,0.0007755731235939,-0.1738531875488123,-0.1746287606724063,-0.1848296858715951,-0.1753859227571317,0.1738531875488123,0.1746287606724063,0.1848296858715951,0.1753859227571317,False,0.0007755731235939,0.4168783417386449,0.4171268340553403,0.0118295334115198,0.3948833460392066,0.4168092307933204,0.4412348513325477,1.0011458507867506,1.000433490657333,0.09308692676249145,0.996464012544027,623
2026-08-27,jaou6_9250c,2026-08-27,2026-09,call,92.5,0.5,50.0,0.0,0,22,0.0,83.10454545454546,0.1071092455422361,0.3234102229867449,0.322611141831062,0.3128030538309702,0.3218827225806353,0.2604124239174237,0.3216801338500901,0.3964727404656244,0.0007990811556828,-0.1765897770132551,-0.1773888581689379,-0.1871969461690297,-0.1781172774193646,0.1765897770132551,0.1773888581689379,0.1871969461690297,0.1781172774193646,False,0.0007990811556828,0.4168783417386449,0.4171268340553403,0.0118295334115198,0.3948833460392066,0.4168092307933204,0.4412348513325477,1.0011458507867506,1.000433490657333,0.09308692676249145,0.996464012544027,623
2026-08-27,jaou6_9435c,2026-08-27,2026-09,call,94.35,0.36,10.0,0.0,0,22,0.0,83.10454545454546,0.1269118728384158,0.1915057881466177,0.1906580458336858,0.1836245413166531,0.1901335174843928,0.1468774761757185,0.1899876351064133,0.2449256249342626,0.0008477423129318,-0.1684942118533822,-0.1693419541663141,-0.1763754586833468,-0.1698664825156071,0.1684942118533822,0.1693419541663141,0.1763754586833468,0.1698664825156071,False,0.0008477423129318,0.4168783417386449,0.4171268340553403,0.0118295334115198,0.3948833460392066,0.4168092307933204,0.4412348513325477,1.0011458507867506,1.000433490657333,0.09308692676249145,0.996464012544027,623
2026-08-27,jaou6_9500c,2026-08-27,2026-09,call,95.0,0.32,50.0,0.0,0,22,0.0,83.10454545454546,0.1337774926243974,0.1580657385362989,0.1572217022799184,0.1510783543068074,0.1567631000971339,0.119158550610142,0.1566355531741481,0.2052219548434282,0.0008440362563804,-0.161934261463701,-0.1627782977200815,-0.1689216456931925,-0.163236899902866,0.161934261463701,0.1627782977200815,0.1689216456931925,0.163236899902866,False,0.0008440362563804,0.4168783417386449,0.4171268340553403,0.0118295334115198,0.3948833460392066,0.4168092307933204,0.4412348513325477,1.0011458507867506,1.000433490657333,0.09308692676249145,0.996464012544027,623
2026-08-27,jaou6_9800c,2026-08-27,2026-09,call,98.0,0.18,22.0,0.0,0,22,0.0,83.10454545454546,0.1648680796944284,0.062248432284407,0.061607190106934,0.0584887368899029,0.0613730641217454,0.0429020189813221,0.0613079487556987,0.0870261941922515,0.0006412421774729,-0.1177515677155929,-0.1183928098930659,-0.121511263110097,-0.1186269358782545,0.1177515677155929,0.1183928098930659,0.121511263110097,0.1186269358782545,False,0.0006412421774729,0.4168783417386449,0.4171268340553403,0.0118295334115198,0.3948833460392066,0.4168092307933204,0.4412348513325477,1.0011458507867506,1.000433490657333,0.09308692676249145,0.996464012544027,623
2026-08-27,jaou6_10000c,2026-08-27,2026-09,call,100.0,0.13,1716.0,0.0,0,22,0.0,83.10454545454546,0.1850707870119479,0.0320209837666617,0.0315446734730034,0.0296611466631215,0.031402687826171,0.0204283279888551,0.0313631986282529,0.0474350369646588,0.0004763102936583,-0.0979790162333382,-0.0984553265269965,-0.1003388533368784,-0.098597312173829,0.0979790162333382,0.0984553265269965,0.1003388533368784,0.098597312173829,False,0.0004763102936583,0.4168783417386449,0.4171268340553403,0.0118295334115198,0.3948833460392066,0.4168092307933204,0.4412348513325477,1.0011458507867506,1.000433490657333,0.09308692676249145,0.996464012544027,623
2026-08-27,jaou6_10205c,2026-08-27,2026-09,call,102.05,0.09,5.0,0.0,0,22,0.0,83.10454545454546,0.2053634902797104,0.0154081689902954,0.0150615851873993,0.0139953630905979,0.0149807533290515,0.0090017999572396,0.0149582722873153,0.0244382915330751,0.0003465838028961,-0.0745918310097045,-0.0749384148126006,-0.076004636909402,-0.0750192466709484,0.0745918310097045,0.0749384148126006,0.076004636909402,0.0750192466709484,False,0.0003465838028961,0.4168783417386449,0.4171268340553403,0.0118295334115198,0.3948833460392066,0.4168092307933204,0.4412348513325477,1.0011458507867506,1.000433490657333,0.09308692676249145,0.996464012544027,623
2026-08-27,jaou6_10240c,2026-08-27,2026-09,call,102.4,0.08,4.0,0.0,0,22,0.0,83.10454545454546,0.2087873136292641,0.013535279356371,0.0132117542047363,0.0122544379252417,0.0131388684244534,0.0077564692121569,0.0131185973543331,0.021693184534866,0.0003235251516347,-0.0664647206436289,-0.0667882457952636,-0.0677455620747582,-0.0668611315755465,0.0664647206436289,0.0667882457952636,0.0677455620747582,0.0668611315755465,False,0.0003235251516347,0.4168783417386449,0.4171268340553403,0.0118295334115198,0.3948833460392066,0.4168092307933204,0.4412348513325477,1.0011458507867506,1.000433490657333,0.09308692676249145,0.996464012544027,623
2026-08-27,jaou6_10300c,2026-08-27,2026-09,call,103.0,0.08,2.0,0.0,0,22,0.0,83.10454545454546,0.2146295892534923,0.0107997200398235,0.0105315349433996,0.0097317243645323,0.0104709865324212,0.0059721110346551,0.0104541467444701,0.0176670047313025,0.0002681850964238,-0.0692002799601764,-0.0694684650566003,-0.0702682756354676,-0.0695290134675788,0.0692002799601764,0.0694684650566003,0.0702682756354676,0.0695290134675788,False,0.0002681850964238,0.4168783417386449,0.4171268340553403,0.0118295334115198,0.3948833460392066,0.4168092307933204,0.4412348513325477,1.0011458507867506,1.000433490657333,0.09308692676249145,0.996464012544027,623
2026-08-27,jaou6_10500c,2026-08-27,2026-09,call,105.0,0.05,73.0,0.0,0,22,0.0,83.10454545454546,0.23386095118138,0.0048955030270447,0.0047085793783632,0.0042967750932464,0.0046769799717784,0.002449564573067,0.0046681915114758,0.0086667971389409,0.0001869236486815,-0.0451044969729552,-0.0452914206216367,-0.0457032249067535,-0.0453230200282216,0.0451044969729552,0.0452914206216367,0.0457032249067535,0.0453230200282216,False,0.0001869236486815,0.4168783417386449,0.4171268340553403,0.0118295334115198,0.3948833460392066,0.4168092307933204,0.4412348513325477,1.0011458507867506,1.000433490657333,0.09308692676249145,0.996464012544027,623
2026-08-27,jaou6_10520c,2026-08-27,2026-09,call,105.2,0.05,14.0,0.0,0,22,0.0,83.10454545454546,0.235763901327466,0.004512878389421,0.004340110325583,0.0039541711949361,0.0043107554906778,0.0022341485674368,0.0043025912930192,0.0080311521109519,0.000172768063838,-0.0454871216105789,-0.0456598896744169,-0.0460458288050638,-0.0456892445093221,0.0454871216105789,0.0456598896744169,0.0460458288050638,0.0456892445093221,False,0.000172768063838,0.4168783417386449,0.4171268340553403,0.0118295334115198,0.3948833460392066,0.4168092307933204,0.4412348513325477,1.0011458507867506,1.000433490657333,0.09308692676249145,0.996464012544027,623
2026-08-27,jaou6_10825c,2026-08-27,2026-09,call,108.25,0.03,3.0,0.0,0,22,0.0,83.10454545454546,0.2643439679064558,0.0011834085230804,0.0011060420870961,0.0009672172171132,0.0010953662884352,0.0004383200559469,0.0010923971240467,0.0024693285986134,7.736643598426989e-05,-0.0288165914769195,-0.0288939579129038,-0.0290327827828867,-0.0289046337115647,0.0288165914769195,0.0288939579129038,0.0290327827828867,0.0289046337115647,False,7.736643598426989e-05,0.4168783417386449,0.4171268340553403,0.0118295334115198,0.3948833460392066,0.4168092307933204,0.4412348513325477,1.0011458507867506,1.000433490657333,0.09308692676249145,0.996464012544027,623
2026-08-27,jaou6_11000c,2026-08-27,2026-09,call,110.0,0.03,50.0,0.0,0,22,0.0,83.10454545454546,0.2803809668162729,0.0004910284043949,0.0004402543583095,0.0003830192477648,0.000435596990949,0.0001690873985484,0.0004343016790243,0.0011418933462143,5.077404608539289e-05,-0.029508971595605,-0.0295597456416904,-0.0296169807522351,-0.0295644030090509,0.029508971595605,0.0295597456416904,0.0296169807522351,0.0295644030090509,False,5.077404608539289e-05,0.4168783417386449,0.4171268340553403,0.0118295334115198,0.3948833460392066,0.4168092307933204,0.4412348513325477,1.0011458507867506,1.000433490657333,0.09308692676249145,0.996464012544027,623
2026-08-27,jaou6_7200p,2026-08-27,2026-09,put,72.0,0.15,1350.0,0.0,0,22,0.0,83.10454545454546,-0.1434332799600881,0.0959718475117852,0.0952987172419124,0.0911796425888076,0.0949904197421157,0.070020002189759,0.0949046757161616,0.1280365658439936,0.0006731302698727,-0.0540281524882147,-0.0547012827580875,-0.0588203574111923,-0.0550095802578842,0.0540281524882147,0.0547012827580875,0.0588203574111923,0.0550095802578842,False,0.0006731302698727,0.4168783417386449,0.4171268340553403,0.0118295334115198,0.3948833460392066,0.4168092307933204,0.4412348513325477,1.0011458507867506,1.000433490657333,0.09308692676249145,0.996464012544027,623
2026-08-27,jaou6_7400p,2026-08-27,2026-09,put,74.0,0.28,205.0,0.0,0,22,0.0,83.10454545454546,-0.1160343057719737,0.2181487961265026,0.217412573054391,0.2100951061069427,0.2168680675091399,0.1713617795165667,0.216716629052341,0.2732101074527485,0.0007362230721115,-0.0618512038734974,-0.0625874269456089,-0.0699048938930573,-0.06313193249086,0.0618512038734974,0.0625874269456089,0.0699048938930573,0.06313193249086,False,0.0007362230721115,0.4168783417386449,0.4171268340553403,0.0118295334115198,0.3948833460392066,0.4168092307933204,0.4412348513325477,1.0011458507867506,1.000433490657333,0.09308692676249145,0.996464012544027,623
2026-08-27,jaou6_7450p,2026-08-27,2026-09,put,74.5,0.33,445.0,0.0,0,22,0.0,83.10454545454546,-0.1093002735906295,0.2629567179822517,0.2622774722907163,0.2540550825914043,0.2616670594412716,0.2101392588829854,0.261497290775486,0.324301764788801,0.0006792456915353,-0.0670432820177482,-0.0677225277092836,-0.0759449174085956,-0.0683329405587284,0.0670432820177482,0.0677225277092836,0.0759449174085956,0.0683329405587284,False,0.0006792456915353,0.4168783417386449,0.4171268340553403,0.0118295334115198,0.3948833460392066,0.4168092307933204,0.4412348513325477,1.0011458507867506,1.000433490657333,0.09308692676249145,0.996464012544027,623
2026-08-27,jaou6_7500p,2026-08-27,2026-09,put,75.0,0.38,326.0,15.0,0,22,0.0,83.10454545454546,-0.1026112854398329,0.3144853600673133,0.3137763911231502,0.3046273064294286,0.3130969436467269,0.2555663803029134,0.3129079749976418,0.3825639133753746,0.0007089689441631,-0.0655146399326866,-0.0662236088768498,-0.0753726935705714,-0.0669030563532731,0.0655146399326866,0.0662236088768498,0.0753726935705714,0.0669030563532731,True,0.0007089689441631,0.4168783417386449,0.4171268340553403,0.0118295334115198,0.3948833460392066,0.4168092307933204,0.4412348513325477,1.0011458507867506,1.000433490657333,0.09308692676249145,0.996464012544027,623
2026-08-27,jaou6_7600p,2026-08-27,2026-09,put,76.0,0.51,4.0,0.0,0,22,0.0,83.10454545454546,-0.0893660586898123,0.441056497289476,0.4403747952879325,0.4291858564176555,0.4395451904919974,0.3686535078864333,0.439314459930766,0.523600422322757,0.0006817020015434,-0.068943502710524,-0.0696252047120674,-0.0808141435823444,-0.0704548095080025,0.068943502710524,0.0696252047120674,0.0808141435823444,0.0704548095080025,False,0.0006817020015434,0.4168783417386449,0.4171268340553403,0.0118295334115198,0.3948833460392066,0.4168092307933204,0.4412348513325477,1.0011458507867506,1.000433490657333,0.09308692676249145,0.996464012544027,623
2026-08-27,jaou6_7750p,2026-08-27,2026-09,put,77.5,0.77,14.0,0.0,0,22,0.0,83.10454545454546,-0.069821462616842,0.7023049608650952,0.7017887027046609,0.6873950834096166,0.7007236622244875,0.6084234423017252,0.7004274520423277,0.8071643704512482,0.0005162581604343,-0.0676950391349048,-0.0682112972953391,-0.0826049165903833,-0.0692763377755125,0.0676950391349048,0.0682112972953391,0.0826049165903833,0.0692763377755125,False,0.0005162581604343,0.4168783417386449,0.4171268340553403,0.0118295334115198,0.3948833460392066,0.4168092307933204,0.4412348513325477,1.0011458507867506,1.000433490657333,0.09308692676249145,0.996464012544027,623
2026-08-27,jaou6_7800p,2026-08-27,2026-09,put,78.0,0.88,26.0,0.0,0,22,0.0,83.10454545454546,-0.0633905722865517,0.8112051221703588,0.8107619231807658,0.7953490848615277,0.8096224950286064,0.7104176025431519,0.8093055960686212,0.9231339958723548,0.0004431989895929,-0.0687948778296412,-0.0692380768192342,-0.0846509151384723,-0.0703775049713936,0.0687948778296412,0.0692380768192342,0.0846509151384723,0.0703775049713936,False,0.0004431989895929,0.4168783417386449,0.4171268340553403,0.0118295334115198,0.3948833460392066,0.4168092307933204,0.4412348513325477,1.0011458507867506,1.000433490657333,0.09308692676249145,0.996464012544027,623
2026-08-27,jaou6_8000p,2026-08-27,2026-09,put,80.0,1.45,584.0,0.0,0,22,0.0,83.10454545454546,-0.0380727643022617,1.3723360277285692,1.3721289239793757,1.353084435824497,1.3707231676250804,1.247063263884184,1.3703321971844915,1.509344302349832,0.0002071037491935,-0.0776639722714307,-0.0778710760206242,-0.096915564175503,-0.0792768323749195,0.0776639722714307,0.0778710760206242,0.096915564175503,0.0792768323749195,False,0.0002071037491935,0.4168783417386449,0.4171268340553403,0.0118295334115198,0.3948833460392066,0.4168092307933204,0.4412348513325477,1.0011458507867506,1.000433490657333,0.09308692676249145,0.996464012544027,623
2026-08-27,jaou6_8200p,2026-08-27,2026-09,put,82.0,2.25,7.0,0.0,0,22,0.0,83.10454545454546,-0.0133801517118902,2.156467248051684,2.1564383211704854,2.135162079480017,2.1548690281391067,2.0160641787416664,2.1544325747053263,2.3088016458940728,2.892688119882081e-05,-0.0935327519483157,-0.0935616788295146,-0.1148379205199829,-0.0951309718608932,0.0935327519483157,0.0935616788295146,0.1148379205199829,0.0951309718608932,False,2.892688119882081e-05,0.4168783417386449,0.4171268340553403,0.0118295334115198,0.3948833460392066,0.4168092307933204,0.4412348513325477,1.0011458507867506,1.000433490657333,0.09308692676249145,0.996464012544027,623
2026-08-27,jaou6_8250p,2026-08-27,2026-09,put,82.5,2.49,9.0,0.0,0,22,0.0,83.10454545454546,-0.0073011056355081,2.3894306512602173,2.389423276153198,2.367860866341347,2.3878330104135754,2.2471028971442224,2.3873907240280485,2.543734666679468,7.375107019313987e-06,-0.1005693487397829,-0.1005767238468022,-0.1221391336586532,-0.1021669895864247,0.1005693487397829,0.1005767238468022,0.1221391336586532,0.1021669895864247,False,7.375107019313987e-06,0.4168783417386449,0.4171268340553403,0.0118295334115198,0.3948833460392066,0.4168092307933204,0.4412348513325477,1.0011458507867506,1.000433490657333,0.09308692676249145,0.996464012544027,623
2026-08-28,jaou6_9100c,2026-08-28,2026-09,call,91.0,0.49,19.0,0.0,0,22,0.0,82.97181818181816,0.0923584963550964,0.4098228065889518,0.4090928765530822,0.4117137550044488,0.4083214261345649,0.3387886511889217,0.4082502013794928,0.4910482669121896,0.0007299300358696,-0.0801771934110481,-0.0809071234469178,-0.0782862449955511,-0.081678573865435,0.0801771934110481,0.0809071234469178,0.0782862449955511,0.081678573865435,False,0.0007299300358696,0.4165467939173913,0.4167816635192958,0.0117696501292851,0.3946044591844701,0.416525109400191,0.4407783637447903,1.000853663392824,1.000052355692591,0.09034907597535935,0.9965381229228074,624
2026-08-28,jaou6_9150c,2026-08-28,2026-09,call,91.5,0.44,15.0,0.0,0,22,0.0,82.97181818181816,0.0978379621197221,0.3572092020825652,0.3564903925381691,0.3589163958384679,0.3557763032371701,0.2915453136387395,0.3557103743915277,0.4325576728995625,0.000718809544396,-0.0827907979174348,-0.0835096074618308,-0.0810836041615321,-0.0842236967628298,0.0827907979174348,0.0835096074618308,0.0810836041615321,0.0842236967628298,False,0.000718809544396,0.4165467939173913,0.4167816635192958,0.0117696501292851,0.3946044591844701,0.416525109400191,0.4407783637447903,1.000853663392824,1.000052355692591,0.09034907597535935,0.9965381229228074,624
2026-08-28,jaou6_9196c,2026-08-28,2026-09,call,91.96,0.4,5.0,0.0,0,22,0.0,82.97181818181816,0.102852689733227,0.3138288275333333,0.3130883214265547,0.3153484171810654,0.3124230666854212,0.2529978114209948,0.3123616465281947,0.3841325028696215,0.0007405061067786,-0.0861711724666666,-0.0869116785734452,-0.0846515828189346,-0.0875769333145788,0.0861711724666666,0.0869116785734452,0.0846515828189346,0.0875769333145788,False,0.0007405061067786,0.4165467939173913,0.4167816635192958,0.0117696501292851,0.3946044591844701,0.416525109400191,0.4407783637447903,1.000853663392824,1.000052355692591,0.09034907597535935,0.9965381229228074,624
2026-08-28,jaou6_9200c,2026-08-28,2026-09,call,92.0,0.4,1.0,0.0,0,22,0.0,82.97181818181816,0.1032875668872866,0.3102691872569767,0.3095199878765892,0.3117665986637088,0.3088587024090907,0.2498735003153624,0.3087976487181149,0.3801418989250737,0.0007491993803875,-0.0897308127430233,-0.0904800121234108,-0.0882334013362912,-0.0911412975909093,0.0897308127430233,0.0904800121234108,0.0882334013362912,0.0911412975909093,False,0.0007491993803875,0.4165467939173913,0.4167816635192958,0.0117696501292851,0.3946044591844701,0.416525109400191,0.4407783637447903,1.000853663392824,1.000052355692591,0.09034907597535935,0.9965381229228074,624
2026-08-28,jaou6_9225c,2026-08-28,2026-09,call,92.25,0.38,12.0,0.0,0,22,0.0,82.97181818181816,0.106001272758883,0.2887845738559612,0.2879686315662645,0.2901181563576265,0.2873359231707093,0.2310945971339363,0.2872775078799482,0.3559616621352736,0.0008159422896966,-0.0912154261440388,-0.0920313684337354,-0.0898818436423734,-0.0926640768292906,0.0912154261440388,0.0920313684337354,0.0898818436423734,0.0926640768292906,False,0.0008159422896966,0.4165467939173913,0.4167816635192958,0.0117696501292851,0.3946044591844701,0.416525109400191,0.4407783637447903,1.000853663392824,1.000052355692591,0.09034907597535935,0.9965381229228074,624
2026-08-28,jaou6_9250c,2026-08-28,2026-09,call,92.5,0.36,50.0,0.0,0,22,0.0,82.97181818181816,0.1087076343566259,0.268603781895836,0.2677903404110285,0.2698402717712051,0.2671869471461042,0.2135556668527446,0.2671312383973955,0.3330176810881318,0.0008134414848075,-0.0913962181041639,-0.0922096595889714,-0.0901597282287948,-0.0928130528538958,0.0913962181041639,0.0922096595889714,0.0901597282287948,0.0928130528538958,False,0.0008134414848075,0.4165467939173913,0.4167816635192958,0.0117696501292851,0.3946044591844701,0.416525109400191,0.4407783637447903,1.000853663392824,1.000052355692591,0.09034907597535935,0.9965381229228074,624
2026-08-28,jaou6_9435c,2026-08-28,2026-09,call,94.35,0.24,10.0,0.0,0,22,0.0,82.97181818181816,0.1285102616528055,0.153946645704258,0.1531791846459367,0.15460583899309,0.1527592517441965,0.1161512495257561,0.1527204811150605,0.1994472019954764,0.0007674610583212,-0.0860533542957419,-0.0868208153540632,-0.0853941610069099,-0.0872407482558034,0.0860533542957419,0.0868208153540632,0.0853941610069099,0.0872407482558034,False,0.0007674610583212,0.4165467939173913,0.4167816635192958,0.0117696501292851,0.3946044591844701,0.416525109400191,0.4407783637447903,1.000853663392824,1.000052355692591,0.09034907597535935,0.9965381229228074,624
2026-08-28,jaou6_9500c,2026-08-28,2026-09,call,95.0,0.21,50.0,0.0,0,22,0.0,82.97181818181816,0.1353758814387871,0.1254883527970719,0.1247342701620682,0.1259745720573374,0.1243691897381003,0.0928294281853241,0.1243354834062939,0.1653380379069565,0.0007540826350037,-0.084511647202928,-0.0852657298379317,-0.0840254279426625,-0.0856308102618996,0.084511647202928,0.0852657298379317,0.0840254279426625,0.0856308102618996,False,0.0007540826350037,0.4165467939173913,0.4167816635192958,0.0117696501292851,0.3946044591844701,0.416525109400191,0.4407783637447903,1.000853663392824,1.000052355692591,0.09034907597535935,0.9965381229228074,624
2026-08-28,jaou6_9800c,2026-08-28,2026-09,call,98.0,0.11,22.0,0.0,0,22,0.0,82.97181818181816,0.1664664685088182,0.046383300977819,0.0458373590043132,0.0464331991636394,0.0456619746250636,0.031022186670394,0.0456457821269384,0.0661571155886629,0.0005459419735058,-0.0636166990221809,-0.0641626409956867,-0.0635668008363605,-0.0643380253749363,0.0636166990221809,0.0641626409956867,0.0635668008363605,0.0643380253749363,False,0.0005459419735058,0.4165467939173913,0.4167816635192958,0.0117696501292851,0.3946044591844701,0.416525109400191,0.4407783637447903,1.000853663392824,1.000052355692591,0.09034907597535935,0.9965381229228074,624
2026-08-28,jaou6_10000c,2026-08-28,2026-09,call,100.0,0.08,1716.0,0.0,0,22,0.0,82.97181818181816,0.1866691758263377,0.0226121878182886,0.0221964982891612,0.0225401655056597,0.0220953405197652,0.0139401185860082,0.0220860010506614,0.0344219974816012,0.0004156895291273,-0.0573878121817113,-0.0578035017108387,-0.0574598344943402,-0.0579046594802347,0.0573878121817113,0.0578035017108387,0.0574598344943402,0.0579046594802347,False,0.0004156895291273,0.4165467939173913,0.4167816635192958,0.0117696501292851,0.3946044591844701,0.416525109400191,0.4407783637447903,1.000853663392824,1.000052355692591,0.09034907597535935,0.9965381229228074,624
2026-08-28,jaou6_10205c,2026-08-28,2026-09,call,102.05,0.05,5.0,0.0,0,22,0.0,82.97181818181816,0.2069618790941001,0.0102537203618164,0.009985370513506,0.0101727116234718,0.0099302270261713,0.0056509296373493,0.0099251358611593,0.0168402237594307,0.0002683498483103,-0.0397462796381835,-0.0400146294864939,-0.0398272883765281,-0.0400697729738286,0.0397462796381835,0.0400146294864939,0.0398272883765281,0.0400697729738286,False,0.0002683498483103,0.4165467939173913,0.4167816635192958,0.0117696501292851,0.3946044591844701,0.416525109400191,0.4407783637447903,1.000853663392824,1.000052355692591,0.09034907597535935,0.9965381229228074,624
2026-08-28,jaou6_10240c,2026-08-28,2026-09,call,102.4,0.05,4.0,0.0,0,22,0.0,82.97181818181816,0.2103857024436538,0.0088889082111038,0.0086270561994308,0.008796156825374,0.0085772817627004,0.0048161145720748,0.0085726862994278,0.0148337152528402,0.000261852011673,-0.0411110917888961,-0.0413729438005692,-0.0412038431746259,-0.0414227182372995,0.0411110917888961,0.0413729438005692,0.0412038431746259,0.0414227182372995,False,0.000261852011673,0.4165467939173913,0.4167816635192958,0.0117696501292851,0.3946044591844701,0.416525109400191,0.4407783637447903,1.000853663392824,1.000052355692591,0.09034907597535935,0.9965381229228074,624
2026-08-28,jaou6_10300c,2026-08-28,2026-09,call,103.0,0.04,2.0,0.0,0,22,0.0,82.97181818181816,0.2162279780678821,0.0069335184817154,0.006699981028588,0.0068343649296213,0.0066604253915686,0.0036676287628443,0.0066567733868632,0.0118593759374669,0.0002335374531273,-0.0330664815182845,-0.0333000189714119,-0.0331656350703786,-0.0333395746084313,0.0330664815182845,0.0333000189714119,0.0331656350703786,0.0333395746084313,False,0.0002335374531273,0.4165467939173913,0.4167816635192958,0.0117696501292851,0.3946044591844701,0.416525109400191,0.4407783637447903,1.000853663392824,1.000052355692591,0.09034907597535935,0.9965381229228074,624
2026-08-28,jaou6_10500c,2026-08-28,2026-09,call,105.0,0.03,73.0,0.0,0,22,0.0,82.97181818181816,0.2354593399957698,0.0029762297648974,0.0028472204572577,0.0029120852389557,0.0028281276363137,0.0014083694085795,0.0028263648768897,0.0054182943306754,0.0001290093076396,-0.0270237702351025,-0.0271527795427422,-0.0270879147610442,-0.0271718723636862,0.0270237702351025,0.0271527795427422,0.0270879147610442,0.0271718723636862,False,0.0001290093076396,0.4165467939173913,0.4167816635192958,0.0117696501292851,0.3946044591844701,0.416525109400191,0.4407783637447903,1.000853663392824,1.000052355692591,0.09034907597535935,0.9965381229228074,624
2026-08-28,jaou6_10520c,2026-08-28,2026-09,call,105.2,0.03,14.0,0.0,0,22,0.0,82.97181818181816,0.2373622901418559,0.002729224817454,0.0026097215161574,0.0026687799501827,0.0025923377822333,0.0012615441003611,0.002590732815587,0.0050061110938943,0.0001195033012965,-0.0272707751825459,-0.0273902784838425,-0.0273312200498172,-0.0274076622177666,0.0272707751825459,0.0273902784838425,0.0273312200498172,0.0274076622177666,False,0.0001195033012965,0.4165467939173913,0.4167816635192958,0.0117696501292851,0.3946044591844701,0.416525109400191,0.4407783637447903,1.000853663392824,1.000052355692591,0.09034907597535935,0.9965381229228074,624
2026-08-28,jaou6_10825c,2026-08-28,2026-09,call,108.25,0.02,3.0,0.0,0,22,0.0,82.97181818181816,0.2659423567208456,0.0005922453075784,0.0005264954063775,0.0005447891239142,0.000521110686593,0.0001973073614828,0.0005206135381846,0.0013964834165448,6.574990120083676e-05,-0.0194077546924215,-0.0194735045936224,-0.0194552108760857,-0.0194788893134069,0.0194077546924215,0.0194735045936224,0.0194552108760857,0.0194788893134069,False,6.574990120083676e-05,0.4165467939173913,0.4167816635192958,0.0117696501292851,0.3946044591844701,0.416525109400191,0.4407783637447903,1.000853663392824,1.000052355692591,0.09034907597535935,0.9965381229228074,624
2026-08-28,jaou6_7200p,2026-08-28,2026-09,put,72.0,0.11,1350.0,0.0,0,22,0.0,82.97181818181816,-0.1418348911456983,0.0815311563111935,0.0809319856028379,0.081802905655541,0.0806756319978843,0.0587298457098542,0.0806519639535274,0.1097830090603446,0.0005991707083556,-0.0284688436888064,-0.029068014397162,-0.0281970943444589,-0.0293243680021156,0.0284688436888064,0.029068014397162,0.0281970943444589,0.0293243680021156,False,0.0005991707083556,0.4165467939173913,0.4167816635192958,0.0117696501292851,0.3946044591844701,0.416525109400191,0.4407783637447903,1.000853663392824,1.000052355692591,0.09034907597535935,0.9965381229228074,624
2026-08-28,jaou6_7400p,2026-08-28,2026-09,put,74.0,0.21,205.0,0.0,0,22,0.0,82.97181818181816,-0.1144359169575838,0.1937557494529452,0.1930367621599689,0.1946316267154322,0.1925673169141777,0.1511704358735461,0.1925239750196779,0.2440994728530512,0.0007189872929763,-0.0162442505470547,-0.016963237840031,-0.0153683732845678,-0.0174326830858222,0.0162442505470547,0.016963237840031,0.0153683732845678,0.0174326830858222,False,0.0007189872929763,0.4165467939173913,0.4167816635192958,0.0117696501292851,0.3946044591844701,0.416525109400191,0.4407783637447903,1.000853663392824,1.000052355692591,0.09034907597535935,0.9965381229228074,624
2026-08-28,jaou6_7450p,2026-08-28,2026-09,put,74.5,0.25,445.0,0.0,0,22,0.0,82.97181818181816,-0.1077018847762398,0.2359529877606125,0.2353055512589235,0.2371156091812613,0.2347727642687448,0.1873642287975973,0.2347235742988255,0.29242947821838,0.0006474365016889,-0.0140470122393874,-0.0146944487410764,-0.0128843908187386,-0.0152272357312551,0.0140470122393874,0.0146944487410764,0.0128843908187386,0.0152272357312551,False,0.0006474365016889,0.4165467939173913,0.4167816635192958,0.0117696501292851,0.3946044591844701,0.416525109400191,0.4407783637447903,1.000853663392824,1.000052355692591,0.09034907597535935,0.9965381229228074,624
2026-08-28,jaou6_7500p,2026-08-28,2026-09,put,75.0,0.29,326.0,15.0,0,22,0.0,82.97181818181816,-0.1010128966254431,0.2848459570831184,0.2841555914768033,0.2861740105117264,0.2835614738028522,0.2303280285706074,0.2835066214302364,0.3479021063432146,0.000690365606315,-0.0051540429168815,-0.0058444085231966,-0.0038259894882735,-0.0064385261971477,0.0051540429168815,0.0058444085231966,0.0038259894882735,0.0064385261971477,True,0.000690365606315,0.4165467939173913,0.4167816635192958,0.0117696501292851,0.3946044591844701,0.416525109400191,0.4407783637447903,1.000853663392824,1.000052355692591,0.09034907597535935,0.9965381229228074,624
2026-08-28,jaou6_7600p,2026-08-28,2026-09,put,76.0,0.4,4.0,0.0,0,22,0.0,82.97181818181816,-0.0877676698754225,0.4062227378576803,0.4055899121755713,0.4080875047731243,0.4048547507056972,0.3384276984156523,0.404786876355806,0.4834030080095599,0.000632825682109,0.0062227378576803,0.0055899121755712,0.0080875047731242,0.0048547507056972,0.0062227378576803,0.0055899121755712,0.0080875047731242,0.0048547507056972,False,0.000632825682109,0.4165467939173913,0.4167816635192958,0.0117696501292851,0.3946044591844701,0.416525109400191,0.4407783637447903,1.000853663392824,1.000052355692591,0.09034907597535935,0.9965381229228074,624
2026-08-28,jaou6_7750p,2026-08-28,2026-09,put,77.5,0.64,14.0,0.0,0,22,0.0,82.97181818181816,-0.0682230738024523,0.6606866795338798,0.6601732944224231,0.6634285524159732,0.6592151156330952,0.5715239862805995,0.6591266510371251,0.7601801015850437,0.0005133851114567,0.0206866795338798,0.0201732944224231,0.0234285524159731,0.0192151156330951,0.0206866795338798,0.0201732944224231,0.0234285524159731,0.0192151156330951,False,0.0005133851114567,0.4165467939173913,0.4167816635192958,0.0117696501292851,0.3946044591844701,0.416525109400191,0.4407783637447903,1.000853663392824,1.000052355692591,0.09034907597535935,0.9965381229228074,624
2026-08-28,jaou6_7800p,2026-08-28,2026-09,put,78.0,0.74,26.0,0.0,0,22,0.0,82.97181818181816,-0.0617921834721618,0.7677928043669489,0.7673563588836642,0.7708473115458712,0.7663288038320824,0.6718221267591803,0.7662339340191751,0.874219796422353,0.0004364454832846,0.0277928043669488,0.0273563588836641,0.0308473115458711,0.0263288038320823,0.0277928043669488,0.0273563588836641,0.0308473115458711,0.0263288038320823,False,0.0004364454832846,0.4165467939173913,0.4167816635192958,0.0117696501292851,0.3946044591844701,0.416525109400191,0.4407783637447903,1.000853663392824,1.000052355692591,0.09034907597535935,0.9965381229228074,624
2026-08-28,jaou6_8000p,2026-08-28,2026-09,put,80.0,1.28,584.0,0.0,0,22,0.0,82.97181818181816,-0.036474375487872,1.3260725229064063,1.3258755906995852,1.3302279841749909,1.3245944722385583,1.2056513766174557,1.324476191988247,1.4575539097869368,0.0001969322068213,0.0460725229064065,0.0458755906995851,0.0502279841749908,0.0445944722385582,0.0460725229064065,0.0458755906995851,0.0502279841749908,0.0445944722385582,False,0.0001969322068213,0.4165467939173913,0.4167816635192958,0.0117696501292851,0.3946044591844701,0.416525109400191,0.4407783637447903,1.000853663392824,1.000052355692591,0.09034907597535935,0.9965381229228074,624
2026-08-28,jaou6_8200p,2026-08-28,2026-09,put,82.0,2.08,7.0,0.0,0,22,0.0,82.97181818181816,-0.0117817628975005,2.116078172810931,2.116057147882565,2.120925343123809,2.114624204186025,1.9808340412023724,2.114491906553711,2.2625460991919946,2.102492836586478e-05,0.0360781728109307,0.0360571478825648,0.040925343123809,0.0346242041860254,0.0360781728109307,0.0360571478825648,0.040925343123809,0.0346242041860254,False,2.102492836586478e-05,0.4165467939173913,0.4167816635192958,0.0117696501292851,0.3946044591844701,0.416525109400191,0.4407783637447903,1.000853663392824,1.000052355692591,0.09034907597535935,0.9965381229228074,624
2026-08-28,jaou6_8250p,2026-08-28,2026-09,put,82.5,2.32,9.0,0.0,0,22,0.0,82.97181818181816,-0.0057027168211182,2.3519648749930178,2.3519598972071667,2.3568863583199264,2.3505098030659197,2.215057602158872,2.3503759220055653,2.500135261790455,4.977785851068006e-06,0.0319648749930179,0.0319598972071668,0.0368863583199265,0.0305098030659194,0.0319648749930179,0.0319598972071668,0.0368863583199265,0.0305098030659194,False,4.977785851068006e-06,0.4165467939173913,0.4167816635192958,0.0117696501292851,0.3946044591844701,0.416525109400191,0.4407783637447903,1.000853663392824,1.000052355692591,0.09034907597535935,0.9965381229228074,624
2026-08-31,jaou6_9100c,2026-08-31,2026-09,call,91.0,0.72,19.0,0.0,0,22,0.0,85.29636363636362,0.0647276832167336,0.5789827575197997,0.5784723797424809,0.5776361159984914,0.5776967562726165,0.4955581469926535,0.5776939093369248,0.6691622466846263,0.0005103777773187,-0.1410172424802003,-0.141527620257519,-0.1423638840015085,-0.1423032437273834,0.1410172424802003,0.141527620257519,0.1423638840015085,0.1423032437273834,False,0.0005103777773187,0.4165694100425408,0.4167746370922319,0.0117063424229913,0.3943285066003732,0.4165686567540763,0.4402192308492917,1.000281853503143,1.000286479880522,0.08213552361396304,0.9968427768851252,625
2026-08-31,jaou6_9150c,2026-08-31,2026-09,call,91.5,0.64,15.0,0.0,0,22,0.0,85.29636363636362,0.0702071489813591,0.5012519217290017,0.5006763490347409,0.4998970925106935,0.4999535990011059,0.4238175468214588,0.4999509461380262,0.5855242577296562,0.0005755726942607,-0.1387480782709983,-0.1393236509652591,-0.1401029074893065,-0.1400464009988941,0.1387480782709983,0.1393236509652591,0.1401029074893065,0.1400464009988941,False,0.0005755726942607,0.4165694100425408,0.4167746370922319,0.0117063424229913,0.3943285066003732,0.4165686567540763,0.4402192308492917,1.000281853503143,1.000286479880522,0.08213552361396304,0.9968427768851252,625
2026-08-31,jaou6_9196c,2026-08-31,2026-09,call,91.96,0.58,5.0,0.0,0,22,0.0,85.29636363636362,0.0752218765948642,0.4376164391807535,0.4369745212048319,0.4362506660726999,0.4363031552233475,0.365971295861252,0.4363006909660768,0.5162464818552193,0.0006419179759216,-0.1423835608192464,-0.143025478795168,-0.1437493339273,-0.1436968447766524,0.1423835608192464,0.143025478795168,0.1437493339273,0.1436968447766524,False,0.0006419179759216,0.4165694100425408,0.4167746370922319,0.0117063424229913,0.3943285066003732,0.4165686567540763,0.4402192308492917,1.000281853503143,1.000286479880522,0.08213552361396304,0.9968427768851252,625
2026-08-31,jaou6_9200c,2026-08-31,2026-09,call,92.0,0.57,1.0,0.0,0,22,0.0,85.29636363636362,0.0756567537489239,0.4324307522458181,0.4317836740849766,0.4310645685934956,0.4311167133318532,0.3612844875161129,0.4311142652440285,0.5105535849678678,0.0006470781608415,-0.1375692477541818,-0.1382163259150233,-0.1389354314065043,-0.1388832866681467,0.1375692477541818,0.1382163259150233,0.1389354314065043,0.1388832866681467,False,0.0006470781608415,0.4165694100425408,0.4167746370922319,0.0117063424229913,0.3943285066003732,0.4165686567540763,0.4402192308492917,1.000281853503143,1.000286479880522,0.08213552361396304,0.9968427768851252,625
2026-08-31,jaou6_9225c,2026-08-31,2026-09,call,92.25,0.54,12.0,0.0,0,22,0.0,85.29636363636362,0.0783704596205201,0.4012308130114385,0.400576119118067,0.3998882588854413,0.3999381379258349,0.3331032117300836,0.3999357962078527,0.476217374989191,0.0006546938933714,-0.1387691869885615,-0.139423880881933,-0.1401117411145587,-0.1400618620741651,0.1387691869885615,0.139423880881933,0.1401117411145587,0.1400618620741651,False,0.0006546938933714,0.4165694100425408,0.4167746370922319,0.0117063424229913,0.3943285066003732,0.4165686567540763,0.4402192308492917,1.000281853503143,1.000286479880522,0.08213552361396304,0.9968427768851252,625
2026-08-31,jaou6_9250c,2026-08-31,2026-09,call,92.5,0.51,50.0,0.0,0,22,0.0,85.29636363636362,0.081076821218263,0.372006773004332,0.3713517279295341,0.3706915044161823,0.3707393794258563,0.3068327381180057,0.3707371317929794,0.4439134207389932,0.0006550450747979,-0.137993226995668,-0.1386482720704659,-0.1393084955838176,-0.1392606205741436,0.137993226995668,0.1386482720704659,0.1393084955838176,0.1392606205741436,False,0.0006550450747979,0.4165694100425408,0.4167746370922319,0.0117063424229913,0.3943285066003732,0.4165686567540763,0.4402192308492917,1.000281853503143,1.000286479880522,0.08213552361396304,0.9968427768851252,625
2026-08-31,jaou6_9435c,2026-08-31,2026-09,call,94.35,0.33,10.0,0.0,0,22,0.0,85.29636363636362,0.1008794485144427,0.206900669861774,0.2061774881822515,0.2057146394255277,0.205748202133092,0.1618582004051741,0.2057466264332547,0.2581742127279869,0.0007231816795225,-0.1230993301382259,-0.1238225118177484,-0.1242853605744723,-0.1242517978669079,0.1230993301382259,0.1238225118177484,0.1242853605744723,0.1242517978669079,False,0.0007231816795225,0.4165694100425408,0.4167746370922319,0.0117063424229913,0.3943285066003732,0.4165686567540763,0.4402192308492917,1.000281853503143,1.000286479880522,0.08213552361396304,0.9968427768851252,625
2026-08-31,jaou6_9500c,2026-08-31,2026-09,call,95.0,0.29,50.0,0.0,0,22,0.0,85.29636363636362,0.1077450683004244,0.1666197823898011,0.1659305416178093,0.1655308718925925,0.1655598532777964,0.12774203274884,0.1655584926615867,0.2113011252897089,0.0006892407719918,-0.1233802176101988,-0.1240694583821906,-0.1244691281074074,-0.1244401467222035,0.1233802176101988,0.1240694583821906,0.1244691281074074,0.1244401467222035,False,0.0006892407719918,0.4165694100425408,0.4167746370922319,0.0117063424229913,0.3943285066003732,0.4165686567540763,0.4402192308492917,1.000281853503143,1.000286479880522,0.08213552361396304,0.9968427768851252,625
2026-08-31,jaou6_9800c,2026-08-31,2026-09,call,98.0,0.14,22.0,0.0,0,22,0.0,85.29636363636362,0.1388356553704555,0.0566022518618573,0.0560644741235265,0.0558762561141671,0.0558899044299824,0.038921703378225,0.0558892636697288,0.0783103978620685,0.0005377777383307,-0.0833977481381426,-0.0839355258764734,-0.0841237438858328,-0.0841100955700175,0.0833977481381426,0.0839355258764734,0.0841237438858328,0.0841100955700175,False,0.0005377777383307,0.4165694100425408,0.4167746370922319,0.0117063424229913,0.3943285066003732,0.4165686567540763,0.4402192308492917,1.000281853503143,1.000286479880522,0.08213552361396304,0.9968427768851252,625
2026-08-31,jaou6_10000c,2026-08-31,2026-09,call,100.0,0.09,1716.0,0.0,0,22,0.0,85.29636363636362,0.1590383626879749,0.0257273367788749,0.025329284660342,0.0252237092146192,0.0252313648424227,0.0160068377068056,0.0252310054265006,0.0381633460009318,0.0003980521185328,-0.0642726632211251,-0.0646707153396579,-0.0647762907853807,-0.0647686351575772,0.0642726632211251,0.0646707153396579,0.0647762907853807,0.0647686351575772,False,0.0003980521185328,0.4165694100425408,0.4167746370922319,0.0117063424229913,0.3943285066003732,0.4165686567540763,0.4402192308492917,1.000281853503143,1.000286479880522,0.08213552361396304,0.9968427768851252,625
2026-08-31,jaou6_10205c,2026-08-31,2026-09,call,102.05,0.06,5.0,0.0,0,22,0.0,85.29636363636362,0.1793310659557373,0.0105683485975865,0.0103245578923677,0.0102726294088699,0.0102763949164587,0.005831668547905,0.0102762181336504,0.0169765092568605,0.0002437907052187,-0.0494316514024134,-0.0496754421076322,-0.04972737059113,-0.0497236050835412,0.0494316514024134,0.0496754421076322,0.04972737059113,0.0497236050835412,False,0.0002437907052187,0.4165694100425408,0.4167746370922319,0.0117063424229913,0.3943285066003732,0.4165686567540763,0.4402192308492917,1.000281853503143,1.000286479880522,0.08213552361396304,0.9968427768851252,625
2026-08-31,jaou6_10240c,2026-08-31,2026-09,call,102.4,0.05,4.0,0.0,0,22,0.0,85.29636363636362,0.182754889305291,0.009007550264152,0.0087860692846093,0.0087395211404829,0.0087428965017133,0.0048560587701184,0.0087427380354712,0.0146911218008108,0.0002214809795426,-0.0409924497358479,-0.0412139307153906,-0.041260478859517,-0.0412571034982867,0.0409924497358479,0.0412139307153906,0.041260478859517,0.0412571034982867,False,0.0002214809795426,0.4165694100425408,0.4167746370922319,0.0117063424229913,0.3943285066003732,0.4165686567540763,0.4402192308492917,1.000281853503143,1.000286479880522,0.08213552361396304,0.9968427768851252,625
2026-08-31,jaou6_10300c,2026-08-31,2026-09,call,103.0,0.05,2.0,0.0,0,22,0.0,85.29636363636362,0.1885971649295192,0.0067908834506698,0.0065657393456469,0.0065281289909528,0.0065308562432521,0.0035362919419123,0.0065307282043865,0.0114553031959369,0.0002251441050229,-0.0432091165493301,-0.043434260654353,-0.0434718710090471,-0.0434691437567478,0.0432091165493301,0.043434260654353,0.0434718710090471,0.0434691437567478,False,0.0002251441050229,0.4165694100425408,0.4167746370922319,0.0117063424229913,0.3943285066003732,0.4165686567540763,0.4402192308492917,1.000281853503143,1.000286479880522,0.08213552361396304,0.9968427768851252,625
2026-08-31,jaou6_10500c,2026-08-31,2026-09,call,105.0,0.03,73.0,0.0,0,22,0.0,85.29636363636362,0.2078285268574068,0.0024772646149859,0.0023508578933577,0.0023340976545565,0.0023353129953896,0.0010623353359797,0.0023352559376463,0.0046604270072526,0.0001264067216281,-0.027522735385014,-0.0276491421066422,-0.0276659023454434,-0.0276646870046103,0.027522735385014,0.0276491421066422,0.0276659023454434,0.0276646870046103,False,0.0001264067216281,0.4165694100425408,0.4167746370922319,0.0117063424229913,0.3943285066003732,0.4165686567540763,0.4402192308492917,1.000281853503143,1.000286479880522,0.08213552361396304,0.9968427768851252,625
2026-08-31,jaou6_10520c,2026-08-31,2026-09,call,105.2,0.03,14.0,0.0,0,22,0.0,85.29636363636362,0.209731477003493,0.0022217471952708,0.002101650906843,0.0020865902621043,0.0020876823597016,0.0009430505162826,0.0020876310879738,0.0042486458847409,0.0001200962884278,-0.0277782528047291,-0.0278983490931569,-0.0279134097378956,-0.0279123176402983,0.0277782528047291,0.0278983490931569,0.0279134097378956,0.0279123176402983,False,0.0001200962884278,0.4165694100425408,0.4167746370922319,0.0117063424229913,0.3943285066003732,0.4165686567540763,0.4402192308492917,1.000281853503143,1.000286479880522,0.08213552361396304,0.9968427768851252,625
2026-08-31,jaou6_10825c,2026-08-31,2026-09,call,108.25,0.02,3.0,0.0,0,22,0.0,85.29636363636362,0.2383115435824828,0.0003651180894323,0.0003265871068496,0.0003227643631965,0.0003230415630927,8.161747787883506e-05,0.0003230285491298,0.0008722728732796,3.853098258267516e-05,-0.0196348819105676,-0.0196734128931503,-0.0196772356368034,-0.0196769584369072,0.0196348819105676,0.0196734128931503,0.0196772356368034,0.0196769584369072,False,3.853098258267516e-05,0.4165694100425408,0.4167746370922319,0.0117063424229913,0.3943285066003732,0.4165686567540763,0.4402192308492917,1.000281853503143,1.000286479880522,0.08213552361396304,0.9968427768851252,625
2026-08-31,jaou6_7200p,2026-08-31,2026-09,put,72.0,0.03,1350.0,0.0,0,22,0.0,85.29636363636362,-0.1694657042840611,0.0103741993608705,0.0101313470740857,0.0100819696918612,0.0100855502105854,0.0059537629459232,0.0100853821126225,0.0164092062209177,0.0002428522867847,-0.0196258006391294,-0.0198686529259142,-0.0199180303081387,-0.0199144497894145,0.0196258006391294,0.0198686529259142,0.0199180303081387,0.0199144497894145,False,0.0002428522867847,0.4165694100425408,0.4167746370922319,0.0117063424229913,0.3943285066003732,0.4165686567540763,0.4402192308492917,1.000281853503143,1.000286479880522,0.08213552361396304,0.9968427768851252,625
2026-08-31,jaou6_7400p,2026-08-31,2026-09,put,74.0,0.07,205.0,0.0,0,22,0.0,85.29636363636362,-0.1420667300959467,0.0359867021365779,0.0355622739828131,0.035434465352226,0.0354437331824411,0.024060567403995,0.0354432980769439,0.0509270209317917,0.0004244281537648,-0.034013297863422,-0.0344377260171868,-0.0345655346477739,-0.0345562668175588,0.034013297863422,0.0344377260171868,0.0345655346477739,0.0345562668175588,False,0.0004244281537648,0.4165694100425408,0.4167746370922319,0.0117063424229913,0.3943285066003732,0.4165686567540763,0.4402192308492917,1.000281853503143,1.000286479880522,0.08213552361396304,0.9968427768851252,625
2026-08-31,jaou6_7450p,2026-08-31,2026-09,put,74.5,0.09,445.0,0.0,0,22,0.0,85.29636363636362,-0.1353326979146026,0.0475167954283619,0.0470208418276873,0.0468621680686684,0.0468736740323222,0.0326078929115414,0.0468731338510802,0.0659474784958647,0.0004959536006745,-0.042483204571638,-0.0429791581723126,-0.0431378319313315,-0.0431263259676777,0.042483204571638,0.0429791581723126,0.0431378319313315,0.0431263259676777,False,0.0004959536006745,0.4165694100425408,0.4167746370922319,0.0117063424229913,0.3943285066003732,0.4165686567540763,0.4402192308492917,1.000281853503143,1.000286479880522,0.08213552361396304,0.9968427768851252,625
2026-08-31,jaou6_7500p,2026-08-31,2026-09,put,75.0,0.1,341.0,15.0,0,22,0.0,85.29636363636362,-0.128643709763806,0.0621732127051274,0.0616690519869649,0.0614744959638431,0.061488603870182,0.0437224913827791,0.061487941533102,0.0844415996611222,0.0005041607181625,-0.0378267872948725,-0.038330948013035,-0.0385255040361568,-0.038511396129818,0.0378267872948725,0.038330948013035,0.0385255040361568,0.038511396129818,True,0.0005041607181625,0.4165694100425408,0.4167746370922319,0.0117063424229913,0.3943285066003732,0.4165686567540763,0.4402192308492917,1.000281853503143,1.000286479880522,0.08213552361396304,0.9968427768851252,625
2026-08-31,jaou6_7600p,2026-08-31,2026-09,put,76.0,0.15,4.0,0.0,0,22,0.0,85.29636363636362,-0.1153984830137853,0.1029571382282426,0.1023978429035201,0.1021196708751858,0.1021398420570329,0.0762359463980247,0.1021388950616841,0.1341917106371317,0.0005592953247224,-0.0470428617717574,-0.0476021570964798,-0.0478803291248141,-0.047860157942967,0.0470428617717574,0.0476021570964798,0.0478803291248141,0.047860157942967,False,0.0005592953247224,0.4165694100425408,0.4167746370922319,0.0117063424229913,0.3943285066003732,0.4165686567540763,0.4402192308492917,1.000281853503143,1.000286479880522,0.08213552361396304,0.9968427768851252,625
2026-08-31,jaou6_7750p,2026-08-31,2026-09,put,77.5,0.25,14.0,0.0,0,22,0.0,85.29636363636362,-0.0958538869408151,0.203231497180287,0.2026118867181529,0.2021731383214063,0.2022049534314621,0.1603750696956535,0.2022034597777202,0.2516458586464525,0.0006196104621341,-0.0467685028197129,-0.0473881132818471,-0.0478268616785936,-0.0477950465685378,0.0467685028197129,0.0473881132818471,0.0478268616785936,0.0477950465685378,False,0.0006196104621341,0.4165694100425408,0.4167746370922319,0.0117063424229913,0.3943285066003732,0.4165686567540763,0.4402192308492917,1.000281853503143,1.000286479880522,0.08213552361396304,0.9968427768851252,625
2026-08-31,jaou6_7800p,2026-08-31,2026-09,put,78.0,0.3,26.0,0.0,0,22,0.0,85.29636363636362,-0.0894229966105247,0.2504108749207201,0.2497801243384491,0.2492791907866492,0.2493155151497678,0.2013176646743431,0.249313809795903,0.3053884948618688,0.0006307505822709,-0.0495891250792798,-0.0502198756615508,-0.0507208092133507,-0.0506844848502321,0.0495891250792798,0.0502198756615508,0.0507208092133507,0.0506844848502321,False,0.0006307505822709,0.4165694100425408,0.4167746370922319,0.0117063424229913,0.3943285066003732,0.4165686567540763,0.4402192308492917,1.000281853503143,1.000286479880522,0.08213552361396304,0.9968427768851252,625
2026-08-31,jaou6_8000p,2026-08-31,2026-09,put,80.0,0.59,584.0,0.0,0,22,0.0,85.29636363636362,-0.0641051886262348,0.5333745556826773,0.5328838826360682,0.5321115205342671,0.5321675270871205,0.4563791269679681,0.5321648976950771,0.6166585115597468,0.0004906730466091,-0.0566254443173226,-0.0571161173639317,-0.0578884794657328,-0.0578324729128795,0.0566254443173226,0.0571161173639317,0.0578884794657328,0.0578324729128795,False,0.0004906730466091,0.4165694100425408,0.4167746370922319,0.0117063424229913,0.3943285066003732,0.4165686567540763,0.4402192308492917,1.000281853503143,1.000286479880522,0.08213552361396304,0.9968427768851252,625
2026-08-31,jaou6_8200p,2026-08-31,2026-09,put,82.0,1.07,7.0,0.0,0,22,0.0,85.29636363636362,-0.0394125760358633,1.0104708353496692,1.0102189970661215,1.009188695484556,1.009263406089657,0.906656042114016,1.009259898580971,1.120386314200872,0.0002518382835474,-0.0595291646503308,-0.0597810029338783,-0.0608113045154441,-0.060736593910343,0.0595291646503308,0.0597810029338783,0.0608113045154441,0.060736593910343,False,0.0002518382835474,0.4165694100425408,0.4167746370922319,0.0117063424229913,0.3943285066003732,0.4165686567540763,0.4402192308492917,1.000281853503143,1.000286479880522,0.08213552361396304,0.9968427768851252,625
2026-08-31,jaou6_8250p,2026-08-31,2026-09,put,82.5,1.23,9.0,0.0,0,22,0.0,85.29636363636362,-0.0333335299594811,1.1667436136482492,1.1665688208377192,1.1654842859575885,1.1655629292001086,1.0572586798407588,1.1655592370622136,1.2821457803301406,0.00017479281053,-0.0632563863517507,-0.0634311791622808,-0.0645157140424115,-0.0644370707998913,0.0632563863517507,0.0634311791622808,0.0645157140424115,0.0644370707998913,False,0.00017479281053,0.4165694100425408,0.4167746370922319,0.0117063424229913,0.3943285066003732,0.4165686567540763,0.4402192308492917,1.000281853503143,1.000286479880522,0.08213552361396304,0.9968427768851252,625
2026-09-01,jaou6_9100c,2026-09-01,2026-09,call,91.0,2.07,19.0,0.0,1,21,0.0454545454545454,89.54636363636364,0.0161029859104018,1.7154468767838753,1.7153954463847774,1.7220666635967596,1.713857144198623,1.592609063897669,1.7142696284743195,1.8469283260430776,5.143039909794034e-05,-0.3545531232161245,-0.3546045536152225,-0.3479333364032402,-0.3561428558013768,0.3545531232161245,0.3546045536152225,0.3479333364032402,0.3561428558013768,False,5.143039909794034e-05,0.4174364154899927,0.4177159238570499,0.0116728374434924,0.3953674321930781,0.4175113635771595,0.4415800693381683,1.0007538446819688,1.0001305187132865,0.07939767282683094,0.9969478568842067,626
2026-09-01,jaou6_9150c,2026-09-01,2026-09,call,91.5,1.89,15.0,0.0,1,21,0.0454545454545454,89.54636363636364,0.0215824516750274,1.5302922475817362,1.5301985952326471,1.5367353416638403,1.5286913003858564,1.410043599285269,1.5290954702744102,1.6592607248514435,9.36523490890906e-05,-0.3597077524182637,-0.3598014047673528,-0.3532646583361594,-0.3613086996141434,0.3597077524182637,0.3598014047673528,0.3532646583361594,0.3613086996141434,False,9.36523490890906e-05,0.4174364154899927,0.4177159238570499,0.0116728374434924,0.3953674321930781,0.4175113635771595,0.4415800693381683,1.0007538446819688,1.0001305187132865,0.07939767282683094,0.9969478568842067,626
2026-09-01,jaou6_9196c,2026-09-01,2026-09,call,91.96,1.74,5.0,0.0,1,21,0.0454545454545454,89.54636363636364,0.0265971792885324,1.3736230950614534,1.373482985178877,1.379859154062284,1.372012717576884,1.2564535120518248,1.372406958885482,1.4995783208774804,0.0001401098825764,-0.3663769049385466,-0.366517014821123,-0.360140845937716,-0.367987282423116,0.3663769049385466,0.366517014821123,0.360140845937716,0.367987282423116,False,0.0001401098825764,0.4174364154899927,0.4177159238570499,0.0116728374434924,0.3953674321930781,0.4175113635771595,0.4415800693381683,1.0007538446819688,1.0001305187132865,0.07939767282683094,0.9969478568842067,626
2026-09-01,jaou6_9200c,2026-09-01,2026-09,call,92.0,1.73,1.0,0.0,1,21,0.0454545454545454,89.54636363636364,0.0270320564425921,1.3606067978920826,1.3604700187277634,1.366830478145403,1.3590033735390072,1.2437214018966087,1.359396643524471,1.486264684941381,0.0001367791643192,-0.3693932021079174,-0.3695299812722366,-0.3631695218545969,-0.3709966264609927,0.3693932021079174,0.3695299812722366,0.3631695218545969,0.3709966264609927,False,0.0001367791643192,0.4174364154899927,0.4177159238570499,0.0116728374434924,0.3953674321930781,0.4175113635771595,0.4415800693381683,1.0007538446819688,1.0001305187132865,0.07939767282683094,0.9969478568842067,626
2026-09-01,jaou6_9225c,2026-09-01,2026-09,call,92.25,1.65,12.0,0.0,1,21,0.0454545454545454,89.54636363636364,0.0297457623141883,1.2813182309000597,1.2811611545817243,1.2874272865305936,1.2797162601689982,1.166279420580519,1.2801036978458449,1.4051337662958552,0.0001570763183349,-0.3686817690999404,-0.3688388454182754,-0.3625727134694063,-0.3702837398310017,0.3686817690999404,0.3688388454182754,0.3625727134694063,0.3702837398310017,False,0.0001570763183349,0.4174364154899927,0.4177159238570499,0.0116728374434924,0.3953674321930781,0.4175113635771595,0.4415800693381683,1.0007538446819688,1.0001305187132865,0.07939767282683094,0.9969478568842067,626
2026-09-01,jaou6_9250c,2026-09-01,2026-09,call,92.5,1.58,50.0,0.0,1,21,0.0454545454545454,89.54636363636364,0.0324521239119313,1.2055132271955995,1.205316573981639,1.2114751494476974,1.2038964807959427,1.0925655130629257,1.2042772682084524,1.3273324467806669,0.0001966532139605,-0.3744867728044005,-0.3746834260183611,-0.3685248505523026,-0.3761035192040574,0.3744867728044005,0.3746834260183611,0.3685248505523026,0.3761035192040574,False,0.0001966532139605,0.4174364154899927,0.4177159238570499,0.0116728374434924,0.3953674321930781,0.4175113635771595,0.4415800693381683,1.0007538446819688,1.0001305187132865,0.07939767282683094,0.9969478568842067,626
2026-09-01,jaou6_9435c,2026-09-01,2026-09,call,94.35,1.12,10.0,0.0,1,21,0.0454545454545454,89.54636363636364,0.0522547512081109,0.7495302731532206,0.7491013911605973,0.7542459773789916,0.747915111659399,0.6559058677881234,0.7482332036735883,0.8521361687886655,0.0004288819926233,-0.3704697268467795,-0.3708986088394028,-0.3657540226210085,-0.3720848883406011,0.3704697268467795,0.3708986088394028,0.3657540226210085,0.3720848883406011,False,0.0004288819926233,0.4174364154899927,0.4177159238570499,0.0116728374434924,0.3953674321930781,0.4175113635771595,0.4415800693381683,1.0007538446819688,1.0001305187132865,0.07939767282683094,0.9969478568842067,626
2026-09-01,jaou6_9500c,2026-09-01,2026-09,call,95.0,0.99,50.0,0.0,1,21,0.0454545454545454,89.54636363636364,0.0591203709940926,0.6277925518589756,0.627299747915478,0.6320454268648861,0.6262054516168132,0.5417462726005228,0.6264988790202292,0.7226944756612093,0.0004928039434975,-0.3622074481410243,-0.3627002520845219,-0.3579545731351139,-0.3637945483831868,0.3622074481410243,0.3627002520845219,0.3579545731351139,0.3637945483831868,False,0.0004928039434975,0.4174364154899927,0.4177159238570499,0.0116728374434924,0.3953674321930781,0.4175113635771595,0.4415800693381683,1.0007538446819688,1.0001305187132865,0.07939767282683094,0.9969478568842067,626
2026-09-01,jaou6_9800c,2026-09-01,2026-09,call,98.0,0.54,22.0,0.0,1,21,0.0454545454545454,89.54636363636364,0.0902109580641237,0.2584541354637615,0.2577409026494778,0.2606448933869011,0.2570712774284721,0.2069469909955157,0.2572508324448797,0.3177533255498684,0.0007132328142837,-0.2815458645362385,-0.2822590973505222,-0.2793551066130988,-0.2829287225715279,0.2815458645362385,0.2822590973505222,0.2793551066130988,0.2829287225715279,False,0.0007132328142837,0.4174364154899927,0.4177159238570499,0.0116728374434924,0.3953674321930781,0.4175113635771595,0.4415800693381683,1.0007538446819688,1.0001305187132865,0.07939767282683094,0.9969478568842067,626
2026-09-01,jaou6_10000c,2026-09-01,2026-09,call,100.0,0.36,1716.0,0.0,1,21,0.0454545454545454,89.54636363636364,0.1104136653816431,0.1344614898286562,0.1338001828256131,0.1357136109229479,0.1333589693960919,0.1011595234240681,0.1334772774915635,0.1741068399638412,0.000661307003043,-0.2255385101713438,-0.2261998171743868,-0.224286389077052,-0.226641030603908,0.2255385101713438,0.2261998171743868,0.224286389077052,0.226641030603908,False,0.000661307003043,0.4174364154899927,0.4177159238570499,0.0116728374434924,0.3953674321930781,0.4175113635771595,0.4415800693381683,1.0007538446819688,1.0001305187132865,0.07939767282683094,0.9969478568842067,626
2026-09-01,jaou6_10205c,2026-09-01,2026-09,call,102.05,0.24,5.0,0.0,1,21,0.0454545454545454,89.54636363636364,0.1307063686494055,0.0649482130900393,0.0643662039165104,0.0655093708329562,0.0641026034204046,0.0455332337329881,0.0641732859304394,0.0892062796600327,0.0005820091735289,-0.1750517869099606,-0.1756337960834895,-0.1744906291670437,-0.1758973965795953,0.1750517869099606,0.1756337960834895,0.1744906291670437,0.1758973965795953,False,0.0005820091735289,0.4174364154899927,0.4177159238570499,0.0116728374434924,0.3953674321930781,0.4175113635771595,0.4415800693381683,1.0007538446819688,1.0001305187132865,0.07939767282683094,0.9969478568842067,626
2026-09-01,jaou6_10240c,2026-09-01,2026-09,call,102.4,0.22,4.0,0.0,1,21,0.0454545454545454,89.54636363636364,0.1341301919989593,0.0570828143976528,0.0565241861654883,0.0575516911292453,0.0562872559199563,0.0395268263285117,0.0563507870009094,0.0792026870370523,0.0005586282321645,-0.1629171856023471,-0.1634758138345116,-0.1624483088707546,-0.1637127440800436,0.1629171856023471,0.1634758138345116,0.1624483088707546,0.1637127440800436,False,0.0005586282321645,0.4174364154899927,0.4177159238570499,0.0116728374434924,0.3953674321930781,0.4175113635771595,0.4415800693381683,1.0007538446819688,1.0001305187132865,0.07939767282683094,0.9969478568842067,626
2026-09-01,jaou6_10300c,2026-09-01,2026-09,call,103.0,0.19,2.0,0.0,1,21,0.0454545454545454,89.54636363636364,0.1399724676231875,0.0456315685082233,0.0451379237857865,0.0460092836436176,0.0449369987174464,0.0308541462175742,0.044990875278261,0.0643714682089174,0.0004936447224367,-0.1443684314917767,-0.1448620762142135,-0.1439907163563823,-0.1450630012825535,0.1443684314917767,0.1448620762142135,0.1439907163563823,0.1450630012825535,False,0.0004936447224367,0.4174364154899927,0.4177159238570499,0.0116728374434924,0.3953674321930781,0.4175113635771595,0.4415800693381683,1.0007538446819688,1.0001305187132865,0.07939767282683094,0.9969478568842067,626
2026-09-01,jaou6_10500c,2026-09-01,2026-09,call,105.0,0.13,73.0,0.0,1,21,0.0454545454545454,89.54636363636364,0.1592038295510751,0.0208570701363486,0.0205276914774127,0.0210105265668001,0.0204163555322687,0.0127893262227202,0.0204462094368559,0.031508093595759,0.0003293786589359,-0.1091429298636513,-0.1094723085225872,-0.1089894734331998,-0.1095836444677312,0.1091429298636513,0.1094723085225872,0.1089894734331998,0.1095836444677312,False,0.0003293786589359,0.4174364154899927,0.4177159238570499,0.0116728374434924,0.3953674321930781,0.4175113635771595,0.4415800693381683,1.0007538446819688,1.0001305187132865,0.07939767282683094,0.9969478568842067,626
2026-09-01,jaou6_10520c,2026-09-01,2026-09,call,105.2,0.12,14.0,0.0,1,21,0.0454545454545454,89.54636363636364,0.1611067796971613,0.0192125983415163,0.0188989098779653,0.0193544370273831,0.0187938708142478,0.0116341990794107,0.0188220362569725,0.0292559232630517,0.000313688463551,-0.1007874016584836,-0.1011010901220346,-0.1006455629726168,-0.1012061291857521,0.1007874016584836,0.1011010901220346,0.1006455629726168,0.1012061291857521,False,0.000313688463551,0.4174364154899927,0.4177159238570499,0.0116728374434924,0.3953674321930781,0.4175113635771595,0.4415800693381683,1.0007538446819688,1.0001305187132865,0.07939767282683094,0.9969478568842067,626
2026-09-01,jaou6_10825c,2026-09-01,2026-09,call,108.25,0.06,3.0,0.0,1,21,0.0454545454545454,89.54636363636364,0.1896868462761511,0.0047751436093351,0.0045756460167638,0.0047276377779162,0.0045405985507574,0.0024256935962568,0.0045499962677735,0.008469743541043,0.0001994975925713,-0.0552248563906648,-0.0554243539832361,-0.0552723622220837,-0.0554594014492425,0.0552248563906648,0.0554243539832361,0.0552723622220837,0.0554594014492425,False,0.0001994975925713,0.4174364154899927,0.4177159238570499,0.0116728374434924,0.3953674321930781,0.4175113635771595,0.4415800693381683,1.0007538446819688,1.0001305187132865,0.07939767282683094,0.9969478568842067,626
2026-09-01,jaou6_11000c,2026-09-01,2026-09,call,110.0,0.04,50.0,0.0,1,21,0.0454545454545454,89.54636363636364,0.2057238451859679,0.0021063594921891,0.0020182906005116,0.0020870884836051,0.0020024266388682,0.0010559322088016,0.0020066804420461,0.0037989054885546,8.806889167751455e-05,-0.0378936405078108,-0.0379817093994883,-0.0379129115163948,-0.0379975733611317,0.0378936405078108,0.0379817093994883,0.0379129115163948,0.0379975733611317,False,8.806889167751455e-05,0.4174364154899927,0.4177159238570499,0.0116728374434924,0.3953674321930781,0.4175113635771595,0.4415800693381683,1.0007538446819688,1.0001305187132865,0.07939767282683094,0.9969478568842067,626
2026-09-01,jaou6_11500c,2026-09-01,2026-09,call,115.0,0.02,20.0,0.0,1,21,0.0454545454545454,89.54636363636364,0.2501756077568019,0.0002535935767999,0.0002412064961149,0.0002507085902833,0.0002390154278633,9.71427132463002e-05,0.0002396029464984,0.000503539788562,1.2387080685023294e-05,-0.0197464064232,-0.0197587935038851,-0.0197492914097166,-0.0197609845721366,0.0197464064232,0.0197587935038851,0.0197492914097166,0.0197609845721366,False,1.2387080685023294e-05,0.4174364154899927,0.4177159238570499,0.0116728374434924,0.3953674321930781,0.4175113635771595,0.4415800693381683,1.0007538446819688,1.0001305187132865,0.07939767282683094,0.9969478568842067,626
2026-09-01,jaou6_7400p,2026-09-01,2026-09,put,74.0,0.02,205.0,0.0,1,21,0.0454545454545454,89.54636363636364,-0.1906914274022784,0.0022153784156461,0.002109052822841,0.0021813126674688,0.002092390574644,0.0010888750844302,0.0020968584324166,0.0040697513671611,0.0001063255928051,-0.0177846215843538,-0.0178909471771589,-0.0178186873325311,-0.0179076094253559,0.0177846215843538,0.0178909471771589,0.0178186873325311,0.0179076094253559,False,0.0001063255928051,0.4174364154899927,0.4177159238570499,0.0116728374434924,0.3953674321930781,0.4175113635771595,0.4415800693381683,1.0007538446819688,1.0001305187132865,0.07939767282683094,0.9969478568842067,626
2026-09-01,jaou6_7450p,2026-09-01,2026-09,put,74.5,0.02,445.0,0.0,1,21,0.0454545454545454,89.54636363636364,-0.1839573952209343,0.0033043196235808,0.003164221257374,0.0032728532941747,0.0031391720205725,0.0016433234464609,0.0031458887868827,0.0059141153643706,0.0001400983662068,-0.0166956803764191,-0.0168357787426259,-0.0167271467058252,-0.0168608279794274,0.0166956803764191,0.0168357787426259,0.0167271467058252,0.0168608279794274,False,0.0001400983662068,0.4174364154899927,0.4177159238570499,0.0116728374434924,0.3953674321930781,0.4175113635771595,0.4415800693381683,1.0007538446819688,1.0001305187132865,0.07939767282683094,0.9969478568842067,626
2026-09-01,jaou6_7500p,2026-09-01,2026-09,put,75.0,0.02,341.0,0.0,1,21,0.0454545454545454,89.54636363636364,-0.1772684070701378,0.0048903115606829,0.004726524482413,0.0048766228388062,0.004691913612696,0.0024966597502782,0.0047011942596683,0.0084580462642752,0.0001637870782698,-0.015109688439317,-0.0152734755175869,-0.0151233771611937,-0.0153080863873039,0.015109688439317,0.0152734755175869,0.0151233771611937,0.0153080863873039,False,0.0001637870782698,0.4174364154899927,0.4177159238570499,0.0116728374434924,0.3953674321930781,0.4175113635771595,0.4415800693381683,1.0007538446819688,1.0001305187132865,0.07939767282683094,0.9969478568842067,626
2026-09-01,jaou6_7600p,2026-09-01,2026-09,put,76.0,0.04,4.0,0.0,1,21,0.0454545454545454,89.54636363636364,-0.1640231803201171,0.010083000614688,0.0098794099828227,0.0101449883448897,0.0098181708173179,0.0057247240893542,0.0098345916435085,0.0159606891804343,0.0002035906318652,-0.0299169993853119,-0.0301205900171772,-0.0298550116551102,-0.030181829182682,0.0299169993853119,0.0301205900171772,0.0298550116551102,0.030181829182682,False,0.0002035906318652,0.4174364154899927,0.4177159238570499,0.0116728374434924,0.3953674321930781,0.4175113635771595,0.4415800693381683,1.0007538446819688,1.0001305187132865,0.07939767282683094,0.9969478568842067,626
2026-09-01,jaou6_7750p,2026-09-01,2026-09,put,77.5,0.07,14.0,0.0,1,21,0.0454545454545454,89.54636363636364,-0.1444785842471468,0.0256086327834189,0.02528811614359,0.02582573713929,0.025164147229563,0.0165599757256334,0.0251973885706803,0.0372885654368225,0.0003205166398288,-0.044391367216581,-0.0447118838564099,-0.0441742628607099,-0.0448358527704369,0.044391367216581,0.0447118838564099,0.0441742628607099,0.0448358527704369,False,0.0003205166398288,0.4174364154899927,0.4177159238570499,0.0116728374434924,0.3953674321930781,0.4175113635771595,0.4415800693381683,1.0007538446819688,1.0001305187132865,0.07939767282683094,0.9969478568842067,626
2026-09-01,jaou6_7800p,2026-09-01,2026-09,put,78.0,0.08,26.0,0.0,1,21,0.0454545454545454,89.54636363636364,-0.1380476939168565,0.0339945455042073,0.0335902354168026,0.0342576153754361,0.0334363456517507,0.0227524354238611,0.0334776100462539,0.0484195537066543,0.0004043100874047,-0.0460054544957926,-0.0464097645831974,-0.0457423846245638,-0.0465636543482492,0.0460054544957926,0.0464097645831974,0.0457423846245638,0.0465636543482492,False,0.0004043100874047,0.4174364154899927,0.4177159238570499,0.0116728374434924,0.3953674321930781,0.4175113635771595,0.4415800693381683,1.0007538446819688,1.0001305187132865,0.07939767282683094,0.9969478568842067,626
2026-09-01,jaou6_8000p,2026-09-01,2026-09,put,80.0,0.18,614.0,30.0,1,21,0.0454545454545454,89.54636363636364,-0.1127298859325666,0.0958199038436047,0.0952744533459834,0.0967126111484882,0.0949428315112672,0.0708162890321466,0.0950317534367051,0.1258907031896038,0.0005454504976212,-0.0841800961563952,-0.0847255466540165,-0.0832873888515118,-0.0850571684887327,0.0841800961563952,0.0847255466540165,0.0832873888515118,0.0850571684887327,True,0.0005454504976212,0.4174364154899927,0.4177159238570499,0.0116728374434924,0.3953674321930781,0.4175113635771595,0.4415800693381683,1.0007538446819688,1.0001305187132865,0.07939767282683094,0.9969478568842067,626
2026-09-01,jaou6_8200p,2026-09-01,2026-09,put,82.0,0.36,7.0,0.0,1,21,0.0454545454545454,89.54636363636364,-0.088037273342195,0.2317586559068019,0.2311528983547123,0.2337499617454483,0.2305540468760982,0.185622116242148,0.2307146244405256,0.2847663485301417,0.0006057575520896,-0.128241344093198,-0.1288471016452876,-0.1262500382545516,-0.1294459531239017,0.128241344093198,0.1288471016452876,0.1262500382545516,0.1294459531239017,False,0.0006057575520896,0.4174364154899927,0.4177159238570499,0.0116728374434924,0.3953674321930781,0.4175113635771595,0.4415800693381683,1.0007538446819688,1.0001305187132865,0.07939767282683094,0.9969478568842067,626
2026-09-01,jaou6_8250p,2026-09-01,2026-09,put,82.5,0.42,9.0,0.0,1,21,0.0454545454545454,89.54636363636364,-0.0819582272658129,0.2832112218083874,0.2826305796915239,0.2855699659310978,0.2819527926948469,0.2307446133584251,0.2821345362306212,0.3428642926720845,0.0005806421168634,-0.1367887781916125,-0.137369420308476,-0.1344300340689022,-0.138047207305153,0.1367887781916125,0.137369420308476,0.1344300340689022,0.138047207305153,False,0.0005806421168634,0.4174364154899927,0.4177159238570499,0.0116728374434924,0.3953674321930781,0.4175113635771595,0.4415800693381683,1.0007538446819688,1.0001305187132865,0.07939767282683094,0.9969478568842067,626
2026-09-02,jaou6_9100c,2026-09-02,2026-09,call,91.0,2.11,19.0,0.0,2,20,0.0909090909090909,90.22954545454546,0.0085025781542339,1.8955638784577904,1.895548582933977,1.8952903837761168,1.8944056344726956,1.7765245999673362,1.893978895484388,2.0224011342038537,1.5295523813074752e-05,-0.2144361215422094,-0.2144514170660225,-0.2147096162238833,-0.2155943655273045,0.2144361215422094,0.2144514170660225,0.2147096162238833,0.2155943655273045,False,1.5295523813074752e-05,0.4171328758440847,0.4173461414538646,0.0117354566464494,0.3951263429332414,0.4170532495497754,0.4410046025081179,1.00084651928423,1.0003125791570366,0.07665982203969883,0.9970682348575661,627
2026-09-02,jaou6_9150c,2026-09-02,2026-09,call,91.5,1.91,15.0,0.0,2,20,0.0909090909090909,90.22954545454546,0.0139820439188595,1.6900302684900346,1.6899886362645882,1.6897334475631367,1.68885901393709,1.5724539261900214,1.6884372504844616,1.8154595651371568,4.163222544639744e-05,-0.2199697315099653,-0.2200113637354117,-0.2202665524368632,-0.2211409860629098,0.2199697315099653,0.2200113637354117,0.2202665524368632,0.2211409860629098,False,4.163222544639744e-05,0.4171328758440847,0.4173461414538646,0.0117354566464494,0.3951263429332414,0.4170532495497754,0.4410046025081179,1.00084651928423,1.0003125791570366,0.07665982203969883,0.9970682348575661,627
2026-09-02,jaou6_9196c,2026-09-02,2026-09,call,91.96,1.74,5.0,0.0,2,20,0.0909090909090909,90.22954545454546,0.0189967715323645,1.5153546399538804,1.5152733131224092,1.5150226936196385,1.5141639168818004,1.3999917643075646,1.5137497051781346,1.638661351608182,8.132683147121789e-05,-0.2246453600461195,-0.2247266868775908,-0.2249773063803615,-0.2258360831181995,0.2246453600461195,0.2247266868775908,0.2249773063803615,0.2258360831181995,False,8.132683147121789e-05,0.4171328758440847,0.4173461414538646,0.0117354566464494,0.3951263429332414,0.4170532495497754,0.4410046025081179,1.00084651928423,1.0003125791570366,0.07665982203969883,0.9970682348575661,627
2026-09-02,jaou6_9200c,2026-09-02,2026-09,call,92.0,1.73,1.0,0.0,2,20,0.0909090909090909,90.22954545454546,0.0194316486864241,1.500847764720363,1.5007659087900147,1.5005157783657372,1.499658677511972,1.3857059754443413,1.4992452741334117,1.6239244024441375,8.185593034837346e-05,-0.2291522352796369,-0.2292340912099852,-0.2294842216342627,-0.2303413224880279,0.2291522352796369,0.2292340912099852,0.2294842216342627,0.2303413224880279,False,8.185593034837346e-05,0.4171328758440847,0.4173461414538646,0.0117354566464494,0.3951263429332414,0.4170532495497754,0.4410046025081179,1.00084651928423,1.0003125791570366,0.07665982203969883,0.9970682348575661,627
2026-09-02,jaou6_9225c,2026-09-02,2026-09,call,92.25,1.65,12.0,0.0,2,20,0.0909090909090909,90.22954545454546,0.0221453545580203,1.4124664405026388,1.4123623655192703,1.4121152260689445,1.4112683741336571,1.2987939624873353,1.410859914091119,1.5341146201298983,0.0001040749833685,-0.2375335594973611,-0.2376376344807296,-0.2378847739310554,-0.2387316258663427,0.2375335594973611,0.2376376344807296,0.2378847739310554,0.2387316258663427,False,0.0001040749833685,0.4171328758440847,0.4173461414538646,0.0117354566464494,0.3951263429332414,0.4170532495497754,0.4410046025081179,1.00084651928423,1.0003125791570366,0.07665982203969883,0.9970682348575661,627
2026-09-02,jaou6_9250c,2026-09-02,2026-09,call,92.5,1.56,50.0,0.0,2,20,0.0909090909090909,90.22954545454546,0.0248517161557634,1.3280486955404407,1.327920294304597,1.3276767921389931,1.326842403780857,1.216106893871865,1.3264399552652946,1.4480054069097477,0.0001284012358437,-0.2319513044595593,-0.2320797056954031,-0.2323232078610069,-0.233157596219143,0.2319513044595593,0.2320797056954031,0.2323232078610069,0.233157596219143,False,0.0001284012358437,0.4171328758440847,0.4173461414538646,0.0117354566464494,0.3951263429332414,0.4170532495497754,0.4410046025081179,1.00084651928423,1.0003125791570366,0.07665982203969883,0.9970682348575661,627
2026-09-02,jaou6_9435c,2026-09-02,2026-09,call,94.35,1.06,10.0,0.0,2,20,0.0909090909090909,90.22954545454546,0.0446543434519429,0.8179734431430373,0.817623987271079,0.8174164386455655,0.8167052492545129,0.7232111344179891,0.8163622229983075,0.92094040947002,0.0003494558719583,-0.2420265568569627,-0.242376012728921,-0.2425835613544346,-0.2432947507454871,0.2420265568569627,0.242376012728921,0.2425835613544346,0.2432947507454871,False,0.0003494558719583,0.4171328758440847,0.4173461414538646,0.0117354566464494,0.3951263429332414,0.4170532495497754,0.4410046025081179,1.00084651928423,1.0003125791570366,0.07665982203969883,0.9970682348575661,627
2026-09-02,jaou6_9500c,2026-09-02,2026-09,call,95.0,0.92,50.0,0.0,2,20,0.0909090909090909,90.22954545454546,0.0515199632379246,0.681564279238894,0.6811171548793451,0.6809251332304893,0.6802671488223501,0.5942658426346711,0.6799497847966699,0.7771354125516511,0.0004471243595488,-0.238435720761106,-0.2388828451206549,-0.2390748667695107,-0.2397328511776499,0.238435720761106,0.2388828451206549,0.2390748667695107,0.2397328511776499,False,0.0004471243595488,0.4171328758440847,0.4173461414538646,0.0117354566464494,0.3951263429332414,0.4170532495497754,0.4410046025081179,1.00084651928423,1.0003125791570366,0.07665982203969883,0.9970682348575661,627
2026-09-02,jaou6_9800c,2026-09-02,2026-09,call,98.0,0.48,22.0,0.0,2,20,0.0909090909090909,90.22954545454546,0.0826105503079557,0.2706689084539506,0.2699722563347917,0.269854357309912,0.2694503626532266,0.2180876758077793,0.2692555048891018,0.3306760904796412,0.0006966521191588,-0.2093310915460494,-0.2100277436652082,-0.210145642690088,-0.2105496373467734,0.2093310915460494,0.2100277436652082,0.210145642690088,0.2105496373467734,False,0.0006966521191588,0.4171328758440847,0.4173461414538646,0.0117354566464494,0.3951263429332414,0.4170532495497754,0.4410046025081179,1.00084651928423,1.0003125791570366,0.07665982203969883,0.9970682348575661,627
2026-09-02,jaou6_10000c,2026-09-02,2026-09,call,100.0,0.3,1716.0,0.0,2,20,0.0909090909090909,90.22954545454546,0.1028132576254751,0.1350997693597293,0.1344616960589966,0.1343864016295673,0.1341283965510802,0.1020072644819021,0.1340039535865635,0.1741350516940848,0.0006380733007326,-0.1649002306402706,-0.1655383039410033,-0.1656135983704326,-0.1658716034489197,0.1649002306402706,0.1655383039410033,0.1656135983704326,0.1658716034489197,False,0.0006380733007326,0.4171328758440847,0.4173461414538646,0.0117354566464494,0.3951263429332414,0.4170532495497754,0.4410046025081179,1.00084651928423,1.0003125791570366,0.07665982203969883,0.9970682348575661,627
2026-09-02,jaou6_10205c,2026-09-02,2026-09,call,102.05,0.19,5.0,0.0,2,20,0.0909090909090909,90.22954545454546,0.1231059608932376,0.0618890518081906,0.0613224718452534,0.0612788212161157,0.0611292472823992,0.0431698559588652,0.0610571036492767,0.0851367740677152,0.0005665799629371,-0.1281109481918093,-0.1286775281547465,-0.1287211787838842,-0.1288707527176008,0.1281109481918093,0.1286775281547465,0.1287211787838842,0.1288707527176008,False,0.0005665799629371,0.4171328758440847,0.4173461414538646,0.0117354566464494,0.3951263429332414,0.4170532495497754,0.4410046025081179,1.00084651928423,1.0003125791570366,0.07665982203969883,0.9970682348575661,627
2026-09-02,jaou6_10240c,2026-09-02,2026-09,call,102.4,0.17,4.0,0.0,2,20,0.0909090909090909,90.22954545454546,0.1265297842427912,0.0538231633307473,0.0532806739551201,0.0532412831810033,0.0531063061336346,0.0370491917148327,0.0530412029813449,0.0748852964817125,0.0005424893756271,-0.1161768366692526,-0.1167193260448798,-0.1167587168189966,-0.1168936938663653,0.1161768366692526,0.1167193260448798,0.1167587168189966,0.1168936938663653,False,0.0005424893756271,0.4171328758440847,0.4173461414538646,0.0117354566464494,0.3951263429332414,0.4170532495497754,0.4410046025081179,1.00084651928423,1.0003125791570366,0.07665982203969883,0.9970682348575661,627
2026-09-02,jaou6_10300c,2026-09-02,2026-09,call,103.0,0.15,2.0,0.0,2,20,0.0909090909090909,90.22954545454546,0.1323720598670195,0.0422268013090762,0.0417241688167549,0.0416916271650095,0.0415801194282977,0.0284504612851551,0.0415263361717652,0.0598692696148005,0.0005026324923212,-0.1077731986909237,-0.108275831183245,-0.1083083728349904,-0.1084198805717022,0.1077731986909237,0.108275831183245,0.1083083728349904,0.1084198805717022,False,0.0005026324923212,0.4171328758440847,0.4173461414538646,0.0117354566464494,0.3951263429332414,0.4170532495497754,0.4410046025081179,1.00084651928423,1.0003125791570366,0.07665982203969883,0.9970682348575661,627
2026-09-02,jaou6_10500c,2026-09-02,2026-09,call,105.0,0.09,73.0,0.0,2,20,0.0909090909090909,90.22954545454546,0.1516034217949073,0.0183591582007654,0.0180302413415336,0.0180131059171021,0.0179543894016989,0.0113503980819776,0.017926068807059,0.0277450910037462,0.0003289168592318,-0.0716408417992345,-0.0719697586584663,-0.0719868940828978,-0.072045610598301,0.0716408417992345,0.0719697586584663,0.0719868940828978,0.072045610598301,False,0.0003289168592318,0.4171328758440847,0.4173461414538646,0.0117354566464494,0.3951263429332414,0.4170532495497754,0.4410046025081179,1.00084651928423,1.0003125791570366,0.07665982203969883,0.9970682348575661,627
2026-09-02,jaou6_10520c,2026-09-02,2026-09,call,105.2,0.09,14.0,0.0,2,20,0.0909090909090909,90.22954545454546,0.1535063719409933,0.0168438690908198,0.0165171384886258,0.0165013255680373,0.0164471407651443,0.0103145232365524,0.0164210059404219,0.0256409670009945,0.0003267306021939,-0.0731561309091801,-0.0734828615113741,-0.0734986744319627,-0.0735528592348556,0.0731561309091801,0.0734828615113741,0.0734986744319627,0.0735528592348556,False,0.0003267306021939,0.4171328758440847,0.4173461414538646,0.0117354566464494,0.3951263429332414,0.4170532495497754,0.4410046025081179,1.00084651928423,1.0003125791570366,0.07665982203969883,0.9970682348575661,627
2026-09-02,jaou6_10825c,2026-09-02,2026-09,call,108.25,0.04,3.0,0.0,2,20,0.0909090909090909,90.22954545454546,0.1820864385199831,0.0042376972367997,0.0040899713291791,0.0040847534055433,0.0040668735861808,0.0021870945853875,0.0040582496562196,0.0072719795016218,0.0001477259076205,-0.0357623027632003,-0.0359100286708208,-0.0359152465944566,-0.0359331264138191,0.0357623027632003,0.0359100286708208,0.0359152465944566,0.0359331264138191,False,0.0001477259076205,0.4171328758440847,0.4173461414538646,0.0117354566464494,0.3951263429332414,0.4170532495497754,0.4410046025081179,1.00084651928423,1.0003125791570366,0.07665982203969883,0.9970682348575661,627
2026-09-02,jaou6_11000c,2026-09-02,2026-09,call,110.0,0.03,50.0,0.0,2,20,0.0909090909090909,90.22954545454546,0.1981234374298001,0.0018014953288482,0.0017195766351998,0.0017171278796583,0.0017087369353284,0.0008586684424954,0.001704689751476,0.0033067109166208,8.19186936483929e-05,-0.0281985046711517,-0.0282804233648001,-0.0282828721203416,-0.0282912630646715,0.0281985046711517,0.0282804233648001,0.0282828721203416,0.0282912630646715,False,8.19186936483929e-05,0.4171328758440847,0.4173461414538646,0.0117354566464494,0.3951263429332414,0.4170532495497754,0.4410046025081179,1.00084651928423,1.0003125791570366,0.07665982203969883,0.9970682348575661,627
2026-09-02,jaou6_7600p,2026-09-02,2026-09,put,76.0,0.02,4.0,0.0,2,20,0.0909090909090909,90.22954545454546,-0.171623588076285,0.0036092548979143,0.0034913383072968,0.0034870244133682,0.0034722423564474,0.0019039687176631,0.0034651125627407,0.0061252585567522,0.0001179165906174,-0.0163907451020856,-0.0165086616927031,-0.0165129755866317,-0.0165277576435525,0.0163907451020856,0.0165086616927031,0.0165129755866317,0.0165277576435525,False,0.0001179165906174,0.4171328758440847,0.4173461414538646,0.0117354566464494,0.3951263429332414,0.4170532495497754,0.4410046025081179,1.00084651928423,1.0003125791570366,0.07665982203969883,0.9970682348575661,627
2026-09-02,jaou6_7750p,2026-09-02,2026-09,put,77.5,0.04,14.0,0.0,2,20,0.0909090909090909,90.22954545454546,-0.1520789920033148,0.0105519252476919,0.0103218529018598,0.0103113595324705,0.0102754027875504,0.0062851897237758,0.0102580598578745,0.016399720800802,0.0002300723458321,-0.029448074752308,-0.0296781470981401,-0.0296886404675294,-0.0297245972124495,0.029448074752308,0.0296781470981401,0.0296886404675294,0.0297245972124495,False,0.0002300723458321,0.4171328758440847,0.4173461414538646,0.0117354566464494,0.3951263429332414,0.4170532495497754,0.4410046025081179,1.00084651928423,1.0003125791570366,0.07665982203969883,0.9970682348575661,627
2026-09-02,jaou6_7800p,2026-09-02,2026-09,put,78.0,0.05,26.0,0.0,2,20,0.0909090909090909,90.22954545454546,-0.1456481016730243,0.0146863261395772,0.014438385855677,0.0144248256165009,0.0143783598872372,0.0090425576846345,0.0143559481845998,0.0221721295693952,0.0002479402839002,-0.0353136738604227,-0.0355616141443229,-0.035575174383499,-0.0356216401127627,0.0353136738604227,0.0355616141443229,0.035575174383499,0.0356216401127627,False,0.0002479402839002,0.4171328758440847,0.4173461414538646,0.0117354566464494,0.3951263429332414,0.4170532495497754,0.4410046025081179,1.00084651928423,1.0003125791570366,0.07665982203969883,0.9970682348575661,627
2026-09-02,jaou6_8000p,2026-09-02,2026-09,put,80.0,0.1,644.0,30.0,2,20,0.0909090909090909,90.22954545454546,-0.1203302936887345,0.0494355075625071,0.0489720313749157,0.048936622095363,0.0488152881000144,0.0342428076058834,0.0487567653679567,0.0683847457054507,0.0004634761875914,-0.0505644924374928,-0.0510279686250842,-0.0510633779046369,-0.0511847118999855,0.0505644924374928,0.0510279686250842,0.0510633779046369,0.0511847118999855,True,0.0004634761875914,0.4171328758440847,0.4173461414538646,0.0117354566464494,0.3951263429332414,0.4170532495497754,0.4410046025081179,1.00084651928423,1.0003125791570366,0.07665982203969883,0.9970682348575661,627
2026-09-02,jaou6_8200p,2026-09-02,2026-09,put,82.0,0.22,7.0,0.0,2,20,0.0909090909090909,90.22954545454546,-0.095637681098363,0.1393876890449235,0.1387732095353608,0.1386993127075104,0.1384460966726191,0.1069327790371607,0.138323963595899,0.1775501498740187,0.0006144795095626,-0.0806123109550764,-0.0812267904646391,-0.0813006872924896,-0.0815539033273808,0.0806123109550764,0.0812267904646391,0.0813006872924896,0.0815539033273808,False,0.0006144795095626,0.4171328758440847,0.4173461414538646,0.0117354566464494,0.3951263429332414,0.4170532495497754,0.4410046025081179,1.00084651928423,1.0003125791570366,0.07665982203969883,0.9970682348575661,627
2026-09-02,jaou6_8250p,2026-09-02,2026-09,put,82.5,0.26,9.0,0.0,2,20,0.0909090909090909,90.22954545454546,-0.0895586350219807,0.1758368714954105,0.1752302533018208,0.1751438913728294,0.1748479622259248,0.1376720166905343,0.1747052274373553,0.2200781192466897,0.0006066181935897,-0.0841631285045894,-0.0847697466981791,-0.0848561086271705,-0.0851520377740751,0.0841631285045894,0.0847697466981791,0.0848561086271705,0.0851520377740751,False,0.0006066181935897,0.4171328758440847,0.4173461414538646,0.0117354566464494,0.3951263429332414,0.4170532495497754,0.4410046025081179,1.00084651928423,1.0003125791570366,0.07665982203969883,0.9970682348575661,627
2026-09-03,jaou6_9100c,2026-09-03,2026-09,call,91.0,1.98,19.0,0.0,3,19,0.1363636363636363,90.34590909090907,0.0072137689662579,1.832024725989795,1.8320133454494785,1.822214199713636,1.8308228813753944,1.7198585117172835,1.8300986607372292,1.9527207265368127,1.1380540316796584e-05,-0.1479752740102049,-0.1479866545505217,-0.1577858002863643,-0.1491771186246056,0.1479752740102049,0.1479866545505217,0.1577858002863643,0.1491771186246056,False,1.1380540316796584e-05,0.4168031274345707,0.417036658310689,0.0116936102768162,0.3950274133058871,0.4166610585693144,0.4407066925575942,1.0008661879494358,1.000188542186324,0.07392197125256673,0.9971727926005937,628
2026-09-03,jaou6_9150c,2026-09-03,2026-09,call,91.5,1.78,15.0,0.0,3,19,0.1363636363636363,90.34590909090907,0.0126932347308835,1.623715217830027,1.623677749938447,1.6139925194960998,1.6225011250364756,1.5129198165569484,1.621785323479808,1.7430910721847288,3.746789157998976e-05,-0.1562847821699731,-0.1563222500615531,-0.1660074805039002,-0.1574988749635244,0.1562847821699731,0.1563222500615531,0.1660074805039002,0.1574988749635244,False,3.746789157998976e-05,0.4168031274345707,0.417036658310689,0.0116936102768162,0.3950274133058871,0.4166610585693144,0.4407066925575942,1.0008661879494358,1.000188542186324,0.07392197125256673,0.9971727926005937,628
2026-09-03,jaou6_9196c,2026-09-03,2026-09,call,91.96,1.61,5.0,0.0,3,19,0.1363636363636363,90.34590909090907,0.0177079623443885,1.4478805763960545,1.4478069804027616,1.4383022056082784,1.4466522784287208,1.3392403790327752,1.4459498137187516,1.565147726104447,7.359599329270772e-05,-0.1621194236039458,-0.1621930195972385,-0.1716977943917217,-0.1633477215712793,0.1621194236039458,0.1621930195972385,0.1716977943917217,0.1633477215712793,False,7.359599329270772e-05,0.4168031274345707,0.417036658310689,0.0116936102768162,0.3950274133058871,0.4166610585693144,0.4407066925575942,1.0008661879494358,1.000188542186324,0.07392197125256673,0.9971727926005937,628
2026-09-03,jaou6_9200c,2026-09-03,2026-09,call,92.0,1.6,1.0,0.0,3,19,0.1363636363636363,90.34590909090907,0.0181428394984481,1.4333061260741138,1.4332299914148938,1.423744711402718,1.4320776577940335,1.3248900960541552,1.4313766338753398,1.5503498684068489,7.613465921996188e-05,-0.1666938739258863,-0.1667700085851062,-0.1762552885972821,-0.1679223422059665,0.1666938739258863,0.1667700085851062,0.1762552885972821,0.1679223422059665,False,7.613465921996188e-05,0.4168031274345707,0.417036658310689,0.0116936102768162,0.3950274133058871,0.4166610585693144,0.4407066925575942,1.0008661879494358,1.000188542186324,0.07392197125256673,0.9971727926005937,628
2026-09-03,jaou6_9225c,2026-09-03,2026-09,call,92.25,1.51,12.0,0.0,3,19,0.1363636363636363,90.34590909090907,0.0208565453700444,1.3447294833310628,1.344631071179434,1.3352712734353285,1.343493981962127,1.2378000186074232,1.3428022319996238,1.4603029978130142,9.841215162875729e-05,-0.1652705166689372,-0.1653689288205659,-0.1747287265646717,-0.166506018037873,0.1652705166689372,0.1653689288205659,0.1747287265646717,0.166506018037873,False,9.841215162875729e-05,0.4168031274345707,0.417036658310689,0.0116936102768162,0.3950274133058871,0.4166610585693144,0.4407066925575942,1.0008661879494358,1.000188542186324,0.07392197125256673,0.9971727926005937,628
2026-09-03,jaou6_9250c,2026-09-03,2026-09,call,92.5,1.43,50.0,0.0,3,19,0.1363636363636363,90.34590909090907,0.0235629069677873,1.260429508909484,1.2603122441890682,1.2510983353170864,1.2591928785025417,1.1552150982507194,1.2585119106770652,1.3742817799961822,0.0001172647204157,-0.169570491090516,-0.1696877558109317,-0.1789016646829135,-0.1708071214974584,0.169570491090516,0.1696877558109317,0.1789016646829135,0.1708071214974584,False,0.0001172647204157,0.4168031274345707,0.417036658310689,0.0116936102768162,0.3950274133058871,0.4166610585693144,0.4407066925575942,1.0008661879494358,1.000188542186324,0.07392197125256673,0.9971727926005937,628
2026-09-03,jaou6_9435c,2026-09-03,2026-09,call,94.35,0.94,10.0,0.0,3,19,0.1363636363636363,90.34590909090907,0.043365534263967,0.7556523149288895,0.7553178238016705,0.7475339580641286,0.7543721890731102,0.6673822730082163,0.7537969107413253,0.8525594990627593,0.000334491127219,-0.1843476850711104,-0.1846821761983295,-0.1924660419358713,-0.1856278109268897,0.1843476850711104,0.1846821761983295,0.1924660419358713,0.1856278109268897,False,0.000334491127219,0.4168031274345707,0.417036658310689,0.0116936102768162,0.3950274133058871,0.4166610585693144,0.4407066925575942,1.0008661879494358,1.000188542186324,0.07392197125256673,0.9971727926005937,628
2026-09-03,jaou6_9500c,2026-09-03,2026-09,call,95.0,0.8,50.0,0.0,3,19,0.1363636363636363,90.34590909090907,0.0502311540499487,0.6223362423519159,0.6219211754459001,0.6147627236961026,0.6210515200836958,0.5414068497624366,0.6205224639155088,0.7118035446370742,0.0004150669060157,-0.1776637576480841,-0.1780788245540999,-0.1852372763038974,-0.1789484799163042,0.1776637576480841,0.1780788245540999,0.1852372763038974,0.1789484799163042,False,0.0004150669060157,0.4168031274345707,0.417036658310689,0.0116936102768162,0.3950274133058871,0.4166610585693144,0.4407066925575942,1.0008661879494358,1.000188542186324,0.07392197125256673,0.9971727926005937,628
2026-09-03,jaou6_9800c,2026-09-03,2026-09,call,98.0,0.38,22.0,0.0,3,19,0.1363636363636363,90.34590909090907,0.0813217411199798,0.2331081562572888,0.2324756782374608,0.228328786266116,0.2319718867801161,0.1870872448576632,0.2316654044773881,0.2862519234168239,0.0006324780198279,-0.1468918437427112,-0.1475243217625391,-0.1516712137338839,-0.1480281132198838,0.1468918437427112,0.1475243217625391,0.1516712137338839,0.1480281132198838,False,0.0006324780198279,0.4168031274345707,0.417036658310689,0.0116936102768162,0.3950274133058871,0.4166610585693144,0.4407066925575942,1.0008661879494358,1.000188542186324,0.07392197125256673,0.9971727926005937,628
2026-09-03,jaou6_10000c,2026-09-03,2026-09,call,100.0,0.23,1716.0,0.0,3,19,0.1363636363636363,90.34590909090907,0.1015244484374991,0.1118703277745445,0.1112540767065368,0.1086709654880933,0.110940263524468,0.0838068390202458,0.1107493547957378,0.1456455481512792,0.0006162510680077,-0.1181296722254554,-0.1187459232934632,-0.1213290345119066,-0.1190597364755319,0.1181296722254554,0.1187459232934632,0.1213290345119066,0.1190597364755319,False,0.0006162510680077,0.4168031274345707,0.417036658310689,0.0116936102768162,0.3950274133058871,0.4166610585693144,0.4407066925575942,1.0008661879494358,1.000188542186324,0.07392197125256673,0.9971727926005937,628
2026-09-03,jaou6_10205c,2026-09-03,2026-09,call,102.05,0.14,5.0,0.0,3,19,0.1363636363636363,90.34590909090907,0.1218171517052616,0.0492345040637024,0.0487536954416675,0.0473167293722399,0.0485791234404497,0.033932365007626,0.0484729222968116,0.0685244840945727,0.0004808086220349,-0.0907654959362976,-0.0912463045583325,-0.09268327062776,-0.0914208765595503,0.0907654959362976,0.0912463045583325,0.09268327062776,0.0914208765595503,False,0.0004808086220349,0.4168031274345707,0.417036658310689,0.0116936102768162,0.3950274133058871,0.4166610585693144,0.4407066925575942,1.0008661879494358,1.000188542186324,0.07392197125256673,0.9971727926005937,628
2026-09-03,jaou6_10240c,2026-09-03,2026-09,call,102.4,0.13,4.0,0.0,3,19,0.1363636363636363,90.34590909090907,0.1252409750548153,0.0424854233498579,0.0420231960473307,0.0407410153885087,0.041867428386357,0.0288211639575722,0.0417726668918342,0.0598768638730632,0.0004622273025272,-0.087514576650142,-0.0879768039526692,-0.0892589846114912,-0.0881325716136429,0.087514576650142,0.0879768039526692,0.0892589846114912,0.0881325716136429,False,0.0004622273025272,0.4168031274345707,0.417036658310689,0.0116936102768162,0.3950274133058871,0.4166610585693144,0.4407066925575942,1.0008661879494358,1.000188542186324,0.07392197125256673,0.9971727926005937,628
2026-09-03,jaou6_10300c,2026-09-03,2026-09,call,103.0,0.11,2.0,0.0,3,19,0.1363636363636363,90.34590909090907,0.1310832506790436,0.0328519261700763,0.0323988858754315,0.0313467532851886,0.0322710659527952,0.0218179720315063,0.0321933065075864,0.0472930794889272,0.0004530402946447,-0.0771480738299237,-0.0776011141245684,-0.0786532467148113,-0.0777289340472047,0.0771480738299237,0.0776011141245684,0.0786532467148113,0.0777289340472047,False,0.0004530402946447,0.4168031274345707,0.417036658310689,0.0116936102768162,0.3950274133058871,0.4166610585693144,0.4407066925575942,1.0008661879494358,1.000188542186324,0.07392197125256673,0.9971727926005937,628
2026-09-03,jaou6_10500c,2026-09-03,2026-09,call,105.0,0.06,73.0,0.0,3,19,0.1363636363636363,90.34590909090907,0.1503146126069313,0.013725422346075,0.0134495399907875,0.0129429856834981,0.0133880004728891,0.008445127845972,0.0133505628131604,0.0209790764786419,0.0002758823552875,-0.0462745776539249,-0.0465504600092124,-0.0470570143165018,-0.0466119995271108,0.0462745776539249,0.0465504600092124,0.0470570143165018,0.0466119995271108,False,0.0002758823552875,0.4168031274345707,0.417036658310689,0.0116936102768162,0.3950274133058871,0.4166610585693144,0.4407066925575942,1.0008661879494358,1.000188542186324,0.07392197125256673,0.9971727926005937,628
2026-09-03,jaou6_10520c,2026-09-03,2026-09,call,105.2,0.06,14.0,0.0,3,19,0.1363636363636363,90.34590909090907,0.1522175627530174,0.0125639438785634,0.0123139143037895,0.0118480735520893,0.0122573209339088,0.0076456876474292,0.0122228922708831,0.0193092269352185,0.0002500295747738,-0.0474360561214365,-0.0476860856962104,-0.0481519264479106,-0.0477426790660911,0.0474360561214365,0.0476860856962104,0.0481519264479106,0.0477426790660911,False,0.0002500295747738,0.4168031274345707,0.417036658310689,0.0116936102768162,0.3950274133058871,0.4166610585693144,0.4407066925575942,1.0008661879494358,1.000188542186324,0.07392197125256673,0.9971727926005937,628
2026-09-03,jaou6_10825c,2026-09-03,2026-09,call,108.25,0.03,3.0,0.0,3,19,0.1363636363636363,90.34590909090907,0.1807976293320072,0.0029761390417188,0.0028530613422994,0.0027084456083644,0.0028354924806417,0.0015808872845981,0.0028248044368119,0.0051976686038654,0.0001230776994193,-0.0270238609582811,-0.0271469386577005,-0.0272915543916355,-0.0271645075193582,0.0270238609582811,0.0271469386577005,0.0272915543916355,0.0271645075193582,False,0.0001230776994193,0.4168031274345707,0.417036658310689,0.0116936102768162,0.3950274133058871,0.4166610585693144,0.4407066925575942,1.0008661879494358,1.000188542186324,0.07392197125256673,0.9971727926005937,628
2026-09-03,jaou6_11000c,2026-09-03,2026-09,call,110.0,0.02,50.0,0.0,3,19,0.1363636363636363,90.34590909090907,0.196834628241824,0.0013136228496257,0.0012637972862293,0.0011965696685833,0.0012556300371903,0.000656143094299,0.0012506614787602,0.0023171508397846,4.9825563396388656e-05,-0.0186863771503742,-0.0187362027137706,-0.0188034303314167,-0.0187443699628096,0.0186863771503742,0.0187362027137706,0.0188034303314167,0.0187443699628096,False,4.9825563396388656e-05,0.4168031274345707,0.417036658310689,0.0116936102768162,0.3950274133058871,0.4166610585693144,0.4407066925575942,1.0008661879494358,1.000188542186324,0.07392197125256673,0.9971727926005937,628
2026-09-03,jaou6_7750p,2026-09-03,2026-09,put,77.5,0.02,14.0,0.0,3,19,0.1363636363636363,90.34590909090907,-0.1533678011912908,0.0063815931717255,0.0062439833468651,0.0059822419083248,0.0062121852914344,0.0036737929431576,0.0061928408958347,0.0101341000983595,0.0001376098248604,-0.0136184068282744,-0.0137560166531348,-0.0140177580916751,-0.0137878147085655,0.0136184068282744,0.0137560166531348,0.0140177580916751,0.0137878147085655,False,0.0001376098248604,0.4168031274345707,0.417036658310689,0.0116936102768162,0.3950274133058871,0.4166610585693144,0.4407066925575942,1.0008661879494358,1.000188542186324,0.07392197125256673,0.9971727926005937,628
2026-09-03,jaou6_7800p,2026-09-03,2026-09,put,78.0,0.03,26.0,0.0,3,19,0.1363636363636363,90.34590909090907,-0.1469369108610004,0.0090475030309377,0.0088537836294927,0.0085060129621065,0.0088115341827855,0.0054575942876716,0.0087858316673357,0.0140081805397477,0.0001937194014449,-0.0209524969690622,-0.0211462163705072,-0.0214939870378934,-0.0211884658172144,0.0209524969690622,0.0211462163705072,0.0214939870378934,0.0211884658172144,False,0.0001937194014449,0.4168031274345707,0.417036658310689,0.0116936102768162,0.3950274133058871,0.4166610585693144,0.4407066925575942,1.0008661879494358,1.000188542186324,0.07392197125256673,0.9971727926005937,628
2026-09-03,jaou6_8000p,2026-09-03,2026-09,put,80.0,0.07,644.0,0.0,3,19,0.1363636363636363,90.34590909090907,-0.1216191028767105,0.033349185437185,0.0329815028021976,0.0319545984659623,0.0328567477722425,0.0224479087978916,0.0327808528591786,0.0472467763052097,0.0003676826349874,-0.0366508145628149,-0.0370184971978024,-0.0380454015340376,-0.0371432522277574,0.0366508145628149,0.0370184971978024,0.0380454015340376,0.0371432522277574,False,0.0003676826349874,0.4168031274345707,0.417036658310689,0.0116936102768162,0.3950274133058871,0.4166610585693144,0.4407066925575942,1.0008661879494358,1.000188542186324,0.07392197125256673,0.9971727926005937,628
2026-09-03,jaou6_8200p,2026-09-03,2026-09,put,82.0,0.16,7.0,0.0,3,19,0.1363636363636363,90.34590909090907,-0.096926490286339,0.1025505525926319,0.1020168746840811,0.0996951087608316,0.1017348114313681,0.0772091980250972,0.1015632178206664,0.1329339455589667,0.0005336779085508,-0.057449447407368,-0.0579831253159188,-0.0603048912391683,-0.0582651885686318,0.057449447407368,0.0579831253159188,0.0603048912391683,0.0582651885686318,False,0.0005336779085508,0.4168031274345707,0.417036658310689,0.0116936102768162,0.3950274133058871,0.4166610585693144,0.4407066925575942,1.0008661879494358,1.000188542186324,0.07392197125256673,0.9971727926005937,628
2026-09-03,jaou6_8250p,2026-09-03,2026-09,put,82.5,0.19,24.0,15.0,3,19,0.1363636363636363,90.34590909090907,-0.0908474442099567,0.1318585671244413,0.1313121144116354,0.1285521113705201,0.1309768112583419,0.1015891354942121,0.1307728290727865,0.1676258471944479,0.0005464527128059,-0.0581414328755586,-0.0586878855883645,-0.0614478886294798,-0.059023188741658,0.0581414328755586,0.0586878855883645,0.0614478886294798,0.059023188741658,True,0.0005464527128059,0.4168031274345707,0.417036658310689,0.0116936102768162,0.3950274133058871,0.4166610585693144,0.4407066925575942,1.0008661879494358,1.000188542186324,0.07392197125256673,0.9971727926005937,628
