valuation_date,apo_expiry,contract_id,option_type,strike,market_settlement,open_interest,volume,positive_volume,log_moneyness,sigma_p_posterior_mean,apo_implied_sigma_q,iv_status,model_price_sigma_min,model_price_sigma_max,iv_minus_sigma_p,baseline_pi_price,baseline_pm_price,baseline_pi_error,baseline_pm_error
2026-08-25,2026-10,jaov6_8000p,put,80.0,4.73,3500.0,0.0,False,-0.0031314555077071,0.4159071885081959,0.4272403257183346,interior,0.0,32.33837856846696,0.011333137210138677,4.575705910913079,4.575711776817269,-0.1542940890869211,-0.15428822318273117
2026-08-25,2026-10,jaov6_8200p,put,82.0,5.9,7.0,0.0,False,0.0215611570826642,0.4159071885081959,0.433233070647847,interior,1.7370901527596045,33.7462833421614,0.017325882139651083,5.677693643568571,5.677663357390565,-0.22230635643142893,-0.2223366426094353
2026-08-25,2026-10,jaov6_9000p,put,90.0,11.71,400.0,0.0,False,0.1146515801486762,0.4159071885081959,0.46296423390840946,interior,9.68220103856243,39.52681301518446,0.04705704540021355,11.263765074095284,11.26292494126788,-0.4462349259047169,-0.4470750587321213
2026-08-26,2026-10,jaov6_9200c,call,92.0,1.71,1.0,0.0,False,0.1363246747356533,0.4156123363824248,0.47653699588717746,interior,0.0,29.021573289286504,0.060924659504752676,1.185888585308267,1.1848863495236326,-0.524111414691733,-0.5251136504763674
2026-08-26,2026-10,jaov6_9225c,call,92.25,1.67,12.0,0.0,False,0.1390383806072496,0.4156123363824248,0.4772003788704652,interior,0.0,28.958808709635946,0.061588042488040395,1.1473553395552538,1.146299261141806,-0.5226446604447461,-0.523700738858194
2026-08-26,2026-10,jaov6_9348c,call,93.48,1.5,10.0,0.0,False,0.1522836073572702,0.4156123363824248,0.48215045847543947,interior,0.0,28.652945242530524,0.06653812209301468,0.9733074593075374,0.9721766933784524,-0.5266925406924626,-0.5278233066215476
2026-08-26,2026-10,jaov6_9353c,call,93.53,1.5,20.0,0.0,False,0.1528183381330726,0.4156123363824248,0.48315006916112846,interior,0.0,28.640614138876547,0.06753773277870367,0.96674886854564,0.965610893510924,-0.53325113145436,-0.534389106489076
2026-08-26,2026-10,jaov6_9435c,call,94.35,1.4,10.0,0.0,False,0.1615473695011722,0.4156123363824248,0.4867831368804871,interior,0.0,28.43951110697629,0.07117080049806229,0.864558039644253,0.8633769729719385,-0.5354419603557469,-0.5366230270280614
2026-08-26,2026-10,jaov6_9800c,call,98.0,1.03,22.0,0.0,False,0.1995035763571849,0.4156123363824248,0.5018070211366745,interior,0.0,27.569464103074683,0.08619468475424974,0.5158454448512196,0.5144811631458863,-0.5141545551487804,-0.5155188368541137
2026-08-26,2026-10,jaov6_9911c,call,99.11,0.94,12.0,0.0,False,0.2107664421052301,0.4156123363824248,0.5063106942890641,interior,0.0,27.3127456914642,0.09069835790663927,0.4389327645124862,0.4375988672326675,-0.5010672354875138,-0.5024011327673324
2026-08-26,2026-10,jaov6_9955c,call,99.55,0.91,100.0,0.0,False,0.2151961281968183,0.4156123363824248,0.5086121190312284,interior,0.0,27.21196928298704,0.0929997826488036,0.4113586001659244,0.4100720784889669,-0.4986413998340756,-0.49992792151103316
2026-08-26,2026-10,jaov6_10000c,call,100.0,0.88,1636.0,0.0,False,0.2197062836747045,0.4156123363824248,0.5108729516731579,interior,0.0,27.10947483090661,0.09526061529073315,0.3847062007098188,0.3834218226362819,-0.4952937992901812,-0.4965781773637181
2026-08-26,2026-10,jaov6_10205c,call,102.05,0.75,5.0,0.0,False,0.2399989869424668,0.4156123363824248,0.5196993244260649,interior,0.0,26.649758024915265,0.10408698804364014,0.2815526160084235,0.2801754340104944,-0.4684473839915765,-0.4698245659895056
2026-08-26,2026-10,jaov6_10240c,call,102.4,0.73,4.0,0.0,False,0.2434228102920205,0.4156123363824248,0.5211776993041668,interior,0.0,26.572431322516966,0.10556536292174201,0.2667423882596338,0.2653537524705878,-0.46325761174036617,-0.4646462475294122
2026-08-26,2026-10,jaov6_10300c,call,103.0,0.69,2.0,0.0,False,0.2492650859162488,0.4156123363824248,0.5223237981894134,interior,0.0,26.440646159385608,0.10671146180698865,0.2430664632408684,0.2417034161197833,-0.44693353675913156,-0.44829658388021665
2026-08-26,2026-10,jaov6_10500c,call,105.0,0.6,23.0,0.0,False,0.2684964478441365,0.4156123363824248,0.5322022754355472,interior,0.0,26.008315543744523,0.11658993905312243,0.1777789938445554,0.1765450861970313,-0.42222100615544456,-0.4234549138029687
2026-08-26,2026-10,jaov6_10800c,call,108.0,0.48,100.0,0.0,False,0.2966673248108327,0.4156123363824248,0.5441164302837961,interior,0.0,25.379261923425688,0.1285040939013713,0.1100380821806829,0.1090329330385579,-0.3699619178193171,-0.3709670669614421
2026-08-26,2026-10,jaov6_11500c,call,115.0,0.3,20.0,0.0,False,0.3594682260498631,0.4156123363824248,0.5730868903436277,interior,0.0,23.996444071643285,0.1574745539612029,0.0341248876169032,0.0335039329923866,-0.2658751123830968,-0.2664960670076134
2026-08-26,2026-10,jaov6_12100c,call,121.0,0.21,10.0,0.0,False,0.4103266432833541,0.4156123363824248,0.5978701033493882,interior,0.0,22.89806678605462,0.18225776696696339,0.0121471642426333,0.0117713910451453,-0.1978528357573667,-0.1982286089548547
2026-08-26,2026-10,jaov6_12500c,call,125.0,0.17,200.0,0.0,False,0.4428498349889142,0.4156123363824248,0.6146903356511273,interior,0.0,22.206545791709225,0.1990779992687025,0.0058898391360417,0.0056955207072271,-0.1641101608639583,-0.16430447929277292
2026-08-26,2026-10,jaov6_16000c,call,160.0,0.04,15.0,0.0,False,0.68970991292044,0.4156123363824248,0.7395630439212679,interior,0.0,17.274816865875206,0.32395070753884314,1.591057708025128e-05,7.1272654383398e-06,-0.03998408942291975,-0.03999287273456166
2026-08-26,2026-10,jaov6_7200p,put,72.0,1.55,1.0,0.0,False,-0.1087977832973315,0.4156123363824248,0.4237969741365907,interior,0.0,26.570903853359393,0.008184637754165891,1.4667141837459858,1.466051979861615,-0.08328581625401421,-0.0839480201383851
2026-08-26,2026-10,jaov6_7400p,put,74.0,2.13,205.0,0.0,False,-0.0813988091092172,0.4156123363824248,0.4244438655616396,interior,0.0,27.906070396643237,0.008831529179214814,2.027265714963803,2.0268234265342757,-0.10273428503619675,-0.10317657346572418
2026-08-26,2026-10,jaov6_7450p,put,74.5,2.29,413.0,0.0,False,-0.074664776927873,0.4156123363824248,0.424095039202393,interior,0.0,28.242741539691647,0.008482702819968213,2.18733472666621,2.186967667316421,-0.10266527333378983,-0.10303233268357914
2026-08-26,2026-10,jaov6_7500p,put,75.0,2.47,608.0,0.0,False,-0.0679757887770764,0.4156123363824248,0.42497703073031046,interior,0.0,28.58054214578417,0.009364694347885671,2.355724018876554,2.3554007039317177,-0.11427598112344617,-0.11459929606828245
2026-08-26,2026-10,jaov6_7600p,put,76.0,2.85,4.0,0.0,False,-0.0547305620270558,0.4156123363824248,0.42617591098706953,interior,0.0,29.259488158718465,0.010563574604644743,2.7179441883982207,2.7177442939023977,-0.13205581160177937,-0.1322557060976024
2026-08-26,2026-10,jaov6_7800p,put,78.0,3.71,26.0,0.0,False,-0.0287550756237952,0.4156123363824248,0.42836872506523893,interior,0.0,30.63046164974731,0.012756388682814146,3.545553880870956,3.545500131420152,-0.16444611912904383,-0.16449986857984777
2026-08-26,2026-10,jaov6_8000p,put,80.0,4.73,3500.0,0.0,False,-0.0034372676395053,0.4156123363824248,0.4328011544459786,interior,0.0,32.01832865488487,0.017188818063553823,4.511709719928746,4.511714878018768,-0.21829028007125473,-0.21828512198123207
2026-08-26,2026-10,jaov6_8200p,put,82.0,5.89,7.0,0.0,False,0.0212553449508662,0.4156123363824248,0.43808961720535616,interior,1.7129019189132042,33.422458383006685,0.022477280822931378,5.611983145181368,5.61195424714506,-0.2780168548186319,-0.2780457528549398
2026-08-26,2026-10,jaov6_9000p,put,90.0,11.69,400.0,0.0,False,0.114345768016878,0.4156123363824248,0.46756575235078357,interior,9.658888680345001,39.18999375608274,0.051953415968358785,11.204517975078913,11.203688729699376,-0.4854820249210867,-0.4863112703006234
2026-08-27,2026-10,jaov6_9200c,call,92.0,1.87,1.0,0.0,False,0.1237208370688145,0.4154825254006624,0.47203810594330725,interior,0.0,29.339255745772213,0.05655558054264487,1.3559955008685836,1.3550976511290218,-0.5140044991314165,-0.5149023488709783
2026-08-27,2026-10,jaov6_9225c,call,92.25,1.83,12.0,0.0,False,0.1264345429404109,0.4154825254006624,0.473135124679807,interior,0.0,29.275185933448576,0.05765259927914462,1.3127747890551174,1.311838623999132,-0.5172252109448827,-0.5181613760008681
2026-08-27,2026-10,jaov6_9348c,call,93.48,1.64,10.0,0.0,False,0.1396797696904314,0.4154825254006624,0.47779436998561714,interior,0.0,28.962966552017477,0.062311844584954756,1.116746684548505,1.11567535488619,-0.5232533154514949,-0.5243246451138099
2026-08-27,2026-10,jaov6_9353c,call,93.53,1.64,20.0,0.0,False,0.1402145004662338,0.4154825254006624,0.47883749447824087,interior,0.0,28.950379375892844,0.06335496907757848,1.1093414084805182,1.1082630937186695,-0.5306585915194817,-0.5317369062813304
2026-08-27,2026-10,jaov6_9435c,call,94.35,1.53,10.0,0.0,False,0.1489435318343334,0.4154825254006624,0.4825195708884963,interior,0.0,28.74510212206084,0.0670370454878339,0.9938892992533482,0.9927626587127476,-0.5361107007466518,-0.5372373412872524
2026-08-27,2026-10,jaov6_9800c,call,98.0,1.12,22.0,0.0,False,0.1868997386903463,0.4154825254006624,0.4972809254413844,interior,0.0,27.857042768424964,0.08179840004072203,0.5973455718767704,0.5959015089281259,-0.5226544281232297,-0.5240984910718742
2026-08-27,2026-10,jaov6_9911c,call,99.11,1.02,12.0,0.0,False,0.1981626044383913,0.4154825254006624,0.5016541746326969,interior,0.0,27.595025805263017,0.08617164923203452,0.5091755718080916,0.5078140766782708,-0.5108244281919084,-0.5121859233217292
2026-08-27,2026-10,jaov6_9955c,call,99.55,0.99,100.0,0.0,False,0.2025922905299795,0.4154825254006624,0.5044470982706669,interior,0.0,27.492171632687157,0.08896457287000453,0.477690920565514,0.4763546822333593,-0.512309079434486,-0.5136453177666407
2026-08-27,2026-10,jaov6_10000c,call,100.0,0.95,1636.0,0.0,False,0.2071024460078656,0.4154825254006624,0.5056335727869867,interior,0.0,27.387565318636867,0.09015104738632435,0.4472970349295571,0.4459503114649141,-0.5027029650704429,-0.5040496885350858
2026-08-27,2026-10,jaov6_10205c,call,102.05,0.81,5.0,0.0,False,0.2273951492756281,0.4154825254006624,0.5149367903731175,interior,0.0,26.918393411986028,0.09945426497245508,0.3290461592760763,0.3276728344204551,-0.4809538407239238,-0.48232716557954497
2026-08-27,2026-10,jaov6_10240c,call,102.4,0.79,4.0,0.0,False,0.2308189726251816,0.4154825254006624,0.5167674193762877,interior,0.0,26.83947919904632,0.10128489397562529,0.3118826070731252,0.3104832598391037,-0.47811739292687483,-0.47951674016089635
2026-08-27,2026-10,jaov6_10300c,call,103.0,0.75,2.0,0.0,False,0.2366612482494101,0.4154825254006624,0.5185901521827615,interior,0.0,26.704990497831464,0.10310762678209912,0.2843732765669645,0.2829994743412162,-0.4656267234330355,-0.4670005256587838
2026-08-27,2026-10,jaov6_10500c,call,105.0,0.64,23.0,0.0,False,0.2558926101772977,0.4154825254006624,0.5263600335148507,interior,0.0,26.263809166224075,0.11087750811418834,0.2083507953301667,0.2070732041407338,-0.4316492046698333,-0.4329267958592662
2026-08-27,2026-10,jaov6_10800c,call,108.0,0.51,100.0,0.0,False,0.2840634871439939,0.4154825254006624,0.5384013079772345,interior,0.0,25.62193176268007,0.12291878257657213,0.1294303224037131,0.1283439326086882,-0.3805696775962869,-0.3816560673913118
2026-08-27,2026-10,jaov6_11500c,call,115.0,0.32,20.0,0.0,False,0.3468643883830243,0.4154825254006624,0.5690722806688554,interior,0.0,24.211183806624963,0.15358975526819302,0.0403880111294697,0.039724122885211,-0.2796119888705303,-0.280275877114789
2026-08-27,2026-10,jaov6_12100c,call,121.0,0.22,10.0,0.0,False,0.3977228056165153,0.4154825254006624,0.5929390531998472,interior,0.0,23.090920325662907,0.1774565277991848,0.0144444611899747,0.0140953503855652,-0.2055555388100253,-0.2059046496144348
2026-08-27,2026-10,jaov6_12500c,call,125.0,0.18,200.0,0.0,False,0.4302459973220754,0.4154825254006624,0.6113736571890129,interior,0.0,22.38577765133393,0.19589113178835055,0.0070268469683228,0.0068108243618958,-0.1729731530316772,-0.17318917563810418
2026-08-27,2026-10,jaov6_16000c,call,160.0,0.04,15.0,0.0,False,0.6771060752536012,0.4154825254006624,0.7350354851913922,interior,0.0,17.36163912655232,0.3195529597907298,2.1216577857147347e-05,1.5558513347951874e-05,-0.03997878342214285,-0.03998444148665205
2026-08-27,2026-10,jaov6_7200p,put,72.0,1.3,1.0,0.0,False,-0.1214016209641704,0.4154825254006624,0.42228010927052734,interior,0.0,25.996985410377306,0.006797583869864954,1.2336252702095294,1.2328287918623722,-0.06637472979047065,-0.06717120813762789
2026-08-27,2026-10,jaov6_7400p,put,74.0,1.8,205.0,0.0,False,-0.0940026467760559,0.4154825254006624,0.42103340599167954,interior,0.0,27.318730157251906,0.00555088059101716,1.7329854779710987,1.732431118234384,-0.06701452202890135,-0.06756888176561615
2026-08-27,2026-10,jaov6_7450p,put,74.5,1.95,413.0,0.0,False,-0.0872686145947118,0.4154825254006624,0.4214393095529809,interior,0.0,27.652103473338638,0.005956784152318539,1.8766601839260653,1.8761739771808408,-0.0733398160739347,-0.07382602281915918
2026-08-27,2026-10,jaov6_7500p,put,75.0,2.11,623.0,15.0,True,-0.0805796264439153,0.4154825254006624,0.42204817045943566,interior,0.0,27.98662904871584,0.006565645058773273,2.0282738870445294,2.027831494323293,-0.0817261129554705,-0.08216850567670697
2026-08-27,2026-10,jaov6_7600p,put,76.0,2.45,4.0,0.0,False,-0.0673343996938946,0.4154825254006624,0.42275188739375663,interior,0.0,28.659092877095645,0.007269361993094248,2.356147031731932,2.355822902425339,-0.093852968268068,-0.09417709757466097
2026-08-27,2026-10,jaov6_7800p,put,78.0,3.24,26.0,0.0,False,-0.0413589132906339,0.4154825254006624,0.4250455035266565,interior,0.0,30.017369886664515,0.009562978125994104,3.11333111337795,3.113213555156709,-0.12666888662205,-0.12678644484329116
2026-08-27,2026-10,jaov6_8000p,put,80.0,4.19,3500.0,0.0,False,-0.0160411053063441,0.4154825254006624,0.4294701482246951,interior,0.0,31.392890625120177,0.013987622824032708,4.009328367664911,4.009315923709734,-0.18067163233508943,-0.18068407629026595
2026-08-27,2026-10,jaov6_8200p,put,82.0,5.28,7.0,0.0,False,0.0086515072840274,0.4154825254006624,0.43439869218468374,interior,0.7016598891328433,32.7850158646688,0.01891616678402136,5.040645704277621,5.04064603197105,-0.23935429572237954,-0.23935396802894982
2026-08-27,2026-10,jaov6_9000p,put,90.0,10.88,400.0,0.0,False,0.1017419303500394,0.4154825254006624,0.46384427926959176,interior,8.648387076222674,38.50778184014932,0.04836175386892938,10.405427959841992,10.404734517392866,-0.4745720401580087,-0.47526548260713497
2026-08-28,2026-10,jaov6_9200c,call,92.0,1.66,1.0,0.0,False,0.125310057566246,0.4151487711068752,0.4571053244752092,interior,0.0,28.906324115390664,0.04195655336833398,1.287913541666044,1.2869981835221604,-0.3720864583339558,-0.3730018164778395
2026-08-28,2026-10,jaov6_9225c,call,92.25,1.62,12.0,0.0,False,0.1280237634378424,0.4151487711068752,0.4579343200398549,interior,0.0,28.842027936216237,0.0427855489329797,1.2459927947718343,1.245057292013891,-0.3740072052281658,-0.3749427079861092
2026-08-28,2026-10,jaov6_9348c,call,93.48,1.44,10.0,0.0,False,0.1412689901878631,0.4151487711068752,0.46238807595279635,interior,0.0,28.528734446668853,0.04723930484592115,1.0562480015210045,1.0551659639116318,-0.38375199847899544,-0.3848340360883682
2026-08-28,2026-10,jaov6_9353c,call,93.53,1.43,20.0,0.0,False,0.1418037209636655,0.4151487711068752,0.4621804676781412,interior,0.0,28.51610498503196,0.04703169657126599,1.0490930984175393,1.048004074007134,-0.38090690158246066,-0.381995925992866
2026-08-28,2026-10,jaov6_9435c,call,94.35,1.33,10.0,0.0,False,0.150532752331765,0.4151487711068752,0.4661394086095074,interior,0.0,28.310149369789066,0.05099063750263222,0.9376828349561012,0.9365492691031868,-0.3923171650438989,-0.39345073089681326
2026-08-28,2026-10,jaov6_9800c,call,98.0,0.96,22.0,0.0,False,0.1884889591877778,0.4151487711068752,0.48191224560635215,interior,0.0,27.41940513858011,0.06676347449947695,0.5573753053193775,0.5559611946139623,-0.40262469468062245,-0.40403880538603765
2026-08-28,2026-10,jaov6_9911c,call,99.11,0.87,12.0,0.0,False,0.1997518249358229,0.4151487711068752,0.48643585237392556,interior,0.0,27.156675710396453,0.07128708126705036,0.47357653075342,0.4722853735112726,-0.39642346924658,-0.3977146264887274
2026-08-28,2026-10,jaov6_9955c,call,99.55,0.83,100.0,0.0,False,0.204181511027411,0.4151487711068752,0.4870543931625823,interior,0.0,27.053552040097685,0.07190562205570711,0.4436470349407972,0.4423412264155368,-0.38635296505920275,-0.38765877358446316
2026-08-28,2026-10,jaov6_10000c,call,100.0,0.8,1636.0,0.0,False,0.2086916665052971,0.4151487711068752,0.4892583678929084,interior,0.0,26.948677579569193,0.07410959678603318,0.414769527929428,0.4134950534361995,-0.38523047207057204,-0.3865049465638005
2026-08-28,2026-10,jaov6_10205c,call,102.05,0.67,5.0,0.0,False,0.2289843697730596,0.4151487711068752,0.4975786259676074,interior,0.0,26.478377730076602,0.08242985486073218,0.3028084530858665,0.3014525468547523,-0.3671915469141335,-0.3685474531452477
2026-08-28,2026-10,jaov6_10240c,call,102.4,0.65,4.0,0.0,False,0.2324081931226132,0.4151487711068752,0.49893750254449076,interior,0.0,26.399285963624752,0.08378873143761556,0.2866781570548257,0.2853288560466228,-0.36332184294517433,-0.36467114395337724
2026-08-28,2026-10,jaov6_10300c,call,103.0,0.62,2.0,0.0,False,0.2382504687468415,0.4151487711068752,0.5018224058476715,interior,0.0,26.26450285289167,0.08667363474079626,0.2608826332479123,0.2595434088907657,-0.3591173667520877,-0.3604565911092343
2026-08-28,2026-10,jaov6_10500c,call,105.0,0.53,23.0,0.0,False,0.2574818306747292,0.4151487711068752,0.5110650804180705,interior,0.0,25.822429117647403,0.09591630931119532,0.1898942932145437,0.1886703098196023,-0.3401057067854563,-0.3413296901803977
2026-08-28,2026-10,jaov6_10800c,call,108.0,0.42,100.0,0.0,False,0.2856527076414255,0.4151487711068752,0.5240370627217903,interior,0.0,25.179459236290338,0.10888829161491509,0.1167260048271431,0.1157491344609691,-0.3032739951728569,-0.3042508655390309
2026-08-28,2026-10,jaov6_11500c,call,115.0,0.25,20.0,0.0,False,0.3484536088804559,0.4151487711068752,0.5520348546483577,interior,0.0,23.76721230019052,0.13688608354148246,0.0354881411007857,0.0348728458382615,-0.2145118588992143,-0.2151271541617385
2026-08-28,2026-10,jaov6_12100c,call,121.0,0.17,10.0,0.0,False,0.3993120261139469,0.4151487711068752,0.5769436751231292,interior,0.0,22.646700700725493,0.16179490401625396,0.0123854106780755,0.0120404941503021,-0.15761458932192451,-0.15795950584969792
2026-08-28,2026-10,jaov6_12500c,call,125.0,0.14,200.0,0.0,False,0.431835217819507,0.4151487711068752,0.5968504993198989,interior,0.0,21.94185874623375,0.18170172821302366,0.0058956033260483,0.0056981151553318,-0.13410439667395171,-0.1343018848446682
2026-08-28,2026-10,jaov6_16000c,call,160.0,0.03,15.0,0.0,False,0.6786952957510328,0.4151487711068752,0.7228474671963143,interior,0.0,16.931707531562793,0.3076986960894391,1.2133725035123026e-05,2.821425082312652e-06,-0.029987866274964876,-0.029997178574917686
2026-08-28,2026-10,jaov6_7200p,put,72.0,1.2,1.0,0.0,False,-0.1198124004667388,0.4151487711068752,0.41039721361093484,interior,0.0,25.72054459679179,-0.004751557495940362,1.2198030894997087,1.219025563257785,0.01980308949970877,0.01902556325778515
2026-08-28,2026-10,jaov6_7400p,put,74.0,1.68,205.0,0.0,False,-0.0924134262786244,0.4151487711068752,0.40835985032376626,interior,0.0,27.038443045264177,-0.006788920783108943,1.7200098631798024,1.7194787703084324,0.040009863179802485,0.0394787703084325
2026-08-28,2026-10,jaov6_7450p,put,74.5,1.82,413.0,0.0,False,-0.0856793940972802,0.4151487711068752,0.40799202799843104,interior,0.0,27.370895281479562,-0.0071567431084441635,1.8641681768517504,1.863695490412515,0.04416817685175034,0.04369549041251486
2026-08-28,2026-10,jaov6_7500p,put,75.0,1.97,623.0,15.0,True,-0.0789904059464837,0.4151487711068752,0.4078485387873159,interior,0.0,27.70451565892177,-0.0073002323195592855,2.0163808258335454,2.015958358700773,0.046380825833545414,0.04595835870077303
2026-08-28,2026-10,jaov6_7600p,put,76.0,2.3,4.0,0.0,False,-0.065745179196463,0.4151487711068752,0.4080989874713855,interior,0.0,28.37521611208029,-0.0070497836354896926,2.3457259150738827,2.3454107757495595,0.045725915073882906,0.04541077574955965
2026-08-28,2026-10,jaov6_7800p,put,78.0,3.09,26.0,0.0,False,-0.0397696927932024,0.4151487711068752,0.4111102790678228,interior,0.0,29.730150128304587,-0.004038492039052377,3.107262736203761,3.1071470100010083,0.017262736203761175,0.01714701000100849
2026-08-28,2026-10,jaov6_8000p,put,80.0,4.04,3500.0,0.0,False,-0.0144518848089125,0.4151487711068752,0.41564361918247644,interior,0.0,31.102564783736895,0.0004948480756012397,4.0095694579022085,4.009558975064186,-0.030430542097791502,-0.03044102493581402
2026-08-28,2026-10,jaov6_8200p,put,82.0,5.14,7.0,0.0,False,0.010240727781459,0.4151487711068752,0.4210549683982689,interior,0.8299066463508358,32.491811356664556,0.005906197291393689,5.048708385731137,5.048705924698908,-0.09129161426886245,-0.09129407530109201
2026-08-28,2026-10,jaov6_9000p,put,90.0,10.78,400.0,0.0,False,0.1033311508474709,0.4151487711068752,0.4489272613819641,interior,8.77678204122275,38.20515654391447,0.03377849027508889,10.454808340805291,10.454121013011004,-0.32519165919470794,-0.32587898698899487
2026-08-31,2026-10,jaov6_9200c,call,92.0,2.06,1.0,0.0,False,0.0989035848796811,0.415232766409877,0.45533688427620184,interior,0.0,29.232741306032427,0.04010411786632484,1.6678793423569669,1.6671813579588752,-0.39212065764303317,-0.3928186420411248
2026-08-31,2026-10,jaov6_9225c,call,92.25,2.01,12.0,0.0,False,0.1016172907512774,0.415232766409877,0.4561355236703246,interior,0.0,29.165212448857442,0.04090275726044762,1.615087960609611,1.6143743752945103,-0.3949120393903889,-0.39562562470548945
2026-08-31,2026-10,jaov6_9348c,call,93.48,1.79,10.0,0.0,False,0.1148625175012982,0.415232766409877,0.4611052286093813,interior,0.0,28.836205896617276,0.045872462199504305,1.3752174663495766,1.3743599395068258,-0.4147825336504234,-0.41564006049317426
2026-08-31,2026-10,jaov6_9353c,call,93.53,1.78,20.0,0.0,False,0.1153972482771004,0.415232766409877,0.4611257780433934,interior,0.0,28.822944380980537,0.04589301163351639,1.3661435152381485,1.3652817844504046,-0.41385648476185155,-0.4147182155495954
2026-08-31,2026-10,jaov6_9435c,call,94.35,1.65,10.0,0.0,False,0.1241262796452,0.415232766409877,0.46466828149159883,interior,0.0,28.606696848339325,0.04943551508172184,1.2243950984226062,1.223424934646891,-0.4256049015773937,-0.42657506535310885
2026-08-31,2026-10,jaov6_9800c,call,98.0,1.17,22.0,0.0,False,0.1620824865012127,0.415232766409877,0.47855499589481004,interior,0.0,27.671789965806155,0.06332222948493305,0.735706929571214,0.7344965564095588,-0.43429307042878595,-0.43550344359044113
2026-08-31,2026-10,jaov6_9911c,call,99.11,1.05,12.0,0.0,False,0.1733453522492579,0.415232766409877,0.4819871657626248,interior,0.0,27.396149217200612,0.0667543993527478,0.625665009996457,0.6243171016070252,-0.424334990003543,-0.4256828983929748
2026-08-31,2026-10,jaov6_9955c,call,99.55,1.01,100.0,0.0,False,0.1777750383408461,0.415232766409877,0.48395286717356467,interior,0.0,27.287972756440684,0.06872010076368767,0.5863486329764053,0.5849716967265234,-0.42365136702359474,-0.4250283032734766
2026-08-31,2026-10,jaov6_10000c,call,100.0,0.97,1636.0,0.0,False,0.1822851938187322,0.415232766409877,0.4858288323388283,interior,0.0,27.177968568941196,0.07059606592895129,0.5485357547140045,0.5471382739001072,-0.42146424528599546,-0.4228617260998928
2026-08-31,2026-10,jaov6_10205c,call,102.05,0.8,5.0,0.0,False,0.2025778970864946,0.415232766409877,0.4928375917297067,interior,0.0,26.684777611377996,0.0776048253198297,0.403011158095605,0.4017454750688389,-0.39698884190439504,-0.39825452493116115
2026-08-31,2026-10,jaov6_10240c,call,102.4,0.78,4.0,0.0,False,0.2060017204360483,0.415232766409877,0.49504320375532346,interior,0.0,26.601854741141786,0.07981043734544646,0.3819074958989445,0.3806635907362785,-0.3980925041010555,-0.39933640926372155
2026-08-31,2026-10,jaov6_10300c,call,103.0,0.74,2.0,0.0,False,0.2118439960602766,0.415232766409877,0.4974951684473533,interior,0.0,26.460555549989454,0.08226240203747631,0.3479189982622925,0.3465947318985728,-0.3920810017377075,-0.3934052681014272
2026-08-31,2026-10,jaov6_10500c,call,105.0,0.62,23.0,0.0,False,0.2310753579881641,0.415232766409877,0.5051384591460762,interior,0.0,25.997224415527068,0.08990569273619925,0.253366431484097,0.2520286485256997,-0.366633568515903,-0.3679713514743003
2026-08-31,2026-10,jaov6_10800c,call,108.0,0.48,100.0,0.0,False,0.2592462349548605,0.415232766409877,0.5168419986566811,interior,0.0,25.32366501507401,0.10160923224680413,0.1555299536551374,0.1543766315174636,-0.3244700463448626,-0.32562336848253637
2026-08-31,2026-10,jaov6_11500c,call,115.0,0.28,20.0,0.0,False,0.3220471361938909,0.415232766409877,0.5460190521758181,interior,0.0,23.845723464691332,0.13078628576594115,0.0471731405846737,0.0464634476969491,-0.23282685941532633,-0.23353655230305093
2026-08-31,2026-10,jaov6_12100c,call,121.0,0.19,10.0,0.0,False,0.372905553427382,0.415232766409877,0.5732451883656732,interior,0.0,22.67471754818134,0.15801242195579618,0.0162586662891201,0.0159230951842048,-0.1737413337108799,-0.1740769048157952
2026-08-31,2026-10,jaov6_12500c,call,125.0,0.14,200.0,0.0,False,0.405428745132942,0.415232766409877,0.584756743599355,interior,0.0,21.938934842773804,0.16952397718947804,0.0077007747911818,0.007463915931067,-0.1322992252088182,-0.13253608406893302
2026-08-31,2026-10,jaov6_16000c,call,160.0,0.03,15.0,0.0,False,0.6522888230644678,0.415232766409877,0.7214209899754365,interior,0.0,16.73172755904411,0.30618822356555947,1.5884255704920636e-05,7.915480022749695e-06,-0.02998411574429508,-0.029992084519977247
2026-08-31,2026-10,jaov6_7200p,put,72.0,0.85,1.0,0.0,False,-0.1462188731533038,0.415232766409877,0.42349692434584174,interior,0.0,24.192317669226163,0.008264157935964744,0.7891617985258043,0.7881813525971385,-0.06083820147419572,-0.06181864740286147
2026-08-31,2026-10,jaov6_7400p,put,74.0,1.21,205.0,0.0,False,-0.1188198989651894,0.415232766409877,0.4199616719213737,interior,0.0,25.475611258466927,0.004728905511496684,1.160886444994019,1.1600789864396497,-0.04911355500598091,-0.04992101356035028
2026-08-31,2026-10,jaov6_7450p,put,74.5,1.32,413.0,0.0,False,-0.1120858667838452,0.415232766409877,0.4196463722087429,interior,0.0,25.79958342587927,0.004413605798865905,1.2709905043593412,1.270208282041524,-0.04900949564065882,-0.049791717958476145
2026-08-31,2026-10,jaov6_7500p,put,75.0,1.43,638.0,15.0,True,-0.1053968786330486,0.415232766409877,0.4184310199941188,interior,0.0,26.124791383435657,0.003198253584241806,1.3884871621066837,1.387810662682907,-0.04151283789331628,-0.042189337317092956
2026-08-31,2026-10,jaov6_7600p,put,76.0,1.69,4.0,0.0,False,-0.0921516518830281,0.415232766409877,0.4183100233484096,interior,0.0,26.778868304740083,0.003077256938532613,1.646073082649247,1.6455231556281398,-0.04392691735075305,-0.04447684437186017
2026-08-31,2026-10,jaov6_7800p,put,78.0,2.31,26.0,0.0,False,-0.0661761654797673,0.415232766409877,0.41860067499865455,interior,0.0,28.101348908987994,0.0033679085887775573,2.256127071126633,2.25578384358693,-0.053872928873367254,-0.05421615641306987
2026-08-31,2026-10,jaov6_8000p,put,80.0,3.08,3500.0,0.0,False,-0.0408583574954775,0.415232766409877,0.4204150327991071,interior,0.0,29.44234608686669,0.0051822663892300835,3.00167399974453,3.001530768008574,-0.07832600025546999,-0.07846923199142619
2026-08-31,2026-10,jaov6_8200p,put,82.0,4.01,7.0,0.0,False,-0.016165744905106,0.415232766409877,0.424096602838807,interior,0.0,30.80118419608592,0.008863836428930016,3.8890569118836416,3.889038091607989,-0.12094308811635823,-0.12096190839201082
2026-08-31,2026-10,jaov6_9000p,put,90.0,9.12,400.0,0.0,False,0.076924678160906,0.415232766409877,0.4482530340521389,interior,6.621311806568952,36.40244716960704,0.0330202676422619,8.774825009630208,8.774370512418411,-0.3451749903697916,-0.3456294875815882
2026-09-01,2026-09,jaou6_9100c,call,91.0,2.07,19.0,0.0,False,0.0161029859104018,0.4159191846500108,0.4814164675710954,interior,0.0,16.014732366520054,0.06549728292108459,1.705557532477416,1.7055084829314209,-0.3644424675225839,-0.36449151706857896
2026-09-01,2026-09,jaou6_9150c,call,91.5,1.89,15.0,0.0,False,0.0215824516750274,0.4159191846500108,0.4835071795595946,interior,0.0,15.83096401336553,0.06758799490958378,1.5206002599566972,1.5205118579104353,-0.36939974004330267,-0.3694881420895646
2026-09-01,2026-09,jaou6_9196c,call,91.96,1.74,5.0,0.0,False,0.0265971792885324,0.4159191846500108,0.4861887913557088,interior,0.0,15.663822548275549,0.07026960670569798,1.3641672854742095,1.364035749236158,-0.3758327145257905,-0.3759642507638421
2026-09-01,2026-09,jaou6_9200c,call,92.0,1.73,1.0,0.0,False,0.0270320564425921,0.4159191846500108,0.4868956449979147,interior,0.0,15.649375082464966,0.07097646034790389,1.3511733880529455,1.351045688226561,-0.37882661194705447,-0.3789543117734391
2026-09-01,2026-09,jaou6_9225c,call,92.25,1.65,12.0,0.0,False,0.0297457623141883,0.4159191846500108,0.48772511218742304,interior,0.0,15.559390553876959,0.07180592753741222,1.2720270401845326,1.271877039355093,-0.3779729598154673,-0.3781229606449068
2026-09-01,2026-09,jaou6_9250c,call,92.5,1.58,50.0,0.0,False,0.0324521239119313,0.4159191846500108,0.4898763458982024,interior,0.0,15.469942079848662,0.07395716124819157,1.1963800551984851,1.1961931081580863,-0.38361994480151496,-0.38380689184191374
2026-09-01,2026-09,jaou6_9435c,call,94.35,1.12,10.0,0.0,False,0.0522547512081109,0.4159191846500108,0.5007833485694159,interior,0.0,14.824401030779754,0.08486416391940504,0.7418904128593728,0.7414869130009539,-0.37810958714062726,-0.3785130869990462
2026-09-01,2026-09,jaou6_9500c,call,95.0,0.99,50.0,0.0,False,0.0591203709940926,0.4159191846500108,0.5046365562529928,interior,0.0,14.604302386638226,0.08871737160298193,0.6207441075664671,0.6202783741788288,-0.36925589243353285,-0.3697216258211712
2026-09-01,2026-09,jaou6_9800c,call,98.0,0.54,22.0,0.0,False,0.0902109580641237,0.4159191846500108,0.5182669885039711,interior,0.0,13.631880958496952,0.1023478038539603,0.254127882978327,0.2534565338130968,-0.28587211702167303,-0.28654346618690324
2026-09-01,2026-09,jaou6_10000c,call,100.0,0.36,1716.0,0.0,False,0.1104136653816431,0.4159191846500108,0.5290240561693822,interior,0.0,13.021590254668448,0.11310487151937137,0.131608533438805,0.13098267061144,-0.228391466561195,-0.22901732938855998
2026-09-01,2026-09,jaou6_10205c,call,102.05,0.24,5.0,0.0,False,0.1307063686494055,0.4159191846500108,0.5416554551430736,interior,0.0,12.425912355261952,0.12573627049306274,0.0632369076632883,0.0626869650222784,-0.1767630923367117,-0.1773130349777216
2026-09-01,2026-09,jaou6_10240c,call,102.4,0.22,4.0,0.0,False,0.1341301919989593,0.4159191846500108,0.5416599909082136,interior,0.0,12.327130952430549,0.12574080625820278,0.0555299311019984,0.0550165436801211,-0.1644700688980016,-0.1649834563198789
2026-09-01,2026-09,jaou6_10300c,call,103.0,0.19,2.0,0.0,False,0.1399724676231875,0.4159191846500108,0.5421667237249473,interior,0.0,12.15972627920596,0.12624753907493652,0.0443190920208392,0.0438602138330151,-0.1456809079791608,-0.1461397861669849
2026-09-01,2026-09,jaou6_10500c,call,105.0,0.13,73.0,0.0,False,0.1592038295510751,0.4159191846500108,0.5560610126835149,interior,0.0,11.618955671167363,0.1401418280335041,0.0201240228554071,0.0198218521955121,-0.1098759771445929,-0.1101781478044879
2026-09-01,2026-09,jaou6_10520c,call,105.2,0.12,14.0,0.0,False,0.1611067796971613,0.4159191846500108,0.5531753687734716,interior,0.0,11.566305626365402,0.1372561841234608,0.0185214209752599,0.0182322331788312,-0.1014785790247401,-0.1017677668211688
2026-09-01,2026-09,jaou6_10825c,call,108.25,0.06,3.0,0.0,False,0.1896868462761511,0.4159191846500108,0.5631962320426821,interior,0.0,10.794219311439294,0.14727704739267128,0.004536880792515,0.0043535542511013,-0.055463119207485,-0.055646445748898696
2026-09-01,2026-09,jaou6_11000c,call,110.0,0.04,50.0,0.0,False,0.2057238451859679,0.4159191846500108,0.5685541525367148,interior,0.0,10.376311914008443,0.152634967886704,0.0019991439023683,0.0019190770700795,-0.0380008560976317,-0.0380809229299205
2026-09-01,2026-09,jaou6_11500c,call,115.0,0.02,20.0,0.0,False,0.2501756077568019,0.4159191846500108,0.6146628348906429,interior,0.0,9.275405144739354,0.19874365024063206,0.0002379218664049,0.0002273273547801,-0.0197620781335951,-0.0197726726452199
2026-09-01,2026-09,jaou6_7400p,put,74.0,0.02,205.0,0.0,False,-0.1906914274022784,0.4159191846500108,0.5246701843413885,interior,0.0,8.232423809339226,0.10875099969137764,0.0020986657013502,0.0020041792301686,-0.0179013342986498,-0.0179958207698314
2026-09-01,2026-09,jaou6_7450p,put,74.5,0.02,445.0,0.0,False,-0.1839573952209343,0.4159191846500108,0.5077100951504868,interior,0.0,8.458745127745143,0.091790910500476,0.0031359383861837,0.00300754335041,-0.0168640616138163,-0.01699245664959
2026-09-01,2026-09,jaou6_7500p,put,75.0,0.02,341.0,0.0,False,-0.1772684070701378,0.4159191846500108,0.49085053121960415,interior,0.0,8.688050878665106,0.07493134656959333,0.0046561069584764,0.0045073612995034,-0.015343893041523601,-0.015492638700496601
2026-09-01,2026-09,jaou6_7600p,put,76.0,0.04,4.0,0.0,False,-0.1640231803201171,0.4159191846500108,0.5028073337489354,interior,0.0,9.155530051666846,0.08688814909892456,0.0096807098332425,0.0094908168312207,-0.030319290166757502,-0.0305091831687793
2026-09-01,2026-09,jaou6_7750p,put,77.5,0.07,14.0,0.0,False,-0.1444785842471468,0.4159191846500108,0.4911440215560227,interior,0.0,9.878588461241327,0.0752248369060119,0.0247963599830506,0.0244994636256826,-0.045203640016949403,-0.045500536374317405
2026-09-01,2026-09,jaou6_7800p,put,78.0,0.08,26.0,0.0,False,-0.1380476939168565,0.4159191846500108,0.48326009046979584,interior,0.0,10.125341973657259,0.06734090581978502,0.0329896799094756,0.0326130528458323,-0.0470103200905244,-0.047386947154167705
2026-09-01,2026-09,jaou6_8000p,put,80.0,0.18,614.0,30.0,True,-0.1127298859325666,0.4159191846500108,0.4796357068863788,interior,0.0,11.140411340387194,0.06371652223636798,0.0936666594868283,0.0931575104352838,-0.0863333405131717,-0.0868424895647162
2026-09-01,2026-09,jaou6_8200p,put,82.0,0.36,7.0,0.0,False,-0.088037273342195,0.4159191846500108,0.47327999083019995,interior,0.0,12.199236199261183,0.05736080618018913,0.2278892943739643,0.2273183565618147,-0.1321107056260357,-0.13268164343818528
2026-09-01,2026-09,jaou6_8250p,put,82.5,0.42,9.0,0.0,False,-0.0819582272658129,0.4159191846500108,0.47074288555014576,interior,0.0,12.470599638057859,0.05482370090013494,0.2788359639658576,0.2782882783239027,-0.1411640360341424,-0.1417117216760973
2026-09-01,2026-10,jaov6_9200c,call,92.0,3.42,1.0,0.0,False,0.0588839193389961,0.4159191846500108,0.4836791700613758,interior,0.0,31.07360306938504,0.06775998541136496,2.6599868325121045,2.659703646074853,-0.7600131674878954,-0.7602963539251468
2026-09-01,2026-10,jaov6_9225c,call,92.25,3.35,12.0,0.0,False,0.0615976252105923,0.4159191846500108,0.4846351791889421,interior,0.0,31.002274887474435,0.06871599453893129,2.584473895383504,2.584168677501268,-0.7655261046164963,-0.7658313224987321
2026-09-01,2026-10,jaov6_9348c,call,93.48,3.02,10.0,0.0,False,0.074842851960613,0.4159191846500108,0.4888112581469588,interior,0.0,30.654708236934386,0.07289207349694798,2.2372058008011995,2.2367536351370108,-0.7827941991988006,-0.7832463648629893
2026-09-01,2026-10,jaov6_9353c,call,93.53,3.01,20.0,0.0,False,0.0753775827364154,0.4159191846500108,0.4892398387428854,interior,0.0,30.640696889179733,0.07332065409287458,2.22391590768618,2.2234620822272557,-0.7860840923138199,-0.7865379177727441
2026-09-01,2026-10,jaov6_9435c,call,94.35,2.81,10.0,0.0,False,0.0841066141045149,0.4159191846500108,0.4921717066101524,interior,0.0,30.412203595632462,0.0762525219601416,2.01498489871232,2.014453172093161,-0.7950151012876803,-0.795546827906839
2026-09-01,2026-10,jaov6_9800c,call,98.0,2.07,22.0,0.0,False,0.1220628209605276,0.4159191846500108,0.5053242514066737,interior,0.0,29.423951804912285,0.08940506675666288,1.270991252015396,1.2700129135583262,-0.7990087479846038,-0.7999870864416736
2026-09-01,2026-10,jaov6_9911c,call,99.11,1.89,12.0,0.0,False,0.1333256867085729,0.4159191846500108,0.5096644461105059,interior,0.0,29.132459556960967,0.09374526146049506,1.097308634379397,1.0962537114910047,-0.7926913656206029,-0.7937462885089952
2026-09-01,2026-10,jaov6_9955c,call,99.55,1.82,100.0,0.0,False,0.137755372800161,0.4159191846500108,0.5110053708915459,interior,0.0,29.01804684162475,0.09508618624153503,1.0342347139963797,1.033105401151795,-0.7857652860036204,-0.786894598848205
2026-09-01,2026-10,jaov6_10000c,call,100.0,1.75,1636.0,0.0,False,0.1422655282780471,0.4159191846500108,0.5122466008555618,interior,0.0,28.901692239302186,0.09632741620555102,0.973046720527501,0.9718542873799714,-0.776953279472499,-0.7781457126200286
2026-09-01,2026-10,jaov6_10205c,call,102.05,1.48,5.0,0.0,False,0.1625582315458095,0.4159191846500108,0.5199885800132948,interior,0.0,28.37992144657811,0.10406939536328402,0.7326045802279773,0.7313398972780137,-0.7473954197720227,-0.7486601027219862
2026-09-01,2026-10,jaov6_10240c,call,102.4,1.44,4.0,0.0,False,0.1659820548953632,0.4159191846500108,0.5214975894805519,interior,0.0,28.292175950813746,0.1055784048305411,0.6971522741710937,0.695842529338599,-0.7428477258289062,-0.7441574706614009
2026-09-01,2026-10,jaov6_10300c,call,103.0,1.37,2.0,0.0,False,0.1718243305195916,0.4159191846500108,0.5235246975219535,interior,0.0,28.142647639686373,0.1076055128719427,0.6399323718372424,0.6385591319219657,-0.7300676281627577,-0.7314408680780344
2026-09-01,2026-10,jaov6_10500c,call,105.0,1.17,23.0,0.0,False,0.191055692447479,0.4159191846500108,0.53150089524875,interior,0.0,27.652231835370937,0.11558171059873917,0.479064039119079,0.4776874664367856,-0.6909359608809209,-0.6923125335632143
2026-09-01,2026-10,jaov6_10800c,call,108.0,0.92,100.0,0.0,False,0.2192265694141755,0.4159191846500108,0.5420352157796724,interior,0.0,26.939025628374804,0.12611603112966158,0.304888616143735,0.3035353915725824,-0.615111383856265,-0.6164646084274177
2026-09-01,2026-10,jaov6_11500c,call,115.0,0.54,20.0,0.0,False,0.2820274706532059,0.4159191846500108,0.5670889351268473,interior,0.0,25.372977615734634,0.1511697504768365,0.0996256128047588,0.0986224704837805,-0.44037438719524125,-0.44137752951621956
2026-09-01,2026-10,jaov6_12100c,call,121.0,0.36,10.0,0.0,False,0.3328858878866968,0.4159191846500108,0.590642908541089,interior,0.0,24.13110475646269,0.1747237238910782,0.0359839865964041,0.0353506651076717,-0.32401601340359587,-0.3246493348923283
2026-09-01,2026-10,jaov6_12500c,call,125.0,0.28,200.0,0.0,False,0.3654090795922569,0.4159191846500108,0.6061951967253327,interior,0.0,23.35032826649301,0.1902760120753219,0.0180172976650818,0.0176593594279287,-0.2619827023349182,-0.26234064057207135
2026-09-01,2026-10,jaov6_16000c,call,160.0,0.05,15.0,0.0,False,0.6122691575237826,0.4159191846500108,0.7276846309095959,interior,0.0,17.81510217936352,0.3117654462595851,6.230370567074663e-05,6.190618962950248e-05,-0.04993769629432926,-0.0499380938103705
2026-09-01,2026-10,jaov6_7200p,put,72.0,0.61,1.0,0.0,False,-0.1862385386939889,0.4159191846500108,0.4557983730812583,interior,0.0,22.985479958223998,0.03987918843124749,0.4247210646167691,0.4235738192148284,-0.18527893538323087,-0.1864261807851716
2026-09-01,2026-10,jaov6_7400p,put,74.0,0.87,205.0,0.0,False,-0.1588395645058744,0.4159191846500108,0.4519274668775522,interior,0.0,24.232671388143338,0.03600828222754138,0.6561899036612393,0.6550839839276204,-0.2138100963387607,-0.21491601607237965
2026-09-01,2026-10,jaov6_7450p,put,74.5,0.95,413.0,0.0,False,-0.1521055323245304,0.4159191846500108,0.45147156296553126,interior,0.0,24.54771677226422,0.03555237831552044,0.7269234600590382,0.7258860480381885,-0.22307653994096177,-0.2241139519618115
2026-09-01,2026-10,jaov6_7500p,put,75.0,1.03,643.0,5.0,True,-0.1454165441737337,0.4159191846500108,0.45018119319700517,interior,0.0,24.86403745505087,0.03426200854699435,0.8032819500729508,0.8022772720442569,-0.22671804992704925,-0.2277227279557431
2026-09-01,2026-10,jaov6_7600p,put,76.0,1.21,4.0,0.0,False,-0.1321713174237131,0.4159191846500108,0.4482146424878556,interior,0.0,25.50045831005688,0.032295457837844765,0.973775537956242,0.9728252946649804,-0.2362244620437579,-0.2371747053350196
2026-09-01,2026-10,jaov6_7800p,put,78.0,1.67,26.0,0.0,False,-0.1061958310204525,0.4159191846500108,0.44788687919412135,interior,0.0,26.78810007132568,0.031967694544110525,1.3934186888284237,1.39271726348853,-0.27658131117157625,-0.27728273651146984
2026-09-01,2026-10,jaov6_8000p,put,80.0,2.25,3530.0,30.0,True,-0.0808780230361626,0.4159191846500108,0.4485273652689318,interior,0.0,28.09488740125756,0.03260818061892096,1.9283029540095824,1.927827112384435,-0.3216970459904176,-0.32217288761556495
2026-09-01,2026-10,jaov6_8200p,put,82.0,2.98,7.0,0.0,False,-0.0561854104457911,0.4159191846500108,0.45200966654730984,interior,0.0,29.42014105135422,0.03609048189729902,2.5885731560211243,2.5883220393673554,-0.3914268439788757,-0.3916779606326446
2026-09-01,2026-10,jaov6_9000p,put,90.0,7.27,400.0,0.0,False,0.0369050126202208,0.4159191846500108,0.4757023722800469,interior,3.240489399242298,34.89321163031556,0.059783187630036094,6.578099916735188,6.577983928726201,-0.6919000832648114,-0.6920160712737982
2026-09-02,2026-09,jaou6_9100c,call,91.0,2.11,19.0,0.0,False,0.0085025781542339,0.4158493749372105,0.45798146841090503,interior,0.0,15.550646469312952,0.04213209347369451,1.8875415158856472,1.8875272206522995,-0.22245848411435265,-0.22247277934770038
2026-09-02,2026-09,jaou6_9150c,call,91.5,1.91,15.0,0.0,False,0.0139820439188595,0.4158493749372105,0.4595196956968784,interior,0.0,15.36318815570031,0.04367032075966787,1.6821004092230931,1.6820613383372964,-0.2278995907769068,-0.2279386616627035
2026-09-02,2026-09,jaou6_9196c,call,91.96,1.74,5.0,0.0,False,0.0189967715323645,0.4158493749372105,0.4610686852801294,interior,0.0,15.192770447518267,0.04521931034291887,1.5075645277771732,1.5074884023578916,-0.2324354722228268,-0.23251159764210838
2026-09-02,2026-09,jaou6_9200c,call,92.0,1.73,1.0,0.0,False,0.0194316486864241,0.4158493749372105,0.4620059507047162,interior,0.0,15.178043405151886,0.04615657576750565,1.493072502302467,1.4929964204826909,-0.23692749769753307,-0.2370035795173091
2026-09-02,2026-09,jaou6_9225c,call,92.25,1.65,12.0,0.0,False,0.0221453545580203,0.4158493749372105,0.46413920110625007,interior,0.0,15.086330640848763,0.04828982616903954,1.4047839884732638,1.4046857398543118,-0.2452160115267361,-0.24531426014568813
2026-09-02,2026-09,jaou6_9250c,call,92.5,1.56,50.0,0.0,False,0.0248517161557634,0.4158493749372105,0.4636610189017687,interior,0.0,14.995186711311531,0.04781164396455817,1.320477223229403,1.3203571600285124,-0.23952277677059697,-0.2396428399714876
2026-09-02,2026-09,jaou6_9435c,call,94.35,1.06,10.0,0.0,False,0.0446543434519429,0.4158493749372105,0.47302989912107773,interior,0.0,14.338093531623445,0.05718052418386721,0.8115067111272714,0.8111796324264068,-0.2484932888727287,-0.24882036757359327
2026-09-02,2026-09,jaou6_9500c,call,95.0,0.92,50.0,0.0,False,0.0515199632379246,0.4158493749372105,0.4760269305981002,interior,0.0,14.114339872223482,0.06017755566088967,0.6755784054405011,0.6751592537633545,-0.24442159455949897,-0.24484074623664553
2026-09-02,2026-09,jaou6_9800c,call,98.0,0.48,22.0,0.0,False,0.0826105503079557,0.4158493749372105,0.4944741369926147,interior,0.0,13.12760918034946,0.0786247620554042,0.266966789236664,0.2663192651331685,-0.21303321076333598,-0.21368073486683148
2026-09-02,2026-09,jaou6_10000c,call,100.0,0.3,1716.0,0.0,False,0.1028132576254751,0.4158493749372105,0.503208135145712,interior,0.0,12.509967743623779,0.08735876020850153,0.1327203216632315,0.1321304804400985,-0.1672796783367685,-0.16786951955990148
2026-09-02,2026-09,jaou6_10205c,call,102.05,0.19,5.0,0.0,False,0.1231059608932376,0.4158493749372105,0.5161384706981217,interior,0.0,11.908421472186527,0.10028909576091116,0.0604967667817127,0.0599724591376188,-0.1295032332182873,-0.13002754086238122
2026-09-02,2026-09,jaou6_10240c,call,102.4,0.17,4.0,0.0,False,0.1265297842427912,0.4158493749372105,0.5147360385213704,interior,0.0,11.808797437206342,0.09888666358415987,0.0525662755602808,0.0520639084945385,-0.11743372443971922,-0.11793609150546151
2026-09-02,2026-09,jaou6_10300c,call,103.0,0.15,2.0,0.0,False,0.1323720598670195,0.4158493749372105,0.5194612521461032,interior,0.0,11.640052135171766,0.10361187720889264,0.0411808009340868,0.0407187546891527,-0.1088191990659132,-0.10928124531084729
2026-09-02,2026-09,jaou6_10500c,call,105.0,0.09,73.0,0.0,False,0.1516034217949073,0.4158493749372105,0.5258803469199471,interior,0.0,11.095723678888698,0.11003097198273659,0.017811129810043,0.017505356832978,-0.072188870189957,-0.072494643167022
2026-09-02,2026-09,jaou6_10520c,call,105.2,0.09,14.0,0.0,False,0.1535063719409933,0.4158493749372105,0.5311335592694748,interior,0.0,11.042792019892657,0.11528418433226428,0.0163317539474891,0.0160322926574716,-0.0736682460525109,-0.07396770734252839
2026-09-02,2026-09,jaou6_10825c,call,108.25,0.04,3.0,0.0,False,0.1820864385199831,0.4158493749372105,0.5389337368923781,interior,0.0,10.267963210269253,0.12308436195516759,0.0040664883133134,0.0039304051486006,-0.0359335116866866,-0.0360695948513994
2026-09-02,2026-09,jaou6_11000c,call,110.0,0.03,50.0,0.0,False,0.1981234374298001,0.4158493749372105,0.556332215993605,interior,0.0,9.849705617339328,0.14048284105639453,0.0017186045260066,0.0016446613612313,-0.028281395473993397,-0.0283553386387687
2026-09-02,2026-09,jaou6_7600p,put,76.0,0.02,4.0,0.0,False,-0.171623588076285,0.4158493749372105,0.5041548029847156,interior,1.2434497875801753e-14,8.190875049886923,0.08830542804750507,0.003467489689304,0.0033601004379253,-0.016532510310696,-0.0166398995620747
2026-09-02,2026-09,jaou6_7750p,put,77.5,0.04,14.0,0.0,False,-0.1520789920033148,0.4158493749372105,0.49700698609568317,interior,7.105427357601002e-15,8.889063686557508,0.08115761115847264,0.0102132063067568,0.0100002990935276,-0.0297867936932432,-0.0299997009064724
2026-09-02,2026-09,jaou6_7800p,put,78.0,0.05,26.0,0.0,False,-0.1456481016730243,0.4158493749372105,0.49487436074999686,interior,1.0658141036401503e-14,9.127884898545894,0.07902498581278633,0.01424815030804,0.0140206502151071,-0.035751849691960005,-0.0359793497848929
2026-09-02,2026-09,jaou6_8000p,put,80.0,0.1,644.0,30.0,True,-0.1203302936887345,0.4158493749372105,0.4730930833413648,interior,7.105427357601002e-15,10.112992918813907,0.05724370840415427,0.0483039287247385,0.0478785352593795,-0.051696071275261504,-0.05212146474062051
2026-09-02,2026-09,jaou6_8200p,put,82.0,0.22,7.0,0.0,False,-0.095637681098363,0.4158493749372105,0.4656262209783969,interior,1.7763568394002505e-14,11.14463500352596,0.04977684604118637,0.1370574295412393,0.1364861732361136,-0.08294257045876069,-0.08351382676388641
2026-09-02,2026-09,jaou6_8250p,put,82.5,0.26,9.0,0.0,False,-0.0895586350219807,0.4158493749372105,0.46183810541667836,interior,7.993605777301127e-15,11.409627577465077,0.04598873047946783,0.1731217866321027,0.17255582587101,-0.0868782133678973,-0.08744417412899
2026-09-02,2026-10,jaov6_9200c,call,92.0,3.38,1.0,0.0,False,0.0538344859485662,0.4158493749372105,0.47047862632073756,interior,0.0,30.97044620032339,0.05462925138352703,2.7615885453698814,2.761348345212631,-0.6184114546301185,-0.618651654787369
2026-09-02,2026-10,jaov6_9225c,call,92.25,3.3,12.0,0.0,False,0.0565481918201625,0.4158493749372105,0.47068323678140167,interior,0.0,30.898222498793956,0.054833861844191145,2.683245464673208,2.6829779952778208,-0.616754535326792,-0.617022004722179
2026-09-02,2026-10,jaov6_9348c,call,93.48,2.97,10.0,0.0,False,0.0697934185701832,0.4158493749372105,0.4756127285247972,interior,0.0,30.546314279291977,0.059763353587586665,2.322760832075056,2.322367293793326,-0.6472391679249441,-0.6476327062066742
2026-09-02,2026-10,jaov6_9353c,call,93.53,2.96,20.0,0.0,False,0.0703281493459857,0.4158493749372105,0.47607024173353873,interior,0.0,30.532128690505374,0.06022086679632821,2.308961581507712,2.308566336412639,-0.6510384184922882,-0.651433663587361
2026-09-02,2026-10,jaov6_9435c,call,94.35,2.75,10.0,0.0,False,0.0790571807140851,0.4158493749372105,0.47846148648240655,interior,0.0,30.300802597902976,0.06261211154519603,2.091823196382628,2.09131575843189,-0.6581768036173719,-0.65868424156811
2026-09-02,2026-10,jaov6_9700c,call,97.0,2.19,5.0,0.0,False,0.1067568874029088,0.4158493749372105,0.4889501276892214,interior,0.0,29.569872925210813,0.07310075275201089,1.5010362172664369,1.500217981966394,-0.6889637827335631,-0.6897820180336058
2026-09-02,2026-10,jaov6_9800c,call,98.0,2.0,22.0,0.0,False,0.117013387570098,0.4158493749372105,0.49177090147603547,interior,0.0,29.300494087005237,0.07592152653882495,1.318066633371323,1.317152220899553,-0.6819333666286771,-0.682847779100447
2026-09-02,2026-10,jaov6_9911c,call,99.11,1.82,12.0,0.0,False,0.1282762533181431,0.4158493749372105,0.4962845697399262,interior,0.0,29.005508962894048,0.08043519480271566,1.137467418331758,1.1364847332315409,-0.6825325816682422,-0.6835152667684592
2026-09-02,2026-10,jaov6_9955c,call,99.55,1.75,100.0,0.0,False,0.1327059394097312,0.4158493749372105,0.4976701047540942,interior,0.0,28.889733476636057,0.08182072981688365,1.0718692263826055,1.0707959283850592,-0.6781307736173945,-0.6792040716149408
2026-09-02,2026-10,jaov6_10000c,call,100.0,1.69,1636.0,0.0,False,0.1372160948876175,0.4158493749372105,0.5001272535958492,interior,0.0,28.771997789526612,0.08427787865863867,1.0081456122840218,1.0070166713398654,-0.6818543877159782,-0.6829833286601346
2026-09-02,2026-10,jaov6_10205c,call,102.05,1.41,5.0,0.0,False,0.1575087981553798,0.4158493749372105,0.5067140864148191,interior,0.0,28.244094778496564,0.09086471147760855,0.7580729549737009,0.7568468398130695,-0.6519270450262991,-0.6531531601869304
2026-09-02,2026-10,jaov6_10240c,call,102.4,1.37,4.0,0.0,False,0.1609326215049335,0.4158493749372105,0.5082087755301499,interior,0.0,28.15532803552087,0.09235940059293934,0.7212343163653586,0.7199655901895666,-0.6487656836346415,-0.6500344098104335
2026-09-02,2026-10,jaov6_10300c,call,103.0,1.3,2.0,0.0,False,0.1667748971291617,0.4158493749372105,0.5101867449917251,interior,0.0,28.00406617760208,0.09433737005451459,0.6617192827848515,0.6603721320710609,-0.6382807172151486,-0.6396278679289391
2026-09-02,2026-10,jaov6_10500c,call,105.0,1.1,23.0,0.0,False,0.1860062590570493,0.4158493749372105,0.5178897764384917,interior,0.0,27.508025912736443,0.10204040150128113,0.4943178459072384,0.4929436610522809,-0.6056821540927617,-0.6070563389477193
2026-09-02,2026-10,jaov6_10800c,call,108.0,0.86,100.0,0.0,False,0.2141771360237457,0.4158493749372105,0.5293217149369606,interior,0.0,26.786813669377054,0.11347233999975004,0.3137343969891223,0.3123810595736986,-0.5462656030108777,-0.5476189404263014
2026-09-02,2026-10,jaov6_11500c,call,115.0,0.5,20.0,0.0,False,0.2769780372627761,0.4158493749372105,0.5563473044839701,interior,0.0,25.20396377852977,0.14049792954675955,0.1014546550090117,0.1004629448602427,-0.3985453449909883,-0.3995370551397573
2026-09-02,2026-10,jaov6_12100c,call,121.0,0.32,10.0,0.0,False,0.3278364544962671,0.4158493749372105,0.57737055129376,interior,0.0,23.949600717984936,0.1615211763565495,0.0362575359933538,0.0356211477602896,-0.2837424640066462,-0.2843788522397104
2026-09-02,2026-10,jaov6_12500c,call,125.0,0.25,200.0,0.0,False,0.3603596462018271,0.4158493749372105,0.5946745667240423,interior,0.0,23.161385637242365,0.17882519178683176,0.0179921232518288,0.0176287876246505,-0.2320078767481712,-0.2323712123753495
2026-09-02,2026-10,jaov6_16000c,call,160.0,0.04,15.0,0.0,False,0.607219724133353,0.4158493749372105,0.7135965299441859,interior,0.0,17.58461308615526,0.29774715500697535,5.760507558197836e-05,5.7168531664784855e-05,-0.03994239492441802,-0.039942831468335216
2026-09-02,2026-10,jaov6_7200p,put,72.0,0.51,1.0,0.0,False,-0.1912879720844186,0.4158493749372105,0.4481642385636196,interior,0.0,22.53194260548299,0.03231486362640906,0.3721563113970466,0.3709628988093444,-0.13784368860295343,-0.1390371011906556
2026-09-02,2026-10,jaov6_7400p,put,74.0,0.72,205.0,0.0,False,-0.1638889978963041,0.4158493749372105,0.4403826686360788,interior,0.0,23.769043583561576,0.024533293698868253,0.5830590218893362,0.5819360280807812,-0.13694097811066375,-0.13806397191921882
2026-09-02,2026-10,jaov6_7450p,put,74.5,0.79,413.0,0.0,False,-0.15715496571496,0.4158493749372105,0.43978822294826125,interior,0.0,24.081624219707443,0.02393884801105073,0.6479077962242383,0.6467994198507714,-0.1420922037757617,-0.14320058014922865
2026-09-02,2026-10,jaov6_7500p,put,75.0,0.87,643.0,0.0,False,-0.1504659775641635,0.4158493749372105,0.4400051546057493,interior,0.0,24.395503028371643,0.024155779668538768,0.7182551644506627,0.7172145881864821,-0.15174483554933726,-0.1527854118135179
2026-09-02,2026-10,jaov6_7600p,put,76.0,1.03,4.0,0.0,False,-0.1372207508141429,0.4158493749372105,0.4377469053665074,interior,0.0,25.027108203022898,0.021897530429296874,0.8761006457731404,0.8751309658561103,-0.15389935422685963,-0.15486903414388975
2026-09-02,2026-10,jaov6_7800p,put,78.0,1.44,26.0,0.0,False,-0.1112452644108822,0.4158493749372105,0.43614106973445754,interior,0.0,26.305386946013705,0.020291694797247017,1.2676740483237738,1.2668831996315455,-0.1723259516762261,-0.17311680036845445
2026-09-02,2026-10,jaov6_8000p,put,80.0,1.98,3560.0,30.0,True,-0.0859274564265922,0.4158493749372105,0.4370785592458046,interior,0.0,27.60316145221602,0.02122918430859405,1.7724399775451862,1.7719176371916263,-0.20756002245481375,-0.20808236280837367
2026-09-02,2026-10,jaov6_8200p,put,82.0,2.65,7.0,0.0,False,-0.0612348438362208,0.4158493749372105,0.4387531871318235,interior,0.0,28.91974323777081,0.02290381219461296,2.400799683473088,2.400489289962029,-0.24920031652691188,-0.24951071003797098
2026-09-02,2026-10,jaov6_9000p,put,90.0,6.81,400.0,0.0,False,0.031855579229791,0.4158493749372105,0.46232206933925046,interior,2.8044579700147865,34.36134958092756,0.04647269440203994,6.268166475978108,6.268077716875023,-0.5418335240218912,-0.5419222831249764
2026-09-03,2026-09,jaou6_9100c,call,91.0,1.98,19.0,0.0,False,0.0072137689662579,0.415442454433504,0.44706891407117355,interior,0.0,14.794478716776725,0.031626459637669524,1.8238976849715696,1.8238867017640663,-0.15610231502843042,-0.15611329823593367
2026-09-03,2026-09,jaou6_9150c,call,91.5,1.78,15.0,0.0,False,0.0126932347308835,0.415442454433504,0.4490371486422798,interior,0.0,14.605690277397976,0.033594694208775755,1.6156817080092214,1.615645730174106,-0.16431829199077863,-0.16435426982589396
2026-09-03,2026-09,jaou6_9196c,call,91.96,1.61,5.0,0.0,False,0.0177079623443885,0.415442454433504,0.45077866220527885,interior,0.0,14.434165068319606,0.03533620777177482,1.4399954843994751,1.439924754605664,-0.17000451560052499,-0.17007524539433616
2026-09-03,2026-09,jaou6_9200c,call,92.0,1.6,1.0,0.0,False,0.0181428394984481,0.415442454433504,0.4517673578146822,interior,0.0,14.419346921199159,0.036324903381178164,1.425436596042026,1.425363910170807,-0.17456340395797398,-0.174636089829193
2026-09-03,2026-09,jaou6_9225c,call,92.25,1.51,12.0,0.0,False,0.0208565453700444,0.415442454433504,0.4519485891243851,interior,0.0,14.327083427872829,0.0365061346908811,1.336962910548873,1.3368691870470464,-0.17303708945112706,-0.17313081295295363
2026-09-03,2026-09,jaou6_9250c,call,92.5,1.43,50.0,0.0,False,0.0235629069677873,0.415442454433504,0.4533936136326049,interior,0.0,14.235420753935431,0.03795115919910086,1.252782759131991,1.2526713367801632,-0.17721724086800883,-0.17732866321983676
2026-09-03,2026-09,jaou6_9435c,call,94.35,0.94,10.0,0.0,False,0.043365534263967,0.415442454433504,0.4632810991577809,interior,0.0,13.575453943211,0.047838644724276846,0.7491849163147333,0.7488642341459215,-0.19081508368526667,-0.19113576585407843
2026-09-03,2026-09,jaou6_9500c,call,95.0,0.8,50.0,0.0,False,0.0502311540499487,0.415442454433504,0.4650186321848348,interior,0.0,13.351080154123894,0.049576177751330774,0.6163838960338637,0.615986549018512,-0.18361610396613637,-0.18401345098148802
2026-09-03,2026-09,jaou6_9800c,call,98.0,0.38,22.0,0.0,False,0.0813217411199798,0.415442454433504,0.4798025868093772,interior,0.0,12.363923786590961,0.06436013237587318,0.2296408942789504,0.2290396948984966,-0.1503591057210496,-0.1509603051015034
2026-09-03,2026-09,jaou6_10000c,call,100.0,0.23,1716.0,0.0,False,0.1015244484374991,0.415442454433504,0.4914137810764518,interior,0.0,11.748050968339356,0.07597132664294776,0.1097033756801625,0.109115394315999,-0.12029662431983751,-0.12088460568400101
2026-09-03,2026-09,jaou6_10205c,call,102.05,0.14,5.0,0.0,False,0.1218171517052616,0.415442454433504,0.5056419517281366,interior,0.0,11.149848203169013,0.09019949729463261,0.0480230576636965,0.0475650784016387,-0.09197694233630352,-0.09243492159836131
2026-09-03,2026-09,jaou6_10240c,call,102.4,0.13,4.0,0.0,False,0.1252409750548153,0.415442454433504,0.5090707542965761,interior,0.0,11.050939319369908,0.09362829986307208,0.0413974882400217,0.0409626347180409,-0.0886025117599783,-0.0890373652819591
2026-09-03,2026-09,jaou6_10300c,call,103.0,0.11,2.0,0.0,False,0.1310832506790436,0.415442454433504,0.510989967299263,interior,0.0,10.88351316496282,0.09554751286575902,0.0319585928308218,0.0315289191977984,-0.0780414071691782,-0.07847108080220161
2026-09-03,2026-09,jaou6_10500c,call,105.0,0.06,73.0,0.0,False,0.1503146126069313,0.415442454433504,0.5140702986059039,interior,0.0,10.34439054950456,0.09862784417239989,0.0132875331380864,0.0130311666300163,-0.0467124668619136,-0.0469688333699837
2026-09-03,2026-09,jaou6_10520c,call,105.2,0.06,14.0,0.0,False,0.1522175627530174,0.415442454433504,0.519330820426038,interior,0.0,10.292044649235185,0.10388836599253393,0.0121569002300008,0.0119279164249293,-0.047843099769999196,-0.0480720835750707
2026-09-03,2026-09,jaou6_10825c,call,108.25,0.03,3.0,0.0,False,0.1807976293320072,0.415442454433504,0.5417746713617728,interior,0.0,9.527484949822382,0.1263322169282688,0.0028494884952004,0.002733607816704,-0.0271505115047996,-0.027266392183296
2026-09-03,2026-09,jaou6_11000c,call,110.0,0.02,50.0,0.0,False,0.196834628241824,0.415442454433504,0.5529161597186142,interior,0.0,9.116150650774543,0.13747370528511016,0.0012551951454536,0.0012086587028182,-0.0187448048545464,-0.0187913412971818
2026-09-03,2026-09,jaou6_7750p,put,77.5,0.02,14.0,0.0,False,-0.1533678011912908,0.415442454433504,0.4820635462160655,interior,0.0,8.109461408560719,0.06662109178256148,0.0061556457666626,0.0060274103599284,-0.013844354233337401,-0.0139725896400716
2026-09-03,2026-09,jaou6_7800p,put,78.0,0.03,26.0,0.0,False,-0.1469369108610004,0.415442454433504,0.489725248195958,interior,0.0,8.342623712091026,0.07428279376245395,0.0087483597759194,0.0085665638253912,-0.021251640224080597,-0.0214334361746088
2026-09-03,2026-09,jaou6_8000p,put,80.0,0.07,644.0,0.0,False,-0.1216191028767105,0.415442454433504,0.47341150096911877,interior,0.0,9.306938513085905,0.05796904653561474,0.0324797148503736,0.0321323386446199,-0.03752028514962641,-0.037867661355380104
2026-09-03,2026-09,jaou6_8200p,put,82.0,0.16,7.0,0.0,False,-0.096926490286339,0.415442454433504,0.4616326419135079,interior,1.7763568394002505e-15,10.32066897991571,0.046190187480003864,0.100600665359216,0.1000939465225256,-0.05939933464078401,-0.05990605347747441
2026-09-03,2026-09,jaou6_8250p,put,82.5,0.19,24.0,15.0,True,-0.0908474442099567,0.415442454433504,0.45631302115609124,interior,0.0,10.581621844239029,0.04087056672258721,0.1295473062158543,0.129025560995871,-0.060452693784145695,-0.060974439004128994
2026-09-03,2026-10,jaov6_9200c,call,92.0,3.09,1.0,0.0,False,0.0575851498450943,0.415442454433504,0.4611141971389973,interior,0.0,30.355494448477835,0.04567174270549329,2.5833632266327493,2.583074069470599,-0.5066367733672505,-0.5069259305294009
2026-09-03,2026-10,jaov6_9225c,call,92.25,3.02,12.0,0.0,False,0.0602988557166905,0.415442454433504,0.46198127063296995,interior,0.0,30.283138965444795,0.04653881619946593,2.5078717897346485,2.5075625091335243,-0.5121282102653515,-0.5124374908664757
2026-09-03,2026-10,jaov6_9348c,call,93.48,2.7,10.0,0.0,False,0.0735440824667112,0.415442454433504,0.4665431009253697,interior,0.0,29.930631029295313,0.05110064649186569,2.1612177790109524,2.160751305459556,-0.5387822209890478,-0.539248694540444
2026-09-03,2026-10,jaov6_9353c,call,93.53,2.69,20.0,0.0,False,0.0740788132425135,0.415442454433504,0.4669536377628232,interior,0.0,29.916422752572192,0.0515111833293192,2.1479793261609053,2.1475062357672456,-0.5420206738390947,-0.5424937642327543
2026-09-03,2026-10,jaov6_9435c,call,94.35,2.49,10.0,0.0,False,0.0828078446106132,0.415442454433504,0.46938186133941723,interior,0.0,29.684743128667854,0.0539394069059132,1.940174334001345,1.939629737828671,-0.5498256659986551,-0.5503702621713291
2026-09-03,2026-10,jaov6_9700c,call,97.0,1.96,5.0,0.0,False,0.1105075512994368,0.415442454433504,0.4798880467799412,interior,0.0,28.95290378886256,0.06444559234643715,1.3780418828781555,1.3771674223858366,-0.5819581171218444,-0.5828325776141634
2026-09-03,2026-10,jaov6_9800c,call,98.0,1.79,22.0,0.0,False,0.1207640514666259,0.415442454433504,0.48369220154725656,interior,0.0,28.68327100222008,0.06824974711375253,1.2052103203074311,1.2042223701480186,-0.5847896796925689,-0.5857776298519815
2026-09-03,2026-10,jaov6_9911c,call,99.11,1.62,12.0,0.0,False,0.132026917214671,0.415442454433504,0.48803476108935245,interior,0.0,28.38805924313781,0.07259230665584843,1.035162688284394,1.0340620116743409,-0.584837311715606,-0.5859379883256592
2026-09-03,2026-10,jaov6_9955c,call,99.55,1.56,100.0,0.0,False,0.1364566033062592,0.415442454433504,0.4900789001306139,interior,0.0,28.27220969214348,0.07463644569710987,0.9736383970781696,0.972486495218182,-0.5863616029218305,-0.5875135047818181
2026-09-03,2026-10,jaov6_10000c,call,100.0,1.5,1636.0,0.0,False,0.1409667587841454,0.415442454433504,0.4920236642185188,interior,0.0,28.154407376138362,0.07658120978501476,0.9140802896074116,0.9128982301901502,-0.5859197103925884,-0.5871017698098498
2026-09-03,2026-10,jaov6_10205c,call,102.05,1.25,5.0,0.0,False,0.1612594620519079,0.415442454433504,0.49995019755038733,interior,0.0,27.626314882203967,0.0845077431168833,0.6811434134119555,0.6798491001495588,-0.5688565865880445,-0.5701508998504412
2026-09-03,2026-10,jaov6_10240c,call,102.4,1.21,4.0,0.0,False,0.1646832854014614,0.415442454433504,0.5010283197088728,interior,0.0,27.537534067554052,0.08558586527536882,0.647037323236963,0.6456925172201373,-0.562962676763037,-0.5643074827798626
2026-09-03,2026-10,jaov6_10300c,call,103.0,1.14,2.0,0.0,False,0.1705255610256897,0.415442454433504,0.5022320685582237,interior,0.0,27.38626019956039,0.08678961412471964,0.5921617380190578,0.5907975562991521,-0.5478382619809421,-0.5492024437008478
2026-09-03,2026-10,jaov6_10500c,call,105.0,0.95,23.0,0.0,False,0.1897569229535774,0.415442454433504,0.5088356830673294,interior,0.0,26.890287855321297,0.09339322863382538,0.4386493020874917,0.4373090416798846,-0.5113506979125082,-0.5126909583201154
2026-09-03,2026-10,jaov6_10800c,call,108.0,0.73,100.0,0.0,False,0.2179277999202736,0.415442454433504,0.5196169755602126,interior,0.0,26.16947533355975,0.10417452112670855,0.2741829995457112,0.2728291782354268,-0.4558170004542888,-0.4571708217645732
2026-09-03,2026-10,jaov6_11500c,call,115.0,0.41,20.0,0.0,False,0.280728701159304,0.415442454433504,0.5458910030618681,interior,0.0,24.58882039795689,0.13044854862836408,0.0857738078184963,0.0848217220214413,-0.32422619218150367,-0.3251782779785587
2026-09-03,2026-10,jaov6_12100c,call,121.0,0.26,10.0,0.0,False,0.3315871183927952,0.415442454433504,0.568377693514629,interior,0.0,23.337571780328684,0.15293523908112494,0.0296953925684123,0.0290762878114388,-0.2303046074315877,-0.2309237121885612
2026-09-03,2026-10,jaov6_12500c,call,125.0,0.19,200.0,0.0,False,0.3641103100983551,0.415442454433504,0.5803406524431888,interior,0.0,22.551979975063666,0.16489819800968475,0.0144684522878934,0.0141350201528729,-0.1755315477121066,-0.1758649798471271
2026-09-03,2026-10,jaov6_16000c,call,160.0,0.03,15.0,0.0,False,0.6109703880298809,0.415442454433504,0.7052818515121266,interior,0.0,17.01090301711985,0.2898393970786226,3.830880974309528e-05,3.700867320609397e-05,-0.029961691190256903,-0.029962991326793906
2026-09-03,2026-10,jaov6_7200p,put,72.0,0.47,1.0,0.0,False,-0.1875373081878907,0.415442454433504,0.43827053272978417,interior,0.0,22.263043884020266,0.02282807829628014,0.3728073327846368,0.3716087623587472,-0.09719266721536318,-0.0983912376412528
2026-09-03,2026-10,jaov6_7400p,put,74.0,0.68,205.0,0.0,False,-0.1601383339997761,0.415442454433504,0.4317798810616839,interior,0.0,23.496748384176907,0.016337426628179885,0.5867773488243896,0.5856495806036376,-0.09322265117561046,-0.09435041939636246
2026-09-03,2026-10,jaov6_7450p,put,74.5,0.74,413.0,0.0,False,-0.1534043018184321,0.415442454433504,0.4296219570750551,interior,0.0,23.808529622639952,0.0141795026415511,0.652740331017499,0.6516340243244123,-0.08725966898250104,-0.08836597567558768
2026-09-03,2026-10,jaov6_7500p,put,75.0,0.82,643.0,0.0,False,-0.1467153136676356,0.415442454433504,0.4301574896759028,interior,0.0,24.121628550648722,0.014715035242398755,0.7243352507695686,0.7233122790771367,-0.09566474923043133,-0.09668772092286326
2026-09-03,2026-10,jaov6_7600p,put,76.0,0.98,4.0,0.0,False,-0.1334700869176149,0.415442454433504,0.4283186187258973,interior,0.0,24.75173177459407,0.0128761642923933,0.8850869145935597,0.8841329886047001,-0.09491308540644028,-0.09586701139529985
2026-09-03,2026-10,jaov6_7800p,put,78.0,1.39,26.0,0.0,False,-0.1074946005143541,0.415442454433504,0.4271364252682625,interior,0.0,26.027232703113484,0.011693970834758483,1.2846571077101303,1.2839123454347643,-0.1053428922898696,-0.10608765456523561
2026-09-03,2026-10,jaov6_8000p,put,80.0,1.93,3560.0,0.0,False,-0.0821767925300643,0.415442454433504,0.4280036407862503,interior,0.0,27.322521114192078,0.012561186352746279,1.800259620621265,1.7997516345803009,-0.12974037937873484,-0.13024836541969909
2026-09-03,2026-10,jaov6_8200p,put,82.0,2.62,7.0,0.0,False,-0.0574841799396929,0.415442454433504,0.4312078647283439,interior,0.0,28.636897013825422,0.015765410294839854,2.442631810407337,2.442372894789412,-0.17736818959266332,-0.177627105210588
2026-09-03,2026-10,jaov6_9000p,put,90.0,6.83,400.0,0.0,False,0.035606243126319,0.415442454433504,0.4536033866561296,interior,3.12914248138481,34.07226002168314,0.038160932222625565,6.391262070875106,6.391145529228411,-0.43873792912489407,-0.4388544707715889
2026-09-04,2026-09,jaou6_9100c,call,91.0,1.95,19.0,0.0,False,0.004410310538499,0.4152590507049439,0.4402110895161232,interior,0.0,14.174634881658173,0.0249520388111793,1.821280675117936,1.821277409334454,-0.12871932488206395,-0.12872259066554603
2026-09-04,2026-09,jaou6_9150c,call,91.5,1.74,15.0,0.0,False,0.0098897763031247,0.4152590507049439,0.4417309946230838,interior,0.0,13.983628830248357,0.026471943918139895,1.6053232278889218,1.6053006991515768,-0.1346767721110782,-0.1346993008484232
2026-09-04,2026-09,jaou6_9196c,call,91.96,1.56,5.0,0.0,False,0.0149045039166297,0.4152590507049439,0.44262574771257185,interior,0.0,13.81018832204804,0.02736669700762795,1.4236773965983578,1.4236251647301563,-0.13632260340164226,-0.13637483526984373
2026-09-04,2026-09,jaou6_9200c,call,92.0,1.55,1.0,0.0,False,0.0153393810706893,0.4152590507049439,0.4437488640151368,interior,0.0,13.79520921977511,0.028489813310192902,1.4086326570647576,1.4085835777832605,-0.14136734293524245,-0.14141642221673956
2026-09-04,2026-09,jaou6_9225c,call,92.25,1.46,12.0,0.0,False,0.0180530869422857,0.4152590507049439,0.4444679035411476,interior,0.0,13.70195985469507,0.029208852836203725,1.3171942281905626,1.317121893779504,-0.14280577180943732,-0.14287810622049602
2026-09-04,2026-09,jaou6_9250c,call,92.5,1.38,50.0,0.0,False,0.0207594485400286,0.4152590507049439,0.4464506323801289,interior,0.0,13.609345742766608,0.031191581675184987,1.2302837007597538,1.2301913819297765,-0.1497162992402461,-0.1498086180702234
2026-09-04,2026-09,jaou6_9435c,call,94.35,0.87,10.0,0.0,False,0.0405620758362081,0.4152590507049439,0.45377626206249777,interior,0.0,12.943378948642426,0.03851721135755387,0.7155377382336805,0.7152334428084111,-0.1544622617663195,-0.15476655719158894
2026-09-04,2026-09,jaou6_9500c,call,95.0,0.74,50.0,0.0,False,0.0474276956221898,0.4152590507049439,0.4579929726925443,interior,0.0,12.717317858587867,0.0427339219876004,0.5821153483149283,0.5817307181007311,-0.1578846516850717,-0.15826928189926892
2026-09-04,2026-09,jaou6_9800c,call,98.0,0.33,22.0,0.0,False,0.0785182826922209,0.4152590507049439,0.47259558502224497,interior,0.0,11.725015061861571,0.05733653431730107,0.2020760070275866,0.2014867730055753,-0.12792399297241341,-0.12851322699442472
2026-09-04,2026-09,jaou6_10000c,call,100.0,0.19,1716.0,0.0,False,0.0987209900097403,0.4152590507049439,0.4837324724805782,interior,0.0,11.1079433687968,0.06847342177563431,0.0922078200768495,0.091696444034145,-0.09779217992315051,-0.09830355596585501
2026-09-04,2026-09,jaou6_10205c,call,102.05,0.11,5.0,0.0,False,0.1190136932775027,0.4152590507049439,0.4977895356541081,interior,0.0,10.510183014981141,0.0825304849491642,0.0384057766221056,0.03799116557834,-0.0715942233778944,-0.07200883442166
2026-09-04,2026-09,jaou6_10240c,call,102.4,0.1,4.0,0.0,False,0.1224375166270565,0.4152590507049439,0.49996648339878336,interior,0.0,10.411507608148455,0.08470743269383946,0.0328565020510197,0.0324929672900986,-0.06714349794898031,-0.06750703270990141
2026-09-04,2026-09,jaou6_10300c,call,103.0,0.08,2.0,0.0,False,0.1282797922512847,0.4152590507049439,0.49847451438728607,interior,0.0,10.24458384467669,0.08321546368234217,0.0250220645048309,0.0246747266768029,-0.054977935495169106,-0.0553252733231971
2026-09-04,2026-09,jaou6_10500c,call,105.0,0.05,73.0,0.0,False,0.1475111541791723,0.4152590507049439,0.5169678891645351,interior,0.0,9.708023812660304,0.10170883845959117,0.0095028070186303,0.0092753521130941,-0.0404971929813697,-0.0407246478869059
2026-09-04,2026-09,jaou6_10520c,call,105.2,0.04,14.0,0.0,False,0.1494141043252586,0.4152590507049439,0.5055092186172049,interior,0.0,9.65600584473317,0.09025016791226098,0.0085783969972437,0.0083586248074859,-0.0314216030027563,-0.0316413751925141
2026-09-04,2026-09,jaou6_10825c,call,108.25,0.02,3.0,0.0,False,0.1779941709042483,0.4152590507049439,0.5333136842455859,interior,0.0,8.897921051497548,0.118054633540642,0.0017938712677836,0.0017310191746391,-0.0182061287322164,-0.018268980825360902
2026-09-04,2026-09,jaou6_7800p,put,78.0,0.02,26.0,0.0,False,-0.1497403692887591,0.4152590507049439,0.4985794699525957,interior,1.7763568394002505e-14,7.582673717698135,0.08332041924765182,0.0040666363111888,0.0039446407945805,-0.0159333636888112,-0.0160553592054195
2026-09-04,2026-09,jaou6_8000p,put,80.0,0.04,644.0,0.0,False,-0.1244225613044692,0.4152590507049439,0.4654087062261554,interior,7.105427357601002e-15,8.521875623965856,0.05014965552121148,0.0185086423319175,0.0182590216688116,-0.0214913576680825,-0.0217409783311884
2026-09-04,2026-09,jaou6_8200p,put,82.0,0.1,7.0,0.0,False,-0.0997299487140977,0.4152590507049439,0.4515319091474459,interior,8.881784197001252e-15,9.51346757786181,0.036272858442502,0.0648069150813416,0.0643926524978164,-0.0351930849186584,-0.03560734750218361
2026-09-04,2026-09,jaou6_8250p,put,82.5,0.13,24.0,0.0,False,-0.0936509026377155,0.4152590507049439,0.4526147381324008,interior,1.7763568394002505e-14,9.769341645647001,0.037355687427456874,0.0856661514648346,0.0851965545937029,-0.04433384853516541,-0.044803445406297104
2026-09-04,2026-10,jaov6_9200c,call,92.0,3.05,1.0,0.0,False,0.050846129974386,0.4152590507049439,0.44224710324118877,interior,0.0,30.340137585154682,0.026988052536244866,2.737167993846288,2.736930002318119,-0.312832006153712,-0.3130699976818807
2026-09-04,2026-10,jaov6_9225c,call,92.25,2.97,12.0,0.0,False,0.0535598358459824,0.4152590507049439,0.4424125534954894,interior,0.0,30.26671416314068,0.027153502790545514,2.6576681438001604,2.6574226679419426,-0.31233185619983983,-0.3125773320580576
2026-09-04,2026-10,jaov6_9348c,call,93.48,2.64,10.0,0.0,False,0.066805062596003,0.4152590507049439,0.44708371274284875,interior,0.0,29.909023745763083,0.03182466203790485,2.292121511038953,2.2917336699680315,-0.34787848896104734,-0.3482663300319686
2026-09-04,2026-10,jaov6_9353c,call,93.53,2.63,20.0,0.0,False,0.0673397933718054,0.4152590507049439,0.4475334596170551,interior,0.0,29.894607303407085,0.0322744089121112,2.2781495465357646,2.277758990847073,-0.35185045346423527,-0.3522410091529271
2026-09-04,2026-10,jaov6_9435c,call,94.35,2.43,10.0,0.0,False,0.0760688247399049,0.4152590507049439,0.4505616495016899,interior,0.0,29.65954138607934,0.03530259879674602,2.0585573774074994,2.058076645346034,-0.3714426225925007,-0.371923354653966
2026-09-04,2026-10,jaov6_9700c,call,97.0,1.88,5.0,0.0,False,0.1037685314287286,0.4152590507049439,0.4603111878824234,interior,0.0,28.917108317832273,0.04505213717747952,1.46334603036226,1.4625218394343555,-0.4166539696377398,-0.41747816056564435
2026-09-04,2026-10,jaov6_9800c,call,98.0,1.71,22.0,0.0,False,0.1140250315959177,0.4152590507049439,0.46440831880915245,interior,0.0,28.643613603465596,0.049149268104208554,1.280092078879287,1.2791887119951384,-0.42990792112071285,-0.43081128800486157
2026-09-04,2026-10,jaov6_9911c,call,99.11,1.54,12.0,0.0,False,0.1252878973439629,0.4152590507049439,0.46897132251593804,interior,0.0,28.344200065789344,0.05371227181099414,1.0997658965223511,1.0987755138679594,-0.4402341034776489,-0.4412244861320407
2026-09-04,2026-10,jaov6_9955c,call,99.55,1.48,100.0,0.0,False,0.1297175834355511,0.4152590507049439,0.47107711054627543,interior,0.0,28.226709358376457,0.055818059841331535,1.034446225381806,1.0333628401811157,-0.4455537746181939,-0.4466371598188843
2026-09-04,2026-10,jaov6_10000c,call,100.0,1.41,1636.0,0.0,False,0.1342277389134371,0.4152590507049439,0.471798236327252,interior,0.0,28.10724277426352,0.056539185622308086,0.971105383922403,0.9699748780370938,-0.43889461607759694,-0.4400251219629061
2026-09-04,2026-10,jaov6_10205c,call,102.05,1.16,5.0,0.0,False,0.1545204421811996,0.4152590507049439,0.47957643535429373,interior,0.0,27.571747381402297,0.06431738464934983,0.7235512422873891,0.7222979116655781,-0.4364487577126108,-0.4377020883344218
2026-09-04,2026-10,jaov6_10240c,call,102.4,1.12,4.0,0.0,False,0.1579442655307533,0.4152590507049439,0.4805869709647964,interior,0.0,27.481731519319318,0.06532792025985251,0.6872896669917163,0.6860291849404944,-0.43271033300828377,-0.43397081505950574
2026-09-04,2026-10,jaov6_10300c,call,103.0,1.06,2.0,0.0,False,0.1637865411549816,0.4152590507049439,0.4831148772464981,interior,0.0,27.328359702021555,0.0678558265415542,0.6288505229386079,0.6274960162004376,-0.4311494770613922,-0.43250398379956245
2026-09-04,2026-10,jaov6_10500c,call,105.0,0.88,23.0,0.0,False,0.1830179030828692,0.4152590507049439,0.49085029745559206,interior,0.0,26.82556728989654,0.07559124675064816,0.4652688340666559,0.4639482830109762,-0.4147311659333441,-0.4160517169890238
2026-09-04,2026-10,jaov6_10800c,call,108.0,0.67,100.0,0.0,False,0.2111887800495655,0.4152590507049439,0.5025446221515244,interior,0.0,26.095009210042093,0.0872855714465805,0.2904833368368938,0.2891426270634989,-0.3795166631631062,-0.3808573729365011
2026-09-04,2026-10,jaov6_11500c,call,115.0,0.36,20.0,0.0,False,0.2739896812885959,0.4152590507049439,0.5277728630966655,interior,0.0,24.49373370762192,0.11251381239172159,0.0901569926929426,0.0892050268894545,-0.2698430073070574,-0.27079497311054546
2026-09-04,2026-10,jaov6_12100c,call,121.0,0.22,10.0,0.0,False,0.324848098522087,0.4152590507049439,0.5494672056783686,interior,0.0,23.226972576420795,0.1342081549734247,0.0309327754789343,0.0303102325082276,-0.1890672245210657,-0.1896897674917724
2026-09-04,2026-10,jaov6_12500c,call,125.0,0.17,200.0,0.0,False,0.3573712902276469,0.4152590507049439,0.5682742623706561,interior,0.0,22.43204693804655,0.15301521166571225,0.0149523522787343,0.0146153129276364,-0.15504764772126572,-0.1553846870723636
2026-09-04,2026-10,jaov6_16000c,call,160.0,0.03,15.0,0.0,False,0.6042313681591727,0.4152590507049439,0.707270846009416,interior,0.0,16.836189949140856,0.29201179530447213,3.605230412470353e-05,3.459797932502375e-05,-0.029963947695875296,-0.029965402020674974
2026-09-04,2026-10,jaov6_7200p,put,72.0,0.39,1.0,0.0,False,-0.1942763280585988,0.4152590507049439,0.4348719096409245,interior,0.0,21.765234826326136,0.01961285893598058,0.314924941456373,0.3137697003351852,-0.075075058543627,-0.07623029966481482
2026-09-04,2026-10,jaov6_7400p,put,74.0,0.56,205.0,0.0,False,-0.1668773538704843,0.4152590507049439,0.4255010183992604,interior,0.0,22.987166838491646,0.010241967694316512,0.5039975463120088,0.5029306361541934,-0.05600245368799128,-0.05706936384580663
2026-09-04,2026-10,jaov6_7450p,put,74.5,0.62,413.0,0.0,False,-0.1601433216891403,0.4152590507049439,0.42492847448149623,interior,0.0,23.296068073778223,0.009669423776552333,0.5628556982388875,0.5617439220242574,-0.057144301761112515,-0.058256077975742615
2026-09-04,2026-10,jaov6_7500p,put,75.0,0.68,643.0,0.0,False,-0.1534543335383437,0.4152590507049439,0.4234252001353756,interior,0.0,23.606311988171853,0.008166149430431702,0.6269299587704554,0.6258154063137152,-0.05307004122954462,-0.05418459368628481
2026-09-04,2026-10,jaov6_7600p,put,76.0,0.81,4.0,0.0,False,-0.140209106788323,0.4152590507049439,0.4197247175850702,interior,0.0,24.23077962254677,0.004465666880126284,0.7720069657310308,0.7710021492887373,-0.03799303426896927,-0.038997850711262716
2026-09-04,2026-10,jaov6_7800p,put,78.0,1.16,26.0,0.0,False,-0.1142336203850623,0.4152590507049439,0.4164672169979621,interior,0.0,25.495303315236924,0.0012081662930181758,1.136174963413112,1.1353054817815489,-0.02382503658688795,-0.024694518218451034
2026-09-04,2026-10,jaov6_8000p,put,80.0,1.62,3560.0,0.0,False,-0.0889158124007726,0.4152590507049439,0.41396330827487154,interior,0.0,26.779998963225594,-0.0012957424300723552,1.6128787939884075,1.61229532405025,-0.007121206011592607,-0.007704675949750106
2026-09-04,2026-10,jaov6_8200p,put,82.0,2.24,7.0,0.0,False,-0.064223199810401,0.4152590507049439,0.41577273897981337,interior,0.0,28.084157388432978,0.0005136882748694727,2.213848847568188,2.2135024443635656,-0.026151152431812097,-0.026497555636434633
2026-09-04,2026-10,jaov6_8250p,put,82.5,2.41,15.0,0.0,False,-0.0581441537340189,0.4152590507049439,0.4155778463183935,interior,0.0,28.413157689911266,0.0003187956134496073,2.384763740609851,2.3844792660806324,-0.025236259390148952,-0.02552073391936771
2026-09-04,2026-10,jaov6_9000p,put,90.0,6.23,400.0,0.0,False,0.0288672232556108,0.4152590507049439,0.43454381939716685,interior,2.545729429816761,33.482214138046395,0.019284768692222953,5.996113453886507,5.996035454324179,-0.23388654611349313,-0.23396454567582126
2026-09-08,2026-10,jaov6_9200c,call,92.0,3.54,1.0,0.0,False,0.032243529380682,0.4149296148914277,0.45100594344406075,interior,0.0,29.717530589474332,0.03607632855263304,3.1342885461384284,3.1341909532599272,-0.4057114538615716,-0.4058090467400728
2026-09-08,2026-10,jaov6_9225c,call,92.25,3.45,12.0,0.0,False,0.0349572352522783,0.4149296148914277,0.45132771515045794,interior,0.0,29.64036818355432,0.03639810025903023,3.042884420085703,3.042773833964503,-0.40711557991429714,-0.407226166035497
2026-09-08,2026-10,jaov6_9348c,call,93.48,3.05,10.0,0.0,False,0.048202462002299,0.4149296148914277,0.4545008604957003,interior,0.0,29.264580858876947,0.03957124560427261,2.6224427959928733,2.6222356070093054,-0.4275572040071265,-0.42776439299069446
2026-09-08,2026-10,jaov6_9353c,call,93.53,3.04,20.0,0.0,False,0.0487371927781014,0.4149296148914277,0.45515773868469267,interior,0.0,29.2494391928305,0.04022812379326496,2.6063458292060484,2.606130739424343,-0.43365417079395163,-0.4338692605756571
2026-09-08,2026-10,jaov6_9435c,call,94.35,2.8,10.0,0.0,False,0.0574662241462009,0.4149296148914277,0.4575283978544774,interior,0.0,29.002594490259746,0.0425987829630497,2.352807496900124,2.3525105095398136,-0.4471925030998758,-0.44748949046018627
2026-09-08,2026-10,jaov6_9700c,call,97.0,2.15,5.0,0.0,False,0.0851659308350245,0.4149296148914277,0.46654626341566335,interior,0.0,28.22354878886055,0.05161664852423564,1.664130799569287,1.663521211822946,-0.485869200430713,-0.4864787881770538
2026-09-08,2026-10,jaov6_9800c,call,98.0,1.94,22.0,0.0,False,0.0954224310022136,0.4149296148914277,0.46945218876653316,interior,0.0,27.936800793307107,0.05452257387510545,1.4513338685286976,1.4505760501451317,-0.48866613147130233,-0.48942394985486826
2026-09-08,2026-10,jaov6_9911c,call,99.11,1.73,12.0,0.0,False,0.1066852967502589,0.4149296148914277,0.47271465989217953,interior,0.0,27.623027851055973,0.05778504500075182,1.2426263476315504,1.241761638532059,-0.48737365236844954,-0.4882383614679411
2026-09-08,2026-10,jaov6_9955c,call,99.55,1.66,100.0,0.0,False,0.111114982841847,0.4149296148914277,0.4748649065213852,interior,0.0,27.499946101512652,0.05993529162995748,1.1672303568988591,1.166341386591362,-0.4927696431011408,-0.4936586134086378
2026-09-08,2026-10,jaov6_10000c,call,100.0,1.58,1636.0,0.0,False,0.1156251383197332,0.4149296148914277,0.47563532280125603,interior,0.0,27.37482003999838,0.06070570790982832,1.0941570307050943,1.0932340264707758,-0.4858429692949058,-0.48676597352922424
2026-09-08,2026-10,jaov6_10205c,call,102.05,1.29,5.0,0.0,False,0.1359178415874955,0.4149296148914277,0.4835050418440294,interior,0.0,26.814280557937323,0.06857542695260171,0.8085720542902779,0.8074807167384107,-0.48142794570972214,-0.4825192832615893
2026-09-08,2026-10,jaov6_10240c,call,102.4,1.24,4.0,0.0,False,0.1393416649370493,0.4149296148914277,0.4839758910448442,interior,0.0,26.72010788892866,0.06904627615341646,0.7668842756756479,0.765750227038068,-0.4731157243243521,-0.47424977296193194
2026-09-08,2026-10,jaov6_10300c,call,103.0,1.17,2.0,0.0,False,0.1451839405612776,0.4149296148914277,0.48645896927092896,interior,0.0,26.559689501315525,0.07152935437950125,0.6997824006395873,0.6985804920558135,-0.47021759936041263,-0.4714195079441864
2026-09-08,2026-10,jaov6_10500c,call,105.0,0.96,23.0,0.0,False,0.1644153024891652,0.4149296148914277,0.49384784133830584,interior,0.0,26.03412057431647,0.07891822644687813,0.512116023314844,0.5107989727736717,-0.447883976685156,-0.44920102722632826
2026-09-08,2026-10,jaov6_10800c,call,108.0,0.71,100.0,0.0,False,0.1925861794558615,0.4149296148914277,0.5037185763933079,interior,0.0,25.271386333174284,0.08878896150188015,0.3140635966904014,0.3127888129767,-0.39593640330959856,-0.39721118702329994
2026-09-08,2026-10,jaov6_11500c,call,115.0,0.37,20.0,0.0,False,0.2553870806948919,0.4149296148914277,0.5303712254181772,interior,0.0,23.603685221365502,0.11544161052674945,0.0921384005821655,0.0912618688302667,-0.2778615994178345,-0.2787381311697333
2026-09-08,2026-10,jaov6_12100c,call,121.0,0.23,10.0,0.0,False,0.3062454979283829,0.4149296148914277,0.5574382203225609,interior,0.0,22.288751752892615,0.14250860543113314,0.0297787811483292,0.0291796412738106,-0.20022121885167082,-0.20082035872618942
2026-09-08,2026-10,jaov6_12500c,call,125.0,0.17,200.0,0.0,False,0.3387686896339429,0.4149296148914277,0.5742365763721764,interior,0.0,21.465761817713886,0.1593069614807487,0.0137477688586387,0.013437556288779,-0.1562522311413613,-0.15656244371122102
2026-09-08,2026-10,jaov6_16000c,call,160.0,0.02,15.0,0.0,False,0.5856287675654688,0.4149296148914277,0.6979414687054872,interior,0.0,15.729929250340556,0.2830118538140595,1.5837021030513374e-05,9.659103731476447e-06,-0.01998416297896949,-0.019990340896268523
2026-09-08,2026-10,jaov6_7200p,put,72.0,0.29,1.0,0.0,False,-0.2128789286523028,0.4149296148914277,0.4607826615219837,interior,0.0,19.876954986671656,0.045853046630556005,0.1707097195346598,0.1697181330683299,-0.11929028046534018,-0.12028186693167009
2026-09-08,2026-10,jaov6_7400p,put,74.0,0.43,205.0,0.0,False,-0.1854799544641883,0.4149296148914277,0.45316524091785654,interior,0.0,21.05520436645773,0.038235626026428826,0.2919723906761126,0.290938493528521,-0.1380276093238874,-0.13906150647147897
2026-09-08,2026-10,jaov6_7450p,put,74.5,0.47,413.0,0.0,False,-0.1787459222828443,0.4149296148914277,0.4505792144830354,interior,0.0,21.35345152248827,0.035649599591607684,0.3310723730101166,0.3299503048411668,-0.13892762698988337,-0.1400496951588332
2026-09-08,2026-10,jaov6_7500p,put,75.0,0.52,643.0,0.0,False,-0.1720569341320477,0.4149296148914277,0.44959972737870185,interior,0.0,21.65314685398015,0.03467011248727414,0.3744201125620742,0.3733491268095676,-0.14557988743792583,-0.1466508731904324
2026-09-08,2026-10,jaov6_7600p,put,76.0,0.63,4.0,0.0,False,-0.158811707382027,0.4149296148914277,0.4470594943488022,interior,0.0,22.256831470667734,0.0321298794573745,0.4747315042595264,0.4736823759463928,-0.15526849574047358,-0.15631762405360722
2026-09-08,2026-10,jaov6_7800p,put,78.0,0.9,26.0,0.0,False,-0.1328362209787664,0.4149296148914277,0.44100270645090445,interior,0.0,23.48102891144503,0.026073091559476735,0.7377445697986222,0.7368005442922272,-0.16225543020137778,-0.16319945570777283
2026-09-08,2026-10,jaov6_8000p,put,80.0,1.28,3560.0,0.0,False,-0.1075184129944765,0.4149296148914277,0.4384800392346327,interior,0.0,24.727018398255517,0.02355042434320498,1.099447912823402,1.09864475508346,-0.180552087176598,-0.1813552449165401
2026-09-08,2026-10,jaov6_8200p,put,82.0,1.77,7.0,0.0,False,-0.082825800404105,0.4149296148914277,0.4362208722761458,interior,0.0,25.994050069644366,0.0212912573847181,1.5776543372165006,1.5770762843042605,-0.1923456627834994,-0.19292371569573952
2026-09-08,2026-10,jaov6_8250p,put,82.5,1.92,15.0,0.0,False,-0.0767467543277229,0.4149296148914277,0.43670970816091265,interior,0.0,26.31401060218175,0.021780093269484935,1.717027463590214,1.7165404844900762,-0.20297253640978585,-0.2034595155099237
2026-09-08,2026-10,jaov6_9000p,put,90.0,5.22,400.0,0.0,False,0.0102646226619068,0.4149296148914277,0.44623533090495293,interior,0.9140116779558295,31.258553828569813,0.03130571601352522,4.864929042489077,4.8649223338606085,-0.35507095751092255,-0.3550776661393913
2026-09-09,2026-10,jaov6_9200c,call,92.0,4.74,1.0,0.0,False,0.0045855966100154,0.415040877352261,0.4605674055109966,interior,0.0,30.90229213513611,0.045526528158735646,4.220663134850033,4.2206705322107565,-0.5193368651499668,-0.5193294677892437
2026-09-09,2026-10,jaov6_9225c,call,92.25,4.64,12.0,0.0,False,0.0072993024816117,0.415040877352261,0.4617915591802052,interior,0.0,30.821805902108444,0.04675068182794423,4.107307482292741,4.107311451988099,-0.5326925177072583,-0.532688548011901
2026-09-09,2026-10,jaov6_9348c,call,93.48,4.15,10.0,0.0,False,0.0205445292316323,0.415040877352261,0.4653694665536408,interior,0.0,30.42980070086572,0.050328589201379836,3.5813364843183355,3.581300203136189,-0.5686635156816648,-0.5686997968638114
2026-09-09,2026-10,jaov6_9353c,call,93.53,4.13,20.0,0.0,False,0.0210792600074347,0.415040877352261,0.4654165256852018,interior,0.0,30.414004513138018,0.05037564833294084,3.5610838116127588,3.5610451644901486,-0.5689161883872411,-0.5689548355098513
2026-09-09,2026-10,jaov6_9435c,call,94.35,3.84,10.0,0.0,False,0.0298082913755344,0.415040877352261,0.46877110792115206,interior,0.0,30.15647824309741,0.05373023056889109,3.241201533297466,3.2411150731851133,-0.5987984667025339,-0.5988849268148866
2026-09-09,2026-10,jaov6_9700c,call,97.0,3.01,5.0,0.0,False,0.0575079980643579,0.415040877352261,0.4778502229888669,interior,0.0,29.343584724603133,0.06280934563660595,2.3547560289327665,2.3544466393668118,-0.6552439710672333,-0.655553360633188
2026-09-09,2026-10,jaov6_9800c,call,98.0,2.75,22.0,0.0,False,0.067764498231547,0.415040877352261,0.4820351597799836,interior,0.0,29.04432756212676,0.06699428242772265,2.0741668267695887,2.073730983495396,-0.6758331732304113,-0.6762690165046039
2026-09-09,2026-10,jaov6_9911c,call,99.11,2.48,12.0,0.0,False,0.0790273639795922,0.415040877352261,0.4859215413639834,interior,0.0,28.716836397832896,0.07088066401172244,1.7950066051359472,1.7944731049190608,-0.6849933948640528,-0.6855268950809392
2026-09-09,2026-10,jaov6_9955c,call,99.55,2.38,100.0,0.0,False,0.0834570500711804,0.415040877352261,0.4874436344201354,interior,0.0,28.588365059612485,0.07240275706787441,1.6929484529221837,1.6923396189676283,-0.6870515470778162,-0.6876603810323716
2026-09-09,2026-10,jaov6_10000c,call,100.0,2.29,1636.0,0.0,False,0.0879672055490664,0.415040877352261,0.48988736136911976,interior,0.0,28.45775509868229,0.07484648401685878,1.5935244168933895,1.5928568130036864,-0.6964755831066105,-0.6971431869963136
2026-09-09,2026-10,jaov6_10205c,call,102.05,1.89,5.0,0.0,False,0.1082599088168288,0.415040877352261,0.4970185246030603,interior,0.0,27.87259089009529,0.08197764725079931,1.2006241383788898,1.199750885994111,-0.6893758616211101,-0.6902491140058888
2026-09-09,2026-10,jaov6_10240c,call,102.4,1.83,4.0,0.0,False,0.1116837321663825,0.415040877352261,0.49835806888370915,interior,0.0,27.77427208999691,0.08331719153144818,1.142528306074542,1.1416446762584822,-0.6874716939254581,-0.6883553237415179
2026-09-09,2026-10,jaov6_10300c,call,103.0,1.73,2.0,0.0,False,0.117526007790611,0.415040877352261,0.5004604020993867,interior,0.0,27.606785105579725,0.08541952474712572,1.048421104921063,1.0474366757391975,-0.681578895078937,-0.6825633242608025
2026-09-09,2026-10,jaov6_10500c,call,105.0,1.44,23.0,0.0,False,0.1367573697184985,0.415040877352261,0.5081687304430051,interior,0.0,27.058007204079676,0.09312785309074417,0.781281455396462,0.7801680374910892,-0.658718544603538,-0.6598319625089107
2026-09-09,2026-10,jaov6_10800c,call,108.0,1.09,100.0,0.0,False,0.1649282466851948,0.415040877352261,0.5187306500094605,interior,0.0,26.26145958351489,0.10368977265719953,0.4920619308729817,0.4908042010020703,-0.5979380691270184,-0.5991957989979297
2026-09-09,2026-10,jaov6_11500c,call,115.0,0.59,20.0,0.0,False,0.2277291479242252,0.415040877352261,0.5460272937863702,interior,0.0,24.519342542913808,0.1309864164341092,0.1523607371699629,0.1512481319483752,-0.43763926283003707,-0.4387518680516248
2026-09-09,2026-10,jaov6_12100c,call,121.0,0.36,10.0,0.0,False,0.2785875651577161,0.415040877352261,0.5692788513666225,interior,0.0,23.145341561771584,0.1542379740143615,0.0515669163346153,0.0509218415451028,-0.3084330836653847,-0.30907815845489717
2026-09-09,2026-10,jaov6_12500c,call,125.0,0.26,200.0,0.0,False,0.3111107568632763,0.415040877352261,0.5830813219651839,interior,0.0,22.285243264222427,0.16804044461292295,0.023969854062982,0.0234899525570351,-0.23603014593701802,-0.23651004744296492
2026-09-09,2026-10,jaov6_16000c,call,160.0,0.04,15.0,0.0,False,0.557970834794802,0.415040877352261,0.7279080043689127,interior,0.0,16.28978060687441,0.3128671270166517,4.074200804044027e-05,4.00434373320239e-05,-0.03995925799195956,-0.03995995656266798
2026-09-09,2026-10,jaov6_7200p,put,72.0,0.19,1.0,0.0,False,-0.2405368614229696,0.415040877352261,0.4721522820392717,interior,0.0,18.87249439533101,0.0571114046870107,0.0892554402094897,0.0884707761337481,-0.10074455979051031,-0.1015292238662519
2026-09-09,2026-10,jaov6_7400p,put,74.0,0.29,205.0,0.0,False,-0.213137887234855,0.415040877352261,0.46577381250912064,interior,0.0,20.018420584909148,0.05073293515685967,0.1608783499245862,0.1599297304299153,-0.1291216500754138,-0.1300702695700847
2026-09-09,2026-10,jaov6_7450p,put,74.5,0.32,413.0,0.0,False,-0.2064038550535109,0.415040877352261,0.46385573941236374,interior,0.0,20.30868427297144,0.04881486206010277,0.1848114694568626,0.1838182045882922,-0.1351885305431374,-0.1361817954117078
2026-09-09,2026-10,jaov6_7500p,put,75.0,0.35,643.0,0.0,False,-0.1997148669027143,0.415040877352261,0.4611465649479268,interior,0.0,20.600435225074325,0.0461056875956658,0.2116782229958824,0.2106705523000009,-0.13832177700411757,-0.13932944769999908
2026-09-09,2026-10,jaov6_7600p,put,76.0,0.42,4.0,0.0,False,-0.1864696401526937,0.415040877352261,0.4564194031977303,interior,0.0,21.188348584149647,0.041378525845469305,0.2749365330999749,0.2739666276503545,-0.14506346690002508,-0.14603337234964547
2026-09-09,2026-10,jaov6_7800p,put,78.0,0.62,26.0,0.0,False,-0.1604941537494331,0.415040877352261,0.4519429755380847,interior,0.0,22.381474658435177,0.03690209818582374,0.4467928753848137,0.445735927391106,-0.17320712461518628,-0.17426407260889398
2026-09-09,2026-10,jaov6_8000p,put,80.0,0.89,3560.0,0.0,False,-0.1351763457651432,0.415040877352261,0.44745708159621006,interior,0.0,23.597021939438413,0.03241620424394909,0.6947208233312496,0.6937213084557717,-0.1952791766687504,-0.19627869154422828
2026-09-09,2026-10,jaov6_8200p,put,82.0,1.27,7.0,0.0,False,-0.1104837331747717,0.415040877352261,0.4465643805522682,interior,0.0,24.834240044034438,0.03152350320000724,1.036866627447459,1.0360331899506738,-0.23313337255254107,-0.23396681004932618
2026-09-09,2026-10,jaov6_8250p,put,82.5,1.38,15.0,0.0,False,-0.1044046870983895,0.415040877352261,0.44617799807948477,interior,0.0,25.14684518444538,0.0311371207272238,1.1392532548320529,1.1384714022724205,-0.24074674516794703,-0.2415285977275794
2026-09-09,2026-10,jaov6_9000p,put,90.0,4.09,400.0,0.0,False,-0.0173933101087597,0.415040877352261,0.4552261525865654,interior,0.0,29.985710967743692,0.04018527523430443,3.644323543825134,3.644293328941208,-0.44567645617486606,-0.445706671058792
2026-09-10,2026-10,jaov6_9200c,call,92.0,8.38,1.0,0.0,False,-0.0505954224730852,0.4166311397436242,0.5245533693237534,interior,4.748779521748022,33.90801599600198,0.1079222295801292,7.258757246363286,7.258509487243715,-1.1212427536367144,-1.121490512756286
2026-09-10,2026-10,jaov6_9225c,call,92.25,8.24,12.0,0.0,False,-0.0478817166014889,0.4166311397436242,0.5253723937358574,interior,4.500128651892596,33.821132042832794,0.10874125399223322,7.100400586589252,7.100163657464445,-1.1395994134107479,-1.1398363425355553
2026-09-10,2026-10,jaov6_9348c,call,93.48,7.58,10.0,0.0,False,-0.0346364898514682,0.4166311397436242,0.5296075639069958,interior,3.276766372203893,33.39784605513245,0.11297642416337161,6.352757064572836,6.3526340774148045,-1.2272429354271637,-1.2273659225851956
2026-09-10,2026-10,jaov6_9353c,call,93.53,7.56,20.0,0.0,False,-0.0341017590756658,0.4166311397436242,0.5303332980042706,interior,3.2270361982328244,33.380785179208246,0.11370215826064645,6.323476984139604,6.323356361217472,-1.2365230158603957,-1.2366436387825273
2026-09-10,2026-10,jaov6_9435c,call,94.35,7.14,10.0,0.0,False,-0.0253727277075663,0.4166311397436242,0.5326386401943916,interior,2.4114613451070177,33.10259475873985,0.11600750045076735,5.855954193061649,5.855895593447685,-1.2840458069383507,-1.2841044065523146
2026-09-10,2026-10,jaov6_9700c,call,97.0,5.95,5.0,0.0,False,0.0023269789812571,0.4166311397436242,0.5436668764245126,interior,0.0,32.223908151262535,0.1270357366808884,4.503612098107334,4.503621105076692,-1.446387901892666,-1.446378894923308
2026-09-10,2026-10,jaov6_9800c,call,98.0,5.54,22.0,0.0,False,0.0125834791484463,0.4166311397436242,0.5469560511125269,interior,0.0,31.9002141914913,0.13032491136890267,4.055092173796907,4.05508431432853,-1.4849078262030933,-1.4849156856714698
2026-09-10,2026-10,jaov6_9911c,call,99.11,5.13,12.0,0.0,False,0.0238463448964914,0.4166311397436242,0.5520154687084025,interior,0.0,31.545847926630472,0.13538432896477826,3.596493128250236,3.596435073050136,-1.533506871749764,-1.5335649269498637
2026-09-10,2026-10,jaov6_9955c,call,99.55,4.97,100.0,0.0,False,0.0282760309880797,0.4166311397436242,0.5535060349324471,interior,0.0,31.4067959308985,0.1368748951888229,3.426089927896891,3.4260124559805782,-1.5439100721031087,-1.5439875440194215
2026-09-10,2026-10,jaov6_10000c,call,100.0,4.82,1636.0,0.0,False,0.0327861864659657,0.4166311397436242,0.5558368166197588,interior,0.0,31.26540734487126,0.1392056768761346,3.258111820954437,3.258000377294023,-1.5618881790455634,-1.5619996227059771
2026-09-10,2026-10,jaov6_10205c,call,102.05,4.16,5.0,0.0,False,0.0530788897337282,0.4166311397436242,0.5633835226973403,interior,0.0,30.631682438197988,0.14675238295371607,2.5709648487597048,2.5706784338790745,-1.5890351512402954,-1.5893215661209257
2026-09-10,2026-10,jaov6_10240c,call,102.4,4.06,4.0,0.0,False,0.0565027130832819,0.4166311397436242,0.5650166001623381,interior,0.0,30.525161279123562,0.14838546041871392,2.465615458581738,2.4652894140776387,-1.5943845414182616,-1.594710585922361
2026-09-10,2026-10,jaov6_10300c,call,103.0,3.89,2.0,0.0,False,0.0623449887075101,0.4166311397436242,0.567418146712657,interior,0.0,30.343672903896696,0.1507870069690328,2.2929220890628565,2.2925346232975405,-1.5970779109371436,-1.5974653767024596
2026-09-10,2026-10,jaov6_10500c,call,105.0,3.36,23.0,0.0,False,0.0815763506353978,0.4166311397436242,0.574176608449601,interior,0.0,29.74876675945182,0.15754546870597674,1.786183442122094,1.7855686135263222,-1.573816557877906,-1.5744313864736776
2026-09-10,2026-10,jaov6_10800c,call,108.0,2.7,100.0,0.0,False,0.1097472276020942,0.4166311397436242,0.5848592406850699,interior,0.0,28.88457880360222,0.1682281009414457,1.2012503418831295,1.2003141576217324,-1.4987496581168707,-1.4996858423782677
2026-09-10,2026-10,jaov6_11500c,call,115.0,1.62,20.0,0.0,False,0.1725481288411244,0.4166311397436242,0.6086905803004806,interior,0.0,26.99171307379141,0.19205944055685642,0.4332023560802795,0.4319221020492122,-1.1867976439197205,-1.1880778979507878
2026-09-10,2026-10,jaov6_12100c,call,121.0,1.06,10.0,0.0,False,0.2234065460746155,0.4166311397436242,0.6295533176267321,interior,0.0,25.496112311449803,0.21292217788310785,0.1638736006559495,0.1626844137977231,-0.8961263993440506,-0.8973155862022769
2026-09-10,2026-10,jaov6_12500c,call,125.0,0.81,200.0,0.0,False,0.2559297377801756,0.4166311397436242,0.6441447909534611,interior,0.0,24.558689595037396,0.2275136512098369,0.0825067946339138,0.08160951858099,-0.7274932053660863,-0.7283904814190101
2026-09-10,2026-10,jaov6_16000c,call,160.0,0.11,15.0,0.0,False,0.5027898157117013,0.4166311397436242,0.7597380932199017,interior,0.0,17.99885010270532,0.3431069534762775,0.0001297784702571,0.0001224752526782,-0.1098702215297429,-0.1098775247473218
2026-09-10,2026-10,jaov6_7200p,put,72.0,0.15,1.0,0.0,False,-0.2957178805060702,0.4166311397436242,0.5426466105715294,interior,0.0,17.26470231339873,0.1260154708279052,0.0232933568726315,0.0228960293225311,-0.12670664312736848,-0.1271039706774689
2026-09-10,2026-10,jaov6_7400p,put,74.0,0.21,205.0,0.0,False,-0.2683189063179558,0.4166311397436242,0.5306034666989029,interior,0.0,18.351610140345077,0.1139723269552787,0.0457278841237685,0.0451335737544993,-0.1642721158762315,-0.16486642624550069
2026-09-10,2026-10,jaov6_7450p,put,74.5,0.23,413.0,0.0,False,-0.2615848741366117,0.4166311397436242,0.5284944783705013,interior,0.0,18.62723618339485,0.11186333862687714,0.0536308021504087,0.0530148674352762,-0.17636919784959132,-0.1769851325647238
2026-09-10,2026-10,jaov6_7500p,put,75.0,0.25,643.0,0.0,False,-0.254895885985815,0.4166311397436242,0.5257137072075361,interior,0.0,18.904397174559872,0.10908256746391187,0.062701721270636,0.0620050257615731,-0.187298278729364,-0.1879949742384269
2026-09-10,2026-10,jaov6_7600p,put,76.0,0.3,4.0,0.0,False,-0.2416506592357944,0.4166311397436242,0.5221296400223846,interior,0.0,19.463275318712913,0.1054985002787604,0.0849818219063898,0.0841731928685611,-0.21501817809361018,-0.21582680713143887
2026-09-10,2026-10,jaov6_7800p,put,78.0,0.44,26.0,0.0,False,-0.2156751728325337,0.4166311397436242,0.5190448463400728,interior,0.0,20.598920344943664,0.10241370659644855,0.1505862488093016,0.1496719854103887,-0.2894137511906984,-0.2903280145896113
2026-09-10,2026-10,jaov6_8000p,put,80.0,0.62,3560.0,0.0,False,-0.1903573648482439,0.4166311397436242,0.5140565167235145,interior,0.0,21.757789997452946,0.09742537697989029,0.2539383454220098,0.2528914531426346,-0.36606165457799017,-0.3671085468573654
2026-09-10,2026-10,jaov6_8200p,put,82.0,0.87,7.0,0.0,False,-0.1656647522578724,0.4166311397436242,0.5117996019600162,interior,0.0,22.93915143177804,0.09516846221639197,0.408758714309343,0.407673685690986,-0.461241285690657,-0.462326314309014
2026-09-10,2026-10,jaov6_8250p,put,82.5,0.95,15.0,0.0,False,-0.1595857061814901,0.4166311397436242,0.5124182657916181,interior,0.0,23.237922378819164,0.09578712604799389,0.4573952582922884,0.456291933902949,-0.49260474170771157,-0.493708066097051
2026-09-10,2026-10,jaov6_9000p,put,90.0,2.84,400.0,0.0,False,-0.0725743291918604,0.4166311397436242,0.5192044136642212,interior,0.0,27.875635264232532,0.10257327392059701,1.869391514064586,1.8689166711585417,-0.9706084859354138,-0.9710833288414582
