valuation_date_panel,contract_id,trade_date,expiry_month,option_type,strike,market_price,open_interest,volume,n_realized_fixings,n_remaining_fixings,fraction_fixed,expected_average,log_moneyness,full_bayes_price,postmean_plugin_price,sigma_mode_plugin_price,mle_plugin_price,posterior_price_q025,posterior_price_median,posterior_price_q975,fb_minus_pm,fb_error,pm_error,sigma_mode_error,mle_error,fb_abs_error,pm_abs_error,sigma_mode_abs_error,mle_abs_error,positive_volume,abs_fb_minus_pm,run_sigma_mle,run_sigma_posterior_mean,run_sigma_posterior_sd,run_sigma_q025,run_sigma_q50,run_sigma_q975,run_mu_rhat,run_sigma_rhat,time_to_payoff_years,discount_factor,n_usable_returns
2026-08-21,jaou8_6151c,2026-08-21,2028-09,call,61.51,12.67,9.0,0.0,0,21,0.0,69.38666666666667,-0.1204949628758085,18.056383947493117,18.056559746586245,17.97043746975555,18.046879215926506,17.345136216964253,18.0434049850061,18.813021183762825,-0.0001757990931317,5.386383947493114,5.386559746586245,5.300437469755549,5.376879215926506,5.386383947493114,5.386559746586245,5.300437469755549,5.376879215926506,False,0.0001757990931317,0.4156222342997538,0.4159189634594484,0.0114071144305397,0.3941305082283167,0.4155157416230781,0.4391295560692488,1.0004207338424271,1.0002200977052935,2.108145106091718,0.9143471712431132,663
2026-08-21,jaou8_6500c,2026-08-21,2028-09,call,65.0,10.66,30.0,0.0,0,21,0.0,69.38666666666667,-0.0653074562004483,16.638850633714384,16.639092083629368,16.549349867149225,16.62900508197788,15.89760578305964,16.625384973301653,17.427075984485025,-0.0002414499149843,5.978850633714384,5.979092083629368,5.889349867149225,5.96900508197788,5.978850633714384,5.979092083629368,5.889349867149225,5.96900508197788,False,0.0002414499149843,0.4156222342997538,0.4159189634594484,0.0114071144305397,0.3941305082283167,0.4155157416230781,0.4391295560692488,1.0004207338424271,1.0002200977052935,2.108145106091718,0.9143471712431132,663
2026-08-21,jaou8_6570c,2026-08-21,2028-09,call,65.7,10.27,14.0,0.0,0,21,0.0,69.38666666666667,-0.0545958006055206,16.368561180253778,16.368815828658324,16.27840597964146,16.35865378913767,15.62167262615302,16.35500675023474,17.162639634256,-0.000254648404546,6.098561180253778,6.098815828658324,6.008405979641459,6.08865378913767,6.098561180253778,6.098815828658324,6.008405979641459,6.08865378913767,False,0.000254648404546,0.4156222342997538,0.4159189634594484,0.0114071144305397,0.3941305082283167,0.4155157416230781,0.4391295560692488,1.0004207338424271,1.0002200977052935,2.108145106091718,0.9143471712431132,663
2026-08-21,jaou8_6600c,2026-08-21,2028-09,call,66.0,10.11,15.0,0.0,0,21,0.0,69.38666666666667,-0.05003998406966,16.25417646820689,16.254450318186745,16.163756803879497,16.244256581638616,15.504972209611552,16.24059816703772,17.050596959938243,-0.0002738499798553,6.14417646820689,6.144450318186745,6.053756803879498,6.134256581638617,6.14417646820689,6.144450318186745,6.053756803879498,6.134256581638617,False,0.0002738499798553,0.4156222342997538,0.4159189634594484,0.0114071144305397,0.3941305082283167,0.4155157416230781,0.4391295560692488,1.0004207338424271,1.0002200977052935,2.108145106091718,0.9143471712431132,663
2026-08-21,jaou8_6650c,2026-08-21,2028-09,call,66.5,9.85,30.0,0.0,0,21,0.0,69.38666666666667,-0.042492778434277,16.065422785552187,16.065752427479797,15.974617358161128,16.055509529048866,15.312486467759564,16.051833470814646,16.865591747244423,-0.0003296419276104,6.215422785552187,6.2157524274797975,6.124617358161128,6.205509529048866,6.215422785552187,6.2157524274797975,6.124617358161128,6.205509529048866,False,0.0003296419276104,0.4156222342997538,0.4159189634594484,0.0114071144305397,0.3941305082283167,0.4155157416230781,0.4391295560692488,1.0004207338424271,1.0002200977052935,2.108145106091718,0.9143471712431132,663
2026-08-21,jaou8_6775c,2026-08-21,2028-09,call,67.75,9.2,6.0,0.0,0,21,0.0,69.38666666666667,-0.0238702663362751,15.603529664083734,15.60387712269855,15.511722585861277,15.59351947828928,14.842114368320482,15.589802239045472,16.4125453230483,-0.0003474586148168,6.403529664083735,6.403877122698551,6.311722585861277,6.3935194782892815,6.403529664083735,6.403877122698551,6.311722585861277,6.3935194782892815,False,0.0003474586148168,0.4156222342997538,0.4159189634594484,0.0114071144305397,0.3941305082283167,0.4155157416230781,0.4391295560692488,1.0004207338424271,1.0002200977052935,2.108145106091718,0.9143471712431132,663
2026-08-21,jaou8_7000c,2026-08-21,2028-09,call,70.0,8.13,8.0,0.0,0,21,0.0,69.38666666666667,0.0088005159532734,14.806505566330385,14.8068633978479,14.713144458652154,14.796329821560027,14.032141807650424,14.792549442391971,15.629244490942376,-0.0003578315175172,6.676505566330382,6.6768633978479,6.5831444586521535,6.666329821560026,6.676505566330382,6.6768633978479,6.5831444586521535,6.666329821560026,False,0.0003578315175172,0.4156222342997538,0.4159189634594484,0.0114071144305397,0.3941305082283167,0.4155157416230781,0.4391295560692488,1.0004207338424271,1.0002200977052935,2.108145106091718,0.9143471712431132,663
2026-08-21,jaou8_7110c,2026-08-21,2028-09,call,71.1,7.65,7.0,0.0,0,21,0.0,69.38666666666667,0.0243926107131096,14.43240838609312,14.432770702698583,14.33841528574151,14.422165651658968,13.652729673039302,14.418359621026005,15.260762688949496,-0.0003623166054644,6.782408386093119,6.782770702698583,6.68841528574151,6.772165651658968,6.782408386093119,6.782770702698583,6.68841528574151,6.772165651658968,False,0.0003623166054644,0.4156222342997538,0.4159189634594484,0.0114071144305397,0.3941305082283167,0.4155157416230781,0.4391295560692488,1.0004207338424271,1.0002200977052935,2.108145106091718,0.9143471712431132,663
2026-08-21,jaou8_7275c,2026-08-21,2028-09,call,72.75,6.99,7.0,0.0,0,21,0.0,69.38666666666667,0.0473341799555163,13.889242862060884,13.889599600362905,13.794407240832433,13.87890053715214,13.102695162646093,13.8750607666341,14.724992316132,-0.0003567383020186,6.899242862060884,6.899599600362903,6.804407240832431,6.888900537152139,6.899242862060884,6.899599600362903,6.804407240832431,6.888900537152139,False,0.0003567383020186,0.4156222342997538,0.4159189634594484,0.0114071144305397,0.3941305082283167,0.4155157416230781,0.4391295560692488,1.0004207338424271,1.0002200977052935,2.108145106091718,0.9143471712431132,663
2026-08-21,jaou8_7340c,2026-08-21,2028-09,call,73.4,6.74,10.0,0.0,0,21,0.0,69.38666666666667,0.0562292095243844,13.680997618139632,13.681338987928118,13.585864477996989,13.67060791398688,12.89216384004494,13.666756655186482,14.519250551399816,-0.0003413697884848,6.940997618139633,6.941338987928118,6.845864477996988,6.930607913986879,6.940997618139633,6.941338987928118,6.845864477996988,6.930607913986879,False,0.0003413697884848,0.4156222342997538,0.4159189634594484,0.0114071144305397,0.3941305082283167,0.4155157416230781,0.4391295560692488,1.0004207338424271,1.0002200977052935,2.108145106091718,0.9143471712431132,663
2026-08-21,jaou8_7450c,2026-08-21,2028-09,call,74.5,6.34,143.0,0.0,0,21,0.0,69.38666666666667,0.0711043992894283,13.33572864127964,13.33602634573419,13.240112537911402,13.325245734684202,12.543346295459497,13.32137669758621,14.178036934512996,-0.0002977044545495,6.995728641279641,6.99602634573419,6.9001125379114026,6.985245734684202,6.995728641279641,6.99602634573419,6.9001125379114026,6.985245734684202,False,0.0002977044545495,0.4156222342997538,0.4159189634594484,0.0114071144305397,0.3941305082283167,0.4155157416230781,0.4391295560692488,1.0004207338424271,1.0002200977052935,2.108145106091718,0.9143471712431132,663
2026-08-21,jaou8_7500c,2026-08-21,2028-09,call,75.0,6.17,230.0,0.0,0,21,0.0,69.38666666666667,0.0777933874402249,13.181843394382142,13.182135478343106,13.086034432578456,13.171333786839345,12.387952169406192,13.167457184209368,14.025813233782593,-0.0002920839609643,7.011843394382142,7.012135478343106,6.916034432578456,7.001333786839343,7.011843394382142,7.012135478343106,6.916034432578456,7.001333786839343,False,0.0002920839609643,0.4156222342997538,0.4159189634594484,0.0114071144305397,0.3941305082283167,0.4155157416230781,0.4391295560692488,1.0004207338424271,1.0002200977052935,2.108145106091718,0.9143471712431132,663
2026-08-21,jaou8_7560c,2026-08-21,2028-09,call,75.6,5.97,12.0,0.0,0,21,0.0,69.38666666666667,0.0857615570894018,12.999646793865503,12.99991768985866,12.903613462096295,12.989093034074612,12.20411824424361,12.985208189829024,13.845478317339792,-0.0002708959931538,7.029646793865505,7.029917689858659,6.9336134620962975,7.019093034074612,7.029646793865505,7.029917689858659,6.9336134620962975,7.019093034074612,False,0.0002708959931538,0.4156222342997538,0.4159189634594484,0.0114071144305397,0.3941305082283167,0.4155157416230781,0.4391295560692488,1.0004207338424271,1.0002200977052935,2.108145106091718,0.9143471712431132,663
2026-08-21,jaou8_7670c,2026-08-21,2028-09,call,76.7,5.62,6.0,0.0,0,21,0.0,69.38666666666667,0.1002069822771249,12.67256563650642,12.672793548495768,12.576157774928909,12.661931336158286,11.874411996931832,12.658033013298375,13.521440040383489,-0.0002279119893451,7.052565636506421,7.052793548495767,6.956157774928907,7.041931336158286,7.052565636506421,7.052793548495767,6.956157774928907,7.041931336158286,False,0.0002279119893451,0.4156222342997538,0.4159189634594484,0.0114071144305397,0.3941305082283167,0.4155157416230781,0.4391295560692488,1.0004207338424271,1.0002200977052935,2.108145106091718,0.9143471712431132,663
2026-08-21,jaou8_7925c,2026-08-21,2028-09,call,79.25,4.88,6.0,0.0,0,21,0.0,69.38666666666667,0.1329126866613044,11.947198489729804,11.94730990237899,11.85015005380827,11.936388004046218,11.144989078757892,11.932468260570268,12.801092701467455,-0.0001114126491845,7.0671984897298055,7.06730990237899,6.970150053808269,7.056388004046219,7.0671984897298055,7.06730990237899,6.970150053808269,7.056388004046219,False,0.0001114126491845,0.4156222342997538,0.4159189634594484,0.0114071144305397,0.3941305082283167,0.4155157416230781,0.4391295560692488,1.0004207338424271,1.0002200977052935,2.108145106091718,0.9143471712431132,663
2026-08-21,jaou8_8000c,2026-08-21,2028-09,call,80.0,4.68,250.0,0.0,0,21,0.0,69.38666666666667,0.1423319085777961,11.742141894714424,11.742215949728983,11.644956556642915,11.73128266366068,10.939212532206412,11.72735883325765,12.59704084231491,-7.405501455970409e-05,7.062141894714426,7.062215949728985,6.964956556642916,7.051282663660681,7.062141894714426,7.062215949728985,6.964956556642916,7.051282663660681,False,7.405501455970409e-05,0.4156222342997538,0.4159189634594484,0.0114071144305397,0.3941305082283167,0.4155157416230781,0.4391295560692488,1.0004207338424271,1.0002200977052935,2.108145106091718,0.9143471712431132,663
2026-08-21,jaou8_5000p,2026-08-21,2028-09,put,50.0,2.46,60.0,0.0,0,21,0.0,69.38666666666667,-0.3276717206679394,5.767916529209529,5.767044859303948,5.700196080766497,5.75952429311195,5.218014281530931,5.756825248553176,6.3588427002785615,0.0008716699055808,3.307916529209529,3.3070448593039483,3.2401960807664967,3.2995242931119497,3.307916529209529,3.3070448593039483,3.2401960807664967,3.2995242931119497,False,0.0008716699055808,0.4156222342997538,0.4159189634594484,0.0114071144305397,0.3941305082283167,0.4155157416230781,0.4391295560692488,1.0004207338424271,1.0002200977052935,2.108145106091718,0.9143471712431132,663
2026-08-21,jaou8_5500p,2026-08-21,2028-09,put,55.0,3.57,78.0,0.0,0,21,0.0,69.38666666666667,-0.2323615408636145,7.749199346422803,7.74900026401106,7.67324918854165,7.740482818325322,7.12453208365601,7.737426005201703,8.415866020286424,0.0001990824117434,4.179199346422804,4.17900026401106,4.10324918854165,4.170482818325322,4.179199346422804,4.17900026401106,4.10324918854165,4.170482818325322,False,0.0001990824117434,0.4156222342997538,0.4159189634594484,0.0114071144305397,0.3941305082283167,0.4155157416230781,0.4391295560692488,1.0004207338424271,1.0002200977052935,2.108145106091718,0.9143471712431132,663
2026-08-21,jaou8_5700p,2026-08-21,2028-09,put,57.0,4.09,14.0,0.0,0,21,0.0,69.38666666666667,-0.1966434582615353,8.61982801061653,8.619743580446539,8.541027366370804,8.610893745891174,7.970201698490169,8.607717642231835,9.312250646541353,8.443016999137853e-05,4.52982801061653,4.529743580446539,4.451027366370804,4.520893745891174,4.52982801061653,4.529743580446539,4.451027366370804,4.520893745891174,False,8.443016999137853e-05,0.4156222342997538,0.4159189634594484,0.0114071144305397,0.3941305082283167,0.4155157416230781,0.4391295560692488,1.0004207338424271,1.0002200977052935,2.108145106091718,0.9143471712431132,663
2026-08-21,jaou8_5740p,2026-08-21,2028-09,put,57.4,4.2,9.0,0.0,0,21,0.0,69.38666666666667,-0.1896504227705648,8.799061693123043,8.79902849130997,8.719716165186128,8.790112045723868,8.144658772761597,8.78691203613305,9.496284351616044,3.320181307309156e-05,4.599061693123043,4.59902849130997,4.519716165186128,4.590112045723868,4.599061693123043,4.59902849130997,4.519716165186128,4.590112045723868,False,3.320181307309156e-05,0.4156222342997538,0.4159189634594484,0.0114071144305397,0.3941305082283167,0.4155157416230781,0.4391295560692488,1.0004207338424271,1.0002200977052935,2.108145106091718,0.9143471712431132,663
2026-08-21,jaou8_6165p,2026-08-21,2028-09,put,61.65,5.47,10.0,0.0,0,21,0.0,69.38666666666667,-0.1182214964857321,10.804225144808322,10.80453125099242,10.719880633841688,10.79501712311034,10.104810584828355,10.79160261222964,11.547480316953363,-0.000306106184098,5.334225144808323,5.334531250992421,5.249880633841687,5.32501712311034,5.334225144808323,5.334531250992421,5.249880633841687,5.32501712311034,False,0.000306106184098,0.4156222342997538,0.4159189634594484,0.0114071144305397,0.3941305082283167,0.4155157416230781,0.4391295560692488,1.0004207338424271,1.0002200977052935,2.108145106091718,0.9143471712431132,663
2026-08-21,jaou8_6200p,2026-08-21,2028-09,put,62.0,5.59,35.0,0.0,0,21,0.0,69.38666666666667,-0.1125603410509939,10.977309141582278,10.977619787921888,10.892584838616552,10.968062168680031,10.274675794885624,10.96463204925139,11.723948274111804,-0.0003106463396083,5.387309141582279,5.387619787921887,5.302584838616552,5.378062168680033,5.387309141582279,5.387619787921887,5.302584838616552,5.378062168680033,False,0.0003106463396083,0.4156222342997538,0.4159189634594484,0.0114071144305397,0.3941305082283167,0.4155157416230781,0.4391295560692488,1.0004207338424271,1.0002200977052935,2.108145106091718,0.9143471712431132,663
2026-08-21,jaou8_6250p,2026-08-21,2028-09,put,62.5,5.75,7.0,0.0,0,21,0.0,69.38666666666667,-0.1045281693537296,11.226609452720576,11.22691973817182,11.141338767474425,11.21730036663229,10.519472297966276,11.213848085015488,11.97797372312088,-0.0003102854512455,5.476609452720576,5.476919738171821,5.391338767474425,5.467300366632291,5.476609452720576,5.476919738171821,5.391338767474425,5.467300366632291,False,0.0003102854512455,0.4156222342997538,0.4159189634594484,0.0114071144305397,0.3941305082283167,0.4155157416230781,0.4391295560692488,1.0004207338424271,1.0002200977052935,2.108145106091718,0.9143471712431132,663
2026-08-21,jaou8_6500p,2026-08-21,2028-09,put,65.0,6.63,22.0,0.0,0,21,0.0,69.38666666666667,-0.0653074562004483,12.508857716827434,12.509223878416954,12.421106863872726,12.49932037633438,11.78074959507394,12.495766123539264,13.28233742000714,-0.00036616158952,5.878857716827434,5.879223878416954,5.791106863872726,5.8693203763343815,5.878857716827434,5.879223878416954,5.791106863872726,5.8693203763343815,False,0.00036616158952,0.4156222342997538,0.4159189634594484,0.0114071144305397,0.3941305082283167,0.4155157416230781,0.4391295560692488,1.0004207338424271,1.0002200977052935,2.108145106091718,0.9143471712431132,663
2026-08-21,jaou8_6750p,2026-08-21,2028-09,put,67.5,7.6,12.0,0.0,0,21,0.0,69.38666666666667,-0.0275671282176013,13.850647370786598,13.85109708387022,13.760760711163414,13.840944397173654,13.104034276468113,13.837300714891532,14.643281473021084,-0.0004497130836202,6.250647370786599,6.251097083870219,6.160760711163414,6.240944397173655,6.250647370786599,6.251097083870219,6.160760711163414,6.240944397173655,False,0.0004497130836202,0.4156222342997538,0.4159189634594484,0.0114071144305397,0.3941305082283167,0.4155157416230781,0.4391295560692488,1.0004207338424271,1.0002200977052935,2.108145106091718,0.9143471712431132,663
2026-08-21,jaou8_7000p,2026-08-21,2028-09,put,70.0,8.7,37.0,31.0,0,21,0.0,69.38666666666667,0.0088005159532734,15.248248505659,15.248731048851054,15.156637311591227,15.2383809721321,14.487021475880288,15.234666448845154,16.056241782680058,-0.0004825431920547,6.548248505659,6.548731048851055,6.456637311591228,6.538380972132101,6.548248505659,6.548731048851055,6.456637311591228,6.538380972132101,True,0.0004825431920547,0.4156222342997538,0.4159189634594484,0.0114071144305397,0.3941305082283167,0.4155157416230781,0.4391295560692488,1.0004207338424271,1.0002200977052935,2.108145106091718,0.9143471712431132,663
2026-08-21,jaou8_7450p,2026-08-21,2028-09,put,74.5,11.05,143.0,0.0,0,21,0.0,69.38666666666667,0.0711043992894283,17.892033851202264,17.892456267331355,17.79816766144448,17.88185915585028,17.11278823428337,17.878055974633398,18.719596496844684,-0.0004224161290906,6.842033851202263,6.842456267331354,6.74816766144448,6.831859155850278,6.842033851202263,6.842456267331354,6.74816766144448,6.831859155850278,False,0.0004224161290906,0.4156222342997538,0.4159189634594484,0.0114071144305397,0.3941305082283167,0.4155157416230781,0.4391295560692488,1.0004207338424271,1.0002200977052935,2.108145106091718,0.9143471712431132,663
2026-08-24,jaou8_6151c,2026-08-24,2028-09,call,61.51,12.35,9.0,0.0,0,21,0.0,68.92999999999999,-0.1138917336772835,17.745317085809077,17.745498377806086,17.704620092718496,17.73551412234294,17.032943744115197,17.7359453215524,18.486849539574006,-0.0001812919970092,5.3953170858090775,5.395498377806087,5.354620092718497,5.385514122342942,5.3953170858090775,5.395498377806087,5.354620092718497,5.385514122342942,False,0.0001812919970092,0.4155751281198143,0.4158820804801681,0.0113398822042856,0.3939963415826781,0.4155883847532823,0.4386960869868506,1.000469585258143,1.0001539590780766,2.099931553730322,0.9146772643581579,664
2026-08-24,jaou8_6500c,2026-08-24,2028-09,call,65.0,10.36,30.0,0.0,0,21,0.0,68.92999999999999,-0.0587042270019232,16.340077145028648,16.340319687494315,16.297747013746214,16.32992158861273,15.59805159105155,16.330370660857948,17.112129196517245,-0.0002425424656671,5.980077145028648,5.980319687494315,5.937747013746215,5.969921588612731,5.980077145028648,5.980319687494315,5.937747013746215,5.969921588612731,False,0.0002425424656671,0.4155751281198143,0.4158820804801681,0.0113398822042856,0.3939963415826781,0.4155883847532823,0.4386960869868506,1.000469585258143,1.0001539590780766,2.099931553730322,0.9146772643581579,664
2026-08-24,jaou8_6570c,2026-08-24,2028-09,call,65.7,9.99,14.0,0.0,0,21,0.0,68.92999999999999,-0.0479925714069954,16.0724120058336,16.072689212224383,16.029803427798342,16.06221463809463,15.324924688008576,16.062667013146616,16.849921752609056,-0.0002772063907841,6.082412005833598,6.082689212224382,6.039803427798342,6.07221463809463,6.082412005833598,6.082689212224382,6.039803427798342,6.07221463809463,False,0.0002772063907841,0.4155751281198143,0.4158820804801681,0.0113398822042856,0.3939963415826781,0.4155883847532823,0.4386960869868506,1.000469585258143,1.0001539590780766,2.099931553730322,0.9146772643581579,664
2026-08-24,jaou8_6600c,2026-08-24,2028-09,call,66.0,9.83,15.0,0.0,0,21,0.0,68.92999999999999,-0.0434367548711347,15.959135690136302,15.95944792753752,15.916436279773428,15.94894261210544,15.209409237174455,15.94939631481028,16.738841067899447,-0.0003122374012196,6.129135690136302,6.129447927537521,6.086436279773427,6.118942612105441,6.129135690136302,6.129447927537521,6.086436279773427,6.118942612105441,False,0.0003122374012196,0.4155751281198143,0.4158820804801681,0.0113398822042856,0.3939963415826781,0.4155883847532823,0.4386960869868506,1.000469585258143,1.0001539590780766,2.099931553730322,0.9146772643581579,664
2026-08-24,jaou8_6650c,2026-08-24,2028-09,call,66.5,9.57,30.0,0.0,0,21,0.0,68.92999999999999,-0.0358895492357519,15.772189028443252,15.772501135109966,15.729300991363878,15.761949780759323,15.018934007334158,15.76240547178922,16.555546339782673,-0.0003121066667137,6.202189028443252,6.202501135109966,6.159300991363878,6.191949780759325,6.202189028443252,6.202501135109966,6.159300991363878,6.191949780759325,False,0.0003121066667137,0.4155751281198143,0.4158820804801681,0.0113398822042856,0.3939963415826781,0.4155883847532823,0.4386960869868506,1.000469585258143,1.0001539590780766,2.099931553730322,0.9146772643581579,664
2026-08-24,jaou8_6775c,2026-08-24,2028-09,call,67.75,8.93,6.0,0.0,0,21,0.0,68.92999999999999,-0.01726703713775,15.314809391721344,15.315179140905151,15.271511131521551,15.304513513413225,14.55335893334851,15.304974139662212,16.106409230363184,-0.0003697491838074,6.384809391721344,6.385179140905152,6.341511131521552,6.374513513413225,6.384809391721344,6.385179140905152,6.341511131521552,6.374513513413225,False,0.0003697491838074,0.4155751281198143,0.4158820804801681,0.0113398822042856,0.3939963415826781,0.4155883847532823,0.4386960869868506,1.000469585258143,1.0001539590780766,2.099931553730322,0.9146772643581579,664
2026-08-24,jaou8_7000c,2026-08-24,2028-09,call,70.0,7.89,8.0,0.0,0,21,0.0,68.92999999999999,0.0154037451517986,14.525774039438494,14.526139208622723,14.481755410132182,14.515298754293369,13.751861877101843,14.51576693094953,15.330333578417356,-0.0003651691842314,6.635774039438494,6.636139208622725,6.591755410132183,6.625298754293369,6.635774039438494,6.636139208622725,6.591755410132183,6.625298754293369,False,0.0003651691842314,0.4155751281198143,0.4158820804801681,0.0113398822042856,0.3939963415826781,0.4155883847532823,0.4386960869868506,1.000469585258143,1.0001539590780766,2.099931553730322,0.9146772643581579,664
2026-08-24,jaou8_7110c,2026-08-24,2028-09,call,71.1,7.42,7.0,0.0,0,21,0.0,68.92999999999999,0.0309958399116347,14.155450737392654,14.155810645641,14.111138340044551,14.144899725326043,13.376526220949998,14.145370945261435,14.96528967263778,-0.0003599082483454,6.735450737392654,6.735810645640999,6.691138340044551,6.724899725326043,6.735450737392654,6.735810645640999,6.691138340044551,6.724899725326043,False,0.0003599082483454,0.4155751281198143,0.4158820804801681,0.0113398822042856,0.3939963415826781,0.4155883847532823,0.4386960869868506,1.000469585258143,1.0001539590780766,2.099931553730322,0.9146772643581579,664
2026-08-24,jaou8_7275c,2026-08-24,2028-09,call,72.75,6.77,7.0,0.0,0,21,0.0,68.92999999999999,0.0539374091540414,13.61791919289084,13.618250995107465,13.57320145171322,13.60724793691208,12.832538432884643,13.607723136090726,14.434625158937653,-0.0003318022166247,6.84791919289084,6.848250995107465,6.803201451713219,6.83724793691208,6.84791919289084,6.848250995107465,6.803201451713219,6.83724793691208,False,0.0003318022166247,0.4155751281198143,0.4158820804801681,0.0113398822042856,0.3939963415826781,0.4155883847532823,0.4386960869868506,1.000469585258143,1.0001539590780766,2.099931553730322,0.9146772643581579,664
2026-08-24,jaou8_7340c,2026-08-24,2028-09,call,73.4,6.53,10.0,0.0,0,21,0.0,68.92999999999999,0.0628324387229096,13.411833006905516,13.412143330902648,13.36696939393878,13.40110989038632,12.624293115163564,13.401586401714164,14.23089682532751,-0.000310323997132,6.881833006905516,6.882143330902648,6.836969393938781,6.871109890386321,6.881833006905516,6.882143330902648,6.836969393938781,6.871109890386321,False,0.000310323997132,0.4155751281198143,0.4158820804801681,0.0113398822042856,0.3939963415826781,0.4155883847532823,0.4386960869868506,1.000469585258143,1.0001539590780766,2.099931553730322,0.9146772643581579,664
2026-08-24,jaou8_7450c,2026-08-24,2028-09,call,74.5,6.15,143.0,0.0,0,21,0.0,68.92999999999999,0.0777076284879534,13.070396793196585,13.070679867926788,13.025300995906036,13.059596373354696,12.27943788415125,13.060075046413012,13.893233112510462,-0.000283074730202,6.920396793196584,6.920679867926786,6.875300995906034,6.909596373354695,6.920396793196584,6.920679867926786,6.875300995906034,6.909596373354695,False,0.000283074730202,0.4155751281198143,0.4158820804801681,0.0113398822042856,0.3939963415826781,0.4155883847532823,0.4386960869868506,1.000469585258143,1.0001539590780766,2.099931553730322,0.9146772643581579,664
2026-08-24,jaou8_7500c,2026-08-24,2028-09,call,75.0,5.98,230.0,0.0,0,21,0.0,68.92999999999999,0.08439661663875,12.918251264331714,12.918516211001103,12.873055787376703,12.907412797979829,12.125921400781223,12.9078923312745,13.74261970897538,-0.0002649466693895,6.938251264331713,6.938516211001103,6.893055787376703,6.927412797979828,6.938251264331713,6.938516211001103,6.893055787376703,6.927412797979828,False,0.0002649466693895,0.4155751281198143,0.4158820804801681,0.0113398822042856,0.3939963415826781,0.4155883847532823,0.4386960869868506,1.000469585258143,1.0001539590780766,2.099931553730322,0.9146772643581579,664
2026-08-24,jaou8_7560c,2026-08-24,2028-09,call,75.6,5.78,12.0,0.0,0,21,0.0,68.92999999999999,0.0923647862879269,12.73815117162532,12.738386838049266,12.692835762174235,12.727261283804928,11.944305994285887,12.727741773332932,13.56425679123672,-0.0002356664239453,6.95815117162532,6.9583868380492655,6.912835762174235,6.947261283804926,6.95815117162532,6.9583868380492655,6.912835762174235,6.947261283804926,False,0.0002356664239453,0.4155751281198143,0.4158820804801681,0.0113398822042856,0.3939963415826781,0.4155883847532823,0.4386960869868506,1.000469585258143,1.0001539590780766,2.099931553730322,0.9146772643581579,664
2026-08-24,jaou8_7670c,2026-08-24,2028-09,call,76.7,5.44,6.0,0.0,0,21,0.0,68.92999999999999,0.1068102114756502,12.414887483486709,12.415083743893891,12.369390797158994,12.403923538614054,11.618683728233735,12.40440552464815,13.243699375486752,-0.0001962604071827,6.974887483486708,6.975083743893891,6.929390797158994,6.963923538614053,6.974887483486708,6.975083743893891,6.929390797158994,6.963923538614053,False,0.0001962604071827,0.4155751281198143,0.4158820804801681,0.0113398822042856,0.3939963415826781,0.4155883847532823,0.4386960869868506,1.000469585258143,1.0001539590780766,2.099931553730322,0.9146772643581579,664
2026-08-24,jaou8_7925c,2026-08-24,2028-09,call,79.25,4.72,6.0,0.0,0,21,0.0,68.92999999999999,0.1395159158598296,11.698059400252122,11.698135773755803,11.65222133201494,11.686921469760264,10.8983509318138,11.687405792205274,12.531235113004389,-7.637350368128182e-05,6.978059400252122,6.978135773755803,6.932221332014941,6.966921469760263,6.978059400252122,6.978135773755803,6.932221332014941,6.966921469760263,False,7.637350368128182e-05,0.4155751281198143,0.4158820804801681,0.0113398822042856,0.3939963415826781,0.4155883847532823,0.4386960869868506,1.000469585258143,1.0001539590780766,2.099931553730322,0.9146772643581579,664
2026-08-24,jaou8_8000c,2026-08-24,2028-09,call,80.0,4.53,250.0,0.0,0,21,0.0,68.92999999999999,0.1489351377763212,11.49547448779975,11.495516003762688,11.44956347720268,11.484292397797589,10.69521923999571,11.4847771219753,12.329431786955478,-4.151596293766602e-05,6.96547448779975,6.965516003762688,6.91956347720268,6.954292397797587,6.96547448779975,6.965516003762688,6.91956347720268,6.954292397797587,False,4.151596293766602e-05,0.4155751281198143,0.4158820804801681,0.0113398822042856,0.3939963415826781,0.4155883847532823,0.4386960869868506,1.000469585258143,1.0001539590780766,2.099931553730322,0.9146772643581579,664
2026-08-24,jaou8_5000p,2026-08-24,2028-09,put,50.0,2.52,60.0,0.0,0,21,0.0,68.92999999999999,-0.3210684914694143,5.831287595841795,5.830444610311464,5.79855738789161,5.822656363471659,5.278474503796853,5.822992721640058,6.412471228977049,0.0008429855303315,3.311287595841795,3.3104446103114635,3.27855738789161,3.3026563634716597,3.311287595841795,3.3104446103114635,3.27855738789161,3.3026563634716597,False,0.0008429855303315,0.4155751281198143,0.4158820804801681,0.0113398822042856,0.3939963415826781,0.4155883847532823,0.4386960869868506,1.000469585258143,1.0001539590780766,2.099931553730322,0.9146772643581579,664
2026-08-24,jaou8_5500p,2026-08-24,2028-09,put,55.0,3.64,78.0,0.0,0,21,0.0,68.92999999999999,-0.2257583116650894,7.830531115242298,7.830367124094399,7.794335732551635,7.8215666908794335,7.203614565651791,7.82194676327033,8.48508070196615,0.0001639911478994,4.1905311152422975,4.190367124094399,4.154335732551635,4.181566690879434,4.1905311152422975,4.190367124094399,4.154335732551635,4.181566690879434,False,0.0001639911478994,0.4155751281198143,0.4158820804801681,0.0113398822042856,0.3939963415826781,0.4155883847532823,0.4386960869868506,1.000469585258143,1.0001539590780766,2.099931553730322,0.9146772643581579,664
2026-08-24,jaou8_5700p,2026-08-24,2028-09,put,57.0,4.17,14.0,0.0,0,21,0.0,68.92999999999999,-0.1900402290630101,8.708418238140915,8.708376404451078,8.670936887815342,8.699232045833611,8.05676451942182,8.699626971646701,9.387864794169204,4.18336898366789e-05,4.538418238140915,4.538376404451078,4.500936887815342,4.529232045833611,4.538418238140915,4.538376404451078,4.500936887815342,4.529232045833611,False,4.18336898366789e-05,0.4155751281198143,0.4158820804801681,0.0113398822042856,0.3939963415826781,0.4155883847532823,0.4386960869868506,1.000469585258143,1.0001539590780766,2.099931553730322,0.9146772643581579,664
2026-08-24,jaou8_5740p,2026-08-24,2028-09,put,57.4,4.28,9.0,0.0,0,21,0.0,68.92999999999999,-0.1830471935720395,8.88912691606193,8.8891565322451,8.85145032632645,8.879947036503504,8.23274980556123,8.880344775453391,9.573189384969718,-2.961618316987824e-05,4.609126916061929,4.609156532245099,4.57145032632645,4.599947036503504,4.609126916061929,4.609156532245099,4.57145032632645,4.599947036503504,False,2.961618316987824e-05,0.4155751281198143,0.4158820804801681,0.0113398822042856,0.3939963415826781,0.4155883847532823,0.4386960869868506,1.000469585258143,1.0001539590780766,2.099931553730322,0.9146772643581579,664
2026-08-24,jaou8_6165p,2026-08-24,2028-09,put,61.65,5.58,10.0,0.0,0,21,0.0,68.92999999999999,-0.111618267287207,10.91005276759787,10.910356814669344,10.870171893987456,10.900541908956088,10.209445236737135,10.90096579430238,11.638580557876027,-0.0003040470714736,5.33005276759787,5.330356814669344,5.290171893987457,5.320541908956088,5.33005276759787,5.330356814669344,5.290171893987457,5.320541908956088,False,0.0003040470714736,0.4155751281198143,0.4158820804801681,0.0113398822042856,0.3939963415826781,0.4155883847532823,0.4386960869868506,1.000469585258143,1.0001539590780766,2.099931553730322,0.9146772643581579,664
2026-08-24,jaou8_6200p,2026-08-24,2028-09,put,62.0,5.69,35.0,0.0,0,21,0.0,68.92999999999999,-0.1059571118524688,11.08444942758738,11.08474952181454,11.04438677036323,11.07489118209158,10.3806793008807,11.075316943262338,11.81622643742051,-0.0003000942271587,5.39444942758738,5.394749521814538,5.35438677036323,5.38489118209158,5.39444942758738,5.394749521814538,5.35438677036323,5.38489118209158,False,0.0003000942271587,0.4155751281198143,0.4158820804801681,0.0113398822042856,0.3939963415826781,0.4155883847532823,0.4386960869868506,1.000469585258143,1.0001539590780766,2.099931553730322,0.9146772643581579,664
2026-08-24,jaou8_6250p,2026-08-24,2028-09,put,62.5,5.86,7.0,0.0,0,21,0.0,68.92999999999999,-0.0979249401552045,11.335648714557284,11.335977567873806,11.295353800657802,11.326055476746673,10.62740838805647,11.326483991207866,12.072034143041138,-0.0003288533165228,5.475648714557283,5.475977567873806,5.4353538006578015,5.466055476746672,5.475648714557283,5.475977567873806,5.4353538006578015,5.466055476746672,False,0.0003288533165228,0.4155751281198143,0.4158820804801681,0.0113398822042856,0.3939963415826781,0.4155883847532823,0.4386960869868506,1.000469585258143,1.0001539590780766,2.099931553730322,0.9146772643581579,664
2026-08-24,jaou8_6500p,2026-08-24,2028-09,put,65.0,6.75,22.0,0.0,0,21,0.0,68.92999999999999,-0.0587042270019232,12.6276096420539,12.627973956441275,12.586169358067504,12.617763454978125,11.89863262028137,12.618204425281352,13.385334887610426,-0.0003643143873759,5.8776096420539,5.877973956441275,5.8361693580675045,5.867763454978123,5.8776096420539,5.877973956441275,5.8361693580675045,5.867763454978123,False,0.0003643143873759,0.4155751281198143,0.4158820804801681,0.0113398822042856,0.3939963415826781,0.4155883847532823,0.4386960869868506,1.000469585258143,1.0001539590780766,2.099931553730322,0.9146772643581579,664
2026-08-24,jaou8_6750p,2026-08-24,2028-09,put,67.5,7.74,12.0,0.0,0,21,0.0,68.92999999999999,-0.0209638990190762,13.97939639679125,13.979871878912345,13.937053021185712,13.969413651193964,13.232532560291382,13.96986532027847,14.755115187907494,-0.0004754821210948,6.23939639679125,6.239871878912345,6.197053021185711,6.229413651193964,6.23939639679125,6.239871878912345,6.197053021185711,6.229413651193964,False,0.0004754821210948,0.4155751281198143,0.4158820804801681,0.0113398822042856,0.3939963415826781,0.4155883847532823,0.4386960869868506,1.000469585258143,1.0001539590780766,2.099931553730322,0.9146772643581579,664
2026-08-24,jaou8_7000p,2026-08-24,2028-09,put,70.0,8.87,37.0,0.0,0,21,0.0,68.92999999999999,0.0154037451517986,15.386692858254532,15.387179799360473,15.34356407624426,15.376526942449546,14.625829228122454,15.376987017163724,16.176925591301327,-0.0004869411059402,6.516692858254533,6.517179799360473,6.47356407624426,6.506526942449547,6.516692858254533,6.517179799360473,6.47356407624426,6.506526942449547,False,0.0004869411059402,0.4155751281198143,0.4158820804801681,0.0113398822042856,0.3939963415826781,0.4155883847532823,0.4386960869868506,1.000469585258143,1.0001539590780766,2.099931553730322,0.9146772643581579,664
2026-08-24,jaou8_7450p,2026-08-24,2028-09,put,74.5,11.27,143.0,0.0,0,21,0.0,68.92999999999999,0.0777076284879534,18.047363301624337,18.047768148276248,18.00315735162982,18.036872251122585,17.26945292478357,18.03734282223892,18.85587281500614,-0.0004048466519108,6.777363301624337,6.777768148276248,6.733157351629821,6.766872251122585,6.777363301624337,6.777768148276248,6.733157351629821,6.766872251122585,False,0.0004048466519108,0.4155751281198143,0.4158820804801681,0.0113398822042856,0.3939963415826781,0.4155883847532823,0.4386960869868506,1.000469585258143,1.0001539590780766,2.099931553730322,0.9146772643581579,664
2026-08-25,jaou8_6151c,2026-08-25,2028-09,call,61.51,12.09,9.0,0.0,0,21,0.0,68.46666666666664,-0.1071472456060708,17.472620842707272,17.472802462619125,17.552352695064062,17.46695964902,16.760929055916396,17.46631984579912,18.216093109927435,-0.0001816199118529,5.382620842707272,5.382802462619125,5.462352695064062,5.376959649020002,5.382620842707272,5.382802462619125,5.462352695064062,5.376959649020002,False,0.0001816199118529,0.4157274542256446,0.4159071885081959,0.0113889426006261,0.3940308610838516,0.4157077728562276,0.4387943088563427,1.000370297688096,1.0000529857963072,2.0971937029431897,0.9161125555396034,665
2026-08-25,jaou8_6500c,2026-08-25,2028-09,call,65.0,10.12,30.0,0.0,0,21,0.0,68.46666666666664,-0.0519597389307106,16.079281318594013,16.079536052195675,16.16233166476858,16.07345454462368,15.338440368320711,16.072788603794596,16.85281159772925,-0.0002547336016611,5.959281318594014,5.959536052195675,6.0423316647685805,5.95345454462368,5.959281318594014,5.959536052195675,6.0423316647685805,5.95345454462368,False,0.0002547336016611,0.4157274542256446,0.4159071885081959,0.0113889426006261,0.3940308610838516,0.4157077728562276,0.4387943088563427,1.000370297688096,1.0000529857963072,2.0971937029431897,0.9161125555396034,665
2026-08-25,jaou8_6570c,2026-08-25,2028-09,call,65.7,9.75,14.0,0.0,0,21,0.0,68.46666666666664,-0.0412480833357829,15.814104602124186,15.814428066144483,15.897791170028542,15.808304638306312,15.068002175046203,15.807634107099515,16.592837902629462,-0.0003234640202975,6.064104602124186,6.064428066144483,6.147791170028542,6.058304638306312,6.064104602124186,6.064428066144483,6.147791170028542,6.058304638306312,False,0.0003234640202975,0.4157274542256446,0.4159071885081959,0.0113889426006261,0.3940308610838516,0.4157077728562276,0.4387943088563427,1.000370297688096,1.0000529857963072,2.0971937029431897,0.9161125555396034,665
2026-08-25,jaou8_6600c,2026-08-25,2028-09,call,66.0,9.59,15.0,0.0,0,21,0.0,68.46666666666664,-0.0366922667999222,15.7018627977951,15.70218186557535,15.785767888852876,15.696041992931905,14.953658582036203,15.69536966097634,16.482793939674977,-0.0003190677802482,6.111862797795101,6.11218186557535,6.1957678888528775,6.106041992931903,6.111862797795101,6.11218186557535,6.1957678888528775,6.106041992931903,False,0.0003190677802482,0.4157274542256446,0.4159071885081959,0.0113889426006261,0.3940308610838516,0.4157077728562276,0.4387943088563427,1.000370297688096,1.0000529857963072,2.0971937029431897,0.9161125555396034,665
2026-08-25,jaou8_6650c,2026-08-25,2028-09,call,66.5,9.34,30.0,0.0,0,21,0.0,68.46666666666664,-0.0291450611645393,15.516645800581465,15.516950488911895,15.600931773311126,15.510781660884316,14.765080409802058,15.510106158239202,16.30110579162611,-0.0003046883304325,6.176645800581465,6.176950488911897,6.260931773311127,6.170781660884316,6.176645800581465,6.176950488911897,6.260931773311127,6.170781660884316,False,0.0003046883304325,0.4157274542256446,0.4159071885081959,0.0113889426006261,0.3940308610838516,0.4157077728562276,0.4387943088563427,1.000370297688096,1.0000529857963072,2.0971937029431897,0.9161125555396034,665
2026-08-25,jaou8_6775c,2026-08-25,2028-09,call,67.75,8.72,6.0,0.0,0,21,0.0,68.46666666666664,-0.0105225490665374,15.063492347422752,15.06384617749831,15.148674617872512,15.05761502222617,14.304135391403056,15.05693269458636,15.855829477788909,-0.0003538300755572,6.343492347422751,6.343846177498309,6.428674617872511,6.337615022226169,6.343492347422751,6.343846177498309,6.428674617872511,6.337615022226169,False,0.0003538300755572,0.4157274542256446,0.4159071885081959,0.0113889426006261,0.3940308610838516,0.4157077728562276,0.4387943088563427,1.000370297688096,1.0000529857963072,2.0971937029431897,0.9161125555396034,665
2026-08-25,jaou8_7000c,2026-08-25,2028-09,call,70.0,7.7,8.0,0.0,0,21,0.0,68.46666666666664,0.0221482332230112,14.282038689154902,14.282396177403871,14.368559083673766,14.276067064931455,13.510744451999944,14.275374010724526,15.08685300256724,-0.0003574882489694,6.582038689154902,6.582396177403871,6.668559083673766,6.576067064931457,6.582038689154902,6.582396177403871,6.668559083673766,6.576067064931457,False,0.0003574882489694,0.4157274542256446,0.4159071885081959,0.0113889426006261,0.3940308610838516,0.4157077728562276,0.4387943088563427,1.000370297688096,1.0000529857963072,2.0971937029431897,0.9161125555396034,665
2026-08-25,jaou8_7110c,2026-08-25,2028-09,call,71.1,7.25,7.0,0.0,0,21,0.0,68.46666666666664,0.0377403279828473,13.915277376286388,13.91561318594389,14.002318646581635,13.909244284598511,13.139208528624874,13.908546873406946,14.725191718309178,-0.0003358096575034,6.665277376286387,6.66561318594389,6.752318646581635,6.659244284598511,6.665277376286387,6.66561318594389,6.752318646581635,6.659244284598511,False,0.0003358096575034,0.4157274542256446,0.4159071885081959,0.0113889426006261,0.3940308610838516,0.4157077728562276,0.4387943088563427,1.000370297688096,1.0000529857963072,2.0971937029431897,0.9161125555396034,665
2026-08-25,jaou8_7275c,2026-08-25,2028-09,call,72.75,6.62,7.0,0.0,0,21,0.0,68.46666666666664,0.0606818972252541,13.383012779801115,13.38334225823374,13.470728024477246,13.376923345100488,12.600872316376549,13.376220457488628,14.19937129708638,-0.0003294784326239,6.763012779801117,6.763342258233741,6.850728024477246,6.756923345100486,6.763012779801117,6.763342258233741,6.850728024477246,6.756923345100486,False,0.0003294784326239,0.4157274542256446,0.4159071885081959,0.0113889426006261,0.3940308610838516,0.4157077728562276,0.4387943088563427,1.000370297688096,1.0000529857963072,2.0971937029431897,0.9161125555396034,665
2026-08-25,jaou8_7340c,2026-08-25,2028-09,call,73.4,6.38,10.0,0.0,0,21,0.0,68.46666666666664,0.0695769267941221,13.178996851832483,13.179290096148184,13.26692350044612,13.172853104166522,12.39478305428238,13.172148236873944,13.997703351930353,-0.0002932443156993,6.798996851832485,6.799290096148185,6.886923500446119,6.7928531041665225,6.798996851832485,6.799290096148185,6.886923500446119,6.7928531041665225,False,0.0002932443156993,0.4157274542256446,0.4159071885081959,0.0113889426006261,0.3940308610838516,0.4157077728562276,0.4387943088563427,1.000370297688096,1.0000529857963072,2.0971937029431897,0.9161125555396034,665
2026-08-25,jaou8_7450c,2026-08-25,2028-09,call,74.5,6.01,143.0,0.0,0,21,0.0,68.46666666666664,0.084452116559166,12.841213232105044,12.841478340657492,12.929482270855951,12.835014260675358,12.053809768261466,12.834306427176577,13.663441153168652,-0.0002651085524476,6.8312132321050445,6.831478340657492,6.919482270855951,6.825014260675358,6.8312132321050445,6.831478340657492,6.919482270855951,6.825014260675358,False,0.0002651085524476,0.4157274542256446,0.4159071885081959,0.0113889426006261,0.3940308610838516,0.4157077728562276,0.4387943088563427,1.000370297688096,1.0000529857963072,2.0971937029431897,0.9161125555396034,665
2026-08-25,jaou8_7500c,2026-08-25,2028-09,call,75.0,5.84,230.0,0.0,0,21,0.0,68.46666666666664,0.0911411047099626,12.690713258722816,12.690953925281834,12.779104633678442,12.68447912470114,11.902044207620914,12.68377011726905,13.514401013884877,-0.0002406665590175,6.850713258722816,6.850953925281834,6.939104633678442,6.844479124701142,6.850713258722816,6.850953925281834,6.939104633678442,6.844479124701142,False,0.0002406665590175,0.4157274542256446,0.4159071885081959,0.0113889426006261,0.3940308610838516,0.4157077728562276,0.4387943088563427,1.000370297688096,1.0000529857963072,2.0971937029431897,0.9161125555396034,665
2026-08-25,jaou8_7560c,2026-08-25,2028-09,call,75.6,5.65,12.0,0.0,0,21,0.0,68.46666666666664,0.0991092743591394,12.512616707614391,12.512840268048691,12.601154826469129,12.50635353469681,11.722544788355862,12.50564322059537,13.33786795466088,-0.0002235604342999,6.862616707614393,6.862840268048693,6.951154826469127,6.85635353469681,6.862616707614393,6.862840268048693,6.951154826469127,6.85635353469681,False,0.0002235604342999,0.4157274542256446,0.4159071885081959,0.0113889426006261,0.3940308610838516,0.4157077728562276,0.4387943088563427,1.000370297688096,1.0000529857963072,2.0971937029431897,0.9161125555396034,665
2026-08-25,jaou8_7670c,2026-08-25,2028-09,call,76.7,5.32,6.0,0.0,0,21,0.0,68.46666666666664,0.1135546995468627,12.192898439158508,12.19307886289772,12.281644088995453,12.186573815454665,11.400726376184014,12.18586149591281,13.020613437654994,-0.0001804237392128,6.872898439158508,6.873078862897721,6.9616440889954525,6.8665738154546645,6.872898439158508,6.873078862897721,6.9616440889954525,6.8665738154546645,False,0.0001804237392128,0.4157274542256446,0.4159071885081959,0.0113889426006261,0.3940308610838516,0.4157077728562276,0.4387943088563427,1.000370297688096,1.0000529857963072,2.0971937029431897,0.9161125555396034,665
2026-08-25,jaou8_7925c,2026-08-25,2028-09,call,79.25,4.62,6.0,0.0,0,21,0.0,68.46666666666664,0.1462604039310422,11.484011081625043,11.484062304294698,11.57300716573671,11.477529809085164,10.688882195163243,11.476814483941796,12.31558113462967,-5.122266965251754e-05,6.864011081625045,6.8640623042946975,6.95300716573671,6.857529809085164,6.864011081625045,6.8640623042946975,6.95300716573671,6.857529809085164,False,5.122266965251754e-05,0.4157274542256446,0.4159071885081959,0.0113889426006261,0.3940308610838516,0.4157077728562276,0.4387943088563427,1.000370297688096,1.0000529857963072,2.0971937029431897,0.9161125555396034,665
2026-08-25,jaou8_8000c,2026-08-25,2028-09,call,80.0,4.43,250.0,0.0,0,21,0.0,68.46666666666664,0.1556796258475337,11.283600942573557,11.283608737108327,11.372612454009213,11.277072071856146,10.48808159324794,11.276356290082312,12.115834529692028,-7.79453477228742e-06,6.853600942573555,6.853608737108328,6.942612454009213,6.847072071856147,6.853600942573555,6.853608737108328,6.942612454009213,6.847072071856147,False,7.79453477228742e-06,0.4157274542256446,0.4159071885081959,0.0113889426006261,0.3940308610838516,0.4157077728562276,0.4387943088563427,1.000370297688096,1.0000529857963072,2.0971937029431897,0.9161125555396034,665
2026-08-25,jaou8_5000p,2026-08-25,2028-09,put,50.0,2.61,60.0,0.0,0,21,0.0,68.46666666666664,-0.3143240033982017,5.920010984000111,5.919203087345732,5.981545025656063,5.914626912575274,5.365354177561177,5.914125809586485,6.505151985813215,0.0008078966543791,3.3100109840001117,3.309203087345732,3.371545025656063,3.3046269125752743,3.3100109840001117,3.309203087345732,3.371545025656063,3.3046269125752743,False,0.0008078966543791,0.4157274542256446,0.4159071885081959,0.0113889426006261,0.3940308610838516,0.4157077728562276,0.4387943088563427,1.000370297688096,1.0000529857963072,2.0971937029431897,0.9161125555396034,665
2026-08-25,jaou8_5500p,2026-08-25,2028-09,put,55.0,3.77,78.0,0.0,0,21,0.0,68.46666666666664,-0.2190138235938769,7.942139993112158,7.941984583861975,8.012264298911695,7.936823257727121,7.314473775060335,7.936258079148499,8.59968319485589,0.0001554092501825,4.172139993112157,4.171984583861976,4.242264298911696,4.1668232577271205,4.172139993112157,4.171984583861976,4.242264298911696,4.1668232577271205,False,0.0001554092501825,0.4157274542256446,0.4159071885081959,0.0113889426006261,0.3940308610838516,0.4157077728562276,0.4387943088563427,1.000370297688096,1.0000529857963072,2.0971937029431897,0.9161125555396034,665
2026-08-25,jaou8_5700p,2026-08-25,2028-09,put,57.0,4.31,14.0,0.0,0,21,0.0,68.46666666666664,-0.1832957409917976,8.829259006923325,8.829282669687228,8.902260964846059,8.823922839796065,8.177158100628922,8.82333592454204,9.511359057337955,-2.366276390297628e-05,4.519259006923325,4.519282669687228,4.59226096484606,4.513922839796066,4.519259006923325,4.519282669687228,4.59226096484606,4.513922839796066,False,2.366276390297628e-05,0.4157274542256446,0.4159071885081959,0.0113889426006261,0.3940308610838516,0.4157077728562276,0.4387943088563427,1.000370297688096,1.0000529857963072,2.0971937029431897,0.9161125555396034,665
2026-08-25,jaou8_5740p,2026-08-25,2028-09,put,57.4,4.42,9.0,0.0,0,21,0.0,68.46666666666664,-0.176302705500827,9.011815383665434,9.011912667268836,9.085372284873149,9.00651703932912,8.355041485138354,9.00592620409607,9.698518865235574,-9.728360340055532e-05,4.591815383665434,4.591912667268835,4.665372284873147,4.58651703932912,4.591815383665434,4.591912667268835,4.665372284873147,4.58651703932912,False,9.728360340055532e-05,0.4157274542256446,0.4159071885081959,0.0113889426006261,0.3940308610838516,0.4157077728562276,0.4387943088563427,1.000370297688096,1.0000529857963072,2.0971937029431897,0.9161125555396034,665
2026-08-25,jaou8_6165p,2026-08-25,2028-09,put,61.65,5.74,10.0,0.0,0,21,0.0,68.46666666666664,-0.1048737792159944,11.052591440341708,11.052892852005032,11.131097919490283,11.047148451458682,10.352603959324728,11.04651942472195,11.783079453082811,-0.0003014116633242,5.312591440341707,5.312892852005032,5.391097919490283,5.307148451458682,5.312591440341707,5.312892852005032,5.391097919490283,5.307148451458682,False,0.0003014116633242,0.4157274542256446,0.4159071885081959,0.0113889426006261,0.3940308610838516,0.4157077728562276,0.4387943088563427,1.000370297688096,1.0000529857963072,2.0971937029431897,0.9161125555396034,665
2026-08-25,jaou8_6200p,2026-08-25,2028-09,put,62.0,5.86,35.0,0.0,0,21,0.0,68.46666666666664,-0.0992126237812562,11.22864830135409,11.228972247775362,11.307531431935214,11.22320146100239,10.525525886300729,11.222569544905507,11.96237846353711,-0.0003239464212718,5.3686483013540895,5.368972247775361,5.4475314319352135,5.363201461002389,5.3686483013540895,5.368972247775361,5.4475314319352135,5.363201461002389,False,0.0003239464212718,0.4157274542256446,0.4159071885081959,0.0113889426006261,0.3940308610838516,0.4157077728562276,0.4387943088563427,1.000370297688096,1.0000529857963072,2.0971937029431897,0.9161125555396034,665
2026-08-25,jaou8_6250p,2026-08-25,2028-09,put,62.5,6.03,7.0,0.0,0,21,0.0,68.46666666666664,-0.0911804520839919,11.48223565482134,11.482570499801785,11.561605972108374,11.476764938868303,10.774699235585436,11.476129214910788,12.22041765047738,-0.0003348449804434,5.452235654821339,5.452570499801783,5.531605972108374,5.446764938868303,5.452235654821339,5.452570499801783,5.531605972108374,5.446764938868303,False,0.0003348449804434,0.4157274542256446,0.4159071885081959,0.0113889426006261,0.3940308610838516,0.4157077728562276,0.4387943088563427,1.000370297688096,1.0000529857963072,2.0971937029431897,0.9161125555396034,665
2026-08-25,jaou8_6500p,2026-08-25,2028-09,put,65.0,6.94,22.0,0.0,0,21,0.0,68.46666666666664,-0.0519597389307106,12.786397783992689,12.786774550311632,12.868079648235575,12.780802102699448,12.058515791657628,12.780148104218403,13.545649242407745,-0.0003767663189435,5.846397783992688,5.846774550311632,5.928079648235575,5.840802102699446,5.846397783992688,5.846774550311632,5.928079648235575,5.840802102699446,False,0.0003767663189435,0.4157274542256446,0.4159071885081959,0.0113889426006261,0.3940308610838516,0.4157077728562276,0.4387943088563427,1.000370297688096,1.0000529857963072,2.0971937029431897,0.9161125555396034,665
2026-08-25,jaou8_6750p,2026-08-25,2028-09,put,67.5,7.96,12.0,0.0,0,21,0.0,68.46666666666664,-0.0142194109478636,14.150434750494474,14.15091906210499,14.234089173006987,14.144809391830249,13.405469757585996,14.144140367112277,14.926953343294008,-0.0004843116105153,6.190434750494474,6.19091906210499,6.274089173006987,6.184809391830247,6.190434750494474,6.19091906210499,6.274089173006987,6.184809391830247,False,0.0004843116105153,0.4157274542256446,0.4159071885081959,0.0113889426006261,0.3940308610838516,0.4157077728562276,0.4387943088563427,1.000370297688096,1.0000529857963072,2.0971937029431897,0.9161125555396034,665
2026-08-25,jaou8_7000p,2026-08-25,2028-09,put,70.0,9.12,37.0,0.0,0,21,0.0,68.46666666666664,0.0221482332230112,15.569717932251596,15.570197453217848,15.654869844838776,15.56397740070524,14.811382653034878,15.563296288846354,16.36025342494375,-0.0004795209662518,6.4497179322515965,6.450197453217848,6.534869844838777,6.44397740070524,6.4497179322515965,6.450197453217848,6.534869844838777,6.44397740070524,False,0.0004795209662518,0.4157274542256446,0.4159071885081959,0.0113889426006261,0.3940308610838516,0.4157077728562276,0.4387943088563427,1.000370297688096,1.0000529857963072,2.0971937029431897,0.9161125555396034,665
2026-08-25,jaou8_7450p,2026-08-25,2028-09,put,74.5,11.56,143.0,0.0,0,21,0.0,68.46666666666664,0.084452116559166,18.251398975129952,18.25178611639968,18.338299531949176,18.24543109637736,17.476954469224612,18.24473520522661,19.05934807547338,-0.00038714126973,6.691398975129951,6.6917861163996815,6.778299531949175,6.685431096377355,6.691398975129951,6.6917861163996815,6.778299531949175,6.685431096377355,False,0.00038714126973,0.4157274542256446,0.4159071885081959,0.0113889426006261,0.3940308610838516,0.4157077728562276,0.4387943088563427,1.000370297688096,1.0000529857963072,2.0971937029431897,0.9161125555396034,665
2026-08-26,jaou8_6151c,2026-08-26,2028-09,call,61.51,12.2,9.0,0.0,0,21,0.0,68.38666666666666,-0.1059781106326809,17.397811225098646,17.397987838530124,17.371588234637212,17.391636638181694,16.69970976027831,17.387887509822146,18.14102988577104,-0.0001766134314777,5.197811225098647,5.197987838530125,5.171588234637213,5.191636638181695,5.197811225098647,5.197987838530125,5.171588234637213,5.191636638181695,False,0.0001766134314777,0.4154167289841046,0.4156123363824248,0.0112924550522922,0.3941271683910263,0.4153012614812473,0.4385197915131054,1.0001144066222836,1.0001467208670032,2.0944558521560577,0.9158015980188057,666
2026-08-26,jaou8_6500c,2026-08-26,2028-09,call,65.0,10.25,30.0,0.0,0,21,0.0,68.38666666666666,-0.0507906039573206,16.00670471388205,16.006958038169053,15.979481874341552,16.000347839698552,15.280092084783568,15.99644582414426,16.779876010631064,-0.0002533242870015,5.756704713882051,5.756958038169053,5.729481874341552,5.750347839698552,5.756704713882051,5.756958038169053,5.729481874341552,5.750347839698552,False,0.0002533242870015,0.4154167289841046,0.4156123363824248,0.0112924550522922,0.3941271683910263,0.4153012614812473,0.4385197915131054,1.0001144066222836,1.0001467208670032,2.0944558521560577,0.9158015980188057,666
2026-08-26,jaou8_6570c,2026-08-26,2028-09,call,65.7,9.88,14.0,0.0,0,21,0.0,68.38666666666666,-0.040078948362393,15.741993826262783,15.742312357802817,15.714649871762369,15.735657334049762,15.010251441436806,15.731728858026768,16.52034432582266,-0.0003185315400315,5.861993826262784,5.862312357802816,5.834649871762368,5.855657334049761,5.861993826262784,5.862312357802816,5.834649871762368,5.855657334049761,False,0.0003185315400315,0.4154167289841046,0.4156123363824248,0.0112924550522922,0.3941271683910263,0.4153012614812473,0.4385197915131054,1.0001144066222836,1.0001467208670032,2.0944558521560577,0.9158015980188057,666
2026-08-26,jaou8_6600c,2026-08-26,2028-09,call,66.0,9.72,15.0,0.0,0,21,0.0,68.38666666666666,-0.0355231318265322,15.629949046940997,15.6302564095647,15.60252001069602,15.623583603909225,14.896170200923333,15.619644631187812,16.410489245069137,-0.0003073626237046,5.909949046940996,5.910256409564701,5.88252001069602,5.903583603909224,5.909949046940996,5.910256409564701,5.88252001069602,5.903583603909224,False,0.0003073626237046,0.4154167289841046,0.4156123363824248,0.0112924550522922,0.3941271683910263,0.4153012614812473,0.4385197915131054,1.0001144066222836,1.0001467208670032,2.0944558521560577,0.9158015980188057,666
2026-08-26,jaou8_6650c,2026-08-26,2028-09,call,66.5,9.47,30.0,0.0,0,21,0.0,68.38666666666666,-0.0279759261911493,15.445066271680467,15.445368774110529,15.41750212961811,15.438664634043588,14.708002160981492,15.4347071645461,16.229102839145906,-0.000302502430058,5.975066271680468,5.975368774110526,5.94750212961811,5.968664634043588,5.975066271680468,5.975368774110526,5.94750212961811,5.968664634043588,False,0.000302502430058,0.4154167289841046,0.4156123363824248,0.0112924550522922,0.3941271683910263,0.4153012614812473,0.4385197915131054,1.0001144066222836,1.0001467208670032,2.0944558521560577,0.9158015980188057,666
2026-08-26,jaou8_6775c,2026-08-26,2028-09,call,67.75,8.85,6.0,0.0,0,21,0.0,68.38666666666666,-0.0093534140931476,14.992731397495092,14.9930776736914,14.964930366185436,14.98630601189055,14.248099267673656,14.982308684156257,15.784596515868708,-0.0003462761963088,6.142731397495092,6.143077673691401,6.114930366185437,6.13630601189055,6.142731397495092,6.143077673691401,6.114930366185437,6.13630601189055,False,0.0003462761963088,0.4154167289841046,0.4156123363824248,0.0112924550522922,0.3941271683910263,0.4153012614812473,0.4385197915131054,1.0001144066222836,1.0001467208670032,2.0944558521560577,0.9158015980188057,666
2026-08-26,jaou8_7000c,2026-08-26,2028-09,call,70.0,7.84,8.0,0.0,0,21,0.0,68.38666666666666,0.0233173681964012,14.212781616426389,14.213129909277937,14.18454369308854,14.206252655097954,13.45651895469516,14.202192995936302,15.017019644972557,-0.0003482928515481,6.372781616426387,6.373129909277935,6.344543693088539,6.366252655097954,6.372781616426387,6.373129909277935,6.344543693088539,6.366252655097954,False,0.0003482928515481,0.4154167289841046,0.4156123363824248,0.0112924550522922,0.3941271683910263,0.4153012614812473,0.4385197915131054,1.0001144066222836,1.0001467208670032,2.0944558521560577,0.9158015980188057,666
2026-08-26,jaou8_7110c,2026-08-26,2028-09,call,71.1,7.39,7.0,0.0,0,21,0.0,68.38666666666666,0.0389094629562373,13.846748701784858,13.847075983786423,13.818311089736069,13.840155743397355,13.085839532498008,13.83607070937635,14.656047781861904,-0.0003272820015673,6.456748701784858,6.457075983786425,6.428311089736067,6.450155743397356,6.456748701784858,6.457075983786425,6.428311089736067,6.450155743397356,False,0.0003272820015673,0.4154167289841046,0.4156123363824248,0.0112924550522922,0.3941271683910263,0.4153012614812473,0.4385197915131054,1.0001144066222836,1.0001467208670032,2.0944558521560577,0.9158015980188057,666
2026-08-26,jaou8_7275c,2026-08-26,2028-09,call,72.75,6.76,7.0,0.0,0,21,0.0,68.38666666666666,0.0618510321986441,13.315567694725411,13.315881078941729,13.286894154969891,13.308907422731709,12.548780133873338,13.304790857227175,14.1312429091069,-0.0003133842163158,6.555567694725411,6.555881078941727,6.526894154969892,6.548907422731709,6.555567694725411,6.555881078941727,6.526894154969892,6.548907422731709,False,0.0003133842163158,0.4154167289841046,0.4156123363824248,0.0112924550522922,0.3941271683910263,0.4153012614812473,0.4385197915131054,1.0001144066222836,1.0001467208670032,2.0944558521560577,0.9158015980188057,666
2026-08-26,jaou8_7340c,2026-08-26,2028-09,call,73.4,6.53,10.0,0.0,0,21,0.0,68.38666666666666,0.0707460617675122,13.11199455724922,13.112279124598883,13.083210830412469,13.105285892393056,12.343185306672607,13.101157771132598,13.930000337862705,-0.0002845673496647,6.58199455724922,6.582279124598885,6.553210830412467,6.575285892393056,6.58199455724922,6.582279124598885,6.553210830412467,6.575285892393056,False,0.0002845673496647,0.4154167289841046,0.4156123363824248,0.0112924550522922,0.3941271683910263,0.4153012614812473,0.4385197915131054,1.0001144066222836,1.0001467208670032,2.0944558521560577,0.9158015980188057,666
2026-08-26,jaou8_7450c,2026-08-26,2028-09,call,74.5,6.15,143.0,0.0,0,21,0.0,68.38666666666666,0.085621251532556,12.774970180545091,12.77522863376874,12.746039626786493,12.76820636055328,12.003069715751762,12.764061096317192,13.59644620746811,-0.0002584532236475,6.624970180545093,6.6252286337687405,6.596039626786492,6.618206360553279,6.624970180545093,6.6252286337687405,6.596039626786492,6.618206360553279,False,0.0002584532236475,0.4154167289841046,0.4156123363824248,0.0112924550522922,0.3941271683910263,0.4153012614812473,0.4385197915131054,1.0001144066222836,1.0001467208670032,2.0944558521560577,0.9158015980188057,666
2026-08-26,jaou8_7500c,2026-08-26,2028-09,call,75.0,5.99,230.0,0.0,0,21,0.0,68.38666666666666,0.0923102396833525,12.62481755823443,12.625048108546688,12.595811103057796,12.618014287880236,11.851696129215837,12.61386220715693,13.447737880851882,-0.0002305503122581,6.634817558234429,6.635048108546688,6.605811103057796,6.628014287880236,6.634817558234429,6.635048108546688,6.605811103057796,6.628014287880236,False,0.0002305503122581,0.4154167289841046,0.4156123363824248,0.0112924550522922,0.3941271683910263,0.4153012614812473,0.4385197915131054,1.0001144066222836,1.0001467208670032,2.0944558521560577,0.9158015980188057,666
2026-08-26,jaou8_7560c,2026-08-26,2028-09,call,75.6,5.8,12.0,0.0,0,21,0.0,68.38666666666666,0.1002784093325294,12.447136653074718,12.447351499447418,12.418061749441447,12.440304989537726,11.672674912608898,12.436145418324578,13.271578931909998,-0.0002148463726996,6.647136653074719,6.647351499447418,6.618061749441448,6.640304989537726,6.647136653074719,6.647351499447418,6.618061749441448,6.640304989537726,False,0.0002148463726996,0.4154167289841046,0.4156123363824248,0.0112924550522922,0.3941271683910263,0.4153012614812473,0.4385197915131054,1.0001144066222836,1.0001467208670032,2.0944558521560577,0.9158015980188057,666
2026-08-26,jaou8_7670c,2026-08-26,2028-09,call,76.7,5.46,6.0,0.0,0,21,0.0,68.38666666666666,0.1147238345202525,12.128169591681532,12.128338239883025,12.098967855783185,12.121272331072989,11.351695767409971,12.11710130864378,12.95502852569468,-0.000168648201491,6.668169591681532,6.668338239883023,6.638967855783185,6.661272331072987,6.668169591681532,6.668338239883023,6.638967855783185,6.661272331072987,False,0.000168648201491,0.4154167289841046,0.4156123363824248,0.0112924550522922,0.3941271683910263,0.4153012614812473,0.4385197915131054,1.0001144066222836,1.0001467208670032,2.0944558521560577,0.9158015980188057,666
2026-08-26,jaou8_7925c,2026-08-26,2028-09,call,79.25,4.76,6.0,0.0,0,21,0.0,68.38666666666666,0.1474295389044322,11.421005140212277,11.421048813703608,11.391559265290097,11.413954236416815,10.641732048151727,11.409766290919004,12.251601710348314,-4.3673491331830405e-05,6.661005140212275,6.661048813703607,6.631559265290095,6.653954236416817,6.661005140212275,6.661048813703607,6.631559265290095,6.653954236416817,False,4.3673491331830405e-05,0.4154167289841046,0.4156123363824248,0.0112924550522922,0.3941271683910263,0.4153012614812473,0.4385197915131054,1.0001144066222836,1.0001467208670032,2.0944558521560577,0.9158015980188057,666
2026-08-26,jaou8_8000c,2026-08-26,2028-09,call,80.0,4.58,250.0,0.0,0,21,0.0,68.38666666666666,0.1568487608209236,11.221095750633856,11.221095710443423,11.191588218900517,11.21399681640968,10.441465118980132,11.209806322726084,12.052338678158002,4.019043231551223e-08,6.641095750633856,6.641095710443423,6.611588218900517,6.633996816409679,6.641095750633856,6.641095710443423,6.611588218900517,6.633996816409679,False,4.019043231551223e-08,0.4154167289841046,0.4156123363824248,0.0112924550522922,0.3941271683910263,0.4153012614812473,0.4385197915131054,1.0001144066222836,1.0001467208670032,2.0944558521560577,0.9158015980188057,666
2026-08-26,jaou8_5000p,2026-08-26,2028-09,put,50.0,2.73,60.0,0.0,0,21,0.0,68.38666666666666,-0.3131548684248118,5.918394392003731,5.917603192429724,5.8969204277218585,5.912627345710511,5.374017099930467,5.909690091801904,6.503602590389208,0.0007911995740066,3.188394392003731,3.1876031924297243,3.1669204277218586,3.1826273457105105,3.188394392003731,3.1876031924297243,3.1669204277218586,3.1826273457105105,False,0.0007911995740066,0.4154167289841046,0.4156123363824248,0.0112924550522922,0.3941271683910263,0.4153012614812473,0.4385197915131054,1.0001144066222836,1.0001467208670032,2.0944558521560577,0.9158015980188057,666
2026-08-26,jaou8_5500p,2026-08-26,2028-09,put,55.0,3.92,78.0,0.0,0,21,0.0,68.38666666666666,-0.2178446886204869,7.941554295866645,7.94140436706903,7.918078375490284,7.935792614466856,7.325673813782381,7.932479983834321,8.599049937446335,0.0001499287976152,4.021554295866645,4.02140436706903,3.998078375490284,4.015792614466856,4.021554295866645,4.02140436706903,3.998078375490284,4.015792614466856,False,0.0001499287976152,0.4154167289841046,0.4156123363824248,0.0112924550522922,0.3941271683910263,0.4153012614812473,0.4385197915131054,1.0001144066222836,1.0001467208670032,2.0944558521560577,0.9158015980188057,666
2026-08-26,jaou8_5700p,2026-08-26,2028-09,put,57.0,4.47,14.0,0.0,0,21,0.0,68.38666666666666,-0.1821266060184077,8.829160493539831,8.829191821470706,8.8049703479615,8.823364634380507,8.189341456063012,8.819924832267878,9.511161802176735,-3.1327930875235666e-05,4.359160493539831,4.359191821470707,4.334970347961501,4.353364634380507,4.359160493539831,4.359191821470707,4.334970347961501,4.353364634380507,False,3.1327930875235666e-05,0.4154167289841046,0.4156123363824248,0.0112924550522922,0.3941271683910263,0.4153012614812473,0.4385197915131054,1.0001144066222836,1.0001467208670032,2.0944558521560577,0.9158015980188057,666
2026-08-26,jaou8_5740p,2026-08-26,2028-09,put,57.4,4.58,9.0,0.0,0,21,0.0,68.38666666666666,-0.175133570527437,9.011817824680888,9.011915875512123,8.987533891463773,9.006050072895864,8.367429255342506,9.002587475948253,9.698420347268282,-9.80508312373729e-05,4.431817824680888,4.431915875512125,4.407533891463773,4.426050072895864,4.431817824680888,4.431915875512125,4.407533891463773,4.426050072895864,False,9.80508312373729e-05,0.4154167289841046,0.4156123363824248,0.0112924550522922,0.3941271683910263,0.4153012614812473,0.4385197915131054,1.0001144066222836,1.0001467208670032,2.0944558521560577,0.9158015980188057,666
2026-08-26,jaou8_6165p,2026-08-26,2028-09,put,61.65,5.92,10.0,0.0,0,21,0.0,68.38666666666666,-0.1037046442426045,11.053775302114412,11.054072909962256,11.028115417154106,11.047828072424684,10.367131833896128,11.044141730280137,11.78404844146537,-0.0002976078478429,5.133775302114412,5.134072909962255,5.1081154171541066,5.127828072424684,5.133775302114412,5.134072909962255,5.1081154171541066,5.127828072424684,False,0.0002976078478429,0.4154167289841046,0.4156123363824248,0.0112924550522922,0.3941271683910263,0.4153012614812473,0.4385197915131054,1.0001144066222836,1.0001467208670032,2.0944558521560577,0.9158015980188057,666
2026-08-26,jaou8_6200p,2026-08-26,2028-09,put,62.0,6.04,35.0,0.0,0,21,0.0,68.38666666666666,-0.0980434888078663,11.22993922622615,11.230259825256455,11.204184591175007,11.223986661596305,10.54022200584356,11.220283598475616,11.96345389128613,-0.0003205990303065,5.189939226226151,5.190259825256457,5.164184591175009,5.183986661596303,5.189939226226151,5.190259825256457,5.164184591175009,5.183986661596303,False,0.0003205990303065,0.4154167289841046,0.4156123363824248,0.0112924550522922,0.3941271683910263,0.4153012614812473,0.4385197915131054,1.0001144066222836,1.0001467208670032,2.0944558521560577,0.9158015980188057,666
2026-08-26,jaou8_6250p,2026-08-26,2028-09,put,62.5,6.22,7.0,0.0,0,21,0.0,68.38666666666666,-0.090011317110602,11.483682666037865,11.484010706584048,11.45777883233448,11.477699858529297,10.789645757864418,11.473974550222698,12.221606089219094,-0.0003280405461829,5.263682666037865,5.264010706584048,5.23777883233448,5.257699858529295,5.263682666037865,5.264010706584048,5.23777883233448,5.257699858529295,False,0.0003280405461829,0.4154167289841046,0.4156123363824248,0.0112924550522922,0.3941271683910263,0.4153012614812473,0.4385197915131054,1.0001144066222836,1.0001467208670032,2.0944558521560577,0.9158015980188057,666
2026-08-26,jaou8_6500p,2026-08-26,2028-09,put,65.0,7.14,22.0,0.0,0,21,0.0,68.38666666666666,-0.0507906039573206,12.788687130364393,12.78906002205188,12.76207509678926,12.782568005450967,12.074761168326278,12.778735752929576,13.547620523864785,-0.0003728916874887,5.648687130364393,5.649060022051882,5.622075096789259,5.642568005450968,5.648687130364393,5.649060022051882,5.622075096789259,5.642568005450968,False,0.0003728916874887,0.4154167289841046,0.4156123363824248,0.0112924550522922,0.3941271683910263,0.4153012614812473,0.4385197915131054,1.0001144066222836,1.0001467208670032,2.0944558521560577,0.9158015980188057,666
2026-08-26,jaou8_6750p,2026-08-26,2028-09,put,67.5,8.16,12.0,0.0,0,21,0.0,68.38666666666666,-0.0130502759744737,14.153599785859896,14.154069430840751,14.126469491900329,14.147429454630272,13.423045037379431,14.143509861206708,14.929691200025037,-0.0004696449808569,5.993599785859896,5.994069430840753,5.966469491900327,5.987429454630272,5.993599785859896,5.994069430840753,5.966469491900327,5.987429454630272,False,0.0004696449808569,0.4154167289841046,0.4156123363824248,0.0112924550522922,0.3941271683910263,0.4153012614812473,0.4385197915131054,1.0001144066222836,1.0001467208670032,2.0944558521560577,0.9158015980188057,666
2026-08-26,jaou8_7000p,2026-08-26,2028-09,put,70.0,9.33,37.0,0.0,0,21,0.0,68.38666666666666,0.0233173681964012,15.573772023002755,15.574239883254792,15.546144905630277,15.567480810944398,14.8301960283319,15.563490914815644,16.363772148300306,-0.0004678602520371,6.243772023002755,6.244239883254792,6.216144905630275,6.2374808109443975,6.243772023002755,6.244239883254792,6.216144905630275,6.2374808109443975,False,0.0004678602520371,0.4154167289841046,0.4156123363824248,0.0112924550522922,0.3941271683910263,0.4153012614812473,0.4385197915131054,1.0001144066222836,1.0001467208670032,2.0944558521560577,0.9158015980188057,666
2026-08-26,jaou8_7450p,2026-08-26,2028-09,put,74.5,11.78,143.0,0.0,0,21,0.0,68.38666666666666,0.085621251532556,18.25706777820609,18.257445798830226,18.228748030412856,18.250541707484352,17.497853980473124,18.246466206281163,19.064305901880484,-0.0003780206241401,6.477067778206086,6.477445798830226,6.448748030412856,6.470541707484353,6.477067778206086,6.477445798830226,6.448748030412856,6.470541707484353,False,0.0003780206241401,0.4154167289841046,0.4156123363824248,0.0112924550522922,0.3941271683910263,0.4153012614812473,0.4385197915131054,1.0001144066222836,1.0001467208670032,2.0944558521560577,0.9158015980188057,666
2026-08-27,jaou8_6151c,2026-08-27,2028-09,call,61.51,12.04,9.0,0.0,0,21,0.0,68.13999999999999,-0.1023646490125434,17.228332622631097,17.22851350060548,17.175200751505507,17.219796473271952,16.53389009414007,17.21789246144548,17.958859304981807,-0.0001808779743832,5.188332622631098,5.188513500605481,5.135200751505508,5.179796473271953,5.188332622631098,5.188513500605481,5.135200751505508,5.179796473271953,False,0.0001808779743832,0.4152136840244707,0.4154825254006624,0.0113100715468518,0.3940770606725822,0.415154962497036,0.4380336694533111,1.0008162317242129,1.0002431871841384,2.0917180013689256,0.9157205802375422,667
2026-08-27,jaou8_6500c,2026-08-27,2028-09,call,65.0,10.1,30.0,0.0,0,21,0.0,68.13999999999999,-0.0471771423371831,15.844610557411906,15.844883091630969,15.789426748009902,15.835815570797331,15.122061737905923,15.833835002623864,16.604237179945592,-0.0002725342190608,5.744610557411907,5.744883091630967,5.689426748009902,5.735815570797332,5.744610557411907,5.744883091630967,5.689426748009902,5.735815570797332,False,0.0002725342190608,0.4152136840244707,0.4154825254006624,0.0113100715468518,0.3940770606725822,0.415154962497036,0.4380336694533111,1.0008162317242129,1.0002431871841384,2.0917180013689256,0.9157205802375422,667
2026-08-27,jaou8_6570c,2026-08-27,2028-09,call,65.7,9.73,14.0,0.0,0,21,0.0,68.13999999999999,-0.0364654867422554,15.58138998021598,15.581703922808716,15.525886185195374,15.572577311394271,14.853896653376747,15.570583836393697,16.346064343102576,-0.0003139425927365,5.851389980215979,5.851703922808715,5.795886185195373,5.842577311394271,5.851389980215979,5.851703922808715,5.795886185195373,5.842577311394271,False,0.0003139425927365,0.4152136840244707,0.4154825254006624,0.0113100715468518,0.3940770606725822,0.415154962497036,0.4380336694533111,1.0008162317242129,1.0002431871841384,2.0917180013689256,0.9157205802375422,667
2026-08-27,jaou8_6600c,2026-08-27,2028-09,call,66.0,9.58,15.0,0.0,0,21,0.0,68.13999999999999,-0.0319096702063947,15.469980234132294,15.470267712571028,15.41429490850774,15.46111574664935,14.740515703857549,15.459116733604692,16.23676709388326,-0.0002874784387341,5.8899802341322935,5.890267712571028,5.83429490850774,5.88111574664935,5.8899802341322935,5.890267712571028,5.83429490850774,5.88111574664935,False,0.0002874784387341,0.4152136840244707,0.4154825254006624,0.0113100715468518,0.3940770606725822,0.415154962497036,0.4380336694533111,1.0008162317242129,1.0002431871841384,2.0917180013689256,0.9157205802375422,667
2026-08-27,jaou8_6650c,2026-08-27,2028-09,call,66.5,9.33,30.0,0.0,0,21,0.0,68.13999999999999,-0.0243624645710118,15.286167156294225,15.286491525876944,15.230263168720466,15.277297775141388,14.553437398679376,15.275289635272095,16.056258257286046,-0.0003243695827208,5.956167156294223,5.956491525876944,5.900263168720466,5.9472977751413865,5.956167156294223,5.956491525876944,5.900263168720466,5.9472977751413865,False,0.0003243695827208,0.4152136840244707,0.4154825254006624,0.0113100715468518,0.3940770606725822,0.415154962497036,0.4380336694533111,1.0008162317242129,1.0002431871841384,2.0917180013689256,0.9157205802375422,667
2026-08-27,jaou8_6775c,2026-08-27,2028-09,call,67.75,8.72,6.0,0.0,0,21,0.0,68.13999999999999,-0.0057399524730099,14.836388169381904,14.836731690786628,14.77995352611065,14.827448042470165,14.096364939326156,14.825420266771976,15.614081536862829,-0.0003435214047229,6.116388169381905,6.116731690786628,6.0599535261106485,6.107448042470162,6.116388169381905,6.116731690786628,6.0599535261106485,6.107448042470162,False,0.0003435214047229,0.4152136840244707,0.4154825254006624,0.0113100715468518,0.3940770606725822,0.415154962497036,0.4380336694533111,1.0008162317242129,1.0002431871841384,2.0917180013689256,0.9157205802375422,667
2026-08-27,jaou8_7000c,2026-08-27,2028-09,call,70.0,7.72,8.0,0.0,0,21,0.0,68.13999999999999,0.0269308298165387,14.061073692804005,14.061421547078371,14.003774388880805,14.05199581191761,13.30974746533858,14.04993700097982,14.850600368112865,-0.0003478542743682,6.341073692804003,6.341421547078372,6.283774388880803,6.3319958119176105,6.341073692804003,6.341421547078372,6.283774388880803,6.3319958119176105,False,0.0003478542743682,0.4152136840244707,0.4154825254006624,0.0113100715468518,0.3940770606725822,0.415154962497036,0.4380336694533111,1.0008162317242129,1.0002431871841384,2.0917180013689256,0.9157205802375422,667
2026-08-27,jaou8_7110c,2026-08-27,2028-09,call,71.1,7.28,7.0,0.0,0,21,0.0,68.13999999999999,0.0425229245763747,13.697247665061544,13.697585288613816,13.639585125143592,13.68810183448972,12.941406565737124,13.686030416319602,14.491626190078993,-0.0003376235522747,6.417247665061542,6.417585288613817,6.359585125143592,6.408101834489719,6.417247665061542,6.417585288613817,6.359585125143592,6.408101834489719,False,0.0003376235522747,0.4152136840244707,0.4154825254006624,0.0113100715468518,0.3940770606725822,0.415154962497036,0.4380336694533111,1.0008162317242129,1.0002431871841384,2.0917180013689256,0.9157205802375422,667
2026-08-27,jaou8_7275c,2026-08-27,2028-09,call,72.75,6.66,7.0,0.0,0,21,0.0,68.13999999999999,0.0654644938187815,13.169274539807851,13.169573114222558,13.111136604666424,13.16001831429803,12.407830752473153,13.157931312461304,13.969767577768382,-0.0002985744147068,6.509274539807851,6.509573114222558,6.451136604666425,6.50001831429803,6.509274539807851,6.509573114222558,6.451136604666425,6.50001831429803,False,0.0002985744147068,0.4152136840244707,0.4154825254006624,0.0113100715468518,0.3940770606725822,0.415154962497036,0.4380336694533111,1.0008162317242129,1.0002431871841384,2.0917180013689256,0.9157205802375422,667
2026-08-27,jaou8_7340c,2026-08-27,2028-09,call,73.4,6.43,10.0,0.0,0,21,0.0,68.13999999999999,0.0743595233876496,12.967028466210357,12.967306531089683,12.908714463854514,12.957726296338343,12.203582438173925,12.95563373891378,13.76973303419477,-0.0002780648793283,6.537028466210355,6.537306531089683,6.478714463854514,6.527726296338345,6.537028466210355,6.537306531089683,6.478714463854514,6.527726296338345,False,0.0002780648793283,0.4152136840244707,0.4154825254006624,0.0113100715468518,0.3940770606725822,0.415154962497036,0.4380336694533111,1.0008162317242129,1.0002431871841384,2.0917180013689256,0.9157205802375422,667
2026-08-27,jaou8_7450c,2026-08-27,2028-09,call,74.5,6.06,143.0,0.0,0,21,0.0,68.13999999999999,0.0892347131526934,12.632224573625628,12.63246637739557,12.57364322424363,12.622848358393991,11.865854321733456,12.620747547965673,13.438224286526983,-0.000241803769942,6.572224573625628,6.57246637739557,6.513643224243631,6.562848358393993,6.572224573625628,6.57246637739557,6.513643224243631,6.562848358393993,False,0.000241803769942,0.4152136840244707,0.4154825254006624,0.0113100715468518,0.3940770606725822,0.415154962497036,0.4380336694533111,1.0008162317242129,1.0002431871841384,2.0917180013689256,0.9157205802375422,667
2026-08-27,jaou8_7500c,2026-08-27,2028-09,call,75.0,5.9,230.0,0.0,0,21,0.0,68.13999999999999,0.09592370130349,12.483095894260009,12.48332148194406,12.424401900458395,12.47368769619935,11.715540482905087,12.471583441928969,13.290437582797306,-0.0002255876840511,6.583095894260008,6.58332148194406,6.524401900458395,6.57368769619935,6.583095894260008,6.58332148194406,6.524401900458395,6.57368769619935,False,0.0002255876840511,0.4152136840244707,0.4154825254006624,0.0113100715468518,0.3940770606725822,0.415154962497036,0.4380336694533111,1.0008162317242129,1.0002431871841384,2.0917180013689256,0.9157205802375422,667
2026-08-27,jaou8_7560c,2026-08-27,2028-09,call,75.6,5.71,12.0,0.0,0,21,0.0,68.13999999999999,0.1038918709526669,12.306598422522145,12.306804010783283,12.247786594870073,12.29715422838874,11.537817469936051,12.295046480059051,13.115359344400106,-0.0002055882611404,6.596598422522145,6.596804010783285,6.537786594870073,6.58715422838874,6.596598422522145,6.596804010783285,6.537786594870073,6.58715422838874,False,0.0002055882611404,0.4152136840244707,0.4154825254006624,0.0113100715468518,0.3940770606725822,0.415154962497036,0.4380336694533111,1.0008162317242129,1.0002431871841384,2.0917180013689256,0.9157205802375422,667
2026-08-27,jaou8_7670c,2026-08-27,2028-09,call,76.7,5.38,6.0,0.0,0,21,0.0,68.13999999999999,0.1183372961403902,11.989783784972026,11.989937739870555,11.93076672732928,11.980262843295488,11.21913142795568,11.978149609414944,12.80079234811619,-0.0001539548985309,6.609783784972026,6.609937739870557,6.55076672732928,6.600262843295487,6.609783784972026,6.609937739870557,6.55076672732928,6.600262843295487,False,0.0001539548985309,0.4152136840244707,0.4154825254006624,0.0113100715468518,0.3940770606725822,0.415154962497036,0.4380336694533111,1.0008162317242129,1.0002431871841384,2.0917180013689256,0.9157205802375422,667
2026-08-27,jaou8_7925c,2026-08-27,2028-09,call,79.25,4.69,6.0,0.0,0,21,0.0,68.13999999999999,0.1510430005245697,11.287436976772016,11.287465428184202,11.228075804731604,11.277754787114212,10.514293096292796,11.27563374576233,12.101802751006351,-2.8451412186214498e-05,6.597436976772015,6.597465428184202,6.538075804731602,6.587754787114212,6.597436976772015,6.597465428184202,6.538075804731602,6.587754787114212,False,2.8451412186214498e-05,0.4152136840244707,0.4154825254006624,0.0113100715468518,0.3940770606725822,0.415154962497036,0.4380336694533111,1.0008162317242129,1.0002431871841384,2.0917180013689256,0.9157205802375422,667
2026-08-27,jaou8_8000c,2026-08-27,2028-09,call,80.0,4.51,250.0,0.0,0,21,0.0,68.13999999999999,0.1604622224410612,11.08895425629666,11.088936058327144,11.029515083982847,11.07922029115534,10.315521188286064,11.077098130137534,11.90388933511389,1.8197969517075308e-05,6.578954256296662,6.578936058327145,6.519515083982848,6.569220291155341,6.578954256296662,6.578936058327145,6.519515083982848,6.569220291155341,False,1.8197969517075308e-05,0.4152136840244707,0.4154825254006624,0.0113100715468518,0.3940770606725822,0.415154962497036,0.4380336694533111,1.0008162317242129,1.0002431871841384,2.0917180013689256,0.9157205802375422,667
2026-08-27,jaou8_5000p,2026-08-27,2028-09,put,50.0,2.77,60.0,0.0,0,21,0.0,68.13999999999999,-0.3095414068046743,5.953907865941417,5.953123751993045,5.911281676810663,5.946282264371155,5.411202516283814,5.944787916258624,6.530252020241668,0.0007841139483719,3.1839078659414173,3.1831237519930453,3.1412816768106637,3.1762822643711552,3.1839078659414173,3.1831237519930453,3.1412816768106637,3.1762822643711552,False,0.0007841139483719,0.4152136840244707,0.4154825254006624,0.0113100715468518,0.3940770606725822,0.415154962497036,0.4380336694533111,1.0008162317242129,1.0002431871841384,2.0917180013689256,0.9157205802375422,667
2026-08-27,jaou8_5500p,2026-08-27,2028-09,put,55.0,3.96,78.0,0.0,0,21,0.0,68.13999999999999,-0.2142312270003493,7.986594603842332,7.986450195297626,7.93931183612887,7.978742726216239,7.373259528701435,7.977059226587107,8.633500376206486,0.0001444085447062,4.026594603842332,4.026450195297626,3.97931183612887,4.018742726216239,4.026594603842332,4.026450195297626,3.97931183612887,4.018742726216239,False,0.0001444085447062,0.4152136840244707,0.4154825254006624,0.0113100715468518,0.3940770606725822,0.415154962497036,0.4380336694533111,1.0008162317242129,1.0002431871841384,2.0917180013689256,0.9157205802375422,667
2026-08-27,jaou8_5700p,2026-08-27,2028-09,put,57.0,4.52,14.0,0.0,0,21,0.0,68.13999999999999,-0.1785131443982701,8.878046312941976,8.87811550746124,8.82917420486748,8.870113243844177,8.24103045190812,8.868365353883245,9.548852156796842,-6.919451926457043e-05,4.358046312941976,4.358115507461241,4.30917420486748,4.350113243844177,4.358046312941976,4.358115507461241,4.30917420486748,4.350113243844177,False,6.919451926457043e-05,0.4152136840244707,0.4154825254006624,0.0113100715468518,0.3940770606725822,0.415154962497036,0.4380336694533111,1.0008162317242129,1.0002431871841384,2.0917180013689256,0.9157205802375422,667
2026-08-27,jaou8_5740p,2026-08-27,2028-09,put,57.4,4.64,9.0,0.0,0,21,0.0,68.13999999999999,-0.1715201089072995,9.061466279045812,9.061565033512917,9.012311327343047,9.053511689609094,8.419995545632167,9.051752642465058,9.736789018850944,-9.87544671033902e-05,4.421466279045814,4.421565033512917,4.372311327343048,4.413511689609094,4.421466279045814,4.421565033512917,4.372311327343048,4.413511689609094,False,9.87544671033902e-05,0.4152136840244707,0.4154825254006624,0.0113100715468518,0.3940770606725822,0.415154962497036,0.4380336694533111,1.0008162317242129,1.0002431871841384,2.0917180013689256,0.9157205802375422,667
2026-08-27,jaou8_6165p,2026-08-27,2028-09,put,61.65,5.99,10.0,0.0,0,21,0.0,68.13999999999999,-0.100091182622467,11.111683483413904,11.11199211383128,11.05957757873874,11.103421951106805,10.428589289499328,11.101550018100534,11.829555746515595,-0.0003086304173756,5.121683483413904,5.121992113831279,5.069577578738741,5.113421951106803,5.121683483413904,5.121992113831279,5.069577578738741,5.113421951106803,False,0.0003086304173756,0.4152136840244707,0.4154825254006624,0.0113100715468518,0.3940770606725822,0.415154962497036,0.4380336694533111,1.0008162317242129,1.0002431871841384,2.0917180013689256,0.9157205802375422,667
2026-08-27,jaou8_6200p,2026-08-27,2028-09,put,62.0,6.11,35.0,0.0,0,21,0.0,68.13999999999999,-0.0944300271877287,11.28854310255755,11.288875028751242,11.23623059031989,11.28026727513674,10.602417475225684,11.27838713136131,12.009571826598837,-0.0003319261936916,5.17854310255755,5.178875028751242,5.1262305903198895,5.170267275136738,5.17854310255755,5.178875028751242,5.1262305903198895,5.170267275136738,False,0.0003319261936916,0.4152136840244707,0.4154825254006624,0.0113100715468518,0.3940770606725822,0.415154962497036,0.4380336694533111,1.0008162317242129,1.0002431871841384,2.0917180013689256,0.9157205802375422,667
2026-08-27,jaou8_6250p,2026-08-27,2028-09,put,62.5,6.28,7.0,0.0,0,21,0.0,68.13999999999999,-0.0863978554904645,11.543280034978505,11.543616975194936,11.490646924886486,11.53495598163913,10.852911809021256,11.533064208959258,12.26851401597051,-0.0003369402164299,5.2632800349785045,5.263616975194934,5.210646924886485,5.254955981639129,5.2632800349785045,5.263616975194934,5.210646924886485,5.254955981639129,False,0.0003369402164299,0.4152136840244707,0.4154825254006624,0.0113100715468518,0.3940770606725822,0.415154962497036,0.4380336694533111,1.0008162317242129,1.0002431871841384,2.0917180013689256,0.9157205802375422,667
2026-08-27,jaou8_6500p,2026-08-27,2028-09,put,65.0,7.21,22.0,0.0,0,21,0.0,68.13999999999999,-0.0471771423371831,12.853420273119388,12.853812023665888,12.79934370880948,12.844906052815944,12.143442338287372,12.842960771107434,13.599119136542164,-0.0003917505465,5.6434202731193865,5.643812023665887,5.589343708809481,5.634906052815945,5.6434202731193865,5.643812023665887,5.589343708809481,5.634906052815945,False,0.0003917505465,0.4152136840244707,0.4154825254006624,0.0113100715468518,0.3940770606725822,0.415154962497036,0.4380336694533111,1.0008162317242129,1.0002431871841384,2.0917180013689256,0.9157205802375422,667
2026-08-27,jaou8_6750p,2026-08-27,2028-09,put,67.5,8.25,12.0,0.0,0,21,0.0,68.13999999999999,-0.0094368143543361,14.223369119992514,14.22383402642437,14.168149317958662,14.21472916625584,13.497296453351158,14.212740442259005,14.985634171227836,-0.0004649064318567,5.973369119992514,5.97383402642437,5.918149317958662,5.96472916625584,5.973369119992514,5.97383402642437,5.918149317958662,5.96472916625584,False,0.0004649064318567,0.4152136840244707,0.4154825254006624,0.0113100715468518,0.3940770606725822,0.415154962497036,0.4380336694533111,1.0008162317242129,1.0002431871841384,2.0917180013689256,0.9157205802375422,667
2026-08-27,jaou8_7000p,2026-08-27,2028-09,put,70.0,9.43,37.0,0.0,0,21,0.0,68.13999999999999,0.0269308298165387,15.648486309699194,15.648953380301002,15.592294250868092,15.639689195123935,14.90973096690774,15.6376656706511,16.424085225897144,-0.0004670706018075,6.218486309699195,6.218953380301002,6.162294250868094,6.2096891951239375,6.218486309699195,6.218953380301002,6.162294250868094,6.2096891951239375,False,0.0004670706018075,0.4152136840244707,0.4154825254006624,0.0113100715468518,0.3940770606725822,0.415154962497036,0.4380336694533111,1.0008162317242129,1.0002431871841384,2.0917180013689256,0.9157205802375422,667
2026-08-27,jaou8_7450p,2026-08-27,2028-09,put,74.5,11.91,143.0,0.0,0,21,0.0,68.13999999999999,0.0892347131526934,18.34037980158976,18.34074082168714,18.282905697299864,18.33128435266926,17.586580434371555,18.32921882870589,19.1324517553802,-0.0003610200973795,6.430379801589762,6.430740821687142,6.372905697299864,6.421284352669261,6.430379801589762,6.430740821687142,6.372905697299864,6.421284352669261,False,0.0003610200973795,0.4152136840244707,0.4154825254006624,0.0113100715468518,0.3940770606725822,0.415154962497036,0.4380336694533111,1.0008162317242129,1.0002431871841384,2.0917180013689256,0.9157205802375422,667
2026-08-28,jaou8_6151c,2026-08-28,2028-09,call,61.51,11.94,9.0,0.0,0,21,0.0,68.19999999999997,-0.1032448016291392,17.19874468997505,17.198917960648846,17.16494694344725,17.191015907971284,16.508409849730757,17.185737520269328,17.937467365996504,-0.0001732706737946,5.258744689975051,5.258917960648846,5.224946943447252,5.251015907971285,5.258744689975051,5.258917960648846,5.224946943447252,5.251015907971285,False,0.0001732706737946,0.4149042731967059,0.4151487711068752,0.0112064512769346,0.3938023606574456,0.4147409542699851,0.4380254647095707,1.00065018488682,1.0003069456268752,2.088980150581793,0.9132077726009971,668
2026-08-28,jaou8_6500c,2026-08-28,2028-09,call,65.0,9.99,30.0,0.0,0,21,0.0,68.19999999999997,-0.0480572949537789,15.816125490598294,15.816384655267646,15.781041109766011,15.808163336585654,15.0977700563916,15.802671686606136,16.584383631307606,-0.0002591646693517,5.826125490598294,5.8263846552676455,5.791041109766013,5.818163336585654,5.826125490598294,5.8263846552676455,5.791041109766013,5.818163336585654,False,0.0002591646693517,0.4149042731967059,0.4151487711068752,0.0112064512769346,0.3938023606574456,0.4147409542699851,0.4380254647095707,1.00065018488682,1.0003069456268752,2.088980150581793,0.9132077726009971,668
2026-08-28,jaou8_6570c,2026-08-28,2028-09,call,65.7,9.63,14.0,0.0,0,21,0.0,68.19999999999997,-0.0373456393588512,15.553112016395168,15.553422016721932,15.5178435374078,15.545146049709832,14.829787998666374,15.539617895914748,16.326479252349078,-0.0003100003267633,5.923112016395168,5.923422016721931,5.887843537407798,5.915146049709833,5.923112016395168,5.923422016721931,5.887843537407798,5.915146049709833,False,0.0003100003267633,0.4149042731967059,0.4151487711068752,0.0112064512769346,0.3938023606574456,0.4147409542699851,0.4380254647095707,1.00065018488682,1.0003069456268752,2.088980150581793,0.9132077726009971,668
2026-08-28,jaou8_6600c,2026-08-28,2028-09,call,66.0,9.47,15.0,0.0,0,21,0.0,68.19999999999997,-0.0327898228229905,15.441788884267924,15.442073857342836,15.40640038284518,15.43377579334907,14.716487243418664,15.428232879283325,16.217305479507377,-0.0002849730749119,5.971788884267925,5.972073857342837,5.936400382845179,5.96377579334907,5.971788884267925,5.972073857342837,5.936400382845179,5.96377579334907,False,0.0002849730749119,0.4149042731967059,0.4151487711068752,0.0112064512769346,0.3938023606574456,0.4147409542699851,0.4380254647095707,1.00065018488682,1.0003069456268752,2.088980150581793,0.9132077726009971,668
2026-08-28,jaou8_6650c,2026-08-28,2028-09,call,66.5,9.22,30.0,0.0,0,21,0.0,68.19999999999997,-0.0252426171876075,15.258116621623712,15.258426854936712,15.2225857303226,15.250089793581054,14.529578413334429,15.244520830183088,16.03701711853801,-0.0003102333129998,6.038116621623711,6.038426854936711,6.0025857303226005,6.030089793581054,6.038116621623711,6.038426854936711,6.0025857303226005,6.030089793581054,False,0.0003102333129998,0.4149042731967059,0.4151487711068752,0.0112064512769346,0.3938023606574456,0.4147409542699851,0.4380254647095707,1.00065018488682,1.0003069456268752,2.088980150581793,0.9132077726009971,668
2026-08-28,jaou8_6775c,2026-08-28,2028-09,call,67.75,8.61,6.0,0.0,0,21,0.0,68.19999999999997,-0.0066201050896057,14.80872087805227,14.80905896562416,14.772865559780808,14.800639959567988,14.07286396740816,14.795016259012844,15.595322960558684,-0.0003380875718903,6.198720878052271,6.199058965624161,6.162865559780808,6.190639959567989,6.198720878052271,6.199058965624161,6.162865559780808,6.190639959567989,False,0.0003380875718903,0.4149042731967059,0.4151487711068752,0.0112064512769346,0.3938023606574456,0.4147409542699851,0.4380254647095707,1.00065018488682,1.0003069456268752,2.088980150581793,0.9132077726009971,668
2026-08-28,jaou8_7000c,2026-08-28,2028-09,call,70.0,7.6,8.0,0.0,0,21,0.0,68.19999999999997,0.0260506771999429,14.03404930809269,14.034389099054431,13.997638869734503,14.025840569398248,13.286891765907198,14.020130350085852,14.832705111134125,-0.0003397909617426,6.434049308092691,6.4343890990544335,6.3976388697345055,6.4258405693982485,6.434049308092691,6.4343890990544335,6.3976388697345055,6.4258405693982485,False,0.0003397909617426,0.4149042731967059,0.4151487711068752,0.0112064512769346,0.3938023606574456,0.4147409542699851,0.4380254647095707,1.00065018488682,1.0003069456268752,2.088980150581793,0.9132077726009971,668
2026-08-28,jaou8_7110c,2026-08-28,2028-09,call,71.1,7.16,7.0,0.0,0,21,0.0,68.19999999999997,0.0416427719597791,13.670539770921838,13.67086535767606,13.633889000519568,13.662264228061924,12.918872442689224,13.656518873198992,14.4741329363713,-0.0003255867542222,6.510539770921838,6.51086535767606,6.473889000519566,6.502264228061923,6.510539770921838,6.51086535767606,6.473889000519566,6.502264228061923,False,0.0003255867542222,0.4149042731967059,0.4151487711068752,0.0112064512769346,0.3938023606574456,0.4147409542699851,0.4380254647095707,1.00065018488682,1.0003069456268752,2.088980150581793,0.9132077726009971,668
2026-08-28,jaou8_7275c,2026-08-28,2028-09,call,72.75,6.53,7.0,0.0,0,21,0.0,68.19999999999997,0.0645843412021858,13.143056774664316,13.143347795856286,13.106093590984084,13.134682035640338,12.385770221218882,13.128893509036129,13.9528568559941,-0.0002910211919715,6.613056774664314,6.613347795856286,6.576093590984084,6.604682035640338,6.613056774664314,6.613347795856286,6.576093590984084,6.604682035640338,False,0.0002910211919715,0.4149042731967059,0.4151487711068752,0.0112064512769346,0.3938023606574456,0.4147409542699851,0.4380254647095707,1.00065018488682,1.0003069456268752,2.088980150581793,0.9132077726009971,668
2026-08-28,jaou8_7340c,2026-08-28,2028-09,call,73.4,6.3,10.0,0.0,0,21,0.0,68.19999999999997,0.0734793707710538,12.940976682204068,12.94125046099575,12.903894957851904,12.93256113762672,12.181701706694666,12.926756871383391,13.753033839588529,-0.0002737787916835,6.640976682204067,6.64125046099575,6.603894957851904,6.632561137626721,6.640976682204067,6.64125046099575,6.603894957851904,6.632561137626721,False,0.0002737787916835,0.4149042731967059,0.4151487711068752,0.0112064512769346,0.3938023606574456,0.4147409542699851,0.4380254647095707,1.00065018488682,1.0003069456268752,2.088980150581793,0.9132077726009971,668
2026-08-28,jaou8_7450c,2026-08-28,2028-09,call,74.5,5.93,143.0,0.0,0,21,0.0,68.19999999999997,0.0883545605360977,12.60645877654358,12.606698909679894,12.569195269451273,12.5979751279065,11.844245911133132,12.592147844249183,13.421865201078802,-0.0002401331363124,6.676458776543582,6.676698909679894,6.639195269451273,6.6679751279065,6.676458776543582,6.676698909679894,6.639195269451273,6.6679751279065,False,0.0002401331363124,0.4149042731967059,0.4151487711068752,0.0112064512769346,0.3938023606574456,0.4147409542699851,0.4380254647095707,1.00065018488682,1.0003069456268752,2.088980150581793,0.9132077726009971,668
2026-08-28,jaou8_7500c,2026-08-28,2028-09,call,75.0,5.77,265.0,35.0,0,21,0.0,68.19999999999997,0.0950435486868943,12.457451341359109,12.457671596396237,12.420106378204752,12.448933490874351,11.694060914290468,12.443096639285644,13.274236693150696,-0.0002202550371261,6.687451341359109,6.687671596396235,6.650106378204754,6.678933490874353,6.687451341359109,6.687671596396235,6.650106378204754,6.678933490874353,True,0.0002202550371261,0.4149042731967059,0.4151487711068752,0.0112064512769346,0.3938023606574456,0.4147409542699851,0.4380254647095707,1.00065018488682,1.0003069456268752,2.088980150581793,0.9132077726009971,668
2026-08-28,jaou8_7560c,2026-08-28,2028-09,call,75.6,5.59,12.0,0.0,0,21,0.0,68.19999999999997,0.1030117183360712,12.2811128012416,12.281314897296651,12.243686726989631,12.272562148382429,11.51648399141851,12.266715515347656,13.099341240015258,-0.0002020960550517,6.6911128012416015,6.691314897296653,6.653686726989632,6.682562148382429,6.6911128012416015,6.691314897296653,6.653686726989632,6.682562148382429,False,0.0002020960550517,0.4149042731967059,0.4151487711068752,0.0112064512769346,0.3938023606574456,0.4147409542699851,0.4380254647095707,1.00065018488682,1.0003069456268752,2.088980150581793,0.9132077726009971,668
2026-08-28,jaou8_7670c,2026-08-28,2028-09,call,76.7,5.26,6.0,0.0,0,21,0.0,68.19999999999997,0.1174571435237945,11.964584939830802,11.964739970289198,11.927013295880728,11.955964308178292,11.198074900432731,11.950102369660184,12.78511628274197,-0.0001550304583961,6.704584939830802,6.704739970289198,6.667013295880727,6.695964308178292,6.704584939830802,6.704739970289198,6.667013295880727,6.695964308178292,False,0.0001550304583961,0.4149042731967059,0.4151487711068752,0.0112064512769346,0.3938023606574456,0.4147409542699851,0.4380254647095707,1.00065018488682,1.0003069456268752,2.088980150581793,0.9132077726009971,668
2026-08-28,jaou8_7925c,2026-08-28,2028-09,call,79.25,4.57,6.0,0.0,0,21,0.0,68.19999999999997,0.150162847907974,11.262916885828092,11.26294494262661,11.225076760270449,11.254136364125529,10.49389501165936,11.248252438223105,12.08689759765082,-2.8056798518250048e-05,6.692916885828092,6.69294494262661,6.655076760270449,6.684136364125527,6.692916885828092,6.69294494262661,6.655076760270449,6.684136364125527,False,2.8056798518250048e-05,0.4149042731967059,0.4151487711068752,0.0112064512769346,0.3938023606574456,0.4147409542699851,0.4380254647095707,1.00065018488682,1.0003069456268752,2.088980150581793,0.9132077726009971,668
2026-08-28,jaou8_8000c,2026-08-28,2028-09,call,80.0,4.38,250.0,0.0,0,21,0.0,68.19999999999997,0.1595820698244656,11.064621200149386,11.064604673740426,11.026716306501283,11.055791400001407,10.295302485121166,11.04990433778907,11.889187628401787,1.65264089595496e-05,6.684621200149386,6.684604673740426,6.646716306501284,6.675791400001407,6.684621200149386,6.684604673740426,6.646716306501284,6.675791400001407,False,1.65264089595496e-05,0.4149042731967059,0.4151487711068752,0.0112064512769346,0.3938023606574456,0.4147409542699851,0.4380254647095707,1.00065018488682,1.0003069456268752,2.088980150581793,0.9132077726009971,668
2026-08-28,jaou8_5000p,2026-08-28,2028-09,put,50.0,2.66,60.0,0.0,0,21,0.0,68.19999999999997,-0.31042155942127,5.910727143617554,5.909955333505294,5.8833162242387465,5.90375876766629,5.371748228797667,5.899619605570875,6.493085033615875,0.0007718101122602,3.2507271436175538,3.249955333505293,3.2233162242387463,3.2437587676662902,3.2507271436175538,3.249955333505293,3.2233162242387463,3.2437587676662902,False,0.0007718101122602,0.4149042731967059,0.4151487711068752,0.0112064512769346,0.3938023606574456,0.4147409542699851,0.4380254647095707,1.00065018488682,1.0003069456268752,2.088980150581793,0.9132077726009971,668
2026-08-28,jaou8_5500p,2026-08-28,2028-09,put,55.0,3.84,78.0,0.0,0,21,0.0,68.19999999999997,-0.2151113796169451,7.933197766569601,7.933056838500543,7.903026392780766,7.92607140846175,7.323729686654375,7.9214053033984015,8.58715281807027,0.000140928069058,4.0931977665696015,4.093056838500544,4.063026392780766,4.08607140846175,4.0931977665696015,4.093056838500544,4.063026392780766,4.08607140846175,False,0.000140928069058,0.4149042731967059,0.4151487711068752,0.0112064512769346,0.3938023606574456,0.4147409542699851,0.4380254647095707,1.00065018488682,1.0003069456268752,2.088980150581793,0.9132077726009971,668
2026-08-28,jaou8_5700p,2026-08-28,2028-09,put,57.0,4.39,14.0,0.0,0,21,0.0,68.19999999999997,-0.1793932970148658,8.82048157154439,8.820532092112796,8.789351749683764,8.8132791827602,8.187409154503529,8.808434407726134,9.498681798102554,-5.05205684060428e-05,4.43048157154439,4.430532092112796,4.399351749683764,4.4232791827602,4.43048157154439,4.430532092112796,4.399351749683764,4.4232791827602,False,5.05205684060428e-05,0.4149042731967059,0.4151487711068752,0.0112064512769346,0.3938023606574456,0.4147409542699851,0.4380254647095707,1.00065018488682,1.0003069456268752,2.088980150581793,0.9132077726009971,668
2026-08-28,jaou8_5740p,2026-08-28,2028-09,put,57.4,4.5,9.0,0.0,0,21,0.0,68.19999999999997,-0.1724002615238953,9.003065707974015,9.00316332682517,8.971780360336096,8.995863284765694,8.365523001758598,8.990987026177859,9.685836509841767,-9.761885115544544e-05,4.503065707974015,4.50316332682517,4.471780360336096,4.495863284765694,4.503065707974015,4.50316332682517,4.471780360336096,4.495863284765694,False,9.761885115544544e-05,0.4149042731967059,0.4151487711068752,0.0112064512769346,0.3938023606574456,0.4147409542699851,0.4380254647095707,1.00065018488682,1.0003069456268752,2.088980150581793,0.9132077726009971,668
2026-08-28,jaou8_6165p,2026-08-28,2028-09,put,61.65,5.84,10.0,0.0,0,21,0.0,68.19999999999997,-0.1009713352390627,11.044245058282687,11.044541381909475,11.011136876176405,11.036771106371235,10.365169061054964,11.031580742738468,11.770175021182084,-0.0002963236267881,5.204245058282689,5.204541381909477,5.171136876176403,5.196771106371237,5.204245058282689,5.204541381909477,5.171136876176403,5.196771106371237,False,0.0002963236267881,0.4149042731967059,0.4151487711068752,0.0112064512769346,0.3938023606574456,0.4147409542699851,0.4380254647095707,1.00065018488682,1.0003069456268752,2.088980150581793,0.9132077726009971,668
2026-08-28,jaou8_6200p,2026-08-28,2028-09,put,62.0,5.96,35.0,0.0,0,21,0.0,68.19999999999997,-0.0953101798043245,11.220346777261366,11.220669242081868,11.187118610136526,11.212864975891536,10.538249821780786,11.207651907292435,11.949487312581926,-0.0003224648205026,5.260346777261366,5.260669242081868,5.227118610136526,5.252864975891536,5.260346777261366,5.260669242081868,5.227118610136526,5.252864975891536,False,0.0003224648205026,0.4149042731967059,0.4151487711068752,0.0112064512769346,0.3938023606574456,0.4147409542699851,0.4380254647095707,1.00065018488682,1.0003069456268752,2.088980150581793,0.9132077726009971,668
2026-08-28,jaou8_6250p,2026-08-28,2028-09,put,62.5,6.13,7.0,0.0,0,21,0.0,68.19999999999997,-0.0872780081070602,11.473999827626985,11.474323441616251,11.440567425874736,11.466471400772402,10.787668341600911,11.461226419814086,12.207427986372483,-0.0003236139892681,5.343999827626985,5.344323441616253,5.310567425874736,5.336471400772402,5.343999827626985,5.344323441616253,5.310567425874736,5.336471400772402,False,0.0003236139892681,0.4149042731967059,0.4151487711068752,0.0112064512769346,0.3938023606574456,0.4147409542699851,0.4380254647095707,1.00065018488682,1.0003069456268752,2.088980150581793,0.9132077726009971,668
2026-08-28,jaou8_6500p,2026-08-28,2028-09,put,65.0,7.05,22.0,0.0,0,21,0.0,68.19999999999997,-0.0480572949537789,12.778617352160753,12.778993169805643,12.744278140695142,12.770918051327255,12.07274160815337,12.765524059688955,13.532798141434258,-0.000375817644894,5.728617352160751,5.728993169805645,5.694278140695142,5.720918051327256,5.728617352160751,5.728993169805645,5.694278140695142,5.720918051327256,False,0.000375817644894,0.4149042731967059,0.4151487711068752,0.0112064512769346,0.3938023606574456,0.4147409542699851,0.4380254647095707,1.00065018488682,1.0003069456268752,2.088980150581793,0.9132077726009971,668
2026-08-28,jaou8_6750p,2026-08-28,2028-09,put,67.5,8.08,12.0,0.0,0,21,0.0,68.19999999999997,-0.0103169669709319,14.143028232303292,14.143481479238345,14.107985541955289,14.135224712460191,13.421018026934757,14.12970938397555,14.914034384023964,-0.0004532469350522,6.063028232303292,6.0634814792383445,6.027985541955287,6.055224712460191,6.063028232303292,6.0634814792383445,6.027985541955287,6.055224712460191,False,0.0004532469350522,0.4149042731967059,0.4151487711068752,0.0112064512769346,0.3938023606574456,0.4147409542699851,0.4380254647095707,1.00065018488682,1.0003069456268752,2.088980150581793,0.9132077726009971,668
2026-08-28,jaou8_7000p,2026-08-28,2028-09,put,70.0,9.26,37.0,0.0,0,21,0.0,68.19999999999997,0.0260506771999429,15.562580032660131,15.56303647659742,15.52691476366862,15.55463414714484,14.827902180673952,15.54902158617366,16.34715848426576,-0.0004564439372902,6.302580032660131,6.303036476597422,6.2669147636686215,6.294634147144839,6.302580032660131,6.303036476597422,6.2669147636686215,6.294634147144839,False,0.0004564439372902,0.4149042731967059,0.4151487711068752,0.0112064512769346,0.3938023606574456,0.4147409542699851,0.4380254647095707,1.00065018488682,1.0003069456268752,2.088980150581793,0.9132077726009971,668
2026-08-28,jaou8_7450p,2026-08-28,2028-09,put,74.5,11.73,143.0,0.0,0,21,0.0,68.19999999999997,0.0883545605360977,18.24442447781551,18.24478126392737,18.207906140089875,18.236203682357576,17.494691302604377,18.23047405704148,19.045753550914927,-0.0003567861118582,6.51442447781551,6.514781263927368,6.477906140089875,6.506203682357576,6.51442447781551,6.514781263927368,6.477906140089875,6.506203682357576,False,0.0003567861118582,0.4149042731967059,0.4151487711068752,0.0112064512769346,0.3938023606574456,0.4147409542699851,0.4380254647095707,1.00065018488682,1.0003069456268752,2.088980150581793,0.9132077726009971,668
2026-08-31,jaou8_6151c,2026-08-31,2028-09,call,61.51,12.08,9.0,0.0,0,21,0.0,68.42,-0.1064654163291817,17.318711556440643,17.318891334435477,17.351137898039838,17.30946077937172,16.627613013384984,17.31425043601566,18.050830659088767,-0.000179777994834,5.238711556440643,5.238891334435477,5.271137898039838,5.229460779371719,5.238711556440643,5.238891334435477,5.271137898039838,5.229460779371719,False,0.000179777994834,0.414940713129247,0.415232766409877,0.0113245369532294,0.3938448255464714,0.4150890432038286,0.4379226001245677,1.0008111975932583,0.9999861865217684,2.080766598220397,0.9135601093068694,669
2026-08-31,jaou8_6500c,2026-08-31,2028-09,call,65.0,10.13,30.0,0.0,0,21,0.0,68.42,-0.0512779096538215,15.927623221464064,15.927868465115331,15.961430043208273,15.918053332125805,15.208231838253049,15.92303831091195,16.689341746228862,-0.0002452436512676,5.797623221464063,5.7978684651153305,5.831430043208272,5.788053332125802,5.797623221464063,5.7978684651153305,5.831430043208272,5.788053332125802,False,0.0002452436512676,0.414940713129247,0.415232766409877,0.0113245369532294,0.3938448255464714,0.4150890432038286,0.4379226001245677,1.0008111975932583,0.9999861865217684,2.080766598220397,0.9135601093068694,669
2026-08-31,jaou8_6570c,2026-08-31,2028-09,call,65.7,9.76,14.0,0.0,0,21,0.0,68.42,-0.0405662540588937,15.662934073625689,15.663247177358157,15.697043617226637,15.653363358696138,14.938434317680342,15.65838322204479,16.42977823559782,-0.0003131037324664,5.902934073625689,5.903247177358155,5.937043617226637,5.8933633586961385,5.902934073625689,5.903247177358155,5.937043617226637,5.8933633586961385,False,0.0003131037324664,0.414940713129247,0.415232766409877,0.0113245369532294,0.3938448255464714,0.4150890432038286,0.4379226001245677,1.0008111975932583,0.9999861865217684,2.080766598220397,0.9135601093068694,669
2026-08-31,jaou8_6600c,2026-08-31,2028-09,call,66.0,9.61,15.0,0.0,0,21,0.0,68.42,-0.036010437523033,15.550908763557828,15.551224246975472,15.585110949350335,15.5413140309104,14.824363812769452,15.546347301157803,16.319910715963086,-0.0003154834176442,5.940908763557829,5.941224246975473,5.975110949350336,5.931314030910402,5.940908763557829,5.941224246975473,5.975110949350336,5.931314030910402,False,0.0003154834176442,0.414940713129247,0.415232766409877,0.0113245369532294,0.3938448255464714,0.4150890432038286,0.4379226001245677,1.0008111975932583,0.9999861865217684,2.080766598220397,0.9135601093068694,669
2026-08-31,jaou8_6650c,2026-08-31,2028-09,call,66.5,9.35,30.0,0.0,0,21,0.0,68.42,-0.0284632318876501,15.366056212649507,15.366352343353393,15.400397337830393,15.356395834529698,14.636254417484844,15.361452616268997,16.13853928720537,-0.0002961307038837,6.016056212649509,6.016352343353393,6.050397337830393,6.006395834529698,6.016056212649509,6.016352343353393,6.050397337830393,6.006395834529698,False,0.0002961307038837,0.414940713129247,0.415232766409877,0.0113245369532294,0.3938448255464714,0.4150890432038286,0.4379226001245677,1.0008111975932583,0.9999861865217684,2.080766598220397,0.9135601093068694,669
2026-08-31,jaou8_6775c,2026-08-31,2028-09,call,67.75,8.73,6.0,0.0,0,21,0.0,68.42,-0.0098407197896483,14.913852677645432,14.914195751093915,14.948584471664002,14.904138719067578,14.17650337966259,14.909246555238152,15.69407101221709,-0.0003430734484837,6.183852677645431,6.184195751093915,6.218584471664002,6.174138719067578,6.183852677645431,6.184195751093915,6.218584471664002,6.174138719067578,False,0.0003430734484837,0.414940713129247,0.415232766409877,0.0113245369532294,0.3938448255464714,0.4150890432038286,0.4379226001245677,1.0008111975932583,0.9999861865217684,2.080766598220397,0.9135601093068694,669
2026-08-31,jaou8_7000c,2026-08-31,2028-09,call,70.0,7.72,8.0,0.0,0,21,0.0,68.42,0.0228300624999003,14.134206851970252,14.134555590036102,14.169484120450155,14.124340689825113,13.385321179338622,14.129528705199812,14.926669242526811,-0.0003487380658508,6.414206851970252,6.414555590036103,6.449484120450157,6.404340689825113,6.414206851970252,6.414555590036103,6.449484120450157,6.404340689825113,False,0.0003487380658508,0.414940713129247,0.415232766409877,0.0113245369532294,0.3938448255464714,0.4150890432038286,0.4379226001245677,1.0008111975932583,0.9999861865217684,2.080766598220397,0.9135601093068694,669
2026-08-31,jaou8_7110c,2026-08-31,2028-09,call,71.1,7.27,7.0,0.0,0,21,0.0,68.42,0.0384221572597363,13.768377326692631,13.768702195116123,13.803847631157252,13.758423860534736,13.0148865871346,13.763644093403697,14.56582588622363,-0.0003248684234922,6.4983773266926335,6.498702195116126,6.533847631157252,6.488423860534738,6.4983773266926335,6.498702195116126,6.533847631157252,6.488423860534738,False,0.0003248684234922,0.414940713129247,0.415232766409877,0.0113245369532294,0.3938448255464714,0.4150890432038286,0.4379226001245677,1.0008111975932583,0.9999861865217684,2.080766598220397,0.9135601093068694,669
2026-08-31,jaou8_7275c,2026-08-31,2028-09,call,72.75,6.64,7.0,0.0,0,21,0.0,68.42,0.0613637265021431,13.237563515015212,13.237882254936324,13.273301224692194,13.227523925016818,12.478232217070062,13.23278478648082,14.04129738508098,-0.000318739921111,6.597563515015213,6.597882254936324,6.633301224692194,6.587523925016819,6.597563515015213,6.597882254936324,6.633301224692194,6.587523925016819,False,0.000318739921111,0.414940713129247,0.415232766409877,0.0113245369532294,0.3938448255464714,0.4150890432038286,0.4379226001245677,1.0008111975932583,0.9999861865217684,2.080766598220397,0.9135601093068694,669
2026-08-31,jaou8_7340c,2026-08-31,2028-09,call,73.4,6.41,10.0,0.0,0,21,0.0,68.42,0.0702587560710113,13.034133661408282,13.034416671379851,13.069933251357392,13.024029795207124,12.272816283578784,13.029305154943016,13.840150374909392,-0.0002830099715716,6.6241336614082815,6.624416671379853,6.659933251357392,6.614029795207124,6.6241336614082815,6.624416671379853,6.659933251357392,6.614029795207124,False,0.0002830099715716,0.414940713129247,0.415232766409877,0.0113245369532294,0.3938448255464714,0.4150890432038286,0.4379226001245677,1.0008111975932583,0.9999861865217684,2.080766598220397,0.9135601093068694,669
2026-08-31,jaou8_7450c,2026-08-31,2028-09,call,74.5,6.03,143.0,0.0,0,21,0.0,68.42,0.0851339458360552,12.69736574723118,12.69762006602198,12.733284232324143,12.687190028011043,11.93299142335641,12.692487309084942,13.506804416693653,-0.0002543187907999,6.667365747231179,6.667620066021979,6.703284232324143,6.657190028011043,6.667365747231179,6.667620066021979,6.703284232324143,6.657190028011043,False,0.0002543187907999,0.414940713129247,0.415232766409877,0.0113245369532294,0.3938448255464714,0.4150890432038286,0.4379226001245677,1.0008111975932583,0.9999861865217684,2.080766598220397,0.9135601093068694,669
2026-08-31,jaou8_7500c,2026-08-31,2028-09,call,75.0,5.87,265.0,0.0,0,21,0.0,68.42,0.0918229339868517,12.547341305507778,12.547571350685653,12.583293202580888,12.537124442437984,11.781762127034265,12.542430291686388,13.35818968161839,-0.000230045177874,6.677341305507778,6.677571350685652,6.713293202580887,6.667124442437983,6.677341305507778,6.677571350685652,6.713293202580887,6.667124442437983,False,0.000230045177874,0.414940713129247,0.415232766409877,0.0113245369532294,0.3938448255464714,0.4150890432038286,0.4379226001245677,1.0008111975932583,0.9999861865217684,2.080766598220397,0.9135601093068694,669
2026-08-31,jaou8_7560c,2026-08-31,2028-09,call,75.6,5.68,12.0,0.0,0,21,0.0,68.42,0.0997911036360286,12.369817388218928,12.370031261444533,12.405817392642666,12.35956555461997,11.602913217294905,12.36488095142184,13.182166144401,-0.0002138732256042,6.689817388218927,6.690031261444531,6.725817392642666,6.67956555461997,6.689817388218927,6.690031261444531,6.725817392642666,6.67956555461997,False,0.0002138732256042,0.414940713129247,0.415232766409877,0.0113245369532294,0.3938448255464714,0.4150890432038286,0.4379226001245677,1.0008111975932583,0.9999861865217684,2.080766598220397,0.9135601093068694,669
2026-08-31,jaou8_7670c,2026-08-31,2028-09,call,76.7,5.35,6.0,0.0,0,21,0.0,68.42,0.1142365288237518,12.051162244637304,12.051330538036147,12.087214824664208,12.040836125511404,11.282271706543463,12.046166101566213,12.865883645562212,-0.0001682933988451,6.701162244637304,6.701330538036149,6.737214824664207,6.690836125511405,6.701162244637304,6.701330538036149,6.737214824664207,6.690836125511405,False,0.0001682933988451,0.414940713129247,0.415232766409877,0.0113245369532294,0.3938448255464714,0.4150890432038286,0.4379226001245677,1.0008111975932583,0.9999861865217684,2.080766598220397,0.9135601093068694,669
2026-08-31,jaou8_7925c,2026-08-31,2028-09,call,79.25,4.65,6.0,0.0,0,21,0.0,68.42,0.1469422332079313,11.344823370420327,11.344863258384075,11.380891228951544,11.334326825279431,10.573207518764514,11.339678143041947,12.163180298069376,-3.988796374976289e-05,6.694823370420327,6.694863258384077,6.730891228951544,6.684326825279433,6.694823370420327,6.694863258384077,6.730891228951544,6.684326825279433,False,3.988796374976289e-05,0.414940713129247,0.415232766409877,0.0113245369532294,0.3938448255464714,0.4150890432038286,0.4379226001245677,1.0008111975932583,0.9999861865217684,2.080766598220397,0.9135601093068694,669
2026-08-31,jaou8_8000c,2026-08-31,2028-09,call,80.0,4.46,250.0,0.0,0,21,0.0,68.42,0.1563614551244229,11.145185808075148,11.145182035615004,11.181231107753195,11.134639431324894,10.373232884119046,11.139993883352494,11.964151869632902,3.772460145157197e-06,6.685185808075148,6.685182035615003,6.721231107753195,6.674639431324894,6.685185808075148,6.685182035615003,6.721231107753195,6.674639431324894,False,3.772460145157197e-06,0.414940713129247,0.415232766409877,0.0113245369532294,0.3938448255464714,0.4150890432038286,0.4379226001245677,1.0008111975932583,0.9999861865217684,2.080766598220397,0.9135601093068694,669
2026-08-31,jaou8_5000p,2026-08-31,2028-09,put,50.0,2.64,60.0,0.0,0,21,0.0,68.42,-0.3136421741213126,5.852733712181529,5.851932201901913,5.877162374560365,5.844553600713802,5.314543426481957,5.848301096589142,6.428375376467367,0.0008015102796159,3.2127337121815285,3.2119322019019125,3.237162374560365,3.2045536007138016,3.2127337121815285,3.2119322019019125,3.237162374560365,3.2045536007138016,False,0.0008015102796159,0.414940713129247,0.415232766409877,0.0113245369532294,0.3938448255464714,0.4150890432038286,0.4379226001245677,1.0008111975932583,0.9999861865217684,2.080766598220397,0.9135601093068694,669
2026-08-31,jaou8_5500p,2026-08-31,2028-09,put,55.0,3.81,78.0,0.0,0,21,0.0,68.42,-0.2183319943169877,7.863692945041665,7.863537896122763,7.892012684927876,7.855210402159369,7.254287401882085,7.859439828372298,8.511077818043345,0.0001550489189021,4.053692945041664,4.053537896122762,4.082012684927877,4.04521040215937,4.053692945041664,4.053537896122762,4.082012684927877,4.04521040215937,False,0.0001550489189021,0.414940713129247,0.415232766409877,0.0113245369532294,0.3938448255464714,0.4150890432038286,0.4379226001245677,1.0008111975932583,0.9999861865217684,2.080766598220397,0.9135601093068694,669
2026-08-31,jaou8_5700p,2026-08-31,2028-09,put,57.0,4.35,14.0,0.0,0,21,0.0,68.42,-0.1826139117149084,8.746596974252025,8.746609554922271,8.776184700548612,8.737960259984371,8.113399737038344,8.742353124739903,9.418272262574629,-1.2580670246009618e-05,4.3965969742520254,4.396609554922272,4.426184700548612,4.3879602599843714,4.3965969742520254,4.396609554922272,4.426184700548612,4.3879602599843714,False,1.2580670246009618e-05,0.414940713129247,0.415232766409877,0.0113245369532294,0.3938448255464714,0.4150890432038286,0.4379226001245677,1.0008111975932583,0.9999861865217684,2.080766598220397,0.9135601093068694,669
2026-08-31,jaou8_5740p,2026-08-31,2028-09,put,57.4,4.47,9.0,0.0,0,21,0.0,68.42,-0.1756208762239379,8.92832700923951,8.928409420111892,8.958190714871629,8.919699836556028,8.290572923095093,8.924123321118946,9.604530052831302,-8.241087238225475e-05,4.45832700923951,4.4584094201118925,4.488190714871629,4.449699836556028,4.45832700923951,4.4584094201118925,4.488190714871629,4.449699836556028,False,8.241087238225475e-05,0.414940713129247,0.415232766409877,0.0113245369532294,0.3938448255464714,0.4150890432038286,0.4379226001245677,1.0008111975932583,0.9999861865217684,2.080766598220397,0.9135601093068694,669
2026-08-31,jaou8_6165p,2026-08-31,2028-09,put,61.65,5.79,10.0,0.0,0,21,0.0,68.42,-0.1041919499391053,10.960613589360769,10.960907845375162,10.992614656840669,10.951635141620113,10.280791050334956,10.956344627630996,11.680061231970887,-0.0002942560143939,5.1706135893607685,5.1709078453751625,5.202614656840667,5.1616351416201125,5.1706135893607685,5.1709078453751625,5.202614656840667,5.1616351416201125,False,0.0002942560143939,0.414940713129247,0.415232766409877,0.0113245369532294,0.3938448255464714,0.4150890432038286,0.4379226001245677,1.0008111975932583,0.9999861865217684,2.080766598220397,0.9135601093068694,669
2026-08-31,jaou8_6200p,2026-08-31,2028-09,put,62.0,5.91,35.0,0.0,0,21,0.0,68.42,-0.0985307945043671,11.135993029645778,11.136304714267077,11.168156006123905,11.126989757008593,10.453130253180356,11.131720703026028,11.858620604682638,-0.0003116846212982,5.225993029645778,5.226304714267076,5.2581560061239045,5.216989757008591,5.225993029645778,5.226304714267076,5.2581560061239045,5.216989757008591,False,0.0003116846212982,0.414940713129247,0.415232766409877,0.0113245369532294,0.3938448255464714,0.4150890432038286,0.4379226001245677,1.0008111975932583,0.9999861865217684,2.080766598220397,0.9135601093068694,669
2026-08-31,jaou8_6250p,2026-08-31,2028-09,put,62.5,6.08,7.0,0.0,0,21,0.0,68.42,-0.0904986228071028,11.388616919771998,11.38894814561079,11.420993445044234,11.37957645055052,10.701467676602611,11.384336212961845,12.115662682491218,-0.0003312258387921,5.308616919771998,5.30894814561079,5.340993445044234,5.29957645055052,5.308616919771998,5.30894814561079,5.340993445044234,5.29957645055052,False,0.0003312258387921,0.414940713129247,0.415232766409877,0.0113245369532294,0.3938448255464714,0.4150890432038286,0.4379226001245677,1.0008111975932583,0.9999861865217684,2.080766598220397,0.9135601093068694,669
2026-08-31,jaou8_6500p,2026-08-31,2028-09,put,65.0,6.99,22.0,0.0,0,21,0.0,68.42,-0.0512779096538215,12.688034763125982,12.68839897468617,12.721363935145003,12.678758323403263,11.981139670477573,12.68365468519288,13.435808577616609,-0.0003642115601873,5.698034763125982,5.698398974686169,5.731363935145003,5.688758323403265,5.698034763125982,5.698398974686169,5.731363935145003,5.688758323403265,False,0.0003642115601873,0.414940713129247,0.415232766409877,0.0113245369532294,0.3938448255464714,0.4150890432038286,0.4379226001245677,1.0008111975932583,0.9999861865217684,2.080766598220397,0.9135601093068694,669
2026-08-31,jaou8_6750p,2026-08-31,2028-09,put,67.5,8.01,12.0,0.0,0,21,0.0,68.42,-0.0135375816709745,14.04751596166004,14.047990715775606,14.08171580471508,14.038127763797965,13.324048000826426,14.043137029228172,14.812284153731405,-0.0004747541155651,6.037515961660041,6.037990715775607,6.071715804715081,6.028127763797963,6.037515961660041,6.037990715775607,6.071715804715081,6.028127763797963,False,0.0004747541155651,0.414940713129247,0.415232766409877,0.0113245369532294,0.3938448255464714,0.4150890432038286,0.4379226001245677,1.0008111975932583,0.9999861865217684,2.080766598220397,0.9135601093068694,669
2026-08-31,jaou8_7000p,2026-08-31,2028-09,put,70.0,9.17,37.0,0.0,0,21,0.0,68.42,0.0228300624999003,15.462418940166517,15.462886646141287,15.497218558921237,15.452846227636922,14.726029558097492,15.45794562601509,16.240936620448906,-0.0004677059747724,6.292418940166515,6.292886646141287,6.327218558921235,6.282846227636922,6.292418940166515,6.292886646141287,6.327218558921235,6.282846227636922,False,0.0004677059747724,0.414940713129247,0.415232766409877,0.0113245369532294,0.3938448255464714,0.4150890432038286,0.4379226001245677,1.0008111975932583,0.9999861865217684,2.080766598220397,0.9135601093068694,669
2026-08-31,jaou8_7450p,2026-08-31,2028-09,put,74.5,11.61,143.0,0.0,0,21,0.0,68.42,0.0851339458360552,18.13659832730836,18.13697161400808,18.172039162676136,18.126716057703767,17.384720293996196,18.13192472178113,18.93209228649666,-0.0003732866997232,6.526598327308356,6.52697161400808,6.562039162676136,6.516716057703768,6.526598327308356,6.52697161400808,6.562039162676136,6.516716057703768,False,0.0003732866997232,0.414940713129247,0.415232766409877,0.0113245369532294,0.3938448255464714,0.4150890432038286,0.4379226001245677,1.0008111975932583,0.9999861865217684,2.080766598220397,0.9135601093068694,669
2026-09-01,jaou8_6151c,2026-09-01,2028-09,call,61.51,12.64,9.0,0.0,0,21,0.0,68.71999999999997,-0.1108405144557226,17.503871492298618,17.504048428092464,17.407357309712552,17.499553059848065,16.81766362862046,17.495618914259154,18.234230125156003,-0.0001769357938457,4.8638714922986175,4.864048428092463,4.767357309712551,4.859553059848064,4.8638714922986175,4.864048428092463,4.767357309712551,4.859553059848064,False,0.0001769357938457,0.4157798784980253,0.4159191846500108,0.0112840722162938,0.3946678721589265,0.4156579639732198,0.4385693612178147,1.0003775627197715,1.000107865918871,2.078028747433265,0.9127082830280995,670
2026-09-01,jaou8_6500c,2026-09-01,2028-09,call,65.0,10.6,30.0,0.0,0,21,0.0,68.71999999999997,-0.0556530077803624,16.10522668199123,16.105470978265394,16.004793587551497,16.100790472739035,15.390627629700264,16.09669430326653,16.86546159929402,-0.0002442962741646,5.50522668199123,5.505470978265395,5.404793587551497,5.500790472739036,5.50522668199123,5.505470978265395,5.404793587551497,5.500790472739036,False,0.0002442962741646,0.4157798784980253,0.4159191846500108,0.0112840722162938,0.3946678721589265,0.4156579639732198,0.4385693612178147,1.0003775627197715,1.000107865918871,2.078028747433265,0.9127082830280995,670
2026-09-01,jaou8_6570c,2026-09-01,2028-09,call,65.7,10.21,14.0,0.0,0,21,0.0,68.71999999999997,-0.0449413521854346,15.838952523672054,15.83923419526918,15.737826428911257,15.834519781616466,15.119173349324484,15.830393937265624,16.60446250064959,-0.0002816715971256,5.628952523672053,5.629234195269179,5.527826428911256,5.624519781616465,5.628952523672053,5.629234195269179,5.527826428911256,5.624519781616465,False,0.0002816715971256,0.4157798784980253,0.4159191846500108,0.0112840722162938,0.3946678721589265,0.4156579639732198,0.4385693612178147,1.0003775627197715,1.000107865918871,2.078028747433265,0.9127082830280995,670
2026-09-01,jaou8_6600c,2026-09-01,2028-09,call,66.0,10.05,15.0,0.0,0,21,0.0,68.71999999999997,-0.0403855356495739,15.72626812871517,15.72657980545188,15.624885135852749,15.721852228806767,15.004363625435944,15.71771486479265,16.49393855364467,-0.0003116767367092,5.676268128715169,5.676579805451878,5.574885135852746,5.671852228806767,5.676268128715169,5.676579805451878,5.574885135852746,5.671852228806767,False,0.0003116767367092,0.4157798784980253,0.4159191846500108,0.0112840722162938,0.3946678721589265,0.4156579639732198,0.4385693612178147,1.0003775627197715,1.000107865918871,2.078028747433265,0.9127082830280995,670
2026-09-01,jaou8_6650c,2026-09-01,2028-09,call,66.5,9.78,30.0,0.0,0,21,0.0,68.71999999999997,-0.032838330014191,15.540309601171233,15.540599736915327,15.438456037453497,15.535851183871634,14.815083031564368,15.531695462249978,16.311539070065123,-0.0002901357440965,5.760309601171233,5.76059973691533,5.658456037453497,5.755851183871634,5.760309601171233,5.76059973691533,5.658456037453497,5.755851183871634,False,0.0002901357440965,0.4157798784980253,0.4159191846500108,0.0112840722162938,0.3946678721589265,0.4156579639732198,0.4385693612178147,1.0003775627197715,1.000107865918871,2.078028747433265,0.9127082830280995,670
2026-09-01,jaou8_6775c,2026-09-01,2028-09,call,67.75,9.12,6.0,0.0,0,21,0.0,68.71999999999997,-0.0142158179161892,15.08541009540818,15.085765673225392,14.982534650694287,15.080966669070529,14.35243580042344,15.076766794888805,15.8645926066687,-0.0003555778172117,5.965410095408181,5.965765673225393,5.86253465069429,5.96096666907053,5.965410095408181,5.965765673225393,5.86253465069429,5.96096666907053,False,0.0003555778172117,0.4157798784980253,0.4159191846500108,0.0112840722162938,0.3946678721589265,0.4156579639732198,0.4385693612178147,1.0003775627197715,1.000107865918871,2.078028747433265,0.9127082830280995,670
2026-09-01,jaou8_7000c,2026-09-01,2028-09,call,70.0,8.03,8.0,0.0,0,21,0.0,68.71999999999997,0.0184549643733595,14.300894294204522,14.301243853061218,14.196350385802027,14.296367525412984,13.556141207352136,14.292099981162014,15.092629036921036,-0.0003495588566959,6.270894294204522,6.271243853061218,6.166350385802028,6.266367525412983,6.270894294204522,6.271243853061218,6.166350385802028,6.266367525412983,False,0.0003495588566959,0.4157798784980253,0.4159191846500108,0.0112840722162938,0.3946678721589265,0.4156579639732198,0.4385693612178147,1.0003775627197715,1.000107865918871,2.078028747433265,0.9127082830280995,670
2026-09-01,jaou8_7110c,2026-09-01,2028-09,call,71.1,7.54,7.0,0.0,0,21,0.0,68.71999999999997,0.0340470591331956,13.932764799329066,13.933103977948305,13.827542881804366,13.92819660932092,13.183299212930178,13.923901899390842,14.729604465555337,-0.0003391786192388,6.392764799329066,6.3931039779483045,6.287542881804366,6.388196609320919,6.392764799329066,6.3931039779483045,6.287542881804366,6.388196609320919,False,0.0003391786192388,0.4157798784980253,0.4159191846500108,0.0112840722162938,0.3946678721589265,0.4156579639732198,0.4385693612178147,1.0003775627197715,1.000107865918871,2.078028747433265,0.9127082830280995,670
2026-09-01,jaou8_7275c,2026-09-01,2028-09,call,72.75,6.86,7.0,0.0,0,21,0.0,68.71999999999997,0.0569886283756023,13.398549176938692,13.398868661013465,13.292441255838463,13.39392093588797,12.643039130370012,13.389590907752492,14.201927707819042,-0.0003194840747724,6.538549176938692,6.538868661013464,6.432441255838463,6.533920935887969,6.538549176938692,6.538868661013464,6.432441255838463,6.533920935887969,False,0.0003194840747724,0.4157798784980253,0.4159191846500108,0.0112840722162938,0.3946678721589265,0.4156579639732198,0.4385693612178147,1.0003775627197715,1.000107865918871,2.078028747433265,0.9127082830280995,670
2026-09-01,jaou8_7340c,2026-09-01,2028-09,call,73.4,6.61,10.0,0.0,0,21,0.0,68.71999999999997,0.0658836579444704,13.193767586138817,13.194063150678502,13.087345875769335,13.189101910375552,12.436255583514422,13.184760054360158,13.999445433282409,-0.0002955645396855,6.5837675861388165,6.584063150678502,6.477345875769335,6.579101910375552,6.5837675861388165,6.584063150678502,6.477345875769335,6.579101910375552,False,0.0002955645396855,0.4157798784980253,0.4159191846500108,0.0112840722162938,0.3946678721589265,0.4156579639732198,0.4385693612178147,1.0003775627197715,1.000107865918871,2.078028747433265,0.9127082830280995,670
2026-09-01,jaou8_7450c,2026-09-01,2028-09,call,74.5,6.21,143.0,0.0,0,21,0.0,68.71999999999997,0.0807588477095143,12.854622485337371,12.854881557112884,12.74770740713893,12.849898999438546,12.09391840765312,12.845538487411442,13.663899527553468,-0.0002590717755097,6.644622485337373,6.644881557112883,6.537707407138931,6.639898999438546,6.644622485337373,6.644881557112883,6.537707407138931,6.639898999438546,False,0.0002590717755097,0.4157798784980253,0.4159191846500108,0.0112840722162938,0.3946678721589265,0.4156579639732198,0.4385693612178147,1.0003775627197715,1.000107865918871,2.078028747433265,0.9127082830280995,670
2026-09-01,jaou8_7500c,2026-09-01,2028-09,call,75.0,6.03,305.0,40.0,0,21,0.0,68.71999999999997,0.0874478358603109,12.703530877825276,12.703777886832196,12.596418775380547,12.69878671071294,11.941542763637909,12.69441865620762,13.514247988044684,-0.0002470090069195,6.673530877825276,6.673777886832196,6.566418775380549,6.668786710712941,6.673530877825276,6.673777886832196,6.566418775380549,6.668786710712941,True,0.0002470090069195,0.4157798784980253,0.4159191846500108,0.0112840722162938,0.3946678721589265,0.4156579639732198,0.4385693612178147,1.0003775627197715,1.000107865918871,2.078028747433265,0.9127082830280995,670
2026-09-01,jaou8_7560c,2026-09-01,2028-09,call,75.6,5.83,12.0,0.0,0,21,0.0,68.71999999999997,0.0954160055094876,12.524708199570547,12.524930610439217,12.417363167380907,12.519929664409544,11.7613218492351,12.515553059714808,13.337055191141232,-0.0002224108686679,6.694708199570549,6.694930610439217,6.587363167380907,6.689929664409544,6.694708199570549,6.694930610439217,6.587363167380907,6.689929664409544,False,0.0002224108686679,0.4157798784980253,0.4159191846500108,0.0112840722162938,0.3946678721589265,0.4156579639732198,0.4385693612178147,1.0003775627197715,1.000107865918871,2.078028747433265,0.9127082830280995,670
2026-09-01,jaou8_7670c,2026-09-01,2028-09,call,76.7,5.49,6.0,0.0,0,21,0.0,68.71999999999997,0.1098614306972109,12.203738137411074,12.203915454809527,12.0960321149371,12.19889972079588,11.438215816560602,12.19451017431779,13.018618635054947,-0.0001773173984531,6.713738137411074,6.713915454809527,6.606032114937101,6.7088997207958805,6.713738137411074,6.713915454809527,6.606032114937101,6.7088997207958805,False,0.0001773173984531,0.4157798784980253,0.4159191846500108,0.0112840722162938,0.3946678721589265,0.4156579639732198,0.4385693612178147,1.0003775627197715,1.000107865918871,2.078028747433265,0.9127082830280995,670
2026-09-01,jaou8_7925c,2026-09-01,2028-09,call,79.25,4.78,6.0,0.0,0,21,0.0,68.71999999999997,0.1425671350813905,11.49223137965874,11.492290764838852,11.383938442606476,11.487252976480908,10.72364587051424,11.482844129025317,12.31107106275226,-5.938518011205929e-05,6.71223137965874,6.712290764838852,6.603938442606476,6.707252976480906,6.71223137965874,6.712290764838852,6.603938442606476,6.707252976480906,False,5.938518011205929e-05,0.4157798784980253,0.4159191846500108,0.0112840722162938,0.3946678721589265,0.4156579639732198,0.4385693612178147,1.0003775627197715,1.000107865918871,2.078028747433265,0.9127082830280995,670
2026-09-01,jaou8_8000c,2026-09-01,2028-09,call,80.0,4.59,250.0,0.0,0,21,0.0,68.71999999999997,0.1519863569978821,11.291147845454748,11.291167466929435,11.182742558037292,11.286126207852217,10.52214341479386,11.281714322978068,12.110662050878531,-1.962147469036779e-05,6.701147845454747,6.701167466929437,6.592742558037292,6.696126207852215,6.701147845454747,6.701167466929437,6.592742558037292,6.696126207852215,False,1.962147469036779e-05,0.4157798784980253,0.4159191846500108,0.0112840722162938,0.3946678721589265,0.4156579639732198,0.4385693612178147,1.0003775627197715,1.000107865918871,2.078028747433265,0.9127082830280995,670
2026-09-01,jaou8_5000p,2026-09-01,2028-09,put,50.0,3.0,60.0,0.0,0,21,0.0,68.71999999999997,-0.3180172722478534,5.801897509580052,5.801076354001922,5.725669932958443,5.797568017497644,5.268888525778452,5.794497678021028,6.374665236817033,0.0008211555781301,2.801897509580052,2.801076354001922,2.725669932958443,2.7975680174976443,2.801897509580052,2.801076354001922,2.725669932958443,2.7975680174976443,False,0.0008211555781301,0.4157798784980253,0.4159191846500108,0.0112840722162938,0.3946678721589265,0.4156579639732198,0.4385693612178147,1.0003775627197715,1.000107865918871,2.078028747433265,0.9127082830280995,670
2026-09-01,jaou8_5500p,2026-09-01,2028-09,put,55.0,4.15,78.0,0.0,0,21,0.0,68.71999999999997,-0.2227070924435286,7.798935782949714,7.79877426414845,7.713521529738419,7.7948101124234785,7.194656970504127,7.791340863815872,8.44396297183197,0.0001615188012635,3.6489357829497138,3.64877426414845,3.563521529738419,3.644810112423478,3.6489357829497138,3.64877426414845,3.563521529738419,3.644810112423478,False,0.0001615188012635,0.4157798784980253,0.4159191846500108,0.0112840722162938,0.3946678721589265,0.4156579639732198,0.4385693612178147,1.0003775627197715,1.000107865918871,2.078028747433265,0.9127082830280995,670
2026-09-01,jaou8_5700p,2026-09-01,2028-09,put,57.0,4.69,14.0,0.0,0,21,0.0,68.71999999999997,-0.1869890098414494,8.676177661460526,8.676151485738293,8.587564214088765,8.672032461827913,8.04812230460629,8.668427675998005,9.34568190482958,2.6175722233290344e-05,3.986177661460526,3.9861514857382927,3.897564214088765,3.982032461827912,3.986177661460526,3.9861514857382927,3.897564214088765,3.982032461827912,False,2.6175722233290344e-05,0.4157798784980253,0.4159191846500108,0.0112840722162938,0.3946678721589265,0.4156579639732198,0.4385693612178147,1.0003775627197715,1.000107865918871,2.078028747433265,0.9127082830280995,670
2026-09-01,jaou8_5740p,2026-09-01,2028-09,put,57.4,4.8,9.0,0.0,0,21,0.0,68.71999999999997,-0.1799959743504788,8.856771814895383,8.85681200022053,8.767602305751927,8.852664160860629,8.224162266582033,8.849034157035781,9.530814350855886,-4.01853251474904e-05,4.056771814895384,4.056812000220531,3.967602305751927,4.052664160860629,4.056771814895384,4.056812000220531,3.967602305751927,4.052664160860629,False,4.01853251474904e-05,0.4157798784980253,0.4159191846500108,0.0112840722162938,0.3946678721589265,0.4156579639732198,0.4385693612178147,1.0003775627197715,1.000107865918871,2.078028747433265,0.9127082830280995,670
2026-09-01,jaou8_6165p,2026-09-01,2028-09,put,61.65,6.06,10.0,0.0,0,21,0.0,68.71999999999997,-0.1085670480656461,10.876796098190702,10.877093396353484,10.782021068460336,10.872673561573404,10.201835587170535,10.868805519500228,11.594472488840944,-0.0002972981627831,4.816796098190703,4.817093396353486,4.722021068460337,4.812673561573406,4.816796098190703,4.817093396353486,4.722021068460337,4.812673561573406,False,0.0002972981627831,0.4157798784980253,0.4159191846500108,0.0112840722162938,0.3946678721589265,0.4156579639732198,0.4385693612178147,1.0003775627197715,1.000107865918871,2.078028747433265,0.9127082830280995,670
2026-09-01,jaou8_6200p,2026-09-01,2028-09,put,62.0,6.17,35.0,0.0,0,21,0.0,68.71999999999997,-0.102905892630908,11.051144474978129,11.05143905670919,10.955940775547369,11.046999375092184,10.373159195494804,11.043113963953406,11.771999723917013,-0.0002945817310617,4.881144474978129,4.881439056709191,4.785940775547367,4.8769993750921845,4.881144474978129,4.881439056709191,4.785940775547367,4.8769993750921845,False,0.0002945817310617,0.4157798784980253,0.4159191846500108,0.0112840722162938,0.3946678721589265,0.4156579639732198,0.4385693612178147,1.0003775627197715,1.000107865918871,2.078028747433265,0.9127082830280995,670
2026-09-01,jaou8_6250p,2026-09-01,2028-09,put,62.5,6.33,7.0,0.0,0,21,0.0,68.71999999999997,-0.0948737209336436,11.302284621359837,11.302613088320896,11.206506944789036,11.298145339262176,10.620007412330487,11.294235364751502,12.02766357939802,-0.0003284669610614,4.972284621359835,4.972613088320896,4.876506944789037,4.968145339262177,4.972284621359835,4.972613088320896,4.876506944789037,4.968145339262177,False,0.0003284669610614,0.4157798784980253,0.4159191846500108,0.0112840722162938,0.3946678721589265,0.4156579639732198,0.4385693612178147,1.0003775627197715,1.000107865918871,2.078028747433265,0.9127082830280995,670
2026-09-01,jaou8_6500p,2026-09-01,2028-09,put,65.0,7.18,42.0,20.0,0,21,0.0,68.71999999999997,-0.0556530077803624,12.594097420473158,12.594460074384497,12.495575343953057,12.589863183029582,11.891969102006572,12.585840188946918,13.340356185796052,-0.0003626539113383,5.414097420473159,5.414460074384497,5.315575343953057,5.409863183029582,5.414097420473159,5.414460074384497,5.315575343953057,5.409863183029582,True,0.0003626539113383,0.4157798784980253,0.4159191846500108,0.0112840722162938,0.3946678721589265,0.4156579639732198,0.4385693612178147,1.0003775627197715,1.000107865918871,2.078028747433265,0.9127082830280995,670
2026-09-01,jaou8_6750p,2026-09-01,2028-09,put,67.5,8.13,12.0,0.0,0,21,0.0,68.71999999999997,-0.0179126797975153,13.945925835522976,13.946402028197657,13.845151820471692,13.941695375509203,13.226856167398992,13.937576323207791,14.70962326709399,-0.0004761926746805,5.815925835522975,5.816402028197656,5.715151820471691,5.8116953755092045,5.815925835522975,5.816402028197656,5.715151820471691,5.8116953755092045,False,0.0004761926746805,0.4157798784980253,0.4159191846500108,0.0112840722162938,0.3946678721589265,0.4156579639732198,0.4385693612178147,1.0003775627197715,1.000107865918871,2.078028747433265,0.9127082830280995,670
2026-09-01,jaou8_7000p,2026-09-01,2028-09,put,70.0,9.21,37.0,0.0,0,21,0.0,68.71999999999997,0.0184549643733595,15.353306447826949,15.353774364320818,15.250673557344086,15.348981650844028,14.621024094798942,15.3447872819829,16.131065038563566,-0.0004679164938696,6.143306447826948,6.143774364320818,6.0406735573440855,6.138981650844027,6.143306447826948,6.143774364320818,6.0406735573440855,6.138981650844027,False,0.0004679164938696,0.4157798784980253,0.4159191846500108,0.0112840722162938,0.3946678721589265,0.4156579639732198,0.4385693612178147,1.0003775627197715,1.000107865918871,2.078028747433265,0.9127082830280995,670
2026-09-01,jaou8_7450p,2026-09-01,2028-09,put,74.5,11.51,143.0,0.0,0,21,0.0,68.71999999999997,0.0807588477095143,18.014221912586247,18.01459934199893,17.909217852307435,18.009700398496037,17.26598856872637,18.005413061858775,18.809522802822443,-0.0003774294126834,6.504221912586248,6.504599341998931,6.399217852307436,6.499700398496037,6.504221912586248,6.504599341998931,6.399217852307436,6.499700398496037,False,0.0003774294126834,0.4157798784980253,0.4159191846500108,0.0112840722162938,0.3946678721589265,0.4156579639732198,0.4385693612178147,1.0003775627197715,1.000107865918871,2.078028747433265,0.9127082830280995,670
2026-09-02,jaou8_6151c,2026-09-02,2028-09,call,61.51,12.28,9.0,0.0,0,21,0.0,68.44999999999997,-0.1069037885141807,17.325588613046506,17.325766826697038,17.252780513465787,17.314553094027616,16.6363823467374,17.313812186145146,18.062250950721605,-0.0001782136505319,5.045588613046506,5.045766826697038,4.972780513465787,5.034553094027617,5.045588613046506,5.045766826697038,4.972780513465787,5.034553094027617,False,0.0001782136505319,0.4155013881265643,0.4158493749372105,0.0112957926776547,0.3944762746392578,0.4154783961239365,0.4387269583799846,1.0008094290657623,1.0001094560990162,2.0752908966461328,0.9128360195832914,671
2026-09-02,jaou8_6500c,2026-09-02,2028-09,call,65.0,10.25,30.0,0.0,0,21,0.0,68.44999999999997,-0.0517162818388204,15.934732616975507,15.934975789060385,15.859012259849248,15.923304632216215,15.217281878024826,15.922533501642812,16.701208601841554,-0.0002431720848772,5.684732616975508,5.684975789060385,5.609012259849248,5.673304632216215,5.684732616975508,5.684975789060385,5.609012259849248,5.673304632216215,False,0.0002431720848772,0.4155013881265643,0.4158493749372105,0.0112957926776547,0.3944762746392578,0.4154783961239365,0.4387269583799846,1.0008094290657623,1.0001094560990162,2.0752908966461328,0.9128360195832914,671
2026-09-02,jaou8_6570c,2026-09-02,2028-09,call,65.7,9.86,14.0,0.0,0,21,0.0,68.44999999999997,-0.0410046262438926,15.670074096404822,15.670382367997862,15.593883154973108,15.658628907844822,14.947515695497174,15.65785233937022,16.44172120532207,-0.00030827159304,5.810074096404822,5.810382367997862,5.733883154973109,5.798628907844822,5.810074096404822,5.810382367997862,5.733883154973109,5.798628907844822,False,0.00030827159304,0.4155013881265643,0.4158493749372105,0.0112957926776547,0.3944762746392578,0.4154783961239365,0.4387269583799846,1.0008094290657623,1.0001094560990162,2.0752908966461328,0.9128360195832914,671
2026-09-02,jaou8_6600c,2026-09-02,2028-09,call,66.0,9.7,15.0,0.0,0,21,0.0,68.44999999999997,-0.0364488097080319,15.558063121364809,15.558376817486392,15.481672498487306,15.546591844526866,14.833455827516389,15.54581319395459,16.331882707752385,-0.0003136961215837,5.858063121364809,5.858376817486393,5.781672498487307,5.846591844526866,5.858063121364809,5.858376817486393,5.781672498487307,5.846591844526866,False,0.0003136961215837,0.4155013881265643,0.4158493749372105,0.0112957926776547,0.3944762746392578,0.4154783961239365,0.4387269583799846,1.0008094290657623,1.0001094560990162,2.0752908966461328,0.9128360195832914,671
2026-09-02,jaou8_6650c,2026-09-02,2028-09,call,66.5,9.43,30.0,0.0,0,21,0.0,68.44999999999997,-0.0289016040726491,15.373230722769886,15.373523417417768,15.296461339110117,15.3616834777519,14.645370568377276,15.36090119544814,16.150563966074337,-0.0002926946478805,5.943230722769886,5.943523417417767,5.866461339110115,5.9316834777519,5.943230722769886,5.943523417417767,5.866461339110115,5.9316834777519,False,0.0002926946478805,0.4155013881265643,0.4158493749372105,0.0112957926776547,0.3944762746392578,0.4154783961239365,0.4387269583799846,1.0008094290657623,1.0001094560990162,2.0752908966461328,0.9128360195832914,671
2026-09-02,jaou8_6775c,2026-09-02,2028-09,call,67.75,8.78,6.0,0.0,0,21,0.0,68.44999999999997,-0.0102790919746472,14.921080231887329,14.921420470490494,14.843577673130358,14.909460579913874,14.185666885077891,14.90867037227625,15.706213553674583,-0.000340238603167,6.141080231887328,6.141420470490495,6.063577673130359,6.129460579913875,6.141080231887328,6.141420470490495,6.063577673130359,6.129460579913875,False,0.000340238603167,0.4155013881265643,0.4158493749372105,0.0112957926776547,0.3944762746392578,0.4154783961239365,0.4387269583799846,1.0008094290657623,1.0001094560990162,2.0752908966461328,0.9128360195832914,671
2026-09-02,jaou8_7000c,2026-09-02,2028-09,call,70.0,7.7,8.0,0.0,0,21,0.0,68.44999999999997,0.0223916903149014,14.141499843281103,14.141846929166851,14.062778834634791,14.129698781993644,13.394551331339382,14.128896135964588,14.93899170699182,-0.0003470858857479,6.441499843281105,6.441846929166853,6.362778834634793,6.429698781993644,6.441499843281105,6.441846929166853,6.362778834634793,6.429698781993644,False,0.0003470858857479,0.4155013881265643,0.4158493749372105,0.0112957926776547,0.3944762746392578,0.4154783961239365,0.4387269583799846,1.0008094290657623,1.0001094560990162,2.0752908966461328,0.9128360195832914,671
2026-09-02,jaou8_7110c,2026-09-02,2028-09,call,71.1,7.22,7.0,0.0,0,21,0.0,68.44999999999997,0.0379837850747374,13.775697762519382,13.776020915156089,13.696462628790956,13.763797454133892,13.024142940927293,13.76298983200758,14.578220766449288,-0.0003231526367066,6.555697762519382,6.556020915156089,6.476462628790956,6.543797454133892,6.555697762519382,6.556020915156089,6.476462628790956,6.543797454133892,False,0.0003231526367066,0.4155013881265643,0.4158493749372105,0.0112957926776547,0.3944762746392578,0.4154783961239365,0.4387269583799846,1.0008094290657623,1.0001094560990162,2.0752908966461328,0.9128360195832914,671
2026-09-02,jaou8_7275c,2026-09-02,2028-09,call,72.75,6.55,7.0,0.0,0,21,0.0,68.44999999999997,0.0609253543171444,13.244919948757907,13.245239321446189,13.165056315481031,13.232919877515991,12.487510628133249,13.23210591365716,14.053792198758694,-0.0003193726882795,6.694919948757909,6.695239321446189,6.615056315481032,6.682919877515993,6.694919948757909,6.695239321446189,6.615056315481032,6.682919877515993,False,0.0003193726882795,0.4155013881265643,0.4158493749372105,0.0112957926776547,0.3944762746392578,0.4154783961239365,0.4387269583799846,1.0008094290657623,1.0001094560990162,2.0752908966461328,0.9128360195832914,671
2026-09-02,jaou8_7340c,2026-09-02,2028-09,call,73.4,6.3,10.0,0.0,0,21,0.0,68.44999999999997,0.0698203838860125,13.041494561997052,13.04177660807222,12.961373528428632,13.029423351673792,12.282103214886831,13.028607153775235,13.852667805589755,-0.0002820460751653,6.741494561997054,6.741776608072219,6.661373528428633,6.729423351673792,6.741494561997054,6.741776608072219,6.661373528428633,6.729423351673792,False,0.0002820460751653,0.4155013881265643,0.4158493749372105,0.0112957926776547,0.3944762746392578,0.4154783961239365,0.4387269583799846,1.0008094290657623,1.0001094560990162,2.0752908966461328,0.9128360195832914,671
2026-09-02,jaou8_7450c,2026-09-02,2028-09,call,74.5,5.91,143.0,0.0,0,21,0.0,68.44999999999997,0.0846955736510563,12.704725042555674,12.704977745346918,12.624239257582133,12.69257295631395,11.9422683027578,12.691753353578106,13.519363991228664,-0.0002527027912435,6.794725042555674,6.794977745346918,6.714239257582133,6.782572956313951,6.794725042555674,6.794977745346918,6.714239257582133,6.782572956313951,False,0.0002527027912435,0.4155013881265643,0.4158493749372105,0.0112957926776547,0.3944762746392578,0.4154783961239365,0.4387269583799846,1.0008094290657623,1.0001094560990162,2.0752908966461328,0.9128360195832914,671
2026-09-02,jaou8_7500c,2026-09-02,2028-09,call,75.0,5.74,305.0,0.0,0,21,0.0,68.44999999999997,0.0913845618018529,12.554700750450078,12.554931397341926,12.474060683784144,12.542506292928868,11.79103584331036,12.541685347925853,13.370761318697353,-0.0002306468918487,6.814700750450077,6.814931397341926,6.734060683784144,6.802506292928868,6.814700750450077,6.814931397341926,6.734060683784144,6.802506292928868,False,0.0002306468918487,0.4155013881265643,0.4158493749372105,0.0112957926776547,0.3944762746392578,0.4154783961239365,0.4387269583799846,1.0008094290657623,1.0001094560990162,2.0752908966461328,0.9128360195832914,671
2026-09-02,jaou8_7560c,2026-09-02,2028-09,call,75.6,5.54,12.0,0.0,0,21,0.0,68.44999999999997,0.0993527314510297,12.377173204244505,12.377388052915483,12.296370795348444,12.364940433248927,11.612175065267094,12.364118000629857,13.194756192087729,-0.0002148486709803,6.837173204244503,6.837388052915483,6.756370795348443,6.824940433248929,6.837173204244503,6.837388052915483,6.756370795348443,6.824940433248929,False,0.0002148486709803,0.4155013881265643,0.4158493749372105,0.0112957926776547,0.3944762746392578,0.4154783961239365,0.4387269583799846,1.0008094290657623,1.0001094560990162,2.0752908966461328,0.9128360195832914,671
2026-09-02,jaou8_7670c,2026-09-02,2028-09,call,76.7,5.21,6.0,0.0,0,21,0.0,68.44999999999997,0.113798156638753,12.058510174455314,12.058680040690357,11.977438016860171,12.04619788757943,11.29151233618461,12.045373173284672,12.878502149594029,-0.0001698662350424,6.848510174455314,6.848680040690357,6.767438016860171,6.83619788757943,6.848510174455314,6.848680040690357,6.767438016860171,6.83619788757943,False,0.0001698662350424,0.4155013881265643,0.4158493749372105,0.0112957926776547,0.3944762746392578,0.4154783961239365,0.4387269583799846,1.0008094290657623,1.0001094560990162,2.0752908966461328,0.9128360195832914,671
2026-09-02,jaou8_7925c,2026-09-02,2028-09,call,79.25,4.52,6.0,0.0,0,21,0.0,68.44999999999997,0.1465038610229325,11.352151596607316,11.3521927972876,11.270622224310452,11.339660165365787,10.582403714563675,11.338832115861427,12.175841987424114,-4.120068028257151e-05,6.832151596607318,6.8321927972876,6.750622224310453,6.819660165365788,6.832151596607318,6.8321927972876,6.750622224310453,6.819660165365788,False,4.120068028257151e-05,0.4155013881265643,0.4158493749372105,0.0112957926776547,0.3944762746392578,0.4154783961239365,0.4387269583799846,1.0008094290657623,1.0001094560990162,2.0752908966461328,0.9128360195832914,671
2026-09-02,jaou8_8000c,2026-09-02,2028-09,call,80.0,4.33,250.0,0.0,0,21,0.0,68.44999999999997,0.155923082939424,11.15250852225001,11.152506629586943,11.070888020056984,11.139966617253137,10.382414314575044,11.139138080114057,11.976821189759566,1.8926630662718933e-06,6.8225085222500095,6.822506629586943,6.740888020056985,6.809966617253137,6.8225085222500095,6.822506629586943,6.740888020056985,6.809966617253137,False,1.8926630662718933e-06,0.4155013881265643,0.4158493749372105,0.0112957926776547,0.3944762746392578,0.4154783961239365,0.4387269583799846,1.0008094290657623,1.0001094560990162,2.0752908966461328,0.9128360195832914,671
2026-09-02,jaou8_5000p,2026-09-02,2028-09,put,50.0,2.93,60.0,0.0,0,21,0.0,68.44999999999997,-0.3140805463063114,5.843915100002312,5.8431188667138105,5.786025030344027,5.834346879340041,5.307334592585957,5.833767301176218,6.423022221349144,0.0007962332885016,2.913915100002312,2.9131188667138104,2.856025030344027,2.9043468793400407,2.913915100002312,2.9131188667138104,2.856025030344027,2.9043468793400407,False,0.0007962332885016,0.4155013881265643,0.4158493749372105,0.0112957926776547,0.3944762746392578,0.4154783961239365,0.4387269583799846,1.0008094290657623,1.0001094560990162,2.0752908966461328,0.9128360195832914,671
2026-09-02,jaou8_5500p,2026-09-02,2028-09,put,55.0,4.06,78.0,0.0,0,21,0.0,68.44999999999997,-0.2187703665019866,7.852126791031566,7.851971724175856,7.7875319769468865,7.842071099432401,7.244473319424329,7.841416950530333,8.5034589034257,0.0001550668557097,3.792126791031566,3.791971724175856,3.727531976946887,3.782071099432401,3.792126791031566,3.791971724175856,3.727531976946887,3.782071099432401,False,0.0001550668557097,0.4155013881265643,0.4158493749372105,0.0112957926776547,0.3944762746392578,0.4154783961239365,0.4387269583799846,1.0008094290657623,1.0001094560990162,2.0752908966461328,0.9128360195832914,671
2026-09-02,jaou8_5700p,2026-09-02,2028-09,put,57.0,4.59,14.0,0.0,0,21,0.0,68.44999999999997,-0.1830522838999074,8.733862747274934,8.733872693041121,8.66694029576689,8.723589093599966,8.102467527652577,8.722909640993889,9.409654713321002,-9.945766187513527e-06,4.143862747274934,4.143872693041121,4.0769402957668905,4.133589093599966,4.143862747274934,4.143872693041121,4.0769402957668905,4.133589093599966,False,9.945766187513527e-06,0.4155013881265643,0.4158493749372105,0.0112957926776547,0.3944762746392578,0.4154783961239365,0.4387269583799846,1.0008094290657623,1.0001094560990162,2.0752908966461328,0.9128360195832914,671
2026-09-02,jaou8_5740p,2026-09-02,2028-09,put,57.4,4.7,9.0,0.0,0,21,0.0,68.44999999999997,-0.1760592484089368,8.91535635432659,8.915433736196706,8.848031531052358,8.90507795473089,8.279411555385837,8.904393732951817,9.595702470584198,-7.73818701151896e-05,4.21535635432659,4.215433736196705,4.148031531052358,4.20507795473089,4.21535635432659,4.215433736196705,4.148031531052358,4.20507795473089,False,7.73818701151896e-05,0.4155013881265643,0.4158493749372105,0.0112957926776547,0.3944762746392578,0.4154783961239365,0.4387269583799846,1.0008094290657623,1.0001094560990162,2.0752908966461328,0.9128360195832914,671
2026-09-02,jaou8_6165p,2026-09-02,2028-09,put,61.65,5.96,10.0,0.0,0,21,0.0,68.44999999999997,-0.1046303221241042,10.94502530732408,10.945317614510296,10.87355458898629,10.934291829700127,10.26707008401942,10.93356333981036,11.668925565141004,-0.0002923071862159,4.98502530732408,4.985317614510296,4.9135545889862895,4.974291829700129,4.98502530732408,4.985317614510296,4.9135545889862895,4.974291829700129,False,0.0002923071862159,0.4155013881265643,0.4158493749372105,0.0112957926776547,0.3944762746392578,0.4154783961239365,0.4387269583799846,1.0008094290657623,1.0001094560990162,2.0752908966461328,0.9128360195832914,671
2026-09-02,jaou8_6200p,2026-09-02,2028-09,put,62.0,6.07,35.0,0.0,0,21,0.0,68.44999999999997,-0.098969166689366,11.12018108764007,11.120488145561724,11.048398221210316,11.109412135498385,10.439193968100934,11.108680327151944,11.847279969252153,-0.0003070579216544,5.05018108764007,5.050488145561724,4.978398221210316,5.039412135498383,5.05018108764007,5.050488145561724,4.978398221210316,5.039412135498383,False,0.0003070579216544,0.4155013881265643,0.4158493749372105,0.0112957926776547,0.3944762746392578,0.4154783961239365,0.4387269583799846,1.0008094290657623,1.0001094560990162,2.0752908966461328,0.9128360195832914,671
2026-09-02,jaou8_6250p,2026-09-02,2028-09,put,62.5,6.23,7.0,0.0,0,21,0.0,68.44999999999997,-0.0909369949921016,11.37248334660192,11.372813245816376,11.300283117722753,11.361669602153434,10.687217567830952,11.36093332515516,12.10403979969015,-0.0003298992144546,5.142483346601921,5.142813245816376,5.070283117722752,5.131669602153433,5.142483346601921,5.142813245816376,5.070283117722752,5.131669602153433,False,0.0003298992144546,0.4155013881265643,0.4158493749372105,0.0112957926776547,0.3944762746392578,0.4154783961239365,0.4387269583799846,1.0008094290657623,1.0001094560990162,2.0752908966461328,0.9128360195832914,671
2026-09-02,jaou8_6500p,2026-09-02,2028-09,put,65.0,7.09,42.0,0.0,0,21,0.0,68.44999999999997,-0.0517162818388204,12.670240694562809,12.67060186987903,12.59598969275531,12.659138336908155,11.965259260778192,12.658380924350764,13.422672383153756,-0.0003611753162235,5.580240694562807,5.580601869879031,5.505989692755311,5.569138336908155,5.580240694562807,5.580601869879031,5.505989692755311,5.569138336908155,False,0.0003611753162235,0.4155013881265643,0.4158493749372105,0.0112957926776547,0.3944762746392578,0.4154783961239365,0.4387269583799846,1.0008094290657623,1.0001094560990162,2.0752908966461328,0.9128360195832914,671
2026-09-02,jaou8_6750p,2026-09-02,2028-09,put,67.5,8.04,12.0,0.0,0,21,0.0,68.44999999999997,-0.0139759538559733,14.02801948262342,14.028491826828882,13.952150260243588,14.016762587724283,13.306460572518985,14.015987619570137,14.797594463403367,-0.0004723442054608,5.988019482623422,5.9884918268288825,5.912150260243589,5.976762587724284,5.988019482623422,5.9884918268288825,5.912150260243589,5.976762587724284,False,0.0004723442054608,0.4155013881265643,0.4158493749372105,0.0112957926776547,0.3944762746392578,0.4154783961239365,0.4387269583799846,1.0008094290657623,1.0001094560990162,2.0752908966461328,0.9128360195832914,671
2026-09-02,jaou8_7000p,2026-09-02,2028-09,put,70.0,9.12,37.0,0.0,0,21,0.0,68.44999999999997,0.0223916903149014,15.441188018784858,15.441653107901953,15.36393636545731,15.429712584602038,14.706708812009207,15.428923656588994,16.22463558622048,-0.0004650891170943,6.321188018784859,6.321653107901954,6.24393636545731,6.309712584602039,6.321188018784859,6.321653107901954,6.24393636545731,6.309712584602039,False,0.0004650891170943,0.4155013881265643,0.4158493749372105,0.0112957926776547,0.3944762746392578,0.4154783961239365,0.4387269583799846,1.0008094290657623,1.0001094560990162,2.0752908966461328,0.9128360195832914,671
2026-09-02,jaou8_7450p,2026-09-02,2028-09,put,74.5,11.45,143.0,0.0,0,21,0.0,68.44999999999997,0.0846955736510563,18.11217530618424,18.11254601220683,18.03315887652946,18.10034884704716,17.362187871552436,18.099542962327327,18.912769958582132,-0.0003707060225934,6.662175306184238,6.662546012206832,6.58315887652946,6.650348847047159,6.662175306184238,6.662546012206832,6.58315887652946,6.650348847047159,False,0.0003707060225934,0.4155013881265643,0.4158493749372105,0.0112957926776547,0.3944762746392578,0.4154783961239365,0.4387269583799846,1.0008094290657623,1.0001094560990162,2.0752908966461328,0.9128360195832914,671
2026-09-03,jaou8_6151c,2026-09-03,2028-09,call,61.51,11.79,9.0,0.0,0,21,0.0,67.75333333333336,-0.0966738958212342,16.888305520873278,16.888504552532087,16.794173081493568,16.880565031988567,16.201074677923643,16.87823880747653,17.62735225781721,-0.0001990316588091,5.098305520873279,5.098504552532088,5.004173081493569,5.090565031988568,5.098305520873279,5.098504552532088,5.004173081493569,5.090565031988568,False,0.0001990316588091,0.4151956511813466,0.415442454433504,0.0114094380811017,0.3940924821798414,0.4151233395383864,0.4384371298521829,1.000737044725451,1.0003390044672391,2.0725530458590007,0.9138817783758811,672
2026-09-03,jaou8_6500c,2026-09-03,2028-09,call,65.0,9.79,30.0,0.0,0,21,0.0,67.75333333333336,-0.0414863891458739,15.517101220794048,15.5174060660415,15.41934191740926,15.509153103968226,14.802506280888318,15.506735043259583,16.285007524460603,-0.0003048452474523,5.727101220794049,5.727406066041501,5.62934191740926,5.719153103968226,5.727101220794049,5.727406066041501,5.62934191740926,5.719153103968226,False,0.0003048452474523,0.4151956511813466,0.415442454433504,0.0114094380811017,0.3940924821798414,0.4151233395383864,0.4384371298521829,1.000737044725451,1.0003390044672391,2.0725530458590007,0.9138817783758811,672
2026-09-03,jaou8_6570c,2026-09-03,2028-09,call,65.7,9.41,14.0,0.0,0,21,0.0,67.75333333333336,-0.0307747335509461,15.25640850948504,15.256695979252877,15.158006424475657,15.24838999489655,14.537132765170504,15.245956399026326,16.029356782503495,-0.0002874697678336,5.846408509485041,5.846695979252875,5.748006424475657,5.83838999489655,5.846408509485041,5.846695979252875,5.748006424475657,5.83838999489655,False,0.0002874697678336,0.4151956511813466,0.415442454433504,0.0114094380811017,0.3940924821798414,0.4151233395383864,0.4384371298521829,1.000737044725451,1.0003390044672391,2.0725530458590007,0.9138817783758811,672
2026-09-03,jaou8_6600c,2026-09-03,2028-09,call,66.0,9.25,15.0,0.0,0,21,0.0,67.75333333333336,-0.0262189170150854,15.146094501083557,15.14640030888495,15.047433697076851,15.138071472171069,14.424888156293834,15.13563118071841,15.921077479596,-0.0003058078013928,5.896094501083557,5.8964003088849495,5.797433697076851,5.8880714721710685,5.896094501083557,5.8964003088849495,5.797433697076851,5.8880714721710685,False,0.0003058078013928,0.4151956511813466,0.415442454433504,0.0114094380811017,0.3940924821798414,0.4151233395383864,0.4384371298521829,1.000737044725451,1.0003390044672391,2.0725530458590007,0.9138817783758811,672
2026-09-03,jaou8_6650c,2026-09-03,2028-09,call,66.5,8.99,30.0,0.0,0,21,0.0,67.75333333333336,-0.0186717113797025,14.964091704987524,14.964444239448747,14.865053648359853,14.956079776925575,14.239729387242274,14.95362904735762,15.742236690555654,-0.0003525344612231,5.974091704987524,5.974444239448747,5.875053648359852,5.966079776925575,5.974091704987524,5.974444239448747,5.875053648359852,5.966079776925575,False,0.0003525344612231,0.4151956511813466,0.415442454433504,0.0114094380811017,0.3940924821798414,0.4151233395383864,0.4384371298521829,1.000737044725451,1.0003390044672391,2.0725530458590007,0.9138817783758811,672
2026-09-03,jaou8_6775c,2026-09-03,2028-09,call,67.75,8.36,6.0,0.0,0,21,0.0,67.75333333333336,-4.919928170080811e-05,14.51872955804738,14.519055668144466,14.418716635900552,14.510611261241104,13.78742151573565,14.50813710852363,15.30446620484185,-0.0003261100970863,6.15872955804738,6.159055668144466,6.058716635900554,6.150611261241105,6.15872955804738,6.159055668144466,6.058716635900554,6.150611261241105,False,0.0003261100970863,0.4151956511813466,0.415442454433504,0.0114094380811017,0.3940924821798414,0.4151233395383864,0.4384371298521829,1.000737044725451,1.0003390044672391,2.0725530458590007,0.9138817783758811,672
2026-09-03,jaou8_7000c,2026-09-03,2028-09,call,70.0,7.32,8.0,0.0,0,21,0.0,67.75333333333336,0.0326215830078478,13.751435928756775,13.751783154419885,13.6499794603259,13.743215700341118,13.009420205422494,13.740705495653753,14.548609503765723,-0.0003472256631091,6.431435928756775,6.431783154419884,6.3299794603259,6.423215700341117,6.431435928756775,6.431783154419884,6.3299794603259,6.423215700341117,False,0.0003472256631091,0.4151956511813466,0.415442454433504,0.0114094380811017,0.3940924821798414,0.4151233395383864,0.4384371298521829,1.000737044725451,1.0003390044672391,2.0725530458590007,0.9138817783758811,672
2026-09-03,jaou8_7110c,2026-09-03,2028-09,call,71.1,6.85,7.0,0.0,0,21,0.0,67.75333333333336,0.0482136777676841,13.391482499782365,13.391817748248656,13.289420144864982,13.38320023071508,12.645198023605571,13.380675357782309,14.193317287135462,-0.0003352484662926,6.541482499782365,6.541817748248658,6.439420144864982,6.53320023071508,6.541482499782365,6.541817748248658,6.439420144864982,6.53320023071508,False,0.0003352484662926,0.4151956511813466,0.415442454433504,0.0114094380811017,0.3940924821798414,0.4151233395383864,0.4384371298521829,1.000737044725451,1.0003390044672391,2.0725530458590007,0.9138817783758811,672
2026-09-03,jaou8_7275c,2026-09-03,2028-09,call,72.75,6.21,7.0,0.0,0,21,0.0,67.75333333333336,0.0711552470100907,12.869222542330665,12.869502917939377,12.766368678379932,12.860823062948066,12.11768042179917,12.858279925572074,13.677031431421607,-0.0002803756087139,6.659222542330663,6.659502917939377,6.5563686783799335,6.650823062948066,6.659222542330663,6.659502917939377,6.5563686783799335,6.650823062948066,False,0.0002803756087139,0.4151956511813466,0.415442454433504,0.0114094380811017,0.3940924821798414,0.4151233395383864,0.4384371298521829,1.000737044725451,1.0003390044672391,2.0725530458590007,0.9138817783758811,672
2026-09-03,jaou8_7340c,2026-09-03,2028-09,call,73.4,5.98,10.0,0.0,0,21,0.0,67.75333333333336,0.0800502765789589,12.669316927166353,12.669579179299827,12.566187787246974,12.66087756288757,11.915930163152302,12.658328049566007,13.479219470371197,-0.0002622521334743,6.689316927166352,6.689579179299827,6.586187787246974,6.68087756288757,6.689316927166352,6.689579179299827,6.586187787246974,6.68087756288757,False,0.0002622521334743,0.4151956511813466,0.415442454433504,0.0114094380811017,0.3940924821798414,0.4151233395383864,0.4384371298521829,1.000737044725451,1.0003390044672391,2.0725530458590007,0.9138817783758811,672
2026-09-03,jaou8_7450c,2026-09-03,2028-09,call,74.5,5.6,143.0,0.0,0,21,0.0,67.75333333333336,0.0949254663440027,12.338470278539848,12.33869291515073,12.234916238902231,12.32995871208318,11.582390358339053,12.327399651097387,13.151504124862846,-0.0002226366108821,6.7384702785398485,6.738692915150731,6.634916238902232,6.729958712083182,6.7384702785398485,6.738692915150731,6.634916238902232,6.729958712083182,False,0.0002226366108821,0.4151956511813466,0.415442454433504,0.0114094380811017,0.3940924821798414,0.4151233395383864,0.4384371298521829,1.000737044725451,1.0003390044672391,2.0725530458590007,0.9138817783758811,672
2026-09-03,jaou8_7500c,2026-09-03,2028-09,call,75.0,5.44,305.0,0.0,0,21,0.0,67.75333333333336,0.1016144544947993,12.191134172596133,12.191341181630856,12.087418688863067,12.18259459603266,11.43402021631157,12.180031907051177,13.00536444142202,-0.0002070090347245,6.7511341725961325,6.751341181630857,6.647418688863067,6.742594596032661,6.7511341725961325,6.751341181630857,6.647418688863067,6.742594596032661,False,0.0002070090347245,0.4151956511813466,0.415442454433504,0.0114094380811017,0.3940924821798414,0.4151233395383864,0.4384371298521829,1.000737044725451,1.0003390044672391,2.0725530458590007,0.9138817783758811,672
2026-09-03,jaou8_7560c,2026-09-03,2028-09,call,75.6,5.26,12.0,0.0,0,21,0.0,67.75333333333336,0.109582624143976,12.016741517145082,12.016917392993598,11.912832527098807,12.0081569032326,11.258517063451396,12.005590140427746,12.83234784165895,-0.0001758758485159,6.756741517145082,6.756917392993598,6.652832527098807,6.7481569032326,6.756741517145082,6.756917392993598,6.652832527098807,6.7481569032326,False,0.0001758758485159,0.4151956511813466,0.415442454433504,0.0114094380811017,0.3940924821798414,0.4151233395383864,0.4384371298521829,1.000737044725451,1.0003390044672391,2.0725530458590007,0.9138817783758811,672
2026-09-03,jaou8_7670c,2026-09-03,2028-09,call,76.7,4.94,6.0,0.0,0,21,0.0,67.75333333333336,0.1240280493316995,11.703798778063186,11.703924280987962,11.599598587140536,11.695143221179062,10.943942783120187,11.69257043149269,12.521457219041338,-0.0001255029247761,6.763798778063186,6.763924280987962,6.659598587140537,6.755143221179062,6.763798778063186,6.763924280987962,6.659598587140537,6.755143221179062,False,0.0001255029247761,0.4151956511813466,0.415442454433504,0.0114094380811017,0.3940924821798414,0.4151233395383864,0.4384371298521829,1.000737044725451,1.0003390044672391,2.0725530458590007,0.9138817783758811,672
2026-09-03,jaou8_7925c,2026-09-03,2028-09,call,79.25,4.29,6.0,0.0,0,21,0.0,67.75333333333336,0.1567337537158788,11.010153783269322,11.010146264068082,10.905512474839844,11.001338527731525,10.248351142835254,10.998757922007371,11.830688073961038,7.519201240313578e-06,6.720153783269322,6.720146264068082,6.615512474839844,6.711338527731525,6.720153783269322,6.720146264068082,6.615512474839844,6.711338527731525,False,7.519201240313578e-06,0.4151956511813466,0.415442454433504,0.0114094380811017,0.3940924821798414,0.4151233395383864,0.4384371298521829,1.000737044725451,1.0003390044672391,2.0725530458590007,0.9138817783758811,672
2026-09-03,jaou8_8000c,2026-09-03,2028-09,call,80.0,4.11,250.0,0.0,0,21,0.0,67.75333333333336,0.1661529756323705,10.814264153989962,10.814209292177631,10.709542467006042,10.805398502007776,10.052326462388264,10.802817001531622,11.63521766296228,5.4861812328610426e-05,6.7042641539899615,6.704209292177633,6.599542467006041,6.695398502007776,6.7042641539899615,6.704209292177633,6.599542467006041,6.695398502007776,False,5.4861812328610426e-05,0.4151956511813466,0.415442454433504,0.0114094380811017,0.3940924821798414,0.4151233395383864,0.4384371298521829,1.000737044725451,1.0003390044672391,2.0725530458590007,0.9138817783758811,672
2026-09-03,jaou8_5000p,2026-09-03,2028-09,put,50.0,3.01,60.0,0.0,0,21,0.0,67.75333333333336,-0.303850653613365,5.964646025012597,5.963852885701483,5.889671032383819,5.957604058262089,5.426137127954481,5.955773195115969,6.549261798499368,0.0007931393111144,2.9546460250125977,2.953852885701483,2.8796710323838197,2.947604058262089,2.9546460250125977,2.953852885701483,2.8796710323838197,2.947604058262089,False,0.0007931393111144,0.4151956511813466,0.415442454433504,0.0114094380811017,0.3940924821798414,0.4151233395383864,0.4384371298521829,1.000737044725451,1.0003390044672391,2.0725530458590007,0.9138817783758811,672
2026-09-03,jaou8_5500p,2026-09-03,2028-09,put,55.0,4.18,78.0,0.0,0,21,0.0,67.75333333333336,-0.2085404738090401,8.00423011846637,8.00409838658252,7.920567672709908,7.997065393086008,7.396358188426989,7.995004774718074,8.659625438588057,0.0001317318838509,3.824230118466371,3.82409838658252,3.7405676727099086,3.817065393086009,3.824230118466371,3.82409838658252,3.7405676727099086,3.817065393086009,False,0.0001317318838509,0.4151956511813466,0.415442454433504,0.0114094380811017,0.3940924821798414,0.4151233395383864,0.4384371298521829,1.000737044725451,1.0003390044672391,2.0725530458590007,0.9138817783758811,672
2026-09-03,jaou8_5700p,2026-09-03,2028-09,put,57.0,4.71,14.0,0.0,0,21,0.0,67.75333333333336,-0.1728223912069608,8.898627647770402,8.898722551041658,8.812055136662977,8.891428321295509,8.2674959535086,8.889291162516349,9.577942176898864,-9.490327125583065e-05,4.188627647770402,4.188722551041658,4.102055136662977,4.181428321295509,4.188627647770402,4.188722551041658,4.102055136662977,4.181428321295509,False,9.490327125583065e-05,0.4151956511813466,0.415442454433504,0.0114094380811017,0.3940924821798414,0.4151233395383864,0.4384371298521829,1.000737044725451,1.0003390044672391,2.0725530458590007,0.9138817783758811,672
2026-09-03,jaou8_5740p,2026-09-03,2028-09,put,57.4,4.83,9.0,0.0,0,21,0.0,67.75333333333336,-0.1658293557159903,9.08263600939923,9.082728684561149,8.995495449585347,9.07538609037439,8.447212903385791,9.073234761149216,9.766495360856853,-9.267516191613367e-05,4.252636009399231,4.252728684561147,4.165495449585347,4.245386090374391,4.252636009399231,4.252728684561147,4.165495449585347,4.245386090374391,False,9.267516191613367e-05,0.4151956511813466,0.415442454433504,0.0114094380811017,0.3940924821798414,0.4151233395383864,0.4384371298521829,1.000737044725451,1.0003390044672391,2.0725530458590007,0.9138817783758811,672
2026-09-03,jaou8_6165p,2026-09-03,2028-09,put,61.65,6.12,10.0,0.0,0,21,0.0,67.75333333333336,-0.0944004294311578,11.139511259418422,11.139840725712531,11.04706968707719,11.132033525194853,10.463397475043044,11.129746069533637,11.865883432162503,-0.0003294662941115,5.0195112594184215,5.019840725712533,4.92706968707719,5.012033525194851,5.0195112594184215,5.019840725712533,4.92706968707719,5.012033525194851,False,0.0003294662941115,0.4151956511813466,0.415442454433504,0.0114094380811017,0.3940924821798414,0.4151233395383864,0.4384371298521829,1.000737044725451,1.0003390044672391,2.0725530458590007,0.9138817783758811,672
2026-09-03,jaou8_6200p,2026-09-03,2028-09,put,62.0,6.23,35.0,0.0,0,21,0.0,67.75333333333336,-0.0887392739964195,11.316951313225143,11.317280245275647,11.22412113162886,11.30944042373701,10.637863501652191,11.307143410342665,12.046357108601686,-0.0003289320505022,5.0869513132251445,5.087280245275647,4.9941211316288605,5.07944042373701,5.0869513132251445,5.087280245275647,4.9941211316288605,5.07944042373701,False,0.0003289320505022,0.4151956511813466,0.415442454433504,0.0114094380811017,0.3940924821798414,0.4151233395383864,0.4384371298521829,1.000737044725451,1.0003390044672391,2.0725530458590007,0.9138817783758811,672
2026-09-03,jaou8_6250p,2026-09-03,2028-09,put,62.5,6.39,7.0,0.0,0,21,0.0,67.75333333333336,-0.0807071022991553,11.572513854865846,11.572911061348268,11.479166911768244,11.565022260785415,10.88934162067246,11.562710896876313,12.306132869097734,-0.0003972064824218,5.182513854865847,5.1829110613482685,5.0891669117682445,5.175022260785416,5.182513854865847,5.1829110613482685,5.0891669117682445,5.175022260785416,False,0.0003972064824218,0.4151956511813466,0.415442454433504,0.0114094380811017,0.3940924821798414,0.4151233395383864,0.4384371298521829,1.000737044725451,1.0003390044672391,2.0725530458590007,0.9138817783758811,672
2026-09-03,jaou8_6500p,2026-09-03,2028-09,put,65.0,7.27,42.0,0.0,0,21,0.0,67.75333333333336,-0.0414863891458739,12.887117508344396,12.887541194763072,12.791200794012452,12.879434003165462,12.184834693004838,12.87705865219625,13.64107372354654,-0.0004236864186761,5.617117508344396,5.6175411947630725,5.521200794012453,5.609434003165463,5.617117508344396,5.6175411947630725,5.521200794012453,5.609434003165463,False,0.0004236864186761,0.4151956511813466,0.415442454433504,0.0114094380811017,0.3940924821798414,0.4151233395383864,0.4384371298521829,1.000737044725451,1.0003390044672391,2.0725530458590007,0.9138817783758811,672
2026-09-03,jaou8_6750p,2026-09-03,2028-09,put,67.5,8.25,12.0,0.0,0,21,0.0,67.75333333333336,-0.0037460611630269,14.261419807409332,14.261875646404922,14.163453683447871,14.2535936890592,13.543786360662962,14.251167132936615,15.03171036738251,-0.0004558389955899,6.011419807409332,6.011875646404922,5.913453683447873,6.003593689059199,6.011419807409332,6.011875646404922,5.913453683447873,6.003593689059199,False,0.0004558389955899,0.4151956511813466,0.415442454433504,0.0114094380811017,0.3940924821798414,0.4151233395383864,0.4384371298521829,1.000737044725451,1.0003390044672391,2.0725530458590007,0.9138817783758811,672
2026-09-03,jaou8_7000p,2026-09-03,2028-09,put,70.0,9.38,37.0,0.0,0,21,0.0,67.75333333333336,0.0326215830078478,15.690861108186528,15.69132717502086,15.5912472288085,15.68290549141776,14.961157509418417,15.680437996469829,16.474084594731067,-0.000466066834333,6.310861108186527,6.31132717502086,6.211247228808499,6.302905491417759,6.310861108186527,6.31132717502086,6.211247228808499,6.302905491417759,False,0.000466066834333,0.4151956511813466,0.415442454433504,0.0114094380811017,0.3940924821798414,0.4151233395383864,0.4384371298521829,1.000737044725451,1.0003390044672391,2.0725530458590007,0.9138817783758811,672
2026-09-03,jaou8_7450p,2026-09-03,2028-09,put,74.5,11.8,143.0,0.0,0,21,0.0,67.75333333333336,0.0949254663440027,18.390363460661064,18.39070493844317,18.28865201007629,18.38211650585129,17.646595665026442,18.37960015460493,19.189447218519653,-0.0003414777821078,6.590363460661063,6.590704938443171,6.488652010076294,6.582116505851289,6.590363460661063,6.590704938443171,6.488652010076294,6.582116505851289,False,0.0003414777821078,0.4151956511813466,0.415442454433504,0.0114094380811017,0.3940924821798414,0.4151233395383864,0.4384371298521829,1.000737044725451,1.0003390044672391,2.0725530458590007,0.9138817783758811,672
2026-09-04,jaou8_6151c,2026-09-04,2028-09,call,61.51,12.25,9.0,0.0,0,21,0.0,68.58333333333334,-0.1088497876687927,17.383033126612297,17.383213375429612,17.287324750203084,17.37126505094534,16.685468471034053,17.377474659894958,18.116866691481423,-0.0001802488173154,5.133033126612297,5.133213375429612,5.037324750203084,5.12126505094534,5.133033126612297,5.133213375429612,5.037324750203084,5.12126505094534,False,0.0001802488173154,0.4148881983544418,0.4152590507049439,0.0113853113580927,0.3936229330666527,0.4150809323296278,0.4380525082320975,1.0008891710752974,1.0001091605769372,2.0698151950718686,0.9134135646070772,673
2026-09-04,jaou8_6500c,2026-09-04,2028-09,call,65.0,10.21,30.0,0.0,0,21,0.0,68.58333333333334,-0.0536622809934325,15.985587825232653,15.985837045156872,15.88601311194444,15.973399723806498,15.25927070356625,15.979863467075962,16.74931261891524,-0.0002492199242194,5.775587825232652,5.775837045156871,5.676013111944439,5.763399723806497,5.775587825232652,5.775837045156871,5.676013111944439,5.763399723806497,False,0.0002492199242194,0.4148881983544418,0.4152590507049439,0.0113853113580927,0.3936229330666527,0.4150809323296278,0.4380525082320975,1.0008891710752974,1.0001091605769372,2.0698151950718686,0.9134135646070772,673
2026-09-04,jaou8_6570c,2026-09-04,2028-09,call,65.7,9.82,14.0,0.0,0,21,0.0,68.58333333333334,-0.0429506253985048,15.71962943472761,15.719924361246449,15.619378668034583,15.707396881646558,14.988089538685118,15.713907480646617,16.488591144964758,-0.000294926518837,5.8996294347276095,5.899924361246447,5.799378668034583,5.887396881646557,5.8996294347276095,5.899924361246447,5.799378668034583,5.887396881646557,False,0.000294926518837,0.4148881983544418,0.4152590507049439,0.0113853113580927,0.3936229330666527,0.4150809323296278,0.4380525082320975,1.0008891710752974,1.0001091605769372,2.0698151950718686,0.9134135646070772,673
2026-09-04,jaou8_6600c,2026-09-04,2028-09,call,66.0,9.65,15.0,0.0,0,21,0.0,68.58333333333334,-0.038394808862644,15.607080831208773,15.607399132673324,15.506575878391342,15.594837530661612,14.873404477979037,15.601365863263908,16.37821263184928,-0.0003183014645529,5.957080831208771,5.957399132673324,5.856575878391341,5.944837530661612,5.957080831208771,5.957399132673324,5.856575878391341,5.944837530661612,False,0.0003183014645529,0.4148881983544418,0.4152590507049439,0.0113853113580927,0.3936229330666527,0.4150809323296278,0.4380525082320975,1.0008891710752974,1.0001091605769372,2.0698151950718686,0.9134135646070772,673
2026-09-04,jaou8_6650c,2026-09-04,2028-09,call,66.5,9.38,30.0,0.0,0,21,0.0,68.58333333333334,-0.0308476032272611,15.421356059727684,15.421645089690848,15.320372886701271,15.409026740015523,14.684343261764177,15.41558456468596,16.19603453878016,-0.000289029963163,6.0413560597276845,6.041645089690848,5.940372886701271,6.029026740015524,6.0413560597276845,6.041645089690848,5.940372886701271,6.029026740015524,False,0.000289029963163,0.4148881983544418,0.4152590507049439,0.0113853113580927,0.3936229330666527,0.4150809323296278,0.4380525082320975,1.0008891710752974,1.0001091605769372,2.0698151950718686,0.9134135646070772,673
2026-09-04,jaou8_6775c,2026-09-04,2028-09,call,67.75,8.73,6.0,0.0,0,21,0.0,68.58333333333334,-0.0122250911292593,14.967062898636824,14.967416906967308,14.86508819893909,14.954668535050278,14.222267192403203,14.961293932983962,15.74962777286646,-0.0003540083304844,6.237062898636824,6.237416906967308,6.135088198939089,6.224668535050277,6.237062898636824,6.237416906967308,6.135088198939089,6.224668535050277,False,0.0003540083304844,0.4148881983544418,0.4152590507049439,0.0113853113580927,0.3936229330666527,0.4150809323296278,0.4380525082320975,1.0008891710752974,1.0001091605769372,2.0698151950718686,0.9134135646070772,673
2026-09-04,jaou8_7000c,2026-09-04,2028-09,call,70.0,7.63,8.0,0.0,0,21,0.0,68.58333333333334,0.0204456911602893,14.18376811177238,14.184117651267847,14.080155510686842,14.171165051240695,13.42715748868774,14.17789658762936,14.978802315738063,-0.0003495394954668,6.5537681117723805,6.554117651267847,6.450155510686842,6.541165051240696,6.5537681117723805,6.554117651267847,6.450155510686842,6.541165051240696,False,0.0003495394954668,0.4148881983544418,0.4152590507049439,0.0113853113580927,0.3936229330666527,0.4150809323296278,0.4380525082320975,1.0008891710752974,1.0001091605769372,2.0698151950718686,0.9134135646070772,673
2026-09-04,jaou8_7110c,2026-09-04,2028-09,call,71.1,7.15,7.0,0.0,0,21,0.0,68.58333333333334,0.0360377859201254,13.81626461514496,13.816603097155868,13.711989296276254,13.803569526739052,13.054933146157271,13.810343143877782,14.616367794727712,-0.0003384820109086,6.666264615144959,6.666603097155868,6.561989296276254,6.653569526739052,6.666264615144959,6.666603097155868,6.561989296276254,6.653569526739052,False,0.0003384820109086,0.4148881983544418,0.4152590507049439,0.0113853113580927,0.3936229330666527,0.4150809323296278,0.4380525082320975,1.0008891710752974,1.0001091605769372,2.0698151950718686,0.9134135646070772,673
2026-09-04,jaou8_7275c,2026-09-04,2028-09,call,72.75,6.47,7.0,0.0,0,21,0.0,68.58333333333334,0.0589793551625321,13.283043069403076,13.28336775731448,13.177912146583292,13.270229060013946,12.515687788793144,13.27705731216354,14.08957106698399,-0.0003246879114033,6.813043069403077,6.81336775731448,6.7079121465832925,6.800229060013947,6.813043069403077,6.81336775731448,6.7079121465832925,6.800229060013947,False,0.0003246879114033,0.4148881983544418,0.4152590507049439,0.0113853113580927,0.3936229330666527,0.4150809323296278,0.4380525082320975,1.0008891710752974,1.0001091605769372,2.0698151950718686,0.9134135646070772,673
2026-09-04,jaou8_7340c,2026-09-04,2028-09,call,73.4,6.22,10.0,0.0,0,21,0.0,68.58333333333334,0.0678743847314004,13.078670628608482,13.078962984020157,12.973228763182682,13.065789176035349,12.309317763786332,13.072635675397724,13.887488931633763,-0.0002923554116751,6.858670628608482,6.858962984020157,6.753228763182682,6.845789176035347,6.858670628608482,6.858962984020157,6.753228763182682,6.845789176035347,False,0.0002923554116751,0.4148881983544418,0.4152590507049439,0.0113853113580927,0.3936229330666527,0.4150809323296278,0.4380525082320975,1.0008891710752974,1.0001091605769372,2.0698151950718686,0.9134135646070772,673
2026-09-04,jaou8_7450c,2026-09-04,2028-09,call,74.5,5.82,143.0,0.0,0,21,0.0,68.58333333333334,0.0827495744964441,12.74028739915462,12.740540687250252,12.634359183384191,12.727310623336246,11.96777843342628,12.734186359209724,13.552629428203918,-0.0002532880956334,6.920287399154619,6.920540687250252,6.814359183384193,6.907310623336246,6.920287399154619,6.920540687250252,6.814359183384193,6.907310623336246,False,0.0002532880956334,0.4148881983544418,0.4152590507049439,0.0113853113580927,0.3936229330666527,0.4150809323296278,0.4380525082320975,1.0008891710752974,1.0001091605769372,2.0698151950718686,0.9134135646070772,673
2026-09-04,jaou8_7500c,2026-09-04,2028-09,call,75.0,5.65,305.0,0.0,0,21,0.0,68.58333333333334,0.0894385626472408,12.58955275485277,12.58979193047858,12.483434276870252,12.576539894793354,11.815789422576618,12.58342704951534,13.403313660920428,-0.0002391756258095,6.93955275485277,6.939791930478579,6.833434276870252,6.926539894793354,6.93955275485277,6.939791930478579,6.833434276870252,6.926539894793354,False,0.0002391756258095,0.4148881983544418,0.4152590507049439,0.0113853113580927,0.3936229330666527,0.4150809323296278,0.4380525082320975,1.0008891710752974,1.0001091605769372,2.0698151950718686,0.9134135646070772,673
2026-09-04,jaou8_7560c,2026-09-04,2028-09,call,75.6,5.46,12.0,0.0,0,21,0.0,68.58333333333334,0.0974067322964175,12.411175237223004,12.411394381127767,12.304838742041428,12.398117496651226,11.636032564079857,12.405017565424645,13.226504689642816,-0.0002191439047631,6.951175237223004,6.951394381127767,6.844838742041428,6.938117496651226,6.951175237223004,6.951394381127767,6.844838742041428,6.938117496651226,False,0.0002191439047631,0.4148881983544418,0.4152590507049439,0.0113853113580927,0.3936229330666527,0.4150809323296278,0.4380525082320975,1.0008891710752974,1.0001091605769372,2.0698151950718686,0.9134135646070772,673
2026-09-04,jaou8_7670c,2026-09-04,2028-09,call,76.7,5.12,6.0,0.0,0,21,0.0,68.58333333333334,0.1118521574841408,12.09101109167552,12.091184707645253,11.98432836371692,12.07786980818087,11.31379467824268,12.084789633549368,12.908793128386156,-0.000173615969734,6.971011091675519,6.971184707645253,6.864328363716921,6.957869808180869,6.971011091675519,6.971184707645253,6.864328363716921,6.957869808180869,False,0.000173615969734,0.4148881983544418,0.4152590507049439,0.0113853113580927,0.3936229330666527,0.4150809323296278,0.4380525082320975,1.0008891710752974,1.0001091605769372,2.0698151950718686,0.9134135646070772,673
2026-09-04,jaou8_7925c,2026-09-04,2028-09,call,79.25,4.42,6.0,0.0,0,21,0.0,68.58333333333334,0.1445578618683202,11.381418194401382,11.381463510873884,11.274171389361952,11.368092946474455,10.601332736552829,11.375041701211192,12.20297357514174,-4.531647250161086e-05,6.961418194401382,6.961463510873884,6.854171389361953,6.948092946474455,6.961418194401382,6.961463510873884,6.854171389361953,6.948092946474455,False,4.531647250161086e-05,0.4148881983544418,0.4152590507049439,0.0113853113580927,0.3936229330666527,0.4150809323296278,0.4380525082320975,1.0008891710752974,1.0001091605769372,2.0698151950718686,0.9134135646070772,673
2026-09-04,jaou8_8000c,2026-09-04,2028-09,call,80.0,4.24,250.0,0.0,0,21,0.0,68.58333333333334,0.153977083784812,11.180885886472565,11.180888123354972,11.073533056117377,11.167509262355615,10.40043455528952,11.174462328880274,12.00307473950323,-2.236882407302687e-06,6.940885886472564,6.940888123354972,6.833533056117375,6.927509262355617,6.940885886472564,6.940888123354972,6.833533056117375,6.927509262355617,False,2.236882407302687e-06,0.4148881983544418,0.4152590507049439,0.0113853113580927,0.3936229330666527,0.4150809323296278,0.4380525082320975,1.0008891710752974,1.0001091605769372,2.0698151950718686,0.9134135646070772,673
2026-09-04,jaou8_5000p,2026-09-04,2028-09,put,50.0,2.82,60.0,0.0,0,21,0.0,68.58333333333334,-0.3160265454609235,5.793820500299801,5.792986691791858,5.71818815555964,5.783654659915956,5.251859024171839,5.7885045674265045,6.369548235916413,0.0008338085079424,2.973820500299801,2.9729866917918586,2.8981881555596405,2.963654659915956,2.973820500299801,2.9729866917918586,2.8981881555596405,2.963654659915956,False,0.0008338085079424,0.4148881983544418,0.4152590507049439,0.0113853113580927,0.3936229330666527,0.4150809323296278,0.4380525082320975,1.0008891710752974,1.0001091605769372,2.0698151950718686,0.9134135646070772,673
2026-09-04,jaou8_5500p,2026-09-04,2028-09,put,55.0,3.94,78.0,0.0,0,21,0.0,68.58333333333334,-0.2207163656565987,7.793570932007553,7.7934051115610385,7.708834266673369,7.782864398340058,7.179105599754602,7.788342464092167,8.441895501259786,0.0001658204465142,3.853570932007553,3.853405111561039,3.768834266673369,3.842864398340058,3.853570932007553,3.853405111561039,3.768834266673369,3.842864398340058,False,0.0001658204465142,0.4148881983544418,0.4152590507049439,0.0113853113580927,0.3936229330666527,0.4150809323296278,0.4380525082320975,1.0008891710752974,1.0001091605769372,2.0698151950718686,0.9134135646070772,673
2026-09-04,jaou8_5700p,2026-09-04,2028-09,put,57.0,4.45,14.0,0.0,0,21,0.0,68.58333333333334,-0.1849982830545194,8.672239838909558,8.67222196324488,8.584344169806288,8.661270443234143,8.033598615533457,8.666962007499922,9.345127453655358,1.7875664678257408e-05,4.222239838909558,4.22222196324488,4.134344169806288,4.211270443234143,4.222239838909558,4.22222196324488,4.134344169806288,4.211270443234143,False,1.7875664678257408e-05,0.4148881983544418,0.4152590507049439,0.0113853113580927,0.3936229330666527,0.4150809323296278,0.4380525082320975,1.0008891710752974,1.0001091605769372,2.0698151950718686,0.9134135646070772,673
2026-09-04,jaou8_5740p,2026-09-04,2028-09,put,57.4,4.56,9.0,0.0,0,21,0.0,68.58333333333334,-0.1780052475635489,8.85314014245119,8.853186819703,8.764692161590322,8.842158535199976,8.20987545052307,8.847889994388172,9.530579017022728,-4.6677251809512654e-05,4.293140142451191,4.293186819703,4.204692161590322,4.282158535199977,4.293140142451191,4.293186819703,4.204692161590322,4.282158535199977,False,4.6677251809512654e-05,0.4148881983544418,0.4152590507049439,0.0113853113580927,0.3936229330666527,0.4150809323296278,0.4380525082320975,1.0008891710752974,1.0001091605769372,2.0698151950718686,0.9134135646070772,673
2026-09-04,jaou8_6165p,2026-09-04,2028-09,put,61.65,5.81,10.0,0.0,0,21,0.0,68.58333333333334,-0.1065763212787163,10.876875272084735,10.87717669470257,10.782884456426512,10.865429285623712,10.190659588185053,10.87153447774893,11.5980466197055,-0.0003014226178326,5.066875272084737,5.06717669470257,4.972884456426512,5.055429285623712,5.066875272084737,5.06717669470257,4.972884456426512,5.055429285623712,False,0.0003014226178326,0.4148881983544418,0.4152590507049439,0.0113853113580927,0.3936229330666527,0.4150809323296278,0.4380525082320975,1.0008891710752974,1.0001091605769372,2.0698151950718686,0.9134135646070772,673
2026-09-04,jaou8_6200p,2026-09-04,2028-09,put,62.0,5.92,35.0,0.0,0,21,0.0,68.58333333333334,-0.1009151658439781,11.051566099738064,11.05186633988844,10.95714762037021,11.040064555933292,10.362279909551622,11.046198006976226,11.775920622178498,-0.0003002401503771,5.131566099738064,5.131866339888441,5.0371476203702095,5.120064555933292,5.131566099738064,5.131866339888441,5.0371476203702095,5.120064555933292,False,0.0003002401503771,0.4148881983544418,0.4152590507049439,0.0113853113580927,0.3936229330666527,0.4150809323296278,0.4380525082320975,1.0008891710752974,1.0001091605769372,2.0698151950718686,0.9134135646070772,673
2026-09-04,jaou8_6250p,2026-09-04,2028-09,put,62.5,6.08,7.0,0.0,0,21,0.0,68.58333333333334,-0.0928829941467138,11.303206496837946,11.303542713720416,11.208227013333932,11.29166806737259,10.609568541649454,11.29783938539564,12.032083544172409,-0.00033621688247,5.223206496837946,5.223542713720416,5.128227013333932,5.211668067372591,5.223206496837946,5.223542713720416,5.128227013333932,5.211668067372591,False,0.00033621688247,0.4148881983544418,0.4152590507049439,0.0113853113580927,0.3936229330666527,0.4150809323296278,0.4380525082320975,1.0008891710752974,1.0001091605769372,2.0698151950718686,0.9134135646070772,673
2026-09-04,jaou8_6500p,2026-09-04,2028-09,put,65.0,6.92,42.0,0.0,0,21,0.0,68.58333333333334,-0.0536622809934325,12.597702722439603,12.598071522955255,12.500013282751771,12.585855483828276,11.883972485275493,12.592204225527723,13.347471745254474,-0.0003688005156519,5.677702722439605,5.678071522955257,5.580013282751771,5.6658554838282775,5.677702722439605,5.678071522955257,5.580013282751771,5.6658554838282775,False,0.0003688005156519,0.4148881983544418,0.4152590507049439,0.0113853113580927,0.3936229330666527,0.4150809323296278,0.4380525082320975,1.0008891710752974,1.0001091605769372,2.0698151950718686,0.9134135646070772,673
2026-09-04,jaou8_6750p,2026-09-04,2028-09,put,67.5,7.86,12.0,0.0,0,21,0.0,68.58333333333334,-0.0159219530105854,13.952467188548075,13.952950726336784,13.852574995752027,13.940447157696733,13.221689677920365,13.946945330041451,14.719572917460676,-0.0004835377887086,6.092467188548075,6.092950726336784,5.992574995752027,6.080447157696731,6.092467188548075,6.092950726336784,5.992574995752027,6.080447157696731,False,0.0004835377887086,0.4148881983544418,0.4152590507049439,0.0113853113580927,0.3936229330666527,0.4150809323296278,0.4380525082320975,1.0008891710752974,1.0001091605769372,2.0698151950718686,0.9134135646070772,673
2026-09-04,jaou8_7000p,2026-09-04,2028-09,put,70.0,8.94,37.0,0.0,0,21,0.0,68.58333333333334,0.0204456911602893,15.362950832014718,15.363419952101616,15.261223504529555,15.35068863429786,14.61892709343237,15.357305169116506,16.144029265112685,-0.0004691200868993,6.422950832014719,6.423419952101618,6.3212235045295575,6.410688634297861,6.422950832014719,6.423419952101618,6.3212235045295575,6.410688634297861,False,0.0004691200868993,0.4148881983544418,0.4152590507049439,0.0113853113580927,0.3936229330666527,0.4150809323296278,0.4380525082320975,1.0008891710752974,1.0001091605769372,2.0698151950718686,0.9134135646070772,673
2026-09-04,jaou8_7450p,2026-09-04,2028-09,put,74.5,11.26,143.0,0.0,0,21,0.0,68.58333333333334,0.0827495744964441,18.0298311601288,18.03020402881587,17.925788217958754,18.01719524712525,17.269909078902764,18.02395598142872,18.828217418310388,-0.0003728686870694,6.769831160128801,6.77020402881587,6.665788217958754,6.757195247125255,6.769831160128801,6.77020402881587,6.665788217958754,6.757195247125255,False,0.0003728686870694,0.4148881983544418,0.4152590507049439,0.0113853113580927,0.3936229330666527,0.4150809323296278,0.4380525082320975,1.0008891710752974,1.0001091605769372,2.0698151950718686,0.9134135646070772,673
2026-09-08,jaou8_6151c,2026-09-08,2028-09,call,61.51,12.4,9.0,0.0,0,21,0.0,68.71999999999997,-0.1108405144557226,17.42411406641746,17.42428893261755,17.430560007437727,17.416956739469878,16.733367932272994,17.418428803023033,18.15392458367018,-0.0001748662000906,5.024114066417459,5.02428893261755,5.030560007437726,5.016956739469878,5.024114066417459,5.02428893261755,5.030560007437726,5.016956739469878,False,0.0001748662000906,0.4147015631033067,0.4149296148914277,0.0112378821752049,0.3934608513147836,0.4147473484118444,0.4376443586875625,1.0007092371986253,1.0000313564009795,2.0588637919233403,0.9135248351447892,674
2026-09-08,jaou8_6500c,2026-09-08,2028-09,call,65.0,10.35,30.0,0.0,0,21,0.0,68.71999999999997,-0.0556530077803624,16.020286257339787,16.020524853298287,16.02705508041948,16.012889657112037,15.300904644351451,16.014422553722994,16.780011509332315,-0.0002385959584998,5.670286257339788,5.670524853298288,5.67705508041948,5.6628896571120375,5.670286257339788,5.670524853298288,5.67705508041948,5.6628896571120375,False,0.0002385959584998,0.4147015631033067,0.4149296148914277,0.0112378821752049,0.3934608513147836,0.4147473484118444,0.4376443586875625,1.0007092371986253,1.0000313564009795,2.0588637919233403,0.9135248351447892,674
2026-09-08,jaou8_6570c,2026-09-08,2028-09,call,65.7,9.96,14.0,0.0,0,21,0.0,68.71999999999997,-0.0449413521854346,15.753057107421618,15.753323610444424,15.759901083700456,15.74563317368202,15.02843710656778,15.747177160786256,16.518126669325095,-0.0002665030228055,5.7930571074216175,5.793323610444423,5.7999010837004565,5.785633173682019,5.7930571074216175,5.793323610444423,5.7999010837004565,5.785633173682019,False,0.0002665030228055,0.4147015631033067,0.4149296148914277,0.0112378821752049,0.3934608513147836,0.4147473484118444,0.4376443586875625,1.0007092371986253,1.0000313564009795,2.0588637919233403,0.9135248351447892,674
2026-09-08,jaou8_6600c,2026-09-08,2028-09,call,66.0,9.79,15.0,0.0,0,21,0.0,68.71999999999997,-0.0403855356495739,15.63998432628277,15.640281098474787,15.646877441128613,15.63256859945461,14.91321049143625,15.634117015935557,16.407200572583353,-0.0002967721920175,5.849984326282771,5.850281098474788,5.8568774411286135,5.84256859945461,5.849984326282771,5.850281098474788,5.8568774411286135,5.84256859945461,False,0.0002967721920175,0.4147015631033067,0.4149296148914277,0.0112378821752049,0.3934608513147836,0.4147473484118444,0.4376443586875625,1.0007092371986253,1.0000313564009795,2.0588637919233403,0.9135248351447892,674
2026-09-08,jaou8_6650c,2026-09-08,2028-09,call,66.5,9.52,30.0,0.0,0,21,0.0,68.71999999999997,-0.032838330014191,15.453400745148407,15.453697148831765,15.460322353576448,15.445950904013474,14.72324090955522,15.44750609554228,16.224174996321146,-0.0002964036833557,5.933400745148408,5.933697148831763,5.940322353576448,5.925950904013474,5.933400745148408,5.933697148831763,5.940322353576448,5.925950904013474,False,0.0002964036833557,0.4147015631033067,0.4149296148914277,0.0112378821752049,0.3934608513147836,0.4147473484118444,0.4376443586875625,1.0007092371986253,1.0000313564009795,2.0588637919233403,0.9135248351447892,674
2026-09-08,jaou8_6775c,2026-09-08,2028-09,call,67.75,8.86,6.0,0.0,0,21,0.0,68.71999999999997,-0.0142158179161892,14.997031625807711,14.99738289785848,15.004079198899188,14.989553526656042,14.259039305702414,14.99112540723244,15.77580029217478,-0.0003512720507661,6.1370316258077136,6.13738289785848,6.144079198899188,6.129553526656043,6.1370316258077136,6.13738289785848,6.144079198899188,6.129553526656043,False,0.0003512720507661,0.4147015631033067,0.4149296148914277,0.0112378821752049,0.3934608513147836,0.4147473484118444,0.4376443586875625,1.0007092371986253,1.0000313564009795,2.0588637919233403,0.9135248351447892,674
2026-09-08,jaou8_7000c,2026-09-08,2028-09,call,70.0,7.76,8.0,0.0,0,21,0.0,68.71999999999997,0.0184549643733595,14.210173662672434,14.21051572061621,14.217319444319202,14.202560749938264,13.460322395394709,14.204157846763945,15.001487758496582,-0.0003420579437758,6.450173662672434,6.45051572061621,6.457319444319202,6.442560749938263,6.450173662672434,6.45051572061621,6.457319444319202,6.442560749938263,False,0.0003420579437758,0.4147015631033067,0.4149296148914277,0.0112378821752049,0.3934608513147836,0.4147473484118444,0.4376443586875625,1.0007092371986253,1.0000313564009795,2.0588637919233403,0.9135248351447892,674
2026-09-08,jaou8_7110c,2026-09-08,2028-09,call,71.1,7.27,7.0,0.0,0,21,0.0,68.71999999999997,0.0340470591331956,13.8410536195697,13.841387745229492,13.848234863068598,13.833382037764537,13.086477707021436,13.834989320870562,14.637443012316192,-0.0003341256597906,6.571053619569701,6.571387745229492,6.578234863068598,6.563382037764537,6.571053619569701,6.571387745229492,6.578234863068598,6.563382037764537,False,0.0003341256597906,0.4147015631033067,0.4149296148914277,0.0112378821752049,0.3934608513147836,0.4147473484118444,0.4376443586875625,1.0007092371986253,1.0000313564009795,2.0588637919233403,0.9135248351447892,674
2026-09-08,jaou8_7275c,2026-09-08,2028-09,call,72.75,6.59,7.0,0.0,0,21,0.0,68.71999999999997,0.0569886283756023,13.30550588650686,13.305814386505364,13.312717544625404,13.297743156275072,12.544876420634584,13.299363594200235,14.108432283554055,-0.0003084999985034,6.715505886506861,6.7158143865053646,6.7227175446254055,6.707743156275072,6.715505886506861,6.7158143865053646,6.7227175446254055,6.707743156275072,False,0.0003084999985034,0.4147015631033067,0.4149296148914277,0.0112378821752049,0.3934608513147836,0.4147473484118444,0.4376443586875625,1.0007092371986253,1.0000313564009795,2.0588637919233403,0.9135248351447892,674
2026-09-08,jaou8_7340c,2026-09-08,2028-09,call,73.4,6.34,10.0,0.0,0,21,0.0,68.71999999999997,0.0658836579444704,13.100255173968744,13.100540264219916,13.107462262336323,13.09244700610824,12.337628175676874,13.094071866508466,13.905438073470574,-0.0002850902511717,6.760255173968744,6.760540264219916,6.767462262336325,6.752447006108239,6.760255173968744,6.760540264219916,6.767462262336325,6.752447006108239,False,0.0002850902511717,0.4147015631033067,0.4149296148914277,0.0112378821752049,0.3934608513147836,0.4147473484118444,0.4376443586875625,1.0007092371986253,1.0000313564009795,2.0588637919233403,0.9135248351447892,674
2026-09-08,jaou8_7450c,2026-09-08,2028-09,call,74.5,5.94,143.0,0.0,0,21,0.0,68.71999999999997,0.0807588477095143,12.760343052685094,12.7605924404273,12.767543866252408,12.7524647751924,11.99454641982839,12.754096543412846,13.56909431388157,-0.0002493877422047,6.820343052685094,6.820592440427299,6.827543866252406,6.8124647751924,6.820343052685094,6.820592440427299,6.827543866252406,6.8124647751924,False,0.0002493877422047,0.4147015631033067,0.4149296148914277,0.0112378821752049,0.3934608513147836,0.4147473484118444,0.4376443586875625,1.0007092371986253,1.0000313564009795,2.0588637919233403,0.9135248351447892,674
2026-09-08,jaou8_7500c,2026-09-08,2028-09,call,75.0,5.77,305.0,0.0,0,21,0.0,68.71999999999997,0.0874478358603109,12.60893811369073,12.609176932704283,12.61614028522436,12.601035322677845,11.841864581740673,12.602669890554404,13.419116414040502,-0.0002388190135551,6.83893811369073,6.8391769327042855,6.846140285224362,6.831035322677845,6.83893811369073,6.8391769327042855,6.846140285224362,6.831035322677845,False,0.0002388190135551,0.4147015631033067,0.4149296148914277,0.0112378821752049,0.3934608513147836,0.4147473484118444,0.4376443586875625,1.0007092371986253,1.0000313564009795,2.0588637919233403,0.9135248351447892,674
2026-09-08,jaou8_7560c,2026-09-08,2028-09,call,75.6,5.57,12.0,0.0,0,21,0.0,68.71999999999997,0.0954160055094876,12.429758278512258,12.429971175536432,12.43694786400382,12.421813973008817,11.661309544511472,12.423451671347465,13.241541592838372,-0.0002128970241734,6.859758278512258,6.859971175536431,6.866947864003821,6.851813973008815,6.859758278512258,6.859971175536431,6.866947864003821,6.851813973008815,False,0.0002128970241734,0.4147015631033067,0.4149296148914277,0.0112378821752049,0.3934608513147836,0.4147473484118444,0.4376443586875625,1.0007092371986253,1.0000313564009795,2.0588637919233403,0.9135248351447892,674
2026-09-08,jaou8_7670c,2026-09-08,2028-09,call,76.7,5.22,6.0,0.0,0,21,0.0,68.71999999999997,0.1098614306972109,12.10817902504308,12.108345307422365,12.115342340002998,12.100164318387328,11.337631672038889,12.101806792275385,12.922453043929526,-0.0001662823792845,6.8881790250430806,6.888345307422365,6.895342340002999,6.880164318387329,6.8881790250430806,6.888345307422365,6.895342340002999,6.880164318387329,False,0.0001662823792845,0.4147015631033067,0.4149296148914277,0.0112378821752049,0.3934608513147836,0.4147473484118444,0.4376443586875625,1.0007092371986253,1.0000313564009795,2.0588637919233403,0.9135248351447892,674
2026-09-08,jaou8_7925c,2026-09-08,2028-09,call,79.25,4.52,6.0,0.0,0,21,0.0,68.71999999999997,0.1425671350813905,11.395588493049376,11.395637427660088,11.402664363523408,11.387421475456744,10.622096547408004,11.389070968800608,12.213688402497828,-4.893461071020511e-05,6.875588493049378,6.875637427660088,6.882664363523409,6.867421475456744,6.875588493049378,6.875637427660088,6.882664363523409,6.867421475456744,False,4.893461071020511e-05,0.4147015631033067,0.4149296148914277,0.0112378821752049,0.3934608513147836,0.4147473484118444,0.4376443586875625,1.0007092371986253,1.0000313564009795,2.0588637919233403,0.9135248351447892,674
2026-09-08,jaou8_8000c,2026-09-08,2028-09,call,80.0,4.34,250.0,0.0,0,21,0.0,68.71999999999997,0.1519863569978821,11.194259807288422,11.19426898116262,11.20130044775452,11.18604773159352,10.42038628630736,11.18769828847443,12.012998270043836,-9.173874198964428e-06,6.854259807288422,6.854268981162621,6.86130044775452,6.846047731593519,6.854259807288422,6.854268981162621,6.86130044775452,6.846047731593519,False,9.173874198964428e-06,0.4147015631033067,0.4149296148914277,0.0112378821752049,0.3934608513147836,0.4147473484118444,0.4376443586875625,1.0007092371986253,1.0000313564009795,2.0588637919233403,0.9135248351447892,674
2026-09-08,jaou8_5000p,2026-09-08,2028-09,put,50.0,2.84,60.0,0.0,0,21,0.0,68.71999999999997,-0.3180172722478534,5.732673390135436,5.731853315433632,5.736738620402769,5.726141375990057,5.197170049642964,5.72728814581777,6.30402781702856,0.0008200747018038,2.892673390135436,2.8918533154336323,2.896738620402769,2.886141375990057,2.892673390135436,2.8918533154336323,2.896738620402769,2.886141375990057,False,0.0008200747018038,0.4147015631033067,0.4149296148914277,0.0112378821752049,0.3934608513147836,0.4147473484118444,0.4376443586875625,1.0007092371986253,1.0000313564009795,2.0588637919233403,0.9135248351447892,674
2026-09-08,jaou8_5500p,2026-09-08,2028-09,put,55.0,3.95,78.0,0.0,0,21,0.0,68.71999999999997,-0.2227070924435286,7.721777002478533,7.721606894219949,7.727134788429935,7.7151436340596495,7.113889535307553,7.716441244409638,8.36600583968104,0.0001701082585841,3.771777002478533,3.771606894219949,3.777134788429935,3.76514363405965,3.771777002478533,3.771606894219949,3.777134788429935,3.76514363405965,False,0.0001701082585841,0.4147015631033067,0.4149296148914277,0.0112378821752049,0.3934608513147836,0.4147473484118444,0.4376443586875625,1.0007092371986253,1.0000313564009795,2.0588637919233403,0.9135248351447892,674
2026-09-08,jaou8_5700p,2026-09-08,2028-09,put,57.0,4.47,14.0,0.0,0,21,0.0,68.71999999999997,-0.1869890098414494,8.596532608849602,8.596482474685748,8.602227458601876,8.589765391424715,7.964533851679002,8.591113961116337,9.265406395742088,5.013416385324376e-05,4.126532608849602,4.126482474685749,4.132227458601876,4.119765391424715,4.126532608849602,4.126482474685749,4.132227458601876,4.119765391424715,False,5.013416385324376e-05,0.4147015631033067,0.4149296148914277,0.0112378821752049,0.3934608513147836,0.4147473484118444,0.4376443586875625,1.0007092371986253,1.0000313564009795,2.0588637919233403,0.9135248351447892,674
2026-09-08,jaou8_5740p,2026-09-08,2028-09,put,57.4,4.58,9.0,0.0,0,21,0.0,68.71999999999997,-0.1799959743504788,8.776669406377101,8.776686009640315,8.782471134405597,8.769921993362605,8.140086049779772,8.77127998566243,9.450118492386837,-1.6603263214065578e-05,4.196669406377101,4.196686009640315,4.202471134405597,4.189921993362605,4.196669406377101,4.196686009640315,4.202471134405597,4.189921993362605,False,1.6603263214065578e-05,0.4147015631033067,0.4149296148914277,0.0112378821752049,0.3934608513147836,0.4147473484118444,0.4376443586875625,1.0007092371986253,1.0000313564009795,2.0588637919233403,0.9135248351447892,674
2026-09-08,jaou8_6165p,2026-09-08,2028-09,put,61.65,5.82,10.0,0.0,0,21,0.0,68.71999999999997,-0.1085670480656461,10.792702348541606,10.792993496715985,10.79916028517828,10.785783236050476,10.113141771722663,10.787230819566169,11.509976161747078,-0.0002911481743783,4.972702348541606,4.972993496715985,4.97916028517828,4.965783236050477,4.972702348541606,4.972993496715985,4.97916028517828,4.965783236050477,False,0.0002911481743783,0.4147015631033067,0.4149296148914277,0.0112378821752049,0.3934608513147836,0.4147473484118444,0.4376443586875625,1.0007092371986253,1.0000313564009795,2.0588637919233403,0.9135248351447892,674
2026-09-08,jaou8_6200p,2026-09-08,2028-09,put,62.0,5.93,35.0,0.0,0,21,0.0,68.71999999999997,-0.102905892630908,10.966786132844184,10.967074535001734,10.973268584163211,10.95983240089866,10.284172461006806,10.96128638355371,11.687257360312865,-0.0002884021575511,5.036786132844183,5.037074535001734,5.043268584163211,5.029832400898661,5.036786132844183,5.037074535001734,5.043268584163211,5.029832400898661,False,0.0002884021575511,0.4147015631033067,0.4149296148914277,0.0112378821752049,0.3934608513147836,0.4147473484118444,0.4376443586875625,1.0007092371986253,1.0000313564009795,2.0588637919233403,0.9135248351447892,674
2026-09-08,jaou8_6250p,2026-09-08,2028-09,put,62.5,6.09,7.0,0.0,0,21,0.0,68.71999999999997,-0.0948737209336436,11.2175610821652,11.217874286654776,11.224108449362522,11.210585251457792,10.530620831838064,11.212048650312,11.942544748794786,-0.0003132044895775,5.127561082165199,5.127874286654777,5.134108449362522,5.120585251457792,5.127561082165199,5.127874286654777,5.134108449362522,5.120585251457792,False,0.0003132044895775,0.4147015631033067,0.4149296148914277,0.0112378821752049,0.3934608513147836,0.4147473484118444,0.4376443586875625,1.0007092371986253,1.0000313564009795,2.0588637919233403,0.9135248351447892,674
2026-09-08,jaou8_6500p,2026-09-08,2028-09,put,65.0,6.94,42.0,0.0,0,21,0.0,68.71999999999997,-0.0556530077803624,12.50777780302569,12.508132174275342,12.51454665236774,12.500632312821985,11.800824155621022,12.50213803866374,13.253665056054174,-0.0003543712496529,5.567777803025689,5.568132174275342,5.574546652367741,5.560632312821983,5.567777803025689,5.568132174275342,5.574546652367741,5.560632312821983,False,0.0003543712496529,0.4147015631033067,0.4149296148914277,0.0112378821752049,0.3934608513147836,0.4147473484118444,0.4376443586875625,1.0007092371986253,1.0000313564009795,2.0588637919233403,0.9135248351447892,674
2026-09-08,jaou8_6750p,2026-09-08,2028-09,put,67.5,7.87,12.0,0.0,0,21,0.0,68.71999999999997,-0.0179126797975153,13.858487643206876,13.858947665417316,13.86551590821853,13.851268020979916,13.134385947613966,13.852809841339774,14.621909623578102,-0.0004600222104418,5.9884876432068745,5.988947665417316,5.99551590821853,5.981268020979916,5.9884876432068745,5.988947665417316,5.99551590821853,5.981268020979916,False,0.0004600222104418,0.4147015631033067,0.4149296148914277,0.0112378821752049,0.3934608513147836,0.4147473484118444,0.4376443586875625,1.0007092371986253,1.0000313564009795,2.0588637919233403,0.9135248351447892,674
2026-09-08,jaou8_7000p,2026-09-08,2028-09,put,70.0,8.94,37.0,0.0,0,21,0.0,68.71999999999997,0.0184549643733595,15.26528938408228,15.265747217317209,15.27243519199141,15.257927581372153,14.527866082388224,15.25949750742863,16.042765480942386,-0.0004578332349272,6.32528938408228,6.325747217317208,6.33243519199141,6.317927581372153,6.32528938408228,6.325747217317208,6.33243519199141,6.317927581372153,False,0.0004578332349272,0.4147015631033067,0.4149296148914277,0.0112378821752049,0.3934608513147836,0.4147473484118444,0.4376443586875625,1.0007092371986253,1.0000313564009795,2.0588637919233403,0.9135248351447892,674
2026-09-08,jaou8_7450p,2026-09-08,2028-09,put,74.5,11.24,143.0,0.0,0,21,0.0,68.71999999999997,0.0807588477095143,17.926320532246493,17.92668569527985,17.933521372076168,17.918693364777845,17.172951864973456,17.920297962229085,18.721233794478927,-0.0003651630333578,6.6863205322464925,6.68668569527985,6.693521372076168,6.678693364777844,6.6863205322464925,6.68668569527985,6.693521372076168,6.678693364777844,False,0.0003651630333578,0.4147015631033067,0.4149296148914277,0.0112378821752049,0.3934608513147836,0.4147473484118444,0.4376443586875625,1.0007092371986253,1.0000313564009795,2.0588637919233403,0.9135248351447892,674
2026-09-09,jaou8_6151c,2026-09-09,2028-09,call,61.51,12.37,9.0,0.0,0,21,0.0,68.64,-0.1096756919594299,17.355970514618246,17.356141005638946,17.405695669423746,17.3497333302374,16.674076738025512,17.35247604890712,18.069191327152705,-0.0001704910207003,4.985970514618247,4.986141005638947,5.035695669423747,4.9797333302374,4.985970514618247,4.986141005638947,5.035695669423747,4.9797333302374,False,0.0001704910207003,0.4148412593839137,0.415040877352261,0.0111429023495436,0.3938127248172725,0.414926703151628,0.4372749730466728,1.000397458391605,1.0001584154064973,2.0561259411362083,0.9128756377779723,675
2026-09-09,jaou8_6500c,2026-09-09,2028-09,call,65.0,10.33,30.0,0.0,0,21,0.0,68.64,-0.0544881852840696,15.955420516444873,15.95565777375216,16.007253393150002,15.948986192189643,15.24533827764363,15.95184187231721,16.697798017349033,-0.0002372573072868,5.625420516444873,5.62565777375216,5.677253393150002,5.618986192189645,5.625420516444873,5.62565777375216,5.677253393150002,5.618986192189645,False,0.0002372573072868,0.4148412593839137,0.415040877352261,0.0111429023495436,0.3938127248172725,0.414926703151628,0.4372749730466728,1.000397458391605,1.0001584154064973,2.0561259411362083,0.9128756377779723,675
2026-09-09,jaou8_6570c,2026-09-09,2028-09,call,65.7,9.94,14.0,0.0,0,21,0.0,68.64,-0.0437765296891419,15.688861520353017,15.689128452895662,15.741095824828118,15.682408801799635,14.9736447001561,15.685285057439966,16.43641387546323,-0.0002669325426474,5.748861520353016,5.749128452895663,5.801095824828119,5.7424088017996375,5.748861520353016,5.749128452895663,5.801095824828119,5.7424088017996375,False,0.0002669325426474,0.4148412593839137,0.415040877352261,0.0111429023495436,0.3938127248172725,0.414926703151628,0.4372749730466728,1.000397458391605,1.0001584154064973,2.0561259411362083,0.9128756377779723,675
2026-09-09,jaou8_6600c,2026-09-09,2028-09,call,66.0,9.77,15.0,0.0,0,21,0.0,68.64,-0.0392207131532812,15.576070571161784,15.576366279606727,15.628480531273247,15.569627636198232,14.85873874037554,15.57251202124068,16.325719086249453,-0.0002957084449448,5.806070571161785,5.8063662796067295,5.858480531273248,5.799627636198233,5.806070571161785,5.8063662796067295,5.858480531273248,5.799627636198233,False,0.0002957084449448,0.4148412593839137,0.415040877352261,0.0111429023495436,0.3938127248172725,0.414926703151628,0.4372749730466728,1.000397458391605,1.0001584154064973,2.0561259411362083,0.9128756377779723,675
2026-09-09,jaou8_6650c,2026-09-09,2028-09,call,66.5,9.5,30.0,0.0,0,21,0.0,68.64,-0.0316735075178984,15.389950924529408,15.390232526335293,15.44257554305459,15.383464302417323,14.669317973514982,15.386361348996212,16.143064293108093,-0.0002816018058844,5.889950924529407,5.890232526335291,5.9425755430545895,5.883464302417325,5.889950924529407,5.890232526335291,5.9425755430545895,5.883464302417325,False,0.0002816018058844,0.4148412593839137,0.415040877352261,0.0111429023495436,0.3938127248172725,0.414926703151628,0.4372749730466728,1.000397458391605,1.0001584154064973,2.0561259411362083,0.9128756377779723,675
2026-09-09,jaou8_6775c,2026-09-09,2028-09,call,67.75,8.85,6.0,0.0,0,21,0.0,68.64,-0.0130509954198965,14.93472848731386,14.935070633424766,14.9879684836579,14.928230666651798,14.206428063057086,14.93115842178808,15.69558401843493,-0.0003421461109063,6.0847284873138605,6.085070633424767,6.1379684836579,6.078230666651798,6.0847284873138605,6.085070633424767,6.1379684836579,6.078230666651798,False,0.0003421461109063,0.4148412593839137,0.415040877352261,0.0111429023495436,0.3938127248172725,0.414926703151628,0.4372749730466728,1.000397458391605,1.0001584154064973,2.0561259411362083,0.9128756377779723,675
2026-09-09,jaou8_7000c,2026-09-09,2028-09,call,70.0,7.75,8.0,0.0,0,21,0.0,68.64,0.0196197868696521,14.14989724725153,14.150226424886368,14.20396931773753,14.143277189713956,13.409981818548896,14.14625171570868,14.922931995574706,-0.0003291776348373,6.3998972472515305,6.400226424886368,6.4539693177375295,6.393277189713956,6.3998972472515305,6.400226424886368,6.4539693177375295,6.393277189713956,False,0.0003291776348373,0.4148412593839137,0.415040877352261,0.0111429023495436,0.3938127248172725,0.414926703151628,0.4372749730466728,1.000397458391605,1.0001584154064973,2.0561259411362083,0.9128756377779723,675
2026-09-09,jaou8_7110c,2026-09-09,2028-09,call,71.1,7.26,7.0,0.0,0,21,0.0,68.64,0.0352118816294883,13.7817325613777,13.782056153261234,13.836139435963275,13.775062903913206,13.037187563340977,13.778056269579674,14.55969687124488,-0.000323591883534,6.5217325613777,6.522056153261234,6.576139435963276,6.515062903913206,6.5217325613777,6.522056153261234,6.576139435963276,6.515062903913206,False,0.000323591883534,0.4148412593839137,0.415040877352261,0.0111429023495436,0.3938127248172725,0.414926703151628,0.4372749730466728,1.000397458391605,1.0001584154064973,2.0561259411362083,0.9128756377779723,675
2026-09-09,jaou8_7275c,2026-09-09,2028-09,call,72.75,6.59,7.0,0.0,0,21,0.0,68.64,0.0581534508718949,13.247597897121532,13.247900007376836,13.302421450310682,13.240850101635145,12.497135510639096,13.243867718303562,14.031861165845296,-0.0003021102553031,6.6575978971215335,6.657900007376837,6.712421450310682,6.650850101635143,6.6575978971215335,6.657900007376837,6.712421450310682,6.650850101635143,False,0.0003021102553031,0.4148412593839137,0.415040877352261,0.0111429023495436,0.3938127248172725,0.414926703151628,0.4372749730466728,1.000397458391605,1.0001584154064973,2.0561259411362083,0.9128756377779723,675
2026-09-09,jaou8_7340c,2026-09-09,2028-09,call,73.4,6.34,10.0,0.0,0,21,0.0,68.64,0.0670484804407632,13.042891796837306,13.04317041011008,13.097836519293924,13.036101798270902,12.290482040372778,13.039127421830992,13.829357935115048,-0.0002786132727727,6.7028917968373065,6.703170410110079,6.7578365192939245,6.696101798270902,6.7028917968373065,6.703170410110079,6.7578365192939245,6.696101798270902,False,0.0002786132727727,0.4148412593839137,0.415040877352261,0.0111429023495436,0.3938127248172725,0.414926703151628,0.4372749730466728,1.000397458391605,1.0001584154064973,2.0561259411362083,0.9128756377779723,675
2026-09-09,jaou8_7450c,2026-09-09,2028-09,call,74.5,5.94,143.0,0.0,0,21,0.0,68.64,0.0819236702058069,12.703932354518546,12.704170890617652,12.759069009417892,12.697072278730078,11.948429686789051,12.700110743404563,13.493843237787194,-0.0002385360991059,6.763932354518546,6.764170890617652,6.819069009417892,6.757072278730077,6.763932354518546,6.764170890617652,6.819069009417892,6.757072278730077,False,0.0002385360991059,0.4148412593839137,0.415040877352261,0.0111429023495436,0.3938127248172725,0.414926703151628,0.4372749730466728,1.000397458391605,1.0001584154064973,2.0561259411362083,0.9128756377779723,675
2026-09-09,jaou8_7500c,2026-09-09,2028-09,call,75.0,5.77,305.0,0.0,0,21,0.0,68.64,0.0886126583566036,12.5529575624684,12.553184685731535,12.608175741360933,12.54607405662926,11.796216310035902,12.549117665109735,13.344242242504022,-0.0002271232631354,6.7829575624684,6.783184685731536,6.838175741360933,6.776074056629259,6.7829575624684,6.783184685731536,6.838175741360933,6.776074056629259,False,0.0002271232631354,0.4148412593839137,0.415040877352261,0.0111429023495436,0.3938127248172725,0.414926703151628,0.4372749730466728,1.000397458391605,1.0001584154064973,2.0561259411362083,0.9128756377779723,675
2026-09-09,jaou8_7560c,2026-09-09,2028-09,call,75.6,5.57,12.0,0.0,0,21,0.0,68.64,0.0965808280057803,12.374294757877912,12.37450030335024,12.429594848863092,12.367376292468531,11.616207224266278,12.37042562883845,13.167114806792991,-0.0002055454723262,6.804294757877912,6.804500303350238,6.859594848863093,6.797376292468533,6.804294757877912,6.804500303350238,6.859594848863093,6.797376292468533,False,0.0002055454723262,0.4148412593839137,0.415040877352261,0.0111429023495436,0.3938127248172725,0.414926703151628,0.4372749730466728,1.000397458391605,1.0001584154064973,2.0561259411362083,0.9128756377779723,675
2026-09-09,jaou8_7670c,2026-09-09,2028-09,call,76.7,5.23,6.0,0.0,0,21,0.0,68.64,0.1110262531935036,12.053639195238814,12.053799903460613,12.109051755436957,12.046655552036167,11.29351774553672,12.04971359489991,12.848850243599218,-0.0001607082217969,6.823639195238814,6.8237999034606105,6.879051755436956,6.816655552036167,6.823639195238814,6.8237999034606105,6.879051755436956,6.816655552036167,False,0.0001607082217969,0.4148412593839137,0.415040877352261,0.0111429023495436,0.3938127248172725,0.414926703151628,0.4372749730466728,1.000397458391605,1.0001584154064973,2.0561259411362083,0.9128756377779723,675
2026-09-09,jaou8_7925c,2026-09-09,2028-09,call,79.25,4.53,6.0,0.0,0,21,0.0,68.64,0.1437319575776831,11.34310927659857,11.34314878973096,11.398629379020262,11.33597486138395,10.580182928714208,11.339045564248806,12.141957591850408,-3.951313239092258e-05,6.81310927659857,6.813148789730961,6.868629379020262,6.805974861383949,6.81310927659857,6.813148789730961,6.868629379020262,6.805974861383949,False,3.951313239092258e-05,0.4148412593839137,0.415040877352261,0.0111429023495436,0.3938127248172725,0.414926703151628,0.4372749730466728,1.000397458391605,1.0001584154064973,2.0561259411362083,0.9128756377779723,675
2026-09-09,jaou8_8000c,2026-09-09,2028-09,call,80.0,4.35,250.0,0.0,0,21,0.0,68.64,0.1531511794941748,11.142355125012742,11.142357019426903,11.197871471166424,11.135178712489209,10.379073187300996,11.138251289550505,11.941800570352612,-1.8944141633170373e-06,6.792355125012742,6.792357019426905,6.847871471166425,6.785178712489207,6.792355125012742,6.792357019426905,6.847871471166425,6.785178712489207,False,1.8944141633170373e-06,0.4148412593839137,0.415040877352261,0.0111429023495436,0.3938127248172725,0.414926703151628,0.4372749730466728,1.000397458391605,1.0001584154064973,2.0561259411362083,0.9128756377779723,675
2026-09-09,jaou8_5000p,2026-09-09,2028-09,put,50.0,2.87,60.0,0.0,0,21,0.0,68.64,-0.3168524497515607,5.739018728551839,5.738216342842669,5.776845933869271,5.733221336090773,5.209980297845742,5.735359381078275,6.297662642070636,0.0008023857091696,2.869018728551839,2.868216342842669,2.9068459338692705,2.863221336090773,2.869018728551839,2.868216342842669,2.9068459338692705,2.863221336090773,False,0.0008023857091696,0.4148412593839137,0.415040877352261,0.0111429023495436,0.3938127248172725,0.414926703151628,0.4372749730466728,1.000397458391605,1.0001584154064973,2.0561259411362083,0.9128756377779723,675
2026-09-09,jaou8_5500p,2026-09-09,2028-09,put,55.0,3.99,78.0,0.0,0,21,0.0,68.64,-0.2215422699472358,7.729745027347234,7.729580971022283,7.773276913214762,7.723930858751315,7.129416843002052,7.72634931278347,8.35951040511816,0.0001640563249507,3.739745027347234,3.739580971022283,3.7832769132147614,3.7339308587513145,3.739745027347234,3.739580971022283,3.7832769132147614,3.7339308587513145,False,0.0001640563249507,0.4148412593839137,0.415040877352261,0.0111429023495436,0.3938127248172725,0.414926703151628,0.4372749730466728,1.000397458391605,1.0001584154064973,2.0561259411362083,0.9128756377779723,675
2026-09-09,jaou8_5700p,2026-09-09,2028-09,put,57.0,4.51,14.0,0.0,0,21,0.0,68.64,-0.1858241873451566,8.605107018562624,8.605069612349757,8.650478449712727,8.599198013836906,7.981033879658943,8.601711272055077,9.258913339069306,3.740621286674184e-05,4.095107018562624,4.095069612349757,4.140478449712727,4.089198013836906,4.095107018562624,4.095069612349757,4.140478449712727,4.089198013836906,False,3.740621286674184e-05,0.4148412593839137,0.415040877352261,0.0111429023495436,0.3938127248172725,0.414926703151628,0.4372749730466728,1.000397458391605,1.0001584154064973,2.0561259411362083,0.9128756377779723,675
2026-09-09,jaou8_5740p,2026-09-09,2028-09,put,57.4,4.62,9.0,0.0,0,21,0.0,68.64,-0.1788311518541861,8.785363985431548,8.785386374037245,8.831110762171164,8.77947397317082,8.156765346318956,8.78200469628381,9.44362987202722,-2.238860569647727e-05,4.165363985431548,4.1653863740372445,4.211110762171164,4.15947397317082,4.165363985431548,4.1653863740372445,4.211110762171164,4.15947397317082,False,2.238860569647727e-05,0.4148412593839137,0.415040877352261,0.0111429023495436,0.3938127248172725,0.414926703151628,0.4372749730466728,1.000397458391605,1.0001584154064973,2.0561259411362083,0.9128756377779723,675
2026-09-09,jaou8_6165p,2026-09-09,2028-09,put,61.65,5.87,10.0,0.0,0,21,0.0,68.64,-0.1074022255693535,10.802625644898216,10.802910354215356,10.851642729093893,10.796609005040146,10.131768622277615,10.799306212208773,11.503624816048276,-0.0002847093171389,4.932625644898217,4.932910354215356,4.981642729093891,4.926609005040146,4.932625644898217,4.932910354215356,4.981642729093891,4.926609005040146,False,0.0002847093171389,0.4148412593839137,0.415040877352261,0.0111429023495436,0.3938127248172725,0.414926703151628,0.4372749730466728,1.000397458391605,1.0001584154064973,2.0561259411362083,0.9128756377779723,675
2026-09-09,jaou8_6200p,2026-09-09,2028-09,put,62.0,5.98,35.0,0.0,0,21,0.0,68.64,-0.1017410701346152,10.97680799107963,10.97709050994253,11.026038357158283,10.970761299075008,10.302951997044543,10.97347043206367,11.680918124054612,-0.0002825188628996,4.9968079910796295,4.997090509942529,5.0460383571582845,4.990761299075007,4.9968079910796295,4.997090509942529,5.0460383571582845,4.990761299075007,False,0.0002825188628996,0.4148412593839137,0.415040877352261,0.0111429023495436,0.3938127248172725,0.414926703151628,0.4372749730466728,1.000397458391605,1.0001584154064973,2.0561259411362083,0.9128756377779723,675
2026-09-09,jaou8_6250p,2026-09-09,2028-09,put,62.5,6.14,7.0,0.0,0,21,0.0,68.64,-0.0937088984373509,11.227725489784094,11.22803699964431,11.277300299907042,11.221666999059432,10.54960305073744,11.22439359153415,11.93624316789536,-0.0003115098602162,5.087725489784094,5.08803699964431,5.137300299907042,5.081666999059434,5.087725489784094,5.08803699964431,5.137300299907042,5.081666999059434,False,0.0003115098602162,0.4148412593839137,0.415040877352261,0.0111429023495436,0.3938127248172725,0.414926703151628,0.4372749730466728,1.000397458391605,1.0001584154064973,2.0561259411362083,0.9128756377779723,675
2026-09-09,jaou8_6500p,2026-09-09,2028-09,put,65.0,6.99,42.0,0.0,0,21,0.0,68.64,-0.0544881852840696,12.518674107560368,12.519024701173375,12.56970743454612,12.512471160515204,11.82084819468514,12.515276314832418,13.247559298826811,-0.0003505936130068,5.528674107560368,5.529024701173375,5.579707434546119,5.522471160515204,5.528674107560368,5.529024701173375,5.579707434546119,5.522471160515204,False,0.0003505936130068,0.4148412593839137,0.415040877352261,0.0111429023495436,0.3938127248172725,0.414926703151628,0.4372749730466728,1.000397458391605,1.0001584154064973,2.0561259411362083,0.9128756377779723,675
2026-09-09,jaou8_6750p,2026-09-09,2028-09,put,67.5,7.93,12.0,0.0,0,21,0.0,68.64,-0.0167478573012227,13.870101350869602,13.870556649061276,13.92244439489322,13.863847294033604,13.155477759214495,13.866719142581324,14.615998199589823,-0.0004552981916727,5.940101350869602,5.940556649061275,5.992444394893219,5.933847294033605,5.940101350869602,5.940556649061275,5.992444394893219,5.933847294033605,False,0.0004552981916727,0.4148412593839137,0.415040877352261,0.0111429023495436,0.3938127248172725,0.414926703151628,0.4372749730466728,1.000397458391605,1.0001584154064973,2.0561259411362083,0.9128756377779723,675
2026-09-09,jaou8_7000p,2026-09-09,2028-09,put,70.0,9.0,37.0,0.0,0,21,0.0,68.64,0.0196197868696521,15.277529027256886,15.277971541197449,15.33080154802351,15.271140346929377,14.54986992448027,15.27406434711375,16.03707146594235,-0.0004425139405608,6.277529027256886,6.277971541197447,6.33080154802351,6.271140346929375,6.277529027256886,6.277971541197447,6.33080154802351,6.271140346929375,False,0.0004425139405608,0.4148412593839137,0.415040877352261,0.0111429023495436,0.3938127248172725,0.414926703151628,0.4372749730466728,1.000397458391605,1.0001584154064973,2.0561259411362083,0.9128756377779723,675
2026-09-09,jaou8_7450p,2026-09-09,2028-09,put,74.5,11.32,143.0,0.0,0,21,0.0,68.64,0.0819236702058069,17.939504504524777,17.939856376929608,17.993841609704745,17.932875805946374,17.196258162721307,17.935863744810508,18.71592307815571,-0.0003518724048312,6.619504504524777,6.619856376929608,6.673841609704745,6.6128758059463735,6.619504504524777,6.619856376929608,6.673841609704745,6.6128758059463735,False,0.0003518724048312,0.4148412593839137,0.415040877352261,0.0111429023495436,0.3938127248172725,0.414926703151628,0.4372749730466728,1.000397458391605,1.0001584154064973,2.0561259411362083,0.9128756377779723,675
2026-09-10,jaou8_6151c,2026-09-10,2028-09,call,61.51,12.64,9.0,0.0,0,21,0.0,68.89666666666666,-0.1134080343353578,17.514466383803338,17.514642388298164,17.591191743375816,17.506878081825075,16.82198230779115,17.51406109736914,18.239461925945943,-0.0001760044948255,4.8744663838033375,4.874642388298163,4.951191743375816,4.8668780818250745,4.8744663838033375,4.874642388298163,4.951191743375816,4.8668780818250745,False,0.0001760044948255,0.4163886382092158,0.4166311397436242,0.0112249172618098,0.3950178657460702,0.4166129843626235,0.4392903375969713,1.0008684322406527,0.9999883831222012,2.0533880903490758,0.9105456575902731,676
2026-09-10,jaou8_6500c,2026-09-10,2028-09,call,65.0,10.59,30.0,0.0,0,21,0.0,68.89666666666666,-0.0582205276599975,16.11122647969862,16.11146107703308,16.19118447210518,16.103374786907104,15.389882716930144,16.11085568012919,16.86610027635318,-0.0002345973344617,5.521226479698619,5.521461077033081,5.6011844721051816,5.513374786907104,5.521226479698619,5.521461077033081,5.6011844721051816,5.513374786907104,False,0.0002345973344617,0.4163886382092158,0.4166311397436242,0.0112249172618098,0.3950178657460702,0.4166129843626235,0.4392903375969713,1.0008684322406527,0.9999883831222012,2.0533880903490758,0.9105456575902731,676
2026-09-10,jaou8_6570c,2026-09-10,2028-09,call,65.7,10.2,14.0,0.0,0,21,0.0,68.89666666666666,-0.0475088720650698,15.843994127361997,15.84424538157674,15.924558730747991,15.836099000362625,15.1173349120878,15.84363548582874,16.604283834156643,-0.0002512542147439,5.643994127361996,5.64424538157674,5.724558730747994,5.636099000362625,5.643994127361996,5.64424538157674,5.724558730747994,5.636099000362625,False,0.0002512542147439,0.4163886382092158,0.4166311397436242,0.0112249172618098,0.3950178657460702,0.4166129843626235,0.4392903375969713,1.0008684322406527,0.9999883831222012,2.0533880903490758,0.9105456575902731,676
2026-09-10,jaou8_6600c,2026-09-10,2028-09,call,66.0,10.04,15.0,0.0,0,21,0.0,68.89666666666666,-0.0429530555292092,15.730919454348657,15.731200925184323,15.811750446170471,15.72303049904984,15.002073748993524,15.730589229263424,16.49335560280796,-0.0002814708356684,5.690919454348656,5.691200925184324,5.771750446170472,5.68303049904984,5.690919454348656,5.691200925184324,5.771750446170472,5.68303049904984,False,0.0002814708356684,0.4163886382092158,0.4166311397436242,0.0112249172618098,0.3950178657460702,0.4166129843626235,0.4392903375969713,1.0008684322406527,0.9999883831222012,2.0533880903490758,0.9105456575902731,676
2026-09-10,jaou8_6650c,2026-09-10,2028-09,call,66.5,9.76,30.0,0.0,0,21,0.0,68.89666666666666,-0.0354058498938262,15.544334375569504,15.544642461569566,15.625551171942815,15.536435509533105,14.812012185935291,15.544028031061158,16.310323687612925,-0.0003080860000608,5.784334375569506,5.784642461569566,5.865551171942816,5.776435509533105,5.784334375569506,5.784642461569566,5.865551171942816,5.776435509533105,False,0.0003080860000608,0.4163886382092158,0.4166311397436242,0.0112249172618098,0.3950178657460702,0.4166129843626235,0.4392903375969713,1.0008684322406527,0.9999883831222012,2.0533880903490758,0.9105456575902731,676
2026-09-10,jaou8_6775c,2026-09-10,2028-09,call,67.75,9.1,6.0,0.0,0,21,0.0,68.89666666666666,-0.0167833377958244,15.08791731038576,15.088266711805682,15.170053572401637,15.07997064876812,14.347619751265883,15.08764560981711,15.862001062782806,-0.0003494014199212,5.987917310385761,5.988266711805682,6.070053572401637,5.979970648768122,5.987917310385761,5.988266711805682,6.070053572401637,5.979970648768122,False,0.0003494014199212,0.4163886382092158,0.4166311397436242,0.0112249172618098,0.3950178657460702,0.4166129843626235,0.4392903375969713,1.0008684322406527,0.9999883831222012,2.0533880903490758,0.9105456575902731,676
2026-09-10,jaou8_7000c,2026-09-10,2028-09,call,70.0,8.0,8.0,0.0,0,21,0.0,68.89666666666666,0.0158874444937242,14.30082030237894,14.30117220124413,14.384292069296803,14.29274082564658,13.548436048315942,14.300540968799735,15.08755431867446,-0.0003518988651887,6.300820302378941,6.30117220124413,6.384292069296803,6.292740825646581,6.300820302378941,6.30117220124413,6.384292069296803,6.292740825646581,False,0.0003518988651887,0.4163886382092158,0.4166311397436242,0.0112249172618098,0.3950178657460702,0.4166129843626235,0.4392903375969713,1.0008684322406527,0.9999883831222012,2.0533880903490758,0.9105456575902731,676
2026-09-10,jaou8_7110c,2026-09-10,2028-09,call,71.1,7.51,7.0,0.0,0,21,0.0,68.89666666666666,0.0314795392535603,13.931550322968226,13.931890236960449,14.015549106255683,13.92340436058728,13.17432656621024,13.931254924202303,14.723403148041072,-0.0003399139922226,6.421550322968226,6.421890236960449,6.505549106255684,6.413404360587281,6.421550322968226,6.421890236960449,6.505549106255684,6.413404360587281,False,0.0003399139922226,0.4163886382092158,0.4166311397436242,0.0112249172618098,0.3950178657460702,0.4166129843626235,0.4392903375969713,1.0008684322406527,0.9999883831222012,2.0533880903490758,0.9105456575902731,676
2026-09-10,jaou8_7275c,2026-09-10,2028-09,call,72.75,6.82,7.0,0.0,0,21,0.0,68.89666666666666,0.0544211084959672,13.395692683108232,13.396001124254694,13.480360246931186,13.387444297606866,12.632251743360015,13.395360499656888,14.194226037521274,-0.000308441146462,6.575692683108231,6.576001124254693,6.660360246931186,6.567444297606865,6.575692683108231,6.576001124254693,6.660360246931186,6.567444297606865,False,0.000308441146462,0.4163886382092158,0.4166311397436242,0.0112249172618098,0.3950178657460702,0.4166129843626235,0.4392903375969713,1.0008684322406527,0.9999883831222012,2.0533880903490758,0.9105456575902731,676
2026-09-10,jaou8_7340c,2026-09-10,2028-09,call,73.4,6.56,10.0,0.0,0,21,0.0,68.89666666666666,0.0633161380648353,13.190312258377975,13.19060741890574,13.275194458072514,13.182027538152052,12.424793543486327,13.189965068314416,13.991097764592205,-0.0002951605277612,6.630312258377978,6.630607418905739,6.7151944580725145,6.622027538152053,6.630312258377978,6.630607418905739,6.7151944580725145,6.622027538152053,False,0.0002951605277612,0.4163886382092158,0.4166311397436242,0.0112249172618098,0.3950178657460702,0.4166129843626235,0.4392903375969713,1.0008684322406527,0.9999883831222012,2.0533880903490758,0.9105456575902731,676
2026-09-10,jaou8_7450c,2026-09-10,2028-09,call,74.5,6.16,143.0,0.0,0,21,0.0,68.89666666666666,0.0781913278298791,12.850061376093056,12.850322546129982,12.93528523953044,12.841704645601036,12.08129887027281,12.849677349109225,13.654479918427736,-0.000261170036925,6.690061376093057,6.690322546129982,6.77528523953044,6.681704645601036,6.690061376093057,6.690322546129982,6.77528523953044,6.681704645601036,False,0.000261170036925,0.4163886382092158,0.4166311397436242,0.0112249172618098,0.3950178657460702,0.4166129843626235,0.4392903375969713,1.0008684322406527,0.9999883831222012,2.0533880903490758,0.9105456575902731,676
2026-09-10,jaou8_7500c,2026-09-10,2028-09,call,75.0,5.98,305.0,0.0,0,21,0.0,68.89666666666666,0.0848803159806756,12.698485683007224,12.698730708364334,12.783846638643285,12.69009734648859,11.928401712748055,12.69808435379774,13.504381928051394,-0.0002450253571097,6.718485683007224,6.718730708364333,6.803846638643284,6.71009734648859,6.718485683007224,6.718730708364333,6.803846638643284,6.71009734648859,False,0.0002450253571097,0.4163886382092158,0.4166311397436242,0.0112249172618098,0.3950178657460702,0.4166129843626235,0.4392903375969713,1.0008684322406527,0.9999883831222012,2.0533880903490758,0.9105456575902731,676
2026-09-10,jaou8_7560c,2026-09-10,2028-09,call,75.6,5.78,12.0,0.0,0,21,0.0,68.89666666666666,0.0928484856298525,12.519092980726048,12.519312198231855,12.604594940787049,12.510661937026976,11.74757685792353,12.51866457846189,13.32663411322551,-0.0002192175058102,6.739092980726047,6.739312198231857,6.8245949407870485,6.730661937026976,6.739092980726047,6.739312198231857,6.8245949407870485,6.730661937026976,False,0.0002192175058102,0.4163886382092158,0.4166311397436242,0.0112249172618098,0.3950178657460702,0.4166129843626235,0.4392903375969713,1.0008684322406527,0.9999883831222012,2.0533880903490758,0.9105456575902731,676
2026-09-10,jaou8_7670c,2026-09-10,2028-09,call,76.7,5.43,6.0,0.0,0,21,0.0,68.89666666666666,0.1072939108175758,12.197112326259385,12.197287873958349,12.282829792791556,12.188611434318776,11.423398352711562,12.1966382942855,13.007222612374196,-0.0001755476989639,6.767112326259383,6.767287873958347,6.852829792791555,6.758611434318777,6.767112326259383,6.767287873958347,6.852829792791555,6.758611434318777,False,0.0001755476989639,0.4163886382092158,0.4166311397436242,0.0112249172618098,0.3950178657460702,0.4166129843626235,0.4392903375969713,1.0008684322406527,0.9999883831222012,2.0533880903490758,0.9105456575902731,676
2026-09-10,jaou8_7925c,2026-09-10,2028-09,call,79.25,4.72,6.0,0.0,0,21,0.0,68.89666666666666,0.1399996152017553,11.483530039869244,11.48358896762837,11.569527726147887,11.47487265186652,10.706596781428992,11.482936402546814,12.297706642925355,-5.892775912563764e-05,6.763530039869244,6.76358896762837,6.849527726147888,6.75487265186652,6.763530039869244,6.76358896762837,6.849527726147888,6.75487265186652,False,5.892775912563764e-05,0.4163886382092158,0.4166311397436242,0.0112249172618098,0.3950178657460702,0.4166129843626235,0.4392903375969713,1.0008684322406527,0.9999883831222012,2.0533880903490758,0.9105456575902731,676
2026-09-10,jaou8_8000c,2026-09-10,2028-09,call,80.0,4.53,250.0,0.0,0,21,0.0,68.89666666666666,0.1494188371182469,11.281927430471798,11.28195001440826,11.36795309901614,11.273227269347426,10.50453257919819,11.281296967983884,12.09680957424382,-2.2583936463149712e-05,6.751927430471798,6.751950014408261,6.837953099016139,6.743227269347426,6.751927430471798,6.751950014408261,6.837953099016139,6.743227269347426,False,2.2583936463149712e-05,0.4163886382092158,0.4166311397436242,0.0112249172618098,0.3950178657460702,0.4166129843626235,0.4392903375969713,1.0008684322406527,0.9999883831222012,2.0533880903490758,0.9105456575902731,676
2026-09-10,jaou8_5000p,2026-09-10,2028-09,put,50.0,2.91,60.0,0.0,0,21,0.0,68.89666666666666,-0.3205847921274887,5.709910256077527,5.709096010539183,5.768690486486934,5.703054550423307,5.17361434026602,5.708643704080703,6.276915889092495,0.0008142455383444,2.799910256077527,2.7990960105391824,2.8586904864869336,2.793054550423306,2.799910256077527,2.7990960105391824,2.8586904864869336,2.793054550423306,False,0.0008142455383444,0.4163886382092158,0.4166311397436242,0.0112249172618098,0.3950178657460702,0.4166129843626235,0.4392903375969713,1.0008684322406527,0.9999883831222012,2.0533880903490758,0.9105456575902731,676
2026-09-10,jaou8_5500p,2026-09-10,2028-09,put,55.0,4.04,78.0,0.0,0,21,0.0,68.89666666666666,-0.2252746123231638,7.688371461684906,7.688195481109198,7.755641961954478,7.681355266592745,7.079349975434965,7.687683374243666,8.327955337458521,0.0001759805757082,3.6483714616849054,3.648195481109198,3.7156419619544776,3.641355266592745,3.6483714616849054,3.648195481109198,3.7156419619544776,3.641355266592745,False,0.0001759805757082,0.4163886382092158,0.4166311397436242,0.0112249172618098,0.3950178657460702,0.4166129843626235,0.4392903375969713,1.0008684322406527,0.9999883831222012,2.0533880903490758,0.9105456575902731,676
2026-09-10,jaou8_5700p,2026-09-10,2028-09,put,57.0,4.55,14.0,0.0,0,21,0.0,68.89666666666666,-0.1895565297210845,8.558423941433235,8.558359762322471,8.628452701857665,8.5512508907564,7.925158315814836,8.557827541888972,9.222582587259785,6.417911076361804e-05,4.008423941433235,4.008359762322471,4.078452701857665,4.0012508907564,4.008423941433235,4.008359762322471,4.078452701857665,4.0012508907564,False,6.417911076361804e-05,0.4163886382092158,0.4166311397436242,0.0112249172618098,0.3950178657460702,0.4166129843626235,0.4392903375969713,1.0008684322406527,0.9999883831222012,2.0533880903490758,0.9105456575902731,676
2026-09-10,jaou8_5740p,2026-09-10,2028-09,put,57.4,4.66,9.0,0.0,0,21,0.0,68.89666666666666,-0.1825634942301139,8.737586910341262,8.73759181606406,8.808179612385073,8.730432532518462,8.099720220524295,8.73705582143302,9.406316840400669,-4.905722798653756e-06,4.077586910341262,4.077591816064061,4.148179612385073,4.070432532518462,4.077586910341262,4.077591816064061,4.148179612385073,4.070432532518462,False,4.905722798653756e-06,0.4163886382092158,0.4166311397436242,0.0112249172618098,0.3950178657460702,0.4166129843626235,0.4392903375969713,1.0008684322406527,0.9999883831222012,2.0533880903490758,0.9105456575902731,676
2026-09-10,jaou8_6165p,2026-09-10,2028-09,put,61.65,5.91,10.0,0.0,0,21,0.0,68.89666666666666,-0.1111345679452814,10.742701441883511,10.742989631914526,10.818254048228653,10.735355359535028,10.06148419671599,10.742418076257977,11.455169820205612,-0.0002881900310143,4.832701441883511,4.832989631914526,4.9082540482286525,4.825355359535028,4.832701441883511,4.832989631914526,4.9082540482286525,4.825355359535028,False,0.0002881900310143,0.4163886382092158,0.4166311397436242,0.0112249172618098,0.3950178657460702,0.4166129843626235,0.4392903375969713,1.0008684322406527,0.9999883831222012,2.0533880903490758,0.9105456575902731,676
2026-09-10,jaou8_6200p,2026-09-10,2028-09,put,62.0,6.02,35.0,0.0,0,21,0.0,68.89666666666666,-0.1054734125105432,10.91583881760591,10.91612903885981,10.99173195165363,10.908460305900917,10.23153887337204,10.915554903240418,11.631512995521843,-0.0002902212539002,4.8958388176059096,4.89612903885981,4.971731951653631,4.888460305900917,4.8958388176059096,4.89612903885981,4.971731951653631,4.888460305900917,False,0.0002902212539002,0.4163886382092158,0.4166311397436242,0.0112249172618098,0.3950178657460702,0.4166129843626235,0.4392903375969713,1.0008684322406527,0.9999883831222012,2.0533880903490758,0.9105456575902731,676
2026-09-10,jaou8_6250p,2026-09-10,2028-09,put,62.5,6.18,7.0,0.0,0,21,0.0,68.89666666666666,-0.0974412408132788,11.165242585870171,11.165544954730665,11.241633837398638,11.157827032700313,10.476600051526814,11.16496713646928,11.88539956341278,-0.0003023688604937,4.985242585870171,4.985544954730665,5.061633837398638,4.977827032700311,4.985242585870171,4.985544954730665,5.061633837398638,4.977827032700311,False,0.0003023688604937,0.4163886382092158,0.4166311397436242,0.0112249172618098,0.3950178657460702,0.4166129843626235,0.4392903375969713,1.0008684322406527,0.9999883831222012,2.0533880903490758,0.9105456575902731,676
2026-09-10,jaou8_6500p,2026-09-10,2028-09,put,65.0,7.03,42.0,0.0,0,21,0.0,68.89666666666666,-0.0582205276599975,12.448342932003252,12.448692785296853,12.526992760580365,12.440750531027229,11.739526857087284,12.448098171936484,13.18939405450803,-0.000349853293601,5.418342932003252,5.4186927852968525,5.496992760580365,5.410750531027229,5.418342932003252,5.4186927852968525,5.496992760580365,5.410750531027229,False,0.000349853293601,0.4163886382092158,0.4166311397436242,0.0112249172618098,0.3950178657460702,0.4166129843626235,0.4392903375969713,1.0008684322406527,0.9999883831222012,2.0533880903490758,0.9105456575902731,676
2026-09-10,jaou8_6750p,2026-09-10,2028-09,put,67.5,7.96,12.0,0.0,0,21,0.0,68.89666666666666,-0.0204801996771505,13.79155505666372,13.791999509781364,13.872208178356695,13.783863247800396,13.065291165000188,13.79139037163077,14.550302384565288,-0.0004444531176446,5.83155505666372,5.831999509781364,5.912208178356697,5.823863247800396,5.83155505666372,5.831999509781364,5.912208178356697,5.823863247800396,False,0.0004444531176446,0.4163886382092158,0.4166311397436242,0.0112249172618098,0.3950178657460702,0.4166129843626235,0.4392903375969713,1.0008684322406527,0.9999883831222012,2.0533880903490758,0.9105456575902731,676
2026-09-10,jaou8_7000p,2026-09-10,2028-09,put,70.0,9.02,37.0,0.0,0,21,0.0,68.89666666666666,0.0158874444937242,15.190665042634937,15.191132197459268,15.27282864572335,15.18284485771807,14.450808476424449,15.190511748558396,15.963576384780673,-0.0004671548243315,6.170665042634937,6.1711321974592686,6.252828645723351,6.162844857718071,6.170665042634937,6.1711321974592686,6.252828645723351,6.162844857718071,False,0.0004671548243315,0.4163886382092158,0.4166311397436242,0.0112249172618098,0.3950178657460702,0.4166129843626235,0.4392903375969713,1.0008684322406527,0.9999883831222012,2.0533880903490758,0.9105456575902731,676
2026-09-10,jaou8_7450p,2026-09-10,2028-09,put,74.5,11.3,143.0,0.0,0,21,0.0,68.89666666666666,0.0781913278298791,17.83736157550528,17.837738001501346,17.921277275113216,17.829264136828755,17.081126757537543,17.83710358802411,18.62795744369018,-0.0003764259960661,6.53736157550528,6.537738001501346,6.621277275113215,6.529264136828754,6.53736157550528,6.537738001501346,6.621277275113215,6.529264136828754,False,0.0003764259960661,0.4163886382092158,0.4166311397436242,0.0112249172618098,0.3950178657460702,0.4166129843626235,0.4392903375969713,1.0008684322406527,0.9999883831222012,2.0533880903490758,0.9105456575902731,676
2026-09-11,jaou8_6151c,2026-09-11,2028-09,call,61.51,12.55,9.0,0.0,0,21,0.0,68.86000000000001,-0.112875694690101,17.45556181447894,17.45573837911135,17.406109693966798,17.450867758157045,16.771031101923654,17.44783576572698,18.183490844894934,-0.0001765646324081,4.90556181447894,4.905738379111348,4.856109693966797,4.900867758157045,4.90556181447894,4.905738379111348,4.856109693966797,4.900867758157045,False,0.0001765646324081,0.4163501821897206,0.4165026203486327,0.0112660826884411,0.3950933991520158,0.4162552884691434,0.4393005094618045,1.0004450325230752,1.000271294525296,2.0506502395619437,0.9093661818106702,677
2026-09-11,jaou8_6500c,2026-09-11,2028-09,call,65.0,10.51,30.0,0.0,0,21,0.0,68.86000000000001,-0.0576881880147408,16.054726419174823,16.054962276172542,16.00327584611903,16.049889705570713,15.341697749740842,16.046731998204436,16.812623157457143,-0.0002358569977189,5.544726419174824,5.544962276172543,5.493275846119031,5.5398897055707135,5.544726419174824,5.544962276172543,5.493275846119031,5.5398897055707135,False,0.0002358569977189,0.4163501821897206,0.4165026203486327,0.0112660826884411,0.3950933991520158,0.4162552884691434,0.4393005094618045,1.0004450325230752,1.000271294525296,2.0506502395619437,0.9093661818106702,677
2026-09-11,jaou8_6570c,2026-09-11,2028-09,call,65.7,10.12,14.0,0.0,0,21,0.0,68.86000000000001,-0.046976532419813,15.787977011504562,15.788231465184891,15.7361633520483,15.783121435730044,15.06970523071894,15.779940409990228,16.551293046847835,-0.0002544536803306,5.667977011504563,5.668231465184894,5.616163352048302,5.663121435730046,5.667977011504563,5.668231465184894,5.616163352048302,5.663121435730046,False,0.0002544536803306,0.4163501821897206,0.4165026203486327,0.0112660826884411,0.3950933991520158,0.4162552884691434,0.4393005094618045,1.0004450325230752,1.000271294525296,2.0506502395619437,0.9093661818106702,677
2026-09-11,jaou8_6600c,2026-09-11,2028-09,call,66.0,9.95,15.0,0.0,0,21,0.0,68.86000000000001,-0.0424207158839523,15.675107337408171,15.675392398466832,15.623170651260097,15.670267291173046,14.954682703815948,15.667076879382876,16.440574434048685,-0.0002850610586584,5.725107337408174,5.725392398466832,5.673170651260097,5.720267291173046,5.725107337408174,5.725392398466832,5.673170651260097,5.720267291173046,False,0.0002850610586584,0.4163501821897206,0.4165026203486327,0.0112660826884411,0.3950933991520158,0.4162552884691434,0.4393005094618045,1.0004450325230752,1.000271294525296,2.0506502395619437,0.9093661818106702,677
2026-09-11,jaou8_6650c,2026-09-11,2028-09,call,66.5,9.68,30.0,0.0,0,21,0.0,68.86000000000001,-0.0348735102485694,15.488862738265745,15.489170318786872,15.436716913008148,15.484022476232385,14.76501588981068,15.480817911598258,16.257894062052053,-0.0003075805211292,5.808862738265743,5.809170318786872,5.756716913008148,5.804022476232385,5.808862738265743,5.809170318786872,5.756716913008148,5.804022476232385,False,0.0003075805211292,0.4163501821897206,0.4165026203486327,0.0112660826884411,0.3950933991520158,0.4162552884691434,0.4393005094618045,1.0004450325230752,1.000271294525296,2.0506502395619437,0.9093661818106702,677
2026-09-11,jaou8_6775c,2026-09-11,2028-09,call,67.75,9.02,6.0,0.0,0,21,0.0,68.86000000000001,-0.0162509981505676,15.033290113034324,15.033641771906629,14.98062155354735,15.028438301659731,14.301583907782517,15.025199108434323,15.810418593759923,-0.0003516588723044,6.013290113034325,6.013641771906629,5.96062155354735,6.008438301659732,6.013290113034325,6.013641771906629,5.96062155354735,6.008438301659732,False,0.0003516588723044,0.4163501821897206,0.4165026203486327,0.0112660826884411,0.3950933991520158,0.4162552884691434,0.4393005094618045,1.0004450325230752,1.000271294525296,2.0506502395619437,0.9093661818106702,677
2026-09-11,jaou8_7000c,2026-09-11,2028-09,call,70.0,7.92,8.0,0.0,0,21,0.0,68.86000000000001,0.0164197841389811,14.247693329284564,14.248045885733632,14.194163547105976,14.242757805930143,13.504077726061466,14.239465942719228,15.037483943461694,-0.0003525564490693,6.327693329284564,6.3280458857336335,6.274163547105976,6.322757805930145,6.327693329284564,6.3280458857336335,6.274163547105976,6.322757805930145,False,0.0003525564490693,0.4163501821897206,0.4165026203486327,0.0112660826884411,0.3950933991520158,0.4162552884691434,0.4393005094618045,1.0004450325230752,1.000271294525296,2.0506502395619437,0.9093661818106702,677
2026-09-11,jaou8_7110c,2026-09-11,2028-09,call,71.1,7.43,7.0,0.0,0,21,0.0,68.86000000000001,0.0320118788988171,13.879141086028376,13.879481621922658,13.82525152038795,13.87415941223446,13.13076401080629,13.870846302953886,14.674053353580646,-0.0003405358942814,6.449141086028376,6.449481621922658,6.39525152038795,6.444159412234459,6.449141086028376,6.449481621922658,6.39525152038795,6.444159412234459,False,0.0003405358942814,0.4163501821897206,0.4165026203486327,0.0112660826884411,0.3950933991520158,0.4162552884691434,0.4393005094618045,1.0004450325230752,1.000271294525296,2.0506502395619437,0.9093661818106702,677
2026-09-11,jaou8_7275c,2026-09-11,2028-09,call,72.75,6.74,7.0,0.0,0,21,0.0,68.86000000000001,0.054953448141224,13.344350043579302,13.344659375074675,13.28997657045718,13.33929273654226,12.589861308986883,13.335951970024423,14.145933901091468,-0.0003093314953748,6.604350043579302,6.604659375074677,6.549976570457179,6.59929273654226,6.604350043579302,6.604659375074677,6.549976570457179,6.59929273654226,False,0.0003093314953748,0.4163501821897206,0.4165026203486327,0.0112660826884411,0.3950933991520158,0.4162552884691434,0.4393005094618045,1.0004450325230752,1.000271294525296,2.0506502395619437,0.9093661818106702,677
2026-09-11,jaou8_7340c,2026-09-11,2028-09,call,73.4,6.49,10.0,0.0,0,21,0.0,68.86000000000001,0.0638484777100921,13.13938324949138,13.139675828155555,13.084847436485834,13.13429490152856,12.382855112125585,13.13094524058124,13.943223527243486,-0.000292578664176,6.649383249491379,6.649675828155555,6.594847436485834,6.644294901528559,6.649383249491379,6.649675828155555,6.594847436485834,6.644294901528559,False,0.000292578664176,0.4163501821897206,0.4165026203486327,0.0112660826884411,0.3950933991520158,0.4162552884691434,0.4393005094618045,1.0004450325230752,1.000271294525296,2.0506502395619437,0.9093661818106702,677
2026-09-11,jaou8_7450c,2026-09-11,2028-09,call,74.5,6.09,143.0,0.0,0,21,0.0,68.86000000000001,0.078723667475136,12.799842494011234,12.800102417098625,12.745032027374672,12.794697740481269,12.040120615630874,12.791333295014343,13.60731264348375,-0.0002599230873912,6.709842494011234,6.710102417098625,6.6550320273746735,6.704697740481267,6.709842494011234,6.710102417098625,6.6550320273746735,6.704697740481267,False,0.0002599230873912,0.4163501821897206,0.4165026203486327,0.0112660826884411,0.3950933991520158,0.4162552884691434,0.4393005094618045,1.0004450325230752,1.000271294525296,2.0506502395619437,0.9093661818106702,677
2026-09-11,jaou8_7500c,2026-09-11,2028-09,call,75.0,5.91,305.0,0.0,0,21,0.0,68.86000000000001,0.0854126556259326,12.64859008722551,12.648834275674051,12.59366495961972,12.643419890303456,11.887567957357788,12.640049401076071,13.457530132396156,-0.0002441884485424,6.738590087225511,6.738834275674053,6.683664959619721,6.733419890303456,6.738590087225511,6.738834275674053,6.683664959619721,6.733419890303456,False,0.0002441884485424,0.4163501821897206,0.4165026203486327,0.0112660826884411,0.3950933991520158,0.4162552884691434,0.4393005094618045,1.0004450325230752,1.000271294525296,2.0506502395619437,0.9093661818106702,677
2026-09-11,jaou8_7560c,2026-09-11,2028-09,call,75.6,5.71,12.0,0.0,0,21,0.0,68.86000000000001,0.0933808252751093,12.46958334357534,12.4698013226734,12.414526416308911,12.464376574538289,11.70715881038629,12.460999634424285,13.28016319719184,-0.0002179790980587,6.759583343575341,6.7598013226734,6.704526416308913,6.754376574538289,6.759583343575341,6.7598013226734,6.704526416308913,6.754376574538289,False,0.0002179790980587,0.4163501821897206,0.4165026203486327,0.0112660826884411,0.3950933991520158,0.4162552884691434,0.4393005094618045,1.0004450325230752,1.000271294525296,2.0506502395619437,0.9093661818106702,677
2026-09-11,jaou8_7670c,2026-09-11,2028-09,call,76.7,5.36,6.0,0.0,0,21,0.0,68.86000000000001,0.1078262504628326,12.148298001961487,12.148472030599676,12.093031532565783,12.143031031091947,11.383721432500376,12.139643974395431,12.961437177128063,-0.0001740286381881,6.788298001961487,6.788472030599675,6.733031532565783,6.783031031091947,6.788298001961487,6.788472030599675,6.733031532565783,6.783031031091947,False,0.0001740286381881,0.4163501821897206,0.4165026203486327,0.0112660826884411,0.3950933991520158,0.4162552884691434,0.4393005094618045,1.0004450325230752,1.000271294525296,2.0506502395619437,0.9093661818106702,677
2026-09-11,jaou8_7925c,2026-09-11,2028-09,call,79.25,4.65,6.0,0.0,0,21,0.0,68.86000000000001,0.140531954847012,11.436301541864868,11.436358104738831,11.380665154096787,11.430892329217802,10.668596956322965,11.427489849295895,12.25346083521191,-5.6562873963272864e-05,6.786301541864868,6.786358104738831,6.730665154096787,6.780892329217801,6.786301541864868,6.786358104738831,6.730665154096787,6.780892329217801,False,5.6562873963272864e-05,0.4163501821897206,0.4165026203486327,0.0112660826884411,0.3950933991520158,0.4162552884691434,0.4393005094618045,1.0004450325230752,1.000271294525296,2.0506502395619437,0.9093661818106702,677
2026-09-11,jaou8_8000c,2026-09-11,2028-09,call,80.0,4.47,250.0,0.0,0,21,0.0,68.86000000000001,0.1499511767635036,11.235149447309375,11.235168394612568,11.179435995022688,11.229698747522676,10.467007413633675,11.226293857524606,12.053002808998569,-1.8947303191296783e-05,6.765149447309377,6.7651683946125685,6.709435995022688,6.759698747522678,6.765149447309377,6.7651683946125685,6.709435995022688,6.759698747522678,False,1.8947303191296783e-05,0.4163501821897206,0.4165026203486327,0.0112660826884411,0.3950933991520158,0.4162552884691434,0.4393005094618045,1.0004450325230752,1.000271294525296,2.0506502395619437,0.9093661818106702,677
2026-09-11,jaou8_5000p,2026-09-11,2028-09,put,50.0,2.88,60.0,0.0,0,21,0.0,68.86000000000001,-0.3200524524822318,5.69892042077784,5.698102746923998,5.659480188753912,5.694312280975041,5.168683489255049,5.691952691885373,6.268297127161397,0.0008176738538425,2.8189204207778404,2.818102746923998,2.779480188753912,2.8143122809750407,2.8189204207778404,2.818102746923998,2.779480188753912,2.8143122809750407,False,0.0008176738538425,0.4163501821897206,0.4165026203486327,0.0112660826884411,0.3950933991520158,0.4162552884691434,0.4393005094618045,1.0004450325230752,1.000271294525296,2.0506502395619437,0.9093661818106702,677
2026-09-11,jaou8_5500p,2026-09-11,2028-09,put,55.0,3.99,78.0,0.0,0,21,0.0,68.86000000000001,-0.224742272677907,7.675088838900532,7.674912371878545,7.631186138098921,7.670621024850523,7.072988172766997,7.667949634112906,8.317327850782318,0.000176467021987,3.685088838900532,3.6849123718785446,3.641186138098921,3.680621024850523,3.685088838900532,3.6849123718785446,3.641186138098921,3.680621024850523,False,0.000176467021987,0.4163501821897206,0.4165026203486327,0.0112660826884411,0.3950933991520158,0.4162552884691434,0.4393005094618045,1.0004450325230752,1.000271294525296,2.0506502395619437,0.9093661818106702,677
2026-09-11,jaou8_5700p,2026-09-11,2028-09,put,57.0,4.51,14.0,0.0,0,21,0.0,68.86000000000001,-0.1890241900758277,8.544199818734654,8.544136781965385,8.498692209574612,8.539676795046509,7.918144081480938,8.53690042490744,9.211099895259348,6.303676926933122e-05,4.034199818734654,4.034136781965385,3.988692209574612,4.029676795046509,4.034199818734654,4.034136781965385,3.988692209574612,4.029676795046509,False,6.303676926933122e-05,0.4163501821897206,0.4165026203486327,0.0112660826884411,0.3950933991520158,0.4162552884691434,0.4393005094618045,1.0004450325230752,1.000271294525296,2.0506502395619437,0.9093661818106702,677
2026-09-11,jaou8_5740p,2026-09-11,2028-09,put,57.4,4.62,9.0,0.0,0,21,0.0,68.86000000000001,-0.1820311545848571,8.723172709103538,8.723179636704353,8.6774141196403,8.718688151875623,8.092569676837563,8.715892174087934,9.394661231080786,-6.927600814776724e-06,4.103172709103538,4.103179636704353,4.0574141196403,4.098688151875623,4.103172709103538,4.103179636704353,4.0574141196403,4.098688151875623,False,6.927600814776724e-06,0.4163501821897206,0.4165026203486327,0.0112660826884411,0.3950933991520158,0.4162552884691434,0.4393005094618045,1.0004450325230752,1.000271294525296,2.0506502395619437,0.9093661818106702,677
2026-09-11,jaou8_6165p,2026-09-11,2028-09,put,61.65,5.87,10.0,0.0,0,21,0.0,68.86000000000001,-0.1106022283000246,10.726237246475174,10.726526644761922,10.677727773307264,10.721737462756376,10.052830338417175,10.718756166588332,11.441609490529377,-0.000289398286748,4.856237246475174,4.856526644761922,4.807727773307263,4.851737462756375,4.856237246475174,4.856526644761922,4.807727773307263,4.851737462756375,False,0.000289398286748,0.4163501821897206,0.4165026203486327,0.0112660826884411,0.3950933991520158,0.4162552884691434,0.4393005094618045,1.0004450325230752,1.000271294525296,2.0506502395619437,0.9093661818106702,677
2026-09-11,jaou8_6200p,2026-09-11,2028-09,put,62.0,5.98,35.0,0.0,0,21,0.0,68.86000000000001,-0.1049410728652862,10.89920333166198,10.899494502265718,10.8504755657255,10.894683722798662,10.222753420301595,10.891688982073877,11.61778877035763,-0.0002911706037362,4.919203331661981,4.919494502265717,4.870475565725499,4.914683722798662,4.919203331661981,4.919494502265717,4.870475565725499,4.914683722798662,False,0.0002911706037362,0.4163501821897206,0.4165026203486327,0.0112660826884411,0.3950933991520158,0.4162552884691434,0.4393005094618045,1.0004450325230752,1.000271294525296,2.0506502395619437,0.9093661818106702,677
2026-09-11,jaou8_6250p,2026-09-11,2028-09,put,62.5,6.14,7.0,0.0,0,21,0.0,68.86000000000001,-0.0969089011680221,11.148362199532984,11.148666744385151,11.099333882017593,11.143825155846525,10.467621705841134,11.140811236279312,11.871448458772386,-0.0003045448521667,5.008362199532985,5.008666744385152,4.959333882017591,5.003825155846523,5.008362199532985,5.008666744385152,4.959333882017591,5.003825155846523,False,0.0003045448521667,0.4163501821897206,0.4165026203486327,0.0112660826884411,0.3950933991520158,0.4162552884691434,0.4393005094618045,1.0004450325230752,1.000271294525296,2.0506502395619437,0.9093661818106702,677
2026-09-11,jaou8_6500p,2026-09-11,2028-09,put,65.0,6.98,42.0,0.0,0,21,0.0,68.86000000000001,-0.0576881880147408,12.430235310650776,12.430586873880204,12.379819769855056,12.42560452707948,11.729574940706884,12.422502984601527,13.174274376035791,-0.0003515632294295,5.450235310650776,5.450586873880205,5.399819769855057,5.44560452707948,5.450235310650776,5.450586873880205,5.399819769855057,5.44560452707948,False,0.0003515632294295,0.4163501821897206,0.4165026203486327,0.0112660826884411,0.3950933991520158,0.4162552884691434,0.4393005094618045,1.0004450325230752,1.000271294525296,2.0506502395619437,0.9093661818106702,677
2026-09-11,jaou8_6750p,2026-09-11,2028-09,put,67.5,7.91,12.0,0.0,0,21,0.0,68.86000000000001,-0.0199478600318937,13.77220488899267,13.772653657494027,13.72065200621406,13.767550150688542,13.05434553865764,13.764373185339316,14.53395948750145,-0.0004487685013572,5.86220488899267,5.862653657494027,5.81065200621406,5.857550150688542,5.86220488899267,5.862653657494027,5.81065200621406,5.857550150688542,False,0.0004487685013572,0.4163501821897206,0.4165026203486327,0.0112660826884411,0.3950933991520158,0.4162552884691434,0.4393005094618045,1.0004450325230752,1.000271294525296,2.0506502395619437,0.9093661818106702,677
2026-09-11,jaou8_7000p,2026-09-11,2028-09,put,70.0,8.97,37.0,0.0,0,21,0.0,68.86000000000001,0.0164197841389811,15.17003312981387,15.170501392494648,15.117538379895352,15.165303536492264,14.438785826080858,15.16206783816967,15.945966071093697,-0.0004682626807781,6.200033129813869,6.200501392494648,6.147538379895352,6.195303536492263,6.200033129813869,6.200501392494648,6.147538379895352,6.195303536492263,False,0.0004682626807781,0.4163501821897206,0.4165026203486327,0.0112660826884411,0.3950933991520158,0.4162552884691434,0.4393005094618045,1.0004450325230752,1.000271294525296,2.0506502395619437,0.9093661818106702,677
2026-09-11,jaou8_7450p,2026-09-11,2028-09,put,74.5,11.25,143.0,0.0,0,21,0.0,68.86000000000001,0.078723667475136,17.814330112688552,17.81470574200765,17.760554678312065,17.809391289191396,17.06697653379828,17.806083008612795,18.607942589263764,-0.0003756293190981,6.564330112688552,6.56470574200765,6.510554678312065,6.559391289191396,6.564330112688552,6.56470574200765,6.510554678312065,6.559391289191396,False,0.0003756293190981,0.4163501821897206,0.4165026203486327,0.0112660826884411,0.3950933991520158,0.4162552884691434,0.4393005094618045,1.0004450325230752,1.000271294525296,2.0506502395619437,0.9093661818106702,677
2026-09-14,jaou8_6151c,2026-09-14,2028-09,call,61.51,12.44,9.0,0.0,0,21,0.0,68.85000000000002,-0.1127304619543872,17.418775331137386,17.418951339096907,17.39205133304026,17.409188122306812,16.736264704287997,17.41212154844782,18.14212252396211,-0.0001760079595207,4.978775331137387,4.978951339096907,4.952051333040261,4.969188122306813,4.978775331137387,4.978951339096907,4.952051333040261,4.969188122306813,False,0.0001760079595207,0.4161159230664407,0.4164221067765169,0.0112194065737555,0.3950322438257023,0.4162079180839025,0.4391227072678588,1.0002431577736233,1.000157334885825,2.0424366872005475,0.9093341547659775,678
2026-09-14,jaou8_6500c,2026-09-14,2028-09,call,65.0,10.39,30.0,0.0,0,21,0.0,68.85000000000002,-0.057542955279027,16.017061486600355,16.017294830562726,15.98927970592998,16.007126887305947,15.306127426727134,16.010181916318516,16.770195732424884,-0.0002333439623711,5.627061486600354,5.627294830562725,5.599279705929979,5.617126887305947,5.627061486600354,5.627294830562725,5.599279705929979,5.617126887305947,False,0.0002333439623711,0.4161159230664407,0.4164221067765169,0.0112194065737555,0.3950322438257023,0.4162079180839025,0.4391227072678588,1.0002431577736233,1.000157334885825,2.0424366872005475,0.9093341547659775,678
2026-09-14,jaou8_6570c,2026-09-14,2028-09,call,65.7,10.0,14.0,0.0,0,21,0.0,68.85000000000002,-0.0468312996840993,15.750158195565923,15.750407025938497,15.722183890732964,15.740163586330064,15.033998439898154,15.743241298744652,16.508692405272978,-0.0002488303725733,5.750158195565923,5.750407025938497,5.722183890732964,5.740163586330063,5.750158195565923,5.750407025938497,5.722183890732964,5.740163586330063,False,0.0002488303725733,0.4161159230664407,0.4164221067765169,0.0112194065737555,0.3950322438257023,0.4162079180839025,0.4391227072678588,1.0002431577736233,1.000157334885825,2.0424366872005475,0.9093341547659775,678
2026-09-14,jaou8_6600c,2026-09-14,2028-09,call,66.0,9.84,15.0,0.0,0,21,0.0,68.85000000000002,-0.0422754831482386,15.637227952371028,15.63750607357279,15.609199760105495,15.627232444848412,14.918919597911554,15.630319227792093,16.397901769760715,-0.000278121201763,5.797227952371028,5.797506073572791,5.769199760105497,5.787232444848412,5.797227952371028,5.797506073572791,5.769199760105497,5.787232444848412,False,0.000278121201763,0.4161159230664407,0.4164221067765169,0.0112194065737555,0.3950322438257023,0.4162079180839025,0.4391227072678588,1.0002431577736233,1.000157334885825,2.0424366872005475,0.9093341547659775,678
2026-09-14,jaou8_6650c,2026-09-14,2028-09,call,66.5,9.57,30.0,0.0,0,21,0.0,68.85000000000002,-0.0347282775128557,15.450888669385089,15.451193842392032,15.422760836755,15.440874231405932,14.729159400952648,15.44397483003879,16.215100357164157,-0.0003051730069447,5.880888669385087,5.881193842392031,5.852760836755,5.870874231405932,5.880888669385087,5.881193842392031,5.852760836755,5.870874231405932,False,0.0003051730069447,0.4161159230664407,0.4164221067765169,0.0112194065737555,0.3950322438257023,0.4162079180839025,0.4391227072678588,1.0002431577736233,1.000157334885825,2.0424366872005475,0.9093341547659775,678
2026-09-14,jaou8_6775c,2026-09-14,2028-09,call,67.75,8.91,6.0,0.0,0,21,0.0,68.85000000000002,-0.0161057654148539,14.995104540763371,14.995450508421658,14.96670973864446,14.9850191960473,14.26553739464434,14.98815335613632,15.767368557400316,-0.0003459676582853,6.085104540763373,6.085450508421658,6.056709738644461,6.0750191960473,6.085104540763373,6.085450508421658,6.056709738644461,6.0750191960473,False,0.0003459676582853,0.4161159230664407,0.4164221067765169,0.0112194065737555,0.3950322438257023,0.4162079180839025,0.4391227072678588,1.0002431577736233,1.000157334885825,2.0424366872005475,0.9093341547659775,678
2026-09-14,jaou8_7000c,2026-09-14,2028-09,call,70.0,7.81,8.0,0.0,0,21,0.0,68.85000000000002,0.0165650168746948,14.2092093952336,14.209557810477,14.180350063191163,14.198957011053334,13.46777749012221,14.202142094700818,14.99404755467726,-0.0003484152434012,6.3992093952336,6.399557810477002,6.370350063191165,6.388957011053335,6.3992093952336,6.399557810477002,6.370350063191165,6.388957011053335,False,0.0003484152434012,0.4161159230664407,0.4164221067765169,0.0112194065737555,0.3950322438257023,0.4162079180839025,0.4391227072678588,1.0002431577736233,1.000157334885825,2.0424366872005475,0.9093341547659775,678
2026-09-14,jaou8_7110c,2026-09-14,2028-09,call,71.1,7.31,7.0,0.0,0,21,0.0,68.85000000000002,0.032157111634531,13.84055079884958,13.84088577213958,13.811490484512698,13.830216905928022,13.094378946566303,13.833422440713612,14.630468246186048,-0.0003349732900002,6.530550798849579,6.530885772139579,6.501490484512698,6.520216905928023,6.530550798849579,6.530885772139579,6.501490484512698,6.520216905928023,False,0.0003349732900002,0.4161159230664407,0.4164221067765169,0.0112194065737555,0.3950322438257023,0.4162079180839025,0.4391227072678588,1.0002431577736233,1.000157334885825,2.0424366872005475,0.9093341547659775,678
2026-09-14,jaou8_7275c,2026-09-14,2028-09,call,72.75,6.63,7.0,0.0,0,21,0.0,68.85000000000002,0.0550986808769377,13.305640157110872,13.30594407620761,13.276304225645667,13.2951864471553,12.553392222884073,13.298418651351495,14.102174970181736,-0.0003039190967371,6.675640157110872,6.675944076207609,6.646304225645667,6.665186447155301,6.675640157110872,6.675944076207609,6.646304225645667,6.665186447155301,False,0.0003039190967371,0.4161159230664407,0.4164221067765169,0.0112194065737555,0.3950322438257023,0.4162079180839025,0.4391227072678588,1.0002431577736233,1.000157334885825,2.0424366872005475,0.9093341547659775,678
2026-09-14,jaou8_7340c,2026-09-14,2028-09,call,73.4,6.38,10.0,0.0,0,21,0.0,68.85000000000002,0.0639937104458057,13.10064186680574,13.100930099428036,13.071211810868936,13.090144001714076,12.346366127909103,13.093384759516946,13.89940750259824,-0.0002882326222941,6.7206418668057415,6.720930099428036,6.6912118108689365,6.7101440017140765,6.7206418668057415,6.720930099428036,6.6912118108689365,6.7101440017140765,False,0.0002882326222941,0.4161159230664407,0.4164221067765169,0.0112194065737555,0.3950322438257023,0.4162079180839025,0.4391227072678588,1.0002431577736233,1.000157334885825,2.0424366872005475,0.9093341547659775,678
2026-09-14,jaou8_7450c,2026-09-14,2028-09,call,74.5,5.98,143.0,0.0,0,21,0.0,68.85000000000002,0.0788689002108496,12.761056539258348,12.761311722898816,12.731463171112784,12.750478346826569,12.00361387654302,12.753733309739811,13.563413236528152,-0.0002551836404691,6.781056539258348,6.781311722898817,6.751463171112784,6.770478346826568,6.781056539258348,6.781311722898817,6.751463171112784,6.770478346826568,False,0.0002551836404691,0.4161159230664407,0.4164221067765169,0.0112194065737555,0.3950322438257023,0.4162079180839025,0.4391227072678588,1.0002431577736233,1.000157334885825,2.0424366872005475,0.9093341547659775,678
2026-09-14,jaou8_7500c,2026-09-14,2028-09,call,75.0,5.8,305.0,0.0,0,21,0.0,68.85000000000002,0.0855578883616461,12.60979285103421,12.610032230744686,12.5801303997443,12.599179517259683,11.851058698335292,12.602440290232591,13.413604779540526,-0.0002393797104751,6.809792851034211,6.810032230744686,6.780130399744299,6.799179517259685,6.809792851034211,6.810032230744686,6.780130399744299,6.799179517259685,False,0.0002393797104751,0.4161159230664407,0.4164221067765169,0.0112194065737555,0.3950322438257023,0.4162079180839025,0.4391227072678588,1.0002431577736233,1.000157334885825,2.0424366872005475,0.9093341547659775,678
2026-09-14,jaou8_7560c,2026-09-14,2028-09,call,75.6,5.6,12.0,0.0,0,21,0.0,68.85000000000002,0.0935260580108231,12.430781029298895,12.43099487109778,12.401036193130604,12.420121525302903,11.670658782896837,12.423388497396289,13.236209770693414,-0.0002138417988835,6.8307810292988975,6.830994871097781,6.801036193130605,6.8201215253029055,6.8307810292988975,6.830994871097781,6.801036193130605,6.8201215253029055,False,0.0002138417988835,0.4161159230664407,0.4164221067765169,0.0112194065737555,0.3950322438257023,0.4162079180839025,0.4391227072678588,1.0002431577736233,1.000157334885825,2.0424366872005475,0.9093341547659775,678
2026-09-14,jaou8_7670c,2026-09-14,2028-09,call,76.7,5.26,6.0,0.0,0,21,0.0,68.85000000000002,0.1079714831985463,12.109490980167983,12.109660625156852,12.07961296371976,12.098754983276033,11.347244412549594,12.102031658952242,12.917443360389752,-0.000169644988869,6.849490980167984,6.849660625156853,6.819612963719761,6.838754983276033,6.849490980167984,6.849660625156853,6.819612963719761,6.838754983276033,False,0.000169644988869,0.4161159230664407,0.4164221067765169,0.0112194065737555,0.3950322438257023,0.4162079180839025,0.4391227072678588,1.0002431577736233,1.000157334885825,2.0424366872005475,0.9093341547659775,678
2026-09-14,jaou8_7925c,2026-09-14,2028-09,call,79.25,4.55,6.0,0.0,0,21,0.0,68.85000000000002,0.1406771875827258,11.397573870276505,11.39762684947068,11.367444874673373,11.386672459256836,10.632256745351128,11.389963781707516,12.20946946355488,-5.297919417479591e-05,6.847573870276505,6.84762684947068,6.817444874673373,6.836672459256836,6.847573870276505,6.84762684947068,6.817444874673373,6.836672459256836,False,5.297919417479591e-05,0.4161159230664407,0.4164221067765169,0.0112194065737555,0.3950322438257023,0.4162079180839025,0.4391227072678588,1.0002431577736233,1.000157334885825,2.0424366872005475,0.9093341547659775,678
2026-09-14,jaou8_8000c,2026-09-14,2028-09,call,80.0,4.36,250.0,0.0,0,21,0.0,68.85000000000002,0.1500964094992174,11.196460210872075,11.19647511452152,11.166272529514451,11.18551324393962,10.430723205129397,11.18880681391872,12.009030853213238,-1.4903649445230371e-05,6.836460210872075,6.83647511452152,6.806272529514451,6.8255132439396204,6.836460210872075,6.83647511452152,6.806272529514451,6.8255132439396204,False,1.4903649445230371e-05,0.4161159230664407,0.4164221067765169,0.0112194065737555,0.3950322438257023,0.4162079180839025,0.4391227072678588,1.0002431577736233,1.000157334885825,2.0424366872005475,0.9093341547659775,678
2026-09-14,jaou8_5000p,2026-09-14,2028-09,put,50.0,2.81,60.0,0.0,0,21,0.0,68.85000000000002,-0.3199072197465181,5.677263754469394,5.676453107570613,5.655532635363159,5.668860131380109,5.148831233093359,5.671141493693796,6.242780688919428,0.0008106468987802,2.867263754469393,2.866453107570613,2.8455326353631585,2.858860131380109,2.867263754469393,2.866453107570613,2.8455326353631585,2.858860131380109,False,0.0008106468987802,0.4161159230664407,0.4164221067765169,0.0112194065737555,0.3950322438257023,0.4162079180839025,0.4391227072678588,1.0002431577736233,1.000157334885825,2.0424366872005475,0.9093341547659775,678
2026-09-14,jaou8_5500p,2026-09-14,2028-09,put,55.0,3.92,78.0,0.0,0,21,0.0,68.85000000000002,-0.2245970399421932,7.6507425807325875,7.650564490892088,7.626868237096651,7.641964059262787,7.050496655623821,7.644548118544452,8.288851397325073,0.0001780898404994,3.730742580732588,3.730564490892088,3.706868237096651,3.7219640592627874,3.730742580732588,3.730564490892088,3.706868237096651,3.7219640592627874,False,0.0001780898404994,0.4161159230664407,0.4164221067765169,0.0112194065737555,0.3950322438257023,0.4162079180839025,0.4391227072678588,1.0002431577736233,1.000157334885825,2.0424366872005475,0.9093341547659775,678
2026-09-14,jaou8_5700p,2026-09-14,2028-09,put,57.0,4.43,14.0,0.0,0,21,0.0,68.85000000000002,-0.1888789573401141,8.518967063521647,8.518900255295534,8.494272293192518,8.509961664999175,7.894799293596148,8.512647326395705,9.181638698431158,6.680822611215831e-05,4.088967063521647,4.088900255295535,4.064272293192518,4.079961664999175,4.088967063521647,4.088900255295535,4.064272293192518,4.079961664999175,False,6.680822611215831e-05,0.4161159230664407,0.4164221067765169,0.0112194065737555,0.3950322438257023,0.4162079180839025,0.4391227072678588,1.0002431577736233,1.000157334885825,2.0424366872005475,0.9093341547659775,678
2026-09-14,jaou8_5740p,2026-09-14,2028-09,put,57.4,4.54,9.0,0.0,0,21,0.0,68.85000000000002,-0.1818859218491435,8.697773002893785,8.697774716057701,8.67297081565612,8.68877226987421,8.069068655064811,8.691477117214532,9.36501951340604,-1.7131639165057775e-06,4.1577730028937845,4.157774716057701,4.13297081565612,4.14877226987421,4.1577730028937845,4.157774716057701,4.13297081565612,4.14877226987421,False,1.7131639165057775e-06,0.4161159230664407,0.4164221067765169,0.0112194065737555,0.3950322438257023,0.4162079180839025,0.4391227072678588,1.0002431577736233,1.000157334885825,2.0424366872005475,0.9093341547659775,678
2026-09-14,jaou8_6165p,2026-09-14,2028-09,put,61.65,5.77,10.0,0.0,0,21,0.0,68.85000000000002,-0.1104569955643108,10.699306985073912,10.699593156814004,10.673140599444684,10.68999233918946,10.027848011033376,10.692876971375796,11.410219456946006,-0.0002861717400932,4.929306985073913,4.929593156814006,4.903140599444685,4.919992339189459,4.929306985073913,4.929593156814006,4.903140599444685,4.919992339189459,False,0.0002861717400932,0.4161159230664407,0.4164221067765169,0.0112194065737555,0.3950322438257023,0.4162079180839025,0.4391227072678588,1.0002431577736233,1.000157334885825,2.0424366872005475,0.9093341547659775,678
2026-09-14,jaou8_6200p,2026-09-14,2028-09,put,62.0,5.88,35.0,0.0,0,21,0.0,68.85000000000002,-0.1047958401295726,10.872165543415154,10.87245330860322,10.84588108404102,10.862809058395635,10.197669892944807,10.865706740202524,11.586279259611,-0.0002877651880677,4.992165543415154,4.9924533086032215,4.96588108404102,4.982809058395637,4.992165543415154,4.9924533086032215,4.96588108404102,4.982809058395637,False,0.0002877651880677,0.4161159230664407,0.4164221067765169,0.0112194065737555,0.3950322438257023,0.4162079180839025,0.4391227072678588,1.0002431577736233,1.000157334885825,2.0424366872005475,0.9093341547659775,678
2026-09-14,jaou8_6250p,2026-09-14,2028-09,put,62.5,6.04,7.0,0.0,0,21,0.0,68.85000000000002,-0.0967636684323084,11.121174354164449,11.121473399804708,11.09473102740437,11.11176739532738,10.442401095822792,11.114683631632552,11.839755341407743,-0.0002990456402578,5.081174354164449,5.081473399804707,5.05473102740437,5.07176739532738,5.081174354164449,5.081473399804707,5.05473102740437,5.07176739532738,False,0.0002990456402578,0.4161159230664407,0.4164221067765169,0.0112194065737555,0.3950322438257023,0.4162079180839025,0.4391227072678588,1.0002431577736233,1.000157334885825,2.0424366872005475,0.9093341547659775,678
2026-09-14,jaou8_6500p,2026-09-14,2028-09,put,65.0,6.88,42.0,0.0,0,21,0.0,68.85000000000002,-0.057542955279027,12.402358668358875,12.402706098293043,12.375187247561252,12.392718275058249,11.703720127560963,12.395719185762026,13.14176626895428,-0.0003474299341661,5.522358668358877,5.522706098293043,5.495187247561252,5.512718275058247,5.522358668358877,5.522706098293043,5.495187247561252,5.512718275058247,False,0.0003474299341661,0.4161159230664407,0.4164221067765169,0.0112194065737555,0.3950322438257023,0.4162079180839025,0.4391227072678588,1.0002431577736233,1.000157334885825,2.0424366872005475,0.9093341547659775,678
2026-09-14,jaou8_6750p,2026-09-14,2028-09,put,67.5,7.8,12.0,0.0,0,21,0.0,68.85000000000002,-0.01980262729618,13.743766117637724,13.744207110701923,13.716016778078648,13.733975576619503,13.027970163126652,13.7370497119363,14.500799201852423,-0.0004409930642008,5.943766117637723,5.944207110701924,5.916016778078647,5.933975576619504,5.943766117637723,5.944207110701924,5.916016778078647,5.933975576619504,False,0.0004409930642008,0.4161159230664407,0.4164221067765169,0.0112194065737555,0.3950322438257023,0.4162079180839025,0.4391227072678588,1.0002431577736233,1.000157334885825,2.0424366872005475,0.9093341547659775,678
2026-09-14,jaou8_7000p,2026-09-14,2028-09,put,70.0,8.86,37.0,0.0,0,21,0.0,68.85000000000002,0.0165650168746948,15.141177350822009,15.141639852037208,15.112928378652327,15.131219172635523,14.412040964785929,15.13435013797422,15.912288865036544,-0.0004625012151997,6.281177350822008,6.281639852037207,6.252928378652328,6.271219172635526,6.281177350822008,6.281639852037207,6.252928378652328,6.271219172635526,False,0.0004625012151997,0.4161159230664407,0.4164221067765169,0.0112194065737555,0.3950322438257023,0.4162079180839025,0.4391227072678588,1.0002431577736233,1.000157334885825,2.0424366872005475,0.9093341547659775,678
2026-09-14,jaou8_7450p,2026-09-14,2028-09,put,74.5,11.14,143.0,0.0,0,21,0.0,68.85000000000002,0.0788689002108496,17.785028191293655,17.785397460905923,17.756045183020845,17.774744204855658,17.03988104765364,17.77794504946011,18.573658243334336,-0.0003692696122676,6.645028191293655,6.645397460905922,6.616045183020844,6.634744204855657,6.645028191293655,6.645397460905922,6.616045183020844,6.634744204855657,False,0.0003692696122676,0.4161159230664407,0.4164221067765169,0.0112194065737555,0.3950322438257023,0.4162079180839025,0.4391227072678588,1.0002431577736233,1.000157334885825,2.0424366872005475,0.9093341547659775,678
