valuation_date_panel,contract_id,trade_date,expiry_month,option_type,strike,market_price,open_interest,volume,n_realized_fixings,n_remaining_fixings,fraction_fixed,expected_average,log_moneyness,full_bayes_price,postmean_plugin_price,sigma_mode_plugin_price,mle_plugin_price,posterior_price_q025,posterior_price_median,posterior_price_q975,fb_minus_pm,fb_error,pm_error,sigma_mode_error,mle_error,fb_abs_error,pm_abs_error,sigma_mode_abs_error,mle_abs_error,positive_volume,abs_fb_minus_pm,run_sigma_mle,run_sigma_posterior_mean,run_sigma_posterior_sd,run_sigma_q025,run_sigma_q50,run_sigma_q975,run_mu_rhat,run_sigma_rhat,time_to_payoff_years,discount_factor,n_usable_returns
2026-08-25,jaou7_6820c,2026-08-25,2027-09,call,68.2,9.65,30.0,0.0,0,22,0.0,71.30136363636362,-0.04447088772264,12.662488383393883,12.66264619846454,12.72642707908802,12.657961541744656,12.091892830219924,12.657448559701455,13.25850026759829,-0.000157815070656,3.012488383393883,3.012646198464539,3.0764270790880204,3.0079615417446544,3.012488383393883,3.012646198464539,3.0764270790880204,3.0079615417446544,False,0.000157815070656,0.4157274542256446,0.4159071885081959,0.0113889426006261,0.3940308610838516,0.4157077728562276,0.4387943088563427,1.000370297688096,1.0000529857963072,1.0978781656399725,0.9567656018041508,665
2026-08-25,jaou7_6825c,2026-08-25,2027-09,call,68.25,9.62,15.0,0.0,0,22,0.0,71.30136363636362,-0.0437380185069874,12.640654331806228,12.640814758684188,12.704634506607125,12.636127241042724,12.069727043841146,12.635613945721202,13.23701364744588,-0.0001604268779598,3.020654331806229,3.020814758684189,3.084634506607124,3.0161272410427244,3.020654331806229,3.020814758684189,3.084634506607124,3.0161272410427244,False,0.0001604268779598,0.4157274542256446,0.4159071885081959,0.0113889426006261,0.3940308610838516,0.4157077728562276,0.4387943088563427,1.000370297688096,1.0000529857963072,1.0978781656399725,0.9567656018041508,665
2026-08-25,jaou7_6860c,2026-08-25,2027-09,call,68.6,9.44,21.0,0.0,0,22,0.0,71.30136363636362,-0.038622917840217,12.488782489831916,12.488942494543092,12.55301535141101,12.484236418752095,11.915534684072115,12.48372109126514,13.087538618864606,-0.0001600047111764,3.0487824898319165,3.048942494543093,3.1130153514110117,3.0442364187520976,3.0487824898319165,3.048942494543093,3.1130153514110117,3.0442364187520976,False,0.0001600047111764,0.4157274542256446,0.4159071885081959,0.0113889426006261,0.3940308610838516,0.4157077728562276,0.4387943088563427,1.000370297688096,1.0000529857963072,1.0978781656399725,0.9567656018041508,665
2026-08-25,jaou7_6900c,2026-08-25,2027-09,call,69.0,9.23,30.0,0.0,0,22,0.0,71.30136363636362,-0.0328089479747971,12.317303020809891,12.317477558295648,12.381837814763331,12.312750243633351,11.741492637333945,12.312232590434984,12.918666260984986,-0.0001745374857566,3.087303020809891,3.087477558295648,3.151837814763331,3.0827502436333525,3.087303020809891,3.087477558295648,3.151837814763331,3.0827502436333525,False,0.0001745374857566,0.4157274542256446,0.4159071885081959,0.0113889426006261,0.3940308610838516,0.4157077728562276,0.4387943088563427,1.000370297688096,1.0000529857963072,1.0978781656399725,0.9567656018041508,665
2026-08-25,jaou7_6905c,2026-08-25,2027-09,call,69.05,9.2,4.0,0.0,0,22,0.0,71.30136363636362,-0.0320845727167553,12.296024874439215,12.29620382344064,12.36059979616048,12.291473915364811,11.719897827848476,12.290955978180946,12.897695174259557,-0.0001789490014232,3.096024874439216,3.0962038234406397,3.160599796160481,3.091473915364814,3.096024874439216,3.0962038234406397,3.160599796160481,3.091473915364814,False,0.0001789490014232,0.4157274542256446,0.4159071885081959,0.0113889426006261,0.3940308610838516,0.4157077728562276,0.4387943088563427,1.000370297688096,1.0000529857963072,1.0978781656399725,0.9567656018041508,665
2026-08-25,jaou7_6930c,2026-08-25,2027-09,call,69.3,9.08,7.0,0.0,0,22,0.0,71.30136363636362,-0.028470546376199,12.19014285236052,12.190340588186844,12.25489797413654,12.18559872051224,11.612492036179315,12.185079473721334,12.793329203061768,-0.0001977358263243,3.11014285236052,3.110340588186844,3.17489797413654,3.1055987205122406,3.11014285236052,3.110340588186844,3.17489797413654,3.1055987205122406,False,0.0001977358263243,0.4157274542256446,0.4159071885081959,0.0113889426006261,0.3940308610838516,0.4157077728562276,0.4387943088563427,1.000370297688096,1.0000529857963072,1.0978781656399725,0.9567656018041508,665
2026-08-25,jaou7_7000c,2026-08-25,2027-09,call,70.0,8.73,812.0,0.0,0,22,0.0,71.30136363636362,-0.0184202105226974,11.898133366849176,11.898332446134212,11.963332605362202,11.893557978614048,11.316548390337896,11.893035162055623,12.505400946720926,-0.0001990792850357,3.168133366849176,3.168332446134212,3.233332605362202,3.1635579786140475,3.168133366849176,3.168332446134212,3.233332605362202,3.1635579786140475,False,0.0001990792850357,0.4157274542256446,0.4159071885081959,0.0113889426006261,0.3940308610838516,0.4157077728562276,0.4387943088563427,1.000370297688096,1.0000529857963072,1.0978781656399725,0.9567656018041508,665
2026-08-25,jaou7_7110c,2026-08-25,2027-09,call,71.1,8.2,5.0,0.0,0,22,0.0,71.30136363636362,-0.0028281157628613,11.452317527092344,11.45254394177666,11.518137135651031,11.447725760805842,10.865344148180128,11.447198157511364,12.065114299770777,-0.0002264146843167,3.252317527092345,3.2525439417766613,3.318137135651032,3.2477257608058423,3.252317527092345,3.2525439417766613,3.318137135651032,3.2477257608058423,False,0.0002264146843167,0.4157274542256446,0.4159071885081959,0.0113889426006261,0.3940308610838516,0.4157077728562276,0.4387943088563427,1.000370297688096,1.0000529857963072,1.0978781656399725,0.9567656018041508,665
2026-08-25,jaou7_7200c,2026-08-25,2027-09,call,72.0,7.78,143.0,0.0,0,22,0.0,71.30136363636362,0.0097506664439987,11.099032847957645,11.099259232265789,11.165260625403931,11.094411202311184,10.508379932338771,11.093880330475676,11.715648508841973,-0.000226384308144,3.3190328479576445,3.319259232265789,3.385260625403933,3.314411202311184,3.3190328479576445,3.319259232265789,3.385260625403933,3.314411202311184,False,0.000226384308144,0.4157274542256446,0.4159071885081959,0.0113889426006261,0.3940308610838516,0.4157077728562276,0.4387943088563427,1.000370297688096,1.0000529857963072,1.0978781656399725,0.9567656018041508,665
2026-08-25,jaou7_7335c,2026-08-25,2027-09,call,73.35,7.2,10.0,0.0,0,22,0.0,71.30136363636362,0.028327052016934,10.587255241756274,10.587460443980142,10.653948327719949,10.582576759307129,9.992325086880488,10.58204198318762,11.208455224248354,-0.0002052022238672,3.3872552417562742,3.387460443980141,3.4539483277199485,3.3825767593071285,3.3872552417562742,3.387460443980141,3.4539483277199485,3.3825767593071285,False,0.0002052022238672,0.4157274542256446,0.4159071885081959,0.0113889426006261,0.3940308610838516,0.4157077728562276,0.4387943088563427,1.000370297688096,1.0000529857963072,1.0978781656399725,0.9567656018041508,665
2026-08-25,jaou7_7400c,2026-08-25,2027-09,call,74.0,6.93,60.0,0.0,0,22,0.0,71.30136363636362,0.0371496406321133,10.348461432609852,10.34865075548964,10.41531785884818,10.343753998868069,9.751947667289746,10.343217791336336,10.971394612369409,-0.0001893228797875,3.4184614326098526,3.41865075548964,3.4853178588481804,3.413753998868069,3.4184614326098526,3.41865075548964,3.4853178588481804,3.413753998868069,False,0.0001893228797875,0.4157274542256446,0.4159071885081959,0.0113889426006261,0.3940308610838516,0.4157077728562276,0.4387943088563427,1.000370297688096,1.0000529857963072,1.0978781656399725,0.9567656018041508,665
2026-08-25,jaou7_7450c,2026-08-25,2027-09,call,74.5,6.73,152.0,0.0,0,22,0.0,71.30136363636362,0.0438836728134574,10.16803316460742,10.16821030565535,10.235006136761566,10.163304125362512,9.570416207717573,10.162766885914372,10.79220404023578,-0.0001771410479314,3.4380331646074183,3.4382103056553497,3.505006136761565,3.433304125362513,3.4380331646074183,3.4382103056553497,3.505006136761565,3.433304125362513,False,0.0001771410479314,0.4157274542256446,0.4159071885081959,0.0113889426006261,0.3940308610838516,0.4157077728562276,0.4387943088563427,1.000370297688096,1.0000529857963072,1.0978781656399725,0.9567656018041508,665
2026-08-25,jaou7_7500c,2026-08-25,2027-09,call,75.0,6.53,1215.0,0.0,0,22,0.0,71.30136363636362,0.050572660964254,9.990577808095129,9.990747315240654,10.057657056635112,9.9858327479589,9.391994020245267,9.985294590113751,10.6158187023858,-0.0001695071455252,3.4605778080951284,3.4607473152406536,3.527657056635113,3.4558327479588984,3.4605778080951284,3.4607473152406536,3.527657056635113,3.4558327479588984,False,0.0001695071455252,0.4157274542256446,0.4159071885081959,0.0113889426006261,0.3940308610838516,0.4157077728562276,0.4387943088563427,1.000370297688096,1.0000529857963072,1.0978781656399725,0.9567656018041508,665
2026-08-25,jaou7_7542c,2026-08-25,2027-09,call,75.42,6.37,5.0,0.0,0,22,0.0,71.30136363636362,0.0561570392581547,9.843652836256224,9.843806847829915,9.910790397166522,9.838886931657669,9.24445262354442,9.83834818809516,10.4696255898621,-0.0001540115736915,3.473652836256224,3.473806847829916,3.540790397166522,3.4688869316576687,3.473652836256224,3.473806847829916,3.540790397166522,3.4688869316576687,False,0.0001540115736915,0.4157274542256446,0.4159071885081959,0.0113889426006261,0.3940308610838516,0.4157077728562276,0.4387943088563427,1.000370297688096,1.0000529857963072,1.0978781656399725,0.9567656018041508,665
2026-08-25,jaou7_7550c,2026-08-25,2027-09,call,75.5,6.34,12.0,0.0,0,22,0.0,71.30136363636362,0.0572172036829224,9.815887498604503,9.816040667022843,9.8830369318027,9.81111981441616,9.216573233563068,9.810580968311656,10.44199340837618,-0.000153168418338,3.4758874986045054,3.4760406670228434,3.5430369318027,3.471119814416161,3.4758874986045054,3.4760406670228434,3.5430369318027,3.471119814416161,False,0.000153168418338,0.4157274542256446,0.4159071885081959,0.0113889426006261,0.3940308610838516,0.4157077728562276,0.4387943088563427,1.000370297688096,1.0000529857963072,1.0978781656399725,0.9567656018041508,665
2026-08-25,jaou7_7600c,2026-08-25,2027-09,call,76.0,6.16,90.0,0.0,0,22,0.0,71.30136363636362,0.0638178877142745,9.643991697313757,9.644126546065408,9.711198465187149,9.639200202216022,9.044063680813618,9.63866075480622,10.270847734216137,-0.000134848751653,3.483991697313755,3.484126546065408,3.551198465187147,3.479200202216022,3.483991697313755,3.484126546065408,3.551198465187147,3.479200202216022,False,0.000134848751653,0.4157274542256446,0.4159071885081959,0.0113889426006261,0.3940308610838516,0.4157077728562276,0.4387943088563427,1.000370297688096,1.0000529857963072,1.0978781656399725,0.9567656018041508,665
2026-08-25,jaou7_7610c,2026-08-25,2027-09,call,76.1,6.12,30.0,0.0,0,22,0.0,71.30136363636362,0.0651328122955836,9.609942479455864,9.610073928444413,9.677158145001622,9.60514668333666,9.009919827055324,9.604607137236734,10.236913281280142,-0.0001314489885491,3.489942479455864,3.4900739284444127,3.5571581450016216,3.4851466833366613,3.489942479455864,3.4900739284444127,3.5571581450016216,3.4851466833366613,False,0.0001314489885491,0.4157274542256446,0.4159071885081959,0.0113889426006261,0.3940308610838516,0.4157077728562276,0.4387943088563427,1.000370297688096,1.0000529857963072,1.0978781656399725,0.9567656018041508,665
2026-08-25,jaou7_7705c,2026-08-25,2027-09,call,77.05,5.79,41.0,0.0,0,22,0.0,71.30136363636362,0.0775391091940681,9.29179184086589,9.291880248997632,9.359052942679863,9.286946645778343,8.69111226523792,9.286406403448735,9.919704548359572,-8.840813174160189e-05,3.5017918408658906,3.501880248997632,3.569052942679863,3.496946645778345,3.5017918408658906,3.501880248997632,3.569052942679863,3.496946645778345,False,8.840813174160189e-05,0.4157274542256446,0.4159071885081959,0.0113889426006261,0.3940308610838516,0.4157077728562276,0.4387943088563427,1.000370297688096,1.0000529857963072,1.0978781656399725,0.9567656018041508,665
2026-08-25,jaou7_7710c,2026-08-25,2027-09,call,77.1,5.77,13.0,0.0,0,22,0.0,71.30136363636362,0.0781878279972273,9.275315532475332,9.275401662209626,9.342577501649307,9.270467836633893,8.67461599910499,9.269927569955676,9.903263496509537,-8.612973429400483e-05,3.5053155324753327,3.5054016622096267,3.572577501649308,3.5004678366338915,3.5053155324753327,3.5054016622096267,3.572577501649308,3.5004678366338915,False,8.612973429400483e-05,0.4157274542256446,0.4159071885081959,0.0113889426006261,0.3940308610838516,0.4157077728562276,0.4387943088563427,1.000370297688096,1.0000529857963072,1.0978781656399725,0.9567656018041508,665
2026-08-25,jaou7_7725c,2026-08-25,2027-09,call,77.25,5.72,4.0,0.0,0,22,0.0,71.30136363636362,0.0801314632057983,9.226052096777751,9.226130287519467,9.293314851968418,9.22119584576252,8.625298736958667,9.220655511610868,9.854103275245835,-7.819074171599993e-05,3.5060520967777515,3.5061302875194675,3.5733148519684184,3.5011958457625214,3.5060520967777515,3.5061302875194675,3.5733148519684184,3.5011958457625214,False,7.819074171599993e-05,0.4157274542256446,0.4159071885081959,0.0113889426006261,0.3940308610838516,0.4157077728562276,0.4387943088563427,1.000370297688096,1.0000529857963072,1.0978781656399725,0.9567656018041508,665
2026-08-25,jaou7_5800p,2026-08-25,2027-09,put,58.0,3.29,30.0,0.0,0,22,0.0,71.30136363636362,-0.206472442025637,5.194039504698844,5.193403885199618,5.246490289759605,5.189507514799504,4.72152315270445,5.189080852149832,5.692009257636331,0.000635619499226,1.904039504698844,1.9034038851996176,1.9564902897596053,1.899507514799504,1.904039504698844,1.9034038851996176,1.9564902897596053,1.899507514799504,False,0.000635619499226,0.4157274542256446,0.4159071885081959,0.0113889426006261,0.3940308610838516,0.4157077728562276,0.4387943088563427,1.000370297688096,1.0000529857963072,1.0978781656399725,0.9567656018041508,665
2026-08-25,jaou7_5900p,2026-08-25,2027-09,put,59.0,3.55,5.0,0.0,0,22,0.0,71.30136363636362,-0.189378008666337,5.574643328139552,5.574107056826099,5.628631678243409,5.570104440811549,5.088878211677288,5.56966614399194,6.085957327504131,0.0005362713134529,2.024643328139552,2.0241070568260997,2.0786316782434096,2.020104440811549,2.024643328139552,2.0241070568260997,2.0786316782434096,2.020104440811549,False,0.0005362713134529,0.4157274542256446,0.4159071885081959,0.0113889426006261,0.3940308610838516,0.4157077728562276,0.4387943088563427,1.000370297688096,1.0000529857963072,1.0978781656399725,0.9567656018041508,665
2026-08-25,jaou7_6000p,2026-08-25,2027-09,put,60.0,3.82,1529.0,0.0,0,22,0.0,71.30136363636362,-0.1725708903499557,5.97004165413411,5.969546199806224,6.025514477279713,5.965437512150846,5.471418029671531,5.9649876002118605,6.494554578952396,0.0004954543278854,2.15004165413411,2.1495461998062244,2.205514477279713,2.145437512150846,2.15004165413411,2.1495461998062244,2.205514477279713,2.145437512150846,False,0.0004954543278854,0.4157274542256446,0.4159071885081959,0.0113889426006261,0.3940308610838516,0.4157077728562276,0.4387943088563427,1.000370297688096,1.0000529857963072,1.0978781656399725,0.9567656018041508,665
2026-08-25,jaou7_6200p,2026-08-25,2027-09,put,62.0,4.41,44.0,0.0,0,22,0.0,71.30136363636362,-0.1397810675269648,6.806431767145516,6.806103169670156,6.8647545879067495,6.801796823231423,6.283241086528074,6.801325267143762,7.355689877502619,0.0003285974753604,2.396431767145516,2.396103169670156,2.4547545879067494,2.391796823231423,2.396431767145516,2.396103169670156,2.4547545879067494,2.391796823231423,False,0.0003285974753604,0.4157274542256446,0.4159071885081959,0.0113889426006261,0.3940308610838516,0.4157077728562276,0.4387943088563427,1.000370297688096,1.0000529857963072,1.0978781656399725,0.9567656018041508,665
2026-08-25,jaou7_6420p,2026-08-25,2027-09,put,64.2,5.13,6.0,0.0,0,22,0.0,71.30136363636362,-0.1049122418761409,7.795069366160253,7.794976990083394,7.85608283771298,7.790489599390016,7.249091242467369,7.7899982184876,8.366743402983568,9.237607685896876e-05,2.665069366160253,2.664976990083394,2.72608283771298,2.660489599390016,2.665069366160253,2.664976990083394,2.72608283771298,2.660489599390016,False,9.237607685896876e-05,0.4157274542256446,0.4159071885081959,0.0113889426006261,0.3940308610838516,0.4157077728562276,0.4387943088563427,1.000370297688096,1.0000529857963072,1.0978781656399725,0.9567656018041508,665
2026-08-25,jaou7_6500p,2026-08-25,2027-09,put,65.0,5.42,682.0,0.0,0,22,0.0,71.30136363636362,-0.0925281826764193,8.171449848476687,8.171393050132751,8.233329726290695,8.166844455710851,7.618038808466709,8.166346372841657,8.75077950833335,5.679834393568228e-05,2.751449848476687,2.7513930501327515,2.8133297262906947,2.746844455710852,2.751449848476687,2.7513930501327515,2.8133297262906947,2.746844455710852,False,5.679834393568228e-05,0.4157274542256446,0.4159071885081959,0.0113889426006261,0.3940308610838516,0.4157077728562276,0.4387943088563427,1.000370297688096,1.0000529857963072,1.0978781656399725,0.9567656018041508,665
2026-08-25,jaou7_6750p,2026-08-25,2027-09,put,67.5,6.39,10.0,0.0,0,22,0.0,71.30136363636362,-0.0547878546935723,9.405650964727643,9.405758531225429,9.469870634790892,9.40104963311801,8.832271823188103,9.400533996580094,10.00487250759624,-0.0001075664977836,3.0156509647276453,3.015758531225429,3.0798706347908924,3.0110496331180103,3.0156509647276453,3.015758531225429,3.0798706347908924,3.0110496331180103,False,0.0001075664977836,0.4157274542256446,0.4159071885081959,0.0113889426006261,0.3940308610838516,0.4157077728562276,0.4387943088563427,1.000370297688096,1.0000529857963072,1.0978781656399725,0.9567656018041508,665
2026-08-25,jaou7_6800p,2026-08-25,2027-09,put,68.0,6.59,60.0,0.0,0,22,0.0,71.30136363636362,-0.0474077473959497,9.662482175619989,9.662578516546104,9.727059052740564,9.657842692412393,9.085760370134008,9.657324107404865,10.265233914819362,-9.634092611854328e-05,3.072482175619987,3.072578516546105,3.1370590527405646,3.067842692412391,3.072482175619987,3.072578516546105,3.1370590527405646,3.067842692412391,False,9.634092611854328e-05,0.4157274542256446,0.4159071885081959,0.0113889426006261,0.3940308610838516,0.4157077728562276,0.4387943088563427,1.000370297688096,1.0000529857963072,1.0978781656399725,0.9567656018041508,665
2026-08-25,jaou7_6900p,2026-08-25,2027-09,put,69.0,7.03,175.0,0.0,0,22,0.0,71.30136363636362,-0.0328089479747971,10.186382273529436,10.186498958241474,10.251711509001016,10.181709241790054,9.603128036733205,10.181184755434169,10.79587519024335,-0.0001166847120366,3.156382273529437,3.1564989582414738,3.2217115090010155,3.151709241790054,3.156382273529437,3.1564989582414738,3.2217115090010155,3.151709241790054,False,0.0001166847120366,0.4157274542256446,0.4159071885081959,0.0113889426006261,0.3940308610838516,0.4157077728562276,0.4387943088563427,1.000370297688096,1.0000529857963072,1.0978781656399725,0.9567656018041508,665
2026-08-25,jaou7_7000p,2026-08-25,2027-09,put,70.0,7.48,613.0,0.0,0,22,0.0,71.30136363636362,-0.0184202105226974,10.723978221372874,10.724119447884188,10.789971901404035,10.7192825785749,10.134949391541303,10.718752928858958,11.339375477783443,-0.0001412265113138,3.243978221372874,3.244119447884188,3.3099719014040367,3.2392825785748998,3.243978221372874,3.244119447884188,3.3099719014040367,3.2392825785748998,False,0.0001412265113138,0.4157274542256446,0.4159071885081959,0.0113889426006261,0.3940308610838516,0.4157077728562276,0.4387943088563427,1.000370297688096,1.0000529857963072,1.0978781656399725,0.9567656018041508,665
2026-08-25,jaou7_7400p,2026-08-25,2027-09,put,74.0,9.51,175.0,0.0,0,22,0.0,71.30136363636362,0.0371496406321133,13.001368694350152,13.001500164456218,13.069019562106616,12.996541006045522,12.39741107570976,12.99599796535627,13.632431550648528,-0.0001314701060657,3.491368694350152,3.491500164456218,3.5590195621066147,3.486541006045522,3.491368694350152,3.491500164456218,3.5590195621066147,3.486541006045522,False,0.0001314701060657,0.4157274542256446,0.4159071885081959,0.0113889426006261,0.3940308610838516,0.4157077728562276,0.4387943088563427,1.000370297688096,1.0000529857963072,1.0978781656399725,0.9567656018041508,665
2026-08-25,jaou7_7450p,2026-08-25,2027-09,put,74.5,9.79,152.0,0.0,0,22,0.0,71.30136363636362,0.0438836728134574,13.299323227249795,13.299442515524005,13.367090640922076,13.294473933442044,12.69426241703966,13.293929860836384,13.931623779416974,-0.0001192882742078,3.509323227249796,3.509442515524004,3.577090640922078,3.5044739334420445,3.509323227249796,3.509442515524004,3.577090640922078,3.5044739334420445,False,0.0001192882742078,0.4157274542256446,0.4159071885081959,0.0113889426006261,0.3940308610838516,0.4157077728562276,0.4387943088563427,1.000370297688096,1.0000529857963072,1.0978781656399725,0.9567656018041508,665
2026-08-25,jaou7_7500p,2026-08-25,2027-09,put,75.0,10.08,10.0,0.0,0,22,0.0,71.30136363636362,0.050572660964254,13.60025067163958,13.600362326011382,13.6681243616977,13.595385356940504,12.994223030469431,13.594840365937838,14.233621242469074,-0.0001116543718016,3.5202506716395803,3.520362326011382,3.5881243616977,3.515385356940504,3.5202506716395803,3.520362326011382,3.5881243616977,3.515385356940504,False,0.0001116543718016,0.4157274542256446,0.4159071885081959,0.0113889426006261,0.3940308610838516,0.4157077728562276,0.4387943088563427,1.000370297688096,1.0000529857963072,1.0978781656399725,0.9567656018041508,665
2026-08-26,jaou7_6820c,2026-08-26,2027-09,call,68.2,9.65,30.0,0.0,0,22,0.0,71.12818181818184,-0.0420390621772363,12.537553343722236,12.537718406133582,12.516561276253611,12.53262843693516,11.978145940632215,12.529623816261251,13.13304897761681,-0.0001650624113462,2.887553343722235,2.887718406133581,2.866561276253613,2.8826284369351605,2.887553343722235,2.887718406133581,2.866561276253613,2.8826284369351605,False,0.0001650624113462,0.4154167289841046,0.4156123363824248,0.0112924550522922,0.3941271683910263,0.4153012614812473,0.4385197915131054,1.0001144066222836,1.0001467208670032,1.0951403148528405,0.9567608951759122,666
2026-08-26,jaou7_6825c,2026-08-26,2027-09,call,68.25,9.62,15.0,0.0,0,22,0.0,71.12818181818184,-0.0413061929615837,12.515821095456587,12.515989166611634,12.494820840220692,12.51089650376354,11.956083765172004,12.507890293021957,13.111658735716889,-0.0001680711550466,2.895821095456588,2.895989166611635,2.8748208402206927,2.890896503763541,2.895821095456588,2.895989166611635,2.8748208402206927,2.890896503763541,False,0.0001680711550466,0.4154167289841046,0.4156123363824248,0.0112924550522922,0.3941271683910263,0.4153012614812473,0.4385197915131054,1.0001144066222836,1.0001467208670032,1.0951403148528405,0.9567608951759122,666
2026-08-26,jaou7_6860c,2026-08-26,2027-09,call,68.6,9.44,21.0,0.0,0,22,0.0,71.12818181818184,-0.0361910922948133,12.364672668144744,12.364835370192862,12.343583245499682,12.359722547201134,11.80269801123706,12.356704435879804,12.962884624790371,-0.0001627020481187,2.924672668144744,2.924835370192863,2.903583245499682,2.9197225472011343,2.924672668144744,2.924835370192863,2.903583245499682,2.9197225472011343,False,0.0001627020481187,0.4154167289841046,0.4156123363824248,0.0112924550522922,0.3941271683910263,0.4153012614812473,0.4385197915131054,1.0001144066222836,1.0001467208670032,1.0951403148528405,0.9567608951759122,666
2026-08-26,jaou7_6900c,2026-08-26,2027-09,call,69.0,9.24,30.0,0.0,0,22,0.0,71.12818181818184,-0.0303771224293934,12.194031068573324,12.19421913551951,12.172872252565702,12.189083515644148,11.62957877344,12.186051947269307,12.794752422738457,-0.0001880669461868,2.9540310685733235,2.9542191355195104,2.9328722525657014,2.949083515644148,2.9540310685733235,2.9542191355195104,2.9328722525657014,2.949083515644148,False,0.0001880669461868,0.4154167289841046,0.4156123363824248,0.0112924550522922,0.3941271683910263,0.4153012614812473,0.4385197915131054,1.0001144066222836,1.0001467208670032,1.0951403148528405,0.9567608951759122,666
2026-08-26,jaou7_6905c,2026-08-26,2027-09,call,69.05,9.21,4.0,0.0,0,22,0.0,71.12818181818184,-0.0296527471713517,12.172856255642383,12.17304879803786,12.151692353239516,12.167910877779864,11.608105429914934,12.164877951483795,12.77387983173587,-0.0001925423954762,2.962856255642384,2.9630487980378604,2.941692353239514,2.957910877779863,2.962856255642384,2.9630487980378604,2.941692353239514,2.957910877779863,False,0.0001925423954762,0.4154167289841046,0.4156123363824248,0.0112924550522922,0.3941271683910263,0.4153012614812473,0.4385197915131054,1.0001144066222836,1.0001467208670032,1.0951403148528405,0.9567608951759122,666
2026-08-26,jaou7_6930c,2026-08-26,2027-09,call,69.3,9.08,7.0,0.0,0,22,0.0,71.12818181818184,-0.0260387208307952,12.067484567992546,12.06768108649244,12.046272814294738,12.062530697630818,11.501288177233985,12.059490411088984,12.67000458295436,-0.0001965184998944,2.9874845679925457,2.98768108649244,2.9662728142947383,2.9825306976308177,2.9874845679925457,2.98768108649244,2.9662728142947383,2.9825306976308177,False,0.0001965184998944,0.4154167289841046,0.4156123363824248,0.0112924550522922,0.3941271683910263,0.4153012614812473,0.4385197915131054,1.0001144066222836,1.0001467208670032,1.0951403148528405,0.9567608951759122,666
2026-08-26,jaou7_7000c,2026-08-26,2027-09,call,70.0,8.74,812.0,0.0,0,22,0.0,71.12818181818184,-0.0159883849772938,11.776925975558104,11.777133289078115,11.75558094577931,11.77194823968025,11.20694369473108,11.768887492943138,12.383417347270017,-0.0002073135200131,3.036925975558104,3.037133289078117,3.015580945779309,3.03194823968025,3.036925975558104,3.037133289078117,3.015580945779309,3.03194823968025,False,0.0002073135200131,0.4154167289841046,0.4156123363824248,0.0112924550522922,0.3941271683910263,0.4153012614812473,0.4385197915131054,1.0001144066222836,1.0001467208670032,1.0951403148528405,0.9567608951759122,666
2026-08-26,jaou7_7110c,2026-08-26,2027-09,call,71.1,8.21,5.0,0.0,0,22,0.0,71.12818181818184,-0.0003962902174576,11.333352180910278,11.33356442215642,11.311822336503036,11.328333724660446,10.75824912101735,11.325246031744694,11.94524256609692,-0.0002122412461407,3.1233521809102776,3.1235644221564183,3.1018223365030355,3.118333724660445,3.1233521809102776,3.1235644221564183,3.1018223365030355,3.118333724660445,False,0.0002122412461407,0.4154167289841046,0.4156123363824248,0.0112924550522922,0.3941271683910263,0.4153012614812473,0.4385197915131054,1.0001144066222836,1.0001467208670032,1.0951403148528405,0.9567608951759122,666
2026-08-26,jaou7_7200c,2026-08-26,2027-09,call,72.0,7.8,143.0,0.0,0,22,0.0,71.12818181818184,0.0121824919894025,10.981879009860975,10.982099199950566,10.960224582576258,10.976836618055284,10.403299983016051,10.973730103704352,11.597443554469736,-0.0002201900895908,3.1818790098609755,3.1820991999505663,3.160224582576258,3.176836618055284,3.1818790098609755,3.1820991999505663,3.160224582576258,3.176836618055284,False,0.0002201900895908,0.4154167289841046,0.4156123363824248,0.0112924550522922,0.3941271683910263,0.4153012614812473,0.4385197915131054,1.0001144066222836,1.0001467208670032,1.0951403148528405,0.9567608951759122,666
2026-08-26,jaou7_7335c,2026-08-26,2027-09,call,73.35,7.22,10.0,0.0,0,22,0.0,71.12818181818184,0.0307588775623379,10.472763110798471,10.472966409582067,10.45093622274402,10.467666400881582,9.890135844483732,10.46453779340036,11.09275396085633,-0.000203298783596,3.252763110798472,3.252966409582068,3.2309362227440195,3.247666400881582,3.252763110798472,3.252966409582068,3.2309362227440195,3.247666400881582,False,0.000203298783596,0.4154167289841046,0.4156123363824248,0.0112924550522922,0.3941271683910263,0.4153012614812473,0.4385197915131054,1.0001144066222836,1.0001467208670032,1.0951403148528405,0.9567608951759122,666
2026-08-26,jaou7_7400c,2026-08-26,2027-09,call,74.0,6.96,60.0,0.0,0,22,0.0,71.12818181818184,0.0395814661775168,10.235212718368953,10.23540014358963,10.21331225875254,10.230086253940282,9.65110357994085,10.226949452502614,10.856875579862422,-0.0001874252206768,3.275212718368953,3.2754001435896294,3.2533122587525414,3.270086253940282,3.275212718368953,3.2754001435896294,3.2533122587525414,3.270086253940282,False,0.0001874252206768,0.4154167289841046,0.4156123363824248,0.0112924550522922,0.3941271683910263,0.4153012614812473,0.4385197915131054,1.0001144066222836,1.0001467208670032,1.0951403148528405,0.9567608951759122,666
2026-08-26,jaou7_7450c,2026-08-26,2027-09,call,74.5,6.76,152.0,0.0,0,22,0.0,71.12818181818184,0.046315498358861,10.055811627508882,10.055982536527296,10.03385453093067,10.050658994650476,9.47067017769324,10.04751649548045,10.678672329560902,-0.0001709090184132,3.2958116275088827,3.295982536527296,3.27385453093067,3.2906589946504763,3.2958116275088827,3.295982536527296,3.27385453093067,3.2906589946504763,False,0.0001709090184132,0.4154167289841046,0.4156123363824248,0.0112924550522922,0.3941271683910263,0.4153012614812473,0.4385197915131054,1.0001144066222836,1.0001467208670032,1.0951403148528405,0.9567608951759122,666
2026-08-26,jaou7_7500c,2026-08-26,2027-09,call,75.0,6.57,1215.0,0.0,0,22,0.0,71.12818181818184,0.0530044865096576,9.879366633885674,9.87952893735129,9.857367584256185,9.874197372753947,9.293382028582938,9.871050137753308,10.503178758349083,-0.0001623034656166,3.309366633885673,3.30952893735129,3.2873675842561827,3.304197372753947,3.309366633885673,3.30952893735129,3.2873675842561827,3.304197372753947,False,0.0001623034656166,0.4154167289841046,0.4156123363824248,0.0112924550522922,0.3941271683910263,0.4153012614812473,0.4385197915131054,1.0001144066222836,1.0001467208670032,1.0951403148528405,0.9567608951759122,666
2026-08-26,jaou7_7542c,2026-08-26,2027-09,call,75.42,6.41,5.0,0.0,0,22,0.0,71.12818181818184,0.0585888648035582,9.733256928506984,9.733400785732034,9.71121617903304,9.728063626797075,9.14670144763538,9.72491308944591,10.357788062931656,-0.0001438572250496,3.323256928506984,3.3234007857320336,3.301216179033039,3.318063626797075,3.323256928506984,3.3234007857320336,3.301216179033039,3.318063626797075,False,0.0001438572250496,0.4154167289841046,0.4156123363824248,0.0112924550522922,0.3941271683910263,0.4153012614812473,0.4385197915131054,1.0001144066222836,1.0001467208670032,1.0951403148528405,0.9567608951759122,666
2026-08-26,jaou7_7550c,2026-08-26,2027-09,call,75.5,6.38,12.0,0.0,0,22,0.0,71.12818181818184,0.0596490292283261,9.70565299313954,9.705793194183338,9.683604258772885,9.700454993849656,9.118994616225269,9.6973038417584,10.330311401465949,-0.0001402010437985,3.3256529931395398,3.325793194183338,3.303604258772883,3.320454993849657,3.3256529931395398,3.325793194183338,3.303604258772883,3.320454993849657,False,0.0001402010437985,0.4154167289841046,0.4156123363824248,0.0112924550522922,0.3941271683910263,0.4153012614812473,0.4385197915131054,1.0001144066222836,1.0001467208670032,1.0951403148528405,0.9567608951759122,666
2026-08-26,jaou7_7600c,2026-08-26,2027-09,call,76.0,6.2,90.0,0.0,0,22,0.0,71.12818181818184,0.0662497132596783,9.534753314882105,9.534876495409687,9.512666155653305,9.529533145631724,8.947569989902703,9.526378953811513,10.160077043659072,-0.0001231805275843,3.3347533148821027,3.334876495409687,3.3126661556533046,3.329533145631724,3.3347533148821027,3.334876495409687,3.3126661556533046,3.329533145631724,False,0.0001231805275843,0.4154167289841046,0.4156123363824248,0.0112924550522922,0.3941271683910263,0.4153012614812473,0.4385197915131054,1.0001144066222836,1.0001467208670032,1.0951403148528405,0.9567608951759122,666
2026-08-26,jaou7_7610c,2026-08-26,2027-09,call,76.1,6.16,30.0,0.0,0,22,0.0,71.12818181818184,0.0675646378409873,9.500891704606158,9.501009962529578,9.478795346905644,9.49566558406605,8.913619471511078,9.492510785010351,10.126337652690722,-0.00011825792342,3.340891704606157,3.341009962529577,3.3187953469056435,3.3356655840660494,3.340891704606157,3.341009962529577,3.3187953469056435,3.3356655840660494,False,0.00011825792342,0.4154167289841046,0.4156123363824248,0.0112924550522922,0.3941271683910263,0.4153012614812473,0.4385197915131054,1.0001144066222836,1.0001467208670032,1.0951403148528405,0.9567608951759122,666
2026-08-26,jaou7_7705c,2026-08-26,2027-09,call,77.05,5.83,41.0,0.0,0,22,0.0,71.12818181818184,0.0799709347394718,9.1846267200845,9.184702530415713,9.162463374044687,9.179352247954451,8.59681433277804,9.176193963755145,9.810900782631226,-7.581033121262237e-05,3.3546267200845,3.3547025304157128,3.3324633740446874,3.349352247954453,3.3546267200845,3.3547025304157128,3.3324633740446874,3.349352247954453,False,7.581033121262237e-05,0.4154167289841046,0.4156123363824248,0.0112924550522922,0.3941271683910263,0.4153012614812473,0.4385197915131054,1.0001144066222836,1.0001467208670032,1.0951403148528405,0.9567608951759122,666
2026-08-26,jaou7_7710c,2026-08-26,2027-09,call,77.1,5.81,13.0,0.0,0,22,0.0,71.12818181818184,0.0806196535426308,9.168255015854273,9.168328512809737,9.146088450754004,9.16297801245941,8.580427584413437,9.159819599639675,9.79455759484418,-7.349695546388091e-05,3.3582550158542714,3.3583285128097358,3.336088450754004,3.35297801245941,3.3582550158542714,3.3583285128097358,3.336088450754004,3.35297801245941,False,7.349695546388091e-05,0.4154167289841046,0.4156123363824248,0.0112924550522922,0.3941271683910263,0.4153012614812473,0.4385197915131054,1.0001144066222836,1.0001467208670032,1.0951403148528405,0.9567608951759122,666
2026-08-26,jaou7_7725c,2026-08-26,2027-09,call,77.25,5.76,4.0,0.0,0,22,0.0,71.12818181818184,0.082563288751202,9.119289597402222,9.119355650378496,9.097113711886378,9.114004698596268,8.531431064405435,9.110846019295227,9.745670260381322,-6.605297627260143e-05,3.3592895974022223,3.359355650378495,3.337113711886378,3.354004698596267,3.3592895974022223,3.359355650378495,3.337113711886378,3.354004698596267,False,6.605297627260143e-05,0.4154167289841046,0.4156123363824248,0.0112924550522922,0.3941271683910263,0.4153012614812473,0.4385197915131054,1.0001144066222836,1.0001467208670032,1.0951403148528405,0.9567608951759122,666
2026-08-26,jaou7_5800p,2026-08-26,2027-09,put,58.0,3.41,30.0,0.0,0,22,0.0,71.12818181818184,-0.2040406164802335,5.215872171063232,5.215261405583672,5.1976371416571245,5.211021371087504,4.751795967134161,5.2085184688480926,5.714154787174794,0.0006107654795597,1.805872171063232,1.805261405583672,1.7876371416571244,1.8010213710875045,1.805872171063232,1.805261405583672,1.7876371416571244,1.8010213710875045,False,0.0006107654795597,0.4154167289841046,0.4156123363824248,0.0112924550522922,0.3941271683910263,0.4153012614812473,0.4385197915131054,1.0001144066222836,1.0001467208670032,1.0951403148528405,0.9567608951759122,666
2026-08-26,jaou7_5900p,2026-08-26,2027-09,put,59.0,3.67,5.0,0.0,0,22,0.0,71.12818181818184,-0.1869461831209333,5.598061679998206,5.5975374250254,5.579435750762061,5.593182535446191,5.121077035197562,5.590611833983727,6.109682040476162,0.0005242549728059,1.9280616799982055,1.9275374250254,1.9094357507620607,1.923182535446191,1.9280616799982055,1.9275374250254,1.9094357507620607,1.923182535446191,False,0.0005242549728059,0.4154167289841046,0.4156123363824248,0.0112924550522922,0.3941271683910263,0.4153012614812473,0.4385197915131054,1.0001144066222836,1.0001467208670032,1.0951403148528405,0.9567608951759122,666
2026-08-26,jaou7_6000p,2026-08-26,2027-09,put,60.0,3.94,1529.0,0.0,0,22,0.0,71.12818181818184,-0.1701390648045521,5.995151242028969,5.994691013821501,5.9761083948662,5.990220418866273,5.505541591583237,5.987581416250833,6.519926186864656,0.0004602282074683,2.0551512420289693,2.054691013821501,2.0361083948662,2.050220418866273,2.0551512420289693,2.054691013821501,2.0361083948662,2.050220418866273,False,0.0004602282074683,0.4154167289841046,0.4156123363824248,0.0112924550522922,0.3941271683910263,0.4153012614812473,0.4385197915131054,1.0001144066222836,1.0001467208670032,1.0951403148528405,0.9567608951759122,666
2026-08-26,jaou7_6200p,2026-08-26,2027-09,put,62.0,4.54,44.0,0.0,0,22,0.0,71.12818181818184,-0.1373492419815612,6.835148611144275,6.834843398153479,6.815374241409813,6.83015952048639,6.3215715310927445,6.827394616589338,7.384481513035394,0.0003052129907956,2.295148611144275,2.2948433981534797,2.2753742414098133,2.29015952048639,2.295148611144275,2.2948433981534797,2.2753742414098133,2.29015952048639,False,0.0003052129907956,0.4154167289841046,0.4156123363824248,0.0112924550522922,0.3941271683910263,0.4153012614812473,0.4385197915131054,1.0001144066222836,1.0001467208670032,1.0951403148528405,0.9567608951759122,666
2026-08-26,jaou7_6420p,2026-08-26,2027-09,put,64.2,5.28,6.0,0.0,0,22,0.0,71.12818181818184,-0.1024804163307372,7.8277410098524145,7.827657172463317,7.807379801677262,7.822778855162647,7.292144443032165,7.8198991730969825,8.39928342488265,8.383738909767402e-05,2.5477410098524143,2.547657172463317,2.527379801677262,2.5427788551626467,2.5477410098524143,2.547657172463317,2.527379801677262,2.5427788551626467,False,8.383738909767402e-05,0.4154167289841046,0.4156123363824248,0.0112924550522922,0.3941271683910263,0.4153012614812473,0.4385197915131054,1.0001144066222836,1.0001467208670032,1.0951403148528405,0.9567608951759122,666
2026-08-26,jaou7_6500p,2026-08-26,2027-09,put,65.0,5.57,682.0,0.0,0,22,0.0,71.12818181818184,-0.0900963571310156,8.205655791656891,8.205609539724371,8.185058280714673,8.200665330564547,7.662761745791916,8.197746752380942,8.784773469403278,4.625193252039139e-05,2.635655791656891,2.6356095397243706,2.6150582807146723,2.630665330564547,2.635655791656891,2.6356095397243706,2.6150582807146723,2.630665330564547,False,4.625193252039139e-05,0.4154167289841046,0.4156123363824248,0.0112924550522922,0.3941271683910263,0.4153012614812473,0.4385197915131054,1.0001144066222836,1.0001467208670032,1.0951403148528405,0.9567608951759122,666
2026-08-26,jaou7_6750p,2026-08-26,2027-09,put,67.5,6.56,10.0,0.0,0,22,0.0,71.12818181818184,-0.0523560291481686,9.44459569370555,9.444709323260788,9.423446373398162,9.4395938959565,8.882470648772818,9.4365742473034,10.0432915949544,-0.000113629555237,2.88459569370555,2.884709323260787,2.8634463733981628,2.879593895956501,2.88459569370555,2.884709323260787,2.8634463733981628,2.879593895956501,False,0.000113629555237,0.4154167289841046,0.4156123363824248,0.0112924550522922,0.3941271683910263,0.4153012614812473,0.4385197915131054,1.0001144066222836,1.0001467208670032,1.0951403148528405,0.9567608951759122,666
2026-08-26,jaou7_6800p,2026-08-26,2027-09,put,68.0,6.77,60.0,0.0,0,22,0.0,71.12818181818184,-0.044975921850546,9.702398053055946,9.702494993250312,9.681108608177052,9.697349869979528,9.137023815578845,9.694312691728232,10.304601505402166,-9.694019436601307e-05,2.9323980530559464,2.9324949932503124,2.9111086081770523,2.927349869979528,2.9323980530559464,2.9324949932503124,2.9111086081770523,2.927349869979528,False,9.694019436601307e-05,0.4154167289841046,0.4156123363824248,0.0112924550522922,0.3941271683910263,0.4153012614812473,0.4385197915131054,1.0001144066222836,1.0001467208670032,1.0951403148528405,0.9567608951759122,666
2026-08-26,jaou7_6900p,2026-08-26,2027-09,put,69.0,7.2,175.0,0.0,0,22,0.0,71.12818181818184,-0.0303771224293934,10.228362334194284,10.22849381663016,10.206866355465223,10.223290695422602,9.656636847084895,10.220219280854131,10.83717498258516,-0.0001314824358775,3.028362334194284,3.028493816630161,3.006866355465223,3.023290695422601,3.028362334194284,3.028493816630161,3.006866355465223,3.023290695422601,False,0.0001314824358775,0.4154167289841046,0.4156123363824248,0.0112924550522922,0.3941271683910263,0.4153012614812473,0.4385197915131054,1.0001144066222836,1.0001467208670032,1.0951403148528405,0.9567608951759122,666
2026-08-26,jaou7_7000p,2026-08-26,2027-09,put,70.0,7.66,613.0,0.0,0,22,0.0,71.12818181818184,-0.0159883849772938,10.768018136354977,10.76816886536468,10.746335943854744,10.762916314634614,10.190762663551888,10.759815721703877,11.382600802292629,-0.0001507290097038,3.1080181363549766,3.1081688653646804,3.086335943854744,3.102916314634614,3.1080181363549766,3.1081688653646804,3.086335943854744,3.102916314634614,False,0.0001507290097038,0.4154167289841046,0.4156123363824248,0.0112924550522922,0.3941271683910263,0.4153012614812473,0.4385197915131054,1.0001144066222836,1.0001467208670032,1.0951403148528405,0.9567608951759122,666
2026-08-26,jaou7_7400p,2026-08-26,2027-09,put,74.0,9.71,175.0,0.0,0,22,0.0,71.12818181818184,0.0395814661775168,13.053348459869474,13.05347930057984,13.031110837531624,13.048097909598296,12.461966129465308,13.044921261967,13.683102615588684,-0.0001308407103675,3.343348459869473,3.3434793005798404,3.321110837531624,3.338097909598297,3.343348459869473,3.3434793005798404,3.321110837531624,3.338097909598297,False,0.0001308407103675,0.4154167289841046,0.4156123363824248,0.0112924550522922,0.3941271683910263,0.4153012614812473,0.4385197915131054,1.0001144066222836,1.0001467208670032,1.0951403148528405,0.9567608951759122,666
2026-08-26,jaou7_7450p,2026-08-26,2027-09,put,74.5,10.0,152.0,0.0,0,22,0.0,71.12818181818184,0.046315498358861,13.35232781659736,13.352442141105463,13.33003355729771,13.347051097896449,12.759913174805654,13.343868752532792,13.98327981287512,-0.0001143245081021,3.352327816597361,3.3524421411054632,3.3300335572977104,3.347051097896447,3.352327816597361,3.3524421411054632,3.3300335572977104,3.347051097896447,False,0.0001143245081021,0.4154167289841046,0.4156123363824248,0.0112924550522922,0.3941271683910263,0.4153012614812473,0.4385197915131054,1.0001144066222836,1.0001467208670032,1.0951403148528405,0.9567608951759122,666
2026-08-26,jaou7_7500p,2026-08-26,2027-09,put,75.0,10.28,10.0,0.0,0,22,0.0,71.12818181818184,0.0530044865096576,13.654263270562105,13.654368989517414,13.63192705821118,13.648969923587874,13.06100547328331,13.645782842393606,14.28616668925126,-0.0001057189553108,3.3742632705621034,3.3743689895174143,3.35192705821118,3.3689699235878745,3.3742632705621034,3.3743689895174143,3.35192705821118,3.3689699235878745,False,0.0001057189553108,0.4154167289841046,0.4156123363824248,0.0112924550522922,0.3941271683910263,0.4153012614812473,0.4385197915131054,1.0001144066222836,1.0001467208670032,1.0951403148528405,0.9567608951759122,666
2026-08-27,jaou7_6820c,2026-08-27,2027-09,call,68.2,9.61,30.0,0.0,0,22,0.0,70.99499999999999,-0.0401648871769044,12.439867259351594,12.440034357705551,12.39733084553835,12.43305201878881,11.883495688841126,12.431526905310871,13.02508907669335,-0.0001670983539572,2.8298672593515946,2.830034357705552,2.787330845538351,2.823052018788811,2.8298672593515946,2.830034357705552,2.787330845538351,2.823052018788811,False,0.0001670983539572,0.4152136840244707,0.4154825254006624,0.0113100715468518,0.3940770606725822,0.415154962497036,0.4380336694533111,1.0008162317242129,1.0002431871841384,1.0924024640657084,0.9566721141920917,667
2026-08-27,jaou7_6825c,2026-08-27,2027-09,call,68.25,9.58,15.0,0.0,0,22,0.0,70.99499999999999,-0.0394320179612518,12.418216364354423,12.41837853913634,12.37565264612663,12.411392540786927,11.861527249003846,12.409866627999453,13.003773458367348,-0.0001621747819182,2.838216364354423,2.8383785391363414,2.79565264612663,2.831392540786928,2.838216364354423,2.8383785391363414,2.79565264612663,2.831392540786928,False,0.0001621747819182,0.4152136840244707,0.4154825254006624,0.0113100715468518,0.3940770606725822,0.415154962497036,0.4380336694533111,1.0008162317242129,1.0002431871841384,1.0924024640657084,0.9566721141920917,667
2026-08-27,jaou7_6860c,2026-08-27,2027-09,call,68.6,9.4,21.0,0.0,0,22,0.0,70.99499999999999,-0.0343169172944813,12.267641535532148,12.267803676835277,12.224903967533036,12.2607892582412,11.708761578607485,12.25925713777766,12.855491260638898,-0.0001621413031269,2.8676415355321474,2.8678036768352744,2.824903967533036,2.8607892582412,2.8676415355321474,2.8678036768352744,2.824903967533036,2.8607892582412,False,0.0001621413031269,0.4152136840244707,0.4154825254006624,0.0113100715468518,0.3940770606725822,0.415154962497036,0.4380336694533111,1.0008162317242129,1.0002431871841384,1.0924024640657084,0.9566721141920917,667
2026-08-27,jaou7_6900c,2026-08-27,2027-09,call,69.0,9.2,30.0,0.0,0,22,0.0,70.99499999999999,-0.0285029474290615,12.097655344661929,12.09784904535195,12.054770043938095,12.090805311176442,11.53633865267461,12.089266787473402,12.687924111961673,-0.0001937006900227,2.897655344661928,2.8978490453519505,2.854770043938098,2.890805311176443,2.897655344661928,2.8978490453519505,2.854770043938098,2.890805311176443,False,0.0001937006900227,0.4152136840244707,0.4154825254006624,0.0113100715468518,0.3940770606725822,0.415154962497036,0.4380336694533111,1.0008162317242129,1.0002431871841384,1.0924024640657084,0.9566721141920917,667
2026-08-27,jaou7_6905c,2026-08-27,2027-09,call,69.05,9.17,4.0,0.0,0,22,0.0,70.99499999999999,-0.0277785721710197,12.076560505825087,12.076753603446006,12.033650539915383,12.069705934937096,11.51495437205852,12.06816655187948,12.667122436481998,-0.0001930976209187,2.9065605058250874,2.906753603446006,2.8636505399153838,2.899705934937096,2.9065605058250874,2.906753603446006,2.8636505399153838,2.899705934937096,False,0.0001930976209187,0.4152136840244707,0.4154825254006624,0.0113100715468518,0.3940770606725822,0.415154962497036,0.4380336694533111,1.0008162317242129,1.0002431871841384,1.0924024640657084,0.9566721141920917,667
2026-08-27,jaou7_6930c,2026-08-27,2027-09,call,69.3,9.05,7.0,0.0,0,22,0.0,70.99499999999999,-0.0241645458304633,11.971589070327536,11.971778179317448,11.928571964679914,11.964713644842451,11.408598513656855,11.963170577845611,12.563619890025668,-0.0001891089899128,2.921589070327535,2.921778179317448,2.8785719646799137,2.9147136448424504,2.921589070327535,2.921778179317448,2.8785719646799137,2.9147136448424504,False,0.0001891089899128,0.4152136840244707,0.4154825254006624,0.0113100715468518,0.3940770606725822,0.415154962497036,0.4380336694533111,1.0008162317242129,1.0002431871841384,1.0924024640657084,0.9566721141920917,667
2026-08-27,jaou7_7000c,2026-08-27,2027-09,call,70.0,8.7,812.0,0.0,0,22,0.0,70.99499999999999,-0.0141142099769619,11.682171717779942,11.682386473270183,11.638893817328263,11.675275103531163,11.115454907808523,11.67372180656794,12.27801471721956,-0.0002147554902407,2.982171717779943,2.982386473270184,2.9388938173282657,2.975275103531164,2.982171717779943,2.982386473270184,2.9388938173282657,2.975275103531164,False,0.0002147554902407,0.4152136840244707,0.4154825254006624,0.0113100715468518,0.3940770606725822,0.415154962497036,0.4380336694533111,1.0008162317242129,1.0002431871841384,1.0924024640657084,0.9566721141920917,667
2026-08-27,jaou7_7110c,2026-08-27,2027-09,call,71.1,8.18,5.0,0.0,0,22,0.0,70.99499999999999,0.0014778847828741,11.2403611316249,11.240571854585774,11.196696906429832,11.233397977252691,10.668685820620473,11.23183102710315,11.841411545359096,-0.0002107229608725,3.060361131624901,3.060571854585774,3.016696906429832,3.0533979772526934,3.060361131624901,3.060571854585774,3.016696906429832,3.0533979772526934,False,0.0002107229608725,0.4152136840244707,0.4154825254006624,0.0113100715468518,0.3940770606725822,0.415154962497036,0.4380336694533111,1.0008162317242129,1.0002431871841384,1.0924024640657084,0.9566721141920917,667
2026-08-27,jaou7_7200c,2026-08-27,2027-09,call,72.0,7.77,143.0,0.0,0,22,0.0,70.99499999999999,0.0140566669897344,10.890304423955255,10.890524106478487,10.846393690989064,10.883308458353874,10.315272808838866,10.881732384442518,11.494843448350288,-0.0002196825232303,3.120304423955257,3.120524106478488,3.076393690989065,3.113308458353874,3.120304423955257,3.120524106478488,3.076393690989065,3.113308458353874,False,0.0002196825232303,0.4152136840244707,0.4154825254006624,0.0113100715468518,0.3940770606725822,0.415154962497036,0.4380336694533111,1.0008162317242129,1.0002431871841384,1.0924024640657084,0.9566721141920917,667
2026-08-27,jaou7_7335c,2026-08-27,2027-09,call,73.35,7.2,10.0,0.0,0,22,0.0,70.99499999999999,0.0326330525626698,10.3832856064162,10.38348664327772,10.339053590287628,10.376221511691645,9.80434658321166,10.37463462938286,10.99204841174441,-0.0002010368615206,3.1832856064162,3.18348664327772,3.1390535902876264,3.176221511691645,3.1832856064162,3.18348664327772,3.1390535902876264,3.176221511691645,False,0.0002010368615206,0.4152136840244707,0.4154825254006624,0.0113100715468518,0.3940770606725822,0.415154962497036,0.4380336694533111,1.0008162317242129,1.0002431871841384,1.0924024640657084,0.9566721141920917,667
2026-08-27,jaou7_7400c,2026-08-27,2027-09,call,74.0,6.93,60.0,0.0,0,22,0.0,70.99499999999999,0.0414556411778488,10.146725068064615,10.146908441875578,10.102362426421791,10.13962484009428,9.566360937905886,10.13803392344342,10.75709657204632,-0.0001833738109606,3.2167250680646173,3.216908441875578,3.172362426421792,3.20962484009428,3.2167250680646173,3.216908441875578,3.172362426421792,3.20962484009428,False,0.0001833738109606,0.4152136840244707,0.4154825254006624,0.0113100715468518,0.3940770606725822,0.415154962497036,0.4380336694533111,1.0008162317242129,1.0002431871841384,1.0924024640657084,0.9566721141920917,667
2026-08-27,jaou7_7450c,2026-08-27,2027-09,call,74.5,6.73,152.0,0.0,0,22,0.0,70.99499999999999,0.0481896733591929,9.968143373582734,9.96831015581239,9.923684552544952,9.961013540837085,9.386790649678913,9.959419781786591,10.579654198030452,-0.0001667822296553,3.2381433735827336,3.238310155812389,3.1936845525449518,3.2310135408370844,3.2381433735827336,3.238310155812389,3.1936845525449518,3.2310135408370844,False,0.0001667822296553,0.4152136840244707,0.4154825254006624,0.0113100715468518,0.3940770606725822,0.415154962497036,0.4380336694533111,1.0008162317242129,1.0002431871841384,1.0924024640657084,0.9566721141920917,667
2026-08-27,jaou7_7500c,2026-08-27,2027-09,call,75.0,6.54,1215.0,0.0,0,22,0.0,70.99499999999999,0.0548786615099896,9.792458541049983,9.792610405172182,9.747924246628347,9.785303888962964,9.210344703313078,9.783707967240982,10.40485487633616,-0.0001518641221984,3.2524585410499838,3.252610405172182,3.207924246628349,3.245303888962962,3.2524585410499838,3.252610405172182,3.207924246628349,3.245303888962962,False,0.0001518641221984,0.4152136840244707,0.4154825254006624,0.0113100715468518,0.3940770606725822,0.415154962497036,0.4380336694533111,1.0008162317242129,1.0002431871841384,1.0924024640657084,0.9566721141920917,667
2026-08-27,jaou7_7542c,2026-08-27,2027-09,call,75.42,6.38,5.0,0.0,0,22,0.0,70.99499999999999,0.0604630398038902,9.647015489569254,9.647153237668034,9.602420981179945,9.639839184105238,9.064347807346596,9.638241616041014,10.260082087779116,-0.0001377480987798,3.2670154895692542,3.267153237668034,3.222420981179943,3.259839184105238,3.2670154895692542,3.267153237668034,3.222420981179943,3.259839184105238,False,0.0001377480987798,0.4152136840244707,0.4154825254006624,0.0113100715468518,0.3940770606725822,0.415154962497036,0.4380336694533111,1.0008162317242129,1.0002431871841384,1.0924024640657084,0.9566721141920917,667
2026-08-27,jaou7_7550c,2026-08-27,2027-09,call,75.5,6.35,12.0,0.0,0,22,0.0,70.99499999999999,0.0615232042286581,9.619540884644024,9.619674957609575,9.574934589230102,9.612359577692764,9.036780504830135,9.610761719920404,10.23272284031456,-0.0001340729655527,3.269540884644023,3.269674957609576,3.2249345892301022,3.262359577692763,3.269540884644023,3.269674957609576,3.2249345892301022,3.262359577692763,False,0.0001340729655527,0.4152136840244707,0.4154825254006624,0.0113100715468518,0.3940770606725822,0.415154962497036,0.4380336694533111,1.0008162317242129,1.0002431871841384,1.0924024640657084,0.9566721141920917,667
2026-08-27,jaou7_7600c,2026-08-27,2027-09,call,76.0,6.17,90.0,0.0,0,22,0.0,70.99499999999999,0.0681238882600102,9.449409755419357,9.44952525833006,9.404745077891494,9.442203368848212,8.866175968186297,9.440604089227747,10.06319663713835,-0.0001155029107042,3.279409755419355,3.279525258330059,3.2347450778914943,3.272203368848213,3.279409755419355,3.279525258330059,3.2347450778914943,3.272203368848213,False,0.0001155029107042,0.4152136840244707,0.4154825254006624,0.0113100715468518,0.3940770606725822,0.415154962497036,0.4380336694533111,1.0008162317242129,1.0002431871841384,1.0924024640657084,0.9566721141920917,667
2026-08-27,jaou7_7610c,2026-08-27,2027-09,call,76.1,6.13,30.0,0.0,0,22,0.0,70.99499999999999,0.0694388128413192,9.41570847157863,9.415819476175256,9.37103237501296,9.408496455104082,8.832396740863599,9.406896928316849,10.029603489444863,-0.0001110045966257,3.285708471578631,3.2858194761752566,3.241032375012959,3.278496455104082,3.285708471578631,3.2858194761752566,3.241032375012959,3.278496455104082,False,0.0001110045966257,0.4152136840244707,0.4154825254006624,0.0113100715468518,0.3940770606725822,0.415154962497036,0.4380336694533111,1.0008162317242129,1.0002431871841384,1.0924024640657084,0.9566721141920917,667
2026-08-27,jaou7_7705c,2026-08-27,2027-09,call,77.05,5.8,41.0,0.0,0,22,0.0,70.99499999999999,0.0818451097398037,9.100931483520515,9.100999864318933,9.056169477355889,9.093669765700367,8.51717518610467,9.0920686930038,9.715541235355392,-6.838079841386957e-05,3.300931483520517,3.300999864318931,3.256169477355889,3.2936697657003675,3.300931483520517,3.300999864318931,3.256169477355889,3.2936697657003675,False,6.838079841386957e-05,0.4152136840244707,0.4154825254006624,0.0113100715468518,0.3940770606725822,0.415154962497036,0.4380336694533111,1.0008162317242129,1.0002431871841384,1.0924024640657084,0.9566721141920917,667
2026-08-27,jaou7_7710c,2026-08-27,2027-09,call,77.1,5.79,13.0,0.0,0,22,0.0,70.99499999999999,0.0824938285429628,9.084632819626636,9.084697812848637,9.039866079105618,9.077367494021622,8.500866385788058,9.075766373226148,9.69927146033508,-6.499322199893243e-05,3.294632819626636,3.294697812848635,3.249866079105618,3.2873674940216224,3.294632819626636,3.294697812848635,3.249866079105618,3.2873674940216224,False,6.499322199893243e-05,0.4152136840244707,0.4154825254006624,0.0113100715468518,0.3940770606725822,0.415154962497036,0.4380336694533111,1.0008162317242129,1.0002431871841384,1.0924024640657084,0.9566721141920917,667
2026-08-27,jaou7_7725c,2026-08-27,2027-09,call,77.25,5.74,4.0,0.0,0,22,0.0,70.99499999999999,0.0844374637515339,9.03590665706736,9.035964347865583,8.991129549099387,9.028633527884692,8.452121288380251,9.027032297624965,9.650608079268093,-5.769079822215417e-05,3.295906657067361,3.295964347865583,3.251129549099387,3.288633527884693,3.295906657067361,3.295964347865583,3.251129549099387,3.288633527884693,False,5.769079822215417e-05,0.4152136840244707,0.4154825254006624,0.0113100715468518,0.3940770606725822,0.415154962497036,0.4380336694533111,1.0008162317242129,1.0002431871841384,1.0924024640657084,0.9566721141920917,667
2026-08-27,jaou7_5800p,2026-08-27,2027-09,put,58.0,3.45,30.0,0.0,0,22,0.0,70.99499999999999,-0.2021664414799015,5.231732140685974,5.231139455906655,5.195508121877947,5.225313470229647,4.769599118972544,5.224040932562223,5.72190732724205,0.0005926847793187,1.781732140685974,1.7811394559066551,1.745508121877947,1.775313470229647,1.781732140685974,1.7811394559066551,1.745508121877947,1.775313470229647,False,0.0005926847793187,0.4152136840244707,0.4154825254006624,0.0113100715468518,0.3940770606725822,0.415154962497036,0.4380336694533111,1.0008162317242129,1.0002431871841384,1.0924024640657084,0.9566721141920917,667
2026-08-27,jaou7_5900p,2026-08-27,2027-09,put,59.0,3.71,5.0,0.0,0,22,0.0,70.99499999999999,-0.1850720081206014,5.615098778206451,5.614579960201706,5.577997117899688,5.608598395910454,5.140178825672772,5.607291876071111,6.118401974644813,0.0005188180047452,1.905098778206451,1.9045799602017055,1.867997117899688,1.8985983959104544,1.905098778206451,1.9045799602017055,1.867997117899688,1.8985983959104544,False,0.0005188180047452,0.4152136840244707,0.4154825254006624,0.0113100715468518,0.3940770606725822,0.415154962497036,0.4380336694533111,1.0008162317242129,1.0002431871841384,1.0924024640657084,0.9566721141920917,667
2026-08-27,jaou7_6000p,2026-08-27,2027-09,put,60.0,3.99,1529.0,0.0,0,22,0.0,70.99499999999999,-0.1682648898042202,6.0134507434493205,6.01301088248093,5.97546382309311,6.006871661590941,5.525955495105424,6.005530705697078,6.529653570566115,0.0004398609683908,2.0234507434493203,2.0230108824809294,1.9854638230931092,2.016871661590941,2.0234507434493203,2.0230108824809294,1.9854638230931092,2.016871661590941,False,0.0004398609683908,0.4152136840244707,0.4154825254006624,0.0113100715468518,0.3940770606725822,0.415154962497036,0.4380336694533111,1.0008162317242129,1.0002431871841384,1.0924024640657084,0.9566721141920917,667
2026-08-27,jaou7_6200p,2026-08-27,2027-09,put,62.0,4.6,44.0,0.0,0,22,0.0,70.99499999999999,-0.1354750669812293,6.856135756877658,6.8558469426247095,6.8165074737584135,6.849414649576925,6.344881795916975,6.848009679560689,7.396355013534367,0.0002888142529489,2.2561357568776588,2.25584694262471,2.216507473758414,2.2494146495769254,2.2561357568776588,2.25584694262471,2.216507473758414,2.2494146495769254,False,0.0002888142529489,0.4152136840244707,0.4154825254006624,0.0113100715468518,0.3940770606725822,0.415154962497036,0.4380336694533111,1.0008162317242129,1.0002431871841384,1.0924024640657084,0.9566721141920917,667
2026-08-27,jaou7_6420p,2026-08-27,2027-09,put,64.2,5.35,6.0,0.0,0,22,0.0,70.99499999999999,-0.1006062413304053,7.851663500955873,7.851581385539424,7.810629983924363,7.844885529609064,7.318738715176182,7.843422991017413,8.413595881918937,8.211541644875808e-05,2.501663500955873,2.501581385539424,2.4606299839243637,2.494885529609064,2.501663500955873,2.501581385539424,2.4606299839243637,2.494885529609064,False,8.211541644875808e-05,0.4152136840244707,0.4154825254006624,0.0113100715468518,0.3940770606725822,0.415154962497036,0.4380336694533111,1.0008162317242129,1.0002431871841384,1.0924024640657084,0.9566721141920917,667
2026-08-27,jaou7_6500p,2026-08-27,2027-09,put,65.0,5.64,682.0,0.0,0,22,0.0,70.99499999999999,-0.0882221821306837,8.230726299976416,8.2306890107554,8.189182905779584,8.22390245673801,7.690551906056823,8.222420107467359,8.800048323129522,3.728922101586818e-05,2.590726299976416,2.5906890107554004,2.549182905779584,2.5839024567380102,2.590726299976416,2.5906890107554004,2.549182905779584,2.5839024567380102,False,3.728922101586818e-05,0.4152136840244707,0.4154825254006624,0.0113100715468518,0.3940770606725822,0.415154962497036,0.4380336694533111,1.0008162317242129,1.0002431871841384,1.0924024640657084,0.9566721141920917,667
2026-08-27,jaou7_6750p,2026-08-27,2027-09,put,67.5,6.63,10.0,0.0,0,22,0.0,70.99499999999999,-0.0504818541478366,9.473183527473886,9.473296453322234,9.430374957092027,9.466278472404891,8.91413114089482,9.46474557384288,10.06154536289033,-0.0001129258483487,2.8431835274738857,2.8432964533222345,2.800374957092028,2.8362784724048917,2.8431835274738857,2.8432964533222345,2.800374957092028,2.8362784724048917,False,0.0001129258483487,0.4152136840244707,0.4154825254006624,0.0113100715468518,0.3940770606725822,0.415154962497036,0.4380336694533111,1.0008162317242129,1.0002431871841384,1.0924024640657084,0.9566721141920917,667
2026-08-27,jaou7_6800p,2026-08-27,2027-09,put,68.0,6.85,60.0,0.0,0,22,0.0,70.99499999999999,-0.0431017468502141,9.73172032055258,9.7318204047931,9.688647204225836,9.724761268361869,9.1694458849984,9.723219380429722,10.323516890772703,-0.0001000842405183,2.881720320552581,2.8818204047931,2.838647204225836,2.8747612683618677,2.881720320552581,2.8818204047931,2.838647204225836,2.8747612683618677,False,0.0001000842405183,0.4152136840244707,0.4154825254006624,0.0113100715468518,0.3940770606725822,0.415154962497036,0.4380336694533111,1.0008162317242129,1.0002431871841384,1.0924024640657084,0.9566721141920917,667
2026-08-27,jaou7_6900p,2026-08-27,2027-09,put,69.0,7.29,175.0,0.0,0,22,0.0,70.99499999999999,-0.0285029474290615,10.259227639277452,10.259364874779276,10.21572114681712,10.252228803651713,9.69069899537777,10.250670111301494,10.857418343031297,-0.0001372355018229,2.9692276392774515,2.9693648747792745,2.9257211468171187,2.962228803651713,2.9692276392774515,2.9693648747792745,2.9257211468171187,2.962228803651713,False,0.0001372355018229,0.4152136840244707,0.4154825254006624,0.0113100715468518,0.3940770606725822,0.415154962497036,0.4380336694533111,1.0008162317242129,1.0002431871841384,1.0924024640657084,0.9566721141920917,667
2026-08-27,jaou7_7000p,2026-08-27,2027-09,put,70.0,7.75,617.0,4.0,0,22,0.0,70.99499999999999,-0.0141142099769619,10.800416126587557,10.800574416889598,10.756517034399378,10.793370710198523,10.226487364703775,10.79179724458812,11.404181062481276,-0.0001582903020427,3.050416126587555,3.0505744168895976,3.006517034399378,3.0433707101985235,3.050416126587555,3.0505744168895976,3.006517034399378,3.0433707101985235,True,0.0001582903020427,0.4152136840244707,0.4154825254006624,0.0113100715468518,0.3940770606725822,0.415154962497036,0.4380336694533111,1.0008162317242129,1.0002431871841384,1.0924024640657084,0.9566721141920917,667
2026-08-27,jaou7_7400p,2026-08-27,2027-09,put,74.0,9.81,175.0,0.0,0,22,0.0,70.99499999999999,0.0414556411778488,13.0916579336406,13.09178484226336,13.046674100261272,13.084408903530008,12.504081851569506,13.08279781823197,13.7099513740764,-0.0001269086227608,3.2816579336405987,3.2817848422633595,3.236674100261272,3.2744089035300075,3.2816579336405987,3.2817848422633595,3.236674100261272,3.2744089035300075,False,0.0001269086227608,0.4152136840244707,0.4154825254006624,0.0113100715468518,0.3940770606725822,0.415154962497036,0.4380336694533111,1.0008162317242129,1.0002431871841384,1.0924024640657084,0.9566721141920917,667
2026-08-27,jaou7_7450p,2026-08-27,2027-09,put,74.5,10.09,152.0,0.0,0,22,0.0,70.99499999999999,0.0481896733591929,13.391412296254762,13.391522613296218,13.34633228348048,13.38413366136886,12.80284762043858,13.38251973367119,14.010845057156578,-0.0001103170414555,3.301412296254762,3.3015226132962177,3.2563322834804787,3.2941336613688605,3.301412296254762,3.3015226132962177,3.2563322834804787,3.2941336613688605,False,0.0001103170414555,0.4152136840244707,0.4154825254006624,0.0113100715468518,0.3940770606725822,0.415154962497036,0.4380336694533111,1.0008162317242129,1.0002431871841384,1.0924024640657084,0.9566721141920917,667
2026-08-27,jaou7_7500p,2026-08-27,2027-09,put,75.0,10.38,10.0,0.0,0,22,0.0,70.99499999999999,0.0548786615099896,13.694063520818055,13.694158919752056,13.648908034659922,13.686760066590782,13.10473773116879,13.685143976221624,14.314381792558333,-9.539893399868048e-05,3.314063520818056,3.314158919752055,3.268908034659921,3.306760066590781,3.314063520818056,3.314158919752055,3.268908034659921,3.306760066590781,False,9.539893399868048e-05,0.4152136840244707,0.4154825254006624,0.0113100715468518,0.3940770606725822,0.415154962497036,0.4380336694533111,1.0008162317242129,1.0002431871841384,1.0924024640657084,0.9566721141920917,667
2026-08-28,jaou7_6820c,2026-08-28,2027-09,call,68.2,9.54,30.0,0.0,0,22,0.0,71.0881818181818,-0.0414765389902829,12.458266933078988,12.458428102249622,12.431180746517349,12.452090051226804,11.904592914746928,12.447856380313905,13.0506978679857,-0.0001611691706333,2.918266933078989,2.9184281022496226,2.8911807465173496,2.912090051226805,2.918266933078989,2.9184281022496226,2.8911807465173496,2.912090051226805,False,0.0001611691706333,0.4149042731967059,0.4151487711068752,0.0112064512769346,0.3938023606574456,0.4147409542699851,0.4380254647095707,1.00065018488682,1.0003069456268752,1.0896646132785763,0.9556087378578383,668
2026-08-28,jaou7_6825c,2026-08-28,2027-09,call,68.25,9.52,15.0,0.0,0,22,0.0,71.0881818181818,-0.0407436697746303,12.436564547245853,12.436728679789075,12.40946704294796,12.430387306814676,11.882561370738935,12.426151416915252,13.02933603950268,-0.0001641325432242,2.9165645472458515,2.916728679789076,2.88946704294796,2.910387306814675,2.9165645472458515,2.916728679789076,2.88946704294796,2.910387306814675,False,0.0001641325432242,0.4149042731967059,0.4151487711068752,0.0112064512769346,0.3938023606574456,0.4147409542699851,0.4380254647095707,1.00065018488682,1.0003069456268752,1.0896646132785763,0.9556087378578383,668
2026-08-28,jaou7_6860c,2026-08-28,2027-09,call,68.6,9.34,21.0,0.0,0,22,0.0,71.0881818181818,-0.03562856910786,12.285625543759773,12.285784381246565,12.25841607534209,12.279418195810624,11.729413475221712,12.275165731763044,12.880757146563951,-0.00015883748679,2.945625543759773,2.945784381246563,2.9184160753420905,2.9394181958106245,2.945625543759773,2.945784381246563,2.9184160753420905,2.9394181958106245,False,0.00015883748679,0.4149042731967059,0.4151487711068752,0.0112064512769346,0.3938023606574456,0.4147409542699851,0.4380254647095707,1.00065018488682,1.0003069456268752,1.0896646132785763,0.9556087378578383,668
2026-08-28,jaou7_6900c,2026-08-28,2027-09,call,69.0,9.13,30.0,0.0,0,22,0.0,71.0881818181818,-0.02981459924244,12.115230724267905,12.115416030001308,12.087925120474786,12.109021325540631,11.556572574215885,12.104749811446744,12.71285016286816,-0.0001853057334031,2.985230724267904,2.985416030001307,2.957925120474785,2.979021325540632,2.985230724267904,2.985416030001307,2.957925120474785,2.979021325540632,False,0.0001853057334031,0.4149042731967059,0.4151487711068752,0.0112064512769346,0.3938023606574456,0.4147409542699851,0.4380254647095707,1.00065018488682,1.0003069456268752,1.0896646132785763,0.9556087378578383,668
2026-08-28,jaou7_6905c,2026-08-28,2027-09,call,69.05,9.1,4.0,0.0,0,22,0.0,71.0881818181818,-0.0290902239843983,12.094086955799597,12.09427638489309,12.066773756912855,12.087878954584143,11.535131832198523,12.083605619686905,12.692005965676724,-0.0001894290934938,2.994086955799597,2.994276384893091,2.9667737569128576,2.9878789545841453,2.994086955799597,2.994276384893091,2.9667737569128576,2.9878789545841453,False,0.0001894290934938,0.4149042731967059,0.4151487711068752,0.0112064512769346,0.3938023606574456,0.4147409542699851,0.4380254647095707,1.00065018488682,1.0003069456268752,1.0896646132785763,0.9556087378578383,668
2026-08-28,jaou7_6930c,2026-08-28,2027-09,call,69.3,8.98,7.0,0.0,0,22,0.0,71.0881818181818,-0.0254761976438419,11.9888720601132,11.98906444212676,11.96149467288998,11.982651393982678,11.428494263258552,11.978367626734215,12.588276198131318,-0.0001923820135623,3.008872060113198,3.0090644421267605,2.98149467288998,3.0026513939826778,3.008872060113198,3.0090644421267605,2.98149467288998,3.0026513939826778,False,0.0001923820135623,0.4149042731967059,0.4151487711068752,0.0112064512769346,0.3938023606574456,0.4147409542699851,0.4380254647095707,1.00065018488682,1.0003069456268752,1.0896646132785763,0.9556087378578383,668
2026-08-28,jaou7_7000c,2026-08-28,2027-09,call,70.0,8.63,812.0,0.0,0,22,0.0,71.0881818181818,-0.0154258617903404,11.698761175306869,11.698963372876197,11.671209025208,11.692507389647789,11.134649976041386,11.688194942759951,12.302102162579075,-0.0002021975693295,3.068761175306866,3.068963372876196,3.0412090252079977,3.062507389647786,3.068761175306866,3.068963372876196,3.0412090252079977,3.062507389647786,False,0.0002021975693295,0.4149042731967059,0.4151487711068752,0.0112064512769346,0.3938023606574456,0.4147409542699851,0.4380254647095707,1.00065018488682,1.0003069456268752,1.0896646132785763,0.9556087378578383,668
2026-08-28,jaou7_7110c,2026-08-28,2027-09,call,71.1,8.11,5.0,0.0,0,22,0.0,71.0881818181818,0.0001662329694957,11.25592725958757,11.256132807318291,11.228135223459878,11.249620244530409,10.686777181307692,11.24527000381063,11.864607783683685,-0.0002055477307205,3.145927259587572,3.146132807318292,3.1181352234598787,3.139620244530409,3.145927259587572,3.146132807318292,3.1181352234598787,3.139620244530409,False,0.0002055477307205,0.4149042731967059,0.4151487711068752,0.0112064512769346,0.3938023606574456,0.4147409542699851,0.4380254647095707,1.00065018488682,1.0003069456268752,1.0896646132785763,0.9556087378578383,668
2026-08-28,jaou7_7200c,2026-08-28,2027-09,call,72.0,7.7,143.0,0.0,0,22,0.0,71.0881818181818,0.0127450151763558,10.905079609158255,10.905293542153894,10.877126863133435,10.898741645869752,10.33252016292265,10.8943651312878,11.517387285358495,-0.0002139329956367,3.2050796091582567,3.205293542153893,3.177126863133437,3.1987416458697515,3.2050796091582567,3.205293542153893,3.177126863133437,3.1987416458697515,False,0.0002139329956367,0.4149042731967059,0.4151487711068752,0.0112064512769346,0.3938023606574456,0.4147409542699851,0.4380254647095707,1.00065018488682,1.0003069456268752,1.0896646132785763,0.9556087378578383,668
2026-08-28,jaou7_7335c,2026-08-28,2027-09,call,73.35,7.12,10.0,0.0,0,22,0.0,71.0881818181818,0.0313214007492911,10.396936199763088,10.397133781067538,10.368768562978698,10.39053570229296,9.82041290328287,10.386128338879766,11.013601902044275,-0.0001975813044499,3.276936199763088,3.277133781067538,3.248768562978697,3.2705357022929613,3.276936199763088,3.277133781067538,3.248768562978697,3.2705357022929613,False,0.0001975813044499,0.4149042731967059,0.4151487711068752,0.0112064512769346,0.3938023606574456,0.4147409542699851,0.4380254647095707,1.00065018488682,1.0003069456268752,1.0896646132785763,0.9556087378578383,668
2026-08-28,jaou7_7400c,2026-08-28,2027-09,call,74.0,6.85,60.0,0.0,0,22,0.0,71.0881818181818,0.0401439893644703,10.159868328580949,10.160050467531963,10.131612465483489,10.153435458364056,9.581902119281592,10.14901678584124,10.77817272201723,-0.0001821389510165,3.309868328580947,3.310050467531964,3.2816124654834877,3.3034354583640564,3.309868328580947,3.310050467531964,3.2816124654834877,3.3034354583640564,False,0.0001821389510165,0.4149042731967059,0.4151487711068752,0.0112064512769346,0.3938023606574456,0.4147409542699851,0.4380254647095707,1.00065018488682,1.0003069456268752,1.0896646132785763,0.9556087378578383,668
2026-08-28,jaou7_7450c,2026-08-28,2027-09,call,74.5,6.65,152.0,0.0,0,22,0.0,71.0881818181818,0.0468780215458142,9.980856611484064,9.981020870773028,9.952531411723308,9.97439389210971,9.401887119648686,9.969967224241891,10.600337545037236,-0.0001642592889652,3.3308566114840623,3.331020870773028,3.302531411723308,3.3243938921097094,3.3308566114840623,3.331020870773028,3.302531411723308,3.3243938921097094,False,0.0001642592889652,0.4149042731967059,0.4151487711068752,0.0112064512769346,0.3938023606574456,0.4147409542699851,0.4380254647095707,1.00065018488682,1.0003069456268752,1.0896646132785763,0.9556087378578383,668
2026-08-28,jaou7_7500c,2026-08-28,2027-09,call,75.0,6.46,1215.0,0.0,0,22,0.0,71.0881818181818,0.053567009696611,9.804797976473557,9.804953975471248,9.776423525299576,9.798317461797453,9.225022661391916,9.79388442476404,10.4252003985856,-0.0001559989976911,3.344797976473557,3.344953975471248,3.316423525299577,3.3383174617974527,3.344797976473557,3.344953975471248,3.316423525299577,3.3383174617974527,False,0.0001559989976911,0.4149042731967059,0.4151487711068752,0.0112064512769346,0.3938023606574456,0.4147409542699851,0.4380254647095707,1.00065018488682,1.0003069456268752,1.0896646132785763,0.9556087378578383,668
2026-08-28,jaou7_7542c,2026-08-28,2027-09,call,75.42,6.3,5.0,0.0,0,22,0.0,71.0881818181818,0.0591513879905116,9.659021969269364,9.65915897115952,9.6305991900018,9.652515634758116,9.078694962275105,9.64807804030109,10.280123391650122,-0.0001370018901543,3.3590219692693646,3.359158971159519,3.3305991900018013,3.352515634758117,3.3590219692693646,3.359158971159519,3.3305991900018013,3.352515634758117,False,0.0001370018901543,0.4149042731967059,0.4151487711068752,0.0112064512769346,0.3938023606574456,0.4147409542699851,0.4380254647095707,1.00065018488682,1.0003069456268752,1.0896646132785763,0.9556087378578383,668
2026-08-28,jaou7_7550c,2026-08-28,2027-09,call,75.5,6.27,12.0,0.0,0,22,0.0,71.0881818181818,0.0602115524152795,9.631482255977886,9.631617170118467,9.603051913121751,9.624972559973395,9.051058175613788,9.62053411468517,10.252707523159774,-0.0001349141405828,3.3614822559778865,3.3616171701184694,3.333051913121753,3.354972559973396,3.3614822559778865,3.3616171701184694,3.333051913121753,3.354972559973396,False,0.0001349141405828,0.4149042731967059,0.4151487711068752,0.0112064512769346,0.3938023606574456,0.4147409542699851,0.4380254647095707,1.00065018488682,1.0003069456268752,1.0896646132785763,0.9556087378578383,668
2026-08-28,jaou7_7600c,2026-08-28,2027-09,call,76.0,6.09,90.0,0.0,0,22,0.0,71.0881818181818,0.0668122364466317,9.460982106535518,9.46109806374336,9.432506142915877,9.45444725128194,8.880063715092545,9.450004662990413,10.08284653349772,-0.000115957207841,3.370982106535518,3.371098063743359,3.342506142915875,3.3644472512819394,3.370982106535518,3.371098063743359,3.342506142915875,3.3644472512819394,False,0.000115957207841,0.4149042731967059,0.4151487711068752,0.0112064512769346,0.3938023606574456,0.4147409542699851,0.4380254647095707,1.00065018488682,1.0003069456268752,1.0896646132785763,0.9556087378578383,668
2026-08-28,jaou7_7610c,2026-08-28,2027-09,call,76.1,6.05,30.0,0.0,0,22,0.0,71.0881818181818,0.0681271610279406,9.427203070329146,9.427315170642858,9.3987186002714,9.420663276643571,8.846198467216954,9.416219965909866,10.04918214070027,-0.0001121003137125,3.377203070329146,3.3773151706428584,3.3487186002714,3.3706632766435733,3.377203070329146,3.3773151706428584,3.3487186002714,3.3706632766435733,False,0.0001121003137125,0.4149042731967059,0.4151487711068752,0.0112064512769346,0.3938023606574456,0.4147409542699851,0.4380254647095707,1.00065018488682,1.0003069456268752,1.0896646132785763,0.9556087378578383,668
2026-08-28,jaou7_7705c,2026-08-28,2027-09,call,77.05,5.72,41.0,0.0,0,22,0.0,71.0881818181818,0.0805334579264253,9.111716628786812,9.1117861990277,9.083159823195508,9.105127371932491,8.53022483868727,9.1006794300517,9.734474727618222,-6.957024088727337e-05,3.391716628786813,3.3917861990277,3.3631598231955087,3.385127371932493,3.391716628786813,3.3917861990277,3.3631598231955087,3.385127371932493,False,6.957024088727337e-05,0.4149042731967059,0.4151487711068752,0.0112064512769346,0.3938023606574456,0.4147409542699851,0.4380254647095707,1.00065018488682,1.0003069456268752,1.0896646132785763,0.9556087378578383,668
2026-08-28,jaou7_7710c,2026-08-28,2027-09,call,77.1,5.7,13.0,0.0,0,22,0.0,71.0881818181818,0.0811821767295843,9.095387409866378,9.095455430805597,9.06682820026606,9.088796404895543,8.51388528628777,9.084348330211052,9.718166410235316,-6.802093921720598e-05,3.3953874098663777,3.395455430805595,3.366828200266059,3.388796404895545,3.3953874098663777,3.395455430805595,3.366828200266059,3.388796404895545,False,6.802093921720598e-05,0.4149042731967059,0.4151487711068752,0.0112064512769346,0.3938023606574456,0.4147409542699851,0.4380254647095707,1.00065018488682,1.0003069456268752,1.0896646132785763,0.9556087378578383,668
2026-08-28,jaou7_7725c,2026-08-28,2027-09,call,77.25,5.65,4.0,0.0,0,22,0.0,71.0881818181818,0.0831258119381553,9.046547469914008,9.04660783247004,9.017978459222672,9.039948308141293,8.465020979747905,9.035499900524684,9.669398623694876,-6.0362556032700354e-05,3.3965474699140064,3.396607832470039,3.367978459222673,3.3899483081412924,3.3965474699140064,3.396607832470039,3.367978459222673,3.3899483081412924,False,6.0362556032700354e-05,0.4149042731967059,0.4151487711068752,0.0112064512769346,0.3938023606574456,0.4147409542699851,0.4380254647095707,1.00065018488682,1.0003069456268752,1.0896646132785763,0.9556087378578383,668
2026-08-28,jaou7_5800p,2026-08-28,2027-09,put,58.0,3.34,30.0,0.0,0,22,0.0,71.0881818181818,-0.20347809329328,5.185159526379292,5.184554920829897,5.161868824403374,5.179277871633907,4.726002676311091,5.175752925304732,5.68071562949714,0.0006046055493946,1.845159526379292,1.8445549208298968,1.8218688244033745,1.8392778716339075,1.845159526379292,1.8445549208298968,1.8218688244033745,1.8392778716339075,False,0.0006046055493946,0.4149042731967059,0.4151487711068752,0.0112064512769346,0.3938023606574456,0.4147409542699851,0.4380254647095707,1.00065018488682,1.0003069456268752,1.0896646132785763,0.9556087378578383,668
2026-08-28,jaou7_5900p,2026-08-28,2027-09,put,59.0,3.6,5.0,0.0,0,22,0.0,71.0881818181818,-0.1863836599339799,5.566453309799607,5.565937824202183,5.54263375520328,5.560517027417145,5.094486181817426,5.556896061036323,6.075293409455068,0.0005154855974236,1.9664533097996064,1.9659378242021828,1.94263375520328,1.9605170274171448,1.9664533097996064,1.9659378242021828,1.94263375520328,1.9605170274171448,False,0.0005154855974236,0.4149042731967059,0.4151487711068752,0.0112064512769346,0.3938023606574456,0.4147409542699851,0.4380254647095707,1.00065018488682,1.0003069456268752,1.0896646132785763,0.9556087378578383,668
2026-08-28,jaou7_6000p,2026-08-28,2027-09,put,60.0,3.88,1529.0,0.0,0,22,0.0,71.0881818181818,-0.1695765416175987,5.962663405781961,5.962209805805949,5.9382855445686165,5.956644745111791,5.478186663803475,5.952927413789503,6.484617693103174,0.0004535999760122,2.082663405781961,2.082209805805949,2.058285544568617,2.076644745111791,2.082663405781961,2.082209805805949,2.058285544568617,2.076644745111791,False,0.0004535999760122,0.4149042731967059,0.4151487711068752,0.0112064512769346,0.3938023606574456,0.4147409542699851,0.4380254647095707,1.00065018488682,1.0003069456268752,1.0896646132785763,0.9556087378578383,668
2026-08-28,jaou7_6200p,2026-08-28,2027-09,put,62.0,4.48,44.0,0.0,0,22,0.0,71.0881818181818,-0.1367867187946078,6.800995080954415,6.800694065348739,6.775625557096016,6.794862839525108,6.292750889544945,6.790967716076721,7.347440800036214,0.0003010156056761,2.320995080954414,2.3206940653487385,2.295625557096016,2.314862839525108,2.320995080954414,2.3206940653487385,2.295625557096016,2.314862839525108,False,0.0003010156056761,0.4149042731967059,0.4151487711068752,0.0112064512769346,0.3938023606574456,0.4147409542699851,0.4380254647095707,1.00065018488682,1.0003069456268752,1.0896646132785763,0.9556087378578383,668
2026-08-28,jaou7_6420p,2026-08-28,2027-09,put,64.2,5.21,6.0,0.0,0,22,0.0,71.0881818181818,-0.1019178931437839,7.791960896525332,7.791879040673632,7.76576592475465,7.785804826988992,7.261872203587539,7.781747393291658,8.360535402818618,8.185585169950826e-05,2.581960896525332,2.5818790406736323,2.55576592475465,2.575804826988992,2.581960896525332,2.5818790406736323,2.55576592475465,2.575804826988992,False,8.185585169950826e-05,0.4149042731967059,0.4151487711068752,0.0112064512769346,0.3938023606574456,0.4147409542699851,0.4380254647095707,1.00065018488682,1.0003069456268752,1.0896646132785763,0.9556087378578383,668
2026-08-28,jaou7_6500p,2026-08-28,2027-09,put,65.0,5.5,682.0,0.0,0,22,0.0,71.0881818181818,-0.0895338339440623,8.169322809834629,8.1692777798049,8.14281247656102,8.163121643262985,7.632012088595841,8.159009486999249,8.745435852377605,4.503002972811032e-05,2.669322809834629,2.6692777798049008,2.6428124765610197,2.6631216432629845,2.669322809834629,2.6692777798049008,2.6428124765610197,2.6631216432629845,False,4.503002972811032e-05,0.4149042731967059,0.4151487711068752,0.0112064512769346,0.3938023606574456,0.4147409542699851,0.4380254647095707,1.00065018488682,1.0003069456268752,1.0896646132785763,0.9556087378578383,668
2026-08-28,jaou7_6750p,2026-08-28,2027-09,put,67.5,6.49,10.0,0.0,0,22,0.0,71.0881818181818,-0.0517935059612153,9.406674888640223,9.4067860379979,9.379404044496852,9.400416668668218,8.850334509608633,9.396162077853546,10.002262155550149,-0.000111149357675,2.916674888640225,2.9167860379979,2.889404044496853,2.9104166686682174,2.916674888640225,2.9167860379979,2.889404044496853,2.9104166686682174,False,0.000111149357675,0.4149042731967059,0.4151487711068752,0.0112064512769346,0.3938023606574456,0.4147409542699851,0.4380254647095707,1.00065018488682,1.0003069456268752,1.0896646132785763,0.9556087378578383,668
2026-08-28,jaou7_6800p,2026-08-28,2027-09,put,68.0,6.7,60.0,0.0,0,22,0.0,71.0881818181818,-0.0444133986635927,9.664186178163828,9.66428116920499,9.636740332184456,9.657874851030032,9.104635104961485,9.653595579244673,10.26326051163198,-9.49910411627286e-05,2.9641861781638275,2.96428116920499,2.9367403321844554,2.957874851030032,2.9641861781638275,2.96428116920499,2.9367403321844554,2.957874851030032,False,9.49910411627286e-05,0.4149042731967059,0.4151487711068752,0.0112064512769346,0.3938023606574456,0.4147409542699851,0.4380254647095707,1.00065018488682,1.0003069456268752,1.0896646132785763,0.9556087378578383,668
2026-08-28,jaou7_6900p,2026-08-28,2027-09,put,69.0,7.14,175.0,0.0,0,22,0.0,71.0881818181818,-0.02981459924244,10.1896015879975,10.189731573813887,10.161880970442745,10.18325320039237,9.623775283466523,10.178925797375443,10.795236415160552,-0.0001299858163879,3.0496015879975,3.0497315738138875,3.0218809704427434,3.0432532003923702,3.0496015879975,3.0497315738138875,3.0218809704427434,3.0432532003923702,False,0.0001299858163879,0.4149042731967059,0.4151487711068752,0.0112064512769346,0.3938023606574456,0.4147409542699851,0.4380254647095707,1.00065018488682,1.0003069456268752,1.0896646132785763,0.9556087378578383,668
2026-08-28,jaou7_7000p,2026-08-28,2027-09,put,70.0,7.6,617.0,0.0,0,22,0.0,71.0881818181818,-0.0154258617903404,10.728740776894297,10.728887654546616,10.700773613033794,10.722348002357364,10.157461423149863,10.71797966654649,11.340097152729308,-0.0001468776523179,3.128740776894297,3.128887654546615,3.1007736130337946,3.122348002357363,3.128740776894297,3.128887654546615,3.1007736130337946,3.122348002357363,False,0.0001468776523179,0.4149042731967059,0.4151487711068752,0.0112064512769346,0.3938023606574456,0.4147409542699851,0.4380254647095707,1.00065018488682,1.0003069456268752,1.0896646132785763,0.9556087378578383,668
2026-08-28,jaou7_7400p,2026-08-28,2027-09,put,74.0,9.65,175.0,0.0,0,22,0.0,71.0881818181818,0.0401439893644703,13.012282881599733,13.012409700633736,12.983612004740635,13.005711022504986,12.427148517821426,13.001236461059133,13.638602663598814,-0.0001268190340049,3.3622828815997305,3.3624097006337355,3.333612004740637,3.3557110225049858,3.3622828815997305,3.3624097006337355,3.333612004740637,3.3557110225049858,False,0.0001268190340049,0.4149042731967059,0.4151487711068752,0.0112064512769346,0.3938023606574456,0.4147409542699851,0.4380254647095707,1.00065018488682,1.0003069456268752,1.0896646132785763,0.9556087378578383,668
2026-08-28,jaou7_7450p,2026-08-28,2027-09,put,74.5,9.93,152.0,0.0,0,22,0.0,71.0881818181818,0.0468780215458142,13.311075533431763,13.311184472803715,13.282335319909372,13.304473825179556,12.724937887117438,13.2999912683887,13.93857185554774,-0.00010893937195,3.381075533431765,3.3811844728037155,3.3523353199093737,3.3744738251795567,3.381075533431765,3.3811844728037155,3.3523353199093737,3.3744738251795567,False,0.00010893937195,0.4149042731967059,0.4151487711068752,0.0112064512769346,0.3938023606574456,0.4147409542699851,0.4380254647095707,1.00065018488682,1.0003069456268752,1.0896646132785763,0.9556087378578383,668
2026-08-28,jaou7_7500p,2026-08-28,2027-09,put,75.0,10.21,10.0,0.0,0,22,0.0,71.0881818181818,0.053567009696611,13.61282126735018,13.612921946430856,13.584031802414566,13.60620176379622,13.025877797789583,13.60171283783977,14.241239078025025,-0.0001006790806759,3.4028212673501805,3.4029219464308564,3.374031802414565,3.3962017637962205,3.4028212673501805,3.4029219464308564,3.374031802414565,3.3962017637962205,False,0.0001006790806759,0.4149042731967059,0.4151487711068752,0.0112064512769346,0.3938023606574456,0.4147409542699851,0.4380254647095707,1.00065018488682,1.0003069456268752,1.0896646132785763,0.9556087378578383,668
2026-08-31,jaou7_6820c,2026-08-31,2027-09,call,68.2,9.9,30.0,0.0,0,22,0.0,71.67909090909093,-0.0497545211069634,12.77284717104814,12.773017478746423,12.798853570579,12.7654616756026,12.21911345424417,12.769299170053715,13.35933733909004,-0.0001703076982852,2.87284717104814,2.8730174787464247,2.898853570578998,2.8654616756025995,2.87284717104814,2.8730174787464247,2.898853570578998,2.8654616756025995,False,0.0001703076982852,0.414940713129247,0.415232766409877,0.0113245369532294,0.3938448255464714,0.4150890432038286,0.4379226001245677,1.0008111975932583,0.9999861865217684,1.08145106091718,0.9558570391612192,669
2026-08-31,jaou7_6825c,2026-08-31,2027-09,call,68.25,9.88,15.0,0.0,0,22,0.0,71.67909090909093,-0.0490216518913108,12.750729370625455,12.750899853612026,12.776751435406682,12.743339520405955,12.196671015757651,12.74717931561695,13.337567265456022,-0.0001704829865687,2.8707293706254564,2.870899853612025,2.896751435406681,2.863339520405954,2.8707293706254564,2.870899853612025,2.896751435406681,2.863339520405954,False,0.0001704829865687,0.414940713129247,0.415232766409877,0.0113245369532294,0.3938448255464714,0.4150890432038286,0.4379226001245677,1.0008111975932583,0.9999861865217684,1.08145106091718,0.9558570391612192,669
2026-08-31,jaou7_6860c,2026-08-31,2027-09,call,68.6,9.69,21.0,0.0,0,22,0.0,71.67909090909093,-0.0439065512245405,12.596842069941966,12.596995560358629,12.62295239803907,12.58940444491359,12.04055978097526,12.593259874024646,13.186083130472923,-0.0001534904166611,2.906842069941966,2.9069955603586277,2.9329523980390704,2.899404444913591,2.906842069941966,2.9069955603586277,2.9329523980390704,2.899404444913591,False,0.0001534904166611,0.414940713129247,0.415232766409877,0.0113245369532294,0.3938448255464714,0.4150890432038286,0.4379226001245677,1.0008111975932583,0.9999861865217684,1.08145106091718,0.9558570391612192,669
2026-08-31,jaou7_6900c,2026-08-31,2027-09,call,69.0,9.48,30.0,0.0,0,22,0.0,71.67909090909093,-0.0380925813591205,12.423034654614325,12.423195181507444,12.449268336515074,12.4155700488886,11.864181886362598,12.419442754881178,13.014972539641182,-0.0001605268931204,2.9430346546143245,2.943195181507445,2.969268336515073,2.9355700488885983,2.9430346546143245,2.943195181507445,2.969268336515073,2.9355700488885983,False,0.0001605268931204,0.414940713129247,0.415232766409877,0.0113245369532294,0.3938448255464714,0.4150890432038286,0.4379226001245677,1.0008111975932583,0.9999861865217684,1.08145106091718,0.9558570391612192,669
2026-08-31,jaou7_6905c,2026-08-31,2027-09,call,69.05,9.46,4.0,0.0,0,22,0.0,71.67909090909093,-0.0373682061010788,12.401464977785734,12.401622796312552,12.427712226941107,12.39399290386437,11.842297323874318,12.397868027312557,12.99373680902579,-0.0001578185268176,2.941464977785733,2.9416227963125507,2.9677122269411083,2.93399290386437,2.941464977785733,2.9416227963125507,2.9677122269411083,2.93399290386437,False,0.0001578185268176,0.414940713129247,0.415232766409877,0.0113245369532294,0.3938448255464714,0.4150890432038286,0.4379226001245677,1.0008111975932583,0.9999861865217684,1.08145106091718,0.9558570391612192,669
2026-08-31,jaou7_6930c,2026-08-31,2027-09,call,69.3,9.33,7.0,0.0,0,22,0.0,71.67909090909093,-0.0337541797605224,12.294141772403847,12.294301645373308,12.32046452103893,12.286650273815766,11.733429311196383,12.290536306225103,12.88804008687376,-0.0001598729694585,2.964141772403849,2.9643016453733075,2.9904645210389305,2.9566502738157663,2.964141772403849,2.9643016453733075,2.9904645210389305,2.9566502738157663,False,0.0001598729694585,0.414940713129247,0.415232766409877,0.0113245369532294,0.3938448255464714,0.4150890432038286,0.4379226001245677,1.0008111975932583,0.9999861865217684,1.08145106091718,0.9558570391612192,669
2026-08-31,jaou7_7000c,2026-08-31,2027-09,call,70.0,8.97,812.0,0.0,0,22,0.0,71.67909090909093,-0.0237038439070209,11.99822436811269,11.998414178703712,12.024761831241442,11.990708768877523,11.43343170970214,11.994622246622868,12.59629111712776,-0.0001898105910225,3.0282243681126886,3.028414178703711,3.054761831241441,3.0207087688775225,3.0282243681126886,3.028414178703711,3.054761831241441,3.0207087688775225,False,0.0001898105910225,0.414940713129247,0.415232766409877,0.0113245369532294,0.3938448255464714,0.4150890432038286,0.4379226001245677,1.0008111975932583,0.9999861865217684,1.08145106091718,0.9558570391612192,669
2026-08-31,jaou7_7110c,2026-08-31,2027-09,call,71.1,8.43,5.0,0.0,0,22,0.0,71.67909090909093,-0.0081117491471848,11.546479175182052,11.54668588775656,11.573294545425725,11.538904146594913,10.976121311884524,11.542856392035857,12.150371494661812,-0.0002067125745064,3.1164791751820538,3.11668588775656,3.1432945454257237,3.108904146594913,3.1164791751820538,3.11668588775656,3.1432945454257237,3.108904146594913,False,0.0002067125745064,0.414940713129247,0.415232766409877,0.0113245369532294,0.3938448255464714,0.4150890432038286,0.4379226001245677,1.0008111975932583,0.9999861865217684,1.08145106091718,0.9558570391612192,669
2026-08-31,jaou7_7200c,2026-08-31,2027-09,call,72.0,8.01,143.0,0.0,0,22,0.0,71.67909090909093,0.0044670330596752,11.188554342301355,11.188770082148856,11.215556295772778,11.18093641448649,10.614353740565328,11.18491503272389,11.796483390502132,-0.0002157398475013,3.178554342301356,3.1787700821488567,3.2055562957727783,3.1709364144864907,3.178554342301356,3.1787700821488567,3.2055562957727783,3.1709364144864907,False,0.0002157398475013,0.414940713129247,0.415232766409877,0.0113245369532294,0.3938448255464714,0.4150890432038286,0.4379226001245677,1.0008111975932583,0.9999861865217684,1.08145106091718,0.9558570391612192,669
2026-08-31,jaou7_7335c,2026-08-31,2027-09,call,73.35,7.41,10.0,0.0,0,22,0.0,71.67909090909093,0.0230434186326107,10.670351964621243,10.670558365572306,10.697554295076705,10.662663366191532,10.091673906947484,10.666673134013504,11.283052851469332,-0.0002064009510611,3.260351964621245,3.2605583655723063,3.2875542950767045,3.2526633661915323,3.260351964621245,3.2605583655723063,3.2875542950767045,3.2526633661915323,False,0.0002064009510611,0.414940713129247,0.415232766409877,0.0113245369532294,0.3938448255464714,0.4150890432038286,0.4379226001245677,1.0008111975932583,0.9999861865217684,1.08145106091718,0.9558570391612192,669
2026-08-31,jaou7_7400c,2026-08-31,2027-09,call,74.0,7.14,60.0,0.0,0,22,0.0,71.67909090909093,0.0318660072477896,10.428542342356812,10.428742737219943,10.455824787605785,10.420822551660432,9.84806536376666,10.424845111216031,11.043196993139093,-0.0002003948631301,3.2885423423568136,3.288742737219944,3.315824787605785,3.280822551660433,3.2885423423568136,3.288742737219944,3.315824787605785,3.280822551660433,False,0.0002003948631301,0.414940713129247,0.415232766409877,0.0113245369532294,0.3938448255464714,0.4150890432038286,0.4379226001245677,1.0008111975932583,0.9999861865217684,1.08145106091718,0.9558570391612192,669
2026-08-31,jaou7_7450c,2026-08-31,2027-09,call,74.5,6.94,152.0,0.0,0,22,0.0,71.67909090909093,0.0386000394291337,10.245837921584789,10.246021876218329,10.27315673385275,10.23808624710112,9.664276665747751,10.24211665023944,10.861734705832683,-0.0001839546335382,3.3058379215847884,3.3060218762183267,3.333156733852749,3.2980862471011188,3.3058379215847884,3.3060218762183267,3.333156733852749,3.2980862471011188,False,0.0001839546335382,0.414940713129247,0.415232766409877,0.0113245369532294,0.3938448255464714,0.4150890432038286,0.4379226001245677,1.0008111975932583,0.9999861865217684,1.08145106091718,0.9558570391612192,669
2026-08-31,jaou7_7500c,2026-08-31,2027-09,call,75.0,6.74,1215.0,0.0,0,22,0.0,71.67909090909093,0.0452890275799305,10.066006813073123,10.06617560069133,10.093359880791647,10.058225517901116,9.4834185876253,10.062263261872555,10.683080741132857,-0.0001687876182074,3.326006813073123,3.3261756006913306,3.353359880791647,3.318225517901116,3.326006813073123,3.3261756006913306,3.353359880791647,3.318225517901116,False,0.0001687876182074,0.414940713129247,0.415232766409877,0.0113245369532294,0.3938448255464714,0.4150890432038286,0.4379226001245677,1.0008111975932583,0.9999861865217684,1.08145106091718,0.9558570391612192,669
2026-08-31,jaou7_7542c,2026-08-31,2027-09,call,75.42,6.57,5.0,0.0,0,22,0.0,71.67909090909093,0.050873405873831,9.917261251973384,9.917421825197549,9.944641922931956,9.90946126748744,9.333925648063715,9.913504331534876,10.53517690064576,-0.0001605732241642,3.347261251973384,3.3474218251975483,3.374641922931957,3.3394612674874384,3.347261251973384,3.3474218251975483,3.374641922931957,3.3394612674874384,False,0.0001605732241642,0.414940713129247,0.415232766409877,0.0113245369532294,0.3938448255464714,0.4150890432038286,0.4379226001245677,1.0008111975932583,0.9999861865217684,1.08145106091718,0.9558570391612192,669
2026-08-31,jaou7_7550c,2026-08-31,2027-09,call,75.5,6.54,12.0,0.0,0,22,0.0,71.67909090909093,0.0519335702985991,9.889156065157954,9.889314970229538,9.916540869991024,9.881352715708056,9.305698267646534,9.885396641543991,10.507207274425884,-0.0001589050715846,3.349156065157953,3.349314970229538,3.3765408699910244,3.341352715708056,3.349156065157953,3.349314970229538,3.3765408699910244,3.341352715708056,False,0.0001589050715846,0.414940713129247,0.415232766409877,0.0113245369532294,0.3938448255464714,0.4150890432038286,0.4379226001245677,1.0008111975932583,0.9999861865217684,1.08145106091718,0.9558570391612192,669
2026-08-31,jaou7_7600c,2026-08-31,2027-09,call,76.0,6.35,90.0,0.0,0,22,0.0,71.67909090909093,0.0585342543299512,9.715058685622022,9.7151998017753,9.742458884621565,9.707227842811758,9.1309384758784,9.71127669740799,10.33391899153875,-0.0001411161532782,3.3650586856220226,3.365199801775301,3.392458884621563,3.357227842811758,3.3650586856220226,3.365199801775301,3.392458884621563,3.357227842811758,False,0.0001411161532782,0.414940713129247,0.415232766409877,0.0113245369532294,0.3938448255464714,0.4150890432038286,0.4379226001245677,1.0008111975932583,0.9999861865217684,1.08145106091718,0.9558570391612192,669
2026-08-31,jaou7_7610c,2026-08-31,2027-09,call,76.1,6.31,30.0,0.0,0,22,0.0,71.67909090909093,0.0598491789112601,9.680572839157922,9.680709322876792,9.707974544279203,9.672735568683454,9.096335411211786,9.676785335053625,10.299583686652866,-0.0001364837188706,3.370572839157922,3.3707093228767926,3.3979745442792053,3.362735568683454,3.370572839157922,3.3707093228767926,3.3979745442792053,3.362735568683454,False,0.0001364837188706,0.414940713129247,0.415232766409877,0.0113245369532294,0.3938448255464714,0.4150890432038286,0.4379226001245677,1.0008111975932583,0.9999861865217684,1.08145106091718,0.9558570391612192,669
2026-08-31,jaou7_7705c,2026-08-31,2027-09,call,77.05,5.97,41.0,0.0,0,22,0.0,71.67909090909093,0.0722554758097448,9.358463629766383,9.358562542379437,9.3858703389426,9.350576337017571,8.773409747818686,9.3546324271748,9.978557657291496,-9.89126130495066e-05,3.388463629766385,3.388562542379435,3.4158703389425997,3.380576337017572,3.388463629766385,3.388562542379435,3.4158703389425997,3.380576337017572,False,9.89126130495066e-05,0.414940713129247,0.415232766409877,0.0113245369532294,0.3938448255464714,0.4150890432038286,0.4379226001245677,1.0008111975932583,0.9999861865217684,1.08145106091718,0.9558570391612192,669
2026-08-31,jaou7_7710c,2026-08-31,2027-09,call,77.1,5.95,13.0,0.0,0,22,0.0,71.67909090909093,0.0729041946129038,9.341779180262444,9.341875848232355,9.369185161325468,9.333889199359072,8.756696265022116,9.33794551477,9.96191816289475,-9.66679699114792e-05,3.391779180262444,3.391875848232355,3.419185161325468,3.3838891993590723,3.391779180262444,3.391875848232355,3.419185161325468,3.3838891993590723,False,9.66679699114792e-05,0.414940713129247,0.415232766409877,0.0113245369532294,0.3938448255464714,0.4150890432038286,0.4379226001245677,1.0008111975932583,0.9999861865217684,1.08145106091718,0.9558570391612192,669
2026-08-31,jaou7_7725c,2026-08-31,2027-09,call,77.25,5.9,4.0,0.0,0,22,0.0,71.67909090909093,0.0748478298214749,9.2918867071891,9.291977483715684,9.319290996510858,9.283989606633344,8.706731298760692,9.288046545835728,9.912138009311274,-9.077652658540104e-05,3.3918867071891,3.391977483715685,3.419290996510858,3.383989606633344,3.3918867071891,3.391977483715685,3.419290996510858,3.383989606633344,False,9.077652658540104e-05,0.414940713129247,0.415232766409877,0.0113245369532294,0.3938448255464714,0.4150890432038286,0.4379226001245677,1.0008111975932583,0.9999861865217684,1.08145106091718,0.9558570391612192,669
2026-08-31,jaou7_5800p,2026-08-31,2027-09,put,58.0,3.25,30.0,0.0,0,22,0.0,71.67909090909093,-0.2117560754099607,5.0173379679797305,5.016686170798181,5.03803014088001,5.010444095282616,4.562069907504,5.013614364504625,5.5042884593372285,0.0006517971815496,1.7673379679797303,1.766686170798181,1.78803014088001,1.760444095282616,1.7673379679797303,1.766686170798181,1.78803014088001,1.760444095282616,False,0.0006517971815496,0.414940713129247,0.415232766409877,0.0113245369532294,0.3938448255464714,0.4150890432038286,0.4379226001245677,1.0008111975932583,0.9999861865217684,1.08145106091718,0.9558570391612192,669
2026-08-31,jaou7_5900p,2026-08-31,2027-09,put,59.0,3.5,5.0,0.0,0,22,0.0,71.67909090909093,-0.1946616420506605,5.390695672131333,5.390174710722505,5.412118945319101,5.38375708696469,4.922168713631278,5.387016514862847,5.890920685812733,0.0005209614088279,1.8906956721313328,1.8901747107225049,1.9121189453191008,1.8837570869646896,1.8906956721313328,1.8901747107225049,1.9121189453191008,1.8837570869646896,False,0.0005209614088279,0.414940713129247,0.415232766409877,0.0113245369532294,0.3938448255464714,0.4150890432038286,0.4379226001245677,1.0008111975932583,0.9999861865217684,1.08145106091718,0.9558570391612192,669
2026-08-31,jaou7_6000p,2026-08-31,2027-09,put,60.0,3.77,1529.0,0.0,0,22,0.0,71.67909090909093,-0.1778545237342793,5.778702255632105,5.778196256687695,5.800722324721201,5.7716084748835215,5.297584850783237,5.774954323847219,6.292062679547106,0.0005059989444102,2.008702255632105,2.0081962566876945,2.0307223247212014,2.001608474883521,2.008702255632105,2.0081962566876945,2.0307223247212014,2.001608474883521,False,0.0005059989444102,0.414940713129247,0.415232766409877,0.0113245369532294,0.3938448255464714,0.4150890432038286,0.4379226001245677,1.0008111975932583,0.9999861865217684,1.08145106091718,0.9558570391612192,669
2026-08-31,jaou7_6200p,2026-08-31,2027-09,put,62.0,4.35,44.0,0.0,0,22,0.0,71.67909090909093,-0.1450647009112884,6.6000552004554445,6.599711426555395,6.623354915722,6.592796853293552,6.0945503675356525,6.5963086754015485,7.13832417503893,0.0003437739000498,2.250055200455445,2.249711426555395,2.273354915722,2.2427968532935525,2.250055200455445,2.249711426555395,2.273354915722,2.2427968532935525,False,0.0003437739000498,0.414940713129247,0.415232766409877,0.0113245369532294,0.3938448255464714,0.4150890432038286,0.4379226001245677,1.0008111975932583,0.9999861865217684,1.08145106091718,0.9558570391612192,669
2026-08-31,jaou7_6420p,2026-08-31,2027-09,put,64.2,5.06,6.0,0.0,0,22,0.0,71.67909090909093,-0.1101958752604643,7.573144967029196,7.573074887259765,7.597773183894813,7.565851833998787,7.044462262314847,7.569520329098711,8.134486224594637,7.007976943107508e-05,2.5131449670291968,2.5130748872597657,2.5377731838948137,2.505851833998787,2.5131449670291968,2.5130748872597657,2.5377731838948137,2.505851833998787,False,7.007976943107508e-05,0.414940713129247,0.415232766409877,0.0113245369532294,0.3938448255464714,0.4150890432038286,0.4379226001245677,1.0008111975932583,0.9999861865217684,1.08145106091718,0.9558570391612192,669
2026-08-31,jaou7_6500p,2026-08-31,2027-09,put,65.0,5.34,682.0,0.0,0,22,0.0,71.67909090909093,-0.0978118160607428,7.943944390708052,7.943865743926156,7.968898955823282,7.936544744203053,7.408047076005622,7.940262985041154,8.512937633735769,7.86467818958414e-05,2.603944390708052,2.603865743926156,2.6288989558232823,2.5965447442030527,2.603944390708052,2.603865743926156,2.6288989558232823,2.5965447442030527,False,7.86467818958414e-05,0.414940713129247,0.415232766409877,0.0113245369532294,0.3938448255464714,0.4150890432038286,0.4379226001245677,1.0008111975932583,0.9999861865217684,1.08145106091718,0.9558570391612192,669
2026-08-31,jaou7_6750p,2026-08-31,2027-09,put,67.5,6.3,10.0,0.0,0,22,0.0,71.67909090909093,-0.0600714880778958,9.161296454672902,9.161392847758568,9.18735634254393,9.153799785433382,8.605045283207291,9.157656203339622,9.750890499827092,-9.639308566455897e-05,2.8612964546729023,2.861392847758567,2.8873563425439306,2.853799785433382,2.8612964546729023,2.861392847758567,2.8873563425439306,2.853799785433382,False,9.639308566455897e-05,0.414940713129247,0.415232766409877,0.0113245369532294,0.3938448255464714,0.4150890432038286,0.4379226001245677,1.0008111975932583,0.9999861865217684,1.08145106091718,0.9558570391612192,669
2026-08-31,jaou7_6800p,2026-08-31,2027-09,put,68.0,6.5,60.0,0.0,0,22,0.0,71.67909090909093,-0.0526913807802732,9.4149180474122,9.415027926346497,9.441147173721516,9.407389313946856,8.85530780150804,9.411268866145326,10.007974729320638,-0.0001098789342943,2.9149180474122005,2.915027926346495,2.941147173721516,2.9073893139468545,2.9149180474122005,2.915027926346495,2.941147173721516,2.9073893139468545,False,0.0001098789342943,0.414940713129247,0.415232766409877,0.0113245369532294,0.3938448255464714,0.4150890432038286,0.4379226001245677,1.0008111975932583,0.9999861865217684,1.08145106091718,0.9558570391612192,669
2026-08-31,jaou7_6900p,2026-08-31,2027-09,put,69.0,6.93,175.0,0.0,0,22,0.0,71.67909090909093,-0.0380925813591205,9.9321591295554,9.93226315007866,9.958678320326744,9.924537994598548,9.36611686891763,9.928461500905508,10.532050783870169,-0.0001040205232616,3.0021591295554,3.0022631500786616,3.0286783203267458,2.994537994598547,3.0021591295554,3.0022631500786616,3.0286783203267458,2.994537994598547,False,0.0001040205232616,0.414940713129247,0.415232766409877,0.0113245369532294,0.3938448255464714,0.4150890432038286,0.4379226001245677,1.0008111975932583,0.9999861865217684,1.08145106091718,0.9558570391612192,669
2026-08-31,jaou7_7000p,2026-08-31,2027-09,put,70.0,7.37,617.0,0.0,0,22,0.0,71.67909090909093,-0.0237038439070209,10.46320588221498,10.463339186436146,10.490028854214334,10.455533753748693,9.891223731418387,10.459498031808415,11.069226400517968,-0.0001333042211655,3.0932058822149804,3.093339186436146,3.120028854214333,3.085533753748691,3.0932058822149804,3.093339186436146,3.120028854214333,3.085533753748691,False,0.0001333042211655,0.414940713129247,0.415232766409877,0.0113245369532294,0.3938448255464714,0.4150890432038286,0.4379226001245677,1.0008111975932583,0.9999861865217684,1.08145106091718,0.9558570391612192,669
2026-08-31,jaou7_7400p,2026-08-31,2027-09,put,74.0,9.37,175.0,0.0,0,22,0.0,71.67909090909093,0.0318660072477896,12.716952013103985,12.717095901597254,12.744519967223551,12.709075693176477,12.129285542127784,12.713149053046456,13.339560433174173,-0.0001438884932714,3.346952013103984,3.347095901597255,3.374519967223552,3.339075693176476,3.346952013103984,3.347095901597255,3.374519967223552,3.339075693176476,False,0.0001438884932714,0.414940713129247,0.415232766409877,0.0113245369532294,0.3938448255464714,0.4150890432038286,0.4379226001245677,1.0008111975932583,0.9999861865217684,1.08145106091718,0.9558570391612192,669
2026-08-31,jaou7_7450p,2026-08-31,2027-09,put,74.5,9.64,152.0,0.0,0,22,0.0,71.67909090909093,0.0386000394291337,13.01217611191257,13.01230356017625,13.039780433051128,13.004267908197772,12.423425363689486,13.008349111650473,13.636026665448377,-0.0001274482636794,3.372176111912569,3.372303560176249,3.399780433051127,3.364267908197773,3.372176111912569,3.372303560176249,3.399780433051127,3.364267908197773,False,0.0001274482636794,0.414940713129247,0.415232766409877,0.0113245369532294,0.3938448255464714,0.4150890432038286,0.4379226001245677,1.0008111975932583,0.9999861865217684,1.08145106091718,0.9558570391612192,669
2026-08-31,jaou7_7500p,2026-08-31,2027-09,put,75.0,9.92,10.0,0.0,0,22,0.0,71.67909090909093,0.0452890275799305,13.310273522981513,13.310385804229863,13.337912099570636,13.30233569857838,12.720495805147644,13.3064242428642,13.935301220329158,-0.0001122812483522,3.390273522981513,3.390385804229865,3.417912099570636,3.3823356985783803,3.390273522981513,3.390385804229865,3.417912099570636,3.3823356985783803,False,0.0001122812483522,0.414940713129247,0.415232766409877,0.0113245369532294,0.3938448255464714,0.4150890432038286,0.4379226001245677,1.0008111975932583,0.9999861865217684,1.08145106091718,0.9558570391612192,669
2026-09-01,jaou7_6820c,2026-09-01,2027-09,call,68.2,10.4,30.0,0.0,0,22,0.0,72.21954545454547,-0.0572661570801366,13.100312757697186,13.100460026582144,13.022942969864438,13.096856086418647,12.550164915123052,13.09370207888777,13.685795342553009,-0.0001472688849588,2.7003127576971853,2.700460026582144,2.6229429698644378,2.696856086418647,2.7003127576971853,2.700460026582144,2.6229429698644378,2.696856086418647,False,0.0001472688849588,0.4157798784980253,0.4159191846500108,0.0112840722162938,0.3946678721589265,0.4156579639732198,0.4385693612178147,1.0003775627197715,1.000107865918871,1.0787132101300478,0.955740810856834,670
2026-09-01,jaou7_6825c,2026-09-01,2027-09,call,68.25,10.37,15.0,0.0,0,22,0.0,72.21954545454547,-0.0565332878644839,13.077863400621435,13.078011100774528,13.000446963932792,13.07440506645456,12.527379487236088,13.071249226211435,13.663692135352594,-0.0001477001530894,2.707863400621438,2.708011100774528,2.6304469639327923,2.7044050664545622,2.707863400621438,2.708011100774528,2.6304469639327923,2.7044050664545622,False,0.0001477001530894,0.4157798784980253,0.4159191846500108,0.0112840722162938,0.3946678721589265,0.4156579639732198,0.4385693612178147,1.0003775627197715,1.000107865918871,1.0787132101300478,0.955740810856834,670
2026-09-01,jaou7_6860c,2026-09-01,2027-09,call,68.6,10.19,21.0,0.0,0,22,0.0,72.21954545454547,-0.0514181871977135,12.921631023255143,12.921801034735664,12.843912131424354,12.918179919775318,12.368844733131112,12.915010881629016,13.50985455046956,-0.0001700114805203,2.731631023255144,2.731801034735664,2.653912131424354,2.728179919775318,2.731631023255144,2.731801034735664,2.653912131424354,2.728179919775318,False,0.0001700114805203,0.4157798784980253,0.4159191846500108,0.0112840722162938,0.3946678721589265,0.4156579639732198,0.4385693612178147,1.0003775627197715,1.000107865918871,1.0787132101300478,0.955740810856834,670
2026-09-01,jaou7_6900c,2026-09-01,2027-09,call,69.0,9.97,30.0,0.0,0,22,0.0,72.21954545454547,-0.0456042173322936,12.745045079367022,12.745192602414283,12.6669464217847,12.741554619055549,12.189715139283518,12.738370818440078,13.33602714547395,-0.0001475230472625,2.775045079367022,2.7751926024142843,2.6969464217847,2.771554619055548,2.775045079367022,2.7751926024142843,2.6969464217847,2.771554619055548,False,0.0001475230472625,0.4157798784980253,0.4159191846500108,0.0112840722162938,0.3946678721589265,0.4156579639732198,0.4385693612178147,1.0003775627197715,1.000107865918871,1.0787132101300478,0.955740810856834,670
2026-09-01,jaou7_6905c,2026-09-01,2027-09,call,69.05,9.95,4.0,0.0,0,22,0.0,72.21954545454547,-0.0448798420742519,12.72312201470233,12.723271645646973,12.64497722682249,12.719631560445665,12.167476338158806,12.716445920391411,13.31444178956813,-0.0001496309446427,2.7731220147023308,2.773271645646973,2.694977226822491,2.7696315604456654,2.7731220147023308,2.773271645646973,2.694977226822491,2.7696315604456654,False,0.0001496309446427,0.4157798784980253,0.4159191846500108,0.0112840722162938,0.3946678721589265,0.4156579639732198,0.4385693612178147,1.0003775627197715,1.000107865918871,1.0787132101300478,0.955740810856834,670
2026-09-01,jaou7_6930c,2026-09-01,2027-09,call,69.3,9.82,7.0,0.0,0,22,0.0,72.21954545454547,-0.0412658157336955,12.614021304831756,12.614181602076169,12.535658715790234,12.610530886725348,12.05678672707167,12.607335943638834,13.20702923708785,-0.0001602972444114,2.7940213048317557,2.7941816020761667,2.7156587157902337,2.790530886725348,2.7940213048317557,2.7941816020761667,2.7156587157902337,2.790530886725348,False,0.0001602972444114,0.4157798784980253,0.4159191846500108,0.0112840722162938,0.3946678721589265,0.4156579639732198,0.4385693612178147,1.0003775627197715,1.000107865918871,1.0787132101300478,0.955740810856834,670
2026-09-01,jaou7_7000c,2026-09-01,2027-09,call,70.0,9.46,812.0,0.0,0,22,0.0,72.21954545454547,-0.0312154798801941,12.3131313124101,12.313302737902932,12.234173353041538,12.30962395375026,11.751540760939124,12.306404446101515,12.910674764795669,-0.000171425492832,2.853131312410099,2.853302737902931,2.7741733530415367,2.8496239537502603,2.853131312410099,2.853302737902931,2.7741733530415367,2.8496239537502603,False,0.000171425492832,0.4157798784980253,0.4159191846500108,0.0112840722162938,0.3946678721589265,0.4156579639732198,0.4385693612178147,1.0003775627197715,1.000107865918871,1.0787132101300478,0.955740810856834,670
2026-09-01,jaou7_7110c,2026-09-01,2027-09,call,71.1,8.92,5.0,0.0,0,22,0.0,72.21954545454547,-0.0156233851203579,11.853731123547972,11.85393244963453,11.773966017748648,11.850214863752823,11.28613742285327,11.846961398563156,12.4575217014423,-0.0002013260865592,2.933731123547972,2.933932449634531,2.853966017748649,2.930214863752825,2.933731123547972,2.933932449634531,2.853966017748649,2.930214863752825,False,0.0002013260865592,0.4157798784980253,0.4159191846500108,0.0112840722162938,0.3946678721589265,0.4156579639732198,0.4385693612178147,1.0003775627197715,1.000107865918871,1.0787132101300478,0.955740810856834,670
2026-09-01,jaou7_7200c,2026-09-01,2027-09,call,72.0,8.49,143.0,0.0,0,22,0.0,72.21954545454547,-0.0030446029134977,11.489688397233136,11.489901518484867,11.409346991369102,11.48615650485556,10.91791599562925,11.48287903612572,12.097865999018657,-0.0002131212517344,2.9996883972331343,2.9999015184848687,2.919346991369101,2.996156504855561,2.9996883972331343,2.9999015184848687,2.919346991369101,2.996156504855561,False,0.0002131212517344,0.4157798784980253,0.4159191846500108,0.0112840722162938,0.3946678721589265,0.4156579639732198,0.4385693612178147,1.0003775627197715,1.000107865918871,1.0787132101300478,0.955740810856834,670
2026-09-01,jaou7_7335c,2026-09-01,2027-09,call,73.35,7.88,10.0,0.0,0,22,0.0,72.21954545454547,0.0155317826594376,10.962728341486809,10.962948603089922,10.881684153164189,10.959170646869884,10.385893245596105,10.955864348255382,11.576262902132155,-0.0002202616031148,3.082728341486807,3.082948603089922,3.001684153164187,3.0791706468698843,3.082728341486807,3.082948603089922,3.001684153164187,3.0791706468698843,False,0.0002202616031148,0.4157798784980253,0.4159191846500108,0.0112840722162938,0.3946678721589265,0.4156579639732198,0.4385693612178147,1.0003775627197715,1.000107865918871,1.0787132101300478,0.955740810856834,670
2026-09-01,jaou7_7400c,2026-09-01,2027-09,call,74.0,7.6,60.0,0.0,0,22,0.0,72.21954545454547,0.0243543712746166,10.716673187129995,10.716876122181064,10.635341916960774,10.713085558327396,10.137945381391578,10.70976822607481,11.332317951274064,-0.0002029350510674,3.1166731871299955,3.116876122181063,3.0353419169607747,3.113085558327395,3.1166731871299955,3.116876122181063,3.0353419169607747,3.113085558327395,False,0.0002029350510674,0.4157798784980253,0.4159191846500108,0.0112840722162938,0.3946678721589265,0.4156579639732198,0.4385693612178147,1.0003775627197715,1.000107865918871,1.0787132101300478,0.955740810856834,670
2026-09-01,jaou7_7450c,2026-09-01,2027-09,call,74.5,7.39,152.0,0.0,0,22,0.0,72.21954545454547,0.0310884034559606,10.530817549844812,10.531017285951696,10.449285345569235,10.527217562677931,9.950702087044276,10.52389221450981,11.147967515419976,-0.0001997361068823,3.1408175498448125,3.141017285951695,3.0592853455692373,3.1372175626779333,3.1408175498448125,3.141017285951695,3.0592853455692373,3.1372175626779333,False,0.0001997361068823,0.4157798784980253,0.4159191846500108,0.0112840722162938,0.3946678721589265,0.4156579639732198,0.4385693612178147,1.0003775627197715,1.000107865918871,1.0787132101300478,0.955740810856834,670
2026-09-01,jaou7_7500c,2026-09-01,2027-09,call,75.0,7.19,1215.0,0.0,0,22,0.0,72.21954545454547,0.0377773916067574,10.347817048385028,10.348000322545005,10.26611179657538,10.344193251527772,9.76661011859918,10.340861472942612,10.966209672527311,-0.0001832741599763,3.1578170483850263,3.158000322545002,3.076111796575378,3.1541932515277717,3.1578170483850263,3.158000322545002,3.076111796575378,3.1541932515277717,False,0.0001832741599763,0.4157798784980253,0.4159191846500108,0.0112840722162938,0.3946678721589265,0.4156579639732198,0.4385693612178147,1.0003775627197715,1.000107865918871,1.0787132101300478,0.955740810856834,670
2026-09-01,jaou7_7542c,2026-09-01,2027-09,call,75.42,7.02,5.0,0.0,0,22,0.0,72.21954545454547,0.0433617699006579,10.196273144906444,10.19644849099334,10.114433716038016,10.192635554997878,9.614190674887755,10.189298643645618,10.815664665522936,-0.0001753460868947,3.1762731449064443,3.176448490993339,3.094433716038015,3.1726355549978784,3.1762731449064443,3.176448490993339,3.094433716038015,3.1726355549978784,False,0.0001753460868947,0.4157798784980253,0.4159191846500108,0.0112840722162938,0.3946678721589265,0.4156579639732198,0.4385693612178147,1.0003775627197715,1.000107865918871,1.0787132101300478,0.955740810856834,670
2026-09-01,jaou7_7550c,2026-09-01,2027-09,call,75.5,6.99,12.0,0.0,0,22,0.0,72.21954545454547,0.0444219343254259,10.167640954240367,10.167809800035783,10.085771830358333,10.163995764247836,9.585400679704394,10.16065789040629,10.787221032736763,-0.0001688457954163,3.1776409542403687,3.177809800035785,3.0957718303583324,3.1739957642478345,3.1776409542403687,3.177809800035785,3.0957718303583324,3.1739957642478345,False,0.0001688457954163,0.4157798784980253,0.4159191846500108,0.0112840722162938,0.3946678721589265,0.4156579639732198,0.4385693612178147,1.0003775627197715,1.000107865918871,1.0787132101300478,0.955740810856834,670
2026-09-01,jaou7_7600c,2026-09-01,2027-09,call,76.0,6.8,90.0,0.0,0,22,0.0,72.21954545454547,0.051022618356778,9.990428089337671,9.990588072553386,9.908418933347685,9.986767915306858,9.407294069653917,9.983424684238065,10.61102156302863,-0.0001599832157133,3.190428089337673,3.1905880725533864,3.108418933347683,3.1867679153068584,3.190428089337673,3.1905880725533864,3.108418933347683,3.1867679153068584,False,0.0001599832157133,0.4157798784980253,0.4159191846500108,0.0112840722162938,0.3946678721589265,0.4156579639732198,0.4385693612178147,1.0003775627197715,1.000107865918871,1.0787132101300478,0.955740810856834,670
2026-09-01,jaou7_7610c,2026-09-01,2027-09,call,76.1,6.76,30.0,0.0,0,22,0.0,72.21954545454547,0.0523375429380869,9.955324460136746,9.955482676353572,9.873291551749665,9.951661493150509,9.372041860272647,9.948317364210354,10.576084670742324,-0.0001582162168265,3.195324460136746,3.1954826763535724,3.113291551749663,3.191661493150507,3.195324460136746,3.1954826763535724,3.113291551749663,3.191661493150507,False,0.0001582162168265,0.4157798784980253,0.4159191846500108,0.0112840722162938,0.3946678721589265,0.4156579639732198,0.4385693612178147,1.0003775627197715,1.000107865918871,1.0787132101300478,0.955740810856834,670
2026-09-01,jaou7_7705c,2026-09-01,2027-09,call,77.05,6.41,41.0,0.0,0,22,0.0,72.21954545454547,0.0647438398365717,9.627276087145278,9.627399821171098,9.545037656035833,9.623570603675873,9.042858299424411,9.620219443481917,10.249445958726408,-0.0001237340258199,3.2172760871452777,3.2173998211710977,3.1350376560358324,3.2135706036758727,3.2172760871452777,3.2173998211710977,3.1350376560358324,3.2135706036758727,False,0.0001237340258199,0.4157798784980253,0.4159191846500108,0.0112840722162938,0.3946678721589265,0.4156579639732198,0.4385693612178147,1.0003775627197715,1.000107865918871,1.0787132101300478,0.955740810856834,670
2026-09-01,jaou7_7710c,2026-09-01,2027-09,call,77.1,6.39,13.0,0.0,0,22,0.0,72.21954545454547,0.0653925586397307,9.610285246663889,9.610407747464835,9.52803887082896,9.606578214200422,9.025826194190918,9.60322677765937,10.232509558111923,-0.0001225008009484,3.220285246663887,3.220407747464836,3.1380388708289617,3.216578214200422,3.220285246663887,3.220407747464836,3.1380388708289617,3.216578214200422,False,0.0001225008009484,0.4157798784980253,0.4159191846500108,0.0112840722162938,0.3946678721589265,0.4156579639732198,0.4385693612178147,1.0003775627197715,1.000107865918871,1.0787132101300478,0.955740810856834,670
2026-09-01,jaou7_7725c,2026-09-01,2027-09,call,77.25,6.33,4.0,0.0,0,22,0.0,72.21954545454547,0.0673361938483017,9.559464557010918,9.55957975115122,9.477192714311116,9.55574936653397,8.974886968911761,9.552397184926924,10.181857028922575,-0.0001151941403012,3.229464557010917,3.2295797511512188,3.147192714311116,3.22574936653397,3.229464557010917,3.2295797511512188,3.147192714311116,3.22574936653397,False,0.0001151941403012,0.4157798784980253,0.4159191846500108,0.0112840722162938,0.3946678721589265,0.4156579639732198,0.4385693612178147,1.0003775627197715,1.000107865918871,1.0787132101300478,0.955740810856834,670
2026-09-01,jaou7_5800p,2026-09-01,2027-09,put,58.0,3.28,30.0,0.0,0,22,0.0,72.21954545454547,-0.2192677113831336,4.89870274112771,4.897941243667678,4.83436562526715,4.894983579237147,4.449560765252707,4.892395163374367,5.381690914703288,0.000761497460032,1.6187027411277106,1.6179412436676786,1.5543656252671505,1.6149835792371472,1.6187027411277106,1.6179412436676786,1.5543656252671505,1.6149835792371472,False,0.000761497460032,0.4157798784980253,0.4159191846500108,0.0112840722162938,0.3946678721589265,0.4156579639732198,0.4385693612178147,1.0003775627197715,1.000107865918871,1.0787132101300478,0.955740810856834,670
2026-09-01,jaou7_5900p,2026-09-01,2027-09,put,59.0,3.53,5.0,0.0,0,22,0.0,72.21954545454547,-0.2021732780238335,5.265652191830068,5.265038467342217,5.1996064261707335,5.261994786465715,4.802942494216056,5.25933109284968,5.762218055411035,0.0006137244878505,1.7356521918300678,1.7350384673422172,1.6696064261707335,1.7319947864657157,1.7356521918300678,1.7350384673422172,1.6696064261707335,1.7319947864657157,False,0.0006137244878505,0.4157798784980253,0.4159191846500108,0.0112840722162938,0.3946678721589265,0.4156579639732198,0.4385693612178147,1.0003775627197715,1.000107865918871,1.0787132101300478,0.955740810856834,670
2026-09-01,jaou7_6000p,2026-09-01,2027-09,put,60.0,3.79,1559.0,30.0,0,22,0.0,72.21954545454547,-0.1853661597074523,5.647147834215268,5.646620302676037,5.579441332874553,5.643495475222981,5.171754547817327,5.640760765745987,6.156817632340247,0.0005275315392312,1.857147834215268,1.8566203026760368,1.7894413328745529,1.8534954752229809,1.857147834215268,1.8566203026760368,1.7894413328745529,1.8534954752229809,True,0.0005275315392312,0.4157798784980253,0.4159191846500108,0.0112840722162938,0.3946678721589265,0.4156579639732198,0.4385693612178147,1.0003775627197715,1.000107865918871,1.0787132101300478,0.955740810856834,670
2026-09-01,jaou7_6200p,2026-09-01,2027-09,put,62.0,4.35,44.0,0.0,0,22,0.0,72.21954545454547,-0.1525763368844614,6.454665619392695,6.454294116740809,6.383681642781705,6.451010043709556,5.954790727328823,6.448135969612144,6.989635088333014,0.0003715026518857,2.104665619392695,2.1042941167408094,2.0336816427817057,2.1010100437095565,2.104665619392695,2.1042941167408094,2.0336816427817057,2.1010100437095565,False,0.0003715026518857,0.4157798784980253,0.4159191846500108,0.0112840722162938,0.3946678721589265,0.4156579639732198,0.4385693612178147,1.0003775627197715,1.000107865918871,1.0787132101300478,0.955740810856834,670
2026-09-01,jaou7_6420p,2026-09-01,2027-09,put,64.2,5.06,6.0,0.0,0,22,0.0,72.21954545454547,-0.1177075112336374,7.412514643170379,7.412388655762184,7.338474320604839,7.408951707366119,6.888526093423822,7.405943843574644,7.971678042135636,0.0001259874081949,2.3525146431703794,2.3523886557621845,2.27847432060484,2.34895170736612,2.3525146431703794,2.3523886557621845,2.27847432060484,2.34895170736612,False,0.0001259874081949,0.4157798784980253,0.4159191846500108,0.0112840722162938,0.3946678721589265,0.4156579639732198,0.4385693612178147,1.0003775627197715,1.000107865918871,1.0787132101300478,0.955740810856834,670
2026-09-01,jaou7_6500p,2026-09-01,2027-09,put,65.0,5.33,682.0,0.0,0,22,0.0,72.21954545454547,-0.1053234520339158,7.777939299187612,7.777857477544717,7.70293576638597,7.774373832774999,7.246559890561003,7.771325102402092,8.34471985251784,8.182164289571858e-05,2.4479392991876123,2.4478574775447166,2.37293576638597,2.444373832774999,2.4479392991876123,2.4478574775447166,2.37293576638597,2.444373832774999,False,8.182164289571858e-05,0.4157798784980253,0.4159191846500108,0.0112840722162938,0.3946678721589265,0.4156579639732198,0.4385693612178147,1.0003775627197715,1.000107865918871,1.0787132101300478,0.955740810856834,670
2026-09-01,jaou7_6750p,2026-09-01,2027-09,put,67.5,6.28,10.0,0.0,0,22,0.0,72.21954545454547,-0.0675831240510689,8.9778964090603,8.977963614527033,8.900091994777144,8.974343023745153,8.425406996118491,8.971174444336441,9.566340508576406,-6.720546673300021e-05,2.6978964090602995,2.6979636145270325,2.620091994777144,2.6943430237451524,2.6978964090602995,2.6979636145270325,2.620091994777144,2.6943430237451524,False,6.720546673300021e-05,0.4157798784980253,0.4159191846500108,0.0112840722162938,0.3946678721589265,0.4156579639732198,0.4385693612178147,1.0003775627197715,1.000107865918871,1.0787132101300478,0.955740810856834,670
2026-09-01,jaou7_6800p,2026-09-01,2027-09,put,68.0,6.48,60.0,0.0,0,22,0.0,72.21954545454547,-0.0602030167534462,9.228173447075775,9.228270208324837,9.149906509820624,9.224626885917344,8.672185999504027,9.221438412804766,9.820242867600868,-9.67612490594405e-05,2.748173447075777,2.7482702083248363,2.669906509820624,2.7446268859173437,2.748173447075777,2.7482702083248363,2.669906509820624,2.7446268859173437,False,9.67612490594405e-05,0.4157798784980253,0.4159191846500108,0.0112840722162938,0.3946678721589265,0.4156579639732198,0.4385693612178147,1.0003775627197715,1.000107865918871,1.0787132101300478,0.955740810856834,670
2026-09-01,jaou7_6900p,2026-09-01,2027-09,put,69.0,6.9,175.0,0.0,0,22,0.0,72.21954545454547,-0.0456042173322936,9.738522823410388,9.738614018757124,9.659337170821091,9.734927988155142,9.17600046091518,9.731702138737482,10.337496508852736,-9.11953467372939e-05,2.8385228234103863,2.838614018757124,2.759337170821091,2.834927988155142,2.8385228234103863,2.838614018757124,2.759337170821091,2.834927988155142,False,9.11953467372939e-05,0.4157798784980253,0.4159191846500108,0.0112840722162938,0.3946678721589265,0.4156579639732198,0.4385693612178147,1.0003775627197715,1.000107865918871,1.0787132101300478,0.955740810856834,670
2026-09-01,jaou7_7000p,2026-09-01,2027-09,put,70.0,7.34,617.0,0.0,0,22,0.0,72.21954545454547,-0.0312154798801941,10.262349867310302,10.262464965102604,10.18230491293476,10.25873813370669,9.693566893427624,10.255476577255756,10.867884939031288,-0.0001150977923014,2.9223498673103023,2.922464965102604,2.842304912934761,2.9187381337066896,2.9223498673103023,2.922464965102604,2.842304912934761,2.9187381337066896,False,0.0001150977923014,0.4157798784980253,0.4159191846500108,0.0112840722162938,0.3946678721589265,0.4156579639732198,0.4385693612178147,1.0003775627197715,1.000107865918871,1.0787132101300478,0.955740810856834,670
2026-09-01,jaou7_7400p,2026-09-01,2027-09,put,74.0,9.31,175.0,0.0,0,22,0.0,72.21954545454547,0.0243543712746166,12.488854985457529,12.489001592808073,12.406436720281336,12.485162981711158,11.902934757307412,12.481803600656388,13.112491368937018,-0.0001466073505422,3.1788549854575283,3.1790015928080706,3.096436720281336,3.175162981711157,3.1788549854575283,3.1790015928080706,3.096436720281336,3.175162981711157,False,0.0001466073505422,0.4157798784980253,0.4159191846500108,0.0112840722162938,0.3946678721589265,0.4156579639732198,0.4385693612178147,1.0003775627197715,1.000107865918871,1.0787132101300478,0.955740810856834,670
2026-09-01,jaou7_7450p,2026-09-01,2027-09,put,74.5,9.58,152.0,0.0,0,22,0.0,72.21954545454547,0.0310884034559606,12.780869753600763,12.78101316200712,12.698250554318212,12.777165391490112,12.193561868388528,12.773797994519803,13.406011338511346,-0.0001434084063554,3.200869753600765,3.2010131620071203,3.1182505543182124,3.1971653914901133,3.200869753600765,3.2010131620071203,3.1182505543182124,3.1971653914901133,False,0.0001434084063554,0.4157798784980253,0.4159191846500108,0.0112840722162938,0.3946678721589265,0.4156579639732198,0.4385693612178147,1.0003775627197715,1.000107865918871,1.0787132101300478,0.955740810856834,670
2026-09-01,jaou7_7500p,2026-09-01,2027-09,put,75.0,9.86,10.0,0.0,0,22,0.0,72.21954545454547,0.0377773916067574,13.075739657569391,13.075866604028846,12.992947410752777,13.07201148576837,12.487340305371848,13.068637658381022,13.702123901047104,-0.0001269464594528,3.2157396575693937,3.2158666040288466,3.1329474107527755,3.21201148576837,3.2157396575693937,3.2158666040288466,3.1329474107527755,3.21201148576837,False,0.0001269464594528,0.4157798784980253,0.4159191846500108,0.0112840722162938,0.3946678721589265,0.4156579639732198,0.4385693612178147,1.0003775627197715,1.000107865918871,1.0787132101300478,0.955740810856834,670
2026-09-02,jaou7_6820c,2026-09-02,2027-09,call,68.2,9.92,30.0,0.0,0,22,0.0,71.69954545454547,-0.0500398431899749,12.774829562880084,12.77499818398182,12.716542050413183,12.766016891110514,12.222791773368437,12.765423483823282,13.364760182016356,-0.0001686211017357,2.8548295628800844,2.85499818398182,2.7965420504131853,2.846016891110514,2.8548295628800844,2.85499818398182,2.7965420504131853,2.846016891110514,False,0.0001686211017357,0.4155013881265643,0.4158493749372105,0.0112957926776547,0.3944762746392578,0.4154783961239365,0.4387269583799846,1.0008094290657623,1.0001094560990162,1.0759753593429158,0.9560466266609585,671
2026-09-02,jaou7_6825c,2026-09-02,2027-09,call,68.25,9.89,15.0,0.0,0,22,0.0,71.69954545454547,-0.0493069739743223,12.752686312687604,12.752855330708858,12.694363370289572,12.74386853334352,12.200324555751658,12.743274762366235,13.342965989415552,-0.0001690180212552,2.862686312687602,2.8628553307088573,2.804363370289572,2.853868533343519,2.862686312687602,2.8628553307088573,2.804363370289572,2.853868533343519,False,0.0001690180212552,0.4155013881265643,0.4158493749372105,0.0112957926776547,0.3944762746392578,0.4154783961239365,0.4387269583799846,1.0008094290657623,1.0001094560990162,1.0759753593429158,0.9560466266609585,671
2026-09-02,jaou7_6860c,2026-09-02,2027-09,call,68.6,9.71,21.0,0.0,0,22,0.0,71.69954545454547,-0.044191873307552,12.598623053407742,12.598773611225194,12.540041910494333,12.589749979778984,12.044045097692072,12.589153775119566,13.191326362759872,-0.0001505578174523,2.8886230534077413,2.8887736112251936,2.830041910494332,2.879749979778984,2.8886230534077413,2.8887736112251936,2.830041910494332,2.879749979778984,False,0.0001505578174523,0.4155013881265643,0.4158493749372105,0.0112957926776547,0.3944762746392578,0.4154783961239365,0.4387269583799846,1.0008094290657623,1.0001094560990162,1.0759753593429158,0.9560466266609585,671
2026-09-02,jaou7_6900c,2026-09-02,2027-09,call,69.0,9.5,30.0,0.0,0,22,0.0,71.69954545454547,-0.038377903442132,12.424613557168197,12.4247758287407,12.365780814822571,12.415711741439692,11.867468565206014,12.415112863802186,13.02003168380859,-0.0001622715725044,2.924613557168195,2.9247758287406995,2.865780814822571,2.915711741439692,2.924613557168195,2.9247758287406995,2.865780814822571,2.915711741439692,False,0.0001622715725044,0.4155013881265643,0.4158493749372105,0.0112957926776547,0.3944762746392578,0.4154783961239365,0.4387269583799846,1.0008094290657623,1.0001094560990162,1.0759753593429158,0.9560466266609585,671
2026-09-02,jaou7_6905c,2026-09-02,2027-09,call,69.05,9.47,4.0,0.0,0,22,0.0,71.69954545454547,-0.0376535281840903,12.403018638100736,12.403177151746087,12.344148189816876,12.394107848618932,11.845561835866116,12.393508626364088,12.998773488365538,-0.0001585136453527,2.9330186381007355,2.9331771517460883,2.874148189816875,2.9241078486189327,2.9330186381007355,2.9331771517460883,2.874148189816875,2.9241078486189327,False,0.0001585136453527,0.4155013881265643,0.4158493749372105,0.0112957926776547,0.3944762746392578,0.4154783961239365,0.4387269583799846,1.0008094290657623,1.0001094560990162,1.0759753593429158,0.9560466266609585,671
2026-09-02,jaou7_6930c,2026-09-02,2027-09,call,69.3,9.34,7.0,0.0,0,22,0.0,71.69954545454547,-0.0340395018435339,12.295569657288883,12.295726996908956,12.236531215769087,12.286632063414276,11.73656677930041,12.286031147723186,12.892971514563326,-0.0001573396200704,2.955569657288885,2.955726996908956,2.896531215769089,2.946632063414276,2.955569657288885,2.955726996908956,2.896531215769089,2.946632063414276,False,0.0001573396200704,0.4155013881265643,0.4158493749372105,0.0112957926776547,0.3944762746392578,0.4154783961239365,0.4387269583799846,1.0008094290657623,1.0001094560990162,1.0759753593429158,0.9560466266609585,671
2026-09-02,jaou7_7000c,2026-09-02,2027-09,call,70.0,8.99,812.0,0.0,0,22,0.0,71.69954545454547,-0.0239891659900324,11.999314858582016,11.99950500054534,11.93988854120666,11.99034543338645,11.436223459012616,11.989740247253687,12.60091798270994,-0.0001901419633245,3.009314858582016,3.0095050005453405,2.94988854120666,3.0003454333864497,3.009314858582016,3.0095050005453405,2.94988854120666,3.0003454333864497,False,0.0001901419633245,0.4155013881265643,0.4158493749372105,0.0112957926776547,0.3944762746392578,0.4154783961239365,0.4387269583799846,1.0008094290657623,1.0001094560990162,1.0759753593429158,0.9560466266609585,671
2026-09-02,jaou7_7110c,2026-09-02,2027-09,call,71.1,8.45,5.0,0.0,0,22,0.0,71.69954545454547,-0.0083970712301963,11.547062107959947,11.54726651118514,11.487056276543097,11.538015715448958,10.978405874444428,11.537404501709334,12.154548155743282,-0.0002044032251919,3.097062107959948,3.09726651118514,3.037056276543096,3.088015715448959,3.097062107959948,3.09726651118514,3.037056276543096,3.088015715448959,False,0.0002044032251919,0.4155013881265643,0.4158493749372105,0.0112957926776547,0.3944762746392578,0.4154783961239365,0.4387269583799846,1.0008094290657623,1.0001094560990162,1.0759753593429158,0.9560466266609585,671
2026-09-02,jaou7_7200c,2026-09-02,2027-09,call,72.0,8.03,143.0,0.0,0,22,0.0,71.69954545454547,0.0041817109766638,11.188748172381128,11.188962860819055,11.128348710090098,11.179650006776065,10.61625260718811,11.179034692752436,11.800304020823294,-0.0002146884379286,3.1587481723811277,3.158962860819056,3.0983487100900984,3.1496500067760653,3.1587481723811277,3.158962860819056,3.0983487100900984,3.1496500067760653,False,0.0002146884379286,0.4155013881265643,0.4158493749372105,0.0112957926776547,0.3944762746392578,0.4154783961239365,0.4387269583799846,1.0008094290657623,1.0001094560990162,1.0759753593429158,0.9560466266609585,671
2026-09-02,jaou7_7335c,2026-09-02,2027-09,call,73.35,7.43,10.0,0.0,0,22,0.0,71.69954545454547,0.0227580965495992,10.670013179210471,10.670220020628614,10.609129938575377,10.660834043743774,10.09303245465976,10.660213898385967,11.28639033652451,-0.0002068414181426,3.240013179210472,3.2402200206286143,3.179129938575377,3.2308340437437746,3.240013179210472,3.2402200206286143,3.179129938575377,3.2308340437437746,False,0.0002068414181426,0.4155013881265643,0.4158493749372105,0.0112957926776547,0.3944762746392578,0.4154783961239365,0.4387269583799846,1.0008094290657623,1.0001094560990162,1.0759753593429158,0.9560466266609585,671
2026-09-02,jaou7_7400c,2026-09-02,2027-09,call,74.0,7.15,60.0,0.0,0,22,0.0,71.69954545454547,0.0315806851647783,10.42794480611405,10.42814298349923,10.366856915365704,10.418726895002855,9.849160403889112,10.418104760126395,11.04630450500174,-0.0001981773851795,3.27794480611405,3.278142983499229,3.216856915365705,3.2687268950028567,3.27794480611405,3.278142983499229,3.216856915365705,3.2687268950028567,False,0.0001981773851795,0.4155013881265643,0.4158493749372105,0.0112957926776547,0.3944762746392578,0.4154783961239365,0.4387269583799846,1.0008094290657623,1.0001094560990162,1.0759753593429158,0.9560466266609585,671
2026-09-02,jaou7_7450c,2026-09-02,2027-09,call,74.5,6.95,152.0,0.0,0,22,0.0,71.69954545454547,0.0383147173461224,10.245063930433927,10.245245554075826,10.183840833962003,10.235811235701428,9.665195363576208,10.235187896349997,10.86467065757338,-0.0001816236418967,3.295063930433929,3.2952455540758256,3.2338408339620037,3.285811235701428,3.295063930433929,3.2952455540758256,3.2338408339620037,3.285811235701428,False,0.0001816236418967,0.4155013881265643,0.4158493749372105,0.0112957926776547,0.3944762746392578,0.4154783961239365,0.4387269583799846,1.0008094290657623,1.0001094560990162,1.0759753593429158,0.9560466266609585,671
2026-09-02,jaou7_7500c,2026-09-02,2027-09,call,75.0,6.75,1215.0,0.0,0,22,0.0,71.69954545454547,0.045003705496919,10.065046617860045,10.065213004519457,10.003695701701387,10.05576138876021,9.48415356233896,10.055136906545007,10.685841440626932,-0.0001663866594139,3.315046617860043,3.3152130045194568,3.253695701701387,3.30576138876021,3.315046617860043,3.3152130045194568,3.253695701701387,3.30576138876021,False,0.0001663866594139,0.4155013881265643,0.4158493749372105,0.0112957926776547,0.3944762746392578,0.4154783961239365,0.4387269583799846,1.0008094290657623,1.0001094560990162,1.0759753593429158,0.9560466266609585,671
2026-09-02,jaou7_7542c,2026-09-02,2027-09,call,75.42,6.59,5.0,0.0,0,22,0.0,71.69954545454547,0.0505880837908196,9.916149197925002,9.916308635728338,9.854709034693718,9.90684437554086,9.334502303906206,9.906219057889606,10.537797364109206,-0.0001594378033367,3.3261491979250017,3.3263086357283385,3.264709034693718,3.3168443755408603,3.3261491979250017,3.3263086357283385,3.264709034693718,3.3168443755408603,False,0.0001594378033367,0.4155013881265643,0.4158493749372105,0.0112957926776547,0.3944762746392578,0.4154783961239365,0.4387269583799846,1.0008094290657623,1.0001094560990162,1.0759753593429158,0.9560466266609585,671
2026-09-02,jaou7_7550c,2026-09-02,2027-09,call,75.5,6.56,12.0,0.0,0,22,0.0,71.69954545454547,0.0516482482155876,9.888016709164267,9.8881745655225,9.82656181911119,9.878708285658544,9.306248691850852,9.878082834564282,10.50980519358523,-0.000157856358232,3.3280167091642694,3.328174565522501,3.26656181911119,3.3187082856585457,3.3280167091642694,3.328174565522501,3.26656181911119,3.3187082856585457,False,0.000157856358232,0.4155013881265643,0.4158493749372105,0.0112957926776547,0.3944762746392578,0.4154783961239365,0.4387269583799846,1.0008094290657623,1.0001094560990162,1.0759753593429158,0.9560466266609585,671
2026-09-02,jaou7_7600c,2026-09-02,2027-09,call,76.0,6.37,90.0,0.0,0,22,0.0,71.69954545454547,0.0582489322469396,9.71375457328804,9.71389482271158,9.652206991833165,9.704417006751273,9.1313204283977,9.703790793450084,10.336357858014544,-0.0001402494235414,3.343754573288039,3.3438948227115803,3.2822069918331627,3.3344170067512726,3.343754573288039,3.3438948227115803,3.2822069918331627,3.3344170067512726,False,0.0001402494235414,0.4155013881265643,0.4158493749372105,0.0112957926776547,0.3944762746392578,0.4154783961239365,0.4387269583799846,1.0008094290657623,1.0001094560990162,1.0759753593429158,0.9560466266609585,671
2026-09-02,jaou7_7610c,2026-09-02,2027-09,call,76.1,6.33,30.0,0.0,0,22,0.0,71.69954545454547,0.0595638568282486,9.679235297067148,9.679370867891716,9.617669746177423,9.66989100990635,9.09668582232245,9.669264661685547,10.301988455640087,-0.0001355708245664,3.349235297067148,3.3493708678917145,3.287669746177423,3.339891009906349,3.349235297067148,3.3493708678917145,3.287669746177423,3.339891009906349,False,0.0001355708245664,0.4155013881265643,0.4158493749372105,0.0112957926776547,0.3944762746392578,0.4154783961239365,0.4387269583799846,1.0008094290657623,1.0001094560990162,1.0759753593429158,0.9560466266609585,671
2026-09-02,jaou7_7705c,2026-09-02,2027-09,call,77.05,5.98,41.0,0.0,0,22,0.0,71.69954545454547,0.0719701537267333,9.356817108866355,9.356916094434787,9.295117484623402,9.347421258223903,8.773446257336241,9.34679392036962,9.980669684578334,-9.898556842991012e-05,3.3768171088663568,3.3769160944347867,3.3151174846234017,3.3674212582239047,3.3768171088663568,3.3769160944347867,3.3151174846234017,3.3674212582239047,False,9.898556842991012e-05,0.4155013881265643,0.4158493749372105,0.0112957926776547,0.3944762746392578,0.4154783961239365,0.4387269583799846,1.0008094290657623,1.0001094560990162,1.0759753593429158,0.9560466266609585,671
2026-09-02,jaou7_7710c,2026-09-02,2027-09,call,77.1,5.97,13.0,0.0,0,22,0.0,71.69954545454547,0.0726188725298923,9.34011669642544,9.340212876986874,9.278410202982805,9.330717416346996,8.756718587021734,9.33009003723576,9.964014667377093,-9.618056143345656e-05,3.3701166964254403,3.3702128769868738,3.308410202982805,3.360717416346996,3.3701166964254403,3.3702128769868738,3.308410202982805,3.360717416346996,False,9.618056143345656e-05,0.4155013881265643,0.4158493749372105,0.0112957926776547,0.3944762746392578,0.4154783961239365,0.4387269583799846,1.0008094290657623,1.0001094560990162,1.0759753593429158,0.9560466266609585,671
2026-09-02,jaou7_7725c,2026-09-02,2027-09,call,77.25,5.92,4.0,0.0,0,22,0.0,71.69954545454547,0.0745625077384634,9.290181286161554,9.290272144487446,9.22846025227944,9.280775267548128,8.706707375383713,9.280147794859898,9.914192413669824,-9.08583258922846e-05,3.3701812861615537,3.370272144487446,3.30846025227944,3.360775267548128,3.3701812861615537,3.370272144487446,3.30846025227944,3.360775267548128,False,9.08583258922846e-05,0.4155013881265643,0.4158493749372105,0.0112957926776547,0.3944762746392578,0.4154783961239365,0.4387269583799846,1.0008094290657623,1.0001094560990162,1.0759753593429158,0.9560466266609585,671
2026-09-02,jaou7_5800p,2026-09-02,2027-09,put,58.0,3.26,30.0,0.0,0,22,0.0,71.69954545454547,-0.212041397492972,5.003141221033151,5.00248842773843,4.9542176118314165,4.995072023191441,4.549539644413681,4.99458201038746,5.492733165301815,0.0006527932947211,1.7431412210331514,1.7424884277384305,1.6942176118314167,1.7350720231914414,1.7431412210331514,1.7424884277384305,1.6942176118314167,1.7350720231914414,False,0.0006527932947211,0.4155013881265643,0.4158493749372105,0.0112957926776547,0.3944762746392578,0.4154783961239365,0.4387269583799846,1.0008094290657623,1.0001094560990162,1.0759753593429158,0.9560466266609585,671
2026-09-02,jaou7_5900p,2026-09-02,2027-09,put,59.0,3.51,5.0,0.0,0,22,0.0,71.69954545454547,-0.1949469641336719,5.376031838293849,5.3755150660062805,5.325882627206215,5.367889459563165,4.909166793854711,5.367385624480873,5.878993564854048,0.0005167722875683,1.866031838293849,1.8655150660062807,1.8158826272062152,1.8578894595631652,1.866031838293849,1.8655150660062807,1.8158826272062152,1.8578894595631652,False,0.0005167722875683,0.4155013881265643,0.4158493749372105,0.0112957926776547,0.3944762746392578,0.4154783961239365,0.4387269583799846,1.0008094290657623,1.0001094560990162,1.0759753593429158,0.9560466266609585,671
2026-09-02,jaou7_6000p,2026-09-02,2027-09,put,60.0,3.77,1559.0,0.0,0,22,0.0,71.69954545454547,-0.1781398458172907,5.763574650124898,5.763071747957833,5.712124217840099,5.755244088803472,5.284146810873309,5.754726903800075,6.279757442205852,0.0005029021670654,1.993574650124898,1.9930717479578328,1.942124217840099,1.9852440888034724,1.993574650124898,1.9930717479578328,1.942124217840099,1.9852440888034724,False,0.0005029021670654,0.4155013881265643,0.4158493749372105,0.0112957926776547,0.3944762746392578,0.4154783961239365,0.4387269583799846,1.0008094290657623,1.0001094560990162,1.0759753593429158,0.9560466266609585,671
2026-09-02,jaou7_6200p,2026-09-02,2027-09,put,62.0,4.35,44.0,0.0,0,22,0.0,71.69954545454547,-0.1453500229942998,6.58400239786046,6.583661312682616,6.530183899798747,6.575444958336397,6.080215575431772,6.57490209166749,7.125274961069481,0.000341085177844,2.2340023978604604,2.2336613126826164,2.180183899798747,2.2254449583363973,2.2340023978604604,2.2336613126826164,2.180183899798747,2.2254449583363973,False,0.000341085177844,0.4155013881265643,0.4158493749372105,0.0112957926776547,0.3944762746392578,0.4154783961239365,0.4387269583799846,1.0008094290657623,1.0001094560990162,1.0759753593429158,0.9560466266609585,671
2026-09-02,jaou7_6420p,2026-09-02,2027-09,put,64.2,5.06,6.0,0.0,0,22,0.0,71.69954545454547,-0.1104811973434758,7.556192388860029,7.556119477262883,7.500246018240184,7.547534990596029,7.029215343854621,7.54696780088089,8.120757940395903,7.291159714561957e-05,2.4961923888600293,2.496119477262884,2.4402460182401846,2.4875349905960293,2.4961923888600293,2.496119477262884,2.4402460182401846,2.4875349905960293,False,7.291159714561957e-05,0.4155013881265643,0.4158493749372105,0.0112957926776547,0.3944762746392578,0.4154783961239365,0.4387269583799846,1.0008094290657623,1.0001094560990162,1.0759753593429158,0.9560466266609585,671
2026-09-02,jaou7_6500p,2026-09-02,2027-09,put,65.0,5.34,682.0,0.0,0,22,0.0,71.69954545454547,-0.0980971381437542,7.926694971279811,7.926615879154129,7.869985538323638,7.917915103968522,7.392517865710416,7.917340230899166,8.498955242072272,7.90921256816901e-05,2.586694971279811,2.586615879154129,2.529985538323638,2.5779151039685217,2.586694971279811,2.586615879154129,2.529985538323638,2.5779151039685217,False,7.90921256816901e-05,0.4155013881265643,0.4158493749372105,0.0112957926776547,0.3944762746392578,0.4154783961239365,0.4387269583799846,1.0008094290657623,1.0001094560990162,1.0759753593429158,0.9560466266609585,671
2026-09-02,jaou7_6750p,2026-09-02,2027-09,put,67.5,6.29,10.0,0.0,0,22,0.0,71.69954545454547,-0.0603568101609073,9.14316809123286,9.14326396005496,9.084518296458684,9.13423818333201,8.588637224978902,9.13364183693099,9.736212759312863,-9.586882210044224e-05,2.8531680912328587,2.853263960054959,2.7945182964586825,2.8442381833320107,2.8531680912328587,2.853263960054959,2.7945182964586825,2.8442381833320107,False,9.586882210044224e-05,0.4155013881265643,0.4158493749372105,0.0112957926776547,0.3944762746392578,0.4154783961239365,0.4387269583799846,1.0008094290657623,1.0001094560990162,1.0759753593429158,0.9560466266609585,671
2026-09-02,jaou7_6800p,2026-09-02,2027-09,put,68.0,6.5,60.0,0.0,0,22,0.0,71.69954545454547,-0.0529767028632847,9.39663434958156,9.396742466570815,9.337644273869596,9.38766252671829,8.838751317176676,9.387062601679286,9.993167972564756,-0.0001081169892582,2.896634349581559,2.896742466570817,2.8376442738695964,2.887662526718289,2.896634349581559,2.896742466570817,2.8376442738695964,2.887662526718289,False,0.0001081169892582,0.4155013881265643,0.4158493749372105,0.0112957926776547,0.3944762746392578,0.4154783961239365,0.4387269583799846,1.0008094290657623,1.0001094560990162,1.0759753593429158,0.9560466266609585,671
2026-09-02,jaou7_6900p,2026-09-02,2027-09,put,69.0,6.92,175.0,0.0,0,22,0.0,71.69954545454547,-0.038377903442132,9.913563737703578,9.91367008568352,9.853901714943014,9.904487178616444,9.349256719483844,9.903880450381472,10.516978466975736,-0.0001063479799405,2.993563737703578,2.9936700856835188,2.9339017149430138,2.984487178616444,2.993563737703578,2.9936700856835188,2.9339017149430138,2.984487178616444,False,0.0001063479799405,0.4155013881265643,0.4158493749372105,0.0112957926776547,0.3944762746392578,0.4154783961239365,0.4387269583799846,1.0008094290657623,1.0001094560990162,1.0759753593429158,0.9560466266609585,671
2026-09-02,jaou7_7000p,2026-09-02,2027-09,put,70.0,7.37,626.0,9.0,0,22,0.0,71.69954545454547,-0.0239891659900324,10.444311665778356,10.444445884149117,10.38405606798806,10.43516749722416,9.874058239951404,10.434554460493931,11.053911392538042,-0.0001342183707588,3.074311665778356,3.0744458841491147,3.014056067988059,3.0651674972241585,3.074311665778356,3.0744458841491147,3.014056067988059,3.0651674972241585,True,0.0001342183707588,0.4155013881265643,0.4158493749372105,0.0112957926776547,0.3944762746392578,0.4154783961239365,0.4387269583799846,1.0008094290657623,1.0001094560990162,1.0759753593429158,0.9560466266609585,671
2026-09-02,jaou7_7400p,2026-09-02,2027-09,put,74.0,9.36,175.0,0.0,0,22,0.0,71.69954545454547,0.0315806851647783,12.697128119954224,12.697270373746838,12.635210948790938,12.6877354654844,12.111181691471732,12.687105480010471,13.323484421473678,-0.0001422537926121,3.337128119954226,3.337270373746838,3.2752109487909387,3.3277354654844,3.337128119954226,3.337270373746838,3.2752109487909387,3.3277354654844,False,0.0001422537926121,0.4155013881265643,0.4158493749372105,0.0112957926776547,0.3944762746392578,0.4154783961239365,0.4387269583799846,1.0008094290657623,1.0001094560990162,1.0759753593429158,0.9560466266609585,671
2026-09-02,jaou7_7450p,2026-09-02,2027-09,put,74.5,9.64,152.0,0.0,0,22,0.0,71.69954545454547,0.0383147173461224,12.992270557604584,12.992396257653915,12.930218180717716,12.98284311951345,12.405239964489311,12.982211929564553,13.619873887375798,-0.0001257000493311,3.352270557604584,3.352396257653915,3.290218180717714,3.34284311951345,3.352270557604584,3.352396257653915,3.290218180717714,3.34284311951345,False,0.0001257000493311,0.4155013881265643,0.4158493749372105,0.0112957926776547,0.3944762746392578,0.4154783961239365,0.4387269583799846,1.0008094290657623,1.0001094560990162,1.0759753593429158,0.9560466266609585,671
2026-09-02,jaou7_7500p,2026-09-02,2027-09,put,75.0,9.92,10.0,0.0,0,22,0.0,71.69954545454547,0.045003705496919,13.290276558361176,13.290387021428025,13.22809636178758,13.280816585902713,12.702221476582546,13.280184253090043,13.919067983759833,-0.00011046306685,3.3702765583611747,3.3703870214280247,3.3080963617875803,3.360816585902711,3.3702765583611747,3.3703870214280247,3.3080963617875803,3.360816585902711,False,0.00011046306685,0.4155013881265643,0.4158493749372105,0.0112957926776547,0.3944762746392578,0.4154783961239365,0.4387269583799846,1.0008094290657623,1.0001094560990162,1.0759753593429158,0.9560466266609585,671
2026-09-03,jaou7_6820c,2026-09-03,2027-09,call,68.2,9.37,30.0,0.0,0,22,0.0,70.76272727272728,-0.0368878462761218,12.201649331896885,12.201807542806645,12.126383115005888,12.19545938160792,11.652076512850895,12.193599414358529,12.79263192082799,-0.0001582109097597,2.831649331896884,2.831807542806644,2.756383115005889,2.8254593816079208,2.831649331896884,2.831807542806644,2.756383115005889,2.8254593816079208,False,0.0001582109097597,0.4151956511813466,0.415442454433504,0.0114094380811017,0.3940924821798414,0.4151233395383864,0.4384371298521829,1.000737044725451,1.0003390044672391,1.0732375085557837,0.9566756731901317,672
2026-09-03,jaou7_6825c,2026-09-03,2027-09,call,68.25,9.35,15.0,0.0,0,22,0.0,70.76272727272728,-0.0361549770604691,12.1800982980001,12.180256786384565,12.104786933237069,12.17390477983022,11.630213499472871,12.172043685918272,12.771418011360554,-0.0001584883844625,2.8300982980001006,2.830256786384563,2.754786933237069,2.8239047798302206,2.8300982980001006,2.830256786384563,2.754786933237069,2.8239047798302206,False,0.0001584883844625,0.4151956511813466,0.415442454433504,0.0114094380811017,0.3940924821798414,0.4151233395383864,0.4384371298521829,1.000737044725451,1.0003390044672391,1.0732375085557837,0.9566756731901317,672
2026-09-03,jaou7_6860c,2026-09-03,2027-09,call,68.6,9.17,21.0,0.0,0,22,0.0,70.76272727272728,-0.0310398763936988,12.030241704624876,12.03041124967362,11.95464430072926,12.024034559756885,11.478210083540135,12.02216623379077,12.623796324876787,-0.0001695450487453,2.860241704624876,2.8604112496736214,2.7846443007292603,2.854034559756885,2.860241704624876,2.8604112496736214,2.7846443007292603,2.854034559756885,False,0.0001695450487453,0.4151956511813466,0.415442454433504,0.0114094380811017,0.3940924821798414,0.4151233395383864,0.4384371298521829,1.000737044725451,1.0003390044672391,1.0732375085557837,0.9566756731901317,672
2026-09-03,jaou7_6900c,2026-09-03,2027-09,call,69.0,8.96,30.0,0.0,0,22,0.0,70.76272727272728,-0.0252259065282788,11.861077913042667,11.861273440335443,11.785198403252894,11.85487080698958,11.306729918499494,11.852994879778477,12.45701196766812,-0.0001955272927762,2.9010779130426663,2.9012734403354425,2.8251984032528927,2.8948708069895783,2.9010779130426663,2.9012734403354425,2.8251984032528927,2.8948708069895783,False,0.0001955272927762,0.4151956511813466,0.415442454433504,0.0114094380811017,0.3940924821798414,0.4151233395383864,0.4384371298521829,1.000737044725451,1.0003390044672391,1.0732375085557837,0.9566756731901317,672
2026-09-03,jaou7_6905c,2026-09-03,2027-09,call,69.05,8.94,4.0,0.0,0,22,0.0,70.76272727272728,-0.0245015312702372,11.84008515703611,11.84027947772745,11.764169575060302,11.83387407516094,11.285464963353803,11.831997336587373,12.4363148617187,-0.0001943206913388,2.900085157036111,2.90027947772745,2.824169575060303,2.893874075160941,2.900085157036111,2.90027947772745,2.824169575060303,2.893874075160941,False,0.0001943206913388,0.4151956511813466,0.415442454433504,0.0114094380811017,0.3940924821798414,0.4151233395383864,0.4384371298521829,1.000737044725451,1.0003390044672391,1.0732375085557837,0.9566756731901317,672
2026-09-03,jaou7_6930c,2026-09-03,2027-09,call,69.3,8.81,7.0,0.0,0,22,0.0,70.76272727272728,-0.0208875049296807,11.735632625708424,11.735818990309268,11.65952296901806,11.729397831504476,11.17968628893065,11.727516476462252,12.33332329226856,-0.000186364600843,2.925632625708424,2.925818990309267,2.849522969018061,2.919397831504474,2.925632625708424,2.925818990309267,2.849522969018061,2.919397831504474,False,0.000186364600843,0.4151956511813466,0.415442454433504,0.0114094380811017,0.3940924821798414,0.4151233395383864,0.4384371298521829,1.000737044725451,1.0003390044672391,1.0732375085557837,0.9566756731901317,672
2026-09-03,jaou7_7000c,2026-09-03,2027-09,call,70.0,8.47,812.0,0.0,0,22,0.0,70.76272727272728,-0.0108371690761792,11.447713121481105,11.44791550263326,11.371137048295733,11.441453553867277,10.888200410407864,11.439560247649029,12.049131123752248,-0.0002023811521567,2.977713121481104,2.9779155026332607,2.9011370482957304,2.971453553867274,2.977713121481104,2.9779155026332607,2.9011370482957304,2.971453553867274,False,0.0002023811521567,0.4151956511813466,0.415442454433504,0.0114094380811017,0.3940924821798414,0.4151233395383864,0.4384371298521829,1.000737044725451,1.0003390044672391,1.0732375085557837,0.9566756731901317,672
2026-09-03,jaou7_7110c,2026-09-03,2027-09,call,71.1,7.96,5.0,0.0,0,22,0.0,70.76272727272728,0.0047549256836567,11.008336510238456,11.008551048870704,10.931123454564672,11.002034844493805,10.44409686177373,11.000125641757451,11.614825311624257,-0.0002145386322496,3.048336510238456,3.048551048870705,2.9711234545646734,3.042034844493803,3.048336510238456,3.048551048870705,2.9711234545646734,3.042034844493803,False,0.0002145386322496,0.4151956511813466,0.415442454433504,0.0114094380811017,0.3940924821798414,0.4151233395383864,0.4384371298521829,1.000737044725451,1.0003390044672391,1.0732375085557837,0.9566756731901317,672
2026-09-03,jaou7_7200c,2026-09-03,2027-09,call,72.0,7.56,143.0,0.0,0,22,0.0,70.76272727272728,0.0173337078905169,10.660291069491953,10.660510030310864,10.582651947347852,10.653957462091196,10.092920934452064,10.652037605000857,11.27010366135914,-0.0002189608189127,3.100291069491953,3.1005100303108657,3.0226519473478524,3.093957462091198,3.100291069491953,3.1005100303108657,3.0226519473478524,3.093957462091198,False,0.0002189608189127,0.4151956511813466,0.415442454433504,0.0114094380811017,0.3940924821798414,0.4151233395383864,0.4384371298521829,1.000737044725451,1.0003390044672391,1.0732375085557837,0.9566756731901317,672
2026-09-03,jaou7_7335c,2026-09-03,2027-09,call,73.35,6.99,10.0,0.0,0,22,0.0,70.76272727272728,0.0359100934634522,10.156380337358645,10.156574751212313,10.078217072241817,10.149980002196664,9.585411082387695,10.148047786425344,10.770213516562997,-0.0001944138536682,3.1663803373586443,3.166574751212313,3.0882170722418145,3.1599800021966638,3.1663803373586443,3.166574751212313,3.0882170722418145,3.1599800021966638,False,0.0001944138536682,0.4151956511813466,0.415442454433504,0.0114094380811017,0.3940924821798414,0.4151233395383864,0.4384371298521829,1.000737044725451,1.0003390044672391,1.0732375085557837,0.9566756731901317,672
2026-09-03,jaou7_7400c,2026-09-03,2027-09,call,74.0,6.73,60.0,0.0,0,22,0.0,70.76272727272728,0.0447326820786314,9.921380348797117,9.921546762620682,9.842998401935317,9.914935779740798,9.349081374548652,9.912998807559728,10.53679282141539,-0.0001664138235675,3.1913803487971144,3.191546762620682,3.1129984019353163,3.1849357797407976,3.1913803487971144,3.191546762620682,3.1129984019353163,3.1849357797407976,False,0.0001664138235675,0.4151956511813466,0.415442454433504,0.0114094380811017,0.3940924821798414,0.4151233395383864,0.4384371298521829,1.000737044725451,1.0003390044672391,1.0732375085557837,0.9566756731901317,672
2026-09-03,jaou7_7450c,2026-09-03,2027-09,call,74.5,6.53,152.0,0.0,0,22,0.0,70.76272727272728,0.0514667142599756,9.744094162925366,9.744251724020602,9.665577973698088,9.7376301480675,9.170918692666202,9.735690072189367,10.360510890705209,-0.0001575610952357,3.214094162925366,3.2142517240206017,3.135577973698088,3.2076301480674987,3.214094162925366,3.2142517240206017,3.135577973698088,3.2076301480674987,False,0.0001575610952357,0.4151956511813466,0.415442454433504,0.0114094380811017,0.3940924821798414,0.4151233395383864,0.4384371298521829,1.000737044725451,1.0003390044672391,1.0732375085557837,0.9566756731901317,672
2026-09-03,jaou7_7500c,2026-09-03,2027-09,call,75.0,6.34,1215.0,0.0,0,22,0.0,70.76272727272728,0.058155702410772,9.569631098204676,9.569771357318338,9.49100197062974,9.563141642240424,8.995791742171466,9.56119918165511,10.186862502816284,-0.0001402591136621,3.229631098204676,3.229771357318338,3.151001970629741,3.2231416422404227,3.229631098204676,3.229771357318338,3.151001970629741,3.2231416422404227,False,0.0001402591136621,0.4151956511813466,0.415442454433504,0.0114094380811017,0.3940924821798414,0.4151233395383864,0.4384371298521829,1.000737044725451,1.0003390044672391,1.0732375085557837,0.9566756731901317,672
2026-09-03,jaou7_7542c,2026-09-03,2027-09,call,75.42,6.19,5.0,0.0,0,22,0.0,70.76272727272728,0.0637400807046728,9.42528245024738,9.425405770995766,9.346567658223664,9.418770181451173,8.850982661139284,9.416825999687829,10.04310661191807,-0.0001233207483863,3.23528245024738,3.235405770995766,3.156567658223664,3.228770181451172,3.23528245024738,3.235405770995766,3.156567658223664,3.228770181451172,False,0.0001233207483863,0.4151956511813466,0.415442454433504,0.0114094380811017,0.3940924821798414,0.4151233395383864,0.4384371298521829,1.000737044725451,1.0003390044672391,1.0732375085557837,0.9566756731901317,672
2026-09-03,jaou7_7550c,2026-09-03,2027-09,call,75.5,6.16,12.0,0.0,0,22,0.0,70.76272727272728,0.0648002451294407,9.398016001706178,9.398137057693358,9.319288543186245,9.39150058021728,8.823645434703845,9.389556138296156,10.01592834856842,-0.0001210559871793,3.2380160017061783,3.2381370576933577,3.1592885431862427,3.231500580217279,3.2380160017061783,3.2381370576933577,3.1592885431862427,3.231500580217279,False,0.0001210559871793,0.4151956511813466,0.415442454433504,0.0114094380811017,0.3940924821798414,0.4151233395383864,0.4384371298521829,1.000737044725451,1.0003390044672391,1.0732375085557837,0.9566756731901317,672
2026-09-03,jaou7_7600c,2026-09-03,2027-09,call,76.0,5.98,90.0,0.0,0,22,0.0,70.76272727272728,0.0714009291607928,9.229147297983843,9.229246692810944,9.150341658627458,9.222605318785238,8.65441519197745,9.220659442209,9.847575979056554,-9.93948270995304e-05,3.2491472979838445,3.249246692810944,3.170341658627457,3.242605318785237,3.2491472979838445,3.249246692810944,3.170341658627457,3.242605318785237,False,9.93948270995304e-05,0.4151956511813466,0.415442454433504,0.0114094380811017,0.3940924821798414,0.4151233395383864,0.4384371298521829,1.000737044725451,1.0003390044672391,1.0732375085557837,0.9566756731901317,672
2026-09-03,jaou7_7610c,2026-09-03,2027-09,call,76.1,5.94,30.0,0.0,0,22,0.0,70.76272727272728,0.0727158537421017,9.195703027886982,9.195797718732049,9.116883697063578,9.18915557211714,8.62091564400557,9.187209469177615,9.814220820340571,-9.469084506719128e-05,3.255703027886981,3.2557977187320484,3.1768836970635776,3.2491555721171386,3.255703027886981,3.2557977187320484,3.1768836970635776,3.2491555721171386,False,9.469084506719128e-05,0.4151956511813466,0.415442454433504,0.0114094380811017,0.3940924821798414,0.4151233395383864,0.4384371298521829,1.000737044725451,1.0003390044672391,1.0732375085557837,0.9566756731901317,672
2026-09-03,jaou7_7705c,2026-09-03,2027-09,call,77.05,5.62,41.0,0.0,0,22,0.0,70.76272727272728,0.0851221506405865,8.883436133239925,8.883483927517213,8.804521973365965,8.876837480008444,8.308403780977061,8.874890116936818,9.50248907417012,-4.779427728784924e-05,3.2634361332399253,3.263483927517213,3.184521973365965,3.256837480008444,3.2634361332399253,3.263483927517213,3.184521973365965,3.256837480008444,False,4.779427728784924e-05,0.4151956511813466,0.415442454433504,0.0114094380811017,0.3940924821798414,0.4151233395383864,0.4384371298521829,1.000737044725451,1.0003390044672391,1.0732375085557837,0.9566756731901317,672
2026-09-03,jaou7_7710c,2026-09-03,2027-09,call,77.1,5.61,13.0,0.0,0,22,0.0,70.76272727272728,0.0857708694437453,8.867277737154753,8.867322777345905,8.78836021914152,8.860676264068251,8.292247355213142,8.858728881726798,9.486344687369789,-4.504019115181279e-05,3.257277737154753,3.2573227773459044,3.17836021914152,3.250676264068251,3.257277737154753,3.2573227773459044,3.17836021914152,3.250676264068251,False,4.504019115181279e-05,0.4151956511813466,0.415442454433504,0.0114094380811017,0.3940924821798414,0.4151233395383864,0.4384371298521829,1.000737044725451,1.0003390044672391,1.0732375085557837,0.9566756731901317,672
2026-09-03,jaou7_7725c,2026-09-03,2027-09,call,77.25,5.56,4.0,0.0,0,22,0.0,70.76272727272728,0.0877145046523164,8.818967309832457,8.819004596092979,8.740041354415446,8.81235797933737,8.243949635983382,8.810410566677595,9.438065456214368,-3.728626052179607e-05,3.2589673098324576,3.2590045960929794,3.1800413544154464,3.252357979337371,3.2589673098324576,3.2590045960929794,3.1800413544154464,3.252357979337371,False,3.728626052179607e-05,0.4151956511813466,0.415442454433504,0.0114094380811017,0.3940924821798414,0.4151233395383864,0.4384371298521829,1.000737044725451,1.0003390044672391,1.0732375085557837,0.9566756731901317,672
2026-09-03,jaou7_5800p,2026-09-03,2027-09,put,58.0,3.42,30.0,0.0,0,22,0.0,70.76272727272728,-0.1988894005791189,5.201785940621267,5.201206850323054,5.138266099250365,5.1959045498095975,4.744950118226357,5.194351012494974,5.697143532894844,0.0005790902982134,1.7817859406212673,1.7812068503230538,1.718266099250365,1.7759045498095976,1.7817859406212673,1.7812068503230538,1.718266099250365,1.7759045498095976,False,0.0005790902982134,0.4151956511813466,0.415442454433504,0.0114094380811017,0.3940924821798414,0.4151233395383864,0.4384371298521829,1.000737044725451,1.0003390044672391,1.0732375085557837,0.9566756731901317,672
2026-09-03,jaou7_5900p,2026-09-03,2027-09,put,59.0,3.69,5.0,0.0,0,22,0.0,70.76272727272728,-0.1817949672198188,5.585695403646115,5.585174769627724,5.520545947694175,5.57973154132647,5.116214844765099,5.578136713146408,6.0943614438092855,0.0005206340183914,1.895695403646115,1.895174769627724,1.830545947694175,1.8897315413264697,1.895695403646115,1.895174769627724,1.830545947694175,1.8897315413264697,False,0.0005206340183914,0.4151956511813466,0.415442454433504,0.0114094380811017,0.3940924821798414,0.4151233395383864,0.4384371298521829,1.000737044725451,1.0003390044672391,1.0732375085557837,0.9566756731901317,672
2026-09-03,jaou7_6000p,2026-09-03,2027-09,put,60.0,3.97,1559.0,0.0,0,22,0.0,70.76272727272728,-0.1649878489034375,5.984758949694629,5.984324860117418,5.917991749117784,5.978738937936926,5.502802731012921,5.977102301438872,6.50646079410243,0.0004340895772108,2.0147589496946288,2.014324860117418,1.9479917491177836,2.008738937936926,2.0147589496946288,2.014324860117418,1.9479917491177836,2.008738937936926,False,0.0004340895772108,0.4151956511813466,0.415442454433504,0.0114094380811017,0.3940924821798414,0.4151233395383864,0.4384371298521829,1.000737044725451,1.0003390044672391,1.0732375085557837,0.9566756731901317,672
2026-09-03,jaou7_6200p,2026-09-03,2027-09,put,62.0,4.58,44.0,0.0,0,22,0.0,70.76272727272728,-0.1321980260804467,6.829369904644892,6.82909827373399,6.759586592676337,6.823245494646297,6.323949176243511,6.821530670923291,7.375258414950726,0.0002716309109018,2.249369904644892,2.24909827373399,2.179586592676337,2.243245494646297,2.249369904644892,2.24909827373399,2.179586592676337,2.243245494646297,False,0.0002716309109018,0.4151956511813466,0.415442454433504,0.0114094380811017,0.3940924821798414,0.4151233395383864,0.4384371298521829,1.000737044725451,1.0003390044672391,1.0732375085557837,0.9566756731901317,672
2026-09-03,jaou7_6420p,2026-09-03,2027-09,put,64.2,5.33,6.0,0.0,0,22,0.0,70.76272727272728,-0.0973292004296227,7.82758965008644,7.827510746579899,7.755154680252133,7.821419600830828,7.300898213317819,7.8196349373275105,8.395322241234945,7.890350654093936e-05,2.4975896500864403,2.4975107465799,2.425154680252133,2.4914196008308283,2.4975896500864403,2.4975107465799,2.425154680252133,2.4914196008308283,False,7.890350654093936e-05,0.4151956511813466,0.415442454433504,0.0114094380811017,0.3940924821798414,0.4151233395383864,0.4384371298521829,1.000737044725451,1.0003390044672391,1.0732375085557837,0.9566756731901317,672
2026-09-03,jaou7_6500p,2026-09-03,2027-09,put,65.0,5.62,682.0,0.0,0,22,0.0,70.76272727272728,-0.0849451412299011,8.207842322642016,8.207808158553132,8.134484352078406,8.201635916320202,7.674022720127128,8.199827492108971,8.782961776764369,3.416408888412548e-05,2.5878423226420155,2.5878081585531314,2.514484352078406,2.5816359163202014,2.5878423226420155,2.5878081585531314,2.514484352078406,2.5816359163202014,False,3.416408888412548e-05,0.4151956511813466,0.415442454433504,0.0114094380811017,0.3940924821798414,0.4151233395383864,0.4384371298521829,1.000737044725451,1.0003390044672391,1.0732375085557837,0.9566756731901317,672
2026-09-03,jaou7_6750p,2026-09-03,2027-09,put,67.5,6.62,10.0,0.0,0,22,0.0,70.76272727272728,-0.0472048132470541,9.454356374610684,9.454462320176807,9.378671412703444,9.448083619516469,8.902185913896433,9.446214704416407,10.048464097018773,-0.0001059455661263,2.8343563746106826,2.834462320176809,2.7586714127034435,2.828083619516467,2.8343563746106826,2.834462320176809,2.7586714127034435,2.828083619516467,False,0.0001059455661263,0.4151956511813466,0.415442454433504,0.0114094380811017,0.3940924821798414,0.4151233395383864,0.4384371298521829,1.000737044725451,1.0003390044672391,1.0732375085557837,0.9566756731901317,672
2026-09-03,jaou7_6800p,2026-09-03,2027-09,put,68.0,6.83,60.0,0.0,0,22,0.0,70.76272727272728,-0.0398247059494315,9.713835467211991,9.713943486756474,9.637700209499648,9.707526262680128,9.15848338920979,9.70564606048608,10.311372264789345,-0.0001080195444806,2.883835467211993,2.8839434867564737,2.8077002094996466,2.877526262680128,2.883835467211993,2.8839434867564737,2.8077002094996466,2.877526262680128,False,0.0001080195444806,0.4151956511813466,0.415442454433504,0.0114094380811017,0.3940924821798414,0.4151233395383864,0.4384371298521829,1.000737044725451,1.0003390044672391,1.0732375085557837,0.9566756731901317,672
2026-09-03,jaou7_6900p,2026-09-03,2027-09,put,69.0,7.28,175.0,0.0,0,22,0.0,70.76272727272728,-0.0252259065282788,10.243382359231184,10.243521795310688,10.166464032456345,10.237036121839012,9.681993243577764,10.235135864446368,10.847225345748098,-0.0001394360795039,2.963382359231184,2.963521795310688,2.886464032456342,2.9570361218390118,2.963382359231184,2.963521795310688,2.886464032456342,2.9570361218390118,False,0.0001394360795039,0.4151956511813466,0.415442454433504,0.0114094380811017,0.3940924821798414,0.4151233395383864,0.4384371298521829,1.000737044725451,1.0003390044672391,1.0732375085557837,0.9566756731901317,672
2026-09-03,jaou7_7000p,2026-09-03,2027-09,put,70.0,7.75,626.0,0.0,0,22,0.0,70.76272727272728,-0.0108371690761792,10.786693240859757,10.786839530798638,10.709078350689314,10.78029454190684,10.220139408676262,10.778376905507056,11.39602017502236,-0.0001462899388826,3.036693240859755,3.0368395307986376,2.959078350689314,3.0302945419068408,3.036693240859755,3.0368395307986376,2.959078350689314,3.0302945419068408,False,0.0001462899388826,0.4151956511813466,0.415442454433504,0.0114094380811017,0.3940924821798414,0.4151233395383864,0.4384371298521829,1.000737044725451,1.0003390044672391,1.0732375085557837,0.9566756731901317,672
2026-09-03,jaou7_7400p,2026-09-03,2027-09,put,74.0,9.83,175.0,0.0,0,22,0.0,70.76272727272728,0.0447326820786314,13.087063160936292,13.087173483546588,13.007642397089429,13.080479460540891,12.50772306557758,13.078518158178284,13.710384565446027,-0.0001103226102951,3.2570631609362923,3.2571734835465875,3.1776423970894268,3.250479460540891,3.2570631609362923,3.2571734835465875,3.1776423970894268,3.250479460540891,False,0.0001103226102951,0.4151956511813466,0.415442454433504,0.0114094380811017,0.3940924821798414,0.4151233395383864,0.4384371298521829,1.000737044725451,1.0003390044672391,1.0732375085557837,0.9566756731901317,672
2026-09-03,jaou7_7450p,2026-09-03,2027-09,put,74.5,10.11,152.0,0.0,0,22,0.0,70.76272727272728,0.0514667142599756,13.388114811659609,13.388216281541572,13.308559805447263,13.381511665462655,12.807898220290191,13.379547259402989,14.012440471330914,-0.0001014698819652,3.2781148116596075,3.2782162815415727,3.198559805447264,3.271511665462656,3.2781148116596075,3.2782162815415727,3.198559805447264,3.271511665462656,False,0.0001014698819652,0.4151956511813466,0.415442454433504,0.0114094380811017,0.3940924821798414,0.4151233395383864,0.4384371298521829,1.000737044725451,1.0003390044672391,1.0732375085557837,0.9566756731901317,672
2026-09-03,jaou7_7500p,2026-09-03,2027-09,put,75.0,10.4,10.0,0.0,0,22,0.0,70.76272727272728,0.058155702410772,13.691989583533983,13.692073751434371,13.612321638973985,13.685360996230646,13.111109106390526,13.683394205463795,14.317129920037052,-8.416790038801025e-05,3.2919895835339847,3.2920737514343728,3.2123216389739824,3.2853609962306454,3.2919895835339847,3.2920737514343728,3.2123216389739824,3.2853609962306454,False,8.416790038801025e-05,0.4151956511813466,0.415442454433504,0.0114094380811017,0.3940924821798414,0.4151233395383864,0.4384371298521829,1.000737044725451,1.0003390044672391,1.0732375085557837,0.9566756731901317,672
2026-09-04,jaou7_6820c,2026-09-04,2027-09,call,68.2,9.96,30.0,0.0,0,22,0.0,71.88954545454543,-0.0526862853352415,12.852075483868292,12.852240106602968,12.7755293836868,12.842682080419063,12.294066947526142,12.847649438395525,13.43898827402423,-0.0001646227346761,2.8920754838682914,2.8922401066029675,2.8155293836867994,2.8826820804190643,2.8920754838682914,2.8922401066029675,2.8155293836867994,2.8826820804190643,False,0.0001646227346761,0.4148881983544418,0.4152590507049439,0.0113853113580927,0.3936229330666527,0.4150809323296278,0.4380525082320975,1.0008891710752974,1.0001091605769372,1.0704996577686516,0.9565781746616483,673
2026-09-04,jaou7_6825c,2026-09-04,2027-09,call,68.25,9.93,15.0,0.0,0,22,0.0,71.88954545454543,-0.0519534161195888,12.82977532259955,12.829943289102964,12.75319020476351,12.820380193258083,12.271434965720582,12.825350185964812,13.417033779405411,-0.0001679665034135,2.8997753225995506,2.899943289102964,2.8231902047635096,2.890380193258085,2.8997753225995506,2.899943289102964,2.8231902047635096,2.890380193258085,False,0.0001679665034135,0.4148881983544418,0.4152590507049439,0.0113853113580927,0.3936229330666527,0.4150809323296278,0.4380525082320975,1.0008891710752974,1.0001091605769372,1.0704996577686516,0.9565781746616483,673
2026-09-04,jaou7_6860c,2026-09-04,2027-09,call,68.6,9.74,21.0,0.0,0,22,0.0,71.88954545454543,-0.0468383154528185,12.674598941466208,12.674762070197769,12.59770978898589,12.665162275150598,12.113964209506184,12.670151340631527,13.264287045810391,-0.0001631287315611,2.9345989414662075,2.9347620701977686,2.85770978898589,2.9251622751505977,2.9345989414662075,2.9347620701977686,2.85770978898589,2.9251622751505977,False,0.0001631287315611,0.4148881983544418,0.4152590507049439,0.0113853113580927,0.3936229330666527,0.4150809323296278,0.4380525082320975,1.0008891710752974,1.0001091605769372,1.0704996577686516,0.9565781746616483,673
2026-09-04,jaou7_6900c,2026-09-04,2027-09,call,69.0,9.53,30.0,0.0,0,22,0.0,71.88954545454543,-0.0410243455873985,12.499280022326472,12.49943638240828,12.422017061801222,12.489789472582386,11.93608752311316,12.494803023869004,13.09168940214276,-0.0001563600818084,2.9692800223264726,2.969436382408281,2.892017061801223,2.9597894725823863,2.9692800223264726,2.969436382408281,2.892017061801223,2.9597894725823863,False,0.0001563600818084,0.4148881983544418,0.4152590507049439,0.0113853113580927,0.3936229330666527,0.4150809323296278,0.4380525082320975,1.0008891710752974,1.0001091605769372,1.0704996577686516,0.9565781746616483,673
2026-09-04,jaou7_6905c,2026-09-04,2027-09,call,69.05,9.5,4.0,0.0,0,22,0.0,71.88954545454543,-0.0402999703293568,12.477521144635023,12.477681210469765,12.400215480952117,12.468028583391469,11.914001644386596,12.473045105965126,13.070264952795135,-0.0001600658347395,2.977521144635025,2.9776812104697647,2.900215480952115,2.968028583391467,2.977521144635025,2.9776812104697647,2.900215480952115,2.968028583391467,False,0.0001600658347395,0.4148881983544418,0.4152590507049439,0.0113853113580927,0.3936229330666527,0.4150809323296278,0.4380525082320975,1.0008891710752974,1.0001091605769372,1.0704996577686516,0.9565781746616483,673
2026-09-04,jaou7_6930c,2026-09-04,2027-09,call,69.3,9.37,7.0,0.0,0,22,0.0,71.88954545454543,-0.0366859439888003,12.369248408366747,12.369408700264252,12.291732436801968,12.359729977020807,11.80411897777718,12.364760061912836,12.96366928235298,-0.0001602918975045,2.999248408366748,2.9994087002642527,2.9217324368019693,2.9897299770208097,2.999248408366748,2.9994087002642527,2.9217324368019693,2.9897299770208097,False,0.0001602918975045,0.4148881983544418,0.4152590507049439,0.0113853113580927,0.3936229330666527,0.4150809323296278,0.4380525082320975,1.0008891710752974,1.0001091605769372,1.0704996577686516,0.9565781746616483,673
2026-09-04,jaou7_7000c,2026-09-04,2027-09,call,70.0,9.01,812.0,0.0,0,22,0.0,71.88954545454543,-0.0266356081352989,12.070733249064816,12.07092955193569,11.992668567357956,12.061178591708924,11.501330676316304,12.066246218552436,12.669473675459644,-0.000196302870874,3.060733249064816,3.06092955193569,2.9826685673579547,3.051178591708924,3.060733249064816,3.06092955193569,2.9826685673579547,3.051178591708924,False,0.000196302870874,0.4148881983544418,0.4152590507049439,0.0113853113580927,0.3936229330666527,0.4150809323296278,0.4380525082320975,1.0008891710752974,1.0001091605769372,1.0704996577686516,0.9565781746616483,673
2026-09-04,jaou7_7110c,2026-09-04,2027-09,call,71.1,8.47,5.0,0.0,0,22,0.0,71.88954545454543,-0.0110435133754627,11.615046112082512,11.615250379319304,11.536201349943752,11.605400938675832,11.039839282511766,11.610519746325302,12.219811228375754,-0.000204267236791,3.145046112082511,3.145250379319302,3.066201349943752,3.135400938675831,3.145046112082511,3.145250379319302,3.066201349943752,3.135400938675831,False,0.000204267236791,0.4148881983544418,0.4152590507049439,0.0113853113580927,0.3936229330666527,0.4150809323296278,0.4380525082320975,1.0008891710752974,1.0001091605769372,1.0704996577686516,0.9565781746616483,673
2026-09-04,jaou7_7200c,2026-09-04,2027-09,call,72.0,8.04,143.0,0.0,0,22,0.0,71.88954545454543,0.0015352688313973,11.254046197199663,11.254254474469104,11.174653902962204,11.244336421707477,10.674838046910088,11.249490887446374,11.862989615270642,-0.0002082772694418,3.2140461971996643,3.214254474469106,3.1346539029622047,3.204336421707476,3.2140461971996643,3.214254474469106,3.1346539029622047,3.204336421707476,False,0.0002082772694418,0.4148881983544418,0.4152590507049439,0.0113853113580927,0.3936229330666527,0.4150809323296278,0.4380525082320975,1.0008891710752974,1.0001091605769372,1.0704996577686516,0.9565781746616483,673
2026-09-04,jaou7_7335c,2026-09-04,2027-09,call,73.35,7.44,10.0,0.0,0,22,0.0,71.88954545454543,0.0201116544043327,10.731555520836746,10.731770200260952,10.651516707633611,10.721771101077762,10.147602998896769,10.726967687080911,11.345491925933326,-0.0002146794242054,3.291555520836746,3.2917702002609515,3.211516707633611,3.2817711010777613,3.291555520836746,3.2917702002609515,3.211516707633611,3.2817711010777613,False,0.0002146794242054,0.4148881983544418,0.4152590507049439,0.0113853113580927,0.3936229330666527,0.4150809323296278,0.4380525082320975,1.0008891710752974,1.0001091605769372,1.0704996577686516,0.9565781746616483,673
2026-09-04,jaou7_7400c,2026-09-04,2027-09,call,74.0,7.16,60.0,0.0,0,22,0.0,71.88954545454543,0.0289342430195117,10.487657297463247,10.487850838829182,10.407334832607486,10.47781874251739,9.90186078272074,10.483032477306995,11.103657905497712,-0.0001935413659346,3.3276572974632472,3.327850838829182,3.2473348326074856,3.3178187425173906,3.3276572974632472,3.327850838829182,3.2473348326074856,3.3178187425173906,False,0.0001935413659346,0.4148881983544418,0.4152590507049439,0.0113853113580927,0.3936229330666527,0.4150809323296278,0.4380525082320975,1.0008891710752974,1.0001091605769372,1.0704996577686516,0.9565781746616483,673
2026-09-04,jaou7_7450c,2026-09-04,2027-09,call,74.5,6.95,152.0,0.0,0,22,0.0,71.88954545454543,0.0356682752008559,10.30350029796657,10.30369714978604,10.223016532733949,10.293644590253612,9.71648981584977,10.298868959889816,10.920771251745284,-0.000196851819469,3.35350029796657,3.353697149786039,3.273016532733947,3.343644590253612,3.35350029796657,3.353697149786039,3.273016532733947,3.343644590253612,False,0.000196851819469,0.4148881983544418,0.4152590507049439,0.0113853113580927,0.3936229330666527,0.4150809323296278,0.4380525082320975,1.0008891710752974,1.0001091605769372,1.0704996577686516,0.9565781746616483,673
2026-09-04,jaou7_7500c,2026-09-04,2027-09,call,75.0,6.75,1215.0,0.0,0,22,0.0,71.88954545454543,0.0423572633516524,10.122137934945709,10.122315319160275,10.041484529906908,10.112243822930958,9.53408012428204,10.117478034071102,10.740616170780076,-0.0001773842145684,3.372137934945707,3.3723153191602755,3.291484529906908,3.3622438229309584,3.372137934945707,3.3723153191602755,3.291484529906908,3.3622438229309584,False,0.0001773842145684,0.4148881983544418,0.4152590507049439,0.0113853113580927,0.3936229330666527,0.4150809323296278,0.4380525082320975,1.0008891710752974,1.0001091605769372,1.0704996577686516,0.9565781746616483,673
2026-09-04,jaou7_7542c,2026-09-04,2027-09,call,75.42,6.58,5.0,0.0,0,22,0.0,71.88954545454543,0.0479416416455531,9.972088182247065,9.972252537937562,9.891305425222562,9.962166481359825,9.383220335289442,9.967408259591906,10.591502595539236,-0.0001643556904991,3.392088182247063,3.392252537937562,3.311305425222562,3.3821664813598247,3.392088182247063,3.392252537937562,3.311305425222562,3.3821664813598247,False,0.0001643556904991,0.4148881983544418,0.4152590507049439,0.0113853113580927,0.3936229330666527,0.4150809323296278,0.4380525082320975,1.0008891710752974,1.0001091605769372,1.0704996577686516,0.9565781746616483,673
2026-09-04,jaou7_7550c,2026-09-04,2027-09,call,75.5,6.55,12.0,0.0,0,22,0.0,71.88954545454543,0.049001806070321,9.94374861710164,9.943910218216187,9.86294260283067,9.933821481973684,9.35474321549905,9.939064652842058,10.563319519298265,-0.0001616011145486,3.3937486171016404,3.393910218216189,3.312942602830669,3.3838214819736843,3.3937486171016404,3.393910218216189,3.312942602830669,3.3838214819736843,False,0.0001616011145486,0.4148881983544418,0.4152590507049439,0.0113853113580927,0.3936229330666527,0.4150809323296278,0.4380525082320975,1.0008891710752974,1.0001091605769372,1.0704996577686516,0.9565781746616483,673
2026-09-04,jaou7_7600c,2026-09-04,2027-09,call,76.0,6.36,90.0,0.0,0,22,0.0,71.88954545454543,0.0556024901016732,9.768239339447838,9.768385071021422,9.687315673547788,9.758283516531035,9.178515405952623,9.763533349112262,10.388659733715068,-0.0001457315735837,3.408239339447838,3.4083850710214216,3.327315673547788,3.3982835165310368,3.408239339447838,3.4083850710214216,3.327315673547788,3.3982835165310368,False,0.0001457315735837,0.4148881983544418,0.4152590507049439,0.0113853113580927,0.3936229330666527,0.4150809323296278,0.4380525082320975,1.0008891710752974,1.0001091605769372,1.0704996577686516,0.9565781746616483,673
2026-09-04,jaou7_7610c,2026-09-04,2027-09,call,76.1,6.32,30.0,0.0,0,22,0.0,71.88954545454543,0.0569174146829822,9.73346437230587,9.733606524872323,9.652515411222987,9.723502222071454,9.14360758551954,9.72875348296452,10.354045285175172,-0.000142152566454,3.413464372305869,3.413606524872323,3.332515411222987,3.403502222071454,3.413464372305869,3.413606524872323,3.332515411222987,3.403502222071454,False,0.000142152566454,0.4148881983544418,0.4152590507049439,0.0113853113580927,0.3936229330666527,0.4150809323296278,0.4380525082320975,1.0008891710752974,1.0001091605769372,1.0704996577686516,0.9565781746616483,673
2026-09-04,jaou7_7705c,2026-09-04,2027-09,call,77.05,5.98,41.0,0.0,0,22,0.0,71.88954545454543,0.0693237115814668,9.408685225414407,9.408791134543804,9.327562038463908,9.398669250035674,8.817904866030435,9.403929648237233,10.030451723793467,-0.0001059091293953,3.428685225414407,3.4287911345438022,3.3475620384639075,3.418669250035673,3.428685225414407,3.4287911345438022,3.3475620384639075,3.418669250035673,False,0.0001059091293953,0.4148881983544418,0.4152590507049439,0.0113853113580927,0.3936229330666527,0.4150809323296278,0.4380525082320975,1.0008891710752974,1.0001091605769372,1.0704996577686516,0.9565781746616483,673
2026-09-04,jaou7_7710c,2026-09-04,2027-09,call,77.1,5.96,13.0,0.0,0,22,0.0,71.88954545454543,0.0699724303846257,9.391863060453794,9.391967103834878,9.310732291456192,9.38184449291435,8.801048932241386,9.387105268636368,10.013676584622765,-0.0001040433810839,3.431863060453794,3.431967103834878,3.3507322914561923,3.4218444929143503,3.431863060453794,3.431967103834878,3.3507322914561923,3.4218444929143503,False,0.0001040433810839,0.4148881983544418,0.4152590507049439,0.0113853113580927,0.3936229330666527,0.4150809323296278,0.4380525082320975,1.0008891710752974,1.0001091605769372,1.0704996577686516,0.9565781746616483,673
2026-09-04,jaou7_7725c,2026-09-04,2027-09,call,77.25,5.91,4.0,0.0,0,22,0.0,71.88954545454543,0.071916065593197,9.341558773509131,9.341656560149202,9.260407476247076,9.331532115751523,8.750653848314201,9.336793844341546,9.96350571422058,-9.778664007065174e-05,3.4315587735091317,3.431656560149202,3.350407476247076,3.421532115751525,3.4315587735091317,3.431656560149202,3.350407476247076,3.421532115751525,False,9.778664007065174e-05,0.4148881983544418,0.4152590507049439,0.0113853113580927,0.3936229330666527,0.4150809323296278,0.4380525082320975,1.0008891710752974,1.0001091605769372,1.0704996577686516,0.9565781746616483,673
2026-09-04,jaou7_5800p,2026-09-04,2027-09,put,58.0,3.15,30.0,0.0,0,22,0.0,71.88954545454543,-0.2146878396382386,4.926897589321817,4.9261692536781,4.8630807242008665,4.918297956304306,4.470108337866864,4.922388712182402,5.41236501572254,0.0007283356437177,1.7768975893218175,1.7761692536780995,1.7130807242008663,1.768297956304306,1.7768975893218175,1.7761692536780995,1.7130807242008663,1.768297956304306,False,0.0007283356437177,0.4148881983544418,0.4152590507049439,0.0113853113580927,0.3936229330666527,0.4150809323296278,0.4380525082320975,1.0008891710752974,1.0001091605769372,1.0704996577686516,0.9565781746616483,673
2026-09-04,jaou7_5900p,2026-09-04,2027-09,put,59.0,3.39,5.0,0.0,0,22,0.0,71.88954545454543,-0.1975934062789385,5.296677233893977,5.296104764627845,5.2311873435407295,5.288007421363982,4.826243443429672,5.292215654515468,5.795636876533952,0.0005724692661317,1.9066772338939768,1.906104764627845,1.841187343540729,1.8980074213639824,1.9066772338939768,1.906104764627845,1.841187343540729,1.8980074213639824,False,0.0005724692661317,0.4148881983544418,0.4152590507049439,0.0113853113580927,0.3936229330666527,0.4150809323296278,0.4380525082320975,1.0008891710752974,1.0001091605769372,1.0704996577686516,0.9565781746616483,673
2026-09-04,jaou7_6000p,2026-09-04,2027-09,put,60.0,3.65,1559.0,25.0,0,22,0.0,71.88954545454543,-0.1807862879625573,5.681117688745148,5.68059221104217,5.613965855408783,5.672283688174221,5.197881777499588,5.676601672509753,6.193262162456639,0.0005254777029781,2.0311176887451485,2.0305922110421704,1.9639658554087835,2.022283688174221,2.0311176887451485,2.0305922110421704,1.9639658554087835,2.022283688174221,True,0.0005254777029781,0.4148881983544418,0.4152590507049439,0.0113853113580927,0.3936229330666527,0.4150809323296278,0.4380525082320975,1.0008891710752974,1.0001091605769372,1.0704996577686516,0.9565781746616483,673
2026-09-04,jaou7_6200p,2026-09-04,2027-09,put,62.0,4.22,44.0,0.0,0,22,0.0,71.88954545454543,-0.1479964651395664,6.495154083031083,6.49480630621914,6.424808449873366,6.486079931821109,5.9870974810332624,6.490615075860013,7.032505143915649,0.0003477768119424,2.275154083031083,2.2748063062191406,2.204808449873366,2.2660799318211096,2.275154083031083,2.2748063062191406,2.204808449873366,2.2660799318211096,False,0.0003477768119424,0.4148881983544418,0.4152590507049439,0.0113853113580927,0.3936229330666527,0.4150809323296278,0.4380525082320975,1.0008891710752974,1.0001091605769372,1.0704996577686516,0.9565781746616483,673
2026-09-04,jaou7_6420p,2026-09-04,2027-09,put,64.2,4.93,6.0,0.0,0,22,0.0,71.88954545454543,-0.1131276394887424,7.460674035652433,7.460569997760114,7.387341118942361,7.451442113078342,6.928616400273759,7.456185924186388,8.021772148169926,0.0001040378923189,2.5306740356524333,2.5305699977601144,2.4573411189423613,2.5214421130783427,2.5306740356524333,2.5305699977601144,2.4573411189423613,2.5214421130783427,False,0.0001040378923189,0.4148881983544418,0.4152590507049439,0.0113853113580927,0.3936229330666527,0.4150809323296278,0.4380525082320975,1.0008891710752974,1.0001091605769372,1.0704996577686516,0.9565781746616483,673
2026-09-04,jaou7_6500p,2026-09-04,2027-09,put,65.0,5.2,812.0,130.0,0,22,0.0,71.88954545454543,-0.1007435802890208,7.828901175818462,7.828818079862602,7.754596593393996,7.8195676356842,7.28946473821165,7.824375141626458,8.397666087165394,8.30959558602018e-05,2.628901175818462,2.6288180798626017,2.5545965933939963,2.6195676356842004,2.628901175818462,2.6288180798626017,2.5545965933939963,2.6195676356842004,True,8.30959558602018e-05,0.4148881983544418,0.4152590507049439,0.0113853113580927,0.3936229330666527,0.4150809323296278,0.4380525082320975,1.0008891710752974,1.0001091605769372,1.0704996577686516,0.9565781746616483,673
2026-09-04,jaou7_6750p,2026-09-04,2027-09,put,67.5,6.15,10.0,0.0,0,22,0.0,71.88954545454543,-0.0630032523061738,9.038302169187554,9.03838315043386,8.961320624200203,9.0287802527714,8.477872704881745,9.0337709306983,9.62822883169347,-8.098124630606662e-05,2.888302169187554,2.88838315043386,2.811320624200203,2.878780252771401,2.888302169187554,2.88838315043386,2.811320624200203,2.878780252771401,False,8.098124630606662e-05,0.4148881983544418,0.4152590507049439,0.0113853113580927,0.3936229330666527,0.4150809323296278,0.4380525082320975,1.0008891710752974,1.0001091605769372,1.0704996577686516,0.9565781746616483,673
2026-09-04,jaou7_6800p,2026-09-04,2027-09,put,68.0,6.35,60.0,0.0,0,22,0.0,71.88954545454543,-0.0556231450085512,9.290459143339374,9.290548297095995,9.213018257537476,9.280887220688957,8.726561991124916,9.285908134424526,9.883951061388377,-8.915375662255087e-05,2.9404591433393747,2.9405482970959973,2.863018257537478,2.930887220688956,2.9404591433393747,2.9405482970959973,2.863018257537478,2.930887220688956,False,8.915375662255087e-05,0.4148881983544418,0.4152590507049439,0.0113853113580927,0.3936229330666527,0.4150809323296278,0.4380525082320975,1.0008891710752974,1.0001091605769372,1.0704996577686516,0.9565781746616483,673
2026-09-04,jaou7_6900p,2026-09-04,2027-09,put,69.0,6.77,175.0,0.0,0,22,0.0,71.88954545454543,-0.0410243455873985,9.804711939928415,9.804811677266152,9.72638259804066,9.795038341600716,9.234298377774628,9.8001175970809,10.405058044322496,-9.973733773627202e-05,3.034711939928417,3.0348116772661538,2.95638259804066,3.025038341600716,3.034711939928417,3.0348116772661538,2.95638259804066,3.025038341600716,False,9.973733773627202e-05,0.4148881983544418,0.4152590507049439,0.0113853113580927,0.3936229330666527,0.4150809323296278,0.4380525082320975,1.0008891710752974,1.0001091605769372,1.0704996577686516,0.9565781746616483,673
2026-09-04,jaou7_7000p,2026-09-04,2027-09,put,70.0,7.21,626.0,42.0,0,22,0.0,71.88954545454543,-0.0266356081352989,10.332743341328408,10.33288302145521,10.25361227825904,10.3230056353889,9.756119705639415,10.328138966425978,10.939420492301029,-0.0001396801268018,3.122743341328408,3.12288302145521,3.04361227825904,3.113005635388899,3.122743341328408,3.12288302145521,3.04361227825904,3.113005635388899,True,0.0001396801268018,0.4148881983544418,0.4152590507049439,0.0113853113580927,0.3936229330666527,0.4150809323296278,0.4380525082320975,1.0008891710752974,1.0001091605769372,1.0704996577686516,0.9565781746616483,673
2026-09-04,jaou7_7400p,2026-09-04,2027-09,put,74.0,9.19,175.0,0.0,0,22,0.0,71.88954545454543,0.0289342430195117,12.57598008837343,12.576117006995297,12.494591242155163,12.56595848484396,11.982962510690449,12.571237923827132,13.199917420985692,-0.0001369186218642,3.3859800883734312,3.3861170069952955,3.304591242155165,3.375958484843961,3.3859800883734312,3.3861170069952955,3.304591242155165,3.375958484843961,False,0.0001369186218642,0.4148881983544418,0.4152590507049439,0.0113853113580927,0.3936229330666527,0.4150809323296278,0.4380525082320975,1.0008891710752974,1.0001091605769372,1.0704996577686516,0.9565781746616483,673
2026-09-04,jaou7_7450p,2026-09-04,2027-09,put,74.5,9.46,152.0,0.0,0,22,0.0,71.88954545454543,0.0356682752008559,12.87011217620758,12.870252405282978,12.78856202961245,12.860073419911007,12.2758806311503,12.865363493740777,13.495319854564084,-0.0001402290753986,3.410112176207578,3.410252405282977,3.328562029612449,3.4000734199110063,3.410112176207578,3.410252405282977,3.328562029612449,3.4000734199110063,False,0.0001402290753986,0.4148881983544418,0.4152590507049439,0.0113853113580927,0.3936229330666527,0.4150809323296278,0.4380525082320975,1.0008891710752974,1.0001091605769372,1.0704996577686516,0.9565781746616483,673
2026-09-04,jaou7_7500p,2026-09-04,2027-09,put,75.0,9.74,10.0,0.0,0,22,0.0,71.88954545454543,0.0423572633516524,13.16703890051754,13.167159661988038,13.085319114116237,13.15696173991918,12.571760026913395,13.162261655252887,13.793453860929702,-0.0001207614704963,3.427038900517541,3.4271596619880373,3.3453191141162364,3.416961739919179,3.427038900517541,3.4271596619880373,3.3453191141162364,3.416961739919179,False,0.0001207614704963,0.4148881983544418,0.4152590507049439,0.0113853113580927,0.3936229330666527,0.4150809323296278,0.4380525082320975,1.0008891710752974,1.0001091605769372,1.0704996577686516,0.9565781746616483,673
2026-09-08,jaou7_6820c,2026-09-08,2027-09,call,68.2,10.37,30.0,0.0,0,22,0.0,72.46409090909093,-0.0606465765050949,13.137082471432546,13.137226503823184,13.142235961421436,13.131369404086906,12.585385251604954,13.132545317333504,13.71997634293006,-0.0001440323906383,2.7670824714325466,2.767226503823185,2.772235961421437,2.7613694040869063,2.7670824714325466,2.767226503823185,2.772235961421437,2.7613694040869063,False,0.0001440323906383,0.4147015631033067,0.4149296148914277,0.0112378821752049,0.3934608513147836,0.4147473484118444,0.4376443586875625,1.0007092371986253,1.0000313564009795,1.0595482546201231,0.9568365667442698,674
2026-09-08,jaou7_6825c,2026-09-08,2027-09,call,68.25,10.35,15.0,0.0,0,22,0.0,72.46409090909093,-0.0599137072894422,13.11437870432701,13.114527512216624,13.119540187906695,13.108666649860467,12.562332326366088,13.109843318517552,13.697633413222327,-0.0001488078896159,2.76437870432701,2.7645275122166257,2.769540187906696,2.7586666498604675,2.76437870432701,2.7645275122166257,2.769540187906696,2.7586666498604675,False,0.0001488078896159,0.4147015631033067,0.4149296148914277,0.0112378821752049,0.3934608513147836,0.4147473484118444,0.4376443586875625,1.0007092371986253,1.0000313564009795,1.0595482546201231,0.9568365667442698,674
2026-09-08,jaou7_6860c,2026-09-08,2027-09,call,68.6,10.15,21.0,0.0,0,22,0.0,72.46409090909093,-0.0547986066226718,12.95637005956513,12.956508296974643,12.96154177849614,12.950623108266305,12.401952612759423,12.95180466085589,13.542077273827989,-0.000138237409514,2.806370059565129,2.806508296974643,2.8115417784961405,2.8006231082663025,2.806370059565129,2.806508296974643,2.8115417784961405,2.8006231082663025,False,0.000138237409514,0.4147015631033067,0.4149296148914277,0.0112378821752049,0.3934608513147836,0.4147473484118444,0.4376443586875625,1.0007092371986253,1.0000313564009795,1.0595482546201231,0.9568365667442698,674
2026-09-08,jaou7_6900c,2026-09-08,2027-09,call,69.0,9.94,30.0,0.0,0,22,0.0,72.46409090909093,-0.0489846367572519,12.777764101591842,12.777931425409728,12.78298835859428,12.772018816820736,12.22071416527498,12.773205874421732,13.366183192726034,-0.0001673238178856,2.8377641015918424,2.837931425409728,2.84298835859428,2.832018816820735,2.8377641015918424,2.837931425409728,2.84298835859428,2.832018816820735,False,0.0001673238178856,0.4147015631033067,0.4149296148914277,0.0112378821752049,0.3934608513147836,0.4147473484118444,0.4376443586875625,1.0007092371986253,1.0000313564009795,1.0595482546201231,0.9568365667442698,674
2026-09-08,jaou7_6905c,2026-09-08,2027-09,call,69.05,9.91,4.0,0.0,0,22,0.0,72.46409090909093,-0.0482602614992102,12.755586301773358,12.7557545468281,12.760814272152244,12.749838673646131,12.198211575654373,12.751026386670173,13.344346989910187,-0.0001682450547413,2.8455863017733574,2.8457545468280987,2.850814272152244,2.839838673646133,2.8455863017733574,2.8457545468280987,2.850814272152244,2.839838673646133,False,0.0001682450547413,0.4147015631033067,0.4149296148914277,0.0112378821752049,0.3934608513147836,0.4147473484118444,0.4376443586875625,1.0007092371986253,1.0000313564009795,1.0595482546201231,0.9568365667442698,674
2026-09-08,jaou7_6930c,2026-09-08,2027-09,call,69.3,9.78,7.0,0.0,0,22,0.0,72.46409090909093,-0.0446462351586538,12.645194661660938,12.645337531887009,12.650411303592982,12.639405235557888,12.086250666650026,12.640596245810446,13.235673191916858,-0.000142870226071,2.8651946616609383,2.8653375318870093,2.8704113035929826,2.8594052355578885,2.8651946616609383,2.8653375318870093,2.8704113035929826,2.8594052355578885,False,0.000142870226071,0.4147015631033067,0.4149296148914277,0.0112378821752049,0.3934608513147836,0.4147473484118444,0.4376443586875625,1.0007092371986253,1.0000313564009795,1.0595482546201231,0.9568365667442698,674
2026-09-08,jaou7_7000c,2026-09-08,2027-09,call,70.0,9.41,812.0,0.0,0,22,0.0,72.46409090909093,-0.0345958993051523,12.340668260362415,12.340823950744523,12.34593848493967,12.334843994572015,11.777293663954143,12.336044573355704,12.935808031913805,-0.0001556903821064,2.930668260362417,2.9308239507445237,2.935938484939669,2.924843994572017,2.930668260362417,2.9308239507445237,2.935938484939669,2.924843994572017,False,0.0001556903821064,0.4147015631033067,0.4149296148914277,0.0112378821752049,0.3934608513147836,0.4147473484118444,0.4376443586875625,1.0007092371986253,1.0000313564009795,1.0595482546201231,0.9568365667442698,674
2026-09-08,jaou7_7110c,2026-09-08,2027-09,call,71.1,8.85,5.0,0.0,0,22,0.0,72.46409090909093,-0.0190038045453162,11.875810816029642,11.875993559674914,11.881164248022204,11.869947947597897,11.306174302114846,11.871161707930698,12.477427115902657,-0.0001827436452721,3.025810816029642,3.025993559674914,3.031164248022206,3.0199479475978954,3.025810816029642,3.025993559674914,3.031164248022206,3.0199479475978954,False,0.0001827436452721,0.4147015631033067,0.4149296148914277,0.0112378821752049,0.3934608513147836,0.4147473484118444,0.4376443586875625,1.0007092371986253,1.0000313564009795,1.0595482546201231,0.9568365667442698,674
2026-09-08,jaou7_7200c,2026-09-08,2027-09,call,72.0,8.42,143.0,0.0,0,22,0.0,72.46409090909093,-0.0064250223384561,11.507552474133876,11.507754469306818,11.51296498461015,11.501662291219578,10.933495692838816,11.50288540047774,12.113741852460684,-0.0002019951729401,3.0875524741338776,3.0877544693068177,3.09296498461015,3.081662291219578,3.0875524741338776,3.0877544693068177,3.09296498461015,3.081662291219578,False,0.0002019951729401,0.4147015631033067,0.4149296148914277,0.0112378821752049,0.3934608513147836,0.4147473484118444,0.4376443586875625,1.0007092371986253,1.0000313564009795,1.0595482546201231,0.9568365667442698,674
2026-09-08,jaou7_7335c,2026-09-08,2027-09,call,73.35,7.8,10.0,0.0,0,22,0.0,72.46409090909093,0.0121513632344791,10.97469385075825,10.974907510881184,10.980166688684983,10.968758436191258,10.395253225716116,10.969992968418431,11.586506966138762,-0.0002136601229345,3.17469385075825,3.1749075108811846,3.1801666886849835,3.168758436191258,3.17469385075825,3.1749075108811846,3.1801666886849835,3.168758436191258,False,0.0002136601229345,0.4147015631033067,0.4149296148914277,0.0112378821752049,0.3934608513147836,0.4147473484118444,0.4376443586875625,1.0007092371986253,1.0000313564009795,1.0595482546201231,0.9568365667442698,674
2026-09-08,jaou7_7400c,2026-09-08,2027-09,call,74.0,7.51,60.0,0.0,0,22,0.0,72.46409090909093,0.0209739518496583,10.726067851178277,10.726275029368924,10.731552203058769,10.720104913738467,10.144646457216943,10.721343670295395,11.340003154184572,-0.0002071781906494,3.216067851178275,3.2162750293689246,3.221552203058767,3.2101049137384674,3.216067851178275,3.2162750293689246,3.221552203058767,3.2101049137384674,False,0.0002071781906494,0.4147015631033067,0.4149296148914277,0.0112378821752049,0.3934608513147836,0.4147473484118444,0.4376443586875625,1.0007092371986253,1.0000313564009795,1.0595482546201231,0.9568365667442698,674
2026-09-08,jaou7_7450c,2026-09-08,2027-09,call,74.5,7.3,152.0,0.0,0,22,0.0,72.46409090909093,0.0277079840310023,10.538134038019493,10.53832403034296,10.54361416883889,10.532138756152753,9.955333403881465,10.533380556050586,11.153635805671597,-0.0001899923234667,3.238134038019493,3.23832403034296,3.243614168838889,3.232138756152753,3.238134038019493,3.23832403034296,3.243614168838889,3.232138756152753,False,0.0001899923234667,0.4147015631033067,0.4149296148914277,0.0112378821752049,0.3934608513147836,0.4147473484118444,0.4376443586875625,1.0007092371986253,1.0000313564009795,1.0595482546201231,0.9568365667442698,674
2026-09-08,jaou7_7500c,2026-09-08,2027-09,call,75.0,7.09,1215.0,0.0,0,22,0.0,72.46409090909093,0.0343969721817989,10.353245379378508,10.353438060555478,10.358739928508694,10.347239072185676,9.76917573668032,10.34848362544032,10.970072768960916,-0.000192681176971,3.263245379378507,3.263438060555478,3.268739928508694,3.2572390721856763,3.263245379378507,3.263438060555478,3.268739928508694,3.2572390721856763,False,0.000192681176971,0.4147015631033067,0.4149296148914277,0.0112378821752049,0.3934608513147836,0.4147473484118444,0.4376443586875625,1.0007092371986253,1.0000313564009795,1.0595482546201231,0.9568365667442698,674
2026-09-08,jaou7_7542c,2026-09-08,2027-09,call,75.42,6.92,5.0,0.0,0,22,0.0,72.46409090909093,0.0399813504756996,10.200092743090345,10.200266402696476,10.205576417460913,10.194057889006835,9.615164911366712,10.19530435463284,10.817929468638075,-0.0001736596061334,3.280092743090343,3.2802664026964763,3.285576417460911,3.2740578890068357,3.280092743090343,3.2802664026964763,3.285576417460911,3.2740578890068357,False,0.0001736596061334,0.4147015631033067,0.4149296148914277,0.0112378821752049,0.3934608513147836,0.4147473484118444,0.4376443586875625,1.0007092371986253,1.0000313564009795,1.0595482546201231,0.9568365667442698,674
2026-09-08,jaou7_7550c,2026-09-08,2027-09,call,75.5,6.88,12.0,0.0,0,22,0.0,72.46409090909093,0.0410415149004677,10.171151727602751,10.171325366088114,10.176637072378876,10.16511487465174,9.586057382424476,10.166361737344326,10.789173967514785,-0.0001736384853607,3.2911517276027533,3.291325366088114,3.2966370723788776,3.2851148746517405,3.2911517276027533,3.291325366088114,3.2966370723788776,3.2851148746517405,False,0.0001736384853607,0.4147015631033067,0.4149296148914277,0.0112378821752049,0.3934608513147836,0.4147473484118444,0.4376443586875625,1.0007092371986253,1.0000313564009795,1.0595482546201231,0.9568365667442698,674
2026-09-08,jaou7_7600c,2026-09-08,2027-09,call,76.0,6.68,90.0,0.0,0,22,0.0,72.46409090909093,0.0476421989318197,9.991990043484668,9.992148642000174,9.997469304791707,9.985927678548162,9.405943154004357,9.987176643677529,10.611109581507415,-0.0001585985155063,3.311990043484668,3.3121486420001744,3.317469304791709,3.305927678548162,3.311990043484668,3.3121486420001744,3.317469304791709,3.305927678548162,False,0.0001585985155063,0.4147015631033067,0.4149296148914277,0.0112378821752049,0.3934608513147836,0.4147473484118444,0.4376443586875625,1.0007092371986253,1.0000313564009795,1.0595482546201231,0.9568365667442698,674
2026-09-08,jaou7_7610c,2026-09-08,2027-09,call,76.1,6.65,30.0,0.0,0,22,0.0,72.46409090909093,0.0489571235131287,9.956519624551234,9.956674129194496,9.961996316494478,9.950451383274451,9.370306122840818,9.951700706264852,10.57583534671674,-0.0001545046432624,3.3065196245512336,3.306674129194496,3.311996316494477,3.300451383274451,3.3065196245512336,3.306674129194496,3.311996316494477,3.300451383274451,False,0.0001545046432624,0.4147015631033067,0.4149296148914277,0.0112378821752049,0.3934608513147836,0.4147473484118444,0.4376443586875625,1.0007092371986253,1.0000313564009795,1.0595482546201231,0.9568365667442698,674
2026-09-08,jaou7_7705c,2026-09-08,2027-09,call,77.05,6.29,41.0,0.0,0,22,0.0,72.46409090909093,0.0613634204116133,9.625103680191474,9.625227292673747,9.63056154263395,9.618990442990452,9.037665044848012,9.620242597553268,10.245899551922996,-0.0001236124822749,3.335103680191474,3.335227292673749,3.3405615426339503,3.3289904429904533,3.335103680191474,3.335227292673749,3.3405615426339503,3.3289904429904533,False,0.0001236124822749,0.4147015631033067,0.4149296148914277,0.0112378821752049,0.3934608513147836,0.4147473484118444,0.4376443586875625,1.0007092371986253,1.0000313564009795,1.0595482546201231,0.9568365667442698,674
2026-09-08,jaou7_7710c,2026-09-08,2027-09,call,77.1,6.27,13.0,0.0,0,22,0.0,72.46409090909093,0.0620121392147722,9.607940401085097,9.608063078735055,9.61339780490824,9.601825672259553,9.020449824161531,9.603077938607951,10.228803354501103,-0.0001226776499603,3.3379404010850955,3.338063078735056,3.343397804908241,3.331825672259553,3.3379404010850955,3.338063078735056,3.343397804908241,3.331825672259553,False,0.0001226776499603,0.4147015631033067,0.4149296148914277,0.0112378821752049,0.3934608513147836,0.4147473484118444,0.4376443586875625,1.0007092371986253,1.0000313564009795,1.0595482546201231,0.9568365667442698,674
2026-09-08,jaou7_7725c,2026-09-08,2027-09,call,77.25,6.21,4.0,0.0,0,22,0.0,72.46409090909093,0.0639557744233434,9.55662110032618,9.556737355895052,9.5620736172946,9.55049815442004,8.968985779647968,9.551750781145383,10.17766955971182,-0.0001162555688711,3.346621100326181,3.346737355895052,3.352073617294601,3.3404981544200405,3.346621100326181,3.346737355895052,3.352073617294601,3.3404981544200405,False,0.0001162555688711,0.4147015631033067,0.4149296148914277,0.0112378821752049,0.3934608513147836,0.4147473484118444,0.4376443586875625,1.0007092371986253,1.0000313564009795,1.0595482546201231,0.9568365667442698,674
2026-09-08,jaou7_5800p,2026-09-08,2027-09,put,58.0,3.1,30.0,0.0,0,22,0.0,72.46409090909093,-0.2226481308080919,4.746965753695378,4.746182742883219,4.75026616591368,4.741408370511413,4.299638252906069,4.742366907666146,5.22494665329915,0.0007830108121593,1.6469657536953783,1.646182742883219,1.65026616591368,1.6414083705114133,1.6469657536953783,1.646182742883219,1.65026616591368,1.6414083705114133,False,0.0007830108121593,0.4147015631033067,0.4149296148914277,0.0112378821752049,0.3934608513147836,0.4147473484118444,0.4376443586875625,1.0007092371986253,1.0000313564009795,1.0595482546201231,0.9568365667442698,674
2026-09-08,jaou7_5900p,2026-09-08,2027-09,put,59.0,3.34,5.0,0.0,0,22,0.0,72.46409090909093,-0.2055536974487919,5.108322307633998,5.107688866930883,5.111895990225072,5.102769863175768,4.647018221206003,5.103757437561753,5.600236052959912,0.0006334407031145,1.7683223076339978,1.7676888669308832,1.7718959902250724,1.7627698631757678,1.7683223076339978,1.7676888669308832,1.7718959902250724,1.7627698631757678,False,0.0006334407031145,0.4147015631033067,0.4149296148914277,0.0112378821752049,0.3934608513147836,0.4147473484118444,0.4376443586875625,1.0007092371986253,1.0000313564009795,1.0595482546201231,0.9568365667442698,674
2026-09-08,jaou7_6000p,2026-09-08,2027-09,put,60.0,3.59,1534.0,25.0,0,22,0.0,72.46409090909093,-0.1887465791324107,5.484432819685674,5.4839203139483095,5.488243503455927,5.478865604605368,5.010012529162994,5.479880424216046,5.989485795079804,0.0005125057373644,1.894432819685674,1.8939203139483096,1.8982435034559275,1.8888656046053685,1.894432819685674,1.8939203139483096,1.8982435034559275,1.8888656046053685,True,0.0005125057373644,0.4147015631033067,0.4149296148914277,0.0112378821752049,0.3934608513147836,0.4147473484118444,0.4376443586875625,1.0007092371986253,1.0000313564009795,1.0595482546201231,0.9568365667442698,674
2026-09-08,jaou7_6200p,2026-09-08,2027-09,put,62.0,4.15,44.0,0.0,0,22,0.0,72.46409090909093,-0.1559567563094198,6.281033717273101,6.280611933969762,6.285159287955696,6.275295129643268,5.781746872520125,6.276362569317954,6.811712584174772,0.0004217833033388,2.131033717273101,2.130611933969762,2.1351592879556955,2.125295129643268,2.131033717273101,2.130611933969762,2.1351592879556955,2.125295129643268,False,0.0004217833033388,0.4147015631033067,0.4149296148914277,0.0112378821752049,0.3934608513147836,0.4147473484118444,0.4376443586875625,1.0007092371986253,1.0000313564009795,1.0595482546201231,0.9568365667442698,674
2026-09-08,jaou7_6420p,2026-09-08,2027-09,put,64.2,4.83,6.0,0.0,0,22,0.0,72.46409090909093,-0.1210879306585958,7.227488506557234,7.227347521466049,7.232115838968116,7.221772364747765,6.703149031138326,7.222891673096961,7.783181631215752,0.0001409850911855,2.3974885065572344,2.397347521466049,2.402115838968116,2.391772364747765,2.3974885065572344,2.397347521466049,2.402115838968116,2.391772364747765,False,0.0001409850911855,0.4147015631033067,0.4149296148914277,0.0112378821752049,0.3934608513147836,0.4147473484118444,0.4376443586875625,1.0007092371986253,1.0000313564009795,1.0595482546201231,0.9568365667442698,674
2026-09-08,jaou7_6500p,2026-09-08,2027-09,put,65.0,5.1,812.0,2.0,0,22,0.0,72.46409090909093,-0.1087038714588743,7.5892406072519645,7.589166987188871,7.594002914284183,7.583512780768498,7.057227478040471,7.584647959701433,8.152634521514495,7.362006309374891e-05,2.489240607251965,2.489166987188871,2.4940029142841835,2.483512780768499,2.489240607251965,2.489166987188871,2.4940029142841835,2.483512780768499,True,7.362006309374891e-05,0.4147015631033067,0.4149296148914277,0.0112378821752049,0.3934608513147836,0.4147473484118444,0.4376443586875625,1.0007092371986253,1.0000313564009795,1.0595482546201231,0.9568365667442698,674
2026-09-08,jaou7_6750p,2026-09-08,2027-09,put,67.5,6.01,10.0,0.0,0,22,0.0,72.46409090909093,-0.0709635434760272,8.777828469839514,8.777877166083634,8.782907853352722,8.771995244438592,8.224088691928193,8.773176141109179,9.36346096477496,-4.869624411973916e-05,2.7678284698395146,2.7678771660836343,2.772907853352722,2.7619952444385927,2.7678284698395146,2.7678771660836343,2.772907853352722,2.7619952444385927,False,4.869624411973916e-05,0.4147015631033067,0.4149296148914277,0.0112378821752049,0.3934608513147836,0.4147473484118444,0.4376443586875625,1.0007092371986253,1.0000313564009795,1.0595482546201231,0.9568365667442698,674
2026-09-08,jaou7_6800p,2026-09-08,2027-09,put,68.0,6.21,60.0,0.0,0,22,0.0,72.46409090909093,-0.0635834361784046,9.026070402451438,9.02614227130329,9.031205277697309,9.020222561866976,8.468630515621125,9.021411045084882,9.615405173818504,-7.186885185106462e-05,2.8160704024514382,2.8161422713032893,2.8212052776973087,2.8102225618669747,2.8160704024514382,2.8161422713032893,2.8212052776973087,2.8102225618669747,False,7.186885185106462e-05,0.4147015631033067,0.4149296148914277,0.0112378821752049,0.3934608513147836,0.4147473484118444,0.4376443586875625,1.0007092371986253,1.0000313564009795,1.0595482546201231,0.9568365667442698,674
2026-09-08,jaou7_6900p,2026-09-08,2027-09,put,69.0,6.62,175.0,0.0,0,22,0.0,72.46409090909093,-0.0489846367572519,9.53244602299554,9.532558424366156,9.537681615594645,9.526568346317836,8.968253138597241,9.527770957241728,10.128749381134542,-0.0001124013706164,2.91244602299554,2.912558424366156,2.917681615594645,2.906568346317836,2.91244602299554,2.912558424366156,2.917681615594645,2.906568346317836,False,0.0001124013706164,0.4147015631033067,0.4149296148914277,0.0112378821752049,0.3934608513147836,0.4147473484118444,0.4376443586875625,1.0007092371986253,1.0000313564009795,1.0595482546201231,0.9568365667442698,674
2026-09-08,jaou7_7000p,2026-09-08,2027-09,put,70.0,7.05,676.0,50.0,0,22,0.0,72.46409090909093,-0.0345958993051523,10.052186748510389,10.052287516445222,10.057468308684305,10.046230090813388,9.481669204020676,10.047446222919971,10.655210787066578,-0.0001007679348337,3.002186748510389,3.0022875164452225,3.0074683086843037,2.9962300908133868,3.002186748510389,3.0022875164452225,3.0074683086843037,2.9962300908133868,True,0.0001007679348337,0.4147015631033067,0.4149296148914277,0.0112378821752049,0.3934608513147836,0.4147473484118444,0.4376443586875625,1.0007092371986253,1.0000313564009795,1.0595482546201231,0.9568365667442698,674
2026-09-08,jaou7_7400p,2026-09-08,2027-09,put,74.0,8.98,175.0,0.0,0,22,0.0,72.46409090909093,0.0209739518496583,12.264932606303324,12.2650848620467,12.270428293780478,12.258837276956916,11.676368264260557,12.260091586836738,12.886752176314427,-0.0001522557433748,3.2849326063033235,3.2850848620466984,3.2904282937804776,3.2788372769569154,3.2849326063033235,3.2850848620466984,3.2904282937804776,3.2788372769569154,False,0.0001522557433748,0.4147015631033067,0.4149296148914277,0.0112378821752049,0.3934608513147836,0.4147473484118444,0.4376443586875625,1.0007092371986253,1.0000313564009795,1.0595482546201231,0.9568365667442698,674
2026-09-08,jaou7_7450p,2026-09-08,2027-09,put,74.5,9.25,152.0,0.0,0,22,0.0,72.46409090909093,0.0277079840310023,12.555417076516674,12.55555214639287,12.560908542932737,12.549289402743335,11.96547349429721,12.550546755964064,13.178803111173584,-0.0001350698761957,3.305417076516674,3.30555214639287,3.3109085429327365,3.2992894027433355,3.305417076516674,3.30555214639287,3.3109085429327365,3.2992894027433355,False,0.0001350698761957,0.4147015631033067,0.4149296148914277,0.0112378821752049,0.3934608513147836,0.4147473484118444,0.4376443586875625,1.0007092371986253,1.0000313564009795,1.0595482546201231,0.9568365667442698,674
2026-09-08,jaou7_7500p,2026-09-08,2027-09,put,75.0,9.52,10.0,0.0,0,22,0.0,72.46409090909093,0.0343969721817989,12.848946701247824,12.849084459977524,12.854452585974675,12.842808002148397,12.2577341104682,12.844068108725937,13.47365835783504,-0.0001377587297,3.3289467012478244,3.3290844599775244,3.3344525859746774,3.322808002148397,3.3289467012478244,3.3290844599775244,3.3344525859746774,3.322808002148397,False,0.0001377587297,0.4147015631033067,0.4149296148914277,0.0112378821752049,0.3934608513147836,0.4147473484118444,0.4376443586875625,1.0007092371986253,1.0000313564009795,1.0595482546201231,0.9568365667442698,674
2026-09-09,jaou7_6820c,2026-09-09,2027-09,call,68.2,10.4,30.0,0.0,0,22,0.0,72.44727272727269,-0.0604144596928351,13.113823034281978,13.113965294197545,13.153556988235737,13.108845882529335,12.569113192427112,13.111037177356318,13.68355957880624,-0.0001422599155667,2.713823034281978,2.7139652941975445,2.7535569882357347,2.708845882529335,2.713823034281978,2.7139652941975445,2.7535569882357347,2.708845882529335,False,0.0001422599155667,0.4148412593839137,0.415040877352261,0.0111429023495436,0.3938127248172725,0.414926703151628,0.4372749730466728,1.000397458391605,1.0001584154064973,1.056810403832991,0.9567385788548715,675
2026-09-09,jaou7_6825c,2026-09-09,2027-09,call,68.25,10.37,15.0,0.0,0,22,0.0,72.44727272727269,-0.0596815904771824,13.091124854153234,13.091271776639571,13.13088859433764,13.086149116351654,12.546069744904452,13.088341801706305,13.661214416641275,-0.0001469224863388,2.721124854153235,2.7212717766395738,2.7608885943376418,2.716149116351655,2.721124854153235,2.7212717766395738,2.7608885943376418,2.716149116351655,False,0.0001469224863388,0.4148412593839137,0.415040877352261,0.0111429023495436,0.3938127248172725,0.414926703151628,0.4372749730466728,1.000397458391605,1.0001584154064973,1.056810403832991,0.9567385788548715,675
2026-09-09,jaou7_6860c,2026-09-09,2027-09,call,68.6,10.18,21.0,0.0,0,22,0.0,72.44727272727269,-0.054566489810412,12.93315549389595,12.933290113909312,12.97307159040284,12.928146162383946,12.3857635601439,12.930347961164417,13.505643744875966,-0.0001346200133625,2.753155493895949,2.753290113909312,2.7930715904028407,2.7481461623839465,2.753155493895949,2.753290113909312,2.7930715904028407,2.7481461623839465,False,0.0001346200133625,0.4148412593839137,0.415040877352261,0.0111429023495436,0.3938127248172725,0.414926703151628,0.4372749730466728,1.000397458391605,1.0001584154064973,1.056810403832991,0.9567385788548715,675
2026-09-09,jaou7_6900c,2026-09-09,2027-09,call,69.0,9.96,30.0,0.0,0,22,0.0,72.44727272727269,-0.0487525199449922,12.754596875857043,12.754761448829408,12.794728263912033,12.749593532061873,12.204605470743058,12.751805588839664,13.329732900287857,-0.0001645729723627,2.794596875857044,2.794761448829407,2.834728263912032,2.78959353206187,2.794596875857044,2.794761448829407,2.834728263912032,2.78959353206187,False,0.0001645729723627,0.4148412593839137,0.415040877352261,0.0111429023495436,0.3938127248172725,0.414926703151628,0.4372749730466728,1.000397458391605,1.0001584154064973,1.056810403832991,0.9567385788548715,675
2026-09-09,jaou7_6905c,2026-09-09,2027-09,call,69.05,9.94,4.0,0.0,0,22,0.0,72.44727272727269,-0.0480281446869505,12.732425029004528,12.732590046418478,12.77257885482983,12.727419285799307,12.182114163545348,12.729632559849277,13.307894270737629,-0.0001650174139502,2.7924250290045283,2.7925900464184785,2.83257885482983,2.7874192857993094,2.7924250290045283,2.7925900464184785,2.83257885482983,2.7874192857993094,False,0.0001650174139502,0.4148412593839137,0.415040877352261,0.0111429023495436,0.3938127248172725,0.414926703151628,0.4372749730466728,1.000397458391605,1.0001584154064973,1.056810403832991,0.9567385788548715,675
2026-09-09,jaou7_6930c,2026-09-09,2027-09,call,69.3,9.8,7.0,0.0,0,22,0.0,72.44727272727269,-0.044414118346394,12.62206418466294,12.622203583330302,12.662303143736274,12.617018501903011,12.070208487741,12.619237905780931,13.19921268179393,-0.0001393986673612,2.82206418466294,2.8222035833303014,2.8623031437362734,2.8170185019030107,2.82206418466294,2.8222035833303014,2.8623031437362734,2.8170185019030107,False,0.0001393986673612,0.4148412593839137,0.415040877352261,0.0111429023495436,0.3938127248172725,0.414926703151628,0.4372749730466728,1.000397458391605,1.0001584154064973,1.056810403832991,0.9567385788548715,675
2026-09-09,jaou7_7000c,2026-09-09,2027-09,call,70.0,9.44,812.0,0.0,0,22,0.0,72.44727272727269,-0.0343637824928925,12.317633724388068,12.31778639918326,12.358207810074424,12.312559700816625,11.761403007384862,12.314796918261772,12.899336312565827,-0.0001526747951938,2.877633724388067,2.877786399183261,2.918207810074424,2.872559700816625,2.877633724388067,2.877786399183261,2.918207810074424,2.872559700816625,False,0.0001526747951938,0.4148412593839137,0.415040877352261,0.0111429023495436,0.3938127248172725,0.414926703151628,0.4372749730466728,1.000397458391605,1.0001584154064973,1.056810403832991,0.9567385788548715,675
2026-09-09,jaou7_7110c,2026-09-09,2027-09,call,71.1,8.88,5.0,0.0,0,22,0.0,72.44727272727269,-0.0187716877330565,11.85293997497968,11.853118857034904,11.893983465482076,11.847834850922425,11.290539912386668,11.850096598172,12.440965708688667,-0.0001788820552235,2.9729399749796794,2.973118857034903,3.013983465482074,2.967834850922422,2.9729399749796794,2.973118857034903,3.013983465482074,2.967834850922422,False,0.0001788820552235,0.4148412593839137,0.415040877352261,0.0111429023495436,0.3938127248172725,0.414926703151628,0.4372749730466728,1.000397458391605,1.0001584154064973,1.056810403832991,0.9567385788548715,675
2026-09-09,jaou7_7200c,2026-09-09,2027-09,call,72.0,8.44,143.0,0.0,0,22,0.0,72.44727272727269,-0.0061929055261962,11.484827166071614,11.485025009836423,11.526204193151631,11.479700327559684,10.918069438182595,11.481979485690452,12.077314001407505,-0.0001978437648109,3.044827166071615,3.0450250098364258,3.0862041931516337,3.039700327559686,3.044827166071615,3.0450250098364258,3.0862041931516337,3.039700327559686,False,0.0001978437648109,0.4148412593839137,0.415040877352261,0.0111429023495436,0.3938127248172725,0.414926703151628,0.4372749730466728,1.000397458391605,1.0001584154064973,1.056810403832991,0.9567385788548715,675
2026-09-09,jaou7_7335c,2026-09-09,2027-09,call,73.35,7.81,10.0,0.0,0,22,0.0,72.44727272727269,0.012383480046739,10.952199808876612,10.95240916261236,10.993970989529078,10.947035002530594,10.380147159632951,10.949335338965671,11.550165633401429,-0.0002093537357481,3.1421998088766125,3.1424091626123607,3.183970989529078,3.1370350025305944,3.1421998088766125,3.1424091626123607,3.183970989529078,3.1370350025305944,False,0.0002093537357481,0.4148412593839137,0.415040877352261,0.0111429023495436,0.3938127248172725,0.414926703151628,0.4372749730466728,1.000397458391605,1.0001584154064973,1.056810403832991,0.9567385788548715,675
2026-09-09,jaou7_7400c,2026-09-09,2027-09,call,74.0,7.53,60.0,0.0,0,22,0.0,72.44727272727269,0.0212060686619182,10.703687901061212,10.703890152703703,10.745593553829362,10.69849768634142,10.129689855782065,10.700805858531934,11.303718937068766,-0.0002022516424915,3.173687901061212,3.173890152703703,3.215593553829362,3.1684976863414205,3.173687901061212,3.173890152703703,3.215593553829362,3.1684976863414205,False,0.0002022516424915,0.4148412593839137,0.415040877352261,0.0111429023495436,0.3938127248172725,0.414926703151628,0.4372749730466728,1.000397458391605,1.0001584154064973,1.056810403832991,0.9567385788548715,675
2026-09-09,jaou7_7450c,2026-09-09,2027-09,call,74.5,7.31,152.0,0.0,0,22,0.0,72.44727272727269,0.0279401008432622,10.515844809456476,10.51602971584331,10.557835646321266,10.510623991903264,9.940488093595905,10.512937838820378,11.117401247888484,-0.0001849063868348,3.205844809456475,3.20602971584331,3.247835646321266,3.2006239919032646,3.205844809456475,3.20602971584331,3.247835646321266,3.2006239919032646,False,0.0001849063868348,0.4148412593839137,0.415040877352261,0.0111429023495436,0.3938127248172725,0.414926703151628,0.4372749730466728,1.000397458391605,1.0001584154064973,1.056810403832991,0.9567385788548715,675
2026-09-09,jaou7_7500c,2026-09-09,2027-09,call,75.0,7.1,1215.0,0.0,0,22,0.0,72.44727272727269,0.0346290889940588,10.331050658499166,10.33123889058326,10.373136082668834,10.32582136604336,9.7544522114985,10.328140264047413,10.933892667097528,-0.0001882320840955,3.231050658499166,3.2312388905832616,3.2731360826688345,3.225821366043361,3.231050658499166,3.2312388905832616,3.2731360826688345,3.225821366043361,False,0.0001882320840955,0.4148412593839137,0.415040877352261,0.0111429023495436,0.3938127248172725,0.414926703151628,0.4372749730466728,1.000397458391605,1.0001584154064973,1.056810403832991,0.9567385788548715,675
2026-09-09,jaou7_7542c,2026-09-09,2027-09,call,75.42,6.93,5.0,0.0,0,22,0.0,72.44727272727269,0.0402134672879595,10.177977302877837,10.17814607094314,10.22010823500572,10.172720145189164,9.600532655824244,10.175042639219114,10.781801309491216,-0.0001687680653024,3.247977302877837,3.24814607094314,3.29010823500572,3.242720145189164,3.247977302877837,3.24814607094314,3.29010823500572,3.242720145189164,False,0.0001687680653024,0.4148412593839137,0.415040877352261,0.0111429023495436,0.3938127248172725,0.414926703151628,0.4372749730466728,1.000397458391605,1.0001584154064973,1.056810403832991,0.9567385788548715,675
2026-09-09,jaou7_7550c,2026-09-09,2027-09,call,75.5,6.9,12.0,0.0,0,22,0.0,72.44727272727269,0.0412736317127275,10.1490522120038,10.149222127223904,10.191197273109829,10.143794522852746,9.57144536976719,10.146117735392046,10.75305617721341,-0.0001699152201037,3.2490522120038,3.249222127223904,3.2911972731098285,3.2437945228527454,3.2490522120038,3.249222127223904,3.2911972731098285,3.2437945228527454,False,0.0001699152201037,0.4148412593839137,0.415040877352261,0.0111429023495436,0.3938127248172725,0.414926703151628,0.4372749730466728,1.000397458391605,1.0001584154064973,1.056810403832991,0.9567385788548715,675
2026-09-09,jaou7_7600c,2026-09-09,2027-09,call,76.0,6.7,90.0,0.0,0,22,0.0,72.44727272727269,0.0478743157440794,9.969994272942309,9.970148640920508,10.01219374369494,9.964711990760328,9.391452762307225,9.967039075227104,10.57506223438978,-0.0001543679781992,3.2699942729423084,3.270148640920508,3.31219374369494,3.264711990760328,3.2699942729423084,3.270148640920508,3.31219374369494,3.264711990760328,False,0.0001543679781992,0.4148412593839137,0.415040877352261,0.0111429023495436,0.3938127248172725,0.414926703151628,0.4372749730466728,1.000397458391605,1.0001584154064973,1.056810403832991,0.9567385788548715,675
2026-09-09,jaou7_7610c,2026-09-09,2027-09,call,76.1,6.66,30.0,0.0,0,22,0.0,72.44727272727269,0.0491892403253884,9.934544473744223,9.934694479663918,9.97675181229256,9.92925624812007,9.355840763277396,9.931584009476706,10.53980233377401,-0.0001500059196946,3.274544473744223,3.2746944796639177,3.3167518122925586,3.2692562481200707,3.274544473744223,3.2746944796639177,3.3167518122925586,3.2692562481200707,False,0.0001500059196946,0.4148412593839137,0.415040877352261,0.0111429023495436,0.3938127248172725,0.414926703151628,0.4372749730466728,1.000397458391605,1.0001584154064973,1.056810403832991,0.9567385788548715,675
2026-09-09,jaou7_7705c,2026-09-09,2027-09,call,77.05,6.3,41.0,0.0,0,22,0.0,72.44727272727269,0.0615955372238732,9.603326467391184,9.60344705108638,9.645598413902096,9.597996660950974,9.02342556829612,9.60032962662805,10.210012429899813,-0.0001205836951978,3.303326467391183,3.3034470510863807,3.3455984139020964,3.2979966609509743,3.303326467391183,3.3034470510863807,3.3455984139020964,3.2979966609509743,False,0.0001205836951978,0.4148412593839137,0.415040877352261,0.0111429023495436,0.3938127248172725,0.414926703151628,0.4372749730466728,1.000397458391605,1.0001584154064973,1.056810403832991,0.9567385788548715,675
2026-09-09,jaou7_7710c,2026-09-09,2027-09,call,77.1,6.28,13.0,0.0,0,22,0.0,72.44727272727269,0.0622442560270322,9.586173888592793,9.58629271671933,9.62844764093244,9.580841866076744,9.006223797481837,9.58317502886768,10.192925220293665,-0.0001188281265385,3.3061738885927907,3.306292716719329,3.3484476409324406,3.300841866076744,3.3061738885927907,3.306292716719329,3.3484476409324406,3.300841866076744,False,0.0001188281265385,0.4148412593839137,0.415040877352261,0.0111429023495436,0.3938127248172725,0.414926703151628,0.4372749730466728,1.000397458391605,1.0001584154064973,1.056810403832991,0.9567385788548715,675
2026-09-09,jaou7_7725c,2026-09-09,2027-09,call,77.25,6.23,4.0,0.0,0,22,0.0,72.44727272727269,0.0641878912356032,9.534886867931728,9.53500007327063,9.577166905335028,9.529547682881027,8.954795945301871,9.531881504739822,10.141814583813373,-0.0001132053389021,3.304886867931728,3.30500007327063,3.347166905335026,3.299547682881027,3.304886867931728,3.30500007327063,3.347166905335026,3.299547682881027,False,0.0001132053389021,0.4148412593839137,0.415040877352261,0.0111429023495436,0.3938127248172725,0.414926703151628,0.4372749730466728,1.000397458391605,1.0001584154064973,1.056810403832991,0.9567385788548715,675
2026-09-09,jaou7_5800p,2026-09-09,2027-09,put,58.0,3.15,30.0,0.0,0,22,0.0,72.44727272727269,-0.2224160139958321,4.740620642214133,4.739853475309025,4.772120072788445,4.735681236670531,4.298953176641322,4.737467106910708,5.207700139978517,0.0007671669051081,1.5906206422141334,1.5898534753090252,1.6221200727884448,1.5856812366705308,1.5906206422141334,1.5898534753090252,1.6221200727884448,1.5856812366705308,False,0.0007671669051081,0.4148412593839137,0.415040877352261,0.0111429023495436,0.3938127248172725,0.414926703151628,0.4372749730466728,1.000397458391605,1.0001584154064973,1.056810403832991,0.9567385788548715,675
2026-09-09,jaou7_5900p,2026-09-09,2027-09,put,59.0,3.39,5.0,0.0,0,22,0.0,72.44727272727269,-0.2053215806365321,5.101856665413115,5.101234389965523,5.13448015581702,5.09693553977097,4.646380699950923,5.098775604372884,5.582580681574416,0.0006222754475926,1.711856665413115,1.711234389965523,1.7444801558170195,1.7069355397709702,1.711856665413115,1.711234389965523,1.7444801558170195,1.7069355397709702,False,0.0006222754475926,0.4148412593839137,0.415040877352261,0.0111429023495436,0.3938127248172725,0.414926703151628,0.4372749730466728,1.000397458391605,1.0001584154064973,1.056810403832991,0.9567385788548715,675
2026-09-09,jaou7_6000p,2026-09-09,2027-09,put,60.0,3.64,1534.0,0.0,0,22,0.0,72.44727272727269,-0.1885144623201508,5.477862066731352,5.477360147791175,5.511523558089876,5.4729426414035895,5.009430970928619,5.474833495181845,5.971435518525158,0.0005019189401771,1.837862066731352,1.8373601477911747,1.871523558089876,1.8329426414035892,1.837862066731352,1.8373601477911747,1.871523558089876,1.8329426414035892,False,0.0005019189401771,0.4148412593839137,0.415040877352261,0.0111429023495436,0.3938127248172725,0.414926703151628,0.4372749730466728,1.000397458391605,1.0001584154064973,1.056810403832991,0.9567385788548715,675
2026-09-09,jaou7_6200p,2026-09-09,2027-09,put,62.0,4.19,44.0,0.0,0,22,0.0,72.44727272727269,-0.15572463949716,6.274286738581974,6.273872209722937,6.309808897545833,6.269225409341526,5.781306212380864,6.271214409308268,6.792933731172904,0.0004145288590375,2.084286738581974,2.0838722097229363,2.119808897545832,2.079225409341525,2.084286738581974,2.0838722097229363,2.119808897545832,2.079225409341525,False,0.0004145288590375,0.4148412593839137,0.415040877352261,0.0111429023495436,0.3938127248172725,0.414926703151628,0.4372749730466728,1.000397458391605,1.0001584154064973,1.056810403832991,0.9567385788548715,675
2026-09-09,jaou7_6420p,2026-09-09,2027-09,put,64.2,4.88,6.0,0.0,0,22,0.0,72.44727272727269,-0.120855813846336,7.22061915333246,7.220481536137762,7.258165899557843,7.215608752224658,6.702903097952059,7.217694481381407,7.763745184315769,0.0001376171946976,2.34061915333246,2.340481536137762,2.3781658995578434,2.3356087522246582,2.34061915333246,2.340481536137762,2.3781658995578434,2.3356087522246582,False,0.0001376171946976,0.4148412593839137,0.415040877352261,0.0111429023495436,0.3938127248172725,0.414926703151628,0.4372749730466728,1.000397458391605,1.0001584154064973,1.056810403832991,0.9567385788548715,675
2026-09-09,jaou7_6500p,2026-09-09,2027-09,put,65.0,5.15,812.0,0.0,0,22,0.0,72.44727272727269,-0.1084717546466144,7.582344476073282,7.582272323830658,7.620491295088005,7.577330412347579,7.057055357357191,7.579445730624389,8.133003152021313,7.2152242624135e-05,2.4323444760732817,2.4322723238306576,2.4704912950880047,2.4273304123475787,2.4323444760732817,2.4322723238306576,2.4704912950880047,2.4273304123475787,False,7.2152242624135e-05,0.4148412593839137,0.415040877352261,0.0111429023495436,0.3938127248172725,0.414926703151628,0.4372749730466728,1.000397458391605,1.0001584154064973,1.056810403832991,0.9567385788548715,675
2026-09-09,jaou7_6750p,2026-09-09,2027-09,put,67.5,6.06,10.0,0.0,0,22,0.0,72.44727272727269,-0.0707314266637674,8.77090649149486,8.770954640019056,8.810712823518571,8.765813700398795,8.22418079531108,8.768014209974078,9.343306548375208,-4.814852419698923e-05,2.7109064914948595,2.7109546400190565,2.750712823518572,2.705813700398795,2.7109064914948595,2.7109546400190565,2.750712823518572,2.705813700398795,False,4.814852419698923e-05,0.4148412593839137,0.415040877352261,0.0111429023495436,0.3938127248172725,0.414926703151628,0.4372749730466728,1.000397458391605,1.0001584154064973,1.056810403832991,0.9567385788548715,675
2026-09-09,jaou7_6800p,2026-09-09,2027-09,put,68.0,6.26,60.0,0.0,0,22,0.0,72.44727272727269,-0.0633513193661448,9.0191515919543,9.019221849384902,9.059235723540375,9.014047847634831,8.46877765368544,9.016262509006983,9.595170702675963,-7.025743060040668e-05,2.7591515919543017,2.759221849384902,2.7992357235403755,2.754047847634832,2.7591515919543017,2.759221849384902,2.7992357235403755,2.754047847634832,False,7.025743060040668e-05,0.4148412593839137,0.415040877352261,0.0111429023495436,0.3938127248172725,0.414926703151628,0.4372749730466728,1.000397458391605,1.0001584154064973,1.056810403832991,0.9567385788548715,675
2026-09-09,jaou7_6900p,2026-09-09,2027-09,put,69.0,6.67,175.0,0.0,0,22,0.0,72.44727272727269,-0.0487525199449922,9.525543380569962,9.52565416852812,9.566143778842168,9.520418651621895,8.96850557153155,9.522659643723475,10.108370655465034,-0.0001107879581585,2.855543380569962,2.8556541685281207,2.896143778842168,2.8504186516218954,2.855543380569962,2.8556541685281207,2.896143778842168,2.8504186516218954,False,0.0001107879581585,0.4148412593839137,0.415040877352261,0.0111429023495436,0.3938127248172725,0.414926703151628,0.4372749730466728,1.000397458391605,1.0001584154064973,1.056810403832991,0.9567385788548715,675
2026-09-09,jaou7_7000p,2026-09-09,2027-09,put,70.0,7.1,706.0,30.0,0,22,0.0,72.44727272727269,-0.0343637824928925,10.045318807955857,10.045417697736845,10.08636190385943,10.04012339923152,9.48204168702823,10.042389552000452,10.634712646597876,-9.888978098615552e-05,2.945318807955857,2.945417697736844,2.9863619038594305,2.940123399231521,2.945318807955857,2.945417697736844,2.9863619038594305,2.940123399231521,True,9.888978098615552e-05,0.4148412593839137,0.415040877352261,0.0111429023495436,0.3938127248172725,0.414926703151628,0.4372749730466728,1.000397458391605,1.0001584154064973,1.056810403832991,0.9567385788548715,675
2026-09-09,jaou7_7400p,2026-09-09,2027-09,put,74.0,9.02,175.0,0.0,0,22,0.0,72.44727272727269,0.0212060686619182,12.258327300048483,12.258475766676773,12.300701963033855,12.253015700175805,11.677282850844918,12.2553528076901,12.866049586520305,-0.0001484666282873,3.2383273000484856,3.238475766676773,3.2807019630338576,3.2330157001758035,3.2383273000484856,3.238475766676773,3.2807019630338576,3.2330157001758035,False,0.0001484666282873,0.4148412593839137,0.415040877352261,0.0111429023495436,0.3938127248172725,0.414926703151628,0.4372749730466728,1.000397458391605,1.0001584154064973,1.056810403832991,0.9567385788548715,675
2026-09-09,jaou7_7450p,2026-09-09,2027-09,put,74.5,9.29,152.0,0.0,0,22,0.0,72.44727272727269,0.0279401008432622,12.548853497871184,12.548984619243816,12.591313344953194,12.543511295165082,11.966450378086192,12.54585407740598,13.158101186767452,-0.0001311213726307,3.2588534978711863,3.258984619243817,3.3013133449531957,3.253511295165083,3.2588534978711863,3.258984619243817,3.3013133449531957,3.253511295165083,False,0.0001311213726307,0.4148412593839137,0.415040877352261,0.0111429023495436,0.3938127248172725,0.414926703151628,0.4372749730466728,1.000397458391605,1.0001584154064973,1.056810403832991,0.9567385788548715,675
2026-09-09,jaou7_7500p,2026-09-09,2027-09,put,75.0,9.56,10.0,0.0,0,22,0.0,72.44727272727269,0.0346290889940588,12.842428636341312,12.842563083411202,12.8849830707282,12.837077958732614,12.258783785416222,12.839425792060451,13.452961895403938,-0.0001344470698896,3.2824286363413115,3.282563083411201,3.3249830707282,3.277077958732613,3.2824286363413115,3.282563083411201,3.3249830707282,3.277077958732613,False,0.0001344470698896,0.4148412593839137,0.415040877352261,0.0111429023495436,0.3938127248172725,0.414926703151628,0.4372749730466728,1.000397458391605,1.0001584154064973,1.056810403832991,0.9567385788548715,675
2026-09-10,jaou7_6820c,2026-09-10,2027-09,call,68.2,10.84,30.0,0.0,0,22,0.0,72.91454545454543,-0.0668435803879577,13.411593914811183,13.411707996922605,13.4729172124325,13.405499816142637,12.85793428469497,13.41124320857536,13.991345633021162,-0.000114082111418,2.571593914811185,2.571707996922603,2.632917212432499,2.5654998161426352,2.571593914811185,2.571707996922603,2.632917212432499,2.5654998161426352,False,0.000114082111418,0.4163886382092158,0.4166311397436242,0.0112249172618098,0.3950178657460702,0.4166129843626235,0.4392903375969713,1.0008684322406527,0.9999883831222012,1.054072553045859,0.9557356745922905,676
2026-09-10,jaou7_6825c,2026-09-10,2027-09,call,68.25,10.81,15.0,0.0,0,22,0.0,72.91454545454543,-0.066110711172305,13.38864804840741,13.388761982875966,13.45001415655889,13.382549414714624,12.834621892379714,13.388296866058305,13.96876076249253,-0.0001139344685565,2.578648048407409,2.5787619828759656,2.6400141565588893,2.572549414714624,2.578648048407409,2.5787619828759656,2.6400141565588893,2.572549414714624,False,0.0001139344685565,0.4163886382092158,0.4166311397436242,0.0112249172618098,0.3950178657460702,0.4166129843626235,0.4392903375969713,1.0008684322406527,0.9999883831222012,1.054072553045859,0.9557356745922905,676
2026-09-10,jaou7_6860c,2026-09-10,2027-09,call,68.6,10.62,21.0,0.0,0,22,0.0,72.91454545454543,-0.0609956105055347,13.228945367840428,13.229088530322912,13.290615028535491,13.22284793848698,12.672440461304369,13.228621315454651,13.81155792491613,-0.0001431624824839,2.6089453678404286,2.6090885303229125,2.6706150285354937,2.602847938486981,2.6089453678404286,2.6090885303229125,2.6706150285354937,2.602847938486981,False,0.0001431624824839,0.4163886382092158,0.4166311397436242,0.0112249172618098,0.3950178657460702,0.4166129843626235,0.4392903375969713,1.0008684322406527,0.9999883831222012,1.054072553045859,0.9557356745922905,676
2026-09-10,jaou7_6900c,2026-09-10,2027-09,call,69.0,10.4,30.0,0.0,0,22,0.0,72.91454545454543,-0.0551816406401148,13.048379187762244,13.048515340437731,13.11033541090656,13.042245051579457,12.489141165954978,13.04804590224022,13.633795243074564,-0.0001361526754859,2.648379187762245,2.648515340437731,2.710335410906559,2.642245051579456,2.648379187762245,2.648515340437731,2.710335410906559,2.642245051579456,False,0.0001361526754859,0.4163886382092158,0.4166311397436242,0.0112249172618098,0.3950178657460702,0.4166129843626235,0.4392903375969713,1.0008684322406527,0.9999883831222012,1.054072553045859,0.9557356745922905,676
2026-09-10,jaou7_6905c,2026-09-10,2027-09,call,69.05,10.37,4.0,0.0,0,22,0.0,72.91454545454543,-0.0544572653820731,13.02595500502312,13.02609372969636,13.087952709712535,13.019819475298384,12.466386086579666,13.025623994610484,13.611709454976667,-0.0001387246732402,2.655955005023122,2.6560937296963623,2.717952709712538,2.649819475298385,2.655955005023122,2.6560937296963623,2.717952709712538,2.649819475298385,False,0.0001387246732402,0.4163886382092158,0.4166311397436242,0.0112249172618098,0.3950178657460702,0.4166129843626235,0.4392903375969713,1.0008684322406527,0.9999883831222012,1.054072553045859,0.9557356745922905,676
2026-09-10,jaou7_6930c,2026-09-10,2027-09,call,69.3,10.23,7.0,0.0,0,22,0.0,72.91454545454543,-0.0508432390415167,12.91432544423524,12.91449029261859,12.976526837128093,12.9081979131558,12.353111877297838,12.914019200562093,13.501751780004078,-0.0001648483833491,2.68432544423524,2.684490292618589,2.74652683712809,2.6781979131558007,2.68432544423524,2.684490292618589,2.74652683712809,2.6781979131558007,False,0.0001648483833491,0.4163886382092158,0.4166311397436242,0.0112249172618098,0.3950178657460702,0.4166129843626235,0.4392903375969713,1.0008684322406527,0.9999883831222012,1.054072553045859,0.9557356745922905,676
2026-09-10,jaou7_7000c,2026-09-10,2027-09,call,70.0,9.86,812.0,0.0,0,22,0.0,72.91454545454543,-0.0407929031880152,12.60614080568396,12.606290416404764,12.66882358597524,12.599947704477396,12.040455789282792,12.605815556103778,13.19830857379139,-0.0001496107208041,2.746140805683961,2.746290416404765,2.80882358597524,2.7399477044773963,2.746140805683961,2.746290416404765,2.80882358597524,2.7399477044773963,False,0.0001496107208041,0.4163886382092158,0.4166311397436242,0.0112249172618098,0.3950178657460702,0.4166129843626235,0.4392903375969713,1.0008684322406527,0.9999883831222012,1.054072553045859,0.9557356745922905,676
2026-09-10,jaou7_7110c,2026-09-10,2027-09,call,71.1,9.3,5.0,0.0,0,22,0.0,72.91454545454543,-0.0252008084281791,12.135429293657095,12.135623320043646,12.19888541150638,12.129206482655349,11.563017220978208,12.13514291018608,12.734421722467744,-0.0001940263865485,2.8354292936570964,2.835623320043645,2.898885411506379,2.829206482655346,2.8354292936570964,2.835623320043645,2.898885411506379,2.829206482655346,False,0.0001940263865485,0.4163886382092158,0.4166311397436242,0.0112249172618098,0.3950178657460702,0.4166129843626235,0.4392903375969713,1.0008684322406527,0.9999883831222012,1.054072553045859,0.9557356745922905,676
2026-09-10,jaou7_7200c,2026-09-10,2027-09,call,72.0,8.85,143.0,0.0,0,22,0.0,72.91454545454543,-0.0126220262213189,11.76242218796656,11.762626180007253,11.826406282508486,11.75615681398507,11.185289974251662,11.76214183748442,12.366304715307434,-0.0002039920406922,2.912422187966559,2.9126261800072517,2.9764062825084867,2.90615681398507,2.912422187966559,2.9126261800072517,2.9764062825084867,2.90615681398507,False,0.0002039920406922,0.4163886382092158,0.4166311397436242,0.0112249172618098,0.3950178657460702,0.4166129843626235,0.4392903375969713,1.0008684322406527,0.9999883831222012,1.054072553045859,0.9557356745922905,676
2026-09-10,jaou7_7335c,2026-09-10,2027-09,call,73.35,8.22,10.0,0.0,0,22,0.0,72.91454545454543,0.0059543593516163,11.222636129012056,11.222842351722816,11.287265116659498,11.21630782299264,10.639662324774472,11.222353130658522,11.832604475294067,-0.0002062227107604,3.002636129012055,3.002842351722816,3.067265116659497,2.996307822992639,3.002636129012055,3.002842351722816,3.067265116659497,2.996307822992639,False,0.0002062227107604,0.4163886382092158,0.4166311397436242,0.0112249172618098,0.3950178657460702,0.4166129843626235,0.4392903375969713,1.0008684322406527,0.9999883831222012,1.054072553045859,0.9557356745922905,676
2026-09-10,jaou7_7400c,2026-09-10,2027-09,call,74.0,7.92,60.0,0.0,0,22,0.0,72.91454545454543,0.0147769479667954,10.970858840082576,10.971064814528374,11.035745330552457,10.964504169529668,10.38557508470769,10.9705736382154,11.583221051013378,-0.000205974445798,3.050858840082576,3.051064814528374,3.115745330552455,3.0445041695296684,3.050858840082576,3.051064814528374,3.115745330552455,3.0445041695296684,False,0.000205974445798,0.4163886382092158,0.4166311397436242,0.0112249172618098,0.3950178657460702,0.4166129843626235,0.4392903375969713,1.0008684322406527,0.9999883831222012,1.054072553045859,0.9557356745922905,676
2026-09-10,jaou7_7450c,2026-09-10,2027-09,call,74.5,7.7,152.0,0.0,0,22,0.0,72.91454545454543,0.0215109801481396,10.780540661052736,10.780745228228794,10.84558907173267,10.77416803012468,10.19377358847446,10.780252812633204,11.394476053093836,-0.0002045671760573,3.080540661052736,3.080745228228793,3.1455890717326698,3.0741680301246808,3.080540661052736,3.080745228228793,3.1455890717326698,3.0741680301246808,False,0.0002045671760573,0.4163886382092158,0.4166311397436242,0.0112249172618098,0.3950178657460702,0.4166129843626235,0.4392903375969713,1.0008684322406527,0.9999883831222012,1.054072553045859,0.9557356745922905,676
2026-09-10,jaou7_7500c,2026-09-10,2027-09,call,75.0,7.49,1215.0,0.0,0,22,0.0,72.91454545454543,0.0281999682989361,10.593086586112875,10.593273852003517,10.65827792677501,10.586680408925654,10.004936459853266,10.59278022019423,11.2085817590024,-0.0001872658906396,3.1030865861128767,3.1032738520035164,3.1682779267750103,3.096680408925653,3.1030865861128767,3.1032738520035164,3.1682779267750103,3.096680408925653,False,0.0001872658906396,0.4163886382092158,0.4166311397436242,0.0112249172618098,0.3950178657460702,0.4166129843626235,0.4392903375969713,1.0008684322406527,0.9999883831222012,1.054072553045859,0.9557356745922905,676
2026-09-10,jaou7_7542c,2026-09-10,2027-09,call,75.42,7.32,5.0,0.0,0,22,0.0,72.91454545454543,0.0337843465928369,10.437971612437924,10.438164398423435,10.503288540555534,10.431558768081548,9.848736990155867,10.437669854189314,11.05457086263214,-0.0001927859855097,3.117971612437925,3.118164398423435,3.183288540555534,3.1115587680815477,3.117971612437925,3.118164398423435,3.183288540555534,3.1115587680815477,False,0.0001927859855097,0.4163886382092158,0.4166311397436242,0.0112249172618098,0.3950178657460702,0.4166129843626235,0.4392903375969713,1.0008684322406527,0.9999883831222012,1.054072553045859,0.9557356745922905,676
2026-09-10,jaou7_7550c,2026-09-10,2027-09,call,75.5,7.28,12.0,0.0,0,22,0.0,72.91454545454543,0.0348445110176048,10.408649492524292,10.408840164661097,10.4739814536744,10.402232835840053,9.819249856136176,10.40834549326681,11.025435209326735,-0.0001906721368047,3.128649492524292,3.1288401646610966,3.193981453674401,3.1222328358400526,3.128649492524292,3.1288401646610966,3.193981453674401,3.1222328358400526,False,0.0001906721368047,0.4163886382092158,0.4166311397436242,0.0112249172618098,0.3950178657460702,0.4166129843626235,0.4392903375969713,1.0008684322406527,0.9999883831222012,1.054072553045859,0.9557356745922905,676
2026-09-10,jaou7_7600c,2026-09-10,2027-09,call,76.0,7.08,90.0,0.0,0,22,0.0,72.91454545454543,0.0414451950489568,10.226976289232704,10.227150167067371,10.29241272754444,10.220530551711168,9.63654742246834,10.226654575816111,10.844949339623216,-0.0001738778346691,3.146976289232704,3.147150167067373,3.212412727544441,3.1405305517111675,3.146976289232704,3.147150167067373,3.212412727544441,3.1405305517111675,False,0.0001738778346691,0.4163886382092158,0.4166311397436242,0.0112249172618098,0.3950178657460702,0.4166129843626235,0.4392903375969713,1.0008684322406527,0.9999883831222012,1.054072553045859,0.9557356745922905,676
2026-09-10,jaou7_7610c,2026-09-10,2027-09,call,76.1,7.04,30.0,0.0,0,22,0.0,72.91454545454543,0.0427601196302659,10.19098775425509,10.19115629897189,10.2564424017705,10.184534310173744,9.600359340594276,10.190660530027971,10.809182884035986,-0.0001685447168,3.15098775425509,3.15115629897189,3.216442401770501,3.144534310173744,3.15098775425509,3.15115629897189,3.216442401770501,3.144534310173744,False,0.0001685447168,0.4163886382092158,0.4166311397436242,0.0112249172618098,0.3950178657460702,0.4166129843626235,0.4392903375969713,1.0008684322406527,0.9999883831222012,1.054072553045859,0.9557356745922905,676
2026-09-10,jaou7_7705c,2026-09-10,2027-09,call,77.05,6.67,41.0,0.0,0,22,0.0,72.91454545454543,0.0551664165287504,9.85493027574451,9.85507221045304,9.920538761180852,9.848431994441984,9.26275157853091,9.854575076890972,10.47492187078025,-0.000141934708532,3.184930275744509,3.1850722104530416,3.2505387611808523,3.1784319944419845,3.184930275744509,3.1850722104530416,3.2505387611808523,3.1784319944419845,False,0.000141934708532,0.4163886382092158,0.4166311397436242,0.0112249172618098,0.3950178657460702,0.4166129843626235,0.4392903375969713,1.0008684322406527,0.9999883831222012,1.054072553045859,0.9557356745922905,676
2026-09-10,jaou7_7710c,2026-09-10,2027-09,call,77.1,6.65,13.0,0.0,0,22,0.0,72.91454545454543,0.0558151353319096,9.837519386939714,9.837657797093224,9.903131750459538,9.831016852238657,9.245278134141408,9.837160608964773,10.457593217103714,-0.0001384101535109,3.187519386939714,3.187657797093225,3.253131750459538,3.181016852238656,3.187519386939714,3.187657797093225,3.253131750459538,3.181016852238656,False,0.0001384101535109,0.4163886382092158,0.4166311397436242,0.0112249172618098,0.3950178657460702,0.4166129843626235,0.4392903375969713,1.0008684322406527,0.9999883831222012,1.054072553045859,0.9557356745922905,676
2026-09-10,jaou7_7725c,2026-09-10,2027-09,call,77.25,6.59,4.0,0.0,0,22,0.0,72.91454545454543,0.0577587705404806,9.78545842526612,9.78559298596704,9.85109139424343,9.778949559750489,9.193024528222123,9.78509561206627,10.405757742975222,-0.0001345607009195,3.19545842526612,3.195592985967039,3.2610913942434294,3.1889495597504887,3.19545842526612,3.195592985967039,3.2610913942434294,3.1889495597504887,False,0.0001345607009195,0.4163886382092158,0.4166311397436242,0.0112249172618098,0.3950178657460702,0.4166129843626235,0.4392903375969713,1.0008684322406527,0.9999883831222012,1.054072553045859,0.9557356745922905,676
2026-09-10,jaou7_5800p,2026-09-10,2027-09,put,58.0,3.16,30.0,0.0,0,22,0.0,72.91454545454543,-0.2288451346909549,4.65625386170978,4.655452812352652,4.705124767321816,4.650417118008356,4.209873582213178,4.655075804637436,5.129097644485887,0.0008010493571282,1.4962538617097805,1.495452812352652,1.5451247673218154,1.490417118008356,1.4962538617097805,1.495452812352652,1.5451247673218154,1.490417118008356,False,0.0008010493571282,0.4163886382092158,0.4166311397436242,0.0112249172618098,0.3950178657460702,0.4166129843626235,0.4392903375969713,1.0008684322406527,0.9999883831222012,1.054072553045859,0.9557356745922905,676
2026-09-10,jaou7_5900p,2026-09-10,2027-09,put,59.0,3.4,5.0,0.0,0,22,0.0,72.91454545454543,-0.2117507013316548,5.012153069287213,5.011472202165085,5.062691766654525,5.006278879755456,4.551630430619063,5.011083393297396,5.499147134655487,0.0006808671221278,1.612153069287213,1.6114722021650851,1.662691766654525,1.606278879755456,1.612153069287213,1.6114722021650851,1.662691766654525,1.606278879755456,False,0.0006808671221278,0.4163886382092158,0.4166311397436242,0.0112249172618098,0.3950178657460702,0.4166129843626235,0.4392903375969713,1.0008684322406527,0.9999883831222012,1.054072553045859,0.9557356745922905,676
2026-09-10,jaou7_6000p,2026-09-10,2027-09,put,60.0,3.65,1594.0,90.0,0,22,0.0,72.91454545454543,-0.1949435830152736,5.382799684470782,5.382270236681744,5.434916034165121,5.376931984750888,4.908812748375126,5.381870577364458,5.883028175076574,0.000529447789038,1.7327996844707818,1.7322702366817435,1.784916034165121,1.726931984750888,1.7327996844707818,1.7322702366817435,1.784916034165121,1.726931984750888,True,0.000529447789038,0.4163886382092158,0.4166311397436242,0.0112249172618098,0.3950178657460702,0.4166129843626235,0.4392903375969713,1.0008684322406527,0.9999883831222012,1.054072553045859,0.9557356745922905,676
2026-09-10,jaou7_6200p,2026-09-10,2027-09,put,62.0,4.2,44.0,0.0,0,22,0.0,72.91454545454543,-0.1621537601922827,6.167860764350032,6.167438702610869,6.222809293301814,6.161823860133519,5.668696597679612,6.167018335767896,6.693801772639294,0.0004220617391634,1.967860764350032,1.9674387026108688,2.0228092933018136,1.961823860133519,1.967860764350032,1.9674387026108688,2.0228092933018136,1.961823860133519,False,0.0004220617391634,0.4163886382092158,0.4166311397436242,0.0112249172618098,0.3950178657460702,0.4166129843626235,0.4392903375969713,1.0008684322406527,0.9999883831222012,1.054072553045859,0.9557356745922905,676
2026-09-10,jaou7_6420p,2026-09-10,2027-09,put,64.2,4.88,6.0,0.0,0,22,0.0,72.91454545454543,-0.1272849345414586,7.10090129442155,7.100691333258175,7.158855263107003,7.09479277385528,6.575989442275791,7.100249725358349,7.6524890436224355,0.0002099611633745,2.22090129442155,2.2206913332581752,2.278855263107003,2.2147927738552804,2.22090129442155,2.2206913332581752,2.278855263107003,2.2147927738552804,False,0.0002099611633745,0.4163886382092158,0.4166311397436242,0.0112249172618098,0.3950178657460702,0.4166129843626235,0.4392903375969713,1.0008684322406527,0.9999883831222012,1.054072553045859,0.9557356745922905,676
2026-09-10,jaou7_6500p,2026-09-10,2027-09,put,65.0,5.15,1008.0,220.0,0,22,0.0,72.91454545454543,-0.1149008753417371,7.457974708090491,7.457848226550935,7.516866841314407,7.451862888485883,6.9249216261021935,7.457400121786343,8.01749947639297,0.0001264815395565,2.307974708090491,2.3078482265509344,2.3668668413144065,2.301862888485883,2.307974708090491,2.3078482265509344,2.3668668413144065,2.301862888485883,True,0.0001264815395565,0.4163886382092158,0.4166311397436242,0.0112249172618098,0.3950178657460702,0.4166129843626235,0.4392903375969713,1.0008684322406527,0.9999883831222012,1.054072553045859,0.9557356745922905,676
2026-09-10,jaou7_6750p,2026-09-10,2027-09,put,67.5,6.05,10.0,0.0,0,22,0.0,72.91454545454543,-0.0771605473588901,8.631298629202556,8.63130494316663,8.692750087325846,8.625072966212885,8.075879319265374,8.630838373269416,9.213559917095068,-6.313964073356715e-06,2.581298629202556,2.581304943166629,2.6427500873258465,2.5750729662128853,2.581298629202556,2.581304943166629,2.6427500873258465,2.5750729662128853,False,6.313964073356715e-06,0.4163886382092158,0.4166311397436242,0.0112249172618098,0.3950178657460702,0.4166129843626235,0.4392903375969713,1.0008684322406527,0.9999883831222012,1.054072553045859,0.9557356745922905,676
2026-09-10,jaou7_6800p,2026-09-10,2027-09,put,68.0,6.25,60.0,0.0,0,22,0.0,72.91454545454543,-0.0697804400612675,8.876522038939118,8.876580052380197,8.938450585381144,8.870304735256491,8.31715157944911,8.876110237731151,9.462674881689596,-5.801344107858597e-05,2.626522038939118,2.6265800523801968,2.688450585381144,2.620304735256491,2.626522038939118,2.6265800523801968,2.688450585381144,2.620304735256491,False,5.801344107858597e-05,0.4163886382092158,0.4166311397436242,0.0112249172618098,0.3950178657460702,0.4166129843626235,0.4392903375969713,1.0008684322406527,0.9999883831222012,1.054072553045859,0.9557356745922905,676
2026-09-10,jaou7_6900p,2026-09-10,2027-09,put,69.0,6.65,175.0,0.0,0,22,0.0,72.91454545454543,-0.0551816406401148,9.376927973123806,9.377009364535205,9.439646119039248,9.370656402487326,8.810470555610097,9.376533736837656,9.970240039861247,-8.139141139729134e-05,2.7269279731238054,2.7270093645352027,2.789646119039247,2.720656402487325,2.7269279731238054,2.7270093645352027,2.789646119039247,2.720656402487325,False,8.139141139729134e-05,0.4163886382092158,0.4166311397436242,0.0112249172618098,0.3950178657460702,0.4166129843626235,0.4392903375969713,1.0008684322406527,0.9999883831222012,1.054072553045859,0.9557356745922905,676
2026-09-10,jaou7_7000p,2026-09-10,2027-09,put,70.0,7.08,714.0,8.0,0,22,0.0,72.91454545454543,-0.0407929031880152,9.89042526563781,9.890520115094526,9.953869968700216,9.884094729977557,9.3175208535302,9.890039065293504,10.490489045170367,-9.48494567154512e-05,2.810425265637811,2.8105201150945263,2.873869968700216,2.804094729977555,2.810425265637811,2.8105201150945263,2.873869968700216,2.804094729977555,True,9.48494567154512e-05,0.4163886382092158,0.4166311397436242,0.0112249172618098,0.3950178657460702,0.4166129843626235,0.4392903375969713,1.0008684322406527,0.9999883831222012,1.054072553045859,0.9557356745922905,676
2026-09-10,jaou7_7400p,2026-09-10,2027-09,put,74.0,8.97,175.0,0.0,0,22,0.0,72.91454545454543,0.0147769479667954,12.078085998405584,12.078237211587298,12.143734411646593,12.071593893398989,11.485582847324263,12.077739845774287,12.698344220761514,-0.0001512131817129,3.108085998405585,3.108237211587298,3.173734411646592,3.101593893398988,3.108085998405585,3.108237211587298,3.173734411646592,3.101593893398988,False,0.0001512131817129,0.4163886382092158,0.4166311397436242,0.0112249172618098,0.3950178657460702,0.4166129843626235,0.4392903375969713,1.0008684322406527,0.9999883831222012,1.054072553045859,0.9557356745922905,676
2026-09-10,jaou7_7450p,2026-09-10,2027-09,put,74.5,9.23,152.0,0.0,0,22,0.0,72.91454545454543,0.0215109801481396,12.365635656671891,12.365785462583863,12.431445990122956,12.359125591290146,11.771649188387174,12.365286857488238,12.987467060138115,-0.0001498059119722,3.135635656671891,3.135785462583863,3.201445990122956,3.129125591290146,3.135635656671891,3.135785462583863,3.201445990122956,3.129125591290146,False,0.0001498059119722,0.4163886382092158,0.4166311397436242,0.0112249172618098,0.3950178657460702,0.4166129843626235,0.4392903375969713,1.0008684322406527,0.9999883831222012,1.054072553045859,0.9557356745922905,676
2026-09-10,jaou7_7500p,2026-09-10,2027-09,put,75.0,9.49,10.0,0.0,0,22,0.0,72.91454545454543,0.0281999682989361,12.65604941902818,12.656181923654731,12.722002682461442,12.649505807387264,12.060679897062128,12.65568210234541,13.27944060334283,-0.0001325046265527,3.1660494190281785,3.1661819236547317,3.2320026824614416,3.159505807387264,3.1660494190281785,3.1661819236547317,3.2320026824614416,3.159505807387264,False,0.0001325046265527,0.4163886382092158,0.4166311397436242,0.0112249172618098,0.3950178657460702,0.4166129843626235,0.4392903375969713,1.0008684322406527,0.9999883831222012,1.054072553045859,0.9557356745922905,676
2026-09-11,jaou7_6820c,2026-09-11,2027-09,call,68.2,10.8,30.0,0.0,0,22,0.0,72.87727272727271,-0.0663322659870591,13.362681665708031,13.362795560162231,13.32311032998316,13.358900802259148,12.815342999186326,13.356476290766691,13.944815049979765,-0.000113894454202,2.5626816657080305,2.5627955601622325,2.52311032998316,2.5589008022591475,2.5626816657080305,2.5627955601622325,2.52311032998316,2.5589008022591475,False,0.000113894454202,0.4163501821897206,0.4165026203486327,0.0112660826884411,0.3950933991520158,0.4162552884691434,0.4393005094618045,1.0004450325230752,1.000271294525296,1.051334702258727,0.9551525859319672,677
2026-09-11,jaou7_6825c,2026-09-11,2027-09,call,68.25,10.77,15.0,0.0,0,22,0.0,72.87727272727271,-0.0655993967714064,13.339761120511575,13.339875328681153,13.300161039814716,13.335977718922306,12.792061580892437,13.333551432131554,13.9222550931481,-0.0001142081695739,2.5697611205115773,2.5698753286811518,2.5301610398147165,2.5659777189223067,2.5697611205115773,2.5698753286811518,2.5301610398147165,2.5659777189223067,False,0.0001142081695739,0.4163501821897206,0.4165026203486327,0.0112660826884411,0.3950933991520158,0.4162552884691434,0.4393005094618045,1.0004450325230752,1.000271294525296,1.051334702258727,0.9551525859319672,677
2026-09-11,jaou7_6860c,2026-09-11,2027-09,call,68.6,10.57,21.0,0.0,0,22,0.0,72.87727272727271,-0.0604842961046361,13.18023699396088,13.180383827567956,13.140491916494444,13.176468785744548,12.63009112247651,13.17403164738306,13.76524109511179,-0.0001468336070775,2.6102369939608785,2.610383827567956,2.5704919164944435,2.6064687857445463,2.6102369939608785,2.610383827567956,2.5704919164944435,2.6064687857445463,False,0.0001468336070775,0.4163501821897206,0.4165026203486327,0.0112660826884411,0.3950933991520158,0.4162552884691434,0.4393005094618045,1.0004450325230752,1.000271294525296,1.051334702258727,0.9551525859319672,677
2026-09-11,jaou7_6900c,2026-09-11,2027-09,call,69.0,10.36,30.0,0.0,0,22,0.0,72.87727272727271,-0.0546703262392161,12.999876932923923,13.000013744664852,12.959932172232056,12.996080089239488,12.447040479439409,12.993631363792751,13.587687100437654,-0.0001368117409263,2.639876932923926,2.640013744664852,2.599932172232057,2.6360800892394884,2.639876932923926,2.640013744664852,2.599932172232057,2.6360800892394884,False,0.0001368117409263,0.4163501821897206,0.4165026203486327,0.0112660826884411,0.3950933991520158,0.4162552884691434,0.4393005094618045,1.0004450325230752,1.000271294525296,1.051334702258727,0.9551525859319672,677
2026-09-11,jaou7_6905c,2026-09-11,2027-09,call,69.05,10.33,4.0,0.0,0,22,0.0,72.87727272727271,-0.0539459509811745,12.977478635541608,12.97761939024225,12.93751227595024,12.97368322810702,12.424315971873437,12.971232942217496,13.565626767758058,-0.0001407547006415,2.647478635541608,2.64761939024225,2.6075122759502385,2.6436832281070206,2.647478635541608,2.64761939024225,2.6075122759502385,2.6436832281070206,False,0.0001407547006415,0.4163501821897206,0.4165026203486327,0.0112660826884411,0.3950933991520158,0.4162552884691434,0.4393005094618045,1.0004450325230752,1.000271294525296,1.051334702258727,0.9551525859319672,677
2026-09-11,jaou7_6930c,2026-09-11,2027-09,call,69.3,10.19,7.0,0.0,0,22,0.0,72.87727272727271,-0.0503319246406181,12.86597945742622,12.866145330706695,12.825922702309985,12.8621978318734,12.31118918079942,12.859740488817444,13.455808889782556,-0.0001658732804781,2.6759794574262195,2.6761453307066976,2.635922702309985,2.672197831873401,2.6759794574262195,2.6761453307066976,2.635922702309985,2.672197831873401,False,0.0001658732804781,0.4163501821897206,0.4165026203486327,0.0112660826884411,0.3950933991520158,0.4162552884691434,0.4393005094618045,1.0004450325230752,1.000271294525296,1.051334702258727,0.9551525859319672,677
2026-09-11,jaou7_7000c,2026-09-11,2027-09,call,70.0,9.82,812.0,0.0,0,22,0.0,72.87727272727271,-0.0402815887871166,12.558171920255797,12.558322652584778,12.517780071123015,12.554343753159296,11.998968470982565,12.55186686303558,13.152757038004482,-0.0001507323289811,2.7381719202557964,2.738322652584777,2.697780071123015,2.734343753159296,2.7381719202557964,2.738322652584777,2.697780071123015,2.734343753159296,False,0.0001507323289811,0.4163501821897206,0.4165026203486327,0.0112660826884411,0.3950933991520158,0.4162552884691434,0.4393005094618045,1.0004450325230752,1.000271294525296,1.051334702258727,0.9551525859319672,677
2026-09-11,jaou7_7110c,2026-09-11,2027-09,call,71.1,9.26,5.0,0.0,0,22,0.0,72.87727272727271,-0.0246894940272804,12.088080142164486,12.08827506978738,12.047261060116949,12.084249903810507,11.522249639859252,12.081744212465164,12.689490368312695,-0.0001949276228927,2.8280801421644863,2.828275069787379,2.7872610601169487,2.824249903810508,2.8280801421644863,2.828275069787379,2.7872610601169487,2.824249903810508,False,0.0001949276228927,0.4163501821897206,0.4165026203486327,0.0112660826884411,0.3950933991520158,0.4162552884691434,0.4393005094618045,1.0004450325230752,1.000271294525296,1.051334702258727,0.9551525859319672,677
2026-09-11,jaou7_7200c,2026-09-11,2027-09,call,72.0,8.82,143.0,0.0,0,22,0.0,72.87727272727271,-0.0121107118204203,11.71558769939756,11.715791145649597,11.674442390534727,11.711733127338006,11.145114108396188,11.709206985205972,12.321888930513488,-0.0002034462520352,2.895587699397561,2.8957911456495964,2.8544423905347287,2.8917331273380054,2.895587699397561,2.8957911456495964,2.8544423905347287,2.8917331273380054,False,0.0002034462520352,0.4163501821897206,0.4165026203486327,0.0112660826884411,0.3950933991520158,0.4162552884691434,0.4393005094618045,1.0004450325230752,1.000271294525296,1.051334702258727,0.9551525859319672,677
2026-09-11,jaou7_7335c,2026-09-11,2027-09,call,73.35,8.19,10.0,0.0,0,22,0.0,72.87727272727271,0.0064656737525151,11.176583975064853,11.17678768385434,11.135024163897212,11.172688960004692,10.600374953935416,11.170137478417091,11.7889602931161,-0.0002037087894866,2.9865839750648533,2.98678768385434,2.9450241638972123,2.982688960004694,2.9865839750648533,2.98678768385434,2.9450241638972123,2.982688960004694,False,0.0002037087894866,0.4163501821897206,0.4165026203486327,0.0112660826884411,0.3950933991520158,0.4162552884691434,0.4393005094618045,1.0004450325230752,1.000271294525296,1.051334702258727,0.9551525859319672,677
2026-09-11,jaou7_7400c,2026-09-11,2027-09,call,74.0,7.9,60.0,0.0,0,22,0.0,72.87727272727271,0.015288262367694,10.92518429107738,10.92539094801714,10.883461176884394,10.921275908070117,10.346714520356164,10.918714269608431,11.539939781398934,-0.0002066569397598,3.0251842910773803,3.02539094801714,2.983461176884393,3.0212759080701144,3.0251842910773803,3.02539094801714,2.983461176884393,3.0212759080701144,False,0.0002066569397598,0.4163501821897206,0.4165026203486327,0.0112660826884411,0.3950933991520158,0.4162552884691434,0.4393005094618045,1.0004450325230752,1.000271294525296,1.051334702258727,0.9551525859319672,677
2026-09-11,jaou7_7450c,2026-09-11,2027-09,call,74.5,7.68,152.0,0.0,0,22,0.0,72.87727272727271,0.0220222945490383,10.735150522692628,10.735353577141286,10.693318997758343,10.731228251182085,10.155227957095692,10.7286602096126,11.35147317823741,-0.0002030544486579,3.055150522692628,3.055353577141286,3.013318997758345,3.051228251182085,3.055150522692628,3.055353577141286,3.013318997758345,3.051228251182085,False,0.0002030544486579,0.4163501821897206,0.4165026203486327,0.0112660826884411,0.3950933991520158,0.4162552884691434,0.4393005094618045,1.0004450325230752,1.000271294525296,1.051334702258727,0.9551525859319672,677
2026-09-11,jaou7_7500c,2026-09-11,2027-09,call,75.0,7.47,1215.0,0.0,0,22,0.0,72.87727272727271,0.0287112826998349,10.54799213325021,10.548178646890522,10.50604166308808,10.544043270834084,9.966707578157065,10.541468973015338,11.16587590707296,-0.0001865136403118,3.07799213325021,3.078178646890522,3.0360416630880804,3.074043270834085,3.07799213325021,3.078178646890522,3.0360416630880804,3.074043270834085,False,0.0001865136403118,0.4163501821897206,0.4165026203486327,0.0112660826884411,0.3950933991520158,0.4162552884691434,0.4393005094618045,1.0004450325230752,1.000271294525296,1.051334702258727,0.9551525859319672,677
2026-09-11,jaou7_7542c,2026-09-11,2027-09,call,75.42,7.29,5.0,0.0,0,22,0.0,72.87727272727271,0.0342956609937354,10.393126162299268,10.393319349249916,10.351106275153292,10.389176505597266,9.810792480057517,10.38659755915252,11.012093195822889,-0.0001931869506481,3.103126162299268,3.103319349249916,3.061106275153292,3.099176505597266,3.103126162299268,3.103319349249916,3.061106275153292,3.099176505597266,False,0.0001931869506481,0.4163501821897206,0.4165026203486327,0.0112660826884411,0.3950933991520158,0.4162552884691434,0.4393005094618045,1.0004450325230752,1.000271294525296,1.051334702258727,0.9551525859319672,677
2026-09-11,jaou7_7550c,2026-09-11,2027-09,call,75.5,7.26,12.0,0.0,0,22,0.0,72.87727272727271,0.0353558254185035,10.363848806420114,10.364037218400188,10.321812446757145,10.359893226735766,9.781354300686724,10.357313565646413,10.98300207112804,-0.0001884119800728,3.103848806420114,3.1040372184001868,3.061812446757145,3.099893226735766,3.103848806420114,3.1040372184001868,3.061812446757145,3.099893226735766,False,0.0001884119800728,0.4163501821897206,0.4165026203486327,0.0112660826884411,0.3950933991520158,0.4162552884691434,0.4393005094618045,1.0004450325230752,1.000271294525296,1.051334702258727,0.9551525859319672,677
2026-09-11,jaou7_7600c,2026-09-11,2027-09,call,76.0,7.06,90.0,0.0,0,22,0.0,72.87727272727271,0.0419565094498555,10.182472067534174,10.182644623242435,10.140342677016235,10.178493057568332,9.59896408100629,10.175908681609922,10.802809695749929,-0.0001725557082625,3.122472067534175,3.1226446232424374,3.080342677016236,3.1184930575683323,3.122472067534175,3.1226446232424374,3.080342677016236,3.1184930575683323,False,0.0001725557082625,0.4163501821897206,0.4165026203486327,0.0112660826884411,0.3950933991520158,0.4162552884691434,0.4393005094618045,1.0004450325230752,1.000271294525296,1.051334702258727,0.9551525859319672,677
2026-09-11,jaou7_7610c,2026-09-11,2027-09,call,76.1,7.02,30.0,0.0,0,22,0.0,72.87727272727271,0.0432714340311644,10.146544272206352,10.146712984664635,10.104396021297742,10.142559945189646,9.562845308638009,10.13997465178084,10.76710357195457,-0.0001687124582847,3.126544272206353,3.1267129846646373,3.084396021297742,3.1225599451896464,3.126544272206353,3.1267129846646373,3.084396021297742,3.1225599451896464,False,0.0001687124582847,0.4163501821897206,0.4165026203486327,0.0112660826884411,0.3950933991520158,0.4162552884691434,0.4393005094618045,1.0004450325230752,1.000271294525296,1.051334702258727,0.9551525859319672,677
2026-09-11,jaou7_7705c,2026-09-11,2027-09,call,77.05,6.65,41.0,0.0,0,22,0.0,72.87727272727271,0.055677730929649,9.811064904942246,9.811203968268057,9.76877244610629,9.807039685850295,9.225863301269156,9.80444739363832,10.433399395073362,-0.0001390633258111,3.161064904942245,3.1612039682680564,3.1187724461062896,3.1570396858502967,3.161064904942245,3.1612039682680564,3.1187724461062896,3.1570396858502967,False,0.0001390633258111,0.4163501821897206,0.4165026203486327,0.0112660826884411,0.3950933991520158,0.4162552884691434,0.4393005094618045,1.0004450325230752,1.000271294525296,1.051334702258727,0.9551525859319672,677
2026-09-11,jaou7_7710c,2026-09-11,2027-09,call,77.1,6.63,13.0,0.0,0,22,0.0,72.87727272727271,0.056326449732808,9.793684932582437,9.793820717992414,9.751383730748987,9.789655899224735,9.208421308752929,9.787063273131531,10.41610048059948,-0.000135785409979,3.163684932582435,3.1638207179924143,3.121383730748989,3.1596558992247354,3.163684932582435,3.1638207179924143,3.121383730748989,3.1596558992247354,False,0.000135785409979,0.4163501821897206,0.4165026203486327,0.0112660826884411,0.3950933991520158,0.4162552884691434,0.4393005094618045,1.0004450325230752,1.000271294525296,1.051334702258727,0.9551525859319672,677
2026-09-11,jaou7_7725c,2026-09-11,2027-09,call,77.25,6.58,4.0,0.0,0,22,0.0,72.87727272727271,0.0582700849413791,9.741717706398717,9.741851430809763,9.699400328905396,9.737685226811688,9.156267856917763,9.735091738403778,10.36434964167934,-0.0001337244110484,3.161717706398715,3.1618514308097634,3.119400328905396,3.1576852268116866,3.161717706398715,3.1618514308097634,3.119400328905396,3.1576852268116866,False,0.0001337244110484,0.4163501821897206,0.4165026203486327,0.0112660826884411,0.3950933991520158,0.4162552884691434,0.4393005094618045,1.0004450325230752,1.000271294525296,1.051334702258727,0.9551525859319672,677
2026-09-11,jaou7_5800p,2026-09-11,2027-09,put,58.0,3.15,30.0,0.0,0,22,0.0,72.87727272727271,-0.2283338202900563,4.646879976413,4.646074540842514,4.613882978940618,4.64291522087475,4.205553035697102,4.640948524160654,5.121686478330344,0.000805435570486,1.4968799764130003,1.4960745408425145,1.4638829789406178,1.49291522087475,1.4968799764130003,1.4960745408425145,1.4638829789406178,1.49291522087475,False,0.000805435570486,0.4163501821897206,0.4165026203486327,0.0112660826884411,0.3950933991520158,0.4162552884691434,0.4393005094618045,1.0004450325230752,1.000271294525296,1.051334702258727,0.9551525859319672,677
2026-09-11,jaou7_5900p,2026-09-11,2027-09,put,59.0,3.39,5.0,0.0,0,22,0.0,72.87727272727271,-0.2112393869307562,5.002556437118076,5.0018727394110485,4.96867370578941,4.9986145449142745,4.547243231443941,4.996586298178879,5.491581616953821,0.0006836977070276,1.612556437118076,1.6118727394110484,1.5786737057894098,1.6086145449142744,1.612556437118076,1.6118727394110484,1.5786737057894098,1.6086145449142744,False,0.0006836977070276,0.4163501821897206,0.4165026203486327,0.0112660826884411,0.3950933991520158,0.4162552884691434,0.4393005094618045,1.0004450325230752,1.000271294525296,1.051334702258727,0.9551525859319672,677
2026-09-11,jaou7_6000p,2026-09-11,2027-09,put,60.0,3.65,1594.0,0.0,0,22,0.0,72.87727272727271,-0.1944322686143748,5.372997425878451,5.372467400675716,5.33834173871189,5.369118265719666,4.904372167096722,5.367033407971691,5.875313457569909,0.0005300252027353,1.7229974258784515,1.722467400675716,1.6883417387118898,1.7191182657196662,1.7229974258784515,1.722467400675716,1.6883417387118898,1.7191182657196662,False,0.0005300252027353,0.4163501821897206,0.4165026203486327,0.0112660826884411,0.3950933991520158,0.4162552884691434,0.4393005094618045,1.0004450325230752,1.000271294525296,1.051334702258727,0.9551525859319672,677
2026-09-11,jaou7_6200p,2026-09-11,2027-09,put,62.0,4.2,44.0,0.0,0,22,0.0,72.87727272727271,-0.161642445791384,6.1576978666293085,6.157273767268178,6.121379028878473,6.15375101294896,5.664177915385603,6.151558076046443,6.685841142455124,0.0004240993611306,1.9576978666293083,1.9572737672681777,1.921379028878473,1.95375101294896,1.9576978666293083,1.9572737672681777,1.921379028878473,1.95375101294896,False,0.0004240993611306,0.4163501821897206,0.4165026203486327,0.0112660826884411,0.3950933991520158,0.4162552884691434,0.4393005094618045,1.0004450325230752,1.000271294525296,1.051334702258727,0.9551525859319672,677
2026-09-11,jaou7_6420p,2026-09-11,2027-09,put,64.2,4.88,6.0,0.0,0,22,0.0,72.87727272727271,-0.12677362014056,7.0904249818494645,7.090216834248063,7.052509433494024,7.086516182987407,6.571461074483803,7.084212504110749,7.644308431845232,0.0002081476014019,2.210424981849465,2.2102168342480626,2.172509433494024,2.206516182987407,2.210424981849465,2.2102168342480626,2.172509433494024,2.206516182987407,False,0.0002081476014019,0.4163501821897206,0.4165026203486327,0.0112660826884411,0.3950933991520158,0.4162552884691434,0.4393005094618045,1.0004450325230752,1.000271294525296,1.051334702258727,0.9551525859319672,677
2026-09-11,jaou7_6500p,2026-09-11,2027-09,put,65.0,5.15,1008.0,0.0,0,22,0.0,72.87727272727271,-0.1143895609408384,7.447398996226772,7.447272945713164,7.4090094764413,7.443517721195791,6.9204039336889895,7.44118007012076,8.009244923244813,0.0001260505136082,2.297398996226772,2.2972729457131638,2.2590094764413,2.2935177211957907,2.297398996226772,2.2972729457131638,2.2590094764413,2.2935177211957907,False,0.0001260505136082,0.4163501821897206,0.4165026203486327,0.0112660826884411,0.3950933991520158,0.4162552884691434,0.4393005094618045,1.0004450325230752,1.000271294525296,1.051334702258727,0.9551525859319672,677
2026-09-11,jaou7_6750p,2026-09-11,2027-09,put,67.5,6.05,10.0,0.0,0,22,0.0,72.87727272727271,-0.0766492329579915,8.620488252934878,8.620495016635102,8.580657603868833,8.616585323343422,8.071403459597526,8.614151514476855,9.205138543972264,-6.763700223899605e-06,2.5704882529348785,2.5704950166351024,2.530657603868833,2.566585323343422,2.5704882529348785,2.5704950166351024,2.530657603868833,2.566585323343422,False,6.763700223899605e-06,0.4163501821897206,0.4165026203486327,0.0112660826884411,0.3950933991520158,0.4162552884691434,0.4393005094618045,1.0004450325230752,1.000271294525296,1.051334702258727,0.9551525859319672,677
2026-09-11,jaou7_6800p,2026-09-11,2027-09,put,68.0,6.25,60.0,0.0,0,22,0.0,72.87727272727271,-0.0692691256603688,8.865672454090923,8.865731370919805,8.825617722827241,8.861794567549254,8.312693851122567,8.859343882486677,9.454224658340662,-5.8916828882260575e-05,2.615672454090923,2.6157313709198053,2.575617722827241,2.611794567549253,2.615672454090923,2.6157313709198053,2.575617722827241,2.611794567549253,False,5.8916828882260575e-05,0.4163501821897206,0.4165026203486327,0.0112660826884411,0.3950933991520158,0.4162552884691434,0.4393005094618045,1.0004450325230752,1.000271294525296,1.051334702258727,0.9551525859319672,677
2026-09-11,jaou7_6900p,2026-09-11,2027-09,put,69.0,6.65,175.0,0.0,0,22,0.0,72.87727272727271,-0.0546703262392161,9.366006687648246,9.36608854315024,9.32547950755698,9.362103121833549,8.806045740786836,9.359622171791194,9.961729795409225,-8.185550199257818e-05,2.716006687648246,2.7160885431502386,2.6754795075569806,2.7121031218335467,2.716006687648246,2.7160885431502386,2.6754795075569806,2.7121031218335467,False,8.185550199257818e-05,0.4163501821897206,0.4165026203486327,0.0112660826884411,0.3950933991520158,0.4162552884691434,0.4393005094618045,1.0004450325230752,1.000271294525296,1.051334702258727,0.9551525859319672,677
2026-09-11,jaou7_7000p,2026-09-11,2027-09,put,70.0,7.08,714.0,0.0,0,22,0.0,72.87727272727271,-0.0402815887871166,9.879454260912086,9.879550037002131,9.838479992379906,9.87551937168532,9.31312631826196,9.87301025696599,10.481952318908016,-9.577609004729482e-05,2.7994542609120856,2.799550037002133,2.7584799923799057,2.7955193716853213,2.7994542609120856,2.799550037002133,2.7584799923799057,2.7955193716853213,False,9.577609004729482e-05,0.4163501821897206,0.4165026203486327,0.0112660826884411,0.3950933991520158,0.4162552884691434,0.4393005094618045,1.0004450325230752,1.000271294525296,1.051334702258727,0.9551525859319672,677
2026-09-11,jaou7_7400p,2026-09-11,2027-09,put,74.0,8.98,175.0,0.0,0,22,0.0,72.87727272727271,0.015288262367694,12.06707697546154,12.067228676162362,12.02477144186915,12.063061870324006,11.481482711363428,12.06046800726671,12.689745406030337,-0.0001517007008224,3.087076975461539,3.0872286761623613,3.04477144186915,3.0830618703240056,3.087076975461539,3.0872286761623613,3.04477144186915,3.0830618703240056,False,0.0001517007008224,0.4163501821897206,0.4165026203486327,0.0112660826884411,0.3950933991520158,0.4162552884691434,0.4393005094618045,1.0004450325230752,1.000271294525296,1.051334702258727,0.9551525859319672,677
2026-09-11,jaou7_7450p,2026-09-11,2027-09,put,74.5,9.24,152.0,0.0,0,22,0.0,72.87727272727271,0.0220222945490383,12.35461950004277,12.35476759825249,12.312205555709086,12.35059050640196,11.76757244106894,12.34799024023686,12.978855095834795,-0.0001480982097206,3.114619500042769,3.11476759825249,3.072205555709086,3.110590506401961,3.114619500042769,3.11476759825249,3.072205555709086,3.110590506401961,False,0.0001480982097206,0.4163501821897206,0.4165026203486327,0.0112660826884411,0.3950933991520158,0.4162552884691434,0.4393005094618045,1.0004450325230752,1.000271294525296,1.051334702258727,0.9551525859319672,677
2026-09-11,jaou7_7500p,2026-09-11,2027-09,put,75.0,9.5,10.0,0.0,0,22,0.0,72.87727272727271,0.0287112826998349,12.645037403566333,12.64516896096771,12.602504514004806,12.640981819019943,12.056628355096295,12.638375296605584,13.270834117636328,-0.000131557401378,3.1450374035663327,3.1451689609677107,3.1025045140048064,3.140981819019945,3.1450374035663327,3.1451689609677107,3.1025045140048064,3.140981819019945,False,0.000131557401378,0.4163501821897206,0.4165026203486327,0.0112660826884411,0.3950933991520158,0.4162552884691434,0.4393005094618045,1.0004450325230752,1.000271294525296,1.051334702258727,0.9551525859319672,677
2026-09-14,jaou7_6820c,2026-09-14,2027-09,call,68.2,10.81,30.0,0.0,0,22,0.0,73.04500000000002,-0.0686311247350611,13.421860159742309,13.421971161461984,13.400492239011571,13.414175498670703,12.877040279291457,13.416517759578156,13.999459896529414,-0.0001110017196737,2.6118601597423083,2.611971161461982,2.590492239011573,2.6041754986707044,2.6118601597423083,2.611971161461982,2.590492239011573,2.6041754986707044,False,0.0001110017196737,0.4161159230664407,0.4164221067765169,0.0112194065737555,0.3950322438257023,0.4162079180839025,0.4391227072678588,1.0002431577736233,1.000157334885825,1.0431211498973305,0.9553186398253632,678
2026-09-14,jaou7_6825c,2026-09-14,2027-09,call,68.25,10.79,15.0,0.0,0,22,0.0,73.04500000000002,-0.0678982555194084,13.398800999086154,13.39891399942242,13.377421130748797,13.39111327492222,12.853608596822774,13.393457056655194,13.97677819974668,-0.000113000336265,2.6088009990861547,2.60891399942242,2.587421130748797,2.60111327492222,2.6088009990861547,2.60891399942242,2.587421130748797,2.60111327492222,False,0.000113000336265,0.4161159230664407,0.4164221067765169,0.0112194065737555,0.3950322438257023,0.4162079180839025,0.4391227072678588,1.0002431577736233,1.000157334885825,1.0431211498973305,0.9553186398253632,678
2026-09-14,jaou7_6860c,2026-09-14,2027-09,call,68.6,10.59,21.0,0.0,0,22,0.0,73.04500000000002,-0.0627831548526381,13.238317857413652,13.238441721502667,13.21685102904023,13.23060549236892,12.690609999580268,13.232959941715082,13.818818853717804,-0.0001238640890157,2.648317857413653,2.648441721502669,2.62685102904023,2.640605492368921,2.648317857413653,2.648441721502669,2.62685102904023,2.640605492368921,False,0.0001238640890157,0.4161159230664407,0.4164221067765169,0.0112194065737555,0.3950322438257023,0.4162079180839025,0.4391227072678588,1.0002431577736233,1.000157334885825,1.0431211498973305,0.9553186398253632,678
2026-09-14,jaou7_6900c,2026-09-14,2027-09,call,69.0,10.37,30.0,0.0,0,22,0.0,73.04500000000002,-0.0569691849872182,13.056877910702609,13.057027228249437,13.035334632409237,13.04915401381663,12.506420416440768,13.05151957565219,13.640212110075849,-0.0001493175468265,2.6868779107026093,2.687027228249436,2.665334632409237,2.67915401381663,2.6868779107026093,2.687027228249436,2.665334632409237,2.67915401381663,False,0.0001493175468265,0.4161159230664407,0.4164221067765169,0.0112194065737555,0.3950322438257023,0.4162079180839025,0.4391227072678588,1.0002431577736233,1.000157334885825,1.0431211498973305,0.9553186398253632,678
2026-09-14,jaou7_6905c,2026-09-14,2027-09,call,69.05,10.34,4.0,0.0,0,22,0.0,73.04500000000002,-0.0562448097291765,13.03434403821934,13.034486794675107,13.01278137499177,13.02660892589537,12.483557862870445,13.02897588616172,13.618026928304795,-0.0001427564557694,2.69434403821934,2.694486794675109,2.6727813749917697,2.6866089258953707,2.69434403821934,2.694486794675109,2.6727813749917697,2.6866089258953707,False,0.0001427564557694,0.4161159230664407,0.4164221067765169,0.0112194065737555,0.3950322438257023,0.4162079180839025,0.4391227072678588,1.0002431577736233,1.000157334885825,1.0431211498973305,0.9553186398253632,678
2026-09-14,jaou7_6930c,2026-09-14,2027-09,call,69.3,10.21,7.0,0.0,0,22,0.0,73.04500000000002,-0.0526307833886201,12.922166168150332,12.922309282435371,12.900534516099658,12.914406244650118,12.36975269278384,12.916780767118588,13.507540599497167,-0.0001431142850378,2.7121661681503326,2.7123092824353705,2.6905345160996568,2.7044062446501176,2.7121661681503326,2.7123092824353705,2.6905345160996568,2.7044062446501176,False,0.0001431142850378,0.4161159230664407,0.4164221067765169,0.0112194065737555,0.3950322438257023,0.4162079180839025,0.4391227072678588,1.0002431577736233,1.000157334885825,1.0431211498973305,0.9553186398253632,678
2026-09-14,jaou7_7000c,2026-09-14,2027-09,call,70.0,9.83,812.0,0.0,0,22,0.0,73.04500000000002,-0.0425804475351186,12.612435128460232,12.612576466794335,12.59062833893676,12.604610508349609,12.055590699081971,12.60700393576624,13.202532970085825,-0.0001413383341049,2.782435128460232,2.782576466794337,2.76062833893676,2.774610508349607,2.782435128460232,2.782576466794337,2.76062833893676,2.774610508349607,False,0.0001413383341049,0.4161159230664407,0.4164221067765169,0.0112194065737555,0.3950322438257023,0.4162079180839025,0.4391227072678588,1.0002431577736233,1.000157334885825,1.0431211498973305,0.9553186398253632,678
2026-09-14,jaou7_7110c,2026-09-14,2027-09,call,71.1,9.26,5.0,0.0,0,22,0.0,73.04500000000002,-0.0269883527752824,12.139252971159724,12.139433655891994,12.117223160718511,12.131372472599418,11.575687842082589,12.13379451098147,12.736287659596412,-0.0001806847322693,2.8792529711597243,2.8794336558919937,2.857223160718513,2.8713724725994183,2.8792529711597243,2.8794336558919937,2.857223160718513,2.8713724725994183,False,0.0001806847322693,0.4161159230664407,0.4164221067765169,0.0112194065737555,0.3950322438257023,0.4162079180839025,0.4391227072678588,1.0002431577736233,1.000157334885825,1.0431211498973305,0.9553186398253632,678
2026-09-14,jaou7_7200c,2026-09-14,2027-09,call,72.0,8.81,143.0,0.0,0,22,0.0,73.04500000000002,-0.0144095705684222,11.76432953773832,11.7645157495258,11.7421181352364,11.756386652326794,11.196026163273777,11.758829095912658,12.366329496659276,-0.0001862117874793,2.954329537738321,2.9545157495258003,2.932118135236399,2.946386652326794,2.954329537738321,2.9545157495258003,2.932118135236399,2.946386652326794,False,0.0001862117874793,0.4161159230664407,0.4164221067765169,0.0112194065737555,0.3950322438257023,0.4162079180839025,0.4391227072678588,1.0002431577736233,1.000157334885825,1.0431211498973305,0.9553186398253632,678
2026-09-14,jaou7_7335c,2026-09-14,2027-09,call,73.35,8.17,10.0,0.0,0,22,0.0,73.04500000000002,0.0041668150045129,11.221884105344149,11.22208886049686,11.199461920714166,11.213876530807058,10.647676757799324,11.216343982171558,11.830071841940624,-0.000204755152712,3.051884105344147,3.052088860496859,3.0294619207141658,3.043876530807058,3.051884105344147,3.052088860496859,3.0294619207141658,3.043876530807058,False,0.000204755152712,0.4161159230664407,0.4164221067765169,0.0112194065737555,0.3950322438257023,0.4162079180839025,0.4391227072678588,1.0002431577736233,1.000157334885825,1.0431211498973305,0.9553186398253632,678
2026-09-14,jaou7_7400c,2026-09-14,2027-09,call,74.0,7.88,60.0,0.0,0,22,0.0,73.04500000000002,0.0129894036196921,10.968896963756226,10.969107061110916,10.946387890839894,10.960861256846783,10.39232603241026,10.963338765879111,11.57957383324349,-0.0002100973546887,3.088896963756226,3.089107061110915,3.066387890839894,3.0808612568467835,3.088896963756226,3.089107061110915,3.066387890839894,3.0808612568467835,False,0.0002100973546887,0.4161159230664407,0.4164221067765169,0.0112194065737555,0.3950322438257023,0.4162079180839025,0.4391227072678588,1.0002431577736233,1.000157334885825,1.0431211498973305,0.9553186398253632,678
2026-09-14,jaou7_7450c,2026-09-14,2027-09,call,74.5,7.65,152.0,0.0,0,22,0.0,73.04500000000002,0.0197234358010361,10.777742833087888,10.777952041454547,10.75517263193816,10.76968437367074,10.199650245433723,10.772168451749062,11.39002767617357,-0.0002092083666624,3.1277428330878863,3.1279520414545487,3.1051726319381583,3.1196843736707383,3.1277428330878863,3.1279520414545487,3.1051726319381583,3.1196843736707383,False,0.0002092083666624,0.4161159230664407,0.4164221067765169,0.0112194065737555,0.3950322438257023,0.4162079180839025,0.4391227072678588,1.0002431577736233,1.000157334885825,1.0431211498973305,0.9553186398253632,678
2026-09-14,jaou7_7500c,2026-09-14,2027-09,call,75.0,7.44,1215.0,0.0,0,22,0.0,73.04500000000002,0.0264124239518328,10.58942099683973,10.58961069050103,10.566777047551769,10.581323338975835,10.009987647274436,10.583813331170662,11.203233818369894,-0.0001896936612997,3.149420996839729,3.149610690501029,3.1267770475517667,3.1413233389758366,3.149420996839729,3.149610690501029,3.1267770475517667,3.1413233389758366,False,0.0001896936612997,0.4161159230664407,0.4164221067765169,0.0112194065737555,0.3950322438257023,0.4162079180839025,0.4391227072678588,1.0002431577736233,1.000157334885825,1.0431211498973305,0.9553186398253632,678
2026-09-14,jaou7_7542c,2026-09-14,2027-09,call,75.42,7.26,5.0,0.0,0,22,0.0,73.04500000000002,0.0319968022457334,10.433557781879191,10.43374275396999,10.410863305675248,10.42543877763374,9.853009217796762,10.427933764868254,11.048582260227644,-0.0001849720907962,3.173557781879193,3.1737427539699894,3.150863305675248,3.1654387776337405,3.173557781879193,3.1737427539699894,3.150863305675248,3.1654387776337405,False,0.0001849720907962,0.4161159230664407,0.4164221067765169,0.0112194065737555,0.3950322438257023,0.4162079180839025,0.4391227072678588,1.0002431577736233,1.000157334885825,1.0431211498973305,0.9553186398253632,678
2026-09-14,jaou7_7550c,2026-09-14,2027-09,call,75.5,7.23,12.0,0.0,0,22,0.0,73.04500000000002,0.0330569666705013,10.404113691144811,10.404302201450529,10.38141563579802,10.39599564190643,9.823369581184284,10.39849140528364,11.019325663573,-0.0001885103057173,3.174113691144811,3.174302201450528,3.1514156357980205,3.165995641906429,3.174113691144811,3.174302201450528,3.1514156357980205,3.165995641906429,False,0.0001885103057173,0.4161159230664407,0.4164221067765169,0.0112194065737555,0.3950322438257023,0.4162079180839025,0.4391227072678588,1.0002431577736233,1.000157334885825,1.0431211498973305,0.9553186398253632,678
2026-09-14,jaou7_7600c,2026-09-14,2027-09,call,76.0,7.02,90.0,0.0,0,22,0.0,73.04500000000002,0.0396576507018535,10.221646531753676,10.22181655996148,10.198888828766933,10.213495059598769,9.639895620713007,10.215995312048468,10.838034678548672,-0.0001700282078029,3.201646531753676,3.201816559961479,3.178888828766933,3.1934950595987672,3.201646531753676,3.201816559961479,3.178888828766933,3.1934950595987672,False,0.0001700282078029,0.4161159230664407,0.4164221067765169,0.0112194065737555,0.3950322438257023,0.4162079180839025,0.4391227072678588,1.0002431577736233,1.000157334885825,1.0431211498973305,0.9553186398253632,678
2026-09-14,jaou7_7610c,2026-09-14,2027-09,call,76.1,6.98,30.0,0.0,0,22,0.0,73.04500000000002,0.0409725752831625,10.185491237267923,10.185658450834463,10.162722555443098,10.17733398731913,9.60353622090887,10.179835130068568,10.802107907820782,-0.0001672135665398,3.2054912372679247,3.2056584508344645,3.182722555443098,3.19733398731913,3.2054912372679247,3.2056584508344645,3.182722555443098,3.19733398731913,False,0.0001672135665398,0.4161159230664407,0.4164221067765169,0.0112194065737555,0.3950322438257023,0.4162079180839025,0.4391227072678588,1.0002431577736233,1.000157334885825,1.0431211498973305,0.9553186398253632,678
2026-09-14,jaou7_7705c,2026-09-14,2027-09,call,77.05,6.61,41.0,0.0,0,22,0.0,73.04500000000002,0.0533788721816471,9.84790619083012,9.848049684588291,9.825047768433825,9.839701259181597,9.264347087152652,9.842209601447344,10.466371834409784,-0.0001434937581734,3.2379061908301194,3.238049684588293,3.2150477684338243,3.229701259181595,3.2379061908301194,3.238049684588293,3.2150477684338243,3.229701259181595,False,0.0001434937581734,0.4161159230664407,0.4164221067765169,0.0112194065737555,0.3950322438257023,0.4162079180839025,0.4391227072678588,1.0002431577736233,1.000157334885825,1.0431211498973305,0.9553186398253632,678
2026-09-14,jaou7_7710c,2026-09-14,2027-09,call,77.1,6.59,13.0,0.0,0,22,0.0,73.04500000000002,0.0540275909848062,9.830421054953408,9.830562724546716,9.80755829872445,9.82221338826919,9.246801530196755,9.82472200421239,10.448962223811568,-0.000141669593308,3.2404210549534085,3.240562724546717,3.21755829872445,3.232213388269191,3.2404210549534085,3.240562724546717,3.21755829872445,3.232213388269191,False,0.000141669593308,0.4161159230664407,0.4164221067765169,0.0112194065737555,0.3950322438257023,0.4162079180839025,0.4391227072678588,1.0002431577736233,1.000157334885825,1.0431211498973305,0.9553186398253632,678
2026-09-14,jaou7_7725c,2026-09-14,2027-09,call,77.25,6.53,4.0,0.0,0,22,0.0,73.04500000000002,0.0559712261933771,9.778126132368106,9.778259618413452,9.75524729896462,9.769907417185369,9.1943235239969,9.772416893922816,10.396908326896623,-0.0001334860453461,3.248126132368106,3.248259618413452,3.2252472989646206,3.239907417185367,3.248126132368106,3.248259618413452,3.2252472989646206,3.239907417185367,False,0.0001334860453461,0.4161159230664407,0.4164221067765169,0.0112194065737555,0.3950322438257023,0.4162079180839025,0.4391227072678588,1.0002431577736233,1.000157334885825,1.0431211498973305,0.9553186398253632,678
2026-09-14,jaou7_5800p,2026-09-14,2027-09,put,58.0,3.08,30.0,0.0,0,22,0.0,73.04500000000002,-0.2306326790380582,4.574790197608994,4.573952772445999,4.556597573762878,4.567653793671732,4.137002953219944,4.569546365494661,5.044276631608488,0.0008374251629952,1.494790197608994,1.4939527724459989,1.476597573762878,1.4876537936717318,1.494790197608994,1.4939527724459989,1.476597573762878,1.4876537936717318,False,0.0008374251629952,0.4161159230664407,0.4164221067765169,0.0112194065737555,0.3950322438257023,0.4162079180839025,0.4391227072678588,1.0002431577736233,1.000157334885825,1.0431211498973305,0.9553186398253632,678
2026-09-14,jaou7_5900p,2026-09-14,2027-09,put,59.0,3.32,5.0,0.0,0,22,0.0,73.04500000000002,-0.2135382456787581,4.927362855732266,4.926621500535656,4.908718418990693,4.920123670536431,4.4755206750129375,4.922075988587885,5.411147176357507,0.0007413551966104,1.607362855732266,1.6066215005356557,1.588718418990693,1.6001236705364312,1.607362855732266,1.6066215005356557,1.588718418990693,1.6001236705364312,False,0.0007413551966104,0.4161159230664407,0.4164221067765169,0.0112194065737555,0.3950322438257023,0.4162079180839025,0.4391227072678588,1.0002431577736233,1.000157334885825,1.0431211498973305,0.9553186398253632,678
2026-09-14,jaou7_6000p,2026-09-14,2027-09,put,60.0,3.57,1594.0,0.0,0,22,0.0,73.04500000000002,-0.1967311273623769,5.294770826638756,5.294189717932193,5.275767422605996,5.287503442001174,4.82946109965464,5.2895123799387145,5.791963518918668,0.0005811087065632,1.7247708266387565,1.7241897179321932,1.7057674226059958,1.7175034420011746,1.7247708266387565,1.7241897179321932,1.7057674226059958,1.7175034420011746,False,0.0005811087065632,0.4161159230664407,0.4164221067765169,0.0112194065737555,0.3950322438257023,0.4162079180839025,0.4391227072678588,1.0002431577736233,1.000157334885825,1.0431211498973305,0.9553186398253632,678
2026-09-14,jaou7_6200p,2026-09-14,2027-09,put,62.0,4.11,44.0,0.0,0,22,0.0,73.04500000000002,-0.163941304539386,6.073389490047769,6.072954104873268,6.053569240092212,6.065918469382868,5.583156020747725,6.068032374820989,6.596319424509528,0.0004353851745015,1.9633894900477689,1.9629541048732675,1.943569240092212,1.9559184693828675,1.9633894900477689,1.9629541048732675,1.943569240092212,1.9559184693828675,False,0.0004353851745015,0.4161159230664407,0.4164221067765169,0.0112194065737555,0.3950322438257023,0.4162079180839025,0.4391227072678588,1.0002431577736233,1.000157334885825,1.0431211498973305,0.9553186398253632,678
2026-09-14,jaou7_6420p,2026-09-14,2027-09,put,64.2,4.77,6.0,0.0,0,22,0.0,73.04500000000002,-0.1290724788885621,6.999333053010154,6.999069029444406,6.978690606137906,6.991672787073207,6.483484091762235,6.9938950393475725,7.548283853051561,0.000264023565748,2.229333053010154,2.229069029444406,2.208690606137907,2.221672787073208,2.229333053010154,2.229069029444406,2.208690606137907,2.221672787073208,False,0.000264023565748,0.4161159230664407,0.4164221067765169,0.0112194065737555,0.3950322438257023,0.4162079180839025,0.4391227072678588,1.0002431577736233,1.000157334885825,1.0431211498973305,0.9553186398253632,678
2026-09-14,jaou7_6500p,2026-09-14,2027-09,put,65.0,5.03,1008.0,0.0,0,22,0.0,73.04500000000002,-0.1166884196888404,7.354030463711009,7.35389125788598,7.333205489223619,7.346383466122101,6.829887683230315,7.348639234184504,7.911058877673716,0.0001392058250289,2.3240304637110087,2.32389125788598,2.303205489223619,2.316383466122101,2.3240304637110087,2.32389125788598,2.303205489223619,2.316383466122101,False,0.0001392058250289,0.4161159230664407,0.4164221067765169,0.0112194065737555,0.3950322438257023,0.4162079180839025,0.4391227072678588,1.0002431577736233,1.000157334885825,1.0431211498973305,0.9553186398253632,678
2026-09-14,jaou7_6750p,2026-09-14,2027-09,put,67.5,5.92,10.0,0.0,0,22,0.0,73.04500000000002,-0.0789480917059935,8.52013675298684,8.520132631792436,8.498580268574976,8.51231031405809,7.973747861850474,8.514660583627897,9.10006561721933,4.12119440440506e-06,2.60013675298684,2.600132631792436,2.578580268574976,2.592310314058089,2.60013675298684,2.600132631792436,2.578580268574976,2.592310314058089,False,4.12119440440506e-06,0.4161159230664407,0.4164221067765169,0.0112194065737555,0.3950322438257023,0.4162079180839025,0.4391227072678588,1.0002431577736233,1.000157334885825,1.0431211498973305,0.9553186398253632,678
2026-09-14,jaou7_6800p,2026-09-14,2027-09,put,68.0,6.11,60.0,0.0,0,22,0.0,73.04500000000002,-0.0715679844083709,8.763966111387235,8.763998772632862,8.74229019051982,8.75611975606577,8.213589126032506,8.758487061192785,9.347870128381476,-3.266124562628647e-05,2.653966111387235,2.6539987726328613,2.632290190519819,2.6461197560657697,2.653966111387235,2.6539987726328613,2.632290190519819,2.6461197560657697,False,3.266124562628647e-05,0.4161159230664407,0.4164221067765169,0.0112194065737555,0.3950322438257023,0.4162079180839025,0.4391227072678588,1.0002431577736233,1.000157334885825,1.0431211498973305,0.9553186398253632,678
2026-09-14,jaou7_6900p,2026-09-14,2027-09,put,69.0,6.51,175.0,0.0,0,22,0.0,73.04500000000002,-0.0569691849872182,9.261729820737896,9.261824993676164,9.23984781901533,9.253848492845805,8.704195001888328,9.256245087795255,9.852896612496432,-9.517293826633022e-05,2.7517298207378964,2.7518249936761627,2.7298478190153297,2.743848492845805,2.7517298207378964,2.7518249936761627,2.7298478190153297,2.743848492845805,False,9.517293826633022e-05,0.4161159230664407,0.4164221067765169,0.0112194065737555,0.3950322438257023,0.4162079180839025,0.4391227072678588,1.0002431577736233,1.000157334885825,1.0431211498973305,0.9553186398253632,678
2026-09-14,jaou7_7000p,2026-09-14,2027-09,put,70.0,6.92,714.0,0.0,0,22,0.0,73.04500000000002,-0.0425804475351186,9.77260567832088,9.772692872046424,9.750460165368214,9.764623627204143,9.208683924354895,9.767048087734668,10.370536112331768,-8.719372554466531e-05,2.852605678320881,2.852692872046425,2.8304601653682138,2.844623627204143,2.852605678320881,2.852692872046425,2.8304601653682138,2.844623627204143,False,8.719372554466531e-05,0.4161159230664407,0.4164221067765169,0.0112194065737555,0.3950322438257023,0.4162079180839025,0.4391227072678588,1.0002431577736233,1.000157334885825,1.0431211498973305,0.9553186398253632,678
2026-09-14,jaou7_7400p,2026-09-14,2027-09,put,74.0,8.79,175.0,0.0,0,22,0.0,73.04500000000002,0.0129894036196921,11.950342072918328,11.95049802566446,11.927494276572803,11.942148935002775,11.366693816984638,11.944657477148994,12.56885153479089,-0.0001559527461303,3.160342072918329,3.1604980256644595,3.137494276572804,3.152148935002776,3.160342072918329,3.1604980256644595,3.137494276572804,3.152148935002776,False,0.0001559527461303,0.4161159230664407,0.4164221067765169,0.0112194065737555,0.3950322438257023,0.4162079180839025,0.4391227072678588,1.0002431577736233,1.000157334885825,1.0431211498973305,0.9553186398253632,678
2026-09-14,jaou7_7450p,2026-09-14,2027-09,put,74.5,9.05,152.0,0.0,0,22,0.0,73.04500000000002,0.0197234358010361,12.23684726216267,12.237002325920772,12.213938337583746,12.228631371739407,11.651677349920782,12.231146482931624,12.85696469763365,-0.000155063758104,3.1868472621626687,3.1870023259207727,3.1639383375837458,3.1786313717394084,3.1868472621626687,3.1870023259207727,3.1639383375837458,3.1786313717394084,False,0.000155063758104,0.4161159230664407,0.4164221067765169,0.0112194065737555,0.3950322438257023,0.4162079180839025,0.4391227072678588,1.0002431577736233,1.000157334885825,1.0431211498973305,0.9553186398253632,678
2026-09-14,jaou7_7500p,2026-09-14,2027-09,put,75.0,9.31,10.0,0.0,0,22,0.0,73.04500000000002,0.0264124239518328,12.526184745827194,12.526320294879936,12.503202073110035,12.51792965695719,11.939674071674178,12.520450682265906,13.147830159742655,-0.0001355490527412,3.216184745827194,3.216320294879935,3.193202073110037,3.207929656957189,3.216184745827194,3.216320294879935,3.193202073110037,3.207929656957189,False,0.0001355490527412,0.4161159230664407,0.4164221067765169,0.0112194065737555,0.3950322438257023,0.4162079180839025,0.4391227072678588,1.0002431577736233,1.000157334885825,1.0431211498973305,0.9553186398253632,678
