contract_id,sigma,model_price,pricing_se,n_paths
jaou7_6820c,0.3451713038156574,11.265211029152441,0.0583029178256591,100000
jaou7_6825c,0.3451713038156574,11.241556847446608,0.0582563185383862,100000
jaou7_6860c,0.3451713038156574,11.077141684285259,0.0579295830193166,100000
jaou7_6900c,0.3451713038156574,10.89168062599285,0.057555150810519026,100000
jaou7_6905c,0.3451713038156574,10.868667581060922,0.05750829875717834,100000
jaou7_6930c,0.3451713038156574,10.754195109607815,0.057273834728835515,100000
jaou7_7000c,0.3451713038156574,10.438790458573974,0.056615885406304335,100000
jaou7_7110c,0.3451713038156574,9.958592121918892,0.05557786115568088,100000
jaou7_7200c,0.3451713038156574,9.580265067641676,0.05472449117355143,100000
jaou7_7335c,0.3451713038156574,9.036415500025086,0.05344036928755575,100000
jaou7_7400c,0.3451713038156574,8.784269218940272,0.05282144670998525,100000
jaou7_7450c,0.3451713038156574,8.594305070878017,0.052345710293325194,100000
jaou7_7500c,0.3451713038156574,8.40784345084894,0.05187031971737452,100000
jaou7_7542c,0.3451713038156574,8.25389438690456,0.05147134774632595,100000
jaou7_7550c,0.3451713038156574,8.224830348022197,0.05139542240930934,100000
jaou7_7600c,0.3451713038156574,8.04522258037618,0.05092115748008038,100000
jaou7_7610c,0.3451713038156574,8.009731609372787,0.05082635034160351,100000
jaou7_7705c,0.3451713038156574,7.679189698796512,0.04992740001510109,100000
jaou7_7710c,0.3451713038156574,7.662127490415883,0.04988017275200011,100000
jaou7_7725c,0.3451713038156574,7.611130134171032,0.04973856253682902,100000
jaou7_5800p,0.3451713038156574,3.4317151969477604,0.020614722612795063,100000
jaou7_5900p,0.3451713038156574,3.749674599122866,0.021696584643080108,100000
jaou7_6000p,0.3451713038156574,4.084518835317113,0.022789424580462084,100000
jaou7_6200p,0.3451713038156574,4.805109808713265,0.02500015885483448,100000
jaou7_6420p,0.3451713038156574,5.675786375761521,0.027456093986663026,100000
jaou7_6500p,0.3451713038156574,6.013303970402852,0.02835039197673791,100000
jaou7_6750p,0.3451713038156574,7.138379945139212,0.031138613683964513,100000
jaou7_6800p,0.3451713038156574,7.375711574155037,0.03169419942058632,100000
jaou7_6900p,0.3451713038156574,7.862886966084174,0.03280090991333768,100000
jaou7_7000p,0.3451713038156574,8.365737609522132,0.033902414248970746,100000
jaou7_7400p,0.3451713038156574,10.534179613315766,0.038216333452966426,100000
jaou7_7450p,0.3451713038156574,10.822085870681926,0.038743452857561374,100000
jaou7_7500p,0.3451713038156574,11.113494656081265,0.03926772282328284,100000
jaou7_6820c,0.34897954883914695,11.364173885765549,0.05903139920823305,100000
jaou7_6825c,0.34897954883914695,11.3405990311905,0.05898481769666234,100000
jaou7_6860c,0.34897954883914695,11.176676044526621,0.058658316324151666,100000
jaou7_6900c,0.34897954883914695,10.99172713196091,0.05828422094327851,100000
jaou7_6905c,0.34897954883914695,10.96877766780979,0.05823740981829586,100000
jaou7_6930c,0.34897954883914695,10.854611983890724,0.058003164280351155,100000
jaou7_7000c,0.34897954883914695,10.540010703611085,0.05734586642312213,100000
jaou7_7110c,0.34897954883914695,10.060973974471963,0.05630884797827013,100000
jaou7_7200c,0.34897954883914695,9.68343788289966,0.05545638682391494,100000
jaou7_7335c,0.34897954883914695,9.140491929304977,0.05417375943900595,100000
jaou7_7400c,0.34897954883914695,8.888663130276951,0.05355559353967945,100000
jaou7_7450c,0.34897954883914695,8.698882006385023,0.05308046617028051,100000
jaou7_7500c,0.34897954883914695,8.512585583393344,0.052605647263303947,100000
jaou7_7542c,0.34897954883914695,8.358728609247757,0.05220717874016612,100000
jaou7_7550c,0.34897954883914695,8.329683139856016,0.05213134216169032,100000
jaou7_7600c,0.34897954883914695,8.15015742186451,0.05165764610282735,100000
jaou7_7610c,0.34897954883914695,8.114677916094283,0.05156295221586453,100000
jaou7_7705c,0.34897954883914695,7.784169823100907,0.05066505398338281,100000
jaou7_7710c,0.34897954883914695,7.767105719735296,0.05061788064846756,100000
jaou7_7725c,0.34897954883914695,7.71610115949465,0.050476430208882254,100000
jaou7_5800p,0.34897954883914695,3.5084191222046797,0.020922088168655796,100000
jaou7_5900p,0.34897954883914695,3.829343194473912,0.02200656860725923,100000
jaou7_6000p,0.34897954883914695,4.1669994853239976,0.02310167171561669,100000
jaou7_6200p,0.34897954883914695,4.892800230686863,0.025315881035778046,100000
jaou7_6420p,0.34897954883914695,5.768590868160394,0.02777412525353886,100000
jaou7_6500p,0.34897954883914695,6.107821367916146,0.028668907686907837,100000
jaou7_6750p,0.34897954883914695,7.237336411833307,0.03145844968617612,100000
jaou7_6800p,0.34897954883914695,7.4754599244819095,0.03201413094042721,100000
jaou7_6900p,0.34897954883914695,7.964018029613035,0.03312114570188447,100000
jaou7_7000p,0.34897954883914695,8.46804241212004,0.03422299041028358,100000
jaou7_7400p,0.34897954883914695,10.639658082213243,0.038537997200065816,100000
jaou7_7450p,0.34897954883914695,10.927747363749733,0.03906540507124238,100000
jaou7_7500p,0.34897954883914695,11.219321346186469,0.03958993033979275,100000
jaou7_6820c,0.3527877938626365,11.463132143063781,0.05976311572792895,100000
jaou7_6825c,0.3527877938626365,11.439620483041494,0.059716582442255424,100000
jaou7_6860c,0.3527877938626365,11.276191469891078,0.059390307791824186,100000
jaou7_6900c,0.3527877938626365,11.091749170728676,0.059016555636446574,100000
jaou7_6905c,0.3527877938626365,11.068864421627291,0.05896978282428332,100000
jaou7_6930c,0.3527877938626365,10.955003635131865,0.058735757088615906,100000
jaou7_7000c,0.3527877938626365,10.641191359064223,0.058079132124980073,100000
jaou7_7110c,0.3527877938626365,10.163317856804543,0.057043112217485654,100000
jaou7_7200c,0.3527877938626365,9.78657206401885,0.05619156168270265,100000
jaou7_7335c,0.3527877938626365,9.24452713967912,0.0549104415116679,100000
jaou7_7400c,0.3527877938626365,8.993020596379164,0.05429303167128407,100000
jaou7_7450c,0.3527877938626365,8.80342629991435,0.05381851436916056,100000
jaou7_7500c,0.3527877938626365,8.617298056266192,0.05334427103467461,100000
jaou7_7542c,0.3527877938626365,8.463537818856144,0.05294630694995976,100000
jaou7_7550c,0.3527877938626365,8.434511474454352,0.05287055998503093,100000
jaou7_7600c,0.3527877938626365,8.255073479559151,0.0523974355374604,100000
jaou7_7610c,0.3527877938626365,8.219606726146248,0.05230285540398161,100000
jaou7_7705c,0.3527877938626365,7.889145628665558,0.05140601594118112,100000
jaou7_7710c,0.3527877938626365,7.872080485602637,0.05135889680823925,100000
jaou7_7725c,0.3527877938626365,7.821070877015642,0.05121760770204816,100000
jaou7_5800p,0.3527877938626365,3.5854531718211575,0.021228263430200296,100000
jaou7_5900p,0.3527877938626365,3.9092804510583354,0.022315319038879552,100000
jaou7_6000p,0.3527877938626365,4.249700654171344,0.023412633820134865,100000
jaou7_6200p,0.3527877938626365,4.980611560211556,0.02563026598158753,100000
jaou7_6420p,0.3527877938626365,5.861498759293806,0.028090645887422553,100000
jaou7_6500p,0.3527877938626365,6.202422407829544,0.02898589074306131,100000
jaou7_6750p,0.3527877938626365,7.3363187688649445,0.031776721598122386,100000
jaou7_6800p,0.3527877938626365,7.575210176609215,0.03233253064732904,100000
jaou7_6900p,0.3527877938626365,8.065137150259892,0.033439843525940635,100000
jaou7_7000p,0.3527877938626365,8.570320149452275,0.03454203626070675,100000
jaou7_7400p,0.3527877938626365,10.745112630194551,0.0388580935370831,100000
jaou7_7450p,0.3527877938626365,11.033388739158156,0.03938578454436986,100000
jaou7_7500p,0.3527877938626365,11.325130900938413,0.039910563649914556,100000
jaou7_6820c,0.356596038886126,11.562068095820113,0.06049811619806905,100000
jaou7_6825c,0.356596038886126,11.538630900627748,0.060451608960170156,100000
jaou7_6860c,0.356596038886126,11.375695405809223,0.06012555817099898,100000
jaou7_6900c,0.356596038886126,11.191750106286133,0.05975216365381063,100000
jaou7_6905c,0.356596038886126,11.168926205777103,0.059705435941519516,100000
jaou7_6930c,0.356596038886126,11.055366342181573,0.05947163531202089,100000
jaou7_7000c,0.356596038886126,10.742337964247186,0.05881568780047674,100000
jaou7_7110c,0.356596038886126,10.265623229546362,0.057780670590593254,100000
jaou7_7200c,0.356596038886126,9.889667415588454,0.056930031914908426,100000
jaou7_7335c,0.356596038886126,9.34852312014832,0.05565042787598698,100000
jaou7_7400c,0.356596038886126,9.097338369137013,0.05503378205553591,100000
jaou7_7450c,0.356596038886126,8.9079360690378,0.05455987337478561,100000
jaou7_7500c,0.356596038886126,8.721979402277658,0.05408620857952282,100000
jaou7_7542c,0.356596038886126,8.568320881264905,0.05368874914682264,100000
jaou7_7550c,0.356596038886126,8.53931356678699,0.053613093634462254,100000
jaou7_7600c,0.356596038886126,8.359969432606203,0.05314054245041989,100000
jaou7_7610c,0.356596038886126,8.324517034851777,0.05304607600029953,100000
jaou7_7705c,0.356596038886126,7.994115491027313,0.052150302120939095,100000
jaou7_7710c,0.356596038886126,7.977050118906091,0.05210323748336835,100000
jaou7_7725c,0.356596038886126,7.926037536919911,0.051962111239209574,100000
jaou7_5800p,0.356596038886126,3.6627779023847253,0.021533289355057654,100000
jaou7_5900p,0.356596038886126,3.9894663018160172,0.022622849475228125,100000
jaou7_6000p,0.356596038886126,4.332606855677568,0.023722320800619118,100000
jaou7_6200p,0.356596038886126,5.068546612367108,0.025943296136801634,100000
jaou7_6420p,0.356596038886126,5.954495285137702,0.02840568147493233,100000
jaou7_6500p,0.356596038886126,6.297094067375294,0.029301365474026345,100000
jaou7_6750p,0.356596038886126,7.435311962771665,0.032093465189411294,100000
jaou7_6800p,0.356596038886126,7.674969002524279,0.032649384749819904,100000
jaou7_6900p,0.356596038886126,8.166247713290813,0.03375699809864391,100000
jaou7_7000p,0.356596038886126,8.672576382108703,0.03485954160032513,100000
jaou7_7400p,0.356596038886126,10.850540030425867,0.03917663516277641,100000
jaou7_7450p,0.356596038886126,11.139008135755072,0.03970459999054584,100000
jaou7_7500p,0.356596038886126,11.430921874423346,0.040229630047955794,100000
jaou7_6820c,0.36040428390961554,11.660995195360558,0.061236389734822434,100000
jaou7_6825c,0.36040428390961554,11.637631019829051,0.0611899107889886,100000
jaou7_6860c,0.36040428390961554,11.475166969184317,0.06086412215287942,100000
jaou7_6900c,0.36040428390961554,11.291716916958814,0.060491084626914375,100000
jaou7_6905c,0.36040428390961554,11.268951956445468,0.06044440517676976,100000
jaou7_6930c,0.36040428390961554,11.155690643981348,0.060210831884049104,100000
jaou7_7000c,0.36040428390961554,10.843444337234967,0.0595555602965625,100000
jaou7_7110c,0.36040428390961554,10.3678961656822,0.05852152815274609,100000
jaou7_7200c,0.36040428390961554,9.992717674748494,0.05767182436374629,100000
jaou7_7335c,0.36040428390961554,9.45247582212122,0.056393741198422706,100000
jaou7_7400c,0.36040428390961554,9.201616171064062,0.05577786085647383,100000
jaou7_7450c,0.36040428390961554,9.012410589377614,0.055304559914155775,100000
jaou7_7500c,0.36040428390961554,8.826628981973407,0.054831476259040654,100000
jaou7_7542c,0.36040428390961554,8.67307660727769,0.05443452234935926,100000
jaou7_7550c,0.36040428390961554,8.644088233791594,0.05435896006712207,100000
jaou7_7600c,0.36040428390961554,8.464843917854775,0.053886983753080875,100000
jaou7_7610c,0.36040428390961554,8.429407616705932,0.05379263062989702,100000
jaou7_7705c,0.36040428390961554,8.099077754961364,0.05289792902058768,100000
jaou7_7710c,0.36040428390961554,8.082012846644053,0.052850919305113125,100000
jaou7_7725c,0.36040428390961554,8.030999485701418,0.05270995712343182,100000
jaou7_5800p,0.36040428390961554,3.740378062504361,0.02183716738971327,100000
jaou7_5900p,0.36040428390961554,4.069883825455569,0.022929168344239154,100000
jaou7_6000p,0.36040428390961554,4.41568820871017,0.02403076919664955,100000
jaou7_6200p,0.36040428390961554,5.156621061185971,0.026254930756511172,100000
jaou7_6420p,0.36040428390961554,6.047559393364567,0.028719271456478974,100000
jaou7_6500p,0.36040428390961554,6.391849525904087,0.029615301080776507,100000
jaou7_6750p,0.36040428390961554,7.534317738633962,0.03240867773546903,100000
jaou7_6800p,0.36040428390961554,7.7747401327853,0.03296468646415322,100000
jaou7_6900p,0.36040428390961554,8.26733671858224,0.03407264376869068,100000
jaou7_7000p,0.36040428390961554,8.774804949715227,0.03517552541146294,100000
jaou7_7400p,0.36040428390961554,10.955940026971659,0.03949362655219344,100000
jaou7_7450p,0.36040428390961554,11.244604850713626,0.04002185688807591,100000
jaou7_7500p,0.36040428390961554,11.536693648737838,0.04054713449523197,100000
jaou7_6820c,0.3642125289331051,11.759912253324238,0.061977953743826954,100000
jaou7_6825c,0.3642125289331051,11.736617332476403,0.0619315097311868,100000
jaou7_6860c,0.3642125289331051,11.574615047822213,0.06160599810769206,100000
jaou7_6900c,0.3642125289331051,11.391654615065981,0.06123332459061634,100000
jaou7_6905c,0.3642125289331051,11.368952750915247,0.061186685217029024,100000
jaou7_6930c,0.3642125289331051,11.255974891276207,0.060953365341711994,100000
jaou7_7000c,0.3642125289331051,10.944500765675409,0.060298783044917606,100000
jaou7_7110c,0.3642125289331051,10.470128545115418,0.05926571530120826,100000
jaou7_7200c,0.3642125289331051,10.095729846638934,0.058416942964830916,100000
jaou7_7335c,0.3642125289331051,9.55638972640011,0.0571403899525259,100000
jaou7_7400c,0.3642125289331051,9.305853162050605,0.056525285296552194,100000
jaou7_7450c,0.3642125289331051,9.11685105679565,0.05605258773040374,100000
jaou7_7500c,0.3642125289331051,8.931245852540952,0.05558009107668785,100000
jaou7_7542c,0.3642125289331051,8.777803538731465,0.05518364416575686,100000
jaou7_7550c,0.3642125289331051,8.748834968003763,0.05510817532811073,100000
jaou7_7600c,0.3642125289331051,8.569696165841314,0.05463677560110705,100000
jaou7_7610c,0.3642125289331051,8.534277137533515,0.054542536267892724,100000
jaou7_7705c,0.3642125289331051,8.204030813552093,0.05364891327774036,100000
jaou7_7710c,0.3642125289331051,8.186967109001737,0.05360195879399826,100000
jaou7_7725c,0.3642125289331051,8.135955014597403,0.053461161964315475,100000
jaou7_5800p,0.3642125289331051,3.818234443975875,0.022139905389453016,100000
jaou7_5900p,0.3642125289331051,4.15051995694988,0.023234278852510507,100000
jaou7_6000p,0.3642125289331051,4.498998492531738,0.024337863679622682,100000
jaou7_6200p,0.3642125289331051,5.244828882399285,0.026565171169175155,100000
jaou7_6420p,0.3642125289331051,6.140708046484799,0.029031375467961213,100000
jaou7_6500p,0.3642125289331051,6.48667569744025,0.029927722914317147,100000
jaou7_6750p,0.3642125289331051,7.633331073424165,0.03272237227895838,100000
jaou7_6800p,0.3642125289331051,7.874500445270979,0.03327849216773442,100000
jaou7_6900p,0.3642125289331051,8.368409200280457,0.03438677118734198,100000
jaou7_7000p,0.3642125289331051,8.876996161746723,0.035490015377792054,100000
jaou7_7400p,0.3642125289331051,11.061311801549252,0.039809073738289284,100000
jaou7_7450p,0.3642125289331051,11.350180101722712,0.04033755531614592,100000
jaou7_7500p,0.3642125289331051,11.642445302896434,0.04086308282473928,100000
jaou7_6820c,0.3680207739565946,11.858811765306724,0.06272283775125505,100000
jaou7_6825c,0.3680207739565946,11.83558415450932,0.06267643187317219,100000
jaou7_6860c,0.3680207739565946,11.674026446835459,0.062351226285298225,100000
jaou7_6900c,0.3680207739565946,11.491566350792032,0.061978893207903056,100000
jaou7_6905c,0.3680207739565946,11.468925030428144,0.06193229826036279,100000
jaou7_6930c,0.3680207739565946,11.35623296879152,0.061699225609681836,100000
jaou7_7000c,0.3680207739565946,11.045538500473773,0.06104531511737521,100000
jaou7_7110c,0.3680207739565946,10.572315105658321,0.06001325746364462,100000
jaou7_7200c,0.3680207739565946,10.198701631481926,0.05916540789566961,100000
jaou7_7335c,0.3680207739565946,9.660264554064332,0.05789039073076005,100000
jaou7_7400c,0.3680207739565946,9.410050212943771,0.05727606992038112,100000
jaou7_7450c,0.3680207739565946,9.221254046463379,0.056803978233172,100000
jaou7_7500c,0.3680207739565946,9.035829710467102,0.05633206915811492,100000
jaou7_7542c,0.3680207739565946,8.882501601226128,0.05593613015942082,100000
jaou7_7550c,0.3680207739565946,8.853552657781261,0.055860756586270176,100000
jaou7_7600c,0.3680207739565946,8.674525179469766,0.055389934684826225,100000
jaou7_7610c,0.3680207739565946,8.63912473704306,0.055295809325542386,100000
jaou7_7705c,0.3680207739565946,8.308973156571504,0.054403271592012345,100000
jaou7_7710c,0.3680207739565946,8.291911349325476,0.05435637267779672,100000
jaou7_7725c,0.3680207739565946,8.24090247995287,0.05421574248981315,100000
jaou7_5800p,0.3680207739565946,3.8963522267343396,0.022441472225158035,100000
jaou7_5900p,0.3680207739565946,4.231368791653658,0.02353817140061696,100000
jaou7_6000p,0.3680207739565946,4.582516956671747,0.024643628484519575,100000
jaou7_6200p,0.3680207739565946,5.3331722027845165,0.026874004077999173,100000
jaou7_6420p,0.3680207739565946,6.233942208897211,0.02934198782626699,100000
jaou7_6500p,0.3680207739565946,6.581563168350431,0.030238649220058356,100000
jaou7_6750p,0.3680207739565946,7.732358722915186,0.033034534518886646,100000
jaou7_6800p,0.3680207739565946,7.9742648040444255,0.03359076873392292,100000
jaou7_6900p,0.3680207739565946,8.469468330674312,0.03469937563242267,100000
jaou7_7000p,0.3680207739565946,8.97918129121289,0.03580293698493461,100000
jaou7_7400p,0.3680207739565946,11.166656247110225,0.04012297798502388,100000
jaou7_7450p,0.3680207739565946,11.455730486058249,0.040651708343425144,100000
jaou7_7500p,0.3680207739565946,11.748176555490387,0.041177479060409666,100000
jaou7_6820c,0.37182901898008414,11.957697132549537,0.06347105078174549,100000
jaou7_6825c,0.37182901898008414,11.934539816019598,0.06342467689169931,100000
jaou7_6860c,0.37182901898008414,11.773414262398372,0.06309979762825041,100000
jaou7_6900c,0.37182901898008414,11.59144623775623,0.06272781711010386,100000
jaou7_6905c,0.37182901898008414,11.568859637151466,0.06268127698605178,100000
jaou7_6930c,0.37182901898008414,11.456457160019413,0.062448442760074746,100000
jaou7_7000c,0.37182901898008414,11.146546117864615,0.06179519324688034,100000
jaou7_7110c,0.37182901898008414,10.674457653515427,0.060764167686148375,100000
jaou7_7200c,0.37182901898008414,10.301621256289506,0.05991725580445725,100000
jaou7_7335c,0.37182901898008414,9.764097944934024,0.058643763740903625,100000
jaou7_7400c,0.37182901898008414,9.51420481265531,0.05803023497234486,100000
jaou7_7450c,0.37182901898008414,9.32561854670728,0.05755874904038632,100000
jaou7_7500c,0.37182901898008414,9.140379149812109,0.057087428552507,100000
jaou7_7542c,0.37182901898008414,8.987169468520621,0.05669199804674553,100000
jaou7_7550c,0.37182901898008414,8.958240433355021,0.056616720788340756,100000
jaou7_7600c,0.37182901898008414,8.779329577534536,0.056146478470314905,100000
jaou7_7610c,0.37182901898008414,8.743948237363345,0.056052468449842636,100000
jaou7_7705c,0.37182901898008414,8.413903348537461,0.05516102075548299,100000
jaou7_7710c,0.37182901898008414,8.396844031168547,0.05511417786161104,100000
jaou7_7725c,0.37182901898008414,8.345840297632542,0.05497371555098996,100000
jaou7_5800p,0.37182901898008414,3.974720924897342,0.022741864379774827,100000
jaou7_5900p,0.37182901898008414,4.312460020196377,0.02384077535582678,100000
jaou7_6000p,0.37182901898008414,4.666233414679,0.024948067508174226,100000
jaou7_6200p,0.37182901898008414,5.421642474123996,0.027181437545895665,100000
jaou7_6420p,0.37182901898008414,6.327253561165917,0.02965112229052147,100000
jaou7_6500p,0.37182901898008414,6.6764912283682145,0.03054812248983268,100000
jaou7_6750p,0.37182901898008414,7.831391645747897,0.033345187211358936,100000
jaou7_6800p,0.37182901898008414,8.074030457851201,0.03390152478332772,100000
jaou7_6900p,0.37182901898008414,8.570508245766227,0.03501047438354529,100000
jaou7_7000p,0.37182901898008414,9.081348936731443,0.036114322474962664,100000
jaou7_7400p,0.37182901898008414,11.271970874949474,0.04043534994824685,100000
jaou7_7450p,0.37182901898008414,11.561255014429863,0.04096432225852148,100000
jaou7_7500p,0.37182901898008414,11.85388602296311,0.04149033037430036,100000
jaou7_6820c,0.37563726400357367,12.056558557557183,0.06422262684280759,100000
jaou7_6825c,0.37563726400357367,12.033462605222637,0.06417630134336551,100000
jaou7_6860c,0.37563726400357367,11.872780402132001,0.0638517243114297,100000
jaou7_6900c,0.37563726400357367,11.69128471643404,0.06348012980580213,100000
jaou7_6905c,0.37563726400357367,11.66875204150144,0.06343364561134007,100000
jaou7_6930c,0.37563726400357367,11.556655720206711,0.06320101757187832,100000
jaou7_7000c,0.37563726400357367,11.247514829549733,0.06254844951726472,100000
jaou7_7110c,0.37563726400357367,10.77656006793052,0.061518455517572485,100000
jaou7_7200c,0.37563726400357367,10.404491358283899,0.0606724985798675,100000
jaou7_7335c,0.37563726400357367,9.867891026368085,0.05940052349856583,100000
jaou7_7400c,0.37563726400357367,9.61831694057532,0.05878779673928692,100000
jaou7_7450c,0.37563726400357367,9.429944833678862,0.058316915824724924,100000
jaou7_7500c,0.37563726400357367,9.244892109022548,0.05784618850482066,100000
jaou7_7542c,0.37563726400357367,9.091805062835238,0.057451266891565926,100000
jaou7_7550c,0.37563726400357367,9.062898036357064,0.057376084075327766,100000
jaou7_7600c,0.37563726400357367,8.88410875258667,0.05690642338429322,100000
jaou7_7610c,0.37563726400357367,8.848746885774414,0.05681253023342681,100000
jaou7_7705c,0.37563726400357367,8.518820039095306,0.055922177633956266,100000
jaou7_7710c,0.37563726400357367,8.501763826688887,0.05587539113764126,100000
jaou7_7725c,0.37563726400357367,8.450766952095611,0.055735098104818886,100000
jaou7_5800p,0.37563726400357367,4.053345793712088,0.023041052136049046,100000
jaou7_5900p,0.37563726400357367,4.393761786685869,0.02414213134325923,100000
jaou7_6000p,0.37563726400357367,4.750158854392285,0.025251146974813135,100000
jaou7_6200p,0.37563726400357367,5.510243747755126,0.027487455205933625,100000
jaou7_6420p,0.37563726400357367,6.420664565769034,0.02995872788588382,100000
jaou7_6500p,0.37563726400357367,6.771468275615961,0.03085612249162186,100000
jaou7_6750p,0.37563726400357367,7.9304311830498255,0.0336543287614879,100000
jaou7_6800p,0.37563726400357367,8.173793455452902,0.03421077190230144,100000
jaou7_6900p,0.37563726400357367,8.67151940869483,0.03532009375312167,100000
jaou7_7000p,0.37563726400357367,9.183490332667358,0.03642419740191307,100000
jaou7_7400p,0.37563726400357367,11.377255687120282,0.04074619334384755,100000
jaou7_7450p,0.37563726400357367,11.666753985652239,0.04127539971463958,100000
jaou7_7500p,0.37563726400357367,11.959571666424342,0.041801645825087795,100000
jaou7_6820c,0.3794455090270632,12.155395500604868,0.06497758275459144,100000
jaou7_6825c,0.3794455090270632,12.132360976503156,0.06493130502305845,100000
jaou7_6860c,0.3794455090270632,11.972109323411384,0.06460705114506143,100000
jaou7_6900c,0.3794455090270632,11.791089008317801,0.06423583399388032,100000
jaou7_6905c,0.3794455090270632,11.768618949428166,0.06418938934714939,100000
jaou7_6930c,0.3794455090270632,11.656815740471387,0.06395698981852166,100000
jaou7_7000c,0.3794455090270632,11.348448217283794,0.06330509378227772,100000
jaou7_7110c,0.3794455090270632,10.87862100205918,0.062276139833673715,100000
jaou7_7200c,0.3794455090270632,10.507321387231327,0.061431136584743515,100000
jaou7_7335c,0.3794455090270632,9.971644506816045,0.06016068535202669,100000
jaou7_7400c,0.3794455090270632,9.722386363581515,0.0595487719911784,100000
jaou7_7450c,0.3794455090270632,9.534232744727461,0.05907849511520985,100000
jaou7_7500c,0.3794455090270632,9.3493694140545,0.058608363787627994,100000
jaou7_7542c,0.3794455090270632,9.19640836987523,0.058213952643345675,100000
jaou7_7550c,0.3794455090270632,9.167524192141205,0.05813886435683585,100000
jaou7_7600c,0.3794455090270632,8.988860421699663,0.057669788642649655,100000
jaou7_7610c,0.3794455090270632,8.953519459604314,0.05757601217667917,100000
jaou7_7705c,0.3794455090270632,8.623721779205516,0.05668675944422084,100000
jaou7_7710c,0.3794455090270632,8.606669227201909,0.05664002977571026,100000
jaou7_7725c,0.3794455090270632,8.55568086859162,0.056499907404719336,100000
jaou7_5800p,0.3794455090270632,4.132205660293044,0.023339053205895216,100000
jaou7_5900p,0.3794455090270632,4.475262688285257,0.024442243517730975,100000
jaou7_6000p,0.3794455090270632,4.834216436929447,0.025552997529862485,100000
jaou7_6200p,0.3794455090270632,5.598955037428583,0.027792091244582817,100000
jaou7_6420p,0.3794455090270632,6.514139987019191,0.03026487703493874,100000
jaou7_6500p,0.3794455090270632,6.8664787220702905,0.031162681378240603,100000
jaou7_6750p,0.3794455090270632,8.029486044290453,0.03396194042180902,100000
jaou7_6800p,0.3794455090270632,8.273552234095185,0.03451851595792736,100000
jaou7_6900p,0.3794455090270632,8.772509063896974,0.035628218902163146,100000
jaou7_7000p,0.3794455090270632,9.285609083719804,0.03673255628461232,100000
jaou7_7400p,0.3794455090270632,11.482510473444858,0.04105551247277371,100000
jaou7_7450p,0.3794455090270632,11.772227260019221,0.041584944597139364,100000
jaou7_7500p,0.3794455090270632,12.06523433477468,0.04211142622713489,100000
jaou7_6820c,0.38325375405055273,12.254196412887993,0.06573595596880703,100000
jaou7_6825c,0.38325375405055273,12.231222456660303,0.06568972721764255,100000
jaou7_6860c,0.38325375405055273,12.071410568255871,0.06536577644418255,100000
jaou7_6900c,0.38325375405055273,11.890862178982967,0.06499494014116114,100000
jaou7_6905c,0.38325375405055273,11.868450345719014,0.0649485427980517,100000
jaou7_6930c,0.38325375405055273,11.756936524974524,0.06471637699916111,100000
jaou7_7000c,0.38325375405055273,11.449354285213245,0.06406512815505837,100000
jaou7_7110c,0.38325375405055273,10.980629788564881,0.06303725593289315,100000
jaou7_7200c,0.38325375405055273,10.610110748033165,0.06219318755974012,100000
jaou7_7335c,0.38325375405055273,10.07534905527975,0.060924281432729946,100000
jaou7_7400c,0.38325375405055273,9.826412785718247,0.06031317775068673,100000
jaou7_7450c,0.38325375405055273,9.638482403527966,0.059843503129802855,100000
jaou7_7500c,0.38325375405055273,9.453810658910333,0.0593739713018174,100000
jaou7_7542c,0.38325375405055273,9.300978354491264,0.05898007302666003,100000
jaou7_7550c,0.38325375405055273,9.272117683329133,0.058905079609100415,100000
jaou7_7600c,0.38325375405055273,9.093585149048776,0.05843658918681089,100000
jaou7_7610c,0.38325375405055273,9.058265108722491,0.058342931371881075,100000
jaou7_7705c,0.38325375405055273,8.728607188038335,0.05745478349649253,100000
jaou7_7710c,0.38325375405055273,8.711559012270234,0.05740811080639023,100000
jaou7_7725c,0.38325375405055273,8.660580423317922,0.05726816098137328,100000
jaou7_5800p,0.38325375405055273,4.211286919155445,0.02363587232557524,100000
jaou7_5900p,0.38325375405055273,4.556933964646678,0.024741148202191244,100000
jaou7_6000p,0.38325375405055273,4.918419638538515,0.025853580041352957,100000
jaou7_6200p,0.38325375405055273,5.687792598574604,0.02809530538156541,100000
jaou7_6420p,0.38325375405055273,6.607701750514843,0.030569519549272676,100000
jaou7_6500p,0.38325375405055273,6.961518980836409,0.031467805395741885,100000
jaou7_6750p,0.38325375405055273,8.128534956529448,0.034268074263190056,100000
jaou7_6800p,0.38325375405055273,8.373306666715063,0.034824759606777195,100000
jaou7_6900p,0.38325375405055273,8.873480300175261,0.03593484537656677,100000
jaou7_7000p,0.38325375405055273,9.387713217262375,0.037039382440532245,100000
jaou7_7400p,0.38325375405055273,11.587734961194712,0.04136331178258381,100000
jaou7_7450p,0.38325375405055273,11.87767498443285,0.04189295996633198,100000
jaou7_7500p,0.38325375405055273,12.170873645243631,0.042419675912187225,100000
jaou7_6820c,0.38706199907404226,12.352968639877528,0.06649774883597243,100000
jaou7_6825c,0.38706199907404226,12.330060300804684,0.06645155923702653,100000
jaou7_6860c,0.38706199907404226,12.170685202285227,0.06612791443248045,100000
jaou7_6900c,0.38706199907404226,11.990605868058472,0.06575746162622659,100000
jaou7_6905c,0.38706199907404226,11.96825736684656,0.06571110192305295,100000
jaou7_6930c,0.38706199907404226,11.857016952828598,0.06547919752589905,100000
jaou7_7000c,0.38706199907404226,11.550219887515176,0.06482859275075682,100000
jaou7_7110c,0.38706199907404226,11.082600022424334,0.06380179688228106,100000
jaou7_7200c,0.38706199907404226,10.712851312373553,0.06295868226091368,100000
jaou7_7335c,0.38706199907404226,10.179006601329906,0.06169132532978295,100000
jaou7_7400c,0.38706199907404226,9.930395114308382,0.06108103247243481,100000
jaou7_7450c,0.38706199907404226,9.742693123615178,0.060611957540945706,100000
jaou7_7500c,0.38706199907404226,9.558214692705125,0.06014302928450228,100000
jaou7_7542c,0.38706199907404226,9.40551417690201,0.05974964561566578,100000
jaou7_7550c,0.38706199907404226,9.376677017026202,0.059674748398404,100000
jaou7_7600c,0.38706199907404226,9.198281839687615,0.059206842718720114,100000
jaou7_7610c,0.38706199907404226,9.162983497715311,0.05911330428527675,100000
jaou7_7705c,0.38706199907404226,8.833474790518169,0.05822626743911271,100000
jaou7_7710c,0.38706199907404226,8.816431531682031,0.058179652109432024,100000
jaou7_7725c,0.38706199907404226,8.76546410157205,0.05803987640031147,100000
jaou7_5800p,0.38706199907404226,4.2905709957224945,0.02393152449025649,100000
jaou7_5900p,0.38706199907404226,4.638805882439095,0.02503877404727284,100000
jaou7_6000p,0.38706199907404226,5.002776479427395,0.02615286639985616,100000
jaou7_6200p,0.38706199907404226,5.776756606539989,0.02839709057143621,100000
jaou7_6420p,0.38706199907404226,6.701329420487085,0.030872697234705114,100000
jaou7_6500p,0.38706199907404226,7.056595347396641,0.031771479073952766,100000
jaou7_6750p,0.38706199907404226,8.227581822124234,0.03457272273206892,100000
jaou7_6800p,0.38706199907404226,8.47304523003294,0.035129532642841514,100000
jaou7_6900p,0.38706199907404226,8.974434780669743,0.03623997204340972,100000
jaou7_7000p,0.38706199907404226,9.48978961098328,0.03734471272007436,100000
jaou7_7400p,0.38706199907404226,11.69292808120382,0.041669597947427355,100000
jaou7_7450p,0.38706199907404226,11.983096495939035,0.04219945116685626,100000
jaou7_7500p,0.38706199907404226,12.276488470457396,0.04272640135354842,100000
jaou7_6820c,0.3908702440975318,12.451718362331185,0.06726296608027316,100000
jaou7_6825c,0.3908702440975318,12.428876242318,0.06721681413137882,100000
jaou7_6860c,0.3908702440975318,12.269926360191768,0.06689349413103303,100000
jaou7_6900c,0.3908702440975318,12.090319065410409,0.0665234167512876,100000
jaou7_6905c,0.3908702440975318,12.068025431048016,0.06647710983874229,100000
jaou7_6930c,0.3908702440975318,11.957060593970613,0.06624546149572906,100000
jaou7_7000c,0.3908702440975318,11.651039329958717,0.06559551446498244,100000
jaou7_7110c,0.3908702440975318,11.184532008066736,0.06456977908491209,100000
jaou7_7200c,0.3908702440975318,10.815548593069176,0.06372762827404983,100000
jaou7_7335c,0.3908702440975318,10.282618180898812,0.06246183223829768,100000
jaou7_7400c,0.3908702440975318,10.034335880970156,0.06185234886153024,100000
jaou7_7450c,0.3908702440975318,9.846862814650345,0.06138387841792105,100000
jaou7_7500c,0.3908702440975318,9.66257780012515,0.060915560197106526,100000
jaou7_7542c,0.3908702440975318,9.510015915532854,0.06052268669619363,100000
jaou7_7550c,0.3908702440975318,9.481202445982017,0.06044788670365288,100000
jaou7_7600c,0.3908702440975318,9.302949518686866,0.059980566921031146,100000
jaou7_7610c,0.3908702440975318,9.267673292700088,0.0598871491049821,100000
jaou7_7705c,0.3908702440975318,8.938323032732503,0.05900122923158913,100000
jaou7_7710c,0.3908702440975318,8.921285064089913,0.058954671864492776,100000
jaou7_7725c,0.3908702440975318,8.87033073511271,0.05881507090216377,100000
jaou7_5800p,0.3908702440975318,4.370060285172074,0.024225987119777786,100000
jaou7_5900p,0.3908702440975318,4.720897255733049,0.025335073584990556,100000
jaou7_6000p,0.3908702440975318,5.087302240412373,0.026450816582112555,100000
jaou7_6200p,0.3908702440975318,5.865850662887573,0.02869743325392655,100000
jaou7_6420p,0.3908702440975318,6.7950369297852795,0.03117437742198063,100000
jaou7_6500p,0.3908702440975318,7.15169751438618,0.032073723980776125,100000
jaou7_6750p,0.3908702440975318,8.326631867577522,0.034875875339656734,100000
jaou7_6800p,0.3908702440975318,8.572764146893999,0.03543284660581082,100000
jaou7_6900p,0.3908702440975318,9.075371519042925,0.03654360448343545,100000
jaou7_7000p,0.3908702440975318,9.591832594448068,0.03764856505635552,100000
jaou7_7400p,0.3908702440975318,11.798092388886841,0.041974367454147274,100000
jaou7_7450p,0.3908702440975318,12.088489727995446,0.04250442752984344,100000
jaou7_7500p,0.3908702440975318,12.382075118898673,0.04303161639788863,100000
jaou7_6820c,0.3946784891210213,12.550440140422227,0.06803163416858457,100000
jaou7_6825c,0.3946784891210213,12.527654871028446,0.06798553684508445,100000
jaou7_6860c,0.3946784891210213,12.36912127748959,0.06766255546243796,100000
jaou7_6900c,0.3946784891210213,12.18999301914211,0.06729283810870952,100000
jaou7_6905c,0.3946784891210213,12.167754371313718,0.06724658346964782,100000
jaou7_6930c,0.3946784891210213,12.05706552967105,0.06701518904210979,100000
jaou7_7000c,0.3946784891210213,11.751821731025174,0.06636589396722316,100000
jaou7_7110c,0.3946784891210213,11.286421479327464,0.06534122701488689,100000
jaou7_7200c,0.3946784891210213,10.918202182379284,0.06450004342874076,100000
jaou7_7335c,0.3946784891210213,10.386181969881239,0.06323582222857414,100000
jaou7_7400c,0.3946784891210213,10.138235040652795,0.06262714395012708,100000
jaou7_7450c,0.3946784891210213,9.950992388674962,0.06215928115295154,100000
jaou7_7500c,0.3946784891210213,9.766900959925403,0.061691579187387754,100000
jaou7_7542c,0.3946784891210213,9.614481914433448,0.06129921544247226,100000
jaou7_7550c,0.3946784891210213,9.585691984876963,0.06122451417993417,100000
jaou7_7600c,0.3946784891210213,9.407585783883038,0.06075778185633161,100000
jaou7_7610c,0.3946784891210213,9.372333641644572,0.06066448343989289,100000
jaou7_7705c,0.3946784891210213,9.043150546834138,0.059779686741221694,100000
jaou7_7710c,0.3946784891210213,9.026118457992872,0.05973318757894415,100000
jaou7_7725c,0.3946784891210213,8.975179274938858,0.059593761745136226,100000
jaou7_5800p,0.3946784891210213,4.449783023349048,0.02451919369792949,100000
jaou7_5900p,0.3946784891210213,4.803171866648782,0.025630100356132314,100000
jaou7_6000p,0.3946784891210213,5.171990649650376,0.026747431389458013,100000
jaou7_6200p,0.3946784891210213,5.955039375505426,0.02899639937303972,100000
jaou7_6420p,0.3946784891210213,6.8887874594371805,0.03147463810128397,100000
jaou7_6500p,0.3946784891210213,7.246825095640539,0.032374539859384155,100000
jaou7_6750p,0.3946784891210213,8.42568314001112,0.03517753871141097,100000
jaou7_6800p,0.3946784891210213,8.67246395143178,0.03573470243237389,100000
jaou7_6900p,0.3946784891210213,9.17628178748119,0.03684576736154677,100000
jaou7_7000p,0.3946784891210213,9.693851310221092,0.03795091972164764,100000
jaou7_7400p,0.3946784891210213,11.903227863276047,0.04227762401378764,100000
jaou7_7450p,0.3946784891210213,12.193855616726633,0.042807889848641714,100000
jaou7_7500p,0.3946784891210213,12.48763459340549,0.04333532141183829,100000
jaou7_6820c,0.39848673414451086,12.64912663668646,0.06880378324734132,100000
jaou7_6825c,0.39848673414451086,12.626405209484668,0.0687577272865631,100000
jaou7_6860c,0.39848673414451086,12.46828945757457,0.06843507939292416,100000
jaou7_6900c,0.39848673414451086,12.289627435860876,0.06806574299160598,100000
jaou7_6905c,0.39848673414451086,12.267442574328657,0.06801954250970198,100000
jaou7_6930c,0.39848673414451086,12.157016283313506,0.06778842490262764,100000
jaou7_7000c,0.39848673414451086,11.85257495895854,0.06713973434801496,100000
jaou7_7110c,0.39848673414451086,11.388267600832055,0.06611615933804008,100000
jaou7_7200c,0.39848673414451086,11.020807863654294,0.06527595213744451,100000
jaou7_7335c,0.39848673414451086,10.48970351350061,0.06401330338076378,100000
jaou7_7400c,0.39848673414451086,10.242086083273584,0.06340544540289313,100000
jaou7_7450c,0.39848673414451086,10.05508450362768,0.06293817849651379,100000
jaou7_7500c,0.39848673414451086,9.87118251774368,0.062471105733532616,100000
jaou7_7542c,0.39848673414451086,9.718910582521394,0.062079251077766746,100000
jaou7_7550c,0.39848673414451086,9.690147597270212,0.06200464444999435,100000
jaou7_7600c,0.39848673414451086,9.51218970827469,0.061538505460645924,100000
jaou7_7610c,0.39848673414451086,9.476962179471961,0.06144532740612044,100000
jaou7_7705c,0.39848673414451086,9.147956817508545,0.06056165673489949,100000
jaou7_7710c,0.39848673414451086,9.130930706895212,0.06051521673272195,100000
jaou7_7725c,0.39848673414451086,9.080008175687711,0.0603759671306324,100000
jaou7_5800p,0.39848673414451086,4.5297061834193535,0.024811188733584386,100000
jaou7_5900p,0.39848673414451086,4.885645259889609,0.025923812969142042,100000
jaou7_6000p,0.39848673414451086,5.256827567073629,0.02704272854123902,100000
jaou7_6200p,0.39848673414451086,6.04430987737087,0.02929400918354353,100000
jaou7_6420p,0.39848673414451086,6.982585583027851,0.03177346696983439,100000
jaou7_6500p,0.39848673414451086,7.342007696437388,0.03267385975590859,100000
jaou7_6750p,0.39848673414451086,8.52472690995063,0.03547773571861359,100000
jaou7_6800p,0.39848673414451086,8.772152339548875,0.036035083919484165,100000
jaou7_6900p,0.39848673414451086,9.27716531696286,0.03714646443305285,100000
jaou7_7000p,0.39848673414451086,9.795853650917358,0.03825176017322494,100000
jaou7_7400p,0.39848673414451086,12.008328018659737,0.0425793894871065,100000
jaou7_7450p,0.39848673414451086,12.299196844442251,0.043109833927543195,100000
jaou7_7500p,0.39848673414451086,12.593165263986666,0.04363752433591948,100000
jaou7_6820c,0.4022949791680004,12.74778852988576,0.06957941036066939,100000
jaou7_6825c,0.4022949791680004,12.725129146982225,0.06953339871793661,100000
jaou7_6860c,0.4022949791680004,12.567421763219535,0.06921109941653104,100000
jaou7_6900c,0.4022949791680004,12.389219630446403,0.06884215316414512,100000
jaou7_6905c,0.4022949791680004,12.367092975733458,0.06879599862140166,100000
jaou7_6930c,0.4022949791680004,12.256947552055209,0.06856512379805853,100000
jaou7_7000c,0.4022949791680004,11.953292529887525,0.06791706427763804,100000
jaou7_7110c,0.4022949791680004,11.490072227868492,0.06689459020459332,100000
jaou7_7200c,0.4022949791680004,11.1233679028671,0.06605536796558828,100000
jaou7_7335c,0.4022949791680004,10.593171646841876,0.06479431134799618,100000
jaou7_7400c,0.4022949791680004,10.345890650923259,0.06418726779865826,100000
jaou7_7450c,0.4022949791680004,10.159134781206717,0.06372059461137898,100000
jaou7_7500c,0.4022949791680004,9.975423449955775,0.06325415530381417,100000
jaou7_7542c,0.4022949791680004,9.823302459667653,0.06286280964274452,100000
jaou7_7550c,0.4022949791680004,9.794565312526421,0.06278830058742788,100000
jaou7_7600c,0.4022949791680004,9.61676087381782,0.06232275505090782,100000
jaou7_7610c,0.4022949791680004,9.581559415132267,0.062229696847478574,100000
jaou7_7705c,0.4022949791680004,9.252740809006434,0.06134715695762955,100000
jaou7_7710c,0.4022949791680004,9.235720840933265,0.06130077694070429,100000
jaou7_7725c,0.4022949791680004,9.184816125542849,0.06116170509935033,100000
jaou7_5800p,0.4022949791680004,4.609820338062535,0.025101974226179474,100000
jaou7_5900p,0.4022949791680004,4.968267259779768,0.026216294052698062,100000
jaou7_6000p,0.4022949791680004,5.341771170807702,0.027336778276478815,100000
jaou7_6200p,0.4022949791680004,6.133690744332561,0.029590198223309723,100000
jaou7_6420p,0.4022949791680004,7.0764236935194935,0.032070878924432035,100000
jaou7_6500p,0.4022949791680004,7.437197932639723,0.03297178928327144,100000
jaou7_6750p,0.4022949791680004,8.623773492404693,0.03577644366323951,100000
jaou7_6800p,0.4022949791680004,8.871829938264339,0.03633399202643885,100000
jaou7_6900p,0.4022949791680004,9.378019447027956,0.03744570543558417,100000
jaou7_7000p,0.4022949791680004,9.89783315732591,0.03855110650036369,100000
jaou7_7400p,0.4022949791680004,12.11339452178898,0.042879662810530704,100000
jaou7_7450p,0.4022949791680004,12.404509057500857,0.04341027560392763,100000
jaou7_7500p,0.4022949791680004,12.698668131678328,0.04393822552461378,100000
jaou7_6820c,0.4061032241914899,12.84641949204336,0.070358544018923,100000
jaou7_6825c,0.4061032241914899,12.823818616410382,0.07031258284162926,100000
jaou7_6860c,0.4061032241914899,12.66652803224639,0.06999061468197401,100000
jaou7_6900c,0.4061032241914899,12.48877834734001,0.0696220699720593,100000
jaou7_6905c,0.4061032241914899,12.46670518873457,0.06957596956829493,100000
jaou7_6930c,0.4061032241914899,12.356850894085868,0.0693453180302757,100000
jaou7_7000c,0.4061032241914899,12.053966496473764,0.06869791513452754,100000
jaou7_7110c,0.4061032241914899,11.591836186384736,0.06767653568489151,100000
jaou7_7200c,0.4061032241914899,11.225883342314832,0.06683830669871059,100000
jaou7_7335c,0.4061032241914899,10.696593523643305,0.06557885190045962,100000
jaou7_7400c,0.4061032241914899,10.44964887623268,0.06497262831384117,100000
jaou7_7450c,0.4061032241914899,10.263139862875585,0.06450655215277434,100000
jaou7_7500c,0.4061032241914899,10.079621816263828,0.0640407481272015,100000
jaou7_7542c,0.4061032241914899,9.927655416158293,0.06364991151556108,100000
jaou7_7550c,0.4061032241914899,9.898945915291522,0.06357549838554051,100000
jaou7_7600c,0.4061032241914899,9.721299274225887,0.06311054747765103,100000
jaou7_7610c,0.4061032241914899,9.686124612230323,0.0630176097009396,100000
jaou7_7705c,0.4061032241914899,9.35750025681756,0.06213620719303815,100000
jaou7_7710c,0.4061032241914899,9.340487446828403,0.062089886674129624,100000
jaou7_7725c,0.4061032241914899,9.289601834817603,0.061950993849444615,100000
jaou7_5800p,0.4061032241914899,4.6900989772192085,0.025391583959745806,100000
jaou7_5900p,0.4061032241914899,5.051024963133267,0.026507554726034433,100000
jaou7_6000p,0.4061032241914899,5.426811964553721,0.027629588929519364,100000
jaou7_6200p,0.4061032241914899,6.2231680273864605,0.0298849902361792,100000
jaou7_6420p,0.4061032241914899,7.170295221196609,0.03236688652347596,100000
jaou7_6500p,0.4061032241914899,7.532405909265464,0.03326830483442066,100000
jaou7_6750p,0.4061032241914899,8.72279853145552,0.036073723221259346,100000
jaou7_6800p,0.4061032241914899,8.971483010517236,0.03663146264254432,100000
jaou7_6900p,0.4061032241914899,9.478852947068782,0.03774347150915335,100000
jaou7_7000p,0.4061032241914899,9.999781907059374,0.03884898249166496,100000
jaou7_7400p,0.4061032241914899,12.218427530245622,0.04317844714179573,100000
jaou7_7450p,0.4061032241914899,12.509788922316947,0.04370922783094704,100000
jaou7_7500p,0.4061032241914899,12.804141281133603,0.044237433748631726,100000
jaou7_6820c,0.40991146921497945,12.945009293117861,0.07114121994551098,100000
jaou7_6825c,0.40991146921497945,12.922460301447618,0.07109532100022452,100000
jaou7_6860c,0.40991146921497945,12.765597854314535,0.0707736612021679,100000
jaou7_6900c,0.40991146921497945,12.588288333495083,0.07040553801991982,100000
jaou7_6905c,0.40991146921497945,12.566262233616944,0.07035950307506655,100000
jaou7_6930c,0.40991146921497945,12.45671451603362,0.07012904605599188,100000
jaou7_7000c,0.40991146921497945,12.154611715416715,0.06948227830292218,100000
jaou7_7110c,0.40991146921497945,11.693556003324538,0.06846201939180992,100000
jaou7_7200c,0.40991146921497945,11.328350847748993,0.06762479162293467,100000
jaou7_7335c,0.40991146921497945,10.799970493135444,0.06636694045813564,100000
jaou7_7400c,0.40991146921497945,10.55336099779977,0.06576154410084402,100000
jaou7_7450c,0.40991146921497945,10.367103615439385,0.06529606240891693,100000
jaou7_7500c,0.40991146921497945,10.183776682007014,0.06483090299859108,100000
jaou7_7542c,0.40991146921497945,10.031971398340877,0.06444057086378947,100000
jaou7_7550c,0.40991146921497945,10.003287471681926,0.06436625803917768,100000
jaou7_7600c,0.40991146921497945,9.825804078694363,0.0639019010341487,100000
jaou7_7610c,0.40991146921497945,9.790654820738519,0.06380908747398104,100000
jaou7_7705c,0.40991146921497945,9.462233873791734,0.06292882593198189,100000
jaou7_7710c,0.40991146921497945,9.44522856404177,0.06288256541152488,100000
jaou7_7725c,0.40991146921497945,9.394364570190302,0.0627438509337363,100000
jaou7_5800p,0.40991146921497945,4.77056128648317,0.025679968001978457,100000
jaou7_5900p,0.40991146921497945,5.133918212334428,0.026797583422102214,100000
jaou7_6000p,0.40991146921497945,5.511992502984205,0.027921067628930107,100000
jaou7_6200p,0.40991146921497945,6.3127578362851615,0.030178347080483,100000
jaou7_6420p,0.40991146921497945,7.264192975700877,0.03266150407851467,100000
jaou7_6500p,0.40991146921497945,7.627633348194426,0.033563402122964214,100000
jaou7_6750p,0.40991146921497945,8.821811769147033,0.03636955304717408,100000
jaou7_6800p,0.40991146921497945,9.07112283390928,0.03692747069261254,100000
jaou7_6900p,0.40991146921497945,9.579650589281739,0.038039804016105315,100000
jaou7_7000p,0.40991146921497945,10.101714782060206,0.039145353433189214,100000
jaou7_7400p,0.40991146921497945,12.323427307870595,0.04347574532213884,100000
jaou7_7450p,0.40991146921497945,12.615040330938626,0.04400668290030244,100000
jaou7_7500p,0.40991146921497945,12.909583802934675,0.044535154870575085,100000
jaou7_6820c,0.413719714238469,13.04355830586415,0.07192745467616454,100000
jaou7_6825c,0.413719714238469,13.021076315937522,0.07188159015761025,100000
jaou7_6860c,0.413719714238469,12.86462814539407,0.07156026187272217,100000
jaou7_6900c,0.413719714238469,12.687753382098641,0.07119256794668473,100000
jaou7_6905c,0.413719714238469,12.665799239858321,0.0711465537550805,100000
jaou7_6930c,0.413719714238469,12.556541359483578,0.07091632012604374,100000
jaou7_7000c,0.413719714238469,12.255219323933641,0.07027018695538674,100000
jaou7_7110c,0.413719714238469,11.795236404753295,0.06925105101000377,100000
jaou7_7200c,0.413719714238469,11.43077242367405,0.06841483721065035,100000
jaou7_7335c,0.413719714238469,10.903299385854114,0.06715859996137784,100000
jaou7_7400c,0.413719714238469,10.657027846133152,0.06655403151558655,100000
jaou7_7450c,0.413719714238469,10.471024394083189,0.06608914559993903,100000
jaou7_7500c,0.413719714238469,10.28789141897047,0.06562463209922997,100000
jaou7_7542c,0.413719714238469,10.13624698672675,0.06523481038651162,100000
jaou7_7550c,0.413719714238469,10.107590931417356,0.06516059541412271,100000
jaou7_7600c,0.413719714238469,9.930272553738053,0.06469683710169088,100000
jaou7_7610c,0.413719714238469,9.895150958963981,0.06460414589588873,100000
jaou7_7705c,0.413719714238469,9.566941252327844,0.06372503052647191,100000
jaou7_7710c,0.413719714238469,9.549944193019886,0.06367882986731949,100000
jaou7_7725c,0.413719714238469,9.499102754906732,0.06354029535817297,100000
jaou7_5800p,0.413719714238469,4.851243410804568,0.02596704764570614,100000
jaou7_5900p,0.413719714238469,5.2169825420680995,0.02708630151533654,100000
jaou7_6000p,0.413719714238469,5.597283174155806,0.028211264326996065,100000
jaou7_6200p,0.413719714238469,6.402442699135549,0.03047030065369712,100000
jaou7_6420p,0.413719714238469,7.358123526796987,0.03295471564132419,100000
jaou7_6500p,0.413719714238469,7.722855071074462,0.033857137776339356,100000
jaou7_6750p,0.413719714238469,8.920799001309707,0.03666396957635849,100000
jaou7_6800p,0.413719714238469,9.170746691087654,0.03722202540664036,100000
jaou7_6900p,0.413719714238469,9.680416192390215,0.03833469633064998,100000
jaou7_7000p,0.413719714238469,10.203622945082047,0.03944024566055134,100000
jaou7_7400p,0.413719714238469,12.428394710708899,0.04377155848966011,100000
jaou7_7450p,0.413719714238469,12.72026166408735,0.04430264885077683,100000
jaou7_7500p,0.413719714238469,13.01499909440305,0.04483138227035017,100000
jaou7_6820c,0.4175279592619585,13.142080065290951,0.07271724094769991,100000
jaou7_6825c,0.4175279592619585,13.119655323811958,0.07267142827149918,100000
jaou7_6860c,0.4175279592619585,12.963619416279597,0.07235043324196383,100000
jaou7_6900c,0.4175279592619585,12.787205788356214,0.07198311969110115,100000
jaou7_6905c,0.4175279592619585,12.765309104680359,0.07193715187105137,100000
jaou7_6930c,0.4175279592619585,12.656341823201604,0.07170713949094418,100000
jaou7_7000c,0.4175279592619585,12.355787111085991,0.07106166278948964,100000
jaou7_7110c,0.4175279592619585,11.896864923893403,0.07004366973082353,100000
jaou7_7200c,0.4175279592619585,11.533150741597815,0.06920845696021738,100000
jaou7_7335c,0.4175279592619585,11.006578263124425,0.06795385146256697,100000
jaou7_7400c,0.4175279592619585,10.76065138124773,0.06735010525981226,100000
jaou7_7450c,0.4175279592619585,10.574898322417976,0.0668858256189511,100000
jaou7_7500c,0.4175279592619585,10.391966214295705,0.06642195278175297,100000
jaou7_7542c,0.4175279592619585,10.24048211434054,0.06603264771145458,100000
jaou7_7550c,0.4175279592619585,10.211856124316924,0.06595852828347086,100000
jaou7_7600c,0.4175279592619585,10.034705090389759,0.0654953724237062,100000
jaou7_7610c,0.4175279592619585,9.99961154243072,0.06540280454979071,100000
jaou7_7705c,0.4175279592619585,9.671621471127978,0.06452483928661712,100000
jaou7_7710c,0.4175279592619585,9.654633044076562,0.06447869888065104,100000
jaou7_7725c,0.4175279592619585,9.603814879595971,0.0643403462117071,100000
jaou7_5800p,0.4175279592619585,4.932097778599415,0.02625289905378405,100000
jaou7_5900p,0.4175279592619585,5.300188361666306,0.027373755829889636,100000
jaou7_6000p,0.4175279592619585,5.68270731679236,0.02850012462066634,100000
jaou7_6200p,0.4175279592619585,6.492220175577111,0.03076085204370903,100000
jaou7_6420p,0.4175279592619585,7.452080193022773,0.03324653476123557,100000
jaou7_6500p,0.4175279592619585,7.818088287043692,0.03414947227770674,100000
jaou7_6750p,0.4175279592619585,9.019775942605307,0.0369569368563515,100000
jaou7_6800p,0.4175279592619585,9.270345052176108,0.03751515277992086,100000
jaou7_6900p,0.4175279592619585,9.781182077430845,0.03862807014415686,100000
jaou7_7000p,0.4175279592619585,10.305504211017455,0.039733668253298667,100000
jaou7_7400p,0.4175279592619585,12.533331724606528,0.044065884551455416,100000
jaou7_7450p,0.4175279592619585,12.825449071205194,0.044597140134900924,100000
jaou7_7500p,0.4175279592619585,13.120387368511338,0.045126118536203075,100000
jaou7_6820c,0.42133620428544805,13.240566875109165,0.07351061030520392,100000
jaou7_6825c,0.42133620428544805,13.218209456468857,0.0734648310113779,100000
jaou7_6860c,0.42133620428544805,13.06256794650591,0.07314419962180956,100000
jaou7_6900c,0.42133620428544805,12.88661899128553,0.07277725831338713,100000
jaou7_6905c,0.42133620428544805,12.864779014869914,0.07273133803044686,100000
jaou7_6930c,0.42133620428544805,12.756099951016004,0.07250155016068908,100000
jaou7_7000c,0.42133620428544805,12.45632281879657,0.07185671026261796,100000
jaou7_7110c,0.42133620428544805,11.998453297907941,0.0708398736645614,100000
jaou7_7200c,0.42133620428544805,11.635479590371684,0.07000567935081291,100000
jaou7_7335c,0.42133620428544805,11.109804038229585,0.06875271802377535,100000
jaou7_7400c,0.42133620428544805,10.864226196048833,0.06814979197194146,100000
jaou7_7450c,0.42133620428544805,10.67872627809332,0.06768611897329273,100000
jaou7_7500c,0.42133620428544805,10.495998934905165,0.06722288619121916,100000
jaou7_7542c,0.42133620428544805,10.344675765128638,0.06683410210342774,100000
jaou7_7550c,0.42133620428544805,10.316084128059778,0.06676007265306501,100000
jaou7_7600c,0.42133620428544805,10.139101549896433,0.0662975247260388,100000
jaou7_7610c,0.42133620428544805,10.104035654129884,0.06620508231878733,100000
jaou7_7705c,0.42133620428544805,9.776272156313915,0.06532827288151295,100000
jaou7_7710c,0.42133620428544805,9.759292577907052,0.06528219334232233,100000
jaou7_7725c,0.42133620428544805,9.708500044801196,0.06514402185750023,100000
jaou7_5800p,0.42133620428544805,5.013143139192664,0.026537475611400577,100000
jaou7_5900p,0.42133620428544805,5.383566232312932,0.027659877940020124,100000
jaou7_6000p,0.42133620428544805,5.768253289555388,0.028787664117577435,100000
jaou7_6200p,0.42133620428544805,6.582078775717071,0.031050021263536495,100000
jaou7_6420p,0.42133620428544805,7.54606816379918,0.03353694864252519,100000
jaou7_6500p,0.42133620428544805,7.913357777600233,0.03444034888843616,100000
jaou7_6750p,0.42133620428544805,9.11874390138446,0.03724845395256863,100000
jaou7_6800p,0.42133620428544805,9.369910465685223,0.03780687368482696,100000
jaou7_6900p,0.42133620428544805,9.881921709548553,0.038919995700855435,100000
jaou7_7000p,0.42133620428544805,10.407366347916431,0.04002560462500778,100000
jaou7_7400p,0.42133620428544805,12.638232968596027,0.04435874232647322,100000
jaou7_7450p,0.42133620428544805,12.930603456068933,0.04489015754941866,100000
jaou7_7500p,0.42133620428544805,13.225746518309196,0.04541937298729008,100000
jaou7_6820c,0.4251444493089376,13.339028279864893,0.07430756323636889,100000
jaou7_6825c,0.4251444493089376,13.316725616663122,0.07426183969938885,100000
jaou7_6860c,0.4251444493089376,13.161482160324114,0.07394156371466025,100000
jaou7_6900c,0.4251444493089376,12.985994545988133,0.07357499897289242,100000
jaou7_6905c,0.4251444493089376,12.964211872761487,0.07352912499525964,100000
jaou7_6930c,0.4251444493089376,12.855810188576795,0.0732995798745401,100000
jaou7_7000c,0.4251444493089376,12.556811041782547,0.07265537420780586,100000
jaou7_7110c,0.4251444493089376,12.099993100092867,0.07163969529897249,100000
jaou7_7200c,0.4251444493089376,11.737748617786332,0.07080653984508799,100000
jaou7_7335c,0.4251444493089376,11.212979328017088,0.0695552136064684,100000
jaou7_7400c,0.4251444493089376,10.96775289731306,0.06895310881530724,100000
jaou7_7450c,0.4251444493089376,10.782506592948865,0.06849004634953748,100000
jaou7_7500c,0.4251444493089376,10.599989026606147,0.068027451151244,100000
jaou7_7542c,0.4251444493089376,10.448829445122833,0.06763918908070335,100000
jaou7_7550c,0.4251444493089376,10.420271934629435,0.0675652510126676,100000
jaou7_7600c,0.4251444493089376,10.243458304005044,0.06710331724140799,100000
jaou7_7610c,0.4251444493089376,10.208422201686375,0.06701099851795361,100000
jaou7_7705c,0.4251444493089376,9.880893671382797,0.06613534805968437,100000
jaou7_7710c,0.4251444493089376,9.863922136918502,0.06608933150484222,100000
jaou7_7725c,0.4251444493089376,9.813157733655684,0.06595134027447823,100000
jaou7_5800p,0.4251444493089376,5.094350456618451,0.026820821361096838,100000
jaou7_5900p,0.4251444493089376,5.467048115753122,0.02794479056719125,100000
jaou7_6000p,0.4251444493089376,5.853916058736555,0.029073885524307865,100000
jaou7_6200p,0.4251444493089376,6.671997274313646,0.03133784928817953,100000
jaou7_6420p,0.4251444493089376,7.640103784788708,0.033825920030437585,100000
jaou7_6500p,0.4251444493089376,8.008656153293126,0.0347297849647321,100000
jaou7_6750p,0.4251444493089376,9.217687803703312,0.037538559979068596,100000
jaou7_6800p,0.4251444493089376,9.46946386459487,0.038097138973362775,100000
jaou7_6900p,0.4251444493089376,9.982636670269557,0.03921047207957256,100000
jaou7_7000p,0.4251444493089376,10.509193976920809,0.040316098217522675,100000
jaou7_7400p,0.4251444493089376,12.743099075878659,0.0446501335316999,100000
jaou7_7450p,0.4251444493089376,13.035723176942877,0.04518170919773231,100000
jaou7_7500p,0.4251444493089376,13.331076016028579,0.045711150356186836,100000
jaou7_6820c,0.4289526943324271,13.437448828280512,0.07510814545316094,100000
jaou7_6825c,0.4289526943324271,13.415201916999703,0.07506247561558918,100000
jaou7_6860c,0.4289526943324271,13.260339422472613,0.07474258381047066,100000
jaou7_6900c,0.4289526943324271,13.085336097311792,0.0743763533201291,100000
jaou7_6905c,0.4289526943324271,13.063618537575564,0.07433051170920303,100000
jaou7_6930c,0.4289526943324271,12.95548473013001,0.07410122535034482,100000
jaou7_7000c,0.4289526943324271,12.657248952928514,0.07345767775011701,100000
jaou7_7110c,0.4289526943324271,12.201472887374557,0.07244317233079055,100000
jaou7_7200c,0.4289526943324271,11.839966390879242,0.07161104258650627,100000
jaou7_7335c,0.4289526943324271,11.316101382288853,0.07036136098589116,100000
jaou7_7400c,0.4289526943324271,11.071231691094784,0.06976007374694865,100000
jaou7_7450c,0.4289526943324271,10.886240702576355,0.06929762368649994,100000
jaou7_7500c,0.4289526943324271,10.703934247283778,0.06883566926992762,100000
jaou7_7542c,0.4289526943324271,10.55294342292726,0.0684479262498,100000
jaou7_7550c,0.4289526943324271,10.52441930793975,0.06837408172107383,100000
jaou7_7600c,0.4289526943324271,10.347777622239958,0.0679127643509182,100000
jaou7_7610c,0.4289526943324271,10.312769109036289,0.06782057412527412,100000
jaou7_7705c,0.4289526943324271,9.985484417129335,0.06694608468931118,100000
jaou7_7710c,0.4289526943324271,9.96852068762835,0.06690013236482288,100000
jaou7_7725c,0.4289526943324271,9.917786412704835,0.06676232114096761,100000
jaou7_5800p,0.4289526943324271,5.175678249153033,0.027103002580370354,100000
jaou7_5900p,0.4289526943324271,5.550629276839411,0.028228493199610814,100000
jaou7_6000p,0.4289526943324271,5.939698599795685,0.029358776143026687,100000
jaou7_6200p,0.4289526943324271,6.761999862190294,0.03162428082842383,100000
jaou7_6420p,0.4289526943324271,7.7341412176701425,0.03411355133489988,100000
jaou7_6500p,0.4289526943324271,8.103961079660701,0.03501783187769161,100000
jaou7_6750p,0.4289526943324271,9.316614759040228,0.03782723978048205,100000
jaou7_6800p,0.4289526943324271,9.568992706922192,0.03838598235192358,100000
jaou7_6900p,0.4289526943324271,10.083330631165119,0.039499493040146445,100000
jaou7_7000p,0.4289526943324271,10.610984297638675,0.04060515975501525,100000
jaou7_7400p,0.4289526943324271,12.847930279232282,0.044940061003902396,100000
jaou7_7450p,0.4289526943324271,13.14080969614227,0.04547179423736293,100000
jaou7_7500p,0.4289526943324271,13.43637364627811,0.046001460294832354,100000
jaou7_6820c,0.43276093935591664,13.535828509848198,0.07591237499095403,100000
jaou7_6825c,0.43276093935591664,13.513637753462806,0.07586675787934871,100000
jaou7_6860c,0.43276093935591664,13.359169320361659,0.0755472254994545,100000
jaou7_6900c,0.43276093935591664,13.18464960087896,0.07518132909841778,100000
jaou7_6905c,0.43276093935591664,13.162982294894649,0.07513554582863925,100000
jaou7_6930c,0.43276093935591664,13.0551309711598,0.07490649193572933,100000
jaou7_7000c,0.43276093935591664,12.757642729073185,0.0742636285989456,100000
jaou7_7110c,0.43276093935591664,12.302904005022352,0.07325030411282343,100000
jaou7_7200c,0.43276093935591664,11.94213222261385,0.07241920725596615,100000
jaou7_7335c,0.43276093935591664,11.419170185627774,0.07117117868349088,100000
jaou7_7400c,0.43276093935591664,11.174662035063841,0.07057070606459111,100000
jaou7_7450c,0.43276093935591664,10.989924987249088,0.07010887503720808,100000
jaou7_7500c,0.43276093935591664,10.807834228995741,0.06964755938898318,100000
jaou7_7542c,0.43276093935591664,10.65701669465066,0.0692603333405415,100000
jaou7_7550c,0.43276093935591664,10.628524739932011,0.06918658525927998,100000
jaou7_7600c,0.43276093935591664,10.452056574665317,0.0687258885386419,100000
jaou7_7610c,0.43276093935591664,10.417077018573234,0.06863382614720542,100000
jaou7_7705c,0.43276093935591664,10.09004176126947,0.06776050435627443,100000
jaou7_7710c,0.43276093935591664,10.07308777267864,0.06771461424385887,100000
jaou7_7725c,0.43276093935591664,10.022384860672524,0.06757698385364969,100000
jaou7_5800p,0.43276093935591664,5.2571340206190875,0.027383993993329688,100000
jaou7_5900p,0.43276093935591664,5.6343173901705255,0.028510961258703938,100000
jaou7_6000p,0.43276093935591664,6.025580175677908,0.029642371116825002,100000
jaou7_6200p,0.43276093935591664,6.852079787836845,0.031909327320839946,100000
jaou7_6420p,0.43276093935591664,7.828200162500977,0.03439979719627623,100000
jaou7_6500p,0.43276093935591664,8.199288112465986,0.035304453997018266,100000
jaou7_6750p,0.43276093935591664,9.415528315286041,0.03811448700744515,100000
jaou7_6800p,0.43276093935591664,9.668511238172444,0.03867337102386787,100000
jaou7_6900p,0.43276093935591664,10.184009574881392,0.039787046518133556,100000
jaou7_7000p,0.43276093935591664,10.712743513932455,0.040892776515659784,100000
jaou7_7400p,0.43276093935591664,12.952726063350443,0.04522852970127649,100000
jaou7_7450p,0.43276093935591664,13.245859420964107,0.045760426395848194,100000
jaou7_7500p,0.43276093935591664,13.541639068139181,0.04629030698672736,100000
jaou7_6820c,0.43656918437940617,13.634164757979855,0.07672027460394414,100000
jaou7_6825c,0.43656918437940617,13.612032527111024,0.07667470578953074,100000
jaou7_6860c,0.43656918437940617,13.457979482654737,0.0763554935788908,100000
jaou7_6900c,0.43656918437940617,13.283915447657378,0.07598997917202444,100000
jaou7_6905c,0.43656918437940617,13.262297653323087,0.07594425537112895,100000
jaou7_6930c,0.43656918437940617,13.154735349526995,0.07571542175997094,100000
jaou7_7000c,0.43656918437940617,12.857995584235764,0.07507323978263632,100000
jaou7_7110c,0.43656918437940617,12.40429611601157,0.07406109305212816,100000
jaou7_7200c,0.43656918437940617,12.044253525814524,0.07323104031727744,100000
jaou7_7335c,0.43656918437940617,11.52218510796476,0.07198468634554445,100000
jaou7_7400c,0.43656918437940617,11.278044934853753,0.07138502276882046,100000
jaou7_7450c,0.43656918437940617,11.0935615603336,0.07092381559688814,100000
jaou7_7500c,0.43656918437940617,10.911687818091025,0.0704631417248545,100000
jaou7_7542c,0.43656918437940617,10.761047907674238,0.07007643078261992,100000
jaou7_7550c,0.43656918437940617,10.732587133507137,0.07000278163434359,100000
jaou7_7600c,0.43656918437940617,10.556295227653678,0.06954270788822807,100000
jaou7_7610c,0.43656918437940617,10.521343238936884,0.06945077682554583,100000
jaou7_7705c,0.43656918437940617,10.194565754858644,0.06857862482165979,100000
jaou7_7710c,0.43656918437940617,10.177622811057711,0.06853279582998566,100000
jaou7_7725c,0.43656918437940617,10.126952470835677,0.06839534707888381,100000
jaou7_5800p,0.43656918437940617,5.338750003348071,0.027663723417402135,100000
jaou7_5900p,0.43656918437940617,5.718135683107453,0.028792141311217104,100000
jaou7_6000p,0.43656918437940617,6.111583339474369,0.029924618533709396,100000
jaou7_6200p,0.43656918437940617,6.942233886630821,0.03219299213945511,100000
jaou7_6420p,0.43656918437940617,7.922272305703255,0.03468467607572905,100000
jaou7_6500p,0.43656918437940617,8.294629833011209,0.035589669023375584,100000
jaou7_6750p,0.43656918437940617,9.514419992176403,0.038400324915899245,100000
jaou7_6800p,0.43656918437940617,9.768002586712464,0.0389593497391479,100000
jaou7_6900p,0.43656918437940617,10.284653919711422,0.04007318564727047,100000
jaou7_7000p,0.43656918437940617,10.814474867146643,0.04117894345931092,100000
jaou7_7400p,0.43656918437940617,13.057487461191965,0.04551554013029622,100000
jaou7_7450p,0.43656918437940617,13.35087449210023,0.046047602828976957,100000
jaou7_7500p,0.43656918437940617,13.646871155286073,0.046577696910563335,100000
jaou7_6820c,0.4403774294028957,13.732467024551946,0.07753184586808497,100000
jaou7_6825c,0.4403774294028957,13.710390053417502,0.07748633090731112,100000
jaou7_6860c,0.4403774294028957,13.556747234113235,0.07716744664780963,100000
jaou7_6900c,0.4403774294028957,13.38313373179342,0.07680232189426667,100000
jaou7_6905c,0.4403774294028957,13.361577698740142,0.07675663602623581,100000
jaou7_6930c,0.4403774294028957,13.2543005145856,0.07652802887460429,100000
jaou7_7000c,0.4403774294028957,12.958294329504895,0.07588655258704265,100000
jaou7_7110c,0.4403774294028957,12.505635191110638,0.07487558150513351,100000
jaou7_7200c,0.4403774294028957,12.146329217501387,0.07404656241578257,100000
jaou7_7335c,0.4403774294028957,11.625146749437985,0.07280190180564548,100000
jaou7_7400c,0.4403774294028957,11.381378270548643,0.07220304596448311,100000
jaou7_7450c,0.4403774294028957,11.197148005155515,0.07174246781746318,100000
jaou7_7500c,0.4403774294028957,11.015494929963003,0.07128243499694877,100000
jaou7_7542c,0.4403774294028957,10.865035711293608,0.07089623915688972,100000
jaou7_7550c,0.4403774294028957,10.836607573530127,0.07082268766478876,100000
jaou7_7600c,0.4403774294028957,10.660491661860616,0.07036324366751154,100000
jaou7_7610c,0.4403774294028957,10.625568416055538,0.07027144350166042,100000
jaou7_7705c,0.4403774294028957,10.299055147623429,0.06940046596762792,100000
jaou7_7710c,0.4403774294028957,10.282124661749595,0.06935469682762152,100000
jaou7_7725c,0.4403774294028957,10.231488232917435,0.06921743026578694,100000
jaou7_5800p,0.4403774294028957,5.420507530398891,0.027942217789218387,100000
jaou7_5900p,0.4403774294028957,5.802066499485818,0.0290720600452618,100000
jaou7_6000p,0.4403774294028957,6.197707359805795,0.030205514288815384,100000
jaou7_6200p,0.4403774294028957,7.032483602067695,0.032475226538191536,100000
jaou7_6420p,0.4403774294028957,8.016338563389827,0.034968230795135447,100000
jaou7_6500p,0.4403774294028957,8.389998934307469,0.03587344774685688,100000
jaou7_6750p,0.4403774294028957,9.613274275657975,0.038684794244726824,100000
jaou7_6800p,0.4403774294028957,9.867465687123747,0.0392439238202867,100000
jaou7_6900p,0.4403774294028957,10.385263787429828,0.04035791320944886,100000
jaou7_7000p,0.4403774294028957,10.916165195998138,0.04146369859138489,100000
jaou7_7400p,0.4403774294028957,13.162212380469223,0.04580110172917691,100000
jaou7_7450p,0.4403774294028957,13.455852520504513,0.04633333379370681,100000
jaou7_7500p,0.4403774294028957,13.752069850740417,0.046863633405363994,100000
jaou7_6820c,0.44418567442638524,13.830718939694492,0.0783471363161734,100000
jaou7_6825c,0.44418567442638524,13.808690155657674,0.07830168753300934,100000
jaou7_6860c,0.44418567442638524,13.655478087228317,0.07798309363092362,100000
jaou7_6900c,0.44418567442638524,13.482324637412152,0.07761834076749326,100000
jaou7_6905c,0.44418567442638524,13.460830103467224,0.07757269316259115,100000
jaou7_6930c,0.44418567442638524,13.353838600190667,0.07734431102432157,100000
jaou7_7000c,0.44418567442638524,13.058547267334859,0.07670357169588843,100000
jaou7_7110c,0.44418567442638524,12.606925661983531,0.07569378101510003,100000
jaou7_7200c,0.44418567442638524,12.248353119874322,0.07486580271360413,100000
jaou7_7335c,0.44418567442638524,11.728058463962041,0.07362283866747543,100000
jaou7_7400c,0.44418567442638524,11.484668627301147,0.07302478416946932,100000
jaou7_7450c,0.44418567442638524,11.300679288142552,0.07256485838082471,100000
jaou7_7500c,0.44418567442638524,11.119254244435409,0.07210545999174313,100000
jaou7_7542c,0.44418567442638524,10.968978359046002,0.07171977980806318,100000
jaou7_7550c,0.44418567442638524,10.94058283623163,0.07164632693932622,100000
jaou7_7600c,0.44418567442638524,10.764645159035158,0.07118751548803456,100000
jaou7_7610c,0.44418567442638524,10.729750457532726,0.07109584783658922,100000
jaou7_7705c,0.44418567442638524,10.403510732213565,0.07022604482298024,100000
jaou7_7710c,0.44418567442638524,10.386592764284748,0.07018033625884496,100000
jaou7_7725c,0.44418567442638524,10.335991371786145,0.0700432526999479,100000
jaou7_5800p,0.44418567442638524,5.502427081121497,0.028219428143996365,100000
jaou7_5900p,0.44418567442638524,5.8861229125529135,0.02935068451677611,100000
jaou7_6000p,0.44418567442638524,6.283951993538716,0.03048505369539857,100000
jaou7_6200p,0.44418567442638524,7.1227941839842845,0.0327561031698856,100000
jaou7_6420p,0.44418567442638524,8.110419350188515,0.035250414304802295,100000
jaou7_6500p,0.44418567442638524,8.48538352700401,0.036155818710801306,100000
jaou7_6750p,0.44418567442638524,9.712116664240146,0.038967834071900104,100000
jaou7_6800p,0.44418567442638524,9.966899282815847,0.039527099115197584,100000
jaou7_6900p,0.44418567442638524,10.485859390094292,0.040641180380188366,100000
jaou7_7000p,0.44418567442638524,11.017822830873833,0.04174702334623227,100000
jaou7_7400p,0.44418567442638524,13.266907434267456,0.046085198934977756,100000
jaou7_7450p,0.44418567442638524,13.560788500537276,0.04661763714604855,100000
jaou7_7500p,0.44418567442638524,13.857233862258555,0.04714812343123876,100000
jaou7_6820c,0.44799391944987477,13.928924578036481,0.07916615747692342,100000
jaou7_6825c,0.44799391944987477,13.906968673021405,0.07912073112473694,100000
jaou7_6860c,0.44799391944987477,13.754181871055092,0.07880243616358663,100000
jaou7_6900c,0.44799391944987477,13.581484059848055,0.07843806185889846,100000
jaou7_6905c,0.44799391944987477,13.560038423526017,0.07839247426108358,100000
jaou7_6930c,0.44799391944987477,13.453332790463547,0.07816431623800947,100000
jaou7_7000c,0.44799391944987477,13.158763023472616,0.0775243014059474,100000
jaou7_7110c,0.44799391944987477,12.708169033453274,0.07651570819717816,100000
jaou7_7200c,0.44799391944987477,12.350324251301831,0.07568878196237452,100000
jaou7_7335c,0.44799391944987477,11.830919584186502,0.07444751709820469,100000
jaou7_7400c,0.44799391944987477,11.587907506520501,0.07385026983680501,100000
jaou7_7450c,0.44799391944987477,11.404157371262261,0.07339100319935986,100000
jaou7_7500c,0.44799391944987477,11.22296636924225,0.07293223468259794,100000
jaou7_7542c,0.44799391944987477,11.072877826109906,0.07254706854606142,100000
jaou7_7550c,0.44799391944987477,11.044514003063105,0.0724737166141467,100000
jaou7_7600c,0.44799391944987477,10.868753940897856,0.07201554472714873,100000
jaou7_7610c,0.44799391944987477,10.833891080899905,0.07192400590337975,100000
jaou7_7705c,0.44799391944987477,10.50793052518739,0.07105538271963331,100000
jaou7_7710c,0.44799391944987477,10.491024844556703,0.07100973586388021,100000
jaou7_7725c,0.44799391944987477,10.440460149375047,0.07087283526763022,100000
jaou7_5800p,0.44799391944987477,5.5844677476085876,0.02849542597857062,100000
jaou7_5900p,0.44799391944987477,5.9702906769210475,0.02962803628589458,100000
jaou7_6000p,0.44799391944987477,6.370284341798206,0.03076329900205711,100000
jaou7_6200p,0.44799391944987477,7.213187606443677,0.03303557152619785,100000
jaou7_6420p,0.44799391944987477,8.204542112049788,0.03553116344496966,100000
jaou7_6500p,0.44799391944987477,8.580780403422274,0.03643679001892501,100000
jaou7_6750p,0.44799391944987477,9.810933970485168,0.03924947969558992,100000
jaou7_6800p,0.44799391944987477,10.066310199575359,0.03980886105552122,100000
jaou7_6900p,0.44799391944987477,10.586436651277623,0.04092300081708682,100000
jaou7_7000p,0.44799391944987477,11.119456425759022,0.04202889838297737,100000
jaou7_7400p,0.44799391944987477,13.37156415223424,0.04636785951071363,100000
jaou7_7450p,0.44799391944987477,13.665684422404416,0.046900510423877974,100000
jaou7_7500p,0.44799391944987477,13.962363825812824,0.047431168274273114,100000
jaou7_6820c,0.4518021644733643,14.027119566651862,0.07998886548144445,100000
jaou7_6825c,0.4518021644733643,14.00522250401394,0.07994348606019684,100000
jaou7_6860c,0.4518021644733643,13.852845450768594,0.07962551618139796,100000
jaou7_6900c,0.4518021644733643,13.680593978362884,0.0792615354920655,100000
jaou7_6905c,0.4518021644733643,13.659209212028962,0.07921598708118929,100000
jaou7_6930c,0.4518021644733643,13.552792540023317,0.0789880473600329,100000
jaou7_7000c,0.4518021644733643,13.258933179002325,0.07834877523952198,100000
jaou7_7110c,0.4518021644733643,12.809359064019397,0.07734139270604767,100000
jaou7_7200c,0.4518021644733643,12.452236745021084,0.07651552904525923,100000
jaou7_7335c,0.4518021644733643,11.93372214757983,0.07527596903790756,100000
jaou7_7400c,0.4518021644733643,11.691095663629332,0.07467952099798233,100000
jaou7_7450c,0.4518021644733643,11.507583579762253,0.07422091935010333,100000
jaou7_7500c,0.4518021644733643,11.326629263712414,0.07376278128592832,100000
jaou7_7542c,0.4518021644733643,11.176729916658276,0.07337813077780382,100000
jaou7_7550c,0.4518021644733643,11.14840103326652,0.07330487574043099,100000
jaou7_7600c,0.4518021644733643,10.972818780368305,0.0728473490777735,100000
jaou7_7610c,0.4518021644733643,10.93799083058649,0.0727559357260373,100000
jaou7_7705c,0.4518021644733643,10.612314513685375,0.07188849824825329,100000
jaou7_7710c,0.4518021644733643,10.59542113689316,0.0718429138498814,100000
jaou7_7725c,0.4518021644733643,10.544893013983236,0.07170619876086796,100000
jaou7_5800p,0.4518021644733643,5.6666036392365955,0.028770252495834023,100000
jaou7_5900p,0.4518021644733643,6.054576394152393,0.029904095407978188,100000
jaou7_6000p,0.4518021644733643,6.456689768991219,0.031040275162798177,100000
jaou7_6200p,0.4518021644733643,7.303649218824664,0.03331366160122923,100000
jaou7_6420p,0.4518021644733643,8.298682224869417,0.03581053532503129,100000
jaou7_6500p,0.4518021644733643,8.676193058307653,0.03671635421657906,100000
jaou7_6750p,0.4518021644733643,9.90973994705167,0.039529699188590645,100000
jaou7_6800p,0.4518021644733643,10.165686818129863,0.04008924178221935,100000
jaou7_6900p,0.4518021644733643,10.686977578787044,0.04120342407453952,100000
jaou7_7000p,0.4518021644733643,11.22105759028332,0.04230934924997878,100000
jaou7_7400p,0.4518021644733643,13.476183318337663,0.04664908459128977,100000
jaou7_7450p,0.4518021644733643,13.770541639898997,0.04718195298592532,100000
jaou7_7500p,0.4518021644733643,14.067457729277578,0.04771277699950497,100000
jaou7_6820c,0.45561040949685383,14.125274225998027,0.0808153316067069,100000
jaou7_6825c,0.45561040949685383,14.103435807736185,0.08076999932344715,100000
jaou7_6860c,0.45561040949685383,13.951459297896283,0.08045236942660187,100000
jaou7_6900c,0.45561040949685383,13.779674655330547,0.08008874586755564,100000
jaou7_6905c,0.45561040949685383,13.758352740956099,0.08004323313361159,100000
jaou7_6930c,0.45561040949685383,13.652217357866345,0.07981552450385815,100000
jaou7_7000c,0.45561040949685383,13.3590578760015,0.07917701231815744,100000
jaou7_7110c,0.45561040949685383,12.9105019700847,0.0781708436657231,100000
jaou7_7200c,0.45561040949685383,12.554097306992123,0.07734605247226774,100000
jaou7_7335c,0.45561040949685383,12.036470360677939,0.07610820721883167,100000
jaou7_7400c,0.45561040949685383,11.79423446588045,0.07551255488076697,100000
jaou7_7450c,0.45561040949685383,11.61095498401013,0.07505463067869557,100000
jaou7_7500c,0.45561040949685383,11.430244490883947,0.07459711663525813,100000
jaou7_7542c,0.45561040949685383,11.280536836370072,0.07421298230194595,100000
jaou7_7550c,0.45561040949685383,11.252242630685373,0.07413982543932301,100000
jaou7_7600c,0.45561040949685383,11.076837270051557,0.0736829512012636,100000
jaou7_7610c,0.45561040949685383,11.042047830992729,0.07359165914850344,100000
jaou7_7705c,0.45561040949685383,10.716660372898483,0.07272541359712065,100000
jaou7_7710c,0.45561040949685383,10.699780130108667,0.07267989118445367,100000
jaou7_7725c,0.45561040949685383,10.649290181264123,0.07254336155025597,100000
jaou7_5800p,0.45561040949685383,5.748825984223904,0.029043916071003553,100000
jaou7_5900p,0.45561040949685383,6.138968451632202,0.030178879257697033,100000
jaou7_6000p,0.45561040949685383,6.5432018853893865,0.03131590751511616,100000
jaou7_6200p,0.45561040949685383,7.394186514936637,0.033590354706468685,100000
jaou7_6420p,0.45561040949685383,8.392833295043207,0.036088544540465325,100000
jaou7_6500p,0.45561040949685383,8.77161330878092,0.03699453140240613,100000
jaou7_6750p,0.45561040949685383,10.00852061157346,0.03980853008923461,100000
jaou7_6800p,0.45561040949685383,10.265025858904549,0.04036825216168892,100000
jaou7_6900p,0.45561040949685383,10.787502463850416,0.041482400690227385,100000
jaou7_7000p,0.45561040949685383,11.322626495378206,0.04258837884287845,100000
jaou7_7400p,0.45561040949685383,13.58076632868449,0.046928873537481305,100000
jaou7_7450p,0.45561040949685383,13.875357252242587,0.04746197657914298,100000
jaou7_7500p,0.45561040949685383,14.172517164544821,0.047992948054874446,100000
jaou7_6820c,0.45941865452034336,14.223390980707185,0.08164557086994297,100000
jaou7_6825c,0.45941865452034336,14.201611410214191,0.08160028521749763,100000
jaou7_6860c,0.45941865452034336,14.050035738491642,0.08128299382132075,100000
jaou7_6900c,0.45941865452034336,13.878722330715474,0.080919718883592,100000
jaou7_6905c,0.45941865452034336,13.857451294598642,0.0808742623332549,100000
jaou7_6930c,0.45941865452034336,13.751586893110254,0.08064680196793582,100000
jaou7_7000c,0.45941865452034336,13.459140459140396,0.08000902650398303,100000
jaou7_7110c,0.45941865452034336,13.011596086703161,0.07900408342338737,100000
jaou7_7200c,0.45941865452034336,12.655904127772263,0.07818037480427689,100000
jaou7_7335c,0.45941865452034336,12.13916432788009,0.0769442510490521,100000
jaou7_7400c,0.45941865452034336,11.897317875160095,0.07634940045459246,100000
jaou7_7450c,0.45941865452034336,11.714276396757315,0.07589214920600053,100000
jaou7_7500c,0.45941865452034336,11.533809998149264,0.0754352632828958,100000
jaou7_7542c,0.45941865452034336,11.384297699989927,0.075051643805662,100000
jaou7_7550c,0.45941865452034336,11.356036141377121,0.07497858905582014,100000
jaou7_7600c,0.45941865452034336,11.180811831113125,0.07452236666186608,100000
jaou7_7610c,0.45941865452034336,11.146063527136189,0.07443119319201502,100000
jaou7_7705c,0.45941865452034336,10.82096833503438,0.0735661473582731,100000
jaou7_7710c,0.45941865452034336,10.804101349121861,0.07352068748924584,100000
jaou7_7725c,0.45941865452034336,10.753650764905407,0.07338434381370618,100000
jaou7_5800p,0.45941865452034336,5.831183724831886,0.029316312075221635,100000
jaou7_5900p,0.45941865452034336,6.223463470484173,0.030452388324029703,100000
jaou7_6000p,0.45941865452034336,6.629803637163534,0.03159022730132072,100000
jaou7_6200p,0.45941865452034336,7.484768269095576,0.03386571764094714,100000
jaou7_6420p,0.45941865452034336,8.487008995826963,0.036365159579132576,100000
jaou7_6500p,0.45941865452034336,8.867046854717069,0.03727130898903051,100000
jaou7_6750p,0.45941865452034336,10.107273155907892,0.04008598189826784,100000
jaou7_6800p,0.45941865452034336,10.364367278107506,0.040645793488339355,100000
jaou7_6900p,0.45941865452034336,10.888007575596035,0.041759943504427195,100000
jaou7_7000p,0.45941865452034336,11.424166514877795,0.04286598157616459,100000
jaou7_7400p,0.45941865452034336,13.685307174324828,0.047207247098466354,100000
jaou7_7450p,0.45941865452034336,13.980136101350467,0.04774057031363199,100000
jaou7_7500p,0.45941865452034336,14.277540108170836,0.04827169053494916,100000
jaou7_6820c,0.4632268995438329,14.321474935717745,0.08247959382844028,100000
jaou7_6825c,0.4632268995438329,14.299760907795951,0.08243434300868896,100000
jaou7_6860c,0.4632268995438329,14.148585684381032,0.08211738998915015,100000
jaou7_6900c,0.4632268995438329,13.977727066963892,0.08175449122730129,100000
jaou7_6905c,0.4632268995438329,13.956517436308339,0.08170907272663823,100000
jaou7_6930c,0.4632268995438329,13.85090825847811,0.0814818871634643,100000
jaou7_7000c,0.4632268995438329,13.55918118728661,0.08084483703528884,100000
jaou7_7110c,0.4632268995438329,13.112637299009064,0.07984113852860811,100000
jaou7_7200c,0.4632268995438329,12.757661845113281,0.07901850831073336,100000
jaou7_7335c,0.4632268995438329,12.241804471452424,0.07778411960795194,100000
jaou7_7400c,0.4632268995438329,12.000347513350357,0.07719007487822274,100000
jaou7_7450c,0.4632268995438329,11.817551314946556,0.07673348917288382,100000
jaou7_7500c,0.4632268995438329,11.637324163110712,0.07627724327668238,100000
jaou7_7542c,0.4632268995438329,11.488011595007146,0.07589413617281512,100000
jaou7_7550c,0.4632268995438329,11.459780704049948,0.07582118737731944,100000
jaou7_7600c,0.4632268995438329,11.284742874600852,0.07536561422777875,100000
jaou7_7610c,0.4632268995438329,11.25003438902377,0.07527456251600347,100000
jaou7_7705c,0.4632268995438329,10.92523666772895,0.07441072119952605,100000
jaou7_7710c,0.4632268995438329,10.908384071675924,0.07436532293075188,100000
jaou7_7725c,0.4632268995438329,10.85797356009305,0.0742291663793025,100000
jaou7_5800p,0.4632268995438329,5.9136398302682025,0.02958750675649184,100000
jaou7_5900p,0.4632268995438329,6.308079278790164,0.030724580859141117,100000
jaou7_6000p,0.4632268995438329,6.716514288403995,0.031863189983443466,100000
jaou7_6200p,0.4632268995438329,7.575391146272509,0.03413975548889888,100000
jaou7_6420p,0.4632268995438329,8.581194961337928,0.03664041429159912,100000
jaou7_6500p,0.4632268995438329,8.962480746088188,0.037546718664426895,100000
jaou7_6750p,0.4632268995438329,10.20599715867767,0.040362058161869885,100000
jaou7_6800p,0.4632268995438329,10.463684013169441,0.04092193750698001,100000
jaou7_6900p,0.4632268995438329,10.988483005945282,0.04203608133550498,100000
jaou7_7000p,0.4632268995438329,11.525677937124831,0.043142160067504806,100000
jaou7_7400p,0.4632268995438329,13.789807506615917,0.04748420384472084,100000
jaou7_7450p,0.4632268995438329,14.08488171364053,0.04801772710857489,100000
jaou7_7500p,0.4632268995438329,14.382524967233106,0.04854901226731099,100000
jaou7_6820c,0.4670351445673224,14.419528569231145,0.08331741577988182,100000
jaou7_6825c,0.4670351445673224,14.397866794292405,0.08327222272888116,100000
jaou7_6860c,0.4670351445673224,14.247091688898442,0.08295560771084076,100000
jaou7_6900c,0.4670351445673224,14.076702313905708,0.0825930596119585,100000
jaou7_6905c,0.4670351445673224,14.055546060665602,0.08254769278420224,100000
jaou7_6930c,0.4670351445673224,13.9501854627364,0.08232079300493167,100000
jaou7_7000c,0.4670351445673224,13.659176065312531,0.0816844705136965,100000
jaou7_7110c,0.4670351445673224,13.213632456729036,0.0806820176342427,100000
jaou7_7200c,0.4670351445673224,12.859368846419356,0.07986047555003364,100000
jaou7_7335c,0.4670351445673224,12.344395430243402,0.07862782549622825,100000
jaou7_7400c,0.4670351445673224,12.103321793915015,0.07803460047286628,100000
jaou7_7450c,0.4670351445673224,11.920775483481888,0.077578676957291,100000
jaou7_7500c,0.4670351445673224,11.740790402668942,0.07712307113691909,100000
jaou7_7542c,0.4670351445673224,11.591675657023899,0.07674048340962333,100000
jaou7_7550c,0.4670351445673224,11.563478803866678,0.07666763629544436,100000
jaou7_7600c,0.4670351445673224,11.388629351933234,0.07621271503697548,100000
jaou7_7610c,0.4670351445673224,11.35395824402145,0.07612178990003506,100000
jaou7_7705c,0.4670351445673224,11.029465233498053,0.07525915462405354,100000
jaou7_7710c,0.4670351445673224,11.012628222810388,0.07521381691017108,100000
jaou7_7725c,0.4670351445673224,10.96225787139843,0.07507784950935241,100000
jaou7_5800p,0.4670351445673224,5.996223352832009,0.029857435187115824,100000
jaou7_5900p,0.4670351445673224,6.392812869531713,0.030995457882245853,100000
jaou7_6000p,0.4670351445673224,6.8033125878339495,0.032134836358929726,100000
jaou7_6200p,0.4670351445673224,7.666054924848276,0.034412467024318834,100000
jaou7_6420p,0.4670351445673224,8.675412827428831,0.03691425841402553,100000
jaou7_6500p,0.4670351445673224,9.057930900178565,0.03782072342758161,100000
jaou7_6750p,0.4670351445673224,10.30469533681278,0.04063675445337713,100000
jaou7_6800p,0.4670351445673224,10.5629759043581,0.04119668729914381,100000
jaou7_6900p,0.4670351445673224,11.08894223451588,0.04231078210689304,100000
jaou7_7000p,0.4670351445673224,11.62715679677954,0.04341692815973854,100000
jaou7_7400p,0.4670351445673224,13.894265768809356,0.047759751630397966,100000
jaou7_7450p,0.4670351445673224,14.18958986380465,0.04829346255863074,100000
jaou7_7500p,0.4670351445673224,14.487475188420118,0.04882490614854719,100000
jaou7_6820c,0.47084338959081196,14.517533200956567,0.08415908890740376,100000
jaou7_6825c,0.47084338959081196,14.495922608547835,0.08411395532455965,100000
jaou7_6860c,0.47084338959081196,14.345558230623771,0.08379765917531205,100000
jaou7_6900c,0.47084338959081196,14.175627662423269,0.08343547876397052,100000
jaou7_6905c,0.47084338959081196,14.154517835384892,0.08339017538022948,100000
jaou7_6930c,0.47084338959081196,14.049417908693211,0.08316354041831327,100000
jaou7_7000c,0.47084338959081196,13.759126595463515,0.08252794439624961,100000
jaou7_7110c,0.47084338959081196,13.314578407903365,0.08152674599564708,100000
jaou7_7200c,0.47084338959081196,12.961032563930358,0.0807062846763588,100000
jaou7_7335c,0.47084338959081196,12.446928611264779,0.0794754022964432,100000
jaou7_7400c,0.47084338959081196,12.206241686041688,0.07888299573918857,100000
jaou7_7450c,0.47084338959081196,12.023948602136313,0.07842773299532933,100000
jaou7_7500c,0.47084338959081196,11.844209899223282,0.07797276497701217,100000
jaou7_7542c,0.47084338959081196,11.695289487134954,0.07759070595642645,100000
jaou7_7550c,0.47084338959081196,11.667125619113362,0.07751796291253216,100000
jaou7_7600c,0.47084338959081196,11.49247113763011,0.07706368901017013,100000
jaou7_7610c,0.47084338959081196,11.457835653160302,0.07697289421454884,100000
jaou7_7705c,0.47084338959081196,11.133653404342192,0.07611146803884898,100000
jaou7_7710c,0.47084338959081196,11.116830401041764,0.07606619388061486,100000
jaou7_7725c,0.47084338959081196,11.066502270955896,0.07593041472060742,100000
jaou7_5800p,0.47084338959081196,6.078920840205345,0.03012611779908455,100000
jaou7_5900p,0.47084338959081196,6.477651612198014,0.03126504074055305,100000
jaou7_6000p,0.47084338959081196,6.890201540083595,0.03240515647204179,100000
jaou7_6200p,0.47084338959081196,7.756746674657313,0.034683879116857774,100000
jaou7_6420p,0.47084338959081196,8.769643925104045,0.03718673628667987,100000
jaou7_6500p,0.47084338959081196,9.153397066361027,0.03809332515615241,100000
jaou7_6750p,0.47084338959081196,10.403364164569956,0.04091008233409482,100000
jaou7_6800p,0.47084338959081196,10.662246274640601,0.04147003707238107,100000
jaou7_6900p,0.47084338959081196,11.189364882292086,0.04258410229198617,100000
jaou7_7000p,0.47084338959081196,11.728604626189163,0.043690285152469116,100000
jaou7_7400p,0.47084338959081196,13.998682960194671,0.04803389088763979,100000
jaou7_7450p,0.47084338959081196,14.294260281717719,0.04856778066462078,100000
jaou7_7500p,0.47084338959081196,14.592391984233101,0.04909937166328298,100000
jaou7_6820c,0.4746516346143015,14.615491156407348,0.08500462911689749,100000
jaou7_6825c,0.4746516346143015,14.59394411725834,0.08495953354904752,100000
jaou7_6860c,0.4746516346143015,14.443998804376244,0.08464354128192367,100000
jaou7_6900c,0.4746516346143015,14.274499156572407,0.08428177546654868,100000
jaou7_6905c,0.4746516346143015,14.253442684661218,0.08423652367376996,100000
jaou7_6930c,0.4746516346143015,14.148592281739008,0.08401017202667471,100000
jaou7_7000c,0.4746516346143015,13.859023032061947,0.08337529514752462,100000
jaou7_7110c,0.4746516346143015,13.41545732634339,0.08237537297464942,100000
jaou7_7200c,0.4746516346143015,13.062635004392849,0.08155598487216781,100000
jaou7_7335c,0.4746516346143015,12.549407176974373,0.08032686526867798,100000
jaou7_7400c,0.4746516346143015,12.309105913239785,0.07973528283973519,100000
jaou7_7450c,0.4746516346143015,12.127068495668988,0.07928068076423733,100000
jaou7_7500c,0.4746516346143015,11.947581925920694,0.07882634599425688,100000
jaou7_7542c,0.4746516346143015,11.79885490229593,0.0784448210780834,100000
jaou7_7550c,0.4746516346143015,11.770724546074728,0.07837218210807294,100000
jaou7_7600c,0.4746516346143015,11.596265345483596,0.07791856036744192,100000
jaou7_7610c,0.4746516346143015,11.561665102453805,0.0778278975987699,100000
jaou7_7705c,0.4746516346143015,11.237801072383789,0.07696768127291133,100000
jaou7_7710c,0.4746516346143015,11.220990807160605,0.07692247320128663,100000
jaou7_7725c,0.4746516346143015,11.170705625336854,0.07678688327872746,100000
jaou7_5800p,0.4746516346143015,6.161726104131432,0.03039356062579781,100000
jaou7_5900p,0.4746516346143015,6.562573617181658,0.03153336951377026,100000
jaou7_6000p,0.4746516346143015,6.977171610327759,0.03267416688442137,100000
jaou7_6200p,0.4746516346143015,7.847465596038834,0.034953991946964774,100000
jaou7_6420p,0.4746516346143015,8.86388757899994,0.03745784998236132,100000
jaou7_6500p,0.4746516346143015,9.248850680058492,0.038364593386873355,100000
jaou7_6750p,0.4746516346143015,10.501989663893347,0.04118207968996997,100000
jaou7_6800p,0.4746516346143015,10.761502035770766,0.04174197189648347,100000
jaou7_6900p,0.4746516346143015,11.289747023747092,0.042856055200774956,100000
jaou7_7000p,0.4746516346143015,11.830011710093464,0.043962260349213175,100000
jaou7_7400p,0.4746516346143015,14.103057834698639,0.04830662854215086,100000
jaou7_7450p,0.4746516346143015,14.398890822556261,0.04884069093040627,100000
jaou7_7500p,0.4746516346143015,14.697274658236383,0.04937241393810724,100000
jaou7_6820c,0.478459879637791,14.713423998241595,0.08585401941840692,100000
jaou7_6825c,0.478459879637791,14.69193996909097,0.0858089626966352,100000
jaou7_6860c,0.478459879637791,14.542394888935835,0.08549330590564835,100000
jaou7_6900c,0.478459879637791,14.373325866978881,0.0851319545258116,100000
jaou7_6905c,0.478459879637791,14.352323293794962,0.08508675334416375,100000
jaou7_6930c,0.478459879637791,14.247731826204632,0.08486066887417815,100000
jaou7_7000c,0.478459879637791,13.9588762587289,0.08422652496893324,100000
jaou7_7110c,0.478459879637791,13.516279276402152,0.08322790252780732,100000
jaou7_7200c,0.478459879637791,13.164173796426226,0.08240960036194106,100000
jaou7_7335c,0.478459879637791,12.651830669808682,0.08118223553142949,100000
jaou7_7400c,0.478459879637791,12.411913592055845,0.08059148347860465,100000
jaou7_7450c,0.478459879637791,12.230134172717218,0.0801375420819499,100000
jaou7_7500c,0.478459879637791,12.050902311526603,0.07968384076811638,100000
jaou7_7542c,0.478459879637791,11.902367168263634,0.07930285608266319,100000
jaou7_7550c,0.478459879637791,11.874270819476852,0.0792303212108345,100000
jaou7_7600c,0.478459879637791,11.70000978199424,0.07877735245497484,100000
jaou7_7610c,0.478459879637791,11.66544814137667,0.07868681780901728,100000
jaou7_7705c,0.478459879637791,11.341904103766899,0.0778278202189908,100000
jaou7_7710c,0.478459879637791,11.325109499393534,0.07778267462654685,100000
jaou7_7725c,0.478459879637791,11.274866434828873,0.07764727716616751,100000
jaou7_5800p,0.478459879637791,6.244646014492545,0.030659743918410583,100000
jaou7_5900p,0.478459879637791,6.647570054778001,0.03180045742638272,100000
jaou7_6000p,0.478459879637791,7.06420154589583,0.0329419093644258,100000
jaou7_6200p,0.478459879637791,7.938218002048491,0.03522278984108117,100000
jaou7_6420p,0.478459879637791,8.958146918575213,0.03772759277233129,100000
jaou7_6500p,0.478459879637791,9.344304293814101,0.038634499004968424,100000
jaou7_6750p,0.478459879637791,10.600615322986423,0.04145263831329332,100000
jaou7_6800p,0.478459879637791,10.86072320953907,0.04201254591312536,100000
jaou7_6900p,0.478459879637791,11.390097760240888,0.043126619982616195,100000
jaou7_7000p,0.478459879637791,11.93138896284774,0.044232827739965154,100000
jaou7_7400p,0.478459879637791,14.207389539602021,0.048577970381139576,100000
jaou7_7450p,0.478459879637791,14.503480525691812,0.04911219937696484,100000
jaou7_7500p,0.478459879637791,14.802119069929612,0.049644048352736024,100000
jaou7_6820c,0.48226812466128055,14.81132043194988,0.0867072995406468,100000
jaou7_6825c,0.48226812466128055,14.789885755364452,0.08666230495786252,100000
jaou7_6860c,0.48226812466128055,14.640758105542321,0.08634695366311715,100000
jaou7_6900c,0.48226812466128055,14.472111438504808,0.08598603020776616,100000
jaou7_6905c,0.48226812466128055,14.451156187153998,0.08594089064518994,100000
jaou7_6930c,0.48226812466128055,14.346826321471259,0.08571506860976916,100000
jaou7_7000c,0.48226812466128055,14.058668807712047,0.08508168334259364,100000
jaou7_7110c,0.48226812466128055,13.61704484413962,0.08408435425835029,100000
jaou7_7200c,0.48226812466128055,13.26565494355561,0.08326714208888068,100000
jaou7_7335c,0.48226812466128055,12.754199404924375,0.08204153315710018,100000
jaou7_7400c,0.48226812466128055,12.514657547241955,0.08145162921577666,100000
jaou7_7450c,0.48226812466128055,12.333144091703241,0.08099833977375952,100000
jaou7_7500c,0.48226812466128055,12.15417033528222,0.08054527080714105,100000
jaou7_7542c,0.48226812466128055,12.00583058119008,0.08016482486891478,100000
jaou7_7550c,0.48226812466128055,11.97776645701426,0.08009239753195205,100000
jaou7_7600c,0.48226812466128055,11.803704707323778,0.07964008513716168,100000
jaou7_7610c,0.48226812466128055,11.769182073319842,0.07954967908743356,100000
jaou7_7705c,0.48226812466128055,11.445964100553114,0.07869190257305608,100000
jaou7_7710c,0.48226812466128055,11.429184943669778,0.07864682041847865,100000
jaou7_7725c,0.48226812466128055,11.378983636724465,0.07851161791108809,100000
jaou7_5800p,0.48226812466128055,6.32765527198253,0.03092471323692478,100000
jaou7_5900p,0.48226812466128055,6.732673191750366,0.03206623295261922,100000
jaou7_6000p,0.48226812466128055,7.1512992504300374,0.033208363391672255,100000
jaou7_6200p,0.48226812466128055,8.028987865651581,0.03549030745821664,100000
jaou7_6420p,0.48226812466128055,9.052414813284507,0.03799598218522791,100000
jaou7_6500p,0.48226812466128055,9.439759565188506,0.03890303923892526,100000
jaou7_6750p,0.48226812466128055,10.699221458279137,0.04172181120187664,100000
jaou7_6800p,0.48226812466128055,10.959908681814191,0.0422817647083089,100000
jaou7_6900p,0.48226812466128055,11.49042076768807,0.04339578998145058,100000
jaou7_7000p,0.48226812466128055,12.03271894775214,0.04450203758895802,100000
jaou7_7400p,0.48226812466128055,14.311670930709386,0.04884794057118285,100000
jaou7_7450p,0.48226812466128055,14.60802788059909,0.049382313635391896,100000
jaou7_7500p,0.48226812466128055,14.906924529606485,0.04991428001879529,100000
jaou7_6820c,0.4860763696847701,14.909169466916696,0.08756450882322714,100000
jaou7_6825c,0.4860763696847701,14.887798368606957,0.08751955198688235,100000
jaou7_6860c,0.4860763696847701,14.739083855132797,0.08720451290828625,100000
jaou7_6900c,0.4860763696847701,14.570837414029606,0.08684405416000601,100000
jaou7_6905c,0.4860763696847701,14.549933340799228,0.0867989696949809,100000
jaou7_6930c,0.4860763696847701,14.445872186553245,0.08657339786825,100000
jaou7_7000c,0.4860763696847701,14.158401013449284,0.08594079035729742,100000
jaou7_7110c,0.4860763696847701,13.717765023764938,0.08494473109054822,100000
jaou7_7200c,0.4860763696847701,13.367081076123746,0.08412862662424281,100000
jaou7_7335c,0.4860763696847701,12.856513800764024,0.08290477823648985,100000
jaou7_7400c,0.4860763696847701,12.617339430645348,0.0823157381709688,100000
jaou7_7450c,0.4860763696847701,12.436097837129925,0.08186309510925939,100000
jaou7_7500c,0.4860763696847701,12.257388324874912,0.08141065318630031,100000
jaou7_7542c,0.4860763696847701,12.109239648323532,0.0810307562029504,100000
jaou7_7550c,0.4860763696847701,12.08120941798055,0.08095843464594592,100000
jaou7_7600c,0.4860763696847701,11.907351153951167,0.08050677732259898,100000
jaou7_7610c,0.4860763696847701,11.87286705900905,0.0804165016182491,100000
jaou7_7705c,0.4860763696847701,11.549979918199721,0.07955995022377804,100000
jaou7_7710c,0.4860763696847701,11.533217147309468,0.07951493077803387,100000
jaou7_7725c,0.4860763696847701,11.483059359658562,0.07937992260012616,100000
jaou7_5800p,0.4860763696847701,6.410779792884831,0.031188410123769668,100000
jaou7_5900p,0.4860763696847701,6.817863961835819,0.03233073183908741,100000
jaou7_6000p,0.4860763696847701,7.238483702011846,0.03347348542778569,100000
jaou7_6200p,0.4860763696847701,8.119781226566712,0.03575652992215213,100000
jaou7_6420p,0.4860763696847701,9.14669224397833,0.038263016703413026,100000
jaou7_6500p,0.4860763696847701,9.53522006909434,0.03917020675036833,100000
jaou7_6750p,0.4860763696847701,10.79780256787597,0.04198961490579492,100000
jaou7_6800p,0.4860763696847701,11.059081365750512,0.042549571735223994,100000
jaou7_6900p,0.4860763696847701,11.590697620340185,0.04366361701858978,100000
jaou7_7000p,0.4860763696847701,12.134002030616696,0.04476989214130077,100000
jaou7_7400p,0.4860763696847701,14.4159036912401,0.04911653745923546,100000
jaou7_7450p,0.4860763696847701,14.71253250315309,0.04965103800658682,100000
jaou7_7500p,0.4860763696847701,15.0116933963265,0.05018310494193559,100000
jaou7_6820c,0.4898846147082596,15.006991506852131,0.08842563314603705,100000
jaou7_6825c,0.4898846147082596,14.985682518191165,0.08838071647166514,100000
jaou7_6860c,0.4898846147082596,14.837351212584483,0.08806603978939587,100000
jaou7_6900c,0.4898846147082596,14.669522720321687,0.08770601535486672,100000
jaou7_6905c,0.4898846147082596,14.648676502074844,0.08766097471866181,100000
jaou7_6930c,0.4898846147082596,14.54487619058222,0.08743566613191267,100000
jaou7_7000c,0.4898846147082596,14.258093403885947,0.08680383298345454,100000
jaou7_7110c,0.4898846147082596,13.818434284051722,0.08580906288956783,100000
jaou7_7200c,0.4898846147082596,13.468441732578286,0.08499409150937585,100000
jaou7_7335c,0.4898846147082596,12.958778694355308,0.08377198416903944,100000
jaou7_7400c,0.4898846147082596,12.71996198648378,0.08318382696732353,100000
jaou7_7450c,0.4898846147082596,12.538997353622298,0.08273182594146157,100000
jaou7_7500c,0.4898846147082596,12.360551224294513,0.0822800162947523,100000
jaou7_7542c,0.4898846147082596,12.212595534240679,0.08190066903574011,100000
jaou7_7550c,0.4898846147082596,12.184598330250363,0.08182845528380882,100000
jaou7_7600c,0.4898846147082596,12.010947858334815,0.08137745149719897,100000
jaou7_7610c,0.4898846147082596,11.976502947607539,0.08128730621609927,100000
jaou7_7705c,0.4898846147082596,11.653951339338356,0.0804319838983739,100000
jaou7_7710c,0.4898846147082596,11.637204303722395,0.08038702872639097,100000
jaou7_7725c,0.4898846147082596,11.587091384981715,0.08025221481207578,100000
jaou7_5800p,0.4898846147082596,6.494018049662212,0.03145083282148466,100000
jaou7_5900p,0.4898846147082596,6.903156464885691,0.03259392072963555,100000
jaou7_6000p,0.4898846147082596,7.325727526029908,0.033737331499850476,100000
jaou7_6200p,0.4898846147082596,8.210631593991566,0.0360213803272725,100000
jaou7_6420p,0.4898846147082596,9.240970769510026,0.038528717193794366,100000
jaou7_6500p,0.4898846147082596,9.630674380770616,0.03943603060088472,100000
jaou7_6750p,0.4898846147082596,10.896359983914941,0.04225604857134095,100000
jaou7_6800p,0.4898846147082596,11.158234143970963,0.042815988290186534,100000
jaou7_6900p,0.4898846147082596,11.690947276658822,0.04393005378962211,100000
jaou7_7000p,0.4898846147082596,12.235258771079916,0.04503633900482859,100000
jaou7_7400p,0.4898846147082596,14.520090597105089,0.04938375616319088,100000
jaou7_7450p,0.4898846147082596,14.816996369672022,0.049918369789083004,100000
jaou7_7500p,0.4898846147082596,15.116420645772655,0.05045054116752639,100000
jaou7_6820c,0.49369285973174915,15.104776402918565,0.08929071064640656,100000
jaou7_6825c,0.49369285973174915,15.083522144323014,0.08924584659834327,100000
jaou7_6860c,0.49369285973174915,14.935571988980756,0.08893153523017988,100000
jaou7_6900c,0.49369285973174915,14.768168516183879,0.08857193278266888,100000
jaou7_6905c,0.49369285973174915,14.747372453725362,0.08852694881348896,100000
jaou7_6930c,0.49369285973174915,14.643841412715766,0.08830188927268971,100000
jaou7_7000c,0.49369285973174915,14.35773333704611,0.08767085304694794,100000
jaou7_7110c,0.49369285973174915,13.919047283214768,0.08667737936748436,100000
jaou7_7200c,0.49369285973174915,13.569745839760468,0.08586354366937218,100000
jaou7_7335c,0.49369285973174915,13.060985801431238,0.08464318487896598,100000
jaou7_7400c,0.49369285973174915,12.822523130654776,0.08405591981344764,100000
jaou7_7450c,0.49369285973174915,12.64183969528025,0.08360455773219788,100000
jaou7_7500c,0.49369285973174915,12.463661690109525,0.08315337707214113,100000
jaou7_7542c,0.49369285973174915,12.315898370557186,0.08277458405666814,100000
jaou7_7550c,0.49369285973174915,12.287931887501092,0.0827024822574108,100000
jaou7_7600c,0.49369285973174915,12.114491570513556,0.08225213325501478,100000
jaou7_7610c,0.49369285973174915,12.080088044736504,0.08216211616164729,100000
jaou7_7705c,0.49369285973174915,11.75787712208816,0.0813080259943496,100000
jaou7_7710c,0.49369285973174915,11.741144619135927,0.08126313744321843,100000
jaou7_7725c,0.49369285973174915,11.691078232195892,0.08112851723870267,100000
jaou7_5800p,0.49369285973174915,6.577376524950249,0.03171196333211714,100000
jaou7_5900p,0.49369285973174915,6.98853729805724,0.032855824162704945,100000
jaou7_6000p,0.49369285973174915,7.413063277447736,0.03399982844726247,100000
jaou7_6200p,0.49369285973174915,8.301488136258559,0.03628497356325571,100000
jaou7_6420p,0.49369285973174915,9.33527150743364,0.03879303392616786,100000
jaou7_6500p,0.49369285973174915,9.726121993157262,0.03970051346890324,100000
jaou7_6750p,0.49369285973174915,10.994904397243328,0.0425210873129811,100000
jaou7_6800p,0.49369285973174915,11.257351019840641,0.043081058665034935,100000
jaou7_6900p,0.49369285973174915,11.791170927462417,0.044195100244196844,100000
jaou7_7000p,0.49369285973174915,12.336476559181481,0.04530141565765147,100000
jaou7_7400p,0.49369285973174915,14.624229596217484,0.04964960593523254,100000
jaou7_7450p,0.49369285973174915,14.921416566271372,0.05018432074709432,100000
jaou7_7500p,0.49369285973174915,15.22110896652907,0.05071658367461612,100000
jaou7_6820c,0.4975011047552387,15.202521505034104,0.0901597669153266,100000
jaou7_6825c,0.4975011047552387,15.181332066105178,0.09011493836034667,100000
jaou7_6860c,0.4975011047552387,15.033748234610448,0.08980101685085619,100000
jaou7_6900c,0.4975011047552387,14.866762572400678,0.08944184799723857,100000
jaou7_6905c,0.4975011047552387,14.846020539671994,0.08939691421331739,100000
jaou7_6930c,0.4975011047552387,14.742755300094005,0.08917210931409732,100000
jaou7_7000c,0.4975011047552387,14.457320849095243,0.08854187169060662,100000
jaou7_7110c,0.4975011047552387,14.01960052469449,0.08754970737395917,100000
jaou7_7200c,0.4975011047552387,13.670994858018782,0.08673700205205745,100000
jaou7_7335c,0.4975011047552387,13.163137998833172,0.08551839716822522,100000
jaou7_7400c,0.4975011047552387,12.925034748920096,0.08493201976738213,100000
jaou7_7450c,0.4975011047552387,12.744626971742369,0.08448130844862412,100000
jaou7_7500c,0.4975011047552387,12.566719738050141,0.08403075661326237,100000
jaou7_7542c,0.4975011047552387,12.41914443164667,0.08365252786562248,100000
jaou7_7550c,0.4975011047552387,12.391209292892214,0.08358053779015234,100000
jaou7_7600c,0.4975011047552387,12.217986528729275,0.08313083732144891,100000
jaou7_7610c,0.4975011047552387,12.183622481582384,0.08304095222454486,100000
jaou7_7705c,0.4975011047552387,11.861755463473038,0.08218809990265351,100000
jaou7_7710c,0.4975011047552387,11.845036586527698,0.08214327987422476,100000
jaou7_7725c,0.4975011047552387,11.795021674617955,0.08200884806603631,100000
jaou7_5800p,0.4975011047552387,6.660818861828205,0.03197187235616802,100000
jaou7_5900p,0.4975011047552387,7.0740049653347175,0.033116441921535254,100000
jaou7_6000p,0.4975011047552387,7.500476989494095,0.034261004524699386,100000
jaou7_6200p,0.4975011047552387,8.392354455295388,0.03654730022231296,100000
jaou7_6420p,0.4975011047552387,9.429582243671337,0.03905599740801426,100000
jaou7_6500p,0.4975011047552387,9.821553598783069,0.03996367931364218,100000
jaou7_6750p,0.4975011047552387,11.09341553887925,0.04278478602160482,100000
jaou7_6800p,0.4975011047552387,11.356454057815853,0.043344728058538534,100000
jaou7_6900p,0.4975011047552387,11.891356375874896,0.044458791891119044,100000
jaou7_7000p,0.4975011047552387,12.437655463426294,0.04556512511153548,100000
jaou7_7400p,0.4975011047552387,14.728332606678483,0.04991405488954293,100000
jaou7_7450p,0.4975011047552387,15.025795234929173,0.050448887634326256,100000
jaou7_7500p,0.4975011047552387,15.325758406665363,0.0509812353276023,100000
