contract_id,sigma,model_price,pricing_se,n_paths
jaou7_6820c,0.34483825725458833,10.804098167680358,0.05735570914029827,100000
jaou7_6825c,0.34483825725458833,10.78117001519206,0.05730881610373479,100000
jaou7_6860c,0.34483825725458833,10.621765010982319,0.05698023240075361,100000
jaou7_6900c,0.34483825725458833,10.441907211577652,0.056604069572407746,100000
jaou7_6905c,0.34483825725458833,10.419602190099107,0.056556997962593704,100000
jaou7_6930c,0.34483825725458833,10.308631042892383,0.05632154411870205,100000
jaou7_7000c,0.34483825725458833,10.003221064854902,0.0556607867236225,100000
jaou7_7110c,0.34483825725458833,9.539446711020567,0.05461789517137073,100000
jaou7_7200c,0.34483825725458833,9.174175360321676,0.05376193717942124,100000
jaou7_7335c,0.34483825725458833,8.649025273875415,0.05247656032683123,100000
jaou7_7400c,0.34483825725458833,8.40536963962925,0.05185834770773879,100000
jaou7_7450c,0.34483825725458833,8.221941808339777,0.05138333569541256,100000
jaou7_7500c,0.34483825725458833,8.041942124155229,0.05090894625187411,100000
jaou7_7542c,0.34483825725458833,7.89348386439952,0.05051083366890662,100000
jaou7_7550c,0.34483825725458833,7.865466064040898,0.0504350816955783,100000
jaou7_7600c,0.34483825725458833,7.692278251527814,0.04996216823905536,100000
jaou7_7610c,0.34483825725458833,7.658049221745853,0.04986768277089107,100000
jaou7_7705c,0.34483825725458833,7.339292901051972,0.04897236497848524,100000
jaou7_7710c,0.34483825725458833,7.322839043470985,0.04892536011923172,100000
jaou7_7725c,0.34483825725458833,7.27368206208041,0.04878440153176827,100000
jaou7_5800p,0.34483825725458833,3.683814152648811,0.021403219458845147,100000
jaou7_5900p,0.34483825725458833,4.017010819758718,0.022496470891796193,100000
jaou7_6000p,0.34483825725458833,4.367235179067916,0.023599118131091466,100000
jaou7_6200p,0.34483825725458833,5.118844849131893,0.025824918544316466,100000
jaou7_6420p,0.34483825725458833,6.025263220456133,0.02828757509778655,100000
jaou7_6500p,0.34483825725458833,6.376149513667826,0.029181848283120575,100000
jaou7_6750p,0.34483825725458833,7.540598952200841,0.03196863167272821,100000
jaou7_6800p,0.34483825725458833,7.786006696034934,0.03252226441613428,100000
jaou7_6900p,0.34483825725458833,8.28848263893367,0.03362585990537889,100000
jaou7_7000p,0.34483825725458833,8.80656209401507,0.034722719398235034,100000
jaou7_7400p,0.34483825725458833,11.035773076006024,0.03900238416635953,100000
jaou7_7450p,0.34483825725458833,11.330728045618622,0.039524805335331085,100000
jaou7_7500p,0.34483825725458833,11.629111162336152,0.04004416933565222,100000
jaou7_6820c,0.3486675392262058,10.904536381862284,0.05808954899874987,100000
jaou7_6825c,0.3486675392262058,10.881671205632635,0.058042699442003645,100000
jaou7_6860c,0.3486675392262058,10.722690127027217,0.057714438669941706,100000
jaou7_6900c,0.3486675392262058,10.543293019930138,0.05733865964068609,100000
jaou7_6905c,0.3486675392262058,10.521042266780817,0.05729163984440762,100000
jaou7_6930c,0.3486675392262058,10.410335736182597,0.05705644966988332,100000
jaou7_7000c,0.3486675392262058,10.105689656498654,0.05639631773222815,100000
jaou7_7110c,0.3486675392262058,9.642923261237597,0.05535453203913142,100000
jaou7_7200c,0.3486675392262058,9.278297774467358,0.05449957782325469,100000
jaou7_7335c,0.3486675392262058,8.753823286586986,0.053215820576773515,100000
jaou7_7400c,0.3486675392262058,8.510396003062834,0.05259837705424381,100000
jaou7_7450c,0.3486675392262058,8.327088545727621,0.05212396776829475,100000
jaou7_7500c,0.3486675392262058,8.14717960151253,0.051650158800748504,100000
jaou7_7542c,0.3486675392262058,7.998766467239575,0.051252528495942265,100000
jaou7_7550c,0.3486675392262058,7.970753407865754,0.0511768687099778,100000
jaou7_7600c,0.3486675392262058,7.797578434741402,0.05070451575976207,100000
jaou7_7610c,0.3486675392262058,7.763347381901918,0.05061014082029327,100000
jaou7_7705c,0.3486675392262058,7.4445032430153235,0.04971583134810978,100000
jaou7_7710c,0.3486675392262058,7.42804081715031,0.04966887813139039,100000
jaou7_7725c,0.3486675392262058,7.3788560226032525,0.04952807320458583,100000
jaou7_5800p,0.3486675392262058,3.763197663883731,0.02171260220210123,100000
jaou7_5900p,0.3486675392262058,4.0992488090258545,0.022808203370332205,100000
jaou7_6000p,0.3486675392262058,4.452223338370465,0.02391276756711143,100000
jaou7_6200p,0.3486675392262058,5.208783364818292,0.02614162542723603,100000
jaou7_6420p,0.3486675392262058,6.120192846849141,0.028605900427114785,100000
jaou7_6500p,0.3486675392262058,6.472660561176811,0.02950060567735299,100000
jaou7_6750p,0.3486675392262058,7.641203241134817,0.032288439049455456,100000
jaou7_6800p,0.3486675392262058,7.887290048829974,0.03284223741568776,100000
jaou7_6900p,0.3486675392262058,8.390964628076704,0.03394619398247895,100000
jaou7_7000p,0.3486675392262058,8.910126866449367,0.03504325105123102,100000
jaou7_7400p,0.3486675392262058,11.141895620230152,0.03932435037783879,100000
jaou7_7450p,0.3486675392262058,11.436970963797013,0.039847097552683945,100000
jaou7_7500p,0.3486675392262058,11.735444820483995,0.040366794341454876,100000
jaou7_6820c,0.35249682119782333,11.004939062974906,0.058826742770445806,100000
jaou7_6825c,0.35249682119782333,10.982133582930452,0.05877994243920351,100000
jaou7_6860c,0.35249682119782333,10.823580027630376,0.058451994744213025,100000
jaou7_6900c,0.35249682119782333,10.64463970224603,0.058076603758479686,100000
jaou7_6905c,0.35249682119782333,10.62243974820359,0.058029641818338314,100000
jaou7_6930c,0.35249682119782333,10.512001839016555,0.05779470649511972,100000
jaou7_7000c,0.35249682119782333,10.208116952133047,0.057135202167800665,100000
jaou7_7110c,0.35249682119782333,9.746356676376285,0.05609452581906395,100000
jaou7_7200c,0.35249682119782333,9.382376260629947,0.05524058133321602,100000
jaou7_7335c,0.35249682119782333,8.858583818309095,0.0539584479014561,100000
jaou7_7400c,0.35249682119782333,8.615391686335592,0.05334177335071704,100000
jaou7_7450c,0.35249682119782333,8.432209378927162,0.05286796927735472,100000
jaou7_7500c,0.35249682119782333,8.252396437648159,0.05239474414448785,100000
jaou7_7542c,0.35249682119782333,8.104033708590489,0.05199759885991851,100000
jaou7_7550c,0.35249682119782333,8.076026503708123,0.05192203175089679,100000
jaou7_7600c,0.35249682119782333,7.902871800977732,0.051450242664354905,100000
jaou7_7610c,0.35249682119782333,7.868640393044267,0.05135597885498932,100000
jaou7_7705c,0.35249682119782333,7.549724147819381,0.05046268723372736,100000
jaou7_7710c,0.35249682119782333,7.53325441462838,0.0504157856913639,100000
jaou7_7725c,0.35249682119782333,7.48404406388693,0.050275136904493894,100000
jaou7_5800p,0.35249682119782333,3.8428484855871647,0.022020758545167378,100000
jaou7_5900p,0.35249682119782333,4.181726089086818,0.023118618823320704,100000
jaou7_6000p,0.35249682119782333,4.5374218789704175,0.024225023460809614,100000
jaou7_6200p,0.35249682119782333,5.298858457965833,0.026456853098472927,100000
jaou7_6420p,0.35249682119782333,6.215195025254472,0.02892268770704189,100000
jaou7_6500p,0.35249682119782333,6.569207484422632,0.02981784749924554,100000
jaou7_6750p,0.35249682119782333,7.741807065425736,0.03260667878435834,100000
jaou7_6800p,0.35249682119782333,7.988554028699069,0.033160668737486,100000
jaou7_6900p,0.35249682119782333,8.493420248846489,0.03426497289238385,100000
jaou7_7000p,0.35249682119782333,9.013663100537654,0.035362212174540185,100000
jaou7_7400p,0.35249682119782333,11.248000241956806,0.03964471717950132,100000
jaou7_7450p,0.35249682119782333,11.54320073545045,0.04016778520831352,100000
jaou7_7500p,0.35249682119782333,11.841770595073523,0.04068780963663285,100000
jaou7_6820c,0.3563261031694408,11.105310122113577,0.05956729887696231,100000
jaou7_6825c,0.3563261031694408,11.082564958132368,0.05952054615296493,100000
jaou7_6860c,0.3563261031694408,10.924430414488116,0.0591929244092566,100000
jaou7_6900c,0.3563261031694408,10.745945303747444,0.05881792152464991,100000
jaou7_6905c,0.3563261031694408,10.7237995239534,0.05877101092974945,100000
jaou7_6930c,0.3563261031694408,10.613644796760585,0.05853630260376685,100000
jaou7_7000c,0.3563261031694408,10.310507182773248,0.05787744878231865,100000
jaou7_7110c,0.3563261031694408,9.849746663616159,0.05683789346449592,100000
jaou7_7200c,0.3563261031694408,9.486405264470662,0.055984973545226996,100000
jaou7_7335c,0.3563261031694408,8.963312176083683,0.05470444968005118,100000
jaou7_7400c,0.3563261031694408,8.720353926321675,0.054088556884193964,100000
jaou7_7450c,0.3563261031694408,8.537303259184666,0.05361535744978923,100000
jaou7_7500c,0.3563261031694408,8.357591605831558,0.053142719132343634,100000
jaou7_7542c,0.3563261031694408,8.209284145485045,0.052746061930490654,100000
jaou7_7550c,0.3563261031694408,8.181283687824049,0.05267058826345363,100000
jaou7_7600c,0.3563261031694408,8.008156680486822,0.05219936594813854,100000
jaou7_7610c,0.3563261031694408,7.97392651278509,0.05210521388372589,100000
jaou7_7705c,0.3563261031694408,7.654953409166348,0.051212949286972245,100000
jaou7_7710c,0.3563261031694408,7.638477392259393,0.05116609974555327,100000
jaou7_7725c,0.3563261031694408,7.589244176693824,0.05102560874023782,100000
jaou7_5800p,0.3563261031694408,3.922758077675255,0.022327680917629364,100000
jaou7_5900p,0.3563261031694408,4.264411223780259,0.023427754469617586,100000
jaou7_6000p,0.3563261031694408,4.622791690275783,0.024535944345360192,100000
jaou7_6200p,0.3563261031694408,5.389046436906571,0.0267706402665018,100000
jaou7_6420p,0.3563261031694408,6.3102789879141925,0.029237914308747358,100000
jaou7_6500p,0.3563261031694408,6.66578993303286,0.030133572927702995,100000
jaou7_6750p,0.3563261031694408,7.842402437430472,0.03292337214152417,100000
jaou7_6800p,0.3563261031694408,8.089799174108991,0.03347755986932294,100000
jaou7_6900p,0.3563261031694408,8.595847568847457,0.03458220506465842,100000
jaou7_7000p,0.3563261031694408,9.11717504967741,0.035679596062459545,100000
jaou7_7400p,0.3563261031694408,11.354084200442443,0.03996349568171445,100000
jaou7_7450p,0.3563261031694408,11.649416334207505,0.04048687421676077,100000
jaou7_7500p,0.3563261031694408,11.948087481756476,0.04100722069212426,100000
jaou7_6820c,0.3601553851410583,11.205655520982917,0.0603112220972513,100000
jaou7_6825c,0.3601553851410583,11.18297977850566,0.06026449957079834,100000
jaou7_6860c,0.3601553851410583,11.025251632864313,0.05993722460737311,100000
jaou7_6900c,0.3601553851410583,10.84721188894219,0.059562625295491584,100000
jaou7_6905c,0.3601553851410583,10.825119807540423,0.05951576663020335,100000
jaou7_6930c,0.3601553851410583,10.715248098122496,0.05928128427873271,100000
jaou7_7000c,0.3601553851410583,10.412862801118484,0.0586230696599203,100000
jaou7_7110c,0.3601553851410583,9.953095751013818,0.05758464716136934,100000
jaou7_7200c,0.3601553851410583,9.590389284785568,0.05673276335342879,100000
jaou7_7335c,0.3601553851410583,9.06799959815636,0.05545385652664616,100000
jaou7_7400c,0.3601553851410583,8.825283263677317,0.05483874275983846,100000
jaou7_7450c,0.3601553851410583,8.642367688375945,0.05436615199106692,100000
jaou7_7500c,0.3601553851410583,8.462763564503376,0.05389410160900893,100000
jaou7_7542c,0.3601553851410583,8.314516420619505,0.053497934943211214,100000
jaou7_7550c,0.3601553851410583,8.286523598356412,0.053422555424945374,100000
jaou7_7600c,0.3601553851410583,8.113431516010095,0.05295190265595069,100000
jaou7_7610c,0.3601553851410583,8.079204103598538,0.05285786298094055,100000
jaou7_7705c,0.3601553851410583,7.760189010199987,0.051966634148862774,100000
jaou7_7710c,0.3601553851410583,7.74370735896373,0.05191983743483112,100000
jaou7_7725c,0.3601553851410583,7.694454424670443,0.05177950499753597,100000
jaou7_5800p,0.3601553851410583,4.002926431321705,0.022633347762741837,100000
jaou7_5900p,0.3601553851410583,4.347292827363266,0.023735612785260436,100000
jaou7_6000p,0.3601553851410583,4.70830918217166,0.024845558840217472,100000
jaou7_6200p,0.3601553851410583,5.479366412721197,0.02708294044642388,100000
jaou7_6420p,0.3601553851410583,6.405436201402946,0.029551595809178252,100000
jaou7_6500p,0.3601553851410583,6.762390549015287,0.030447818935735782,100000
jaou7_6750p,0.3601553851410583,7.94299907435847,0.03323849845601619,100000
jaou7_6800p,0.3601553851410583,8.19103751281486,0.033792884808459815,100000
jaou7_6900p,0.3601553851410583,8.698248675260894,0.03489788901710845,100000
jaou7_7000p,0.3601553851410583,9.220665189241338,0.03599540052679326,100000
jaou7_7400p,0.3601553851410583,11.460148059016774,0.04028068763765305,100000
jaou7_7450p,0.3601553851410583,11.755615284617475,0.04080437468827097,100000
jaou7_7500p,0.3601553851410583,12.054393961646985,0.04132503451886684,100000
jaou7_6820c,0.3639846671126758,11.3059781486774,0.06105852307641101,100000
jaou7_6825c,0.3639846671126758,11.283359771255267,0.061011852757170186,100000
jaou7_6860c,0.3639846671126758,11.126035241347305,0.06068492706088229,100000
jaou7_6900c,0.3639846671126758,10.948438151463742,0.06031073376736245,100000
jaou7_6905c,0.3639846671126758,10.926399963954514,0.0602639264018985,100000
jaou7_6930c,0.3639846671126758,10.816816742705077,0.06002965888716258,100000
jaou7_7000c,0.3639846671126758,10.51517891559431,0.059372090089474756,100000
jaou7_7110c,0.3639846671126758,10.056399331953044,0.05833481158406994,100000
jaou7_7200c,0.3639846671126758,9.694328783230809,0.05748396664597397,100000
jaou7_7335c,0.3639846671126758,9.172644046306102,0.056206688158637864,100000
jaou7_7400c,0.3639846671126758,8.930179497350643,0.05559234744482949,100000
jaou7_7450c,0.3639846671126758,8.747402348607883,0.05512036930080103,100000
jaou7_7500c,0.3639846671126758,8.567911061858872,0.054648909145162926,100000
jaou7_7542c,0.3639846671126758,8.41972943971282,0.054253234921676795,100000
jaou7_7550c,0.3639846671126758,8.391744867190498,0.054177950621965384,100000
jaou7_7600c,0.3639846671126758,8.218694730675168,0.05370787008096568,100000
jaou7_7610c,0.3639846671126758,8.184471584878974,0.05361394335623895,100000
jaou7_7705c,0.3639846671126758,7.865428764096586,0.052723758980022434,100000
jaou7_7710c,0.3639846671126758,7.8489426914995,0.0526770150230985,100000
jaou7_7725c,0.3639846671126758,7.799672406375233,0.05253684292973444,100000
jaou7_5800p,0.3639846671126758,4.0833172642244895,0.022937801987498896,100000
jaou7_5900p,0.3639846671126758,4.430368629781889,0.024042180324557263,100000
jaou7_6000p,0.3639846671126758,4.793987885589774,0.025153827350572443,100000
jaou7_6200p,0.3639846671126758,5.569832248050824,0.027393718537026365,100000
jaou7_6420p,0.3639846671126758,6.500651367879065,0.029863763039205207,100000
jaou7_6500p,0.3639846671126758,6.859024117452902,0.030760551533181774,100000
jaou7_6750p,0.3639846671126758,8.043585351161639,0.03355208793740015,100000
jaou7_6800p,0.3639846671126758,8.292248512159617,0.034106696071264465,100000
jaou7_6900p,0.3639846671126758,8.800622284686298,0.035212031603595415,100000
jaou7_7000p,0.3639846671126758,9.324128650621017,0.036309642148489876,100000
jaou7_7400p,0.3639846671126758,11.566191639593955,0.04059629690586391,100000
jaou7_7450p,0.3639846671126758,11.861797291753268,0.04112029048734452,100000
jaou7_7500p,0.3639846671126758,12.160688805906334,0.041641257323461286,100000
jaou7_6820c,0.36781394908429327,11.406263416922855,0.0618092451189554,100000
jaou7_6825c,0.36781394908429327,11.383699932896626,0.06176263118197929,100000
jaou7_6860c,0.36781394908429327,11.226789018835563,0.06143603385844723,100000
jaou7_6900c,0.36781394908429327,11.049625552686152,0.06106226074882414,100000
jaou7_6905c,0.36781394908429327,11.02765075517088,0.061015487230943695,100000
jaou7_6930c,0.36781394908429327,10.918354331221206,0.06078143652923905,100000
jaou7_7000c,0.36781394908429327,10.617459362647677,0.06012452001385448,100000
jaou7_7110c,0.36781394908429327,10.15965487141619,0.059088407937478146,100000
jaou7_7200c,0.36781394908429327,9.798229337398128,0.05823859083235571,100000
jaou7_7335c,0.36781394908429327,9.277249363117983,0.05696295482611951,100000
jaou7_7400c,0.36781394908429327,9.03504014977156,0.0563493912229501,100000
jaou7_7450c,0.36781394908429327,8.852406763940687,0.05587802620307402,100000
jaou7_7500c,0.36781394908429327,8.673034113332315,0.05540715750674489,100000
jaou7_7542c,0.36781394908429327,8.524921609257097,0.05501197985932007,100000
jaou7_7550c,0.36781394908429327,8.496946175080376,0.05493679136207996,100000
jaou7_7600c,0.36781394908429327,8.323944677221366,0.05446728583811475,100000
jaou7_7610c,0.36781394908429327,8.289727468800484,0.05437347229596645,100000
jaou7_7705c,0.36781394908429327,7.970670521503885,0.05348434114321711,100000
jaou7_7710c,0.36781394908429327,7.95418092392986,0.05343765029257096,100000
jaou7_7725c,0.36781394908429327,7.9048963136501555,0.05329763917761841,100000
jaou7_5800p,0.36781394908429327,4.1639209648816955,0.023241040456427973,100000
jaou7_5900p,0.36781394908429327,4.513681211902695,0.024347362982966914,100000
jaou7_6000p,0.36781394908429327,4.879831516687981,0.02546072980939705,100000
jaou7_6200p,0.36781394908429327,5.660411290946798,0.02770303421373388,100000
jaou7_6420p,0.36781394908429327,6.595914625972568,0.030174434975428693,100000
jaou7_6500p,0.36781394908429327,6.955705757351663,0.031071736425825894,100000
jaou7_6750p,0.36781394908429327,8.144165215912587,0.03386413361749849,100000
jaou7_6800p,0.36781394908429327,8.393440292224783,0.03441897696983735,100000
jaou7_6900p,0.36781394908429327,8.902969881757675,0.035524632780550555,100000
jaou7_7000p,0.36781394908429327,9.42756929352335,0.036622315100702775,100000
jaou7_7400p,0.36781394908429327,11.672212487863833,0.04091033383595287,100000
jaou7_7450p,0.36781394908429327,11.967961902935038,0.04143462594774898,100000
jaou7_7500p,0.36781394908429327,12.26697205322874,0.04195589164571198,100000
jaou7_6820c,0.3716432310559108,11.506512593420537,0.06256340225212483,100000
jaou7_6825c,0.3716432310559108,11.484008665783126,0.06251683569987995,100000
jaou7_6860c,0.3716432310559108,11.327504262001556,0.06219057743626185,100000
jaou7_6900c,0.3716432310559108,11.15078913088272,0.06181719565889152,100000
jaou7_6905c,0.3716432310559108,11.128869293364373,0.06177047096726117,100000
jaou7_6930c,0.3716432310559108,11.019856426603125,0.061536641916653693,100000
jaou7_7000c,0.3716432310559108,10.719704069707063,0.06088037646861843,100000
jaou7_7110c,0.3716432310559108,10.262861329784755,0.05984545498056291,100000
jaou7_7200c,0.3716432310559108,9.902091903180951,0.058996651267162525,100000
jaou7_7335c,0.3716432310559108,9.381812815749349,0.057722677672566024,100000
jaou7_7400c,0.3716432310559108,9.13986324321442,0.05710989372252739,100000
jaou7_7450c,0.3716432310559108,8.957379920824065,0.056639140542207575,100000
jaou7_7500c,0.3716432310559108,8.778131494931932,0.05616886458627182,100000
jaou7_7542c,0.3716432310559108,8.630092056555794,0.05577418682329138,100000
jaou7_7550c,0.3716432310559108,8.602126377810354,0.055699095076842356,100000
jaou7_7600c,0.3716432310559108,8.429180083121791,0.05523016718026985,100000
jaou7_7610c,0.3716432310559108,8.394970265622858,0.0551364673043119,100000
jaou7_7705c,0.3716432310559108,8.075912624758491,0.05424839752171547,100000
jaou7_7710c,0.3716432310559108,8.05942003512634,0.05420176061639158,100000
jaou7_7725c,0.3716432310559108,8.010123993446575,0.0540619111567604,100000
jaou7_5800p,0.3716432310559108,4.244760934239967,0.02354300171715702,100000
jaou7_5900p,0.3716432310559108,4.597191983417947,0.02465121777780595,100000
jaou7_6000p,0.3716432310559108,4.965849589051526,0.02576623562311784,100000
jaou7_6200p,0.3716432310559108,5.7510763250759585,0.028010935947491853,100000
jaou7_6420p,0.3716432310559108,6.691219270844702,0.030483624041133424,100000
jaou7_6500p,0.3716432310559108,7.052404567691186,0.03138144197968338,100000
jaou7_6750p,0.3716432310559108,8.244721978486474,0.03417467816702309,100000
jaou7_6800p,0.3716432310559108,8.494629482564118,0.03472969001500286,100000
jaou7_6900p,0.3716432310559108,9.005306528303567,0.03583565849303769,100000
jaou7_7000p,0.3716432310559108,9.530987068932063,0.0369334235466482,100000
jaou7_7400p,0.3716432310559108,11.778208649656023,0.04122280737312167,100000
jaou7_7450p,0.3716432310559108,12.074108128167746,0.041747386973358,100000
jaou7_7500p,0.3716432310559108,12.373242503177687,0.04226894367247492,100000
jaou7_6820c,0.37547251302752827,11.606722187222315,0.06332101736501912,100000
jaou7_6825c,0.37547251302752827,11.58427824725802,0.06327449709775851,100000
jaou7_6860c,0.37547251302752827,11.428175613544465,0.0629485842002624,100000
jaou7_6900c,0.37547251302752827,11.251914067693134,0.06257558206179376,100000
jaou7_6905c,0.37547251302752827,11.230051979077016,0.06252890097189506,100000
jaou7_6930c,0.37547251302752827,11.1213119706063,0.0622953117386538,100000
jaou7_7000c,0.37547251302752827,10.821896695327666,0.06163970522436904,100000
jaou7_7110c,0.37547251302752827,10.366025425170854,0.060605958273668034,100000
jaou7_7200c,0.37547251302752827,10.00590735614612,0.05975818038128744,100000
jaou7_7335c,0.37547251302752827,9.486336742113586,0.05848586972717751,100000
jaou7_7400c,0.37547251302752827,9.244650383807437,0.05787386898880045,100000
jaou7_7450c,0.37547251302752827,9.062320844234447,0.05740373027043663,100000
jaou7_7500c,0.37547251302752827,8.883201586666605,0.056934049072512004,100000
jaou7_7542c,0.37547251302752827,8.73523911228262,0.05653987430454813,100000
jaou7_7550c,0.37547251302752827,8.70728410164926,0.05646487974498099,100000
jaou7_7600c,0.37547251302752827,8.53439957844959,0.05599653171800324,100000
jaou7_7610c,0.37547251302752827,8.500198365975981,0.055902946278792096,100000
jaou7_7705c,0.37547251302752827,8.18115317273902,0.05501594561032359,100000
jaou7_7710c,0.37547251302752827,8.164658328643768,0.05496936313508565,100000
jaou7_7725c,0.37547251302752827,8.115353238511295,0.05482967661837438,100000
jaou7_5800p,0.37547251302752827,4.325833105683877,0.02384367663172848,100000
jaou7_5900p,0.37547251302752827,4.680899465037203,0.024953732779076712,100000
jaou7_6000p,0.37547251302752827,5.052026172797951,0.02607036462243034,100000
jaou7_6200p,0.37547251302752827,5.8418528279381805,0.02831736495711843,100000
jaou7_6420p,0.37547251302752827,6.786563487866707,0.030791332351703976,100000
jaou7_6500p,0.37547251302752827,7.149123817572835,0.03168966019360666,100000
jaou7_6750p,0.37547251302752827,8.345257884564525,0.03448371875983052,100000
jaou7_6800p,0.37547251302752827,8.59579650701297,0.03503888604870786,100000
jaou7_6900p,0.37547251302752827,9.107617429815638,0.0361451495748416,100000
jaou7_7000p,0.37547251302752827,9.63436565925432,0.037243013667773724,100000
jaou7_7400p,0.37547251302752827,11.884181754950696,0.041533716234023,100000
jaou7_7450p,0.37547251302752827,12.180235016279779,0.04205857937079396,100000
jaou7_7500p,0.37547251302752827,12.479498559614013,0.04258042078139092,100000
jaou7_6820c,0.3793017949991458,11.706902097611975,0.06408208901789873,100000
jaou7_6825c,0.3793017949991458,11.684515683662962,0.0640356191789843,100000
jaou7_6860c,0.3793017949991458,11.528809050928778,0.063710060070624,100000
jaou7_6900c,0.3793017949991458,11.353003549578823,0.06333743117133599,100000
jaou7_6905c,0.3793017949991458,11.331200284064474,0.06329079155844601,100000
jaou7_6930c,0.3793017949991458,11.222725363616986,0.06305745512755673,100000
jaou7_7000c,0.3793017949991458,10.924048087100955,0.062402504389026926,100000
jaou7_7110c,0.3793017949991458,10.469138056728834,0.06136995065303138,100000
jaou7_7200c,0.3793017949991458,10.109675189396869,0.06052319624909831,100000
jaou7_7335c,0.3793017949991458,9.590823165475728,0.059252544707902435,100000
jaou7_7400c,0.3793017949991458,9.349399437756261,0.05864133720953183,100000
jaou7_7450c,0.3793017949991458,9.167228865647349,0.058171813019991,100000
jaou7_7500c,0.3793017949991458,8.988243477804698,0.05770272872119107,100000
jaou7_7542c,0.3793017949991458,8.840361355166964,0.05730906059652854,100000
jaou7_7550c,0.3793017949991458,8.81241904706331,0.057234161879639714,100000
jaou7_7600c,0.3793017949991458,8.639601525132363,0.05676639767571384,100000
jaou7_7610c,0.3793017949991458,8.6054101160788,0.056672927391719044,100000
jaou7_7705c,0.3793017949991458,8.286390313185647,0.05578700307390939,100000
jaou7_7710c,0.3793017949991458,8.269893843363604,0.05574047562809037,100000
jaou7_7725c,0.3793017949991458,8.220582021776478,0.05560095329642523,100000
jaou7_5800p,0.3793017949991458,4.407102249286936,0.024143111233851353,100000
jaou7_5900p,0.3793017949991458,4.764798424515712,0.025254904475790468,100000
jaou7_6000p,0.3793017949991458,5.138328642533655,0.0263731684204051,100000
jaou7_6200p,0.3793017949991458,5.932726760890046,0.0286223443958587,100000
jaou7_6420p,0.3793017949991458,6.8819432394120374,0.031097567094522285,100000
jaou7_6500p,0.3793017949991458,7.245847886602257,0.03199642594267074,100000
jaou7_6750p,0.3793017949991458,8.445779383609864,0.03479124232875635,100000
jaou7_6800p,0.3793017949991458,8.69693583055797,0.0353465816546505,100000
jaou7_6900p,0.3793017949991458,9.20990579690536,0.036453101585277765,100000
jaou7_7000p,0.3793017949991458,9.737715936231641,0.03755106132534668,100000
jaou7_7400p,0.3793017949991458,11.990129694103553,0.04184306982532485,100000
jaou7_7450p,0.3793017949991458,12.286341922896716,0.042368208077443695,100000
jaou7_7500p,0.3793017949991458,12.58573933595614,0.042890328304157975,100000
jaou7_6820c,0.38313107697076326,11.807043062619027,0.06484665098625263,100000
jaou7_6825c,0.38313107697076326,11.784718890311362,0.0648002226818255,100000
jaou7_6860c,0.38313107697076326,11.629400541320006,0.06447502932457425,100000
jaou7_6900c,0.38313107697076326,11.454061837757079,0.06410275246212509,100000
jaou7_6905c,0.38313107697076326,11.432316723294521,0.06405615533353294,100000
jaou7_6930c,0.38313107697076326,11.324108010426832,0.06382306893230402,100000
jaou7_7000c,0.38313107697076326,11.026157104406781,0.0631687932252261,100000
jaou7_7110c,0.38313107697076326,10.572211492156452,0.06213742855734111,100000
jaou7_7200c,0.38313107697076326,10.213397881344005,0.0612917120858249,100000
jaou7_7335c,0.38313107697076326,9.695269110037959,0.060022724582135346,100000
jaou7_7400c,0.38313107697076326,9.454110392117407,0.059412315345128135,100000
jaou7_7450c,0.38313107697076326,9.272101961851227,0.0589434087256526,100000
jaou7_7500c,0.38313107697076326,9.093255262130981,0.05847492301555541,100000
jaou7_7542c,0.38313107697076326,8.94545774791612,0.05808176358527788,100000
jaou7_7550c,0.38313107697076326,8.91752981870684,0.05800695987435551,100000
jaou7_7600c,0.38313107697076326,8.744784811643683,0.05753978267811441,100000
jaou7_7610c,0.38313107697076326,8.710604107675271,0.05744642864700012,100000
jaou7_7705c,0.38313107697076326,8.391622155097876,0.05656158787282144,100000
jaou7_7710c,0.38313107697076326,8.375124715979313,0.05651511596919988,100000
jaou7_7725c,0.38313107697076326,8.32580838847989,0.056375759063285395,100000
jaou7_5800p,0.38313107697076326,4.488559140929028,0.024441305761288723,100000
jaou7_5900p,0.38313107697076326,4.848831376481988,0.025554826968493937,100000
jaou7_6000p,0.38313107697076326,5.224731295788734,0.026674685620842867,100000
jaou7_6200p,0.38313107697076326,6.023711502669572,0.028925841124847727,100000
jaou7_6420p,0.38313107697076326,6.977357174245606,0.03140232970747545,100000
jaou7_6500p,0.38313107697076326,7.342569905261551,0.03230175427762181,100000
jaou7_6750p,0.38313107697076326,8.546287638617414,0.03509724889978431,100000
jaou7_6800p,0.38313107697076326,8.798056798388426,0.03565275693545166,100000
jaou7_6900p,0.38313107697076326,9.312175915239592,0.03675950734971215,100000
jaou7_7000p,0.38313107697076326,9.841036783693447,0.03785757347695064,100000
jaou7_7400p,0.38313107697076326,12.096052478620676,0.0421508714833321,100000
jaou7_7450p,0.38313107697076326,12.392426849256573,0.04267628197019549,100000
jaou7_7500p,0.38313107697076326,12.6919629504384,0.043198674518380706,100000
jaou7_6820c,0.38696035894238073,11.907154535525057,0.06561470307238906,100000
jaou7_6825c,0.38696035894238073,11.88488645278798,0.06556832718159311,100000
jaou7_6860c,0.38696035894238073,11.72995198454747,0.06524350564860769,100000
jaou7_6900c,0.38696035894238073,11.555084503701176,0.06487157111649124,100000
jaou7_6905c,0.38696035894238073,11.533389136936924,0.06482503128959165,100000
jaou7_6930c,0.38696035894238073,11.425460723247935,0.06459216906220318,100000
jaou7_7000c,0.38696035894238073,11.128221001429734,0.0639385939717832,100000
jaou7_7110c,0.38696035894238073,10.67523775354539,0.06290842310854351,100000
jaou7_7200c,0.38696035894238073,10.317072816326258,0.062063749759231276,100000
jaou7_7335c,0.38696035894238073,9.799671763927382,0.06079643118605222,100000
jaou7_7400c,0.38696035894238073,9.558784219014415,0.060186818944796036,100000
jaou7_7450c,0.38696035894238073,9.376938815712686,0.059718536369153835,100000
jaou7_7500c,0.38696035894238073,9.198236821361604,0.05925064882910913,100000
jaou7_7542c,0.38696035894238073,9.050526838329201,0.05885800198186379,100000
jaou7_7550c,0.38696035894238073,9.022614491480459,0.058783293122465344,100000
jaou7_7600c,0.38696035894238073,8.849947711634018,0.058316705485406725,100000
jaou7_7610c,0.38696035894238073,8.815778660075294,0.058223468664390904,100000
jaou7_7705c,0.38696035894238073,8.49684694404299,0.05733971799822292,100000
jaou7_7710c,0.38696035894238073,8.480349270646656,0.05729330199016342,100000
jaou7_7725c,0.38696035894238073,8.431030618394088,0.05715411168612163,100000
jaou7_5800p,0.38696035894238073,4.570199777231009,0.02473825148046305,100000
jaou7_5900p,0.38696035894238073,4.93301726480319,0.025853451022832145,100000
jaou7_6000p,0.38696035894238073,5.311275649330447,0.026974824526660883,100000
jaou7_6200p,0.38696035894238073,6.11480126944649,0.029227862270313064,100000
jaou7_6420p,0.38696035894238073,7.072787166888558,0.03170565903171655,100000
jaou7_6500p,0.38696035894238073,7.439316946228195,0.03260558362093994,100000
jaou7_6750p,0.38696035894238073,8.646771961928051,0.035401766993795096,100000
jaou7_6800p,0.38696035894238073,8.899150960421109,0.03595743572471828,100000
jaou7_6900p,0.38696035894238073,9.414423381042091,0.037064381683996825,100000
jaou7_7000p,0.38696035894238073,9.944325480574804,0.03816256117295336,100000
jaou7_7400p,0.38696035894238073,12.201951105376086,0.04245712172114085,100000
jaou7_7450p,0.38696035894238073,12.498488502976434,0.04298280789842158,100000
jaou7_7500p,0.38696035894238073,12.798169309527427,0.04350546247859835,100000
jaou7_6820c,0.39078964091399826,12.007226487563159,0.06638628069004324,100000
jaou7_6825c,0.39078964091399826,11.985011981266062,0.06633996147218402,100000
jaou7_6860c,0.39078964091399826,11.83047751335756,0.06601548094116577,100000
jaou7_6900c,0.39078964091399826,11.65606018353927,0.06564392479864468,100000
jaou7_6905c,0.39078964091399826,11.63441499920669,0.0655974413229178,100000
jaou7_6930c,0.39078964091399826,11.52677238848344,0.06536479268710398,100000
jaou7_7000c,0.39078964091399826,11.23023585722061,0.0647119310222755,100000
jaou7_7110c,0.39078964091399826,10.778218631996365,0.06368294894930135,100000
jaou7_7200c,0.39078964091399826,10.420700523176059,0.0628393260434046,100000
jaou7_7335c,0.39078964091399826,9.904030520295445,0.06157368293857686,100000
jaou7_7400c,0.39078964091399826,9.663418391126353,0.06096486929033514,100000
jaou7_7450c,0.39078964091399826,9.481739987376985,0.06049721214898835,100000
jaou7_7500c,0.39078964091399826,9.303187928137563,0.06002992338627019,100000
jaou7_7542c,0.39078964091399826,9.155567480079416,0.059637794208576844,100000
jaou7_7550c,0.39078964091399826,9.127672865427204,0.05956317855170026,100000
jaou7_7600c,0.39078964091399826,8.95508873810652,0.05909718469044436,100000
jaou7_7610c,0.39078964091399826,8.920932460134594,0.059004065706581635,100000
jaou7_7705c,0.39078964091399826,8.602062996772498,0.058121411565953615,100000
jaou7_7710c,0.39078964091399826,8.585565785619599,0.05807505182303115,100000
jaou7_7725c,0.39078964091399826,8.536246928696816,0.05793602926209267,100000
jaou7_5800p,0.39078964091399826,4.652063716001862,0.025033860654928828,100000
jaou7_5900p,0.39078964091399826,5.017359993836821,0.026150756918654136,100000
jaou7_6000p,0.39078964091399826,5.397942652733402,0.02727361335992187,100000
jaou7_6200p,0.39078964091399826,6.205983474306815,0.02952842941792516,100000
jaou7_6420p,0.39078964091399826,7.168248716506936,0.0320075192989061,100000
jaou7_6500p,0.39078964091399826,7.536102025465803,0.032907884469783065,100000
jaou7_6750p,0.39078964091399826,8.747238247117071,0.03570478500146321,100000
jaou7_6800p,0.39078964091399826,9.000225647348671,0.03626060309395234,100000
jaou7_6900p,0.39078964091399826,9.516636855493825,0.03736775698722891,100000
jaou7_7000p,0.39078964091399826,10.047578130979316,0.03846603854194741,100000
jaou7_7400p,0.39078964091399826,12.307823072101664,0.042761831086257474,100000
jaou7_7450p,0.39078964091399826,12.604527469254373,0.043287787264352756,100000
jaou7_7500p,0.39078964091399826,12.904358210917026,0.04381069557195632,100000
jaou7_6820c,0.39461892288561573,12.107254033532985,0.06716141000718752,100000
jaou7_6825c,0.39461892288561573,12.08509708651761,0.06711513999256438,100000
jaou7_6860c,0.39461892288561573,11.930966796191063,0.06679099118909261,100000
jaou7_6900c,0.39461892288561573,11.756992837898812,0.06641982400988107,100000
jaou7_6905c,0.39461892288561573,11.735407168034168,0.06637338017019428,100000
jaou7_6930c,0.39461892288561573,11.628044342973984,0.06614095509701047,100000
jaou7_7000c,0.39461892288561573,11.332208265656414,0.0654888106609591,100000
jaou7_7110c,0.39461892288561573,10.881151524828956,0.06446102830236944,100000
jaou7_7200c,0.39461892288561573,10.524287803025686,0.06361844744731594,100000
jaou7_7335c,0.39461892288561573,10.008344566950036,0.06235449873828976,100000
jaou7_7400c,0.39461892288561573,9.768009731241383,0.06174648883356036,100000
jaou7_7450c,0.39461892288561573,9.586504932078892,0.061279454167904306,100000
jaou7_7500c,0.39461892288561573,9.408106307530847,0.06081276726102906,100000
jaou7_7542c,0.39461892288561573,9.260579253294,0.06042115775626611,100000
jaou7_7550c,0.39461892288561573,9.232702625558625,0.06034663651894282,100000
jaou7_7600c,0.39461892288561573,9.0602066030399,0.05988123877990604,100000
jaou7_7610c,0.39461892288561573,9.026065003434384,0.05978823701375452,100000
jaou7_7705c,0.39461892288561573,8.707268672552244,0.05890668685571156,100000
jaou7_7710c,0.39461892288561573,8.690772577876395,0.058860383770854154,100000
jaou7_7725c,0.39461892288561573,8.64145560507392,0.05872153002064347,100000
jaou7_5800p,0.39461892288561573,4.734125333166228,0.025328168025179027,100000
jaou7_5900p,0.39461892288561573,5.101853921390994,0.026446744005162923,100000
jaou7_6000p,0.39461892288561573,5.48474883112384,0.027571010701731513,100000
jaou7_6200p,0.39461892288561573,6.29725810736035,0.02982753820069132,100000
jaou7_6420p,0.39461892288561573,7.263758682191961,0.03230787213651706,100000
jaou7_6500p,0.39461892288561573,7.632904781685816,0.03320870394184799,100000
jaou7_6750p,0.39461892288561573,8.847699654478268,0.036006273597861425,100000
jaou7_6800p,0.39461892288561573,9.101279125589864,0.03656226636116118,100000
jaou7_6900p,0.39461892288561573,9.618820324578813,0.03766962672084672,100000
jaou7_7000p,0.39461892288561573,10.150801354140565,0.038767992230906316,100000
jaou7_7400p,0.39461892288561573,12.413665226942138,0.043065012021143816,100000
jaou7_7450p,0.39461892288561573,12.71054322868172,0.043591224686626406,100000
jaou7_7500p,0.39461892288561573,13.010527405035752,0.04411438323329371,100000
jaou7_6820c,0.39844820485723326,12.207243339540975,0.06794009736963194,100000
jaou7_6825c,0.39844820485723326,12.185140091332947,0.06789388324925666,100000
jaou7_6860c,0.39844820485723326,12.031420569015486,0.06757005274196275,100000
jaou7_6900c,0.39844820485723326,11.857894902105084,0.06719926443024345,100000
jaou7_6905c,0.39844820485723326,11.836370292932266,0.06715285734733936,100000
jaou7_6930c,0.39844820485723326,11.729281069443482,0.06692066617710801,100000
jaou7_7000c,0.39844820485723326,11.434142322234173,0.06626924367086039,100000
jaou7_7110c,0.39844820485723326,10.984039299462564,0.06524267428630247,100000
jaou7_7200c,0.39844820485723326,10.627825011293481,0.06440114789220659,100000
jaou7_7335c,0.39844820485723326,10.112615444868906,0.063138893855194,100000
jaou7_7400c,0.39844820485723326,9.8725568106481,0.06253169740451568,100000
jaou7_7450c,0.39844820485723326,9.691232733956168,0.06206528127810031,100000
jaou7_7500c,0.39844820485723326,9.512991582837351,0.06159919825702125,100000
jaou7_7542c,0.39844820485723326,9.365562230606368,0.0612081095481195,100000
jaou7_7550c,0.39844820485723326,9.337703497512557,0.06113368443756113,100000
jaou7_7600c,0.39844820485723326,9.16530041270899,0.060668885839480304,100000
jaou7_7610c,0.39844820485723326,9.13117432518609,0.06057600223159993,100000
jaou7_7705c,0.39844820485723326,8.812462451761004,0.059695562191861326,100000
jaou7_7710c,0.39844820485723326,8.795968052996379,0.059649316230877096,100000
jaou7_7725c,0.39844820485723326,8.746655002098397,0.05951063231967985,100000
jaou7_5800p,0.39844820485723326,4.816373664553294,0.025621180493102552,100000
jaou7_5900p,0.39844820485723326,5.186527754684168,0.02674134659855612,100000
jaou7_6000p,0.39844820485723326,5.571677929734119,0.02786704024812687,100000
jaou7_6200p,0.39844820485723326,6.388596918727653,0.030125243671906783,100000
jaou7_6420p,0.39844820485723326,7.359286342909648,0.03260678577549305,100000
jaou7_6500p,0.39844820485723326,7.729720747373209,0.03350805242017024,100000
jaou7_6750p,0.39844820485723326,8.948136797690946,0.03630628309482279,100000
jaou7_6800p,0.39844820485723326,9.202309948530525,0.03686243231947204,100000
jaou7_6900p,0.39844820485723326,9.720986249284078,0.03796996273239755,100000
jaou7_7000p,0.39844820485723326,10.25399927121732,0.03906841541572389,100000
jaou7_7400p,0.39844820485723326,12.519476166847848,0.043366671945617045,100000
jaou7_7450p,0.39844820485723326,12.816534891057993,0.04389312586879813,100000
jaou7_7500p,0.39844820485723326,13.116676540841251,0.0444165293272504,100000
jaou7_6820c,0.4022774868288507,12.307188807613878,0.06872237051110068,100000
jaou7_6825c,0.4022774868288507,12.285141200044999,0.06867620854712872,100000
jaou7_6860c,0.4022774868288507,12.131841537631963,0.0683526785830638,100000
jaou7_6900c,0.4022774868288507,11.958767193235117,0.06798226252526395,100000
jaou7_6905c,0.4022774868288507,11.937296771378753,0.06793590418338318,100000
jaou7_6930c,0.4022774868288507,11.830479034950399,0.06770395006588079,100000
jaou7_7000c,0.4022774868288507,11.536033108249814,0.06705325660429962,100000
jaou7_7110c,0.4022774868288507,11.08688418486335,0.06602790125984108,100000
jaou7_7200c,0.4022774868288507,10.731313813488132,0.06518744271450505,100000
jaou7_7335c,0.4022774868288507,10.216844886697015,0.06392688342655205,100000
jaou7_7400c,0.4022774868288507,9.97706062410679,0.06332051116017175,100000
jaou7_7450c,0.4022774868288507,9.795919952043306,0.06285471643853831,100000
jaou7_7500c,0.4022774868288507,9.617841758379333,0.06238923685556944,100000
jaou7_7542c,0.4022774868288507,9.470514584826995,0.06199866960041421,100000
jaou7_7550c,0.4022774868288507,9.442674937326874,0.061924340319111884,100000
jaou7_7600c,0.4022774868288507,9.270369989815372,0.06146014306890619,100000
jaou7_7610c,0.4022774868288507,9.236259205898607,0.06136738007441976,100000
jaou7_7705c,0.4022774868288507,8.917642836422996,0.06048805608796165,100000
jaou7_7710c,0.4022774868288507,8.901150623675251,0.06044186781203586,100000
jaou7_7725c,0.4022774868288507,8.851843443059094,0.06030335478967111,100000
jaou7_5800p,0.4022774868288507,4.898817133134869,0.025912869768958798,100000
jaou7_5900p,0.4022774868288507,5.271331936022121,0.027034650342178834,100000
jaou7_6000p,0.4022774868288507,5.658727030743431,0.028161699979046297,100000
jaou7_6200p,0.4022774868288507,6.4800222838379895,0.030421494297781352,100000
jaou7_6420p,0.4022774868288507,7.454832272797583,0.032904258174198286,100000
jaou7_6500p,0.4022774868288507,7.826563272615347,0.03380589968859245,100000
jaou7_6750p,0.4022774868288507,9.048547603906233,0.03660482134827361,100000
jaou7_6800p,0.4022774868288507,9.303310767328055,0.03716112240039142,100000
jaou7_6900p,0.4022774868288507,9.823135472655022,0.03826876650073869,100000
jaou7_7000p,0.4022774868288507,10.357166989473871,0.03936732481673922,100000
jaou7_7400p,0.4022774868288507,12.625256912547446,0.043666811288901194,100000
jaou7_7450p,0.4022774868288507,12.922499041386038,0.044193503896226935,100000
jaou7_7500p,0.4022774868288507,13.22280364862414,0.04471714251004535,100000
jaou7_6820c,0.4061067688004682,12.407094611933259,0.06950823976553831,100000
jaou7_6825c,0.4061067688004682,12.385110579964767,0.06946211554968848,100000
jaou7_6860c,0.4061067688004682,12.232228324957623,0.06913888911035558,100000
jaou7_6900c,0.4061067688004682,12.059597546939122,0.06876885776956783,100000
jaou7_6905c,0.4061067688004682,12.038179163411893,0.06872255183541173,100000
jaou7_6930c,0.4061067688004682,11.931639342204956,0.06849082294911783,100000
jaou7_7000c,0.4061067688004682,11.637871722011491,0.0678408829621413,100000
jaou7_7110c,0.4061067688004682,11.189675867530465,0.06681674482124285,100000
jaou7_7200c,0.4061067688004682,10.834751710054004,0.06597735425720361,100000
jaou7_7335c,0.4061067688004682,10.321031114249339,0.06471848835857263,100000
jaou7_7400c,0.4061067688004682,10.081517215641664,0.0641129542274445,100000
jaou7_7450c,0.4061067688004682,9.90056819626993,0.06364777488515924,100000
jaou7_7500c,0.4061067688004682,9.72265783298834,0.0631828990887995,100000
jaou7_7542c,0.4061067688004682,9.575435399686524,0.06279285671552454,100000
jaou7_7550c,0.4061067688004682,9.547615543280472,0.06271862366922952,100000
jaou7_7600c,0.4061067688004682,9.375414653078575,0.06225502862672843,100000
jaou7_7610c,0.4061067688004682,9.341318899721422,0.062162388738217,100000
jaou7_7705c,0.4061067688004682,9.022808306698666,0.0612841873080417,100000
jaou7_7710c,0.4061067688004682,9.006318885006468,0.06123805707415867,100000
jaou7_7725c,0.4061067688004682,8.957019321062472,0.06109971618189502,100000
jaou7_5800p,0.4061067688004682,4.981391378652169,0.026203344850074514,100000
jaou7_5900p,0.4061067688004682,5.356242645896807,0.02732669120981445,100000
jaou7_6000p,0.4061067688004682,5.745904093952964,0.02845496646111873,100000
jaou7_6200p,0.4061067688004682,6.571534636770003,0.030716285814490287,100000
jaou7_6420p,0.4061067688004682,7.550385012463096,0.03320031486031671,100000
jaou7_6500p,0.4061067688004682,7.9234116745773076,0.034102294178799834,100000
jaou7_6750p,0.4061067688004682,9.148935543952403,0.036901882702950965,100000
jaou7_6800p,0.4061067688004682,9.40428421775935,0.0374583331151962,100000
jaou7_6900p,0.4061067688004682,9.925255856618259,0.038566072763756516,100000
jaou7_7000p,0.4061067688004682,10.460295633494779,0.03966474765521157,100000
jaou7_7400p,0.4061067688004682,12.731003534341557,0.043965444777254746,100000
jaou7_7450p,0.4061067688004682,13.0284373158719,0.04449235711359543,100000
jaou7_7500p,0.4061067688004682,13.328909753492386,0.045016222606103405,100000
jaou7_6820c,0.4099360507720857,12.506976532538463,0.07029769498039547,100000
jaou7_6825c,0.4099360507720857,12.485052134874365,0.07025161530000554,100000
jaou7_6860c,0.4099360507720857,12.332567194524529,0.06992872676075927,100000
jaou7_6900c,0.4099360507720857,12.160387974411899,0.06955906484889901,100000
jaou7_6905c,0.4099360507720857,12.139027072790944,0.06951280165175668,100000
jaou7_6930c,0.4099360507720857,12.032764516632065,0.06928129870151863,100000
jaou7_7000c,0.4099360507720857,11.739672416610514,0.06863211659839623,100000
jaou7_7110c,0.4099360507720857,11.292423941532094,0.06760920728966344,100000
jaou7_7200c,0.4099360507720857,10.938143766903279,0.06677089258542722,100000
jaou7_7335c,0.4099360507720857,10.425169870849162,0.06551373366610898,100000
jaou7_7400c,0.4099360507720857,10.185929423548957,0.06490904019405128,100000
jaou7_7450c,0.4099360507720857,10.005176855571344,0.06444447548953185,100000
jaou7_7500c,0.4099360507720857,9.827437628239595,0.06398020606075622,100000
jaou7_7542c,0.4099360507720857,9.680322907807472,0.06359069117082211,100000
jaou7_7550c,0.4099360507720857,9.652524374863326,0.0635165534699306,100000
jaou7_7600c,0.4099360507720857,9.480432300988205,0.06305356300261575,100000
jaou7_7610c,0.4099360507720857,9.446351500593796,0.06296104835815422,100000
jaou7_7705c,0.4099360507720857,9.127957001082962,0.06208397533416693,100000
jaou7_7710c,0.4099360507720857,9.11147125078116,0.062037903061128566,100000
jaou7_7725c,0.4099360507720857,9.062181154671643,0.061899735284624835,100000
jaou7_5800p,0.4099360507720857,5.064107239546147,0.026492572406345997,100000
jaou7_5900p,0.4099360507720857,5.441256476541723,0.027617465367675353,100000
jaou7_6000p,0.4099360507720857,5.833183154287601,0.02874688485916987,100000
jaou7_6200p,0.4099360507720857,6.663115692680578,0.03100965369711493,100000
jaou7_6420p,0.4099360507720857,7.645933188272406,0.03349498104004833,100000
jaou7_6500p,0.4099360507720857,8.020289255056527,0.034397182524021123,100000
jaou7_6750p,0.4099360507720857,9.249302202815276,0.03719746596942724,100000
jaou7_6800p,0.4099360507720857,9.505227915713714,0.03775407362294346,100000
jaou7_6900p,0.4099360507720857,10.027349438954506,0.038861879822284076,100000
jaou7_7000p,0.4099360507720857,10.563399482957271,0.03996065017309559,100000
jaou7_7400p,0.4099360507720857,12.836718897112322,0.04426256747963287,100000
jaou7_7450p,0.4099360507720857,13.134349130036782,0.0447896903528803,100000
jaou7_7500p,0.4099360507720857,13.434992703607108,0.04531377884707937,100000
jaou7_6820c,0.4137653327437032,12.606820126455764,0.07109078007109358,100000
jaou7_6825c,0.4137653327437032,12.58495459367272,0.07104474612984112,100000
jaou7_6860c,0.4137653327437032,12.432861175954336,0.07072220443270805,100000
jaou7_6900c,0.4137653327437032,12.261143140530258,0.07035289394373412,100000
jaou7_6905c,0.4137653327437032,12.239838500509904,0.07030667551154854,100000
jaou7_6930c,0.4137653327437032,12.13383274522477,0.07007543360056608,100000
jaou7_7000c,0.4137653327437032,11.84143611764702,0.0694269744503103,100000
jaou7_7110c,0.4137653327437032,11.395126689262408,0.06840531009840199,100000
jaou7_7200c,0.4137653327437032,11.041486275669481,0.06756808230412234,100000
jaou7_7335c,0.4137653327437032,10.529262597579471,0.06631263541929931,100000
jaou7_7400c,0.4137653327437032,10.290297133418473,0.06570878745725195,100000
jaou7_7450c,0.4137653327437032,10.109744383669362,0.06524483874532665,100000
jaou7_7500c,0.4137653327437032,9.93218144726603,0.06478117523235236,100000
jaou7_7542c,0.4137653327437032,9.785177238248664,0.0643921905364636,100000
jaou7_7550c,0.4137653327437032,9.757399898148758,0.06431814978618781,100000
jaou7_7600c,0.4137653327437032,9.585420339203235,0.06385576761087687,100000
jaou7_7610c,0.4137653327437032,9.55135698147524,0.06376337643883745,100000
jaou7_7705c,0.4137653327437032,9.233087533746255,0.06288743916052242,100000
jaou7_7710c,0.4137653327437032,9.216606297183066,0.06284142479256322,100000
jaou7_7725c,0.4137653327437032,9.167327579590607,0.06270343093358907,100000
jaou7_5800p,0.4137653327437032,5.146971656002052,0.026780527724753752,100000
jaou7_5900p,0.4137653327437032,5.526408720915315,0.027906894664483026,100000
jaou7_6000p,0.4137653327437032,5.920583830389239,0.029037408585320067,100000
jaou7_6200p,0.4137653327437032,6.754785341970428,0.031301552269556256,100000
jaou7_6420p,0.4137653327437032,7.741501695956345,0.03378819966102477,100000
jaou7_6500p,0.4137653327437032,8.117188404004063,0.03469058331967606,100000
jaou7_6750p,0.4137653327437032,9.349643579683525,0.037491584063088244,100000
jaou7_6800p,0.4137653327437032,9.606142693193794,0.0380483449595028,100000
jaou7_6900p,0.4137653327437032,10.12942091143741,0.03915617919966181,100000
jaou7_7000p,0.4137653327437032,10.666479490358324,0.04025503369301541,100000
jaou7_7400p,0.4137653327437032,12.942402913346378,0.04455818300398778,100000
jaou7_7450p,0.4137653327437032,13.240232964499343,0.04508551118622235,100000
jaou7_7500p,0.4137653327437032,13.541052828998087,0.045609813125138086,100000
jaou7_6820c,0.41759461471532067,12.706627860773507,0.07188750903032237,100000
jaou7_6825c,0.41759461471532067,12.684823280610493,0.0718415169493792,100000
jaou7_6860c,0.41759461471532067,12.533125248716171,0.07151931419686207,100000
jaou7_6900c,0.41759461471532067,12.36185971253606,0.07115036939386812,100000
jaou7_6905c,0.41759461471532067,12.34061032581261,0.0711041974021573,100000
jaou7_6930c,0.41759461471532067,12.23485937264611,0.07087321961550157,100000
jaou7_7000c,0.41759461471532067,11.943157292592161,0.0702254846306153,100000
jaou7_7110c,0.41759461471532067,11.497779189751721,0.06920508016493061,100000
jaou7_7200c,0.41759461471532067,11.144774715913108,0.06836894949420219,100000
jaou7_7335c,0.41759461471532067,10.633310670145097,0.06711520996566765,100000
jaou7_7400c,0.41759461471532067,10.394623706981475,0.06651220914946365,100000
jaou7_7450c,0.41759461471532067,10.21427173080749,0.06604888143887783,100000
jaou7_7500c,0.41759461471532067,10.036887481213402,0.06558582747967588,100000
jaou7_7542c,0.41759461471532067,9.889997231590105,0.06519737452297841,100000
jaou7_7550c,0.41759461471532067,9.86223984245028,0.06512343397698331,100000
jaou7_7600c,0.41759461471532067,9.690377275746814,0.06466166239165752,100000
jaou7_7610c,0.41759461471532067,9.656333119544332,0.06456939397079571,100000
jaou7_7705c,0.41759461471532067,9.338199132905618,0.06369459709230324,100000
jaou7_7710c,0.41759461471532067,9.321722633699867,0.06364864145208561,100000
jaou7_7725c,0.41759461471532067,9.272457043995786,0.06351082245559378,100000
jaou7_5800p,0.41759461471532067,5.229984761326795,0.027067199862258633,100000
jaou7_5900p,0.41759461471532067,5.611685414522447,0.028194997935550643,100000
jaou7_6000p,0.41759461471532067,6.008120405729334,0.029326502644500794,100000
jaou7_6200p,0.41759461471532067,6.846533085068187,0.031592001483771094,100000
jaou7_6420p,0.41759461471532067,7.83710663029521,0.03407993396152071,100000
jaou7_6500p,0.41759461471532067,8.21409729844946,0.0349825250744083,100000
jaou7_6750p,0.41759461471532067,9.449967782573298,0.03778421960770621,100000
jaou7_6800p,0.41759461471532067,9.70704056152788,0.03834111995941385,100000
jaou7_6900p,0.41759461471532067,10.231466968518056,0.039448983024883484,100000
jaou7_7000p,0.41759461471532067,10.769530150378309,0.040547916615103825,100000
jaou7_7400p,0.41759461471532067,13.048058971984224,0.04485228483188031,100000
jaou7_7450p,0.41759461471532067,13.346089796712315,0.04537981986441692,100000
jaou7_7500p,0.41759461471532067,13.6470883480203,0.04590433360763046,100000
jaou7_6820c,0.4214238966869382,12.806404217107236,0.07268789247035129,100000
jaou7_6825c,0.4214238966869382,12.784660148563953,0.07264194285306386,100000
jaou7_6860c,0.4214238966869382,12.633359608601983,0.07232007434833423,100000
jaou7_6900c,0.4214238966869382,12.462537538045906,0.07195151015855987,100000
jaou7_6905c,0.4214238966869382,12.441345439930195,0.0719053810013993,100000
jaou7_6930c,0.4214238966869382,12.33584207867916,0.07167467943735442,100000
jaou7_7000c,0.4214238966869382,12.044828942659903,0.07102767785779907,100000
jaou7_7110c,0.4214238966869382,11.6003712028305,0.0700085533497785,100000
jaou7_7200c,0.4214238966869382,11.248011589849622,0.06917350889328604,100000
jaou7_7335c,0.4214238966869382,10.737312264721814,0.06792147888747155,100000
jaou7_7400c,0.4214238966869382,10.498909999393481,0.06731932250089964,100000
jaou7_7450c,0.4214238966869382,10.318760880024332,0.06685661893534653,100000
jaou7_7500c,0.4214238966869382,10.141553863757297,0.06639418393568167,100000
jaou7_7542c,0.4214238966869382,9.994782494568794,0.06600626185904805,100000
jaou7_7550c,0.4214238966869382,9.96704487894054,0.0659324231199662,100000
jaou7_7600c,0.4214238966869382,9.795303762433809,0.065471264259154,100000
jaou7_7610c,0.4214238966869382,9.761278937489195,0.06537912026673051,100000
jaou7_7705c,0.4214238966869382,9.443290006792573,0.0645054691428478,100000
jaou7_7710c,0.4214238966869382,9.426818840164284,0.06445957247757285,100000
jaou7_7725c,0.4214238966869382,9.377568066439146,0.06432192928846858,100000
jaou7_5800p,0.4214238966869382,5.313162867665535,0.027352547102934964,100000
jaou7_5900p,0.4214238966869382,5.697084566180297,0.028481771527181794,100000
jaou7_6000p,0.4214238966869382,6.095776244133457,0.029614195739964374,100000
jaou7_6200p,0.4214238966869382,6.938358688042811,0.03188099897416501,100000
jaou7_6420p,0.4214238966869382,7.93273549821825,0.03437021310447886,100000
jaou7_6500p,0.4214238966869382,8.311017365846418,0.035273005410761844,100000
jaou7_6750p,0.4214238966869382,9.550266392517129,0.038075396573596605,100000
jaou7_6800p,0.4214238966869382,9.807921923648939,0.03863240088902886,100000
jaou7_6900p,0.4214238966869382,10.333487485336114,0.03974029516805023,100000
jaou7_7000p,0.4214238966869382,10.872544491754264,0.04083932123797703,100000
jaou7_7400p,0.4214238966869382,13.153687955704445,0.0451448737080735,100000
jaou7_7450p,0.4214238966869382,13.45192163723737,0.045672613590493384,100000
jaou7_7500p,0.4214238966869382,13.753097421872411,0.04619734864820945,100000
jaou7_6820c,0.42525317865855566,12.906144482120201,0.07349195740320899,100000
jaou7_6825c,0.42525317865855566,12.884450375527528,0.07344606864873589,100000
jaou7_6860c,0.42525317865855566,12.733551783889835,0.07312452548741127,100000
jaou7_6900c,0.42525317865855566,12.563181375204259,0.07275632685796482,100000
jaou7_6905c,0.42525317865855566,12.542031757139577,0.07271026603440092,100000
jaou7_6930c,0.42525317865855566,12.436777492315443,0.07247983774399239,100000
jaou7_7000c,0.42525317865855566,12.146453295584013,0.07183356930098944,100000
jaou7_7110c,0.42525317865855566,11.702908977564904,0.07081573827078921,100000
jaou7_7200c,0.42525317865855566,11.351197390774246,0.06998177868505727,100000
jaou7_7335c,0.42525317865855566,10.841265426817998,0.06873146412918973,100000
jaou7_7400c,0.42525317865855566,10.603153090410032,0.06813015080317945,100000
jaou7_7450c,0.42525317865855566,10.42320940661555,0.06766807359342093,100000
jaou7_7500c,0.42525317865855566,10.246180295317313,0.06720626350517628,100000
jaou7_7542c,0.42525317865855566,10.099530897119404,0.06681887408346447,100000
jaou7_7550c,0.42525317865855566,10.071813367262616,0.06674513797637195,100000
jaou7_7600c,0.42525317865855566,9.900198190524524,0.06628459370932398,100000
jaou7_7610c,0.42525317865855566,9.866192536821737,0.06619257620371886,100000
jaou7_7705c,0.42525317865855566,9.548358624394666,0.06532007514925259,100000
jaou7_7710c,0.42525317865855566,9.53189329051453,0.06527423781687915,100000
jaou7_7725c,0.42525317865855566,9.482659292281552,0.06513677089735895,100000
jaou7_5800p,0.42525317865855566,5.396483954072407,0.027636603202592154,100000
jaou7_5900p,0.42525317865855566,5.782606389385515,0.02876720724601635,100000
jaou7_6000p,0.42525317865855566,6.183513100205939,0.029900560397561244,100000
jaou7_6200p,0.42525317865855566,7.0302565024671795,0.032168554811254135,100000
jaou7_6420p,0.42525317865855566,8.028375259034355,0.0346590670971794,100000
jaou7_6500p,0.42525317865855566,8.407953612988909,0.035562013591954184,100000
jaou7_6750p,0.42525317865855566,9.650531654456142,0.03836513727583111,100000
jaou7_6800p,0.42525317865855566,9.908778254406096,0.038922212432888695,100000
jaou7_6900p,0.42525317865855566,10.435487247874413,0.040030106726907634,100000
jaou7_7000p,0.42525317865855566,10.97552477005832,0.04112924533884532,100000
jaou7_7400p,0.42525317865855566,13.25928697210094,0.04543596135725308,100000
jaou7_7450p,0.42525317865855566,13.557726089208536,0.04596390251830449,100000
jaou7_7500p,0.42525317865855566,13.859079778812374,0.04648886195633321,100000
jaou7_6820c,0.4290824606301732,13.005833194398079,0.07429974985868822,100000
jaou7_6825c,0.4290824606301732,12.984192645260215,0.0742539154948339,100000
jaou7_6860c,0.4290824606301732,12.833702983520993,0.07393268446392857,100000
jaou7_6900c,0.4290824606301732,12.663763977163399,0.07356488555195227,100000
jaou7_6905c,0.4290824606301732,12.642667242604759,0.07351887506544488,100000
jaou7_6930c,0.4290824606301732,12.537659861904737,0.07328872342810698,100000
jaou7_7000c,0.4290824606301732,12.248030936451698,0.07264317706397357,100000
jaou7_7110c,0.4290824606301732,11.805396013981714,0.07162664828576472,100000
jaou7_7200c,0.4290824606301732,11.45432822540837,0.07079378433508726,100000
jaou7_7335c,0.4290824606301732,10.945168552008584,0.06954518722260836,100000
jaou7_7400c,0.4290824606301732,10.707347967660688,0.06894472075641213,100000
jaou7_7450c,0.4290824606301732,10.527614661535798,0.06848326826826989,100000
jaou7_7500c,0.4290824606301732,10.350765491812705,0.06802208677284921,100000
jaou7_7542c,0.4290824606301732,10.204240452075434,0.06763523269007464,100000
jaou7_7550c,0.4290824606301732,10.176546130148695,0.06756159576940901,100000
jaou7_7600c,0.4290824606301732,10.005058992756288,0.06710167135844525,100000
jaou7_7610c,0.4290824606301732,9.971072964630213,0.06700978143454284,100000
jaou7_7705c,0.4290824606301732,9.653404039446665,0.06613843430009185,100000
jaou7_7710c,0.4290824606301732,9.636944646100169,0.06609265720425762,100000
jaou7_7725c,0.4290824606301732,9.58772970375206,0.06595536646871,100000
jaou7_5800p,0.4290824606301732,5.479919394273642,0.027919414236081696,100000
jaou7_5900p,0.4290824606301732,5.868243241073185,0.029051313194162764,100000
jaou7_6000p,0.4290824606301732,6.271344104566484,0.03018556355581932,100000
jaou7_6200p,0.4290824606301732,7.122227123219245,0.032454665352692424,100000
jaou7_6420p,0.4290824606301732,8.124041742723522,0.034946459679383195,100000
jaou7_6500p,0.4290824606301732,8.504889455088946,0.03584959000342859,100000
jaou7_6750p,0.4290824606301732,9.750771722343835,0.03865342414773854,100000
jaou7_6800p,0.4290824606301732,10.009614177152212,0.03921054602397812,100000
jaou7_6900p,0.4290824606301732,10.537439037440354,0.0403184921651916,100000
jaou7_7000p,0.4290824606301732,11.078471598532806,0.04141769107711069,100000
jaou7_7400p,0.4290824606301732,13.364851036958397,0.04572556561660135,100000
jaou7_7450p,0.4290824606301732,13.663500531735583,0.04625369748785625,100000
jaou7_7500p,0.4290824606301732,13.965034162914566,0.04677888017608877,100000
jaou7_6820c,0.43291174260179066,13.105480655572558,0.07511127077974783,100000
jaou7_6825c,0.43291174260179066,13.083903153292049,0.07506547406630569,100000
jaou7_6860c,0.43291174260179066,12.933819231625108,0.07474455989745045,100000
jaou7_6900c,0.43291174260179066,12.764306869575817,0.0743771682842396,100000
jaou7_6905c,0.43291174260179066,12.743262095938022,0.07433120962265462,100000
jaou7_6930c,0.43291174260179066,12.638503800635096,0.07410133065200308,100000
jaou7_7000c,0.43291174260179066,12.349552481393372,0.07345653625726738,100000
jaou7_7110c,0.43291174260179066,11.907842937872072,0.07244128520941483,100000
jaou7_7200c,0.43291174260179066,11.557406515332632,0.07160954120799064,100000
jaou7_7335c,0.43291174260179066,11.049021591660674,0.07036266741353561,100000
jaou7_7400c,0.43291174260179066,10.811498146127951,0.0697630459470772,100000
jaou7_7450c,0.43291174260179066,10.631976161600216,0.0693022226461924,100000
jaou7_7500c,0.43291174260179066,10.45530890965122,0.06884167336608651,100000
jaou7_7542c,0.43291174260179066,10.308911447593843,0.06845535591463361,100000
jaou7_7550c,0.43291174260179066,10.28124080814672,0.0683818187041756,100000
jaou7_7600c,0.43291174260179066,10.109886075839286,0.06792251581169767,100000
jaou7_7610c,0.43291174260179066,10.075919129699258,0.0678307560069477,100000
jaou7_7705c,0.43291174260179066,9.758425046947506,0.06696056636911842,100000
jaou7_7710c,0.43291174260179066,9.741971976166898,0.06691484998635264,100000
jaou7_7725c,0.43291174260179066,9.692777978815904,0.06677773584239707,100000
jaou7_5800p,0.43291174260179066,5.563441597007001,0.028201024469037297,100000
jaou7_5900p,0.43291174260179066,5.954001058002272,0.02933407077878108,100000
jaou7_6000p,0.43291174260179066,6.359274187087013,0.03046919030365705,100000
jaou7_6200p,0.43291174260179066,7.214246034403797,0.032739382172929404,100000
jaou7_6420p,0.43291174260179066,8.219715051016358,0.03523243757314389,100000
jaou7_6500p,0.43291174260179066,8.60182598480148,0.03613573304548116,100000
jaou7_6750p,0.43291174260179066,9.850979315941846,0.03894027845930694,100000
jaou7_6800p,0.43291174260179066,10.110431155026145,0.0394974011355758,100000
jaou7_6900p,0.43291174260179066,10.639364408159766,0.040605398684761825,100000
jaou7_7000p,0.43291174260179066,11.18137562178147,0.041704687172892364,100000
jaou7_7400p,0.43291174260179066,13.470383693732652,0.04601367944128235,100000
jaou7_7450p,0.43291174260179066,13.769244510106994,0.046542002951520584,100000
jaou7_7500p,0.43291174260179066,14.070960059060075,0.04706740775360108,100000
jaou7_6820c,0.43674102457340813,13.2051006186094,0.07592651535423667,100000
jaou7_6825c,0.43674102457340813,13.183585090242445,0.07588075802857143,100000
jaou7_6860c,0.43674102457340813,13.033897488397574,0.07556017634788345,100000
jaou7_6900c,0.43674102457340813,12.864804741630195,0.07519320348563804,100000
jaou7_6905c,0.43674102457340813,12.843810117151085,0.07514729969668649,100000
jaou7_6930c,0.43674102457340813,12.739305049390524,0.07491768605588231,100000
jaou7_7000c,0.43674102457340813,12.45101904553582,0.07427366438857771,100000
jaou7_7110c,0.43674102457340813,12.010239652927677,0.0732596851438195,100000
jaou7_7200c,0.43674102457340813,11.660433579529226,0.07242906663462984,100000
jaou7_7335c,0.43674102457340813,11.15282437729771,0.07118392429060673,100000
jaou7_7400c,0.43674102457340813,10.91560056827039,0.07058515034290218,100000
jaou7_7450c,0.43674102457340813,10.73629309692308,0.07012495708037135,100000
jaou7_7500c,0.43674102457340813,10.559808779569023,0.06966504494949785,100000
jaou7_7542c,0.43674102457340813,10.413542633242303,0.06927926449469717,100000
jaou7_7550c,0.43674102457340813,10.385897200324363,0.06920582591347003,100000
jaou7_7600c,0.43674102457340813,10.214677451111639,0.06874714868677324,100000
jaou7_7610c,0.43674102457340813,10.180730755185051,0.06865551894997081,100000
jaou7_7705c,0.43674102457340813,9.863420184733462,0.06778649170957612,100000
jaou7_7710c,0.43674102457340813,9.846974650081462,0.06774083528102551,100000
jaou7_7725c,0.43674102457340813,9.797802158802016,0.06760389999016583,100000
jaou7_5800p,0.43674102457340813,5.647093172959278,0.028481340860442513,100000
jaou7_5900p,0.43674102457340813,6.039855678967251,0.029615522142356437,100000
jaou7_6000p,0.43674102457340813,6.447299184317186,0.03075144437864714,100000
jaou7_6200p,0.43674102457340813,7.306307019577087,0.03302271686992943,100000
jaou7_6420p,0.43674102457340813,8.315415504982694,0.035516953892327195,100000
jaou7_6500p,0.43674102457340813,8.698789497704825,0.03642038159228116,100000
jaou7_6750p,0.43674102457340813,9.95115979116469,0.03922568960224707,100000
jaou7_6800p,0.43674102457340813,10.21121251515982,0.039782823578833476,100000
jaou7_6900p,0.43674102457340813,10.741258078014353,0.04089084367096258,100000
jaou7_7000p,0.43674102457340813,11.28423798372413,0.04199023431343548,100000
jaou7_7400p,0.43674102457340813,13.575881913675303,0.04630031497831085,100000
jaou7_7450p,0.43674102457340813,13.874957243230067,0.04682882433263296,100000
jaou7_7500p,0.43674102457340813,14.176855726778088,0.04735445280259807,100000
jaou7_6820c,0.44057030654502566,13.30468853970896,0.07674551090576961,100000
jaou7_6825c,0.44057030654502566,13.28322692384974,0.07669980685332152,100000
jaou7_6860c,0.44057030654502566,13.133935761490969,0.07637955671003224,100000
jaou7_6900c,0.44057030654502566,12.965254029993933,0.07601301673687054,100000
jaou7_6905c,0.44057030654502566,12.94430330235686,0.07596717844123417,100000
jaou7_6930c,0.44057030654502566,12.840057643371095,0.07573781931492744,100000
jaou7_7000c,0.44057030654502566,12.552438822388535,0.0750945672830438,100000
jaou7_7110c,0.44057030654502566,12.112578378062626,0.07408188050626036,100000
jaou7_7200c,0.44057030654502566,11.76340691602175,0.0732523842664688,100000
jaou7_7335c,0.44057030654502566,11.25657338130287,0.07200898287827572,100000
jaou7_7400c,0.44057030654502566,11.019653927548358,0.0714110553476389,100000
jaou7_7450c,0.44057030654502566,10.840564467927516,0.07095149239098028,100000
jaou7_7500c,0.44057030654502566,10.66426474285504,0.0704922212211021,100000
jaou7_7542c,0.44057030654502566,10.518134801255325,0.0701069762773715,100000
jaou7_7550c,0.44057030654502566,10.490514081656508,0.07003363825167107,100000
jaou7_7600c,0.44057030654502566,10.319432479054134,0.0695755897787411,100000
jaou7_7610c,0.44057030654502566,10.285508615749192,0.06948408792673544,100000
jaou7_7705c,0.44057030654502566,9.968387967669683,0.06861623091034523,100000
jaou7_7710c,0.44057030654502566,9.951950793239831,0.06857063422172587,100000
jaou7_7725c,0.44057030654502566,9.902801184982714,0.06843387878279744,100000
jaou7_5800p,0.44057030654502566,5.730859631758476,0.02876038439152116,100000
jaou7_5900p,0.44057030654502566,6.125833160542191,0.02989560820830505,100000
jaou7_6000p,0.44057030654502566,6.535428349987154,0.031032302157452077,100000
jaou7_6200p,0.44057030654502566,7.3984038076998315,0.03330468123465934,100000
jaou7_6420p,0.44057030654502566,8.411139704544023,0.035800017302387195,100000
jaou7_6500p,0.44057030654502566,8.795748507257795,0.036703612264349414,100000
jaou7_6750p,0.44057030654502566,10.051331568832017,0.03950961384539113,100000
jaou7_6800p,0.44057030654502566,10.311959973033591,0.04006681206307101,100000
jaou7_6900p,0.44057030654502566,10.843116512785693,0.041174839898774934,100000
jaou7_7000p,0.44057030654502566,11.38706690698445,0.04227431413200583,100000
jaou7_7400p,0.44057030654502566,13.681344419360876,0.0465854792640818,100000
jaou7_7450p,0.44057030654502566,13.980637760642107,0.04711416760501421,100000
jaou7_7500p,0.44057030654502566,14.28272083647171,0.0476400192229522,100000
jaou7_6820c,0.44439958851664313,13.40423007413521,0.07756830189265662,100000
jaou7_6825c,0.44439958851664313,13.382825170461144,0.07752264615874929,100000
jaou7_6860c,0.44439958851664313,13.233940645159255,0.07720270927205261,100000
jaou7_6900c,0.44439958851664313,13.065650313830192,0.07683663523205696,100000
jaou7_6905c,0.44439958851664313,13.044755924144024,0.07679084116726662,100000
jaou7_6930c,0.44439958851664313,12.940762449319987,0.07656174867182446,100000
jaou7_7000c,0.44439958851664313,12.653799987456114,0.07591928446005,100000
jaou7_7110c,0.44439958851664313,12.214866126017899,0.07490787959795021,100000
jaou7_7200c,0.44439958851664313,11.866323396950387,0.0740795189079919,100000
jaou7_7335c,0.44439958851664313,11.360270502609545,0.07283785985138047,100000
jaou7_7400c,0.44439958851664313,11.123657166951764,0.07224078214999224,100000
jaou7_7450c,0.44439958851664313,10.944792464081049,0.07178184468709942,100000
jaou7_7500c,0.44439958851664313,10.768675431503778,0.07132322358131542,100000
jaou7_7542c,0.44439958851664313,10.622685835933963,0.07093851366197314,100000
jaou7_7550c,0.44439958851664313,10.595091724967864,0.07086527450842378,100000
jaou7_7600c,0.44439958851664313,10.424148898041668,0.07040786147627441,100000
jaou7_7610c,0.44439958851664313,10.390250873286114,0.07031648466610156,100000
jaou7_7705c,0.44439958851664313,10.073327055065171,0.06944980455152044,100000
jaou7_7710c,0.44439958851664313,10.056899231447801,0.06940426712497777,100000
jaou7_7725c,0.44439958851664313,10.007773326846658,0.06926769327041313,100000
jaou7_5800p,0.44439958851664313,5.814757447878336,0.02903811461938969,100000
jaou7_5900p,0.44439958851664313,6.211946827143687,0.03017429634526499,100000
jaou7_6000p,0.44439958851664313,6.6236520461657085,0.0313117797793819,100000
jaou7_6200p,0.44439958851664313,7.4905379417651785,0.03358527011128197,100000
jaou7_6420p,0.44439958851664313,8.506874962329906,0.03608165830440992,100000
jaou7_6500p,0.44439958851664313,8.8927079859663,0.03698541429103377,100000
jaou7_6750p,0.44439958851664313,10.151477309955915,0.0397920982707159,100000
jaou7_6800p,0.44439958851664313,10.41269125631699,0.040349324187090196,100000
jaou7_6900p,0.44439958851664313,10.944935321073753,0.04145740237518738,100000
jaou7_7000p,0.44439958851664313,11.489850596503825,0.04255696206981148,100000
jaou7_7400p,0.44439958851664313,13.786770183216078,0.046869178588890885,100000
jaou7_7450p,0.44439958851664313,14.08628828124744,0.04739802929151897,100000
jaou7_7500p,0.44439958851664313,14.388554049572244,0.04792411394399391,100000
jaou7_6820c,0.44822887048826066,13.50373423652967,0.07839489243860279,100000
jaou7_6825c,0.44822887048826066,13.482389100454894,0.0783492796330171,100000
jaou7_6860c,0.44822887048826066,13.333880938667262,0.07802970732794183,100000
jaou7_6900c,0.44822887048826066,13.166009134047036,0.07766405231477647,100000
jaou7_6905c,0.44822887048826066,13.145167561192222,0.07761830841958646,100000
jaou7_6930c,0.44822887048826066,13.041430124673212,0.07738947594401777,100000
jaou7_7000c,0.44822887048826066,12.755120616387122,0.07674780567997805,100000
jaou7_7110c,0.44822887048826066,12.317097444860176,0.0757377112724734,100000
jaou7_7200c,0.44822887048826066,11.96918145606041,0.07491049299174056,100000
jaou7_7335c,0.44822887048826066,11.46391645586747,0.07367057392806138,100000
jaou7_7400c,0.44822887048826066,11.22761099050186,0.07307434938866395,100000
jaou7_7450c,0.44822887048826066,11.048973380925544,0.07261603926029826,100000
jaou7_7500c,0.44822887048826066,10.873040174706164,0.07215807255127432,100000
jaou7_7542c,0.44822887048826066,10.727195471663675,0.07177389644954674,100000
jaou7_7550c,0.44822887048826066,10.699629343124835,0.0717007552463105,100000
jaou7_7600c,0.44822887048826066,10.528825796201525,0.07124398434913122,100000
jaou7_7610c,0.44822887048826066,10.494957320981607,0.07115272867210896,100000
jaou7_7705c,0.44822887048826066,10.178237648375157,0.07028723117987393,100000
jaou7_7710c,0.44822887048826066,10.161818303578295,0.07024175521632535,100000
jaou7_7725c,0.44822887048826066,10.112717602286228,0.07010536362492392,100000
jaou7_5800p,0.44822887048826066,5.898768914614853,0.029314559654414096,100000
jaou7_5900p,0.44822887048826066,6.2981656311922425,0.0304516454537111,100000
jaou7_6000p,0.44822887048826066,6.711969362962679,0.03158987506221672,100000
jaou7_6200p,0.44822887048826066,7.582704604089309,0.03386449254491881,100000
jaou7_6420p,0.44822887048826066,8.602622760880937,0.03636187419470767,100000
jaou7_6500p,0.44822887048826066,8.989676001590963,0.03726576988986463,100000
jaou7_6750p,0.44822887048826066,10.25160056055209,0.040073136769571874,100000
jaou7_6800p,0.44822887048826066,10.513407065752558,0.040630361359215404,100000
jaou7_6900p,0.44822887048826066,11.04673007354748,0.0417384935409875,100000
jaou7_7000p,0.44822887048826066,11.592607157691717,0.042838132936377206,100000
jaou7_7400p,0.44822887048826066,13.892159939023061,0.04715141406439413,100000
jaou7_7450p,0.44822887048826066,14.191905130348818,0.04768042339385801,100000
jaou7_7500p,0.44822887048826066,14.494354725031513,0.04820674180830979,100000
jaou7_6820c,0.4520581524598781,13.603203637049663,0.07922529794937214,100000
jaou7_6825c,0.4520581524598781,13.581915351642738,0.07917973299970614,100000
jaou7_6860c,0.4520581524598781,13.433782832940517,0.07886052597263522,100000
jaou7_6900c,0.4520581524598781,13.266324425915178,0.07849529829504547,100000
jaou7_6905c,0.4520581524598781,13.245531480407212,0.07844961162665436,100000
jaou7_6930c,0.4520581524598781,13.142059297154391,0.07822102351109105,100000
jaou7_7000c,0.4520581524598781,12.856388329000662,0.07758017162690779,100000
jaou7_7110c,0.4520581524598781,12.419278534622617,0.07657138556354925,100000
jaou7_7200c,0.4520581524598781,12.071977226149599,0.07574533278204663,100000
jaou7_7335c,0.4520581524598781,11.567510426190086,0.07450714636564139,100000
jaou7_7400c,0.4520581524598781,11.331514726765738,0.07391177799412126,100000
jaou7_7450c,0.4520581524598781,11.153107689961162,0.07345409520276086,100000
jaou7_7500c,0.4520581524598781,10.977357399801566,0.07299679018982128,100000
jaou7_7542c,0.4520581524598781,10.831663248148537,0.0726131449188679,100000
jaou7_7550c,0.4520581524598781,10.80412373748526,0.0725401048079191,100000
jaou7_7600c,0.4520581524598781,10.633463236661628,0.07208397771633882,100000
jaou7_7610c,0.4520581524598781,10.599626605662422,0.07199284132964781,100000
jaou7_7705c,0.4520581524598781,10.28311795988125,0.07112853243070415,100000
jaou7_7710c,0.4520581524598781,10.266708581553477,0.07108311669195533,100000
jaou7_7725c,0.4520581524598781,10.217632693266673,0.07094691070834638,100000
jaou7_5800p,0.4520581524598781,5.982894548893578,0.02958971169021776,100000
jaou7_5900p,0.4520581524598781,6.384457162694526,0.03072771674726457,100000
jaou7_6000p,0.4520581524598781,6.80035332634986,0.03186664155457995,100000
jaou7_6200p,0.4520581524598781,7.6748998581266346,0.03414235593591725,100000
jaou7_6420p,0.4520581524598781,8.698384479401675,0.036640662562107844,100000
jaou7_6500p,0.4520581524598781,9.086634950412346,0.037544722913191185,100000
jaou7_6750p,0.4520581524598781,10.351706411141237,0.040352719306543376,100000
jaou7_6800p,0.4520581524598781,10.61409348245303,0.040909962718558644,100000
jaou7_6900p,0.4520581524598781,11.148494735564059,0.0420181328192272,100000
jaou7_7000p,0.4520581524598781,11.695324240453695,0.043117863785624204,100000
jaou7_7400p,0.4520581524598781,13.997513045435376,0.04743219083361351,100000
jaou7_7450p,0.4520581524598781,14.297488809532878,0.04796135150580561,100000
jaou7_7500p,0.4520581524598781,14.600121320275356,0.04848791036897754,100000
jaou7_6820c,0.4558874344314956,13.70263458802363,0.08005954486750606,100000
jaou7_6825c,0.4558874344314956,13.68140179901335,0.08001402999829033,100000
jaou7_6860c,0.4558874344314956,13.533638523341443,0.07969519863016723,100000
jaou7_6900c,0.4558874344314956,13.366586384825618,0.0793304099117625,100000
jaou7_6905c,0.4558874344314956,13.345844735042041,0.07928477595564555,100000
jaou7_6930c,0.4558874344314956,13.242638740043098,0.07905643048141886,100000
jaou7_7000c,0.4558874344314956,12.9576041424473,0.07841640085741003,100000
jaou7_7110c,0.4558874344314956,12.521408360704484,0.07740892443661458,100000
jaou7_7200c,0.4558874344314956,12.17471528566083,0.07658405122951707,100000
jaou7_7335c,0.4558874344314956,11.671048039744758,0.07534760412024007,100000
jaou7_7400c,0.4558874344314956,11.435365975186382,0.07475309171814815,100000
jaou7_7450c,0.4558874344314956,11.257194977362065,0.07429603312648668,100000
jaou7_7500c,0.4558874344314956,11.081629699370247,0.07383939246727175,100000
jaou7_7542c,0.4558874344314956,10.93608915616815,0.07345627885943208,100000
jaou7_7550c,0.4558874344314956,10.90857599088866,0.07338334132766888,100000
jaou7_7600c,0.4558874344314956,10.738063087192506,0.07292785842858336,100000
jaou7_7610c,0.4558874344314956,10.70425518776761,0.0728368474296105,100000
jaou7_7705c,0.4558874344314956,10.387966442428926,0.07197372978883018,100000
jaou7_7710c,0.4558874344314956,10.371567373285533,0.07192837467255078,100000
jaou7_7725c,0.4558874344314956,10.322516872723876,0.07179235617523023,100000
jaou7_5800p,0.4558874344314956,6.067137662995347,0.029863557359190468,100000
jaou7_5900p,0.4558874344314956,6.470849272028933,0.031002447001129196,100000
jaou7_6000p,0.4558874344314956,6.8888049105476865,0.032142073266316164,100000
jaou7_6200p,0.4558874344314956,7.76710742125294,0.03441889531318765,100000
jaou7_6420p,0.4558874344314956,8.794149846457096,0.03691804882179394,100000
jaou7_6500p,0.4558874344314956,9.183597197187549,0.03782224504888812,100000
jaou7_6750p,0.4558874344314956,10.451788115916175,0.04063086617421999,100000
jaou7_6800p,0.4558874344314956,10.714751366954923,0.041188129131148755,100000
jaou7_6900p,0.4558874344314956,11.250219532928005,0.04229634957717936,100000
jaou7_7000p,0.4558874344314956,11.798002892353843,0.043396155396711586,100000
jaou7_7400p,0.4558874344314956,14.102827132309526,0.04771151913254962,100000
jaou7_7450p,0.4558874344314956,14.403038935387283,0.04824081785448179,100000
jaou7_7500p,0.4558874344314956,14.70585645829754,0.04876761464169795,100000
jaou7_6820c,0.4597167164031131,13.80202508731172,0.0808976568848422,100000
jaou7_6825c,0.4597167164031131,13.780854582166006,0.0808521804151466,100000
jaou7_6860c,0.4597167164031131,13.633443597463977,0.08053375306983979,100000
jaou7_6900c,0.4597167164031131,13.466806152693186,0.08016938872141846,100000
jaou7_6905c,0.4597167164031131,13.446120157481113,0.08012380010582892,100000
jaou7_6930c,0.4597167164031131,13.343167202837837,0.07989571931478313,100000
jaou7_7000c,0.4597167164031131,13.058767852269513,0.07925651412852716,100000
jaou7_7110c,0.4597167164031131,12.623481883612024,0.07825035652413266,100000
jaou7_7200c,0.4597167164031131,12.277399818239795,0.07742666210483344,100000
jaou7_7335c,0.4597167164031131,11.77452553714246,0.07619197333716372,100000
jaou7_7400c,0.4597167164031131,11.539165702729868,0.07559830932323379,100000
jaou7_7450c,0.4597167164031131,11.361232478264938,0.07514187738622617,100000
jaou7_7500c,0.4597167164031131,11.185856971567274,0.07468589959373653,100000
jaou7_7542c,0.4597167164031131,11.040470950434688,0.07430332157328765,100000
jaou7_7550c,0.4597167164031131,11.01298597137351,0.07423048494092586,100000
jaou7_7600c,0.4597167164031131,10.842622802503485,0.07377565004015123,100000
jaou7_7610c,0.4597167164031131,10.808844613449864,0.07368476446302925,100000
jaou7_7705c,0.4597167164031131,10.492782384021448,0.0728228437340521,100000
jaou7_7710c,0.4597167164031131,10.476394229156211,0.07277754923864331,100000
jaou7_7725c,0.4597167164031131,10.427368465735595,0.07264172180592866,100000
jaou7_5800p,0.4597167164031131,6.1514799743926405,0.0301361277975608,100000
jaou7_5900p,0.4597167164031131,6.55733457168556,0.0312758472447768,100000
jaou7_6000p,0.4597167164031131,6.977343300448535,0.03241612577451107,100000
jaou7_6200p,0.4597167164031131,7.859347374443124,0.03469406411463714,100000
jaou7_6420p,0.4597167164031131,8.889910871560422,0.037194052767946746,100000
jaou7_6500p,0.4597167164031131,9.280547980363972,0.03809837369302845,100000
jaou7_6750p,0.4597167164031131,10.551828468393241,0.040907624500609197,100000
jaou7_6800p,0.4597167164031131,10.81538799154072,0.041464844904592374,100000
jaou7_6900p,0.4597167164031131,11.351915638296182,0.042573117513408455,100000
jaou7_7000p,0.4597167164031131,11.900642939676661,0.04367301183387906,100000
jaou7_7400p,0.4597167164031131,14.208103197353617,0.047989399246491676,100000
jaou7_7450p,0.4597167164031131,14.508552773790765,0.04851883367266837,100000
jaou7_7500p,0.4597167164031131,14.811560067995174,0.049045857743155605,100000
jaou7_6820c,0.4635459983747306,13.901375119065282,0.08173965441849944,100000
jaou7_6825c,0.4635459983747306,13.880243618174996,0.08169425596363603,100000
jaou7_6860c,0.4635459983747306,13.733196863100863,0.08137621178009258,100000
jaou7_6900c,0.4635459983747306,13.566989087345984,0.08101224625163089,100000
jaou7_6905c,0.4635459983747306,13.546358601860753,0.0809667032021868,100000
jaou7_6930c,0.4635459983747306,13.44364913453653,0.08073890309238664,100000
jaou7_7000c,0.4635459983747306,13.159888040261986,0.08010051788633055,100000
jaou7_7110c,0.4635459983747306,12.725499015377622,0.07909570257107391,100000
jaou7_7200c,0.4635459983747306,12.380025320025057,0.07827319474400671,100000
jaou7_7335c,0.4635459983747306,11.877944055960064,0.07704027272884316,100000
jaou7_7400c,0.4635459983747306,11.642913482901841,0.0764474518775221,100000
jaou7_7450c,0.4635459983747306,11.465221571622147,0.07599164623016769,100000
jaou7_7500c,0.4635459983747306,11.290036818415425,0.07553633540428378,100000
jaou7_7542c,0.4635459983747306,11.144807339948285,0.07515429512228958,100000
jaou7_7550c,0.4635459983747306,11.117351052265732,0.07508155966972155,100000
jaou7_7600c,0.4635459983747306,10.947143468378066,0.0746273709481663,100000
jaou7_7610c,0.4635459983747306,10.913393553798606,0.07453661434297555,100000
jaou7_7705c,0.4635459983747306,10.597565530570545,0.07367589428771888,100000
jaou7_7710c,0.4635459983747306,10.581187796729866,0.07363066197575195,100000
jaou7_7725c,0.4635459983747306,10.532188410987356,0.07349502583084921,100000
jaou7_5800p,0.4635459983747306,6.235929446476518,0.03040740044923042,100000
jaou7_5900p,0.4635459983747306,6.6439134555307655,0.03154791206023203,100000
jaou7_6000p,0.4635459983747306,7.0659555568428045,0.032688824015399846,100000
jaou7_6200p,0.4635459983747306,7.951632756122181,0.034967832201905726,100000
jaou7_6420p,0.4635459983747306,8.985700301341081,0.037468597383191936,100000
jaou7_6500p,0.4635459983747306,9.377491569094621,0.03837310002861881,100000
jaou7_6750p,0.4635459983747306,10.651843463961617,0.04118295601313861,100000
jaou7_6800p,0.4635459983747306,10.91600136199187,0.04174011836694875,100000
jaou7_6900p,0.4635459983747306,11.453588440568717,0.04284842570366287,100000
jaou7_7000p,0.4635459983747306,12.003252995288875,0.043948413226720814,100000
jaou7_7400p,0.4635459983747306,14.313340845145332,0.04826583556957649,100000
jaou7_7450p,0.4635459983747306,14.614031734767712,0.048795397821390744,100000
jaou7_7500p,0.4635459983747306,14.917229782463068,0.04932264971427846,100000
jaou7_6820c,0.4673752803463481,14.000663541172491,0.08258559410722195,100000
jaou7_6825c,0.4673752803463481,13.979591724533641,0.08254023841014477,100000
jaou7_6860c,0.4673752803463481,13.832913583420153,0.08222256958432764,100000
jaou7_6900c,0.4673752803463481,13.667129345576228,0.08185901300681066,100000
jaou7_6905c,0.4673752803463481,13.646547291876953,0.08181352736827617,100000
jaou7_6930c,0.4673752803463481,13.544069938719533,0.08158602684262176,100000
jaou7_7000c,0.4673752803463481,13.260949952698905,0.08094845714845682,100000
jaou7_7110c,0.4673752803463481,12.827464085675162,0.07994497640970365,100000
jaou7_7200c,0.4673752803463481,12.482598928936252,0.07912365863644427,100000
jaou7_7335c,0.4673752803463481,11.98130218051175,0.07789252514997876,100000
jaou7_7400c,0.4673752803463481,11.74661313100527,0.07730053417231543,100000
jaou7_7450c,0.4673752803463481,11.569160081451374,0.07684536346231291,100000
jaou7_7500c,0.4673752803463481,11.394170136721213,0.07639071898199208,100000
jaou7_7542c,0.4673752803463481,11.249099533176668,0.07600921804061178,100000
jaou7_7550c,0.4673752803463481,11.221670852189032,0.07593658638724396,100000
jaou7_7600c,0.4673752803463481,11.05162092192939,0.07548304744604363,100000
jaou7_7610c,0.4673752803463481,11.01790070535204,0.07539241913103958,100000
jaou7_7705c,0.4673752803463481,10.702313771125334,0.0745329043489663,100000
jaou7_7710c,0.4673752803463481,10.685947860577865,0.07448773303555171,100000
jaou7_7725c,0.4673752803463481,10.636976765209974,0.0743522879613768,100000
jaou7_5800p,0.4673752803463481,6.320503021384876,0.030677335297884776,100000
jaou7_5900p,0.4673752803463481,6.730592455893974,0.03181862378521953,100000
jaou7_6000p,0.4673752803463481,7.154642775911484,0.032960162368782145,100000
jaou7_6200p,0.4673752803463481,8.043933031074353,0.03524026793203569,100000
jaou7_6420p,0.4673752803463481,9.081492385763184,0.03774174571589267,100000
jaou7_6500p,0.4673752803463481,9.474412165806774,0.03864646435156691,100000
jaou7_6750p,0.4673752803463481,10.751847948956312,0.0414568253727741,100000
jaou7_6800p,0.4673752803463481,11.016587014758434,0.04201396432855005,100000
jaou7_6900p,0.4673752803463481,11.555232127941354,0.04312229310355393,100000
jaou7_7000p,0.4673752803463481,12.105818336868184,0.04422240333652867,100000
jaou7_7400p,0.4673752803463481,14.418543922391152,0.04854081989427759,100000
jaou7_7450p,0.4673752803463481,14.719473673739332,0.04907051978071904,100000
jaou7_7500p,0.4673752803463481,15.022866529911246,0.04959799064125681,100000
jaou7_6820c,0.4712045623179656,14.099914217638855,0.08343545612302171,100000
jaou7_6825c,0.4712045623179656,14.07889470567679,0.08339015562844634,100000
jaou7_6860c,0.4712045623179656,13.932584427238936,0.08307286305334764,100000
jaou7_6900c,0.4712045623179656,13.767217633698653,0.08270972539831575,100000
jaou7_6905c,0.4712045623179656,13.746684223544547,0.08266429681261889,100000
jaou7_6930c,0.4712045623179656,13.644434517308191,0.08243710325786124,100000
jaou7_7000c,0.4712045623179656,13.36196102571172,0.08180034066189137,100000
jaou7_7110c,0.4712045623179656,12.929370233294803,0.08079821000240582,100000
jaou7_7200c,0.4712045623179656,12.585114703686603,0.07997808409852937,100000
jaou7_7335c,0.4712045623179656,12.084605577877266,0.07874874270367782,100000
jaou7_7400c,0.4712045623179656,11.850265371744904,0.07815757589693376,100000
jaou7_7450c,0.4712045623179656,11.67304799384821,0.07770304979675381,100000
jaou7_7500c,0.4712045623179656,11.498256457581213,0.07724907163615667,100000
jaou7_7542c,0.4712045623179656,11.353345973294886,0.076868113150744,100000
jaou7_7550c,0.4712045623179656,11.325943676795927,0.07679558809137291,100000
jaou7_7600c,0.4712045623179656,11.15605483790318,0.0763427003821317,100000
jaou7_7610c,0.4712045623179656,11.122365265430114,0.07625220034524566,100000
jaou7_7705c,0.4712045623179656,10.807026354562058,0.07539389505796494,100000
jaou7_7710c,0.4712045623179656,10.790671617089505,0.07534878648799279,100000
jaou7_7725c,0.4712045623179656,10.741732956944023,0.07521352901820429,100000
jaou7_5800p,0.4712045623179656,6.405210882403934,0.030945906621930277,100000
jaou7_5900p,0.4712045623179656,6.817363020502513,0.03208799662320797,100000
jaou7_6000p,0.4712045623179656,7.243412394763779,0.033230122197953696,100000
jaou7_6200p,0.4712045623179656,8.13625112452131,0.03551136375672141,100000
jaou7_6420p,0.4712045623179656,9.177277717402506,0.038013521257691155,100000
jaou7_6500p,0.4712045623179656,9.571308070440713,0.03891847240779357,100000
jaou7_6750p,0.4712045623179656,10.85182963283547,0.04172926743024772,100000
jaou7_6800p,0.4712045623179656,11.117152101359325,0.04228636720105075,100000
jaou7_6900p,0.4712045623179656,11.656837438465294,0.04339474787902413,100000
jaou7_7000p,0.4712045623179656,12.208346432282513,0.04449496524197865,100000
jaou7_7400p,0.4712045623179656,14.523713185532303,0.04881435314945539,100000
jaou7_7450p,0.4712045623179656,14.824878608537679,0.049344202557725994,100000
jaou7_7500p,0.4712045623179656,15.128469873172758,0.04987188473460271,100000
jaou7_6820c,0.47503384428958306,14.199117191792771,0.0842892782946916,100000
jaou7_6825c,0.47503384428958306,14.17814629837316,0.08424403914824963,100000
jaou7_6860c,0.47503384428958306,14.032200061224575,0.08392712884472597,100000
jaou7_6900c,0.47503384428958306,13.867257864385559,0.0835643979485289,100000
jaou7_6905c,0.47503384428958306,13.846774375007033,0.08351902427094438,100000
jaou7_6930c,0.47503384428958306,13.744750353602358,0.08329214098174387,100000
jaou7_7000c,0.47503384428958306,13.462925809429716,0.08265618208803416,100000
jaou7_7110c,0.47503384428958306,13.031216628828835,0.08165542581367713,100000
jaou7_7200c,0.47503384428958306,12.687565809994592,0.08083650301332886,100000
jaou7_7335c,0.47503384428958306,12.18786091298016,0.07960893620105189,100000
jaou7_7400c,0.47503384428958306,11.953865609628492,0.07901860498996831,100000
jaou7_7450c,0.47503384428958306,11.776883672422823,0.07856472857294844,100000
jaou7_7500c,0.47503384428958306,11.602292585709561,0.07811141891488432,100000
jaou7_7542c,0.47503384428958306,11.457544311704291,0.07773100462754723,100000
jaou7_7550c,0.47503384428958306,11.430169096128935,0.07765858609941102,100000
jaou7_7600c,0.47503384428958306,11.260444977774732,0.07720635066727768,100000
jaou7_7610c,0.47503384428958306,11.226788163454081,0.0771159771722427,100000
jaou7_7705c,0.47503384428958306,10.911703013205436,0.07625888706582613,100000
jaou7_7710c,0.47503384428958306,10.895358094260668,0.07621384397149963,100000
jaou7_7725c,0.47503384428958306,10.846453687604122,0.07607877391942525,100000
jaou7_5800p,0.47503384428958306,6.490001185668863,0.03121321668129804,100000
jaou7_5900p,0.47503384428958306,6.904224992263152,0.032356027065164876,100000
jaou7_6000p,0.47503384428958306,7.332251068151249,0.03349873010212601,100000
jaou7_6200p,0.47503384428958306,8.228570108024837,0.03578115776944,100000
jaou7_6420p,0.47503384428958306,9.273075271809526,0.03828387964842921,100000
jaou7_6500p,0.47503384428958306,9.66818618009091,0.03918910887245734,100000
jaou7_6750p,0.47503384428958306,10.951777635753935,0.042000313366928214,100000
jaou7_6800p,0.47503384428958306,11.217663656668574,0.04255741665121476,100000
jaou7_6900p,0.47503384428958306,11.758408316883752,0.04366578279437372,100000
jaou7_7000p,0.47503384428958306,12.31084186373206,0.04476608993863706,100000
jaou7_7400p,0.47503384428958306,14.628844071147439,0.04908645207361395,100000
jaou7_7450p,0.47503384428958306,14.930244934843849,0.04961645401410635,100000
jaou7_7500p,0.47503384428958306,15.234036649032664,0.050144344475492035,100000
jaou7_6820c,0.4788631262612006,14.29826265521185,0.08514709825774563,100000
jaou7_6825c,0.4788631262612006,14.277344875288108,0.08510191285132847,100000
jaou7_6860c,0.4788631262612006,14.13177593601869,0.08478536226132093,100000
jaou7_6900c,0.4788631262612006,13.967244897691375,0.08442306037945774,100000
jaou7_6905c,0.4788631262612006,13.946802317109382,0.08437775655289867,100000
jaou7_6930c,0.4788631262612006,13.845005599325841,0.08415118079597304,100000
jaou7_7000c,0.4788631262612006,13.56383306365869,0.08351602105143642,100000
jaou7_7110c,0.4788631262612006,13.133005381499405,0.08251664177070182,100000
jaou7_7200c,0.4788631262612006,12.789956643040487,0.08169892974929437,100000
jaou7_7335c,0.4788631262612006,12.291066865539955,0.08047312889261006,100000
jaou7_7400c,0.4788631262612006,12.057412354295263,0.07988364485330043,100000
jaou7_7450c,0.4788631262612006,11.880665058518273,0.0794304239310579,100000
jaou7_7500c,0.4788631262612006,11.70627744325444,0.07897778339213568,100000
jaou7_7542c,0.4788631262612006,11.561694138048258,0.07859791396055839,100000
jaou7_7550c,0.4788631262612006,11.534351958596446,0.07852559414627457,100000
jaou7_7600c,0.4788631262612006,11.36479070805875,0.07807401998405221,100000
jaou7_7610c,0.4788631262612006,11.331166343732274,0.07798377479672354,100000
jaou7_7705c,0.4788631262612006,11.016341070658825,0.07712790467355941,100000
jaou7_7710c,0.4788631262612006,11.000005968383086,0.07708292782816512,100000
jaou7_7725c,0.4788631262612006,10.951136664644876,0.07694804634015599,100000
jaou7_5800p,0.4788631262612006,6.574861367857691,0.031479286194563465,100000
jaou7_5900p,0.4788631262612006,6.991150838929569,0.032622770251062215,100000
jaou7_6000p,0.4788631262612006,7.421174190981538,0.0337659500538512,100000
jaou7_6200p,0.4788631262612006,8.320882261798719,0.036049666812119005,100000
jaou7_6420p,0.4788631262612006,9.368863751758514,0.03855287367565053,100000
jaou7_6500p,0.4788631262612006,9.765054748795363,0.039458355417975814,100000
jaou7_6750p,0.4788631262612006,11.051704982283283,0.04226993222894254,100000
jaou7_6800p,0.4788631262612006,11.318151427039895,0.04282703749781666,100000
jaou7_6900p,0.4788631262612006,11.859939655657993,0.04393541500320088,100000
jaou7_7000p,0.4788631262612006,12.413293423429458,0.04503581170992883,100000
jaou7_7400p,0.4788631262612006,14.733935121282634,0.04935712416104129,100000
jaou7_7450p,0.4788631262612006,15.035570626407717,0.049887283293355886,100000
jaou7_7500p,0.4788631262612006,15.33956581204596,0.050415375926583315,100000
jaou7_6820c,0.4826924082328181,14.39736684320573,0.08600891003195298,100000
jaou7_6825c,0.4826924082328181,14.376507297045752,0.08596376970882343,100000
jaou7_6860c,0.4826924082328181,14.231317068403724,0.08564757635168985,100000
jaou7_6900c,0.4826924082328181,14.067169811265913,0.08528574884634121,100000
jaou7_6905c,0.4826924082328181,14.046772928954004,0.08524050693646745,100000
jaou7_6930c,0.4826924082328181,13.945219077440408,0.08501421312250775,100000
jaou7_7000c,0.4826924082328181,13.664672418561368,0.08437989583233131,100000
jaou7_7110c,0.4826924082328181,13.23473224737897,0.08338188609587045,100000
jaou7_7200c,0.4826924082328181,12.892290535428545,0.08256538054440515,100000
jaou7_7335c,0.4826924082328181,12.394214772194223,0.08134135543079075,100000
jaou7_7400c,0.4826924082328181,12.16090520621619,0.08075271739662221,100000
jaou7_7450c,0.4826924082328181,11.984393712642849,0.08030015477291846,100000
jaou7_7500c,0.4826924082328181,11.810211249824567,0.07984818589718014,100000
jaou7_7542c,0.4826924082328181,11.665793948183481,0.07946886444176517,100000
jaou7_7550c,0.4826924082328181,11.638483843207748,0.07939664567970582,100000
jaou7_7600c,0.4826924082328181,11.469090770809629,0.07894573111769958,100000
jaou7_7610c,0.4826924082328181,11.43549820727225,0.07885561647022314,100000
jaou7_7705c,0.4826924082328181,11.120939294607444,0.07800097031216248,100000
jaou7_7710c,0.4826924082328181,11.104613320624269,0.07795606144925153,100000
jaou7_7725c,0.4826924082328181,11.055782044130009,0.07782136666598741,100000
jaou7_5800p,0.4826924082328181,6.65982772280403,0.031744034792072565,100000
jaou7_5900p,0.4826924082328181,7.078143025878875,0.03288821721709975,100000
jaou7_6000p,0.4826924082328181,7.510159557777794,0.03403182868463785,100000
jaou7_6200p,0.4826924082328181,8.413209811884949,0.03631683902738579,100000
jaou7_6420p,0.4826924082328181,9.464657667602049,0.038820469442884316,100000
jaou7_6500p,0.4826924082328181,9.861895024655322,0.0397262599882381,100000
jaou7_6750p,0.4826924082328181,11.15160804504676,0.042538136478572644,100000
jaou7_6800p,0.4826924082328181,11.418606823092734,0.04309525553895858,100000
jaou7_6900p,0.4826924082328181,11.961422565182051,0.04420367179155246,100000
jaou7_7000p,0.4826924082328181,12.515690774281659,0.04530416251613689,100000
jaou7_7400p,0.4826924082328181,14.838985969153079,0.04962637367746231,100000
jaou7_7450p,0.4826924082328181,15.14085727648182,0.050156688633098766,100000
jaou7_7500p,0.4826924082328181,15.445057614565608,0.05068498120874906,100000
jaou7_6820c,0.4865216902044356,14.496429892811857,0.08687473488649929,100000
jaou7_6825c,0.4865216902044356,14.475623368997255,0.08682964833752552,100000
jaou7_6860c,0.4865216902044356,14.330810987101612,0.08651381344102381,100000
jaou7_6900c,0.4865216902044356,14.167040652881479,0.08615247159501056,100000
jaou7_6905c,0.4865216902044356,14.146694804336693,0.08610728280286281,100000
jaou7_6930c,0.4865216902044356,14.045378277493143,0.0858812801098525,100000
jaou7_7000c,0.4865216902044356,13.765452498112186,0.08524781404238471,100000
jaou7_7110c,0.4865216902044356,13.336398984177453,0.0842511776447225,100000
jaou7_7200c,0.4865216902044356,12.994574349548849,0.08343586633220516,100000
jaou7_7335c,0.4865216902044356,12.497308074984046,0.08221363212641535,100000
jaou7_7400c,0.4865216902044356,12.264345156392693,0.08162584263517615,100000
jaou7_7450c,0.4865216902044356,12.088066190065108,0.08117394766756356,100000
jaou7_7500c,0.4865216902044356,11.914093282454989,0.08072264884476339,100000
jaou7_7542c,0.4865216902044356,11.769849677927056,0.08034386862444601,100000
jaou7_7550c,0.4865216902044356,11.742565821456852,0.08027176037779518,100000
jaou7_7600c,0.4865216902044356,11.573346347168386,0.07982150350263056,100000
jaou7_7610c,0.4865216902044356,11.539784079282073,0.07973152284051521,100000
jaou7_7705c,0.4865216902044356,11.22549628359039,0.07887810685210633,100000
jaou7_7710c,0.4865216902044356,11.209180308173957,0.0788332654681416,100000
jaou7_7725c,0.4865216902044356,11.160388332904969,0.07869875783684857,100000
jaou7_5800p,0.4865216902044356,6.74488037862316,0.032007499879663955,100000
jaou7_5900p,0.4865216902044356,7.165220594962104,0.03315232384457568,100000
jaou7_6000p,0.4865216902044356,7.5992143978689874,0.03429634808346581,100000
jaou7_6200p,0.4865216902044356,8.505575896898186,0.036582620734732334,100000
jaou7_6420p,0.4865216902044356,9.5604396252997,0.03908671071489487,100000
jaou7_6500p,0.4865216902044356,9.958717040752834,0.039992799591055735,100000
jaou7_6750p,0.4865216902044356,11.251487524201945,0.04280492725306997,100000
jaou7_6800p,0.4865216902044356,11.519019166898278,0.0433621021685155,100000
jaou7_6900p,0.4865216902044356,12.062865126311344,0.0444705346451984,100000
jaou7_7000p,0.4865216902044356,12.6180425733462,0.04557112193481502,100000
jaou7_7400p,0.4865216902044356,14.94399763884331,0.049894200690004484,100000
jaou7_7450p,0.4865216902044356,15.246101473417804,0.050424683351610954,100000
jaou7_7500p,0.4865216902044356,15.550511366709754,0.05095316530327762,100000
jaou7_6820c,0.49035097217605306,14.595441872085054,0.08774461111129994,100000
jaou7_6825c,0.49035097217605306,14.574683814416186,0.08769958590626477,100000
jaou7_6860c,0.49035097217605306,14.430250979480329,0.08738410638794514,100000
jaou7_6900c,0.49035097217605306,14.266860782630301,0.08702324481421743,100000
jaou7_6905c,0.49035097217605306,14.246555507122935,0.08697812633946575,100000
jaou7_6930c,0.49035097217605306,14.145481572913871,0.0867524061880995,100000
jaou7_7000c,0.49035097217605306,13.866182973312023,0.08611978185875044,100000
jaou7_7110c,0.49035097217605306,13.438009269677195,0.08512453242471205,100000
jaou7_7200c,0.49035097217605306,13.096796206942242,0.08431042747080798,100000
jaou7_7335c,0.49035097217605306,12.600343862426232,0.08308998516137596,100000
jaou7_7400c,0.49035097217605306,12.367730760847305,0.0825030444227788,100000
jaou7_7450c,0.49035097217605306,12.191680997343235,0.08205182643895945,100000
jaou7_7500c,0.49035097217605306,12.017925017980861,0.08160119159272758,100000
jaou7_7542c,0.49035097217605306,11.873852836343616,0.08122296042373929,100000
jaou7_7550c,0.49035097217605306,11.8465979094426,0.08115095965524735,100000
jaou7_7600c,0.49035097217605306,11.677553535912134,0.08070136413969246,100000
jaou7_7610c,0.49035097217605306,11.644022734490498,0.0806115169996386,100000
jaou7_7705c,0.49035097217605306,11.330010244985981,0.07975933792062043,100000
jaou7_7710c,0.49035097217605306,11.313708840466225,0.07971455823739626,100000
jaou7_7725c,0.49035097217605306,11.26495499743762,0.07958024163304367,100000
jaou7_5800p,0.49035097217605306,6.830030189346234,0.032269654389653006,100000
jaou7_5900p,0.49035097217605306,7.252369732443357,0.03341511721898365,100000
jaou7_6000p,0.49035097217605306,7.6883158010345305,0.034559556740032346,100000
jaou7_6200p,0.49035097217605306,8.59796727501369,0.036847042846864915,100000
jaou7_6420p,0.49035097217605306,9.656212857637389,0.03935159094241083,100000
jaou7_6500p,0.49035097217605306,10.055537324756873,0.04025793517125327,100000
jaou7_6750p,0.49035097217605306,11.351343830646682,0.043070306387751826,100000
jaou7_6800p,0.49035097217605306,11.61939884794945,0.043627552845064685,100000
jaou7_6900p,0.49035097217605306,12.164270732561562,0.044735997739279956,100000
jaou7_7000p,0.49035097217605306,12.720358525047436,0.045836666570903205,100000
jaou7_7400p,0.49035097217605306,15.048968719799316,0.050160612553281726,100000
jaou7_7450p,0.49035097217605306,15.351301757197325,0.050691274892271876,100000
jaou7_7500p,0.49035097217605306,15.655928578737024,0.051219926469384905,100000
jaou7_6820c,0.49418025414767053,14.694405926609097,0.08861855537328621,100000
jaou7_6825c,0.49418025414767053,14.673704656052285,0.08857357761867025,100000
jaou7_6860c,0.49418025414767053,14.529644488332698,0.08825846479167285,100000
jaou7_6900c,0.49418025414767053,14.366622974001976,0.08789810233232043,100000
jaou7_6905c,0.49418025414767053,14.346374070736397,0.08785302828807016,100000
jaou7_6930c,0.49418025414767053,14.245533124404302,0.08762760652546456,100000
jaou7_7000c,0.49418025414767053,13.966870010136894,0.08699581136270539,100000
jaou7_7110c,0.49418025414767053,13.539558811043213,0.08600197923290238,100000
jaou7_7200c,0.49418025414767053,13.198955748434273,0.08518908652373801,100000
jaou7_7335c,0.49418025414767053,12.703318082863534,0.08397044261270666,100000
jaou7_7400c,0.49418025414767053,12.471061952985956,0.08338434473561447,100000
jaou7_7450c,0.49418025414767053,12.295238032978517,0.08293381302531297,100000
jaou7_7500c,0.49418025414767053,12.12170496942166,0.08248383806416824,100000
jaou7_7542c,0.49418025414767053,11.977804111426334,0.08210616048456224,100000
jaou7_7550c,0.49418025414767053,11.95057705523989,0.08203426960577001,100000
jaou7_7600c,0.49418025414767053,11.781711338297631,0.0815853360107966,100000
jaou7_7610c,0.49418025414767053,11.748213476566574,0.08149562147000138,100000
jaou7_7705c,0.49418025414767053,11.43448236876565,0.08064468310894035,100000
jaou7_7710c,0.49418025414767053,11.41819953488684,0.08059996016445987,100000
jaou7_7725c,0.49418025414767053,11.369482077738557,0.08046583923252629,100000
jaou7_5800p,0.49418025414767053,6.915273982538721,0.032530501357497854,100000
jaou7_5900p,0.49418025414767053,7.339593382644803,0.03367658783025269,100000
jaou7_6000p,0.49418025414767053,7.777452327229688,0.034821478130707226,100000
jaou7_6200p,0.49418025414767053,8.69036939099957,0.03711013898060273,100000
jaou7_6420p,0.49418025414767053,9.751965288673794,0.039615141260460306,100000
jaou7_6500p,0.49418025414767053,10.152327989405372,0.040521738109615915,100000
jaou7_6750p,0.49418025414767053,11.451156945747526,0.04333432965331452,100000
jaou7_6800p,0.49418025414767053,11.719754061265167,0.04389158893767022,100000
jaou7_6900p,0.49418025414767053,12.265632191187596,0.045000083840103365,100000
jaou7_7000p,0.49418025414767053,12.822644829126666,0.046100782678370325,100000
jaou7_7400p,0.49418025414767053,15.153899179192331,0.05042561247061737,100000
jaou7_7450p,0.49418025414767053,15.456458060086968,0.05095646647808041,100000
jaou7_7500p,0.49418025414767053,15.761307797432186,0.05148527200364147,100000
jaou7_6820c,0.49800953611928805,14.793331377889528,0.08949657425539448,100000
jaou7_6825c,0.49800953611928805,14.772690845612804,0.08945163739633503,100000
jaou7_6860c,0.49800953611928805,14.628976530274597,0.08913693541630871,100000
jaou7_6900c,0.49800953611928805,14.466341232700316,0.08877704331002667,100000
jaou7_6905c,0.49800953611928805,14.446137816660903,0.08873203151632963,100000
jaou7_6930c,0.49800953611928805,14.34553937618074,0.08850689279362145,100000
jaou7_7000c,0.49800953611928805,14.0674934164697,0.08787595721784755,100000
jaou7_7110c,0.49800953611928805,13.641042643018505,0.08688354808672458,100000
jaou7_7200c,0.49800953611928805,13.30105726419984,0.08607185901724802,100000
jaou7_7335c,0.49800953611928805,12.806233904819527,0.08485502178487733,100000
jaou7_7400c,0.49800953611928805,12.574337197719332,0.08426976792198954,100000
jaou7_7450c,0.49800953611928805,12.398736950774458,0.08381992991874232,100000
jaou7_7500c,0.49800953611928805,12.225434171743244,0.08337060866370986,100000
jaou7_7542c,0.49800953611928805,12.0817037516381,0.0829934902827997,100000
jaou7_7550c,0.49800953611928805,12.05450327966715,0.08292171202409708,100000
jaou7_7600c,0.49800953611928805,11.885820370122207,0.08247343995827601,100000
jaou7_7610c,0.49800953611928805,11.852353341564319,0.08238386223617367,100000
jaou7_7705c,0.49800953611928805,11.538914673424651,0.08153416105127843,100000
jaou7_7710c,0.49800953611928805,11.52264673436814,0.08148950075511777,100000
jaou7_7725c,0.49800953611928805,11.47396900138536,0.0813555728872315,100000
jaou7_5800p,0.49800953611928805,7.000603190611208,0.03279005538488621,100000
jaou7_5900p,0.49800953611928805,7.426895548802723,0.03393672456677276,100000
jaou7_6000p,0.49800953611928805,7.866623603512484,0.03508211108192372,100000
jaou7_6200p,0.49800953611928805,8.782799367171926,0.037371869090373544,100000
jaou7_6420p,0.49800953611928805,9.8476917983569,0.03987737559833126,100000
jaou7_6500p,0.49800953611928805,10.249090559447728,0.04078420640081045,100000
jaou7_6750p,0.49800953611928805,11.550934424502069,0.04359697989404535,100000
jaou7_6800p,0.49800953611928805,11.820074804408813,0.04415424018734424,100000
jaou7_6900p,0.49800953611928805,12.366963542001868,0.04526275809664313,100000
jaou7_7000p,0.49800953611928805,12.924881327575402,0.04636352965172072,100000
jaou7_7400p,0.49800953611928805,15.25878751604164,0.050689208062139,100000
jaou7_7450p,0.49800953611928805,15.561570069998842,0.0512202620590215,100000
jaou7_7500p,0.49800953611928805,15.866650091869703,0.05174920147923239,100000
