contract_id,sigma,model_price,pricing_se,n_paths
jaou7_6820c,0.34435848656012835,11.297315012345454,0.05788596457769868,100000
jaou7_6825c,0.34435848656012835,11.273365288905715,0.057839375341467034,100000
jaou7_6860c,0.34435848656012835,11.106907009634897,0.05751265704569965,100000
jaou7_6900c,0.34435848656012835,10.919165254219477,0.05713813387147067,100000
jaou7_6905c,0.34435848656012835,10.895886125696302,0.05709123396533174,100000
jaou7_6930c,0.34435848656012835,10.780086917493627,0.05685652220270645,100000
jaou7_7000c,0.34435848656012835,10.460988269368842,0.056197835243697446,100000
jaou7_7110c,0.34435848656012835,9.975017472101788,0.05515859957979263,100000
jaou7_7200c,0.34435848656012835,9.592065425413647,0.05430411010474307,100000
jaou7_7335c,0.34435848656012835,9.041794838601131,0.05301753087310493,100000
jaou7_7400c,0.34435848656012835,8.786779548878034,0.05239711638239649,100000
jaou7_7450c,0.34435848656012835,8.594811442639537,0.05191992876266843,100000
jaou7_7500c,0.34435848656012835,8.406260279582737,0.051443261061900114,100000
jaou7_7542c,0.34435848656012835,8.25069373237761,0.05104302518656324,100000
jaou7_7550c,0.34435848656012835,8.221335061135298,0.05096684000502283,100000
jaou7_7600c,0.34435848656012835,8.039768349143898,0.05049116447420007,100000
jaou7_7610c,0.34435848656012835,8.003877211816787,0.0503960939708688,100000
jaou7_7705c,0.34435848656012835,7.669885065428121,0.049494180133447245,100000
jaou7_7710c,0.34435848656012835,7.6526400470332145,0.04944680343636268,100000
jaou7_7725c,0.34435848656012835,7.601117326063113,0.049304712414925955,100000
jaou7_5800p,0.34435848656012835,3.299519785146512,0.0201377861710148,100000
jaou7_5900p,0.34435848656012835,3.6110845886864733,0.021215296060366744,100000
jaou7_6000p,0.34435848656012835,3.939715289436775,0.022304465468482193,100000
jaou7_6200p,0.34435848656012835,4.648126689048927,0.0245104146063659,100000
jaou7_6420p,0.34435848656012835,5.506074595820773,0.026964452977429387,100000
jaou7_6500p,0.34435848656012835,5.8390024520225206,0.027859124583768415,100000
jaou7_6750p,0.34435848656012835,6.951094797081352,0.030649552448072794,100000
jaou7_6800p,0.34435848656012835,7.185928764482403,0.0312060995373003,100000
jaou7_6900p,0.34435848656012835,7.668283998163411,0.03231501830046991,100000
jaou7_7000p,0.34435848656012835,8.166845592167647,0.03341839925379292,100000
jaou7_7400p,0.34435848656012835,10.319591187096325,0.03774484473223408,100000
jaou7_7450p,0.34435848656012835,10.60599237028526,0.038273246196797436,100000
jaou7_7500p,0.34435848656012835,10.895810496655898,0.03879923830476825,100000
jaou7_6820c,0.3482463894770814,11.3973506990962,0.058620840948346895,100000
jaou7_6825c,0.3482463894770814,11.373476825357908,0.05857428067593627,100000
jaou7_6860c,0.3482463894770814,11.20755501696673,0.058247742100337396,100000
jaou7_6900c,0.3482463894770814,11.020385709923826,0.05787347658882137,100000
jaou7_6905c,0.3482463894770814,10.997173677665005,0.05782661532589662,100000
jaou7_6930c,0.3482463894770814,10.881685845165094,0.057592135627458144,100000
jaou7_7000c,0.3482463894770814,10.563430404481355,0.0569340871011562,100000
jaou7_7110c,0.3482463894770814,10.07865645209893,0.055895885937190436,100000
jaou7_7200c,0.3482463894770814,9.696553503577954,0.05504227450869708,100000
jaou7_7335c,0.3482463894770814,9.147258191839754,0.05375716753944676,100000
jaou7_7400c,0.3482463894770814,8.892596379859368,0.053137494376662577,100000
jaou7_7450c,0.3482463894770814,8.70083191817208,0.05266091467484363,100000
jaou7_7500c,0.3482463894770814,8.512449022459354,0.052184844947515255,100000
jaou7_7542c,0.3482463894770814,8.356998416416726,0.05178509886036883,100000
jaou7_7550c,0.3482463894770814,8.327654547166379,0.05170901310186055,100000
jaou7_7600c,0.3482463894770814,8.146180163697855,0.051233917633220424,100000
jaou7_7610c,0.3482463894770814,8.110302296662532,0.05113896279486626,100000
jaou7_7705c,0.3482463894770814,7.776364945717662,0.050238114454230265,100000
jaou7_7710c,0.3482463894770814,7.759118765373468,0.050190792767393716,100000
jaou7_7725c,0.3482463894770814,7.707591007854829,0.050048864728248946,100000
jaou7_5800p,0.3482463894770814,3.3763992662365014,0.020450267526351314,100000
jaou7_5900p,0.3482463894770814,3.6910023907073866,0.021530648319756145,100000
jaou7_6000p,0.3482463894770814,4.022552751395617,0.022622260230214308,100000
jaou7_6200p,0.3482463894770814,4.736382630138951,0.02483197011771797,100000
jaou7_6420p,0.3482463894770814,5.599583124585983,0.02728869863163907,100000
jaou7_6500p,0.3482463894770814,5.934308525574456,0.028183892814656213,100000
jaou7_6750p,0.3482463894770814,7.051091361438978,0.030975687396448022,100000
jaou7_6800p,0.3482463894770814,7.286732409844302,0.03153239826755182,100000
jaou7_6900p,0.3482463894770814,7.770590933465487,0.03264152955983637,100000
jaou7_7000p,0.3482463894770814,8.27037420687789,0.03374530875934466,100000
jaou7_7400p,0.3482463894770814,10.426494497675387,0.038072825745174496,100000
jaou7_7450p,0.3482463894770814,10.713099325415534,0.0386015019013098,100000
jaou7_7500p,0.3482463894770814,11.003085719130244,0.03912777985971683,100000
jaou7_6820c,0.35213429239403454,11.49738765512935,0.05935900505117623,100000
jaou7_6825c,0.35213429239403454,11.473594154194956,0.05931246426580655,100000
jaou7_6860c,0.35213429239403454,11.308187936420698,0.05898614144443405,100000
jaou7_6900c,0.35213429239403454,11.121584391018496,0.058612141677790545,100000
jaou7_6905c,0.35213429239403454,11.098437272321164,0.05856532266494516,100000
jaou7_6930c,0.35213429239403454,10.983258376730431,0.05833107702140166,100000
jaou7_7000c,0.35213429239403454,10.6658452840411,0.05767366241014015,100000
jaou7_7110c,0.35213429239403454,10.182258825409683,0.05663650734326372,100000
jaou7_7200c,0.35213429239403454,9.801004452955844,0.05578377444586357,100000
jaou7_7335c,0.35213429239403454,9.252683654179142,0.054500148176653926,100000
jaou7_7400c,0.35213429239403454,8.998375183504546,0.053881223525557354,100000
jaou7_7450c,0.35213429239403454,8.806816330829912,0.05340525544409228,100000
jaou7_7500c,0.35213429239403454,8.61860507003126,0.05292978664780992,100000
jaou7_7542c,0.35213429239403454,8.463274863194894,0.05253053144597162,100000
jaou7_7550c,0.35213429239403454,8.433947285240182,0.05245454441800376,100000
jaou7_7600c,0.35213429239403454,8.252570820095558,0.05198003173206465,100000
jaou7_7610c,0.35213429239403454,8.21670768630148,0.051885192761593896,100000
jaou7_7705c,0.35213429239403454,7.882838489263036,0.05098541627504242,100000
jaou7_7710c,0.35213429239403454,7.86559205483899,0.05093814979694287,100000
jaou7_7725c,0.35213429239403454,7.814061637811418,0.050796385982358826,100000
jaou7_5800p,0.35213429239403454,3.4535605867397425,0.020761684244005738,100000
jaou7_5900p,0.35213429239403454,3.7712140636031215,0.021844760766855754,100000
jaou7_6000p,0.35213429239403454,4.105609544358162,0.022938798570374546,100000
jaou7_6200p,0.35213429239403454,4.824813324606578,0.02515209598535431,100000
jaou7_6420p,0.35213429239403454,5.6932172232804295,0.027611380430885107,100000
jaou7_6500p,0.35213429239403454,6.02969843328604,0.028507115118727357,100000
jaou7_6750p,0.35213429239403454,7.151102125874506,0.031300258437729406,100000
jaou7_6800p,0.35213429239403454,7.387555321340007,0.03185709580761328,100000
jaou7_6900p,0.35213429239403454,7.87288890780957,0.03296646256856903,100000
jaou7_7000p,0.35213429239403454,8.37388837968705,0.03407061974098725,100000
jaou7_7400p,0.35213429239403454,10.533372594569979,0.03839919673096484,100000
jaou7_7450p,0.35213429239403454,10.820183031322781,0.03892814696507789,100000
jaou7_7500p,0.35213429239403454,11.110341059951564,0.03945470801335822,100000
jaou7_6820c,0.3560221953109876,11.597424644053781,0.060100474234844714,100000
jaou7_6825c,0.3560221953109876,11.573705659344153,0.0600539636519335,100000
jaou7_6860c,0.3560221953109876,11.408808655476124,0.0597278646641254,100000
jaou7_6900c,0.3560221953109876,11.22275604073415,0.05935415443629371,100000
jaou7_6905c,0.3560221953109876,11.19967240351351,0.05930737987011226,100000
jaou7_6930c,0.3560221953109876,11.084813468076964,0.059073344960760485,100000
jaou7_7000c,0.3560221953109876,10.768231387493033,0.05841657975433992,100000
jaou7_7110c,0.3560221953109876,10.285829172665814,0.05738047163435091,100000
jaou7_7200c,0.3560221953109876,9.905413813819377,0.056528633971657485,100000
jaou7_7335c,0.3560221953109876,9.358069341358485,0.05524649216612914,100000
jaou7_7400c,0.3560221953109876,9.104112097999048,0.054628326298065494,100000
jaou7_7450c,0.3560221953109876,8.912762027212146,0.054152971301308424,100000
jaou7_7500c,0.3560221953109876,8.724728076053255,0.053678102364513425,100000
jaou7_7542c,0.3560221953109876,8.569522076925466,0.053279339962968575,100000
jaou7_7550c,0.3560221953109876,8.54021212440715,0.05320345117474037,100000
jaou7_7600c,0.3560221953109876,8.358938522578633,0.05272952466721368,100000
jaou7_7610c,0.3560221953109876,8.323091812470118,0.052634801329952,100000
jaou7_7705c,0.3560221953109876,7.989304003819977,0.05173610239451538,100000
jaou7_7710c,0.3560221953109876,7.972058206044394,0.05168889130001036,100000
jaou7_7725c,0.3560221953109876,7.920527414119072,0.0515472929383725,100000
jaou7_5800p,0.3560221953109876,3.5310476378545754,0.02107193349192257,100000
jaou7_5900p,0.3560221953109876,3.851695431312461,0.02215765025050906,100000
jaou7_6000p,0.3560221953109876,4.188901628511975,0.023254031303878826,100000
jaou7_6200p,0.3560221953109876,4.913412919428679,0.025470790583281264,100000
jaou7_6420p,0.3560221953109876,5.78696659009819,0.027932513763111615,100000
jaou7_6500p,0.3560221953109876,6.1251773647755545,0.02882877652009245,100000
jaou7_6750p,0.3560221953109876,7.251130022971871,0.031623259534180825,100000
jaou7_6800p,0.3560221953109876,7.4883879109184495,0.03218021593095519,100000
jaou7_6900p,0.3560221953109876,7.975172685895425,0.0332898324995052,100000
jaou7_7000p,0.3560221953109876,8.47738661150918,0.03439433945777202,100000
jaou7_7400p,0.3560221953109876,10.64022163743468,0.03872397225640289,100000
jaou7_7450p,0.3560221953109876,10.927240856075212,0.03925319247738293,100000
jaou7_7500p,0.3560221953109876,11.217576194343758,0.03978002713942212,100000
jaou7_6820c,0.3599100982279407,11.697453553476562,0.06084527936356906,100000
jaou7_6825c,0.3599100982279407,11.673812202381049,0.06079879237693995,100000
jaou7_6860c,0.3599100982279407,11.50941043528209,0.06047293997088834,100000
jaou7_6900c,0.3599100982279407,11.323897019205901,0.060099537201417495,100000
jaou7_6905c,0.3599100982279407,11.300873617592226,0.06005281271502107,100000
jaou7_6930c,0.3599100982279407,11.18633491528582,0.0598189855019714,100000
jaou7_7000c,0.3599100982279407,10.870580087972696,0.05916287094741558,100000
jaou7_7110c,0.3599100982279407,10.38936091499683,0.058127806837938924,100000
jaou7_7200c,0.3599100982279407,10.009778905796013,0.057276874133915495,100000
jaou7_7335c,0.3599100982279407,9.463413096249669,0.055996219464396056,100000
jaou7_7400c,0.3599100982279407,9.209808318994295,0.055378816857193286,100000
jaou7_7450c,0.3599100982279407,9.018669667303962,0.054904077156608,100000
jaou7_7500c,0.3599100982279407,8.83081966720011,0.05442980525168607,100000
jaou7_7542c,0.3599100982279407,8.675738794242053,0.054031542025309943,100000
jaou7_7550c,0.3599100982279407,8.646447387500473,0.053955751605516855,100000
jaou7_7600c,0.3599100982279407,8.465282854021076,0.05348241232969887,100000
jaou7_7610c,0.3599100982279407,8.429453270743682,0.05338780588309448,100000
jaou7_7705c,0.3599100982279407,8.095759907081952,0.05249018966409961,100000
jaou7_7710c,0.3599100982279407,8.07851557943623,0.05244303416866105,100000
jaou7_7725c,0.3599100982279407,8.026986589982407,0.05230160250436073,100000
jaou7_5800p,0.3599100982279407,3.6088777968170067,0.02138096037411624,100000
jaou7_5900p,0.3599100982279407,3.9324522270040063,0.022469283429312422,100000
jaou7_6000p,0.3599100982279407,4.272452436475093,0.023567897434895006,100000
jaou7_6200p,0.3599100982279407,5.0021255662160184,0.02578814813989034,100000
jaou7_6420p,0.3599100982279407,5.880827174259797,0.02825210125612031,100000
jaou7_6500p,0.3599100982279407,6.220757332160659,0.029148847905362412,100000
jaou7_6750p,0.3599100982279407,7.351181794592738,0.03194467628553988,100000
jaou7_6800p,0.3599100982279407,7.589231416935613,0.03250175725385013,100000
jaou7_6900p,0.3599100982279407,8.077438649610551,0.03361165075707128,100000
jaou7_7000p,0.3599100982279407,8.580860297232217,0.03471649269114184,100000
jaou7_7400p,0.3599100982279407,10.747042843673304,0.03904715299629348,100000
jaou7_7450p,0.3599100982279407,11.034273481410407,0.03957664031623246,100000
jaou7_7500p,0.3599100982279407,11.324792770733989,0.04010373605127197,100000
jaou7_6820c,0.3637980011448938,11.797475350359887,0.06159343387568874,100000
jaou7_6825c,0.3637980011448938,11.773903792173257,0.061546984976166175,100000
jaou7_6860c,0.3637980011448938,11.610004986712054,0.06122136055023346,100000
jaou7_6900c,0.3637980011448938,11.425007717645428,0.06084830487838038,100000
jaou7_6905c,0.3637980011448938,11.402048132735077,0.06080162323590132,100000
jaou7_6930c,0.3637980011448938,11.287828153694798,0.060568004269910214,100000
jaou7_7000c,0.3637980011448938,10.97288461227838,0.059912564476681085,100000
jaou7_7110c,0.3637980011448938,10.49285637599932,0.0588785251777159,100000
jaou7_7200c,0.3637980011448938,10.114104495620165,0.05802850307420203,100000
jaou7_7335c,0.3637980011448938,9.568714004482564,0.056749348047636754,100000
jaou7_7400c,0.3637980011448938,9.315462773396462,0.05613271328528267,100000
jaou7_7450c,0.3637980011448938,9.1245375624485,0.05565859192810286,100000
jaou7_7500c,0.3637980011448938,8.93687812822025,0.055184914053909816,100000
jaou7_7542c,0.3637980011448938,8.78192328173186,0.054787156164220044,100000
jaou7_7550c,0.3637980011448938,8.752653697521986,0.054711460419869,100000
jaou7_7600c,0.3637980011448938,8.571602204104288,0.05423871268289791,100000
jaou7_7610c,0.3637980011448938,8.535790977422462,0.054144223480450566,100000
jaou7_7705c,0.3637980011448938,8.202204573064105,0.05324769522102314,100000
jaou7_7710c,0.3637980011448938,8.184962568588622,0.05320059546430235,100000
jaou7_7725c,0.3637980011448938,8.133437487035092,0.053059331710061164,100000
jaou7_5800p,0.3637980011448938,3.6870081775391834,0.021688811481272306,100000
jaou7_5900p,0.3637980011448938,4.013456356059087,0.022779687330335335,100000
jaou7_6000p,0.3637980011448938,4.356212348230297,0.0238804683732335,100000
jaou7_6200p,0.3637980011448938,5.090959204507581,0.026104140910409912,100000
jaou7_6420p,0.3637980011448938,5.974779516973433,0.02857017835758639,100000
jaou7_6500p,0.3637980011448938,6.316406505542167,0.029467393785281976,100000
jaou7_6750p,0.3637980011448938,7.451257869248993,0.03226450866966685,100000
jaou7_6800p,0.3637980011448938,7.6900903289226745,0.032821711107812866,100000
jaou7_6900p,0.3637980011448938,8.179687212203664,0.033931919077226154,100000
jaou7_7000p,0.3637980011448938,8.684302685691485,0.03503709966978521,100000
jaou7_7400p,0.3637980011448938,10.853835162229053,0.039368745845551646,100000
jaou7_7450p,0.3637980011448938,11.141279240708528,0.039898498896945744,100000
jaou7_7500p,0.3637980011448938,11.431989095907714,0.0404258429881407,100000
jaou7_6820c,0.36768590406184687,11.897480124273324,0.062344972310599295,100000
jaou7_6825c,0.36768590406184687,11.87398014723252,0.06229855751465337,100000
jaou7_6860c,0.36768590406184687,11.7105848767981,0.06197315623741991,100000
jaou7_6900c,0.36768590406184687,11.526095552066971,0.06160045934311295,100000
jaou7_6905c,0.36768590406184687,11.503205641786515,0.06155380908468232,100000
jaou7_6930c,0.36768590406184687,11.3892907566638,0.06132042171103643,100000
jaou7_7000c,0.36768590406184687,11.075152691729528,0.06066566230291443,100000
jaou7_7110c,0.36768590406184687,10.596318717798237,0.05963263750381883,100000
jaou7_7200c,0.36768590406184687,10.218393308470729,0.05878353264770641,100000
jaou7_7335c,0.36768590406184687,9.673972322513258,0.057505894049815424,100000
jaou7_7400c,0.36768590406184687,9.42107625864546,0.05689003069276,100000
jaou7_7450c,0.36768590406184687,9.230365459641016,0.056416532322558395,100000
jaou7_7500c,0.36768590406184687,9.04290170346435,0.05594344773094887,100000
jaou7_7542c,0.36768590406184687,8.88807639753392,0.05554619691610692,100000
jaou7_7550c,0.36768590406184687,8.858828584693109,0.055470597448228416,100000
jaou7_7600c,0.36768590406184687,8.67789573083414,0.05499844265172894,100000
jaou7_7610c,0.36768590406184687,8.642105243181879,0.054904069166392545,100000
jaou7_7705c,0.36768590406184687,8.308636456776298,0.05400863629177052,100000
jaou7_7710c,0.36768590406184687,8.291397560306393,0.05396159247487919,100000
jaou7_7725c,0.36768590406184687,8.239878499667599,0.05382049769605888,100000
jaou7_5800p,0.36768590406184687,3.7654116185331765,0.021995507212444882,100000
jaou7_5900p,0.36768590406184687,4.0947002185053645,0.023088852861268005,100000
jaou7_6000p,0.36768590406184687,4.440156950043462,0.024191770578244343,100000
jaou7_6200p,0.36768590406184687,5.179943115679616,0.02641870069721758,100000
jaou7_6420p,0.36768590406184687,6.068821617620112,0.028886743922074277,100000
jaou7_6500p,0.36768590406184687,6.412140588888875,0.029784377125092465,100000
jaou7_6750p,0.36768590406184687,7.551335339205926,0.032582810718791454,100000
jaou7_6800p,0.36768590406184687,7.790953782906225,0.03314010466309595,100000
jaou7_6900p,0.36768590406184687,8.28192581201204,0.03425062236259395,100000
jaou7_7000p,0.36768590406184687,8.787721530529465,0.035356144833140375,100000
jaou7_7400p,0.36768590406184687,10.960599412864884,0.039688752536457234,100000
jaou7_7450p,0.36768590406184687,11.248257903287874,0.04021877262412033,100000
jaou7_7500p,0.36768590406184687,11.539163436538647,0.04074635631519576,100000
jaou7_6820c,0.37157380697879994,11.997472124812138,0.06309990220575182,100000
jaou7_6825c,0.37157380697879994,11.974043789967364,0.06305352085665274,100000
jaou7_6860c,0.37157380697879994,11.811139362401832,0.06272836321652721,100000
jaou7_6900c,0.37157380697879994,11.627163307334278,0.06235601135798619,100000
jaou7_6905c,0.37157380697879994,11.604329401110446,0.06230941759757828,100000
jaou7_6930c,0.37157380697879994,11.490721555552707,0.06207625606869936,100000
jaou7_7000c,0.37157380697879994,11.17738013230723,0.06142218842261668,100000
jaou7_7110c,0.37157380697879994,10.699738447325348,0.06039017734651439,100000
jaou7_7200c,0.37157380697879994,10.322631770923294,0.059542003226665065,100000
jaou7_7335c,0.37157380697879994,9.779189972699657,0.05826587094064828,100000
jaou7_7400c,0.37157380697879994,9.526646556642776,0.05765078933472836,100000
jaou7_7450c,0.37157380697879994,9.336156102953563,0.05717791029366903,100000
jaou7_7500c,0.37157380697879994,9.148890958074263,0.056705421636222074,100000
jaou7_7542c,0.37157380697879994,8.99419672971505,0.056308682620979496,100000
jaou7_7550c,0.37157380697879994,8.96497135520468,0.05623317983989861,100000
jaou7_7600c,0.37157380697879994,8.784162649501585,0.05576161925007605,100000
jaou7_7610c,0.37157380697879994,8.748394941226373,0.05566736043574224,100000
jaou7_7705c,0.37157380697879994,8.41505423224809,0.054773029976788595,100000
jaou7_7710c,0.37157380697879994,8.39781898517912,0.05472604263323171,100000
jaou7_7725c,0.37157380697879994,8.346307995114838,0.054585117862825674,100000
jaou7_5800p,0.37157380697879994,3.8440764759468045,0.022301042351721465,100000
jaou7_5900p,0.37157380697879994,4.1761780305015375,0.02339677033102638,100000
jaou7_6000p,0.37157380697879994,4.524301975060183,0.02450175719186864,100000
jaou7_6200p,0.37157380697879994,5.269046407819741,0.026731877447044045,100000
jaou7_6420p,0.37157380697879994,6.162934462927824,0.029201833111037703,100000
jaou7_6500p,0.37157380697879994,6.507948873902084,0.03009981835781715,100000
jaou7_6750p,0.37157380697879994,7.651430333220857,0.03289954621539071,100000
jaou7_6800p,0.37157380697879994,7.891825735207491,0.033456930509029044,100000
jaou7_6900p,0.37157380697879994,8.384157256509829,0.03456775677286097,100000
jaou7_7000p,0.37157380697879994,8.89111266033765,0.03567364213705474,100000
jaou7_7400p,0.37157380697879994,11.067333400092684,0.040007183098816956,100000
jaou7_7450p,0.37157380697879994,11.355212235830907,0.040537457507864146,100000
jaou7_7500p,0.37157380697879994,11.646316380379044,0.04106527784165484,100000
jaou7_6820c,0.375461709895753,12.097448130001247,0.06385824554003917,100000
jaou7_6825c,0.375461709895753,12.074089936120343,0.06381189999512032,100000
jaou7_6860c,0.375461709895753,11.911665059266918,0.06348700384674638,100000
jaou7_6900c,0.375461709895753,11.728193178616888,0.0631150103466979,100000
jaou7_6905c,0.375461709895753,11.705424699725535,0.06306845511316402,100000
jaou7_6930c,0.375461709895753,11.592103469749315,0.06283555524494476,100000
jaou7_7000c,0.375461709895753,11.279568019117423,0.06218215731789376,100000
jaou7_7110c,0.375461709895753,10.80312424751702,0.06115114607717648,100000
jaou7_7200c,0.375461709895753,10.426832475766693,0.06030390983122939,100000
jaou7_7335c,0.375461709895753,9.88436046385481,0.059029306458328344,100000
jaou7_7400c,0.375461709895753,9.63217522532261,0.05841500335881173,100000
jaou7_7450c,0.375461709895753,9.441906907321547,0.05794274666087737,100000
jaou7_7500c,0.375461709895753,9.25484464025983,0.05747085421880143,100000
jaou7_7542c,0.375461709895753,9.100283322363381,0.057074631053012415,100000
jaou7_7550c,0.375461709895753,9.071080146625638,0.05699922677125456,100000
jaou7_7600c,0.375461709895753,8.890402189279264,0.056528259646059835,100000
jaou7_7610c,0.375461709895753,8.85465913337193,0.05643411466494605,100000
jaou7_7705c,0.375461709895753,8.521456176572608,0.05554089419427724,100000
jaou7_7710c,0.375461709895753,8.504225492013708,0.055493963246311555,100000
jaou7_7725c,0.375461709895753,8.452724400086014,0.055353209734150505,100000
jaou7_5800p,0.375461709895753,3.9230140826891637,0.022605374593369712,100000
jaou7_5900p,0.375461709895753,4.257865312708463,0.023703462615869954,100000
jaou7_6000p,0.375461709895753,4.608678263573427,0.024810356511145836,100000
jaou7_6200p,0.375461709895753,5.358293481802949,0.027043613136094713,100000
jaou7_6420p,0.375461709895753,6.257129101921991,0.029515418370399026,100000
jaou7_6500p,0.375461709895753,6.603837710760017,0.030413700991945136,100000
jaou7_6750p,0.375461709895753,7.751538375549454,0.03321472697765787,100000
jaou7_6800p,0.375461709895753,7.992691569454449,0.033772224960855364,100000
jaou7_6900p,0.375461709895753,8.486363763765715,0.0348833682273682,100000
jaou7_7000p,0.375461709895753,8.994477183121123,0.03598959245197113,100000
jaou7_7400p,0.375461709895753,11.174038704745794,0.04032403711116892,100000
jaou7_7450p,0.375461709895753,11.462139676172166,0.0408545644556883,100000
jaou7_7500p,0.375461709895753,11.753446698537884,0.04138261451901177,100000
jaou7_6820c,0.3793496128127061,12.19741249240305,0.06462001013802668,100000
jaou7_6825c,0.3793496128127061,12.174128334392858,0.06457369251699287,100000
jaou7_6860c,0.3793496128127061,12.012157633955498,0.0642491023881931,100000
jaou7_6900c,0.3793496128127061,11.829196542363395,0.06387745141609237,100000
jaou7_6905c,0.3793496128127061,11.806489084622495,0.06383094250061601,100000
jaou7_6930c,0.3793496128127061,11.693446965340836,0.06359831625664474,100000
jaou7_7000c,0.3793496128127061,11.381705701600206,0.06294560494569884,100000
jaou7_7110c,0.3793496128127061,10.906473868756931,0.061915564624302144,100000
jaou7_7200c,0.3793496128127061,10.530996018332457,0.06106926845699769,100000
jaou7_7335c,0.3793496128127061,9.989481592526891,0.05979622125614544,100000
jaou7_7400c,0.3793496128127061,9.737663589445795,0.05918268744588366,100000
jaou7_7450c,0.3793496128127061,9.547615937745073,0.05871106132187601,100000
jaou7_7500c,0.3793496128127061,9.360762120393964,0.05823976307493512,100000
jaou7_7542c,0.3793496128127061,9.20633655773358,0.05784405801044816,100000
jaou7_7550c,0.3793496128127061,9.177153871290356,0.057768756341960555,100000
jaou7_7600c,0.3793496128127061,8.996613380859058,0.05729838149701506,100000
jaou7_7610c,0.3793496128127061,8.960895740531798,0.05720435119768837,100000
jaou7_7705c,0.3793496128127061,8.62784112255642,0.05631224621307203,100000
jaou7_7710c,0.3793496128127061,8.610615620242331,0.05626537199543481,100000
jaou7_7725c,0.3793496128127061,8.559126391923247,0.056124790662371554,100000
jaou7_5800p,0.3793496128127061,4.0022100931190625,0.022908506431436392,100000
jaou7_5900p,0.3793496128127061,4.339776901724894,0.024008884568980003,100000
jaou7_6000p,0.3793496128127061,4.693251652406946,0.025117616839280748,100000
jaou7_6200p,0.3793496128127061,5.447679392891006,0.027353908655160058,100000
jaou7_6420p,0.3793496128127061,6.351410479597106,0.029827485229769232,100000
jaou7_6500p,0.3793496128127061,6.6997818760892915,0.030726077657527853,100000
jaou7_6750p,0.3793496128127061,7.851652765234944,0.033528369976692535,100000
jaou7_6800p,0.3793496128127061,8.093557615205532,0.034085975040762106,100000
jaou7_6900p,0.3793496128127061,8.58855673341755,0.03519743197917837,100000
jaou7_7000p,0.3793496128127061,9.097804471509232,0.03630402590053948,100000
jaou7_7400p,0.3793496128127061,11.280716674774304,0.040639314774629336,100000
jaou7_7450p,0.3793496128127061,11.569038312501018,0.041170102554449195,100000
jaou7_7500p,0.3793496128127061,11.860553784577348,0.04169837154022514,100000
jaou7_6820c,0.3832375157296592,12.297365834373066,0.06538521104383523,100000
jaou7_6825c,0.3832375157296592,12.274151068707681,0.06533892963888753,100000
jaou7_6860c,0.3832375157296592,12.1126200030596,0.06501466969122593,100000
jaou7_6900c,0.3832375157296592,11.930170391085097,0.06464335665815252,100000
jaou7_6905c,0.3832375157296592,11.90752116662479,0.06459689880356304,100000
jaou7_6930c,0.3832375157296592,11.794766334677968,0.06436452936434114,100000
jaou7_7000c,0.3832375157296592,11.483813407051182,0.06371251148525935,100000
jaou7_7110c,0.3832375157296592,11.009776933990825,0.06268346832315802,100000
jaou7_7200c,0.3832375157296592,10.63511715355568,0.06183810532332362,100000
jaou7_7335c,0.3832375157296592,10.094558910055014,0.060566623153506374,100000
jaou7_7400c,0.3832375157296592,9.843106896087376,0.059953866437381126,100000
jaou7_7450c,0.3832375157296592,9.653284462054154,0.059482869099329004,100000
jaou7_7500c,0.3832375157296592,9.466643435827192,0.05901216488220507,100000
jaou7_7542c,0.3832375157296592,9.312354042508234,0.058616983879688986,100000
jaou7_7550c,0.3832375157296592,9.283193130776521,0.05854178413191868,100000
jaou7_7600c,0.3832375157296592,9.102793889548078,0.058072004775857396,100000
jaou7_7610c,0.3832375157296592,9.067104059120991,0.0579780873912293,100000
jaou7_7705c,0.3832375157296592,8.734208003207408,0.05708710335188164,100000
jaou7_7710c,0.3832375157296592,8.716987691805992,0.05704028709745671,100000
jaou7_7725c,0.3832375157296592,8.66551263311011,0.05689987823166771,100000
jaou7_5800p,0.3832375157296592,4.081669828093957,0.02321040782368392,100000
jaou7_5900p,0.3832375157296592,4.421937084604676,0.02431297533610253,100000
jaou7_6000p,0.3832375157296592,4.77804826859673,0.02542347588938521,100000
jaou7_6200p,0.3832375157296592,5.53719591325447,0.02766277158251303,100000
jaou7_6420p,0.3832375157296592,6.4457883832867795,0.030138009241916328,100000
jaou7_6500p,0.3832375157296592,6.795770866946191,0.031036968478874133,100000
jaou7_6750p,0.3832375157296592,7.951785127362835,0.033840449641149774,100000
jaou7_6800p,0.3832375157296592,8.194422924522392,0.03439818504798018,100000
jaou7_6900p,0.3832375157296592,8.690733181457388,0.03550995821989864,100000
jaou7_7000p,0.3832375157296592,9.201114776278343,0.03661689535814464,100000
jaou7_7400p,0.3832375157296592,11.38736258073402,0.040953033118628517,100000
jaou7_7450p,0.3832375157296592,11.675909436128237,0.041484071900898395,100000
jaou7_7500p,0.3832375157296592,11.967637699328712,0.04201255220303509,100000
jaou7_6820c,0.38712541864661226,12.397297109943745,0.06615388545499001,100000
jaou7_6825c,0.38712541864661226,12.374146385422376,0.06610764988375964,100000
jaou7_6860c,0.38712541864661226,12.21306635621564,0.06578369581172282,100000
jaou7_6900c,0.38712541864661226,12.03110140347593,0.06541276727131576,100000
jaou7_6905c,0.38712541864661226,12.008503302973832,0.06536637323166583,100000
jaou7_6930c,0.38712541864661226,11.896058306653735,0.0651342173519667,100000
jaou7_7000c,0.38712541864661226,11.585903668740968,0.06448287128943796,100000
jaou7_7110c,0.38712541864661226,11.11303780544139,0.0634548666921395,100000
jaou7_7200c,0.38712541864661226,10.739185546185324,0.06261045551733577,100000
jaou7_7335c,0.38712541864661226,10.19958975990111,0.061340533834235884,100000
jaou7_7400c,0.38712541864661226,9.948506307021468,0.06072855557328478,100000
jaou7_7450c,0.38712541864661226,9.758910337952322,0.060258190512105084,100000
jaou7_7500c,0.38712541864661226,9.572488362302073,0.059788076901709654,100000
jaou7_7542c,0.38712541864661226,9.418334207398804,0.059393427885860724,100000
jaou7_7550c,0.38712541864661226,9.38919723256524,0.059318327943102815,100000
jaou7_7600c,0.38712541864661226,9.208943122419392,0.05884914689050956,100000
jaou7_7610c,0.38712541864661226,9.173282897602157,0.0587553415429384,100000
jaou7_7705c,0.38712541864661226,8.840555226554528,0.05786548393338079,100000
jaou7_7710c,0.38712541864661226,8.82334085323351,0.057818725708909446,100000
jaou7_7725c,0.38712541864661226,8.771881870564718,0.05767849010392428,100000
jaou7_5800p,0.38712541864661226,4.161353280816689,0.02351112891140095,100000
jaou7_5900p,0.38712541864661226,4.504295844778946,0.024615809133765206,100000
jaou7_6000p,0.38712541864661226,4.862992626747733,0.025728061612221652,100000
jaou7_6200p,0.38712541864661226,5.626831602318166,0.0279702167970345,100000
jaou7_6420p,0.38712541864661226,6.540251153387007,0.030447012378456255,100000
jaou7_6500p,0.38712541864661226,6.8918069608915005,0.031346366757287004,100000
jaou7_6750p,0.38712541864661226,8.051924189523609,0.03415099400557369,100000
jaou7_6800p,0.38712541864661226,8.295287118559317,0.03470885792684069,100000
jaou7_6900p,0.38712541864661226,8.792879810352817,0.035820982495168144,100000
jaou7_7000p,0.38712541864661226,9.304420654472729,0.036928173004807344,100000
jaou7_7400p,0.38712541864661226,11.493977608172717,0.04126519275351812,100000
jaou7_7450p,0.38712541864661226,11.782750928531005,0.041796482161326864,100000
jaou7_7500p,0.38712541864661226,12.07469824230819,0.04232516053711662,100000
jaou7_6820c,0.3910133215635654,12.497199332561586,0.06692606303703463,100000
jaou7_6825c,0.3910133215635654,12.474113923108666,0.0668798704772048,100000
jaou7_6860c,0.3910133215635654,12.313482800227963,0.06655622326308679,100000
jaou7_6900c,0.3910133215635654,12.131986230029037,0.06618570620463725,100000
jaou7_6905c,0.3910133215635654,12.109447115450106,0.06613936115896969,100000
jaou7_6930c,0.3910133215635654,11.997321158557972,0.06590740031123878,100000
jaou7_7000c,0.3910133215635654,11.687949228610224,0.06525675057639496,100000
jaou7_7110c,0.3910133215635654,11.216253972159484,0.06422978145990779,100000
jaou7_7200c,0.3910133215635654,10.843204838887537,0.0633863301741613,100000
jaou7_7335c,0.3910133215635654,10.304579291466183,0.062117962128074314,100000
jaou7_7400c,0.3910133215635654,10.05386083962926,0.0615067737606725,100000
jaou7_7450c,0.3910133215635654,9.864493828090497,0.06103704232324074,100000
jaou7_7500c,0.3910133215635654,9.678294553925861,0.06056751994279934,100000
jaou7_7542c,0.3910133215635654,9.524276022272247,0.06017340855643409,100000
jaou7_7550c,0.3910133215635654,9.495167130352394,0.06009840313691628,100000
jaou7_7600c,0.3910133215635654,9.315063097772986,0.05962982133780195,100000
jaou7_7610c,0.3910133215635654,9.279430977379878,0.05953613225844097,100000
jaou7_7705c,0.3910133215635654,8.9468817256692,0.05864740567385865,100000
jaou7_7710c,0.3910133215635654,8.929674443377756,0.05860070489501745,100000
jaou7_7725c,0.3910133215635654,8.87823268064516,0.05846064440380606,100000
jaou7_5800p,0.3910133215635654,4.241271736259978,0.023810629763169944,100000
jaou7_5900p,0.3910133215635654,4.586834487947825,0.024917403800440455,100000
jaou7_6000p,0.3910133215635654,4.948077502414524,0.026031373353762967,100000
jaou7_6200p,0.3910133215635654,5.716589660404514,0.02827622963669296,100000
jaou7_6420p,0.3910133215635654,6.634780459703625,0.03075453053832416,100000
jaou7_6500p,0.3910133215635654,6.987873379626869,0.03165430721255426,100000
jaou7_6750p,0.3910133215635654,8.15207347621845,0.03445999642319206,100000
jaou7_6800p,0.3910133215635654,8.39615455178689,0.03501798553451939,100000
jaou7_6900p,0.3910133215635654,8.894993294664939,0.0361305158584935,100000
jaou7_7000p,0.3910133215635654,9.407694872100999,0.037237930937993546,100000
jaou7_7400p,0.3910133215635654,11.600560798539517,0.04157580023263403,100000
jaou7_7450p,0.3910133215635654,11.889563076428189,0.04210733622448287,100000
jaou7_7500p,0.3910133215635654,12.181733091690987,0.042636206628178804,100000
jaou7_6820c,0.39490122448051845,12.597070286103072,0.06770176459069256,100000
jaou7_6825c,0.39490122448051845,12.57404568666026,0.06765562303784955,100000
jaou7_6860c,0.39490122448051845,12.413865873113718,0.06733227535155197,100000
jaou7_6900c,0.39490122448051845,12.232839597583988,0.06696216335909577,100000
jaou7_6905c,0.39490122448051845,12.210366679063,0.06691585376644191,100000
jaou7_6930c,0.39490122448051845,12.098542645823006,0.06668411762815654,100000
jaou7_7000c,0.39490122448051845,11.789960439735125,0.06603414804025501,100000
jaou7_7110c,0.39490122448051845,11.31941957093172,0.06500824033694887,100000
jaou7_7200c,0.39490122448051845,10.947174056097976,0.06416574851685843,100000
jaou7_7335c,0.39490122448051845,10.409525429257478,0.06289892903059081,100000
jaou7_7400c,0.39490122448051845,10.159168992721579,0.06228854089310381,100000
jaou7_7450c,0.39490122448051845,9.970032699891469,0.06181944547921829,100000
jaou7_7500c,0.39490122448051845,9.784060419772821,0.061350513754033824,100000
jaou7_7542c,0.39490122448051845,9.63017973722605,0.06095694255318069,100000
jaou7_7550c,0.39490122448051845,9.60110088493144,0.06088202981786417,100000
jaou7_7600c,0.39490122448051845,9.421151970656737,0.06041404783905755,100000
jaou7_7610c,0.39490122448051845,9.38554778063241,0.06032047712837084,100000
jaou7_7705c,0.39490122448051845,9.053185724385385,0.05943288756742,100000
jaou7_7710c,0.39490122448051845,9.035986248036078,0.05938624428654927,100000
jaou7_7725c,0.39490122448051845,8.984564057879561,0.05924635882183542,100000
jaou7_5800p,0.39490122448051845,4.321402529191373,0.024108932663253955,100000
jaou7_5900p,0.39490122448051845,4.669557902906908,0.025217733702324906,100000
jaou7_6000p,0.39490122448051845,5.033309883978379,0.026333384305053192,100000
jaou7_6200p,0.39490122448051845,5.80648442615178,0.0285807744721664,100000
jaou7_6420p,0.39490122448051845,6.72939711842466,0.03106051632848759,100000
jaou7_6500p,0.39490122448051845,7.083960778798085,0.031960808582512955,100000
jaou7_6750p,0.39490122448051845,8.252216520310292,0.03476749756137265,100000
jaou7_6800p,0.39490122448051845,8.497015282306943,0.03532559392874325,100000
jaou7_6900p,0.39490122448051845,8.997088385596944,0.03643852505335587,100000
jaou7_7000p,0.39490122448051845,9.510947806602953,0.03754614655696539,100000
jaou7_7400p,0.39490122448051845,11.707110675008893,0.04188486354659618,100000
jaou7_7450p,0.39490122448051845,11.99634367160622,0.042416644012015885,100000
jaou7_7500p,0.39490122448051845,12.288740680915005,0.04294569841494717,100000
jaou7_6820c,0.3987891273974715,12.696909359855432,0.06848100814085702,100000
jaou7_6825c,0.3987891273974715,12.673948837066497,0.0684349111078603,100000
jaou7_6860c,0.3987891273974715,12.514219488981952,0.06811186181126738,100000
jaou7_6900c,0.3987891273974715,12.33366883069768,0.06774214249107215,100000
jaou7_6905c,0.3987891273974715,12.311258927767737,0.06769587385731694,100000
jaou7_6930c,0.3987891273974715,12.199721391795114,0.06746438902985698,100000
jaou7_7000c,0.3987891273974715,11.891935758623887,0.06681508386990369,100000
jaou7_7110c,0.3987891273974715,11.42253933863951,0.06579025266682222,100000
jaou7_7200c,0.3987891273974715,11.051101367266593,0.06494871429578919,100000
jaou7_7335c,0.3987891273974715,10.514428752846047,0.06368345127942848,100000
jaou7_7400c,0.3987891273974715,10.264428495711337,0.06307387826292139,100000
jaou7_7450c,0.3987891273974715,10.075529156026672,0.06260541391432402,100000
jaou7_7500c,0.3987891273974715,9.889783760848836,0.06213707919926025,100000
jaou7_7542c,0.3987891273974715,9.736045701071905,0.06174404654797913,100000
jaou7_7550c,0.3987891273974715,9.706996275219673,0.061669228686851325,100000
jaou7_7600c,0.3987891273974715,9.527208152235188,0.06120184588045952,100000
jaou7_7610c,0.3987891273974715,9.491632021966632,0.06110839511289737,100000
jaou7_7705c,0.3987891273974715,9.159466174467381,0.06022194768990102,100000
jaou7_7710c,0.3987891273974715,9.142275424256859,0.06017536161729597,100000
jaou7_7725c,0.3987891273974715,9.090874806456698,0.06003565153724331,100000
jaou7_5800p,0.3987891273974715,4.401736513523426,0.024406035129633512,100000
jaou7_5900p,0.3987891273974715,4.752505940009657,0.025516711540058683,100000
jaou7_6000p,0.3987891273974715,5.118732738127397,0.026634001210646067,100000
jaou7_6200p,0.3987891273974715,5.896498726731091,0.02888387934879117,100000
jaou7_6420p,0.3987891273974715,6.824081206069266,0.0313650101434868,100000
jaou7_6500p,0.3987891273974715,7.180089178275684,0.032265825169502084,100000
jaou7_6750p,0.3987891273974715,8.352359296593848,0.035073485007533454,100000
jaou7_6800p,0.3987891273974715,8.59785842739484,0.03563171145877952,100000
jaou7_6900p,0.3987891273974715,9.099172432366485,0.036744995036248826,100000
jaou7_7000p,0.3987891273974715,9.614177939147567,0.03785282731507383,100000
jaou7_7400p,0.3987891273974715,11.8136249916545,0.0421923928191988,100000
jaou7_7450p,0.3987891273974715,12.103094941397272,0.042724402902678336,100000
jaou7_7500p,0.3987891273974715,12.395718835646871,0.04325364558608659,100000
jaou7_6820c,0.4026770303144246,12.796725951669346,0.06926379330990745,100000
jaou7_6825c,0.4026770303144246,12.773836629677978,0.06921772720366907,100000
jaou7_6860c,0.4026770303144246,12.6145429178906,0.06889500119120481,100000
jaou7_6900c,0.4026770303144246,12.434470119760567,0.06852566791136587,100000
jaou7_6905c,0.4026770303144246,12.412121687538377,0.06847944274973196,100000
jaou7_6930c,0.4026770303144246,12.300861477766205,0.06824822447132478,100000
jaou7_7000c,0.4026770303144246,11.993876552218262,0.06759957322317278,100000
jaou7_7110c,0.4026770303144246,11.525611995823628,0.06657583843834473,100000
jaou7_7200c,0.4026770303144246,11.154984427973776,0.06573524937777778,100000
jaou7_7335c,0.4026770303144246,10.61928708544511,0.06447155029681059,100000
jaou7_7400c,0.4026770303144246,10.36963998455521,0.06386280255967103,100000
jaou7_7450c,0.4026770303144246,10.180981083714789,0.06339496867595913,100000
jaou7_7500c,0.4026770303144246,9.995463285718355,0.0629272358449566,100000
jaou7_7542c,0.4026770303144246,9.84187476211151,0.06253473659505272,100000
jaou7_7550c,0.4026770303144246,9.812851740877521,0.06246001956077035,100000
jaou7_7600c,0.4026770303144246,9.633230666854333,0.06199323415855165,100000
jaou7_7610c,0.4026770303144246,9.597682313332832,0.06189990550099495,100000
jaou7_7705c,0.4026770303144246,9.265721927156997,0.06101460446339101,100000
jaou7_7710c,0.4026770303144246,9.248540451344804,0.06096807584591056,100000
jaou7_7725c,0.4026770303144246,9.197162540332062,0.06082854272744643,100000
jaou7_5800p,0.4026770303144246,4.482287357916781,0.02470189588434026,100000
jaou7_5900p,0.4026770303144246,4.835641433293661,0.025814392847500135,100000
jaou7_6000p,0.4026770303144246,5.204314928882316,0.026933273097652425,100000
jaou7_6200p,0.4026770303144246,5.986615824171219,0.029185571982728323,100000
jaou7_6420p,0.4026770303144246,6.9188483394819595,0.03166797594611365,100000
jaou7_6500p,0.4026770303144246,7.276251522311004,0.03256937140498966,100000
jaou7_6750p,0.4026770303144246,8.452500875721883,0.03537796283650468,100000
jaou7_6800p,0.4026770303144246,8.698685966584083,0.035936335669849634,100000
jaou7_6900p,0.4026770303144246,9.201241650323276,0.03704993822091095,100000
jaou7_7000p,0.4026770303144246,9.717386661635844,0.03815797327315199,100000
jaou7_7400p,0.4026770303144246,11.920104409392279,0.04249839004470047,100000
jaou7_7450p,0.4026770303144246,12.209814797979293,0.043030622465817535,100000
jaou7_7500p,0.4026770303144246,12.502666289410296,0.04356005523657826,100000
jaou7_6820c,0.4065649332313777,12.89652305375317,0.07005013180468311,100000
jaou7_6825c,0.4065649332313777,12.873690472167732,0.07000412294894025,100000
jaou7_6860c,0.4065649332313777,12.714814825328027,0.06968174993378314,100000
jaou7_6900c,0.4065649332313777,12.5352373442628,0.06931276823142715,100000
jaou7_6905c,0.4065649332313777,12.512941950957764,0.06926660153567968,100000
jaou7_6930c,0.4065649332313777,12.40196037827504,0.06903564605568054,100000
jaou7_7000c,0.4065649332313777,12.095778487914819,0.06838764152990805,100000
jaou7_7110c,0.4065649332313777,11.628648014480259,0.06736499741429057,100000
jaou7_7200c,0.4065649332313777,11.258822633973919,0.0665253727820765,100000
jaou7_7335c,0.4065649332313777,10.724096425911586,0.06526325065867121,100000
jaou7_7400c,0.4065649332313777,10.474804662379773,0.0646553297073045,100000
jaou7_7450c,0.4065649332313777,10.286390370316393,0.06418812453137186,100000
jaou7_7500c,0.4065649332313777,10.10110045434924,0.06372099903770109,100000
jaou7_7542c,0.4065649332313777,9.947665004328229,0.06332903327103434,100000
jaou7_7550c,0.4065649332313777,9.918670381007985,0.06325441509155497,100000
jaou7_7600c,0.4065649332313777,9.739217815611449,0.06278823266291102,100000
jaou7_7610c,0.4065649332313777,9.703697950972257,0.06269502668869141,100000
jaou7_7705c,0.4065649332313777,9.371952958485062,0.06181087479297713,100000
jaou7_7710c,0.4065649332313777,9.354779778453086,0.061764406166034444,100000
jaou7_7725c,0.4065649332313777,9.303426265115531,0.06162505065500709,100000
jaou7_5800p,0.4065649332313777,4.563075085155468,0.02499646334549253,100000
jaou7_5900p,0.4065649332313777,4.918993751510481,0.026110710017256775,100000
jaou7_6000p,0.4065649332313777,5.290060199789049,0.027231182062127882,100000
jaou7_6200p,0.4065649332313777,6.076836844553607,0.029485843754563784,100000
jaou7_6420p,0.4065649332313777,7.013644912666338,0.031969528276866506,100000
jaou7_6500p,0.4065649332313777,7.372455211975344,0.03287142970206584,100000
jaou7_6750p,0.4065649332313777,8.552640140006766,0.03568093560719776,100000
jaou7_6800p,0.4065649332313777,8.799492179615081,0.03623948265331128,100000
jaou7_6900p,0.4065649332313777,9.30328994421667,0.03735337281859008,100000
jaou7_7000p,0.4065649332313777,9.820569666723562,0.03846159899811159,100000
jaou7_7400p,0.4065649332313777,12.026550156608,0.04280285559977612,100000
jaou7_7450p,0.4065649332313777,12.31650515397206,0.04333530091849086,100000
jaou7_7500p,0.4065649332313777,12.60958452743234,0.04386492656757071,100000
jaou7_6820c,0.4104528361483308,12.996280753850167,0.07084007778603003,100000
jaou7_6825c,0.4104528361483308,12.973515350088858,0.07079410663717636,100000
jaou7_6860c,0.4104528361483308,12.81504626923147,0.07047210528873675,100000
jaou7_6900c,0.4104528361483308,12.63595791435137,0.0701034838761455,100000
jaou7_6905c,0.4104528361483308,12.613719936287191,0.07005736747023227,100000
jaou7_6930c,0.4104528361483308,12.503014231776323,0.06982667839684517,100000
jaou7_7000c,0.4104528361483308,12.197636004794226,0.06917931654154481,100000
jaou7_7110c,0.4104528361483308,11.731643305617013,0.06815775475772053,100000
jaou7_7200c,0.4104528361483308,11.362612492279231,0.06731910858272107,100000
jaou7_7335c,0.4104528361483308,10.828856095994771,0.06605857158825085,100000
jaou7_7400c,0.4104528361483308,10.579917745665535,0.06545148549461802,100000
jaou7_7450c,0.4104528361483308,10.39175681045804,0.0649848997632592,100000
jaou7_7500c,0.4104528361483308,10.206693744577196,0.06451838902487234,100000
jaou7_7542c,0.4104528361483308,10.053412599181009,0.06412696030583129,100000
jaou7_7550c,0.4104528361483308,10.024449154825492,0.06405243774882415,100000
jaou7_7600c,0.4104528361483308,9.84516930632827,0.06358685936553925,100000
jaou7_7610c,0.4104528361483308,9.809679915928985,0.06349377463973528,100000
jaou7_7705c,0.4104528361483308,9.478157177065297,0.06261077891434481,100000
jaou7_7710c,0.4104528361483308,9.460992470213204,0.06256437102785657,100000
jaou7_7725c,0.4104528361483308,9.409665450640516,0.06242519307752996,100000
jaou7_5800p,0.4104528361483308,4.6440512194008825,0.025289810611932945,100000
jaou7_5900p,0.4104528361483308,5.0025016866709695,0.02640576613063736,100000
jaou7_6000p,0.4104528361483308,5.375902058472205,0.027527846098086475,100000
jaou7_6200p,0.4104528361483308,6.167140776789244,0.029784731876780716,100000
jaou7_6420p,0.4104528361483308,7.108502828146771,0.032269595072452965,100000
jaou7_6500p,0.4104528361483308,7.468690584259435,0.03317202092984381,100000
jaou7_6750p,0.4104528361483308,8.65278457225456,0.035982387440084626,100000
jaou7_6800p,0.4104528361483308,8.900287842021736,0.03654112864532907,100000
jaou7_6900p,0.4104528361483308,9.405304749754224,0.037655333144703367,100000
jaou7_7000p,0.4104528361483308,9.923721419051953,0.03876372214596973,100000
jaou7_7400p,0.4104528361483308,12.132957475342746,0.043105806638829035,100000
jaou7_7450p,0.4104528361483308,12.423165829562684,0.043638442402408495,100000
jaou7_7500p,0.4104528361483308,12.716472053109277,0.044168267324453815,100000
jaou7_6820c,0.41434073906528385,13.096012379544261,0.07163362431569341,100000
jaou7_6825c,0.41434073906528385,13.073308324647721,0.07158770123137538,100000
jaou7_6860c,0.41434073906528385,12.915251113870488,0.07126605969104931,100000
jaou7_6900c,0.41434073906528385,12.736640037429448,0.07089781780958947,100000
jaou7_6905c,0.41434073906528385,12.71445847120917,0.0708517532303562,100000
jaou7_6930c,0.41434073906528385,12.604018802252533,0.07062134695383325,100000
jaou7_7000c,0.41434073906528385,12.29945740754249,0.06997460164155932,100000
jaou7_7110c,0.41434073906528385,11.834590167239634,0.06895414197569508,100000
jaou7_7200c,0.41434073906528385,11.466354127314203,0.06811647484880451,100000
jaou7_7335c,0.41434073906528385,10.933565567749506,0.06685753220071709,100000
jaou7_7400c,0.41434073906528385,10.684982064782377,0.06625128351384975,100000
jaou7_7450c,0.41434073906528385,10.497073944727434,0.06578532281678692,100000
jaou7_7500c,0.41434073906528385,10.312242503865443,0.0653194248254897,100000
jaou7_7542c,0.41434073906528385,10.159119462706403,0.06492853257231915,100000
jaou7_7550c,0.41434073906528385,10.1301898375258,0.06485410261036717,100000
jaou7_7600c,0.41434073906528385,9.951084155349987,0.06438913348218538,100000
jaou7_7610c,0.41434073906528385,9.915624324608803,0.06429617301377628,100000
jaou7_7705c,0.41434073906528385,9.58433349446341,0.0634143357265836,100000
jaou7_7710c,0.41434073906528385,9.567177541174784,0.06336798914760755,100000
jaou7_7725c,0.41434073906528385,9.515879241381734,0.06322898843841243,100000
jaou7_5800p,0.41434073906528385,4.725198624352925,0.025581954254638162,100000
jaou7_5900p,0.41434073906528385,5.08614365547489,0.02669958855473754,100000
jaou7_6000p,0.41434073906528385,5.461848583762013,0.027823238967341915,100000
jaou7_6200p,0.41434073906528385,6.257563288113733,0.030082157196101595,100000
jaou7_6420p,0.41434073906528385,7.203388690952911,0.03256824794243191,100000
jaou7_6500p,0.41434073906528385,7.564938904844464,0.03347118627877175,100000
jaou7_6750p,0.41434073906528385,8.752925567854613,0.03628234106745749,100000
jaou7_6800p,0.41434073906528385,9.00107871128427,0.03684126215020731,100000
jaou7_6900p,0.41434073906528385,9.507294300202467,0.037955801726594296,100000
jaou7_7000p,0.41434073906528385,10.026850249170383,0.039064324983372485,100000
jaou7_7400p,0.41434073906528385,12.239329221829756,0.04340723891979454,100000
jaou7_7450p,0.41434073906528385,12.529790391202248,0.04394006883670424,100000
jaou7_7500p,0.41434073906528385,12.823328239767692,0.04447008275668927,100000
jaou7_6820c,0.41822864198223697,13.195712776879574,0.07243079862859624,100000
jaou7_6825c,0.41822864198223697,13.17306774557122,0.07238492750211957,100000
jaou7_6860c,0.41822864198223697,13.015429825904867,0.07206363020421774,100000
jaou7_6900c,0.41822864198223697,12.837280588559338,0.07169579360209416,100000
jaou7_6905c,0.41822864198223697,12.81515582938044,0.07164977989407809,100000
jaou7_6930c,0.41822864198223697,12.705005310520379,0.07141961400466833,100000
jaou7_7000c,0.41822864198223697,12.401244784020193,0.07077351137664108,100000
jaou7_7110c,0.41822864198223697,11.937492530359258,0.06975417068204452,100000
jaou7_7200c,0.41822864198223697,11.57004676582943,0.06891749132570862,100000
jaou7_7335c,0.41822864198223697,11.038220077044684,0.06766015869533552,100000
jaou7_7400c,0.41822864198223697,10.789994020885844,0.06705474790680281,100000
jaou7_7450c,0.41822864198223697,10.602346474637603,0.06658940443912555,100000
jaou7_7500c,0.41822864198223697,10.417742990047206,0.0661241304943811,100000
jaou7_7542c,0.41822864198223697,10.264785599502213,0.06573376810491809,100000
jaou7_7550c,0.41822864198223697,10.235887908084663,0.06565943476633158,100000
jaou7_7600c,0.41822864198223697,10.056960477503953,0.06519507578991646,100000
jaou7_7610c,0.41822864198223697,10.021532369233832,0.0651022377969991,100000
jaou7_7705c,0.41822864198223697,9.690480012191708,0.06422156553990037,100000
jaou7_7710c,0.41822864198223697,9.673333015454071,0.06417528092531839,100000
jaou7_7725c,0.41822864198223697,9.622065301733569,0.0640364576017167,100000
jaou7_5800p,0.41822864198223697,4.806522377292732,0.025872869563957058,100000
jaou7_5900p,0.41822864198223697,5.169913666980317,0.026992176198572287,100000
jaou7_6000p,0.41822864198223697,5.547934159037922,0.02811728341287064,100000
jaou7_6200p,0.41822864198223697,6.348097675126607,0.03037812894539071,100000
jaou7_6420p,0.41822864198223697,7.29829813813538,0.03286549468455435,100000
jaou7_6500p,0.41822864198223697,7.661196757332017,0.033768932689928935,100000
jaou7_6750p,0.41822864198223697,8.853047601197757,0.03658083591583929,100000
jaou7_6800p,0.41822864198223697,9.101844005406264,0.03713993631088256,100000
jaou7_6900p,0.41822864198223697,9.609255496791295,0.03825478943208627,100000
jaou7_7000p,0.41822864198223697,10.129958271107022,0.039363405676056555,100000
jaou7_7400p,0.41822864198223697,12.345661823392161,0.0437071662694442,100000
jaou7_7450p,0.41822864198223697,12.636383566571354,0.0442401703594406,100000
jaou7_7500p,0.41822864198223697,12.930149371408392,0.04477038701550598,100000
jaou7_6820c,0.42211654489919004,13.2953667917031,0.07323164623151364,100000
jaou7_6825c,0.42211654489919004,13.27277359852596,0.07318583984551393,100000
jaou7_6860c,0.42211654489919004,13.11557905871376,0.07286484097278206,100000
jaou7_6900c,0.42211654489919004,12.937880283100641,0.07249742808972406,100000
jaou7_6905c,0.42211654489919004,12.915805724702217,0.0724514768163342,100000
jaou7_6930c,0.42211654489919004,12.805961760606685,0.07222151915456741,100000
jaou7_7000c,0.42211654489919004,12.502990382118972,0.07157607776080334,100000
jaou7_7110c,0.42211654489919004,12.040358412566183,0.07055784567695839,100000
jaou7_7200c,0.42211654489919004,11.673689209536445,0.06972217860431384,100000
jaou7_7335c,0.42211654489919004,11.142824038128671,0.06846646240950836,100000
jaou7_7400c,0.42211654489919004,10.894959413157268,0.06786188782052734,100000
jaou7_7450c,0.42211654489919004,10.707575122541902,0.06739716190282748,100000
jaou7_7500c,0.42211654489919004,10.523197045992902,0.06693252143120217,100000
jaou7_7542c,0.42211654489919004,10.370411355722444,0.06654268458254275,100000
jaou7_7550c,0.42211654489919004,10.341541918255855,0.06646845466085036,100000
jaou7_7600c,0.42211654489919004,10.162798384975712,0.06600470414929334,100000
jaou7_7610c,0.42211654489919004,10.12740398387787,0.0659119870948116,100000
jaou7_7705c,0.42211654489919004,9.79659590849027,0.06503248722209096,100000
jaou7_7710c,0.42211654489919004,9.779457744004102,0.06498626569739765,100000
jaou7_7725c,0.42211654489919004,9.72822189607375,0.06484762071225454,100000
jaou7_5800p,0.42211654489919004,4.888062932872182,0.026162469075194414,100000
jaou7_5900p,0.42211654489919004,5.253865373327774,0.027283415499631574,100000
jaou7_6000p,0.42211654489919004,5.634135262707353,0.02841001721259147,100000
jaou7_6200p,0.42211654489919004,6.438731941468298,0.030672667359104542,100000
jaou7_6420p,0.42211654489919004,7.393240186863778,0.03316131347568926,100000
jaou7_6500p,0.42211654489919004,7.757474097481822,0.03406523721781028,100000
jaou7_6750p,0.42211654489919004,8.953155285713006,0.036877862926381684,100000
jaou7_6800p,0.42211654489919004,9.20259624674811,0.037437122950312866,100000
jaou7_6900p,0.42211654489919004,9.711189081353563,0.03855229751052549,100000
jaou7_7000p,0.42211654489919004,10.233037759226763,0.03966098758500731,100000
jaou7_7400p,0.42211654489919004,12.451961105684548,0.044005575984257805,100000
jaou7_7450p,0.42211654489919004,12.742946104496616,0.04453874841653243,100000
jaou7_7500p,0.42211654489919004,13.036937317375047,0.045069178133995975,100000
jaou7_6820c,0.4260044478161431,13.394974428097038,0.07403618519685924,100000
jaou7_6825c,0.4260044478161431,13.372442779549425,0.07399042562010716,100000
jaou7_6860c,0.4260044478161431,13.215686987714,0.07366973152029635,100000
jaou7_6900c,0.4260044478161431,13.038427764431187,0.07330275983506125,100000
jaou7_6905c,0.4260044478161431,13.016408574052761,0.07325686156269184,100000
jaou7_6930c,0.4260044478161431,12.906875858660548,0.07302710269187022,100000
jaou7_7000c,0.4260044478161431,12.60470634271835,0.07238229808837322,100000
jaou7_7110c,0.4260044478161431,12.143169152058407,0.07136521752677623,100000
jaou7_7200c,0.4260044478161431,11.777282582397763,0.07053055353383741,100000
jaou7_7335c,0.4260044478161431,11.247375822051525,0.06927646469910073,100000
jaou7_7400c,0.4260044478161431,10.99987470703369,0.06867272758242642,100000
jaou7_7450c,0.4260044478161431,10.812757392391159,0.06820861776128347,100000
jaou7_7500c,0.4260044478161431,10.62860382754421,0.06774461742225772,100000
jaou7_7542c,0.4260044478161431,10.475995052793602,0.06735530300097468,100000
jaou7_7550c,0.4260044478161431,10.44715156051282,0.06728118111266772,100000
jaou7_7600c,0.4260044478161431,10.268597567107737,0.06681803724472185,100000
jaou7_7610c,0.4260044478161431,10.233236496296293,0.066725443193962,100000
jaou7_7705c,0.4260044478161431,9.902680272944147,0.06584711996145505,100000
jaou7_7710c,0.4260044478161431,9.885552051442899,0.0658009607702905,100000
jaou7_7725c,0.4260044478161431,9.834348429746855,0.0656624963895231,100000
jaou7_5800p,0.4260044478161431,4.969781852030534,0.02645081210535134,100000
jaou7_5900p,0.4260044478161431,5.337982970087689,0.027573327121712083,100000
jaou7_6000p,0.4260044478161431,5.720461659591847,0.028701412141049078,100000
jaou7_6200p,0.4260044478161431,6.529468114193627,0.030965764061279696,100000
jaou7_6420p,0.4260044478161431,7.488218469631576,0.03345569498857745,100000
jaou7_6500p,0.4260044478161431,7.853760934191388,0.03436012211217995,100000
jaou7_6750p,0.4260044478161431,9.053239041926457,0.03717344742438842,100000
jaou7_6800p,0.4260044478161431,9.30333009620559,0.037732837684181855,100000
jaou7_6900p,0.4260044478161431,9.813083724047463,0.03884835756944141,100000
jaou7_7000p,0.4260044478161431,10.336100881189497,0.039957042938366785,100000
jaou7_7400p,0.4260044478161431,12.558223560924322,0.0443024816990343,100000
jaou7_7450p,0.4260044478161431,12.84947553570923,0.04483581363198069,100000
jaou7_7500p,0.4260044478161431,13.143691260289712,0.04536646190844242,100000
jaou7_6820c,0.4298923507330962,13.494551779953316,0.07484440460611558,100000
jaou7_6825c,0.4298923507330962,13.472085660425916,0.07479868435289758,100000
jaou7_6860c,0.4298923507330962,13.31575116004736,0.07447832464242735,100000
jaou7_6900c,0.4298923507330962,13.138940172724137,0.0741117767882316,100000
jaou7_6905c,0.4298923507330962,13.116995543264911,0.0740658972040538,100000
jaou7_6930c,0.4298923507330962,13.0077556925117,0.07383636884147379,100000
jaou7_7000c,0.4298923507330962,12.706377501463539,0.07319221752407391,100000
jaou7_7110c,0.4298923507330962,12.24593978400302,0.07217627945828939,100000
jaou7_7200c,0.4298923507330962,11.880829475052701,0.07134263068923888,100000
jaou7_7335c,0.4298923507330962,11.351876001534206,0.07009018349501528,100000
jaou7_7400c,0.4298923507330962,11.104739569085613,0.06948728652715185,100000
jaou7_7450c,0.4298923507330962,10.917893242370882,0.06902379081383755,100000
jaou7_7500c,0.4298923507330962,10.733964569066535,0.06856043516893295,100000
jaou7_7542c,0.4298923507330962,10.581530876210646,0.06817165094909697,100000
jaou7_7550c,0.4298923507330962,10.552720384519729,0.06809762713317957,100000
jaou7_7600c,0.4298923507330962,10.374355141216226,0.06763509789059856,100000
jaou7_7610c,0.4298923507330962,10.339030108506483,0.06754262413438533,100000
jaou7_7705c,0.4298923507330962,10.00873100500209,0.066665484922384,100000
jaou7_7710c,0.4298923507330962,9.991615961541891,0.06661938409809218,100000
jaou7_7725c,0.4298923507330962,9.940444271657318,0.06648110350017805,100000
jaou7_5800p,0.4298923507330962,5.051710587770165,0.026737827905180374,100000
jaou7_5900p,0.4298923507330962,5.422256060684348,0.027861920990348503,100000
jaou7_6000p,0.4298923507330962,5.80692049374509,0.02899144648084114,100000
jaou7_6200p,0.4298923507330962,6.620279430595651,0.031257470820813996,100000
jaou7_6420p,0.4298923507330962,7.583230384815896,0.03374864377803116,100000
jaou7_6500p,0.4298923507330962,7.950058926134007,0.03465358328544322,100000
jaou7_6750p,0.4298923507330962,9.153310745076562,0.037467562690851344,100000
jaou7_6800p,0.4298923507330962,9.404033395995409,0.03802711306440487,100000
jaou7_6900p,0.4298923507330962,9.914956592135082,0.039142929350894064,100000
jaou7_7000p,0.4298923507330962,10.439132499729356,0.040251614370997786,100000
jaou7_7400p,0.4298923507330962,12.664448882770913,0.04459788797997635,100000
jaou7_7450p,0.4298923507330962,12.95597184548362,0.04513136961078313,100000
jaou7_7500p,0.4298923507330962,13.250412461606706,0.045662238081695034,100000
jaou7_6820c,0.4337802536500493,13.594103210488042,0.07565631507411745,100000
jaou7_6825c,0.4337802536500493,13.571702397795198,0.07561063429190312,100000
jaou7_6860c,0.4337802536500493,13.415775301932026,0.07529063217617739,100000
jaou7_6900c,0.4337802536500493,13.239439006666869,0.07492445946039025,100000
jaou7_6905c,0.4337802536500493,13.217549046784585,0.07487863362190336,100000
jaou7_6930c,0.4337802536500493,13.108600530082816,0.0746493376512465,100000
jaou7_7000c,0.4337802536500493,12.808016585053139,0.07400583282199442,100000
jaou7_7110c,0.4337802536500493,12.348669934690944,0.07299105111559599,100000
jaou7_7200c,0.4337802536500493,11.98432789955188,0.07215843242750114,100000
jaou7_7335c,0.4337802536500493,11.456328417172617,0.07090763159138264,100000
jaou7_7400c,0.4337802536500493,11.209553288938142,0.07030558474697002,100000
jaou7_7450c,0.4337802536500493,11.022983474296057,0.0698426986946239,100000
jaou7_7500c,0.4337802536500493,10.839277764868188,0.06937999582467444,100000
jaou7_7542c,0.4337802536500493,10.687021633906257,0.06899174275782913,100000
jaou7_7550c,0.4337802536500493,10.658247030644759,0.06891781352059227,100000
jaou7_7600c,0.4337802536500493,10.480073932113545,0.0684559003040816,100000
jaou7_7610c,0.4337802536500493,10.444782966949136,0.06836355127938315,100000
jaou7_7705c,0.4337802536500493,10.114748163458533,0.0674876002070891,100000
jaou7_7710c,0.4337802536500493,10.097648604618222,0.06744155516634602,100000
jaou7_7725c,0.4337802536500493,10.04650829194641,0.06730346184751311,100000
jaou7_5800p,0.4337802536500493,5.133797184637567,0.027023603590845966,100000
jaou7_5900p,0.4337802536500493,5.506635456957334,0.028149283305583254,100000
jaou7_6000p,0.4337802536500493,5.893499501647094,0.02928013729907321,100000
jaou7_6200p,0.4337802536500493,6.711163785582743,0.031547788222409286,100000
jaou7_6420p,0.4337802536500493,7.678286227149293,0.0340401358287728,100000
jaou7_6500p,0.4337802536500493,8.04639440857684,0.03494556045077384,100000
jaou7_6750p,0.4337802536500493,9.253379178417143,0.03776018960787318,100000
jaou7_6800p,0.4337802536500493,9.50470095488393,0.03831996433899265,100000
jaou7_6900p,0.4337802536500493,10.016829211702728,0.039435961639222264,100000
jaou7_7000p,0.4337802536500493,10.542145368943867,0.04054467235071294,100000
jaou7_7400p,0.4337802536500493,12.77063638824836,0.04489180044549075,100000
jaou7_7450p,0.4337802536500493,13.06243586303371,0.045425417506428624,100000
jaou7_7500p,0.4337802536500493,13.357099443033274,0.04595651433925388,100000
jaou7_6820c,0.43766815656700236,13.693626799475384,0.07647193874723074,100000
jaou7_6825c,0.43766815656700236,13.671288386961276,0.0764263024175295,100000
jaou7_6860c,0.43766815656700236,13.515758165118555,0.07610667507244732,100000
jaou7_6900c,0.43766815656700236,13.339892899533199,0.07574088226520637,100000
jaou7_6905c,0.43766815656700236,13.318061256800041,0.07569510355899069,100000
jaou7_6930c,0.43766815656700236,13.209410844990266,0.07546602721247476,100000
jaou7_7000c,0.43766815656700236,12.909614296491203,0.0748231791455223,100000
jaou7_7110c,0.43766815656700236,12.451353034923978,0.07380956277628359,100000
jaou7_7200c,0.43766815656700236,12.087779452903483,0.07297797530083201,100000
jaou7_7335c,0.43766815656700236,11.560725806734425,0.07172883990917396,100000
jaou7_7400c,0.43766815656700236,11.314316318811928,0.0711276406341946,100000
jaou7_7450c,0.43766815656700236,11.128027272992513,0.07066536175186261,100000
jaou7_7500c,0.43766815656700236,10.944540552663193,0.07020332282099889,100000
jaou7_7542c,0.43766815656700236,10.792467278837403,0.06981559738012737,100000
jaou7_7550c,0.43766815656700236,10.763725351280504,0.06974176864721998,100000
jaou7_7600c,0.43766815656700236,10.58575164078157,0.06928046673916599,100000
jaou7_7610c,0.43766815656700236,10.550495043999032,0.06918824336559355,100000
jaou7_7705c,0.43766815656700236,10.220732346562087,0.0683134833012356,100000
jaou7_7710c,0.43766815656700236,10.203646375304551,0.06826749774079229,100000
jaou7_7725c,0.43766815656700236,10.15253935431012,0.0681295914315169,100000
jaou7_5800p,0.43766815656700236,5.216010020171262,0.02730818657556814,100000
jaou7_5900p,0.43766815656700236,5.591118616410594,0.028435408594598345,100000
jaou7_6000p,0.43766815656700236,5.980202898119749,0.02956746906456145,100000
jaou7_6200p,0.43766815656700236,6.802129308193939,0.03183669489205642,100000
jaou7_6420p,0.43766815656700236,7.773359346292666,0.034330230347954516,100000
jaou7_6500p,0.43766815656700236,8.142746524989594,0.035236101686667284,100000
jaou7_6750p,0.43766815656700236,9.35342410301229,0.038051379987413016,100000
jaou7_6800p,0.43766815656700236,9.60535059471992,0.038611349964672935,100000
jaou7_6900p,0.43766815656700236,10.118670243734606,0.039727537044308585,100000
jaou7_7000p,0.43766815656700236,10.64513021954748,0.04083624445634069,100000
jaou7_7400p,0.43766815656700236,12.876786557287693,0.04518422139266229,100000
jaou7_7450p,0.43766815656700236,13.168866800895712,0.045717963105485315,100000
jaou7_7500p,0.43766815656700236,13.46374936999383,0.046249302303887255,100000
jaou7_6820c,0.4415560594839555,13.793114131899443,0.07729130955922614,100000
jaou7_6825c,0.4415560594839555,13.770829304878964,0.07724573320628227,100000
jaou7_6860c,0.4415560594839555,13.615692340320987,0.07692648535525473,100000
jaou7_6900c,0.4415560594839555,13.440311190908956,0.07656104773391308,100000
jaou7_6905c,0.4415560594839555,13.418538101418628,0.07651531556118134,100000
jaou7_6930c,0.4415560594839555,13.310175473082381,0.07628647614356306,100000
jaou7_7000c,0.4415560594839555,13.011162247805176,0.07564429014677365,100000
jaou7_7110c,0.4415560594839555,12.553977347108088,0.07463185357554812,100000
jaou7_7200c,0.4415560594839555,12.191171782822025,0.07380129913262902,100000
jaou7_7335c,0.4415560594839555,11.665071249071632,0.07255382280586775,100000
jaou7_7400c,0.4415560594839555,11.419027050177311,0.07195347602796544,100000
jaou7_7450c,0.4415560594839555,11.233022992392204,0.07149180179808672,100000
jaou7_7500c,0.4415560594839555,11.049752832692992,0.07103043543209261,100000
jaou7_7542c,0.4415560594839555,10.897870914835044,0.07064322905537662,100000
jaou7_7550c,0.4415560594839555,10.869158394514606,0.07056950682388022,100000
jaou7_7600c,0.4415560594839555,10.691386691297115,0.07010881850897087,100000
jaou7_7610c,0.4415560594839555,10.656164459975503,0.07001672213486695,100000
jaou7_7705c,0.4415560594839555,10.326683537811356,0.06914315280497288,100000
jaou7_7710c,0.4415560594839555,10.309610227045903,0.06909722894586023,100000
jaou7_7725c,0.4415560594839555,10.258535895500666,0.06895951307488656,100000
jaou7_5800p,0.4415560594839555,5.298343466846605,0.02759157604578001,100000
jaou7_5900p,0.4415560594839555,5.67571130886,0.028720275982230016,100000
jaou7_6000p,0.4415560594839555,6.066999497524602,0.029853497830074422,100000
jaou7_6200p,0.4415560594839555,6.893167961598568,0.03212420446004102,100000
jaou7_6420p,0.4415560594839555,7.868441960790331,0.034618943986672604,100000
jaou7_6500p,0.4415560594839555,8.23911226871769,0.035525214116663394,100000
jaou7_6750p,0.4415560594839555,9.453454928292645,0.03834111295902317,100000
jaou7_6800p,0.4415560594839555,9.705986875949375,0.038901261265792415,100000
jaou7_6900p,0.4415560594839555,10.220489055839849,0.040017634843743315,100000
jaou7_7000p,0.4415560594839555,10.748078691590942,0.04112635597284298,100000
jaou7_7400p,0.4415560594839555,12.982897809382566,0.04547515895679917,100000
jaou7_7450p,0.4415560594839555,13.275263041024893,0.046009014579346946,100000
jaou7_7500p,0.4415560594839555,13.570362170753116,0.046540605564617754,100000
jaou7_6820c,0.44544396240090856,13.892553827194604,0.07811446683839632,100000
jaou7_6825c,0.44544396240090856,13.870327930089342,0.07806894068857542,100000
jaou7_6860c,0.44544396240090856,13.715578762672832,0.07775008043260184,100000
jaou7_6900c,0.44544396240090856,13.540694399099806,0.07738497414935669,100000
jaou7_6905c,0.44544396240090856,13.518980736930539,0.07733928681259365,100000
jaou7_6930c,0.44544396240090856,13.410897944182619,0.07711069750148822,100000
jaou7_7000c,0.44544396240090856,13.11266714109766,0.0764691736199798,100000
jaou7_7110c,0.44544396240090856,12.656547161742143,0.07545793569839673,100000
jaou7_7200c,0.44544396240090856,12.29450374009985,0.07462842531155063,100000
jaou7_7335c,0.44544396240090856,11.769362922548037,0.07338260269772702,100000
jaou7_7400c,0.44544396240090856,11.523685875012081,0.07278310973103744,100000
jaou7_7450c,0.44544396240090856,11.337967846980797,0.07232204259300055,100000
jaou7_7500c,0.44544396240090856,11.154919648068931,0.0718613451001979,100000
jaou7_7542c,0.44544396240090856,11.003224508182443,0.07147466940391274,100000
jaou7_7550c,0.44544396240090856,10.97454636511656,0.07140104692944334,100000
jaou7_7600c,0.44544396240090856,10.796978202677263,0.07094097602955104,100000
jaou7_7610c,0.44544396240090856,10.761790724116805,0.07084900737935365,100000
jaou7_7705c,0.44544396240090856,10.432597800572408,0.06997663336086514,100000
jaou7_7710c,0.44544396240090856,10.415538092869468,0.06993077060573487,100000
jaou7_7725c,0.44544396240090856,10.364495822502862,0.06979324857135139,100000
jaou7_5800p,0.44544396240090856,5.380844747793847,0.027873670922788592,100000
jaou7_5900p,0.44544396240090856,5.760436054451264,0.02900383309918165,100000
jaou7_6000p,0.44544396240090856,6.153933724825573,0.03013812714865604,100000
jaou7_6200p,0.44544396240090856,6.984284423557854,0.03241030365942422,100000
jaou7_6420p,0.44544396240090856,7.96354218542905,0.034906257521945844,100000
jaou7_6500p,0.44544396240090856,8.335492652090657,0.03581289554500104,100000
jaou7_6750p,0.44544396240090856,9.553466653084445,0.038629403189637534,100000
jaou7_6800p,0.44544396240090856,9.806609902162293,0.039189700646010246,100000
jaou7_6900p,0.44544396240090856,10.322286194661816,0.04030625678729644,100000
jaou7_7000p,0.44544396240090856,10.850997515514539,0.04141499280569959,100000
jaou7_7400p,0.44544396240090856,13.088970564848447,0.045764615573744755,100000
jaou7_7450p,0.44544396240090856,13.381621826244599,0.04629858337647344,100000
jaou7_7500p,0.44544396240090856,13.67694291676017,0.046830412700455924,100000
jaou7_6820c,0.4493318653178616,13.991954396864335,0.07894141454597776,100000
jaou7_6825c,0.4493318653178616,13.969785293369393,0.07889594216784004,100000
jaou7_6860c,0.4493318653178616,13.81545043835465,0.07857742129492236,100000
jaou7_6900c,0.4493318653178616,13.641041832711785,0.07821268209117943,100000
jaou7_6905c,0.4493318653178616,13.619388258441894,0.07816703829350453,100000
jaou7_6930c,0.4493318653178616,13.511586752942428,0.07793869590427809,100000
jaou7_7000c,0.4493318653178616,13.21412430029179,0.07729785708460261,100000
jaou7_7110c,0.4493318653178616,12.759069612761035,0.07628781679173184,100000
jaou7_7200c,0.4493318653178616,12.397784962518099,0.07545935758965434,100000
jaou7_7335c,0.4493318653178616,11.873596308289962,0.07421520647627639,100000
jaou7_7400c,0.4493318653178616,11.628295390821394,0.07361655723557584,100000
jaou7_7450c,0.4493318653178616,11.442858718443203,0.07315610855832305,100000
jaou7_7500c,0.4493318653178616,11.260039465330443,0.07269607367573584,100000
jaou7_7542c,0.4493318653178616,11.108530385678941,0.0723099342175064,100000
jaou7_7550c,0.4493318653178616,11.079887974043062,0.07223641031249983,100000
jaou7_7600c,0.4493318653178616,10.902526383972312,0.0717769582309193,100000
jaou7_7610c,0.4493318653178616,10.867372475181032,0.07168512038907747,100000
jaou7_7705c,0.4493318653178616,10.538475807795534,0.07081394290875663,100000
jaou7_7710c,0.4493318653178616,10.521427902889009,0.07076814472842627,100000
jaou7_7725c,0.4493318653178616,10.470419247885161,0.07063081662190439,100000
jaou7_5800p,0.4493318653178616,5.463513715063298,0.02815446257460763,100000
jaou7_5900p,0.4493318653178616,5.845264312580224,0.029286128124037206,100000
jaou7_6000p,0.4493318653178616,6.240986451372662,0.030421390386499773,100000
jaou7_6200p,0.4493318653178616,7.075504149839702,0.03269493495599483,100000
jaou7_6420p,0.4493318653178616,8.058653546510742,0.03519218527019644,100000
jaou7_6500p,0.4493318653178616,8.43190231225874,0.036099112530597124,100000
jaou7_6750p,0.4493318653178616,9.653450091051205,0.03891627578814953,100000
jaou7_6800p,0.4493318653178616,9.907210755925634,0.03947669305633994,100000
jaou7_6900p,0.4493318653178616,10.42406099746006,0.04059340771826616,100000
jaou7_7000p,0.4493318653178616,10.953882043894934,0.04170217062343145,100000
jaou7_7400p,0.4493318653178616,13.195007449844024,0.046052587323644464,100000
jaou7_7450p,0.4493318653178616,13.487940066893268,0.04658668192137986,100000
jaou7_7500p,0.4493318653178616,13.783490103207946,0.04711873144180309,100000
jaou7_6820c,0.4532197682348147,14.091312599454685,0.0797721777817575,100000
jaou7_6825c,0.4532197682348147,14.069201861019508,0.07972675617566562,100000
jaou7_6860c,0.4532197682348147,13.915287997037419,0.07940856152271564,100000
jaou7_6900c,0.4532197682348147,13.741350009365764,0.07904419716596114,100000
jaou7_6905c,0.4532197682348147,13.719749338279776,0.0789986092976908,100000
jaou7_6930c,0.4532197682348147,13.612234307837731,0.07877050412318347,100000
jaou7_7000c,0.4532197682348147,13.315525166321518,0.07813037484886136,100000
jaou7_7110c,0.4532197682348147,12.861543078999743,0.07712151934938104,100000
jaou7_7200c,0.4532197682348147,12.501018329632926,0.07629411106924314,100000
jaou7_7335c,0.4532197682348147,11.977771867017495,0.07505165319283108,100000
jaou7_7400c,0.4532197682348147,11.732854193251686,0.07445384052517146,100000
jaou7_7450c,0.4532197682348147,11.54769547945969,0.07399401958529833,100000
jaou7_7500c,0.4532197682348147,11.365107996572227,0.07353464743204977,100000
jaou7_7542c,0.4532197682348147,11.213789683083615,0.07314904129936661,100000
jaou7_7550c,0.4532197682348147,11.185184134706468,0.07307561511737018,100000
jaou7_7600c,0.4532197682348147,11.008028717877082,0.07261678836523182,100000
jaou7_7610c,0.4532197682348147,10.972908346838771,0.07252508262988987,100000
jaou7_7705c,0.4532197682348147,10.644315383473968,0.0716551038180739,100000
jaou7_7710c,0.4532197682348147,10.627278493452412,0.07160937215251005,100000
jaou7_7725c,0.4532197682348147,10.576306088100772,0.07147223641085432,100000
jaou7_5800p,0.4532197682348147,5.546328300769412,0.028433984293558,100000
jaou7_5900p,0.4532197682348147,5.93022921295192,0.02956708767053586,100000
jaou7_6000p,0.4532197682348147,6.3281514431874895,0.03070329459045301,100000
jaou7_6200p,0.4532197682348147,7.166789397535122,0.03297817729637679,100000
jaou7_6420p,0.4532197682348147,8.153772995907199,0.03547673371252891,100000
jaou7_6500p,0.4532197682348147,8.528339485713863,0.03638386967344227,100000
jaou7_6750p,0.4532197682348147,9.753394643501565,0.03920175924615617,100000
jaou7_6800p,0.4532197682348147,10.007777455099228,0.03976227115550975,100000
jaou7_6900p,0.4532197682348147,10.525810010826275,0.04087909965791941,100000
jaou7_7000p,0.4532197682348147,11.056723746636903,0.04198791524575553,100000
jaou7_7400p,0.4532197682348147,13.301007088986555,0.04633908172744419,100000
jaou7_7450p,0.4532197682348147,13.594217664621997,0.04687331398350278,100000
jaou7_7500p,0.4532197682348147,13.88999947116197,0.04740557757843987,100000
jaou7_6820c,0.45710767115176776,14.190625123166141,0.08060678188125875,100000
jaou7_6825c,0.45710767115176776,14.1685646609697,0.08056142511962848,100000
jaou7_6860c,0.45710767115176776,14.015084493167064,0.08024353299503491,100000
jaou7_6900c,0.45710767115176776,13.84161248291002,0.07987955030427535,100000
jaou7_6905c,0.45710767115176776,13.820069340572113,0.0798340101913463,100000
jaou7_6930c,0.45710767115176776,13.712851688948685,0.07960612279296803,100000
jaou7_7000c,0.45710767115176776,13.416876951219052,0.07896673439309135,100000
jaou7_7110c,0.45710767115176776,12.963973226260906,0.07795905387331019,100000
jaou7_7200c,0.45710767115176776,12.604200461022902,0.07713271129227761,100000
jaou7_7335c,0.45710767115176776,12.081891207009273,0.07589196022983036,100000
jaou7_7400c,0.45710767115176776,11.83735637479843,0.0752949888462552,100000
jaou7_7450c,0.45710767115176776,11.65247877869379,0.0748357945203994,100000
jaou7_7500c,0.45710767115176776,11.470125654492952,0.07437708553334674,100000
jaou7_7542c,0.45710767115176776,11.31900109711198,0.0739920123748978,100000
jaou7_7550c,0.45710767115176776,11.29043578939733,0.07391867961345108,100000
jaou7_7600c,0.45710767115176776,11.113484857069967,0.07346048655627528,100000
jaou7_7610c,0.45710767115176776,11.07839737863171,0.07336891512675298,100000
jaou7_7705c,0.45710767115176776,10.75011468078648,0.07250013814830424,100000
jaou7_7710c,0.45710767115176776,10.733090224870601,0.07245447163987709,100000
jaou7_7725c,0.45710767115176776,10.682154169856995,0.07231753040912155,100000
jaou7_5800p,0.45710767115176776,5.62926495690138,0.02871227345728328,100000
jaou7_5900p,0.45710767115176776,6.015311899368176,0.02984674254783507,100000
jaou7_6000p,0.45710767115176776,6.415407917804593,0.030983877005800103,100000
jaou7_6200p,0.45710767115176776,7.258149206613223,0.03326000809923553,100000
jaou7_6420p,0.45710767115176776,8.248913384568356,0.03575987295814285,100000
jaou7_6500p,0.45710767115176776,8.624777974476155,0.0366672289578327,100000
jaou7_6750p,0.45710767115176776,9.853320473018817,0.03948580587759699,100000
jaou7_6800p,0.45710767115176776,10.108318673574505,0.040046415821362626,100000
jaou7_6900p,0.45710767115176776,10.627526817898355,0.04116335220124378,100000
jaou7_7000p,0.45710767115176776,11.159529865062256,0.042272211113190516,100000
jaou7_7400p,0.45710767115176776,13.406963604061119,0.046624119201262616,100000
jaou7_7450p,0.45710767115176776,13.700455297383915,0.04715848106521776,100000
jaou7_7500p,0.45710767115176776,13.996471462610508,0.04769095312895151,100000
jaou7_6820c,0.4609955740687209,14.289885068146816,0.08144525869564186,100000
jaou7_6825c,0.4609955740687209,14.267887193713607,0.08139994493184845,100000
jaou7_6860c,0.4609955740687209,14.114845518642793,0.08108234571591103,100000
jaou7_6900c,0.4609955740687209,13.941837820439222,0.08071874651201429,100000
jaou7_6905c,0.4609955740687209,13.920354897611663,0.08067324936836509,100000
jaou7_6930c,0.4609955740687209,13.813428230165043,0.08044559023312964,100000
jaou7_7000c,0.4609955740687209,13.518187545347581,0.07980694233414923,100000
jaou7_7110c,0.4609955740687209,13.066349855745445,0.07880045748306942,100000
jaou7_7200c,0.4609955740687209,12.707327350236492,0.07797518498542015,100000
jaou7_7335c,0.4609955740687209,12.185952110449765,0.07673615125070869,100000
jaou7_7400c,0.4609955740687209,11.941808373240857,0.07614001215463699,100000
jaou7_7450c,0.4609955740687209,11.757206675809876,0.07568145640828766,100000
jaou7_7500c,0.4609955740687209,11.575094384466828,0.07522340493943167,100000
jaou7_7542c,0.4609955740687209,11.424166087658989,0.07483886511717486,100000
jaou7_7550c,0.4609955740687209,11.39564118199633,0.07476562638368152,100000
jaou7_7600c,0.4609955740687209,11.218893640500442,0.07430807433663406,100000
jaou7_7610c,0.4609955740687209,11.183841313589564,0.07421663499851446,100000
jaou7_7705c,0.4609955740687209,10.855872360574724,0.0733490673844652,100000
jaou7_7710c,0.4609955740687209,10.838862329465787,0.073303463816979,100000
jaou7_7725c,0.4609955740687209,10.787963602379802,0.07316671789561002,100000
jaou7_5800p,0.4609955740687209,5.712293680331692,0.028989378766342912,100000
jaou7_5900p,0.4609955740687209,6.1005140135416696,0.03012508259804455,100000
jaou7_6000p,0.4609955740687209,6.502754953904108,0.0312631342515487,100000
jaou7_6200p,0.4609955740687209,7.349584110167004,0.0335404241598191,100000
jaou7_6420p,0.4609955740687209,8.34408510326235,0.03604157927606912,100000
jaou7_6500p,0.4609955740687209,8.72123219813179,0.03694915699041488,100000
jaou7_6750p,0.4609955740687209,9.953232574608991,0.03976840570263342,100000
jaou7_6800p,0.4609955740687209,10.208830012660622,0.040329140826451136,100000
jaou7_6900p,0.4609955740687209,10.729220015380786,0.04144614630563919,100000
jaou7_7000p,0.4609955740687209,11.26230831914402,0.042555040735361045,100000
jaou7_7400p,0.4609955740687209,13.512883462456777,0.04690768470940171,100000
jaou7_7450p,0.4609955740687209,13.80665105445323,0.047442192174881784,100000
jaou7_7500p,0.4609955740687209,14.102908052537623,0.047974855619108844,100000
jaou7_6820c,0.46488347698567395,14.389123703173432,0.08228757321333811,100000
jaou7_6825c,0.46488347698567395,14.367198639374772,0.08224228434096896,100000
jaou7_6860c,0.46488347698567395,14.214572161635596,0.08192501779904977,100000
jaou7_6900c,0.46488347698567395,14.042025433338294,0.08156180685954838,100000
jaou7_6905c,0.46488347698567395,14.020598473748539,0.08151635993140231,100000
jaou7_6930c,0.46488347698567395,13.913969544643868,0.08128891696315373,100000
jaou7_7000c,0.46488347698567395,13.619460533981758,0.08065101278788867,100000
jaou7_7110c,0.46488347698567395,13.168673537875293,0.07964574950283419,100000
jaou7_7200c,0.46488347698567395,12.810404964993792,0.07882154272620892,100000
jaou7_7335c,0.46488347698567395,12.289953546801046,0.0775842481664542,100000
jaou7_7400c,0.46488347698567395,12.046209008615305,0.07698893256986095,100000
jaou7_7450c,0.46488347698567395,11.86187485609783,0.07653103214760822,100000
jaou7_7500c,0.46488347698567395,11.680015882775256,0.07607362318858277,100000
jaou7_7542c,0.46488347698567395,11.529284667631977,0.07568961958202397,100000
jaou7_7550c,0.46488347698567395,11.500798355049666,0.07561647847592207,100000
jaou7_7600c,0.46488347698567395,11.3242536480276,0.07515957380044276,100000
jaou7_7610c,0.46488347698567395,11.289237323982832,0.07506826644047769,100000
jaou7_7705c,0.46488347698567395,10.961589159636647,0.07420191012257726,100000
jaou7_7710c,0.46488347698567395,10.944592645414737,0.07415637155752353,100000
jaou7_7725c,0.46488347698567395,10.893732998596105,0.07401982054813222,100000
jaou7_5800p,0.46488347698567395,5.795418083842641,0.02926528416958303,100000
jaou7_5900p,0.46488347698567395,6.185819779720383,0.03040213348752148,100000
jaou7_6000p,0.46488347698567395,6.590185716276249,0.03154107522106026,100000
jaou7_6200p,0.46488347698567395,7.441095164004894,0.03381942066711749,100000
jaou7_6420p,0.46488347698567395,8.43927468302586,0.03632188369667909,100000
jaou7_6500p,0.46488347698567395,8.817697401278425,0.037229665870583094,100000
jaou7_6750p,0.46488347698567395,10.053131765373147,0.04004955916097582,100000
jaou7_6800p,0.46488347698567395,10.309310206962458,0.040610452120292406,100000
jaou7_6900p,0.46488347698567395,10.830889044590057,0.041727486588925604,100000
jaou7_7000p,0.46488347698567395,11.365062724088393,0.042836398024132395,100000
jaou7_7400p,0.46488347698567395,13.618765514141424,0.04718978507812904,100000
jaou7_7450p,0.46488347698567395,13.912800651051384,0.047724463212767146,100000
jaou7_7500p,0.46488347698567395,14.209310967156249,0.048257283260537555,100000
jaou7_6820c,0.46877137990262707,14.488337534296132,0.08313375165551631,100000
jaou7_6825c,0.46877137990262707,14.466467019873033,0.08308851946437687,100000
jaou7_6860c,0.46877137990262707,14.314262785352138,0.08277157228673558,100000
jaou7_6900c,0.46877137990262707,14.142176243405212,0.08240875004934378,100000
jaou7_6905c,0.46877137990262707,14.120814720090689,0.08236333693305717,100000
jaou7_6930c,0.46877137990262707,14.01447124822318,0.0821361307696331,100000
jaou7_7000c,0.46877137990262707,13.720682627542475,0.08149898860271455,100000
jaou7_7110c,0.46877137990262707,13.270947006814637,0.08049494585505292,100000
jaou7_7200c,0.46877137990262707,12.91341861316152,0.07967182889606222,100000
jaou7_7335c,0.46877137990262707,12.393897888791916,0.0784362676759614,100000
jaou7_7400c,0.46877137990262707,12.150557830964965,0.07784177123327961,100000
jaou7_7450c,0.46877137990262707,11.96648932045566,0.07738453278113296,100000
jaou7_7500c,0.46877137990262707,11.784880917105964,0.0769277747773787,100000
jaou7_7542c,0.46877137990262707,11.634355631165215,0.0765442978685559,100000
jaou7_7550c,0.46877137990262707,11.605906999487525,0.07647125659669968,100000
jaou7_7600c,0.46877137990262707,11.42956431527431,0.07601500592795256,100000
jaou7_7610c,0.46877137990262707,11.3945855950395,0.07592382928633333,100000
jaou7_7705c,0.46877137990262707,11.067263988633856,0.07505868785241751,100000
jaou7_7710c,0.46877137990262707,11.05027864403816,0.07501321845458139,100000
jaou7_7725c,0.46877137990262707,10.999463697186368,0.07487685622192863,100000
jaou7_5800p,0.46877137990262707,5.8786770253096705,0.029539904975720913,100000
jaou7_5900p,0.46877137990262707,6.271236242087827,0.030677874147330968,100000
jaou7_6000p,0.46877137990262707,6.6777282099315025,0.0318176370821757,100000
jaou7_6200p,0.46877137990262707,7.532672561840961,0.034097017509472693,100000
jaou7_6420p,0.46877137990262707,8.534471358261218,0.03660081126757594,100000
jaou7_6500p,0.46877137990262707,8.914173344552319,0.03750875691006915,100000
jaou7_6750p,0.46877137990262707,10.153009619189147,0.040329289868086454,100000
jaou7_6800p,0.46877137990262707,10.409750271694149,0.04089037512128346,100000
jaou7_6900p,0.46877137990262707,10.932534857578874,0.042007373639431765,100000
jaou7_7000p,0.46877137990262707,11.467779820571009,0.0431163215264227,100000
jaou7_7400p,0.46877137990262707,13.724609339412986,0.047470425011756474,100000
jaou7_7450p,0.46877137990262707,14.018910118331114,0.04800528004385663,100000
jaou7_7500p,0.46877137990262707,14.315671004408856,0.04853826641913175,100000
jaou7_6820c,0.47265928281958014,14.587507359134639,0.0839838479077604,100000
jaou7_6825c,0.47265928281958014,14.56569897338002,0.08393865903748626,100000
jaou7_6860c,0.47265928281958014,14.413907499272721,0.083622046657469,100000
jaou7_6900c,0.47265928281958014,14.242295667550065,0.08325958717962076,100000
jaou7_6905c,0.47265928281958014,14.22098596131792,0.08321423115182153,100000
jaou7_6930c,0.47265928281958014,14.114922547011131,0.08298727054330807,100000
jaou7_7000c,0.47265928281958014,13.821856933119008,0.08235088507353791,100000
jaou7_7110c,0.47265928281958014,13.37316601601054,0.08134807417007885,100000
jaou7_7200c,0.47265928281958014,13.016376960022534,0.08052605007257954,100000
jaou7_7335c,0.47265928281958014,12.497786172721916,0.07929222876394497,100000
jaou7_7400c,0.47265928281958014,12.25485526134099,0.07869854809926649,100000
jaou7_7450c,0.47265928281958014,12.071046673632786,0.07824198410899258,100000
jaou7_7500c,0.47265928281958014,11.889691653457858,0.07778587685659241,100000
jaou7_7542c,0.47265928281958014,11.739376873869121,0.077402923605787,100000
jaou7_7550c,0.47265928281958014,11.710964242990656,0.07732998551427663,100000
jaou7_7600c,0.47265928281958014,11.534827003381524,0.07687438897854167,100000
jaou7_7610c,0.47265928281958014,11.499884285339846,0.07678334658721651,100000
jaou7_7705c,0.47265928281958014,11.172894234681982,0.07591942449357426,100000
jaou7_7710c,0.47265928281958014,11.155923008276625,0.0758740206021804,100000
jaou7_7725c,0.47265928281958014,11.105155291121763,0.07573784553724865,100000
jaou7_5800p,0.47265928281958014,5.962035168201054,0.029813303784152024,100000
jaou7_5900p,0.47265928281958014,6.35678215178814,0.03095226123401514,100000
jaou7_6000p,0.47265928281958014,6.765378596682944,0.03209282388722032,100000
jaou7_6200p,0.47265928281958014,7.6242757381437825,0.03437330167924389,100000
jaou7_6420p,0.47265928281958014,8.629693877110123,0.03687831846380378,100000
jaou7_6500p,0.47265928281958014,9.010665316129879,0.03778641850999625,100000
jaou7_6750p,0.47265928281958014,10.25285289355474,0.040607633562269936,100000
jaou7_6800p,0.47265928281958014,10.510180471394062,0.04116883555720208,100000
jaou7_6900p,0.47265928281958014,11.03416290183672,0.04228579651445102,100000
jaou7_7000p,0.47265928281958014,11.570462746260533,0.043394806283117246,100000
jaou7_7400p,0.47265928281958014,13.830415389902,0.04774960667196645,100000
jaou7_7450p,0.47265928281958014,14.124976091621233,0.04828465587612815,100000
jaou7_7500p,0.47265928281958014,14.421990360873737,0.04881780190670256,100000
jaou7_6820c,0.4765471857365332,14.68664188750612,0.08483786725661326,100000
jaou7_6825c,0.4765471857365332,14.664895035215535,0.08479272261360325,100000
jaou7_6860c,0.4765471857365332,14.51351074160073,0.08447645376629928,100000
jaou7_6900c,0.4765471857365332,14.342372712634669,0.08411435775949491,100000
jaou7_6905c,0.4765471857365332,14.321126133304398,0.0840690393838903,100000
jaou7_6930c,0.4765471857365332,14.215328085852564,0.08384234899323681,100000
jaou7_7000c,0.4765471857365332,13.92299508497714,0.08320670337311198,100000
jaou7_7110c,0.4765471857365332,13.475331406473417,0.08220515383493252,100000
jaou7_7200c,0.4765471857365332,13.119277571356768,0.08138423100316779,100000
jaou7_7335c,0.4765471857365332,12.601617011394007,0.08015215441948019,100000
jaou7_7400c,0.4765471857365332,12.359100550954775,0.07955928510954682,100000
jaou7_7450c,0.4765471857365332,12.175548105022395,0.0791034049967947,100000
jaou7_7500c,0.4765471857365332,11.994451195603341,0.07864794534182701,100000
jaou7_7542c,0.4765471857365332,11.844348128524063,0.07826551780136383,100000
jaou7_7550c,0.4765471857365332,11.815970303695007,0.07819268548375279,100000
jaou7_7600c,0.4765471857365332,11.64003840320386,0.07773774841463174,100000
jaou7_7610c,0.4765471857365332,11.605133010967856,0.0776468393908233,100000
jaou7_7705c,0.4765471857365332,11.278479121906571,0.07678414144182463,100000
jaou7_7710c,0.4765471857365332,11.261522476930919,0.07673880304260096,100000
jaou7_7725c,0.4765471857365332,11.210803443027414,0.07660281506574902,100000
jaou7_5800p,0.4765471857365332,6.045519680816244,0.030085418949283405,100000
jaou7_5900p,0.4765471857365332,6.442437711171953,0.031225329935416275,100000
jaou7_6000p,0.4765471857365332,6.853124093004074,0.03236665826772,100000
jaou7_6200p,0.4765471857365332,7.7159382903414695,0.034648196945011284,100000
jaou7_6420p,0.4765471857365332,8.724941430445037,0.03715440764442185,100000
jaou7_6500p,0.4765471857365332,9.107166690722343,0.038062667419368465,100000
jaou7_6750p,0.4765471857365332,10.35267131762616,0.040884568208327254,100000
jaou7_6800p,0.4765471857365332,10.610602118083364,0.04144583302971229,100000
jaou7_6900p,0.4765471857365332,11.13576221513092,0.04256278679947097,100000
jaou7_7000p,0.4765471857365332,11.673123166328262,0.04367182462454711,100000
jaou7_7400p,0.4765471857365332,13.936182947725383,0.048027335599638635,100000
jaou7_7450p,0.4765471857365332,14.230999791220437,0.04856259053719925,100000
jaou7_7500p,0.4765471857365332,14.528272171228819,0.049095883718681115,100000
jaou7_6820c,0.4804350886534863,14.785743056295663,0.08569582703382028,100000
jaou7_6825c,0.4804350886534863,14.764055660287422,0.08565073007458938,100000
jaou7_6860c,0.4804350886534863,14.613078227168057,0.08533480449599178,100000
jaou7_6900c,0.4804350886534863,14.442415265539445,0.08497306907422436,100000
jaou7_6905c,0.4804350886534863,14.42122333200287,0.08492780273851762,100000
jaou7_6930c,0.4804350886534863,14.315688775988216,0.08470138536142423,100000
jaou7_7000c,0.4804350886534863,14.024075769123423,0.0840665000926066,100000
jaou7_7110c,0.4804350886534863,13.57744931115423,0.08306619576678359,100000
jaou7_7200c,0.4804350886534863,13.22212609358853,0.08224638357638485,100000
jaou7_7335c,0.4804350886534863,12.705389612373807,0.08101606686466248,100000
jaou7_7400c,0.4804350886534863,12.46329092110131,0.08042400752828398,100000
jaou7_7450c,0.4804350886534863,12.27999023586293,0.07996882153239353,100000
jaou7_7500c,0.4804350886534863,12.09915928935004,0.07951400145131021,100000
jaou7_7542c,0.4804350886534863,11.949265674147385,0.07913210686395726,100000
jaou7_7550c,0.4804350886534863,11.920923165264345,0.0790593803095225,100000
jaou7_7600c,0.4804350886534863,11.745200161674491,0.07860510243854328,100000
jaou7_7610c,0.4804350886534863,11.710332645541788,0.0785143270433129,100000
jaou7_7705c,0.4804350886534863,11.384019577494362,0.07765285777288335,100000
jaou7_7710c,0.4804350886534863,11.367078209084081,0.0776075845056369,100000
jaou7_7725c,0.4804350886534863,11.316405950311873,0.0774717884238758,100000
jaou7_5800p,0.4804350886534863,6.129125607595172,0.030356254014698707,100000
jaou7_5900p,0.4804350886534863,6.528193841567915,0.03149709381234838,100000
jaou7_6000p,0.4804350886534863,6.940961109264195,0.03263914432251602,100000
jaou7_6200p,0.4804350886534863,7.807623572247322,0.03492178288223056,100000
jaou7_6420p,0.4804350886534863,8.820215295878086,0.03742907634854728,100000
jaou7_6500p,0.4804350886534863,9.203683563014543,0.03833749012340601,100000
jaou7_6750p,0.4804350886534863,10.452458252385506,0.041160113103609425,100000
jaou7_6800p,0.4804350886534863,10.710992857652647,0.04172142732802692,100000
jaou7_6900p,0.4804350886534863,11.237340715575026,0.04283832700164232,100000
jaou7_7000p,0.4804350886534863,11.775739798013875,0.043947436774612936,100000
jaou7_7400p,0.4804350886534863,14.041909265411249,0.04830362320870983,100000
jaou7_7450p,0.4804350886534863,14.336977869600307,0.04883909719730761,100000
jaou7_7500p,0.4804350886534863,14.634516212514852,0.04937251577043262,100000
jaou7_6820c,0.48432299157043934,14.884808506274998,0.08655775219213735,100000
jaou7_6825c,0.48432299157043934,14.86317763103151,0.08651270783042952,100000
jaou7_6860c,0.48432299157043934,14.71260418261639,0.08619712967047714,100000
jaou7_6900c,0.48432299157043934,14.542409799407618,0.08583576512056472,100000
jaou7_6905c,0.48432299157043934,14.521267686052095,0.08579055894190717,100000
jaou7_6930c,0.48432299157043934,14.415990654986441,0.08556442423985854,100000
jaou7_7000c,0.48432299157043934,14.125114210288766,0.08493027087619279,100000
jaou7_7110c,0.48432299157043934,13.679517397256783,0.08393122494342378,100000
jaou7_7200c,0.48432299157043934,13.324926816833603,0.08311252207359371,100000
jaou7_7335c,0.48432299157043934,12.80910407673228,0.08188398707927581,100000
jaou7_7400c,0.48432299157043934,12.567423979816734,0.08129274018328164,100000
jaou7_7450c,0.48432299157043934,12.384375837991172,0.0808382505170137,100000
jaou7_7500c,0.48432299157043934,12.203808105572143,0.08038407812243939,100000
jaou7_7542c,0.48432299157043934,12.054131292598202,0.08000270905430264,100000
jaou7_7550c,0.48432299157043934,12.025824384637692,0.0799300885848429,100000
jaou7_7600c,0.48432299157043934,11.850308468763084,0.07947647760256772,100000
jaou7_7610c,0.48432299157043934,11.8154850571079,0.0793858276030767,100000
jaou7_7705c,0.48432299157043934,11.489513972253967,0.07852559651721416,100000
jaou7_7710c,0.48432299157043934,11.472588745985842,0.07848038775683151,100000
jaou7_7725c,0.48432299157043934,11.421964136927729,0.07834478425951376,100000
jaou7_5800p,0.48432299157043934,6.21284169199483,0.03062582515178624,100000
jaou7_5900p,0.48432299157043934,6.614039046058273,0.031767571380723704,100000
jaou7_6000p,0.48432299157043934,7.028872866256611,0.03291031356600441,100000
jaou7_6200p,0.48432299157043934,7.899329142169217,0.035194063132187293,100000
jaou7_6420p,0.48432299157043934,8.915485467477886,0.037702395487282186,100000
jaou7_6500p,0.48432299157043934,9.300192584758259,0.038610943698299593,100000
jaou7_6750p,0.48432299157043934,10.552214280828485,0.04143426934896277,100000
jaou7_6800p,0.48432299157043934,10.811361825301518,0.041995597820971384,100000
jaou7_6900p,0.48432299157043934,11.338884907874474,0.043112455577000185,100000
jaou7_7000p,0.48432299157043934,11.878327897610491,0.04422160521000235,100000
jaou7_7400p,0.48432299157043934,14.147591982557946,0.04857847977830744,100000
jaou7_7450p,0.48432299157043934,14.44291313015982,0.04911417097607296,100000
jaou7_7500p,0.48432299157043934,14.740714687168229,0.04964772438699925,100000
jaou7_6820c,0.48821089448739247,14.98382784804548,0.08742368163215244,100000
jaou7_6825c,0.48821089448739247,14.962253763709175,0.0873786892841156,100000
jaou7_6860c,0.48821089448739247,14.81210489848196,0.08706342257359176,100000
jaou7_6900c,0.48821089448739247,14.642355535345137,0.08670246835790461,100000
jaou7_6905c,0.48821089448739247,14.621268505412488,0.08665731333174806,100000
jaou7_6930c,0.48821089448739247,14.516240875473903,0.08643147466998222,100000
jaou7_7000c,0.48821089448739247,14.22610943890189,0.08579803859327377,100000
jaou7_7110c,0.48821089448739247,13.781529196093631,0.0848002732163831,100000
jaou7_7200c,0.48821089448739247,13.427677557347291,0.08398267137122986,100000
jaou7_7335c,0.48821089448739247,12.912761770262001,0.08275593424704612,100000
jaou7_7400c,0.48821089448739247,12.671495898339753,0.08216551027293857,100000
jaou7_7450c,0.48821089448739247,12.488711683675565,0.08171170280852193,100000
jaou7_7500c,0.48821089448739247,12.308404059970915,0.0812581867869841,100000
jaou7_7542c,0.48821089448739247,12.1589419605438,0.08087735006521056,100000
jaou7_7550c,0.48821089448739247,12.130674548054477,0.08080483055301627,100000
jaou7_7600c,0.48821089448739247,11.95536607812413,0.08035189083399838,100000
jaou7_7610c,0.48821089448739247,11.920588592115287,0.08026136456676913,100000
jaou7_7705c,0.48821089448739247,11.594962043889485,0.07940237888333564,100000
jaou7_7710c,0.48821089448739247,11.578056605167747,0.07935722993592288,100000
jaou7_7725c,0.48821089448739247,11.527477526246773,0.07922182404771044,100000
jaou7_5800p,0.48821089448739247,6.296673536123117,0.030894115011515965,100000
jaou7_5900p,0.48821089448739247,6.699964740578013,0.03203677563630658,100000
jaou7_6000p,0.48821089448739247,7.116850722979493,0.033180180992356444,100000
jaou7_6200p,0.48821089448739247,7.991065190176597,0.035465013106256535,100000
jaou7_6420p,0.48821089448739247,9.010776448781327,0.03797430777648081,100000
jaou7_6500p,0.48821089448739247,9.396700207223628,0.03888301366958383,100000
jaou7_6750p,0.48821089448739247,10.651929416917413,0.0417070647899473,100000
jaou7_6800p,0.48821089448739247,10.911711403688779,0.04226834112737421,100000
jaou7_6900p,0.48821089448739247,11.440394045027974,0.04338517753189,100000
jaou7_7000p,0.48821089448739247,11.9808865274396,0.04449433582038982,100000
jaou7_7400p,0.48821089448739247,14.25322730229695,0.04885191978583188,100000
jaou7_7450p,0.48821089448739247,14.548812377060196,0.04938779520999363,100000
jaou7_7500p,0.48821089448739247,14.846874042782979,0.04992149366756006,100000
jaou7_6820c,0.4920987974043456,15.082804803181165,0.08829363016410349,100000
jaou7_6825c,0.4920987974043456,15.061290727977235,0.08824868420971312,100000
jaou7_6860c,0.4920987974043456,14.911559274352802,0.08793374047373147,100000
jaou7_6900c,0.4920987974043456,14.74225743202324,0.087573191692761,100000
jaou7_6905c,0.4920987974043456,14.72122073273648,0.08752809575482515,100000
jaou7_6930c,0.4920987974043456,14.616449336669712,0.08730254136446335,100000
jaou7_7000c,0.4920987974043456,14.327053573413968,0.0866698377444121,100000
jaou7_7110c,0.4920987974043456,13.883470719296984,0.08567338481515108,100000
jaou7_7200c,0.4920987974043456,13.530367905528834,0.08485686965524511,100000
jaou7_7335c,0.4920987974043456,13.016360732054329,0.08363193293230074,100000
jaou7_7400c,0.4920987974043456,12.775505317534526,0.08304234133731675,100000
jaou7_7450c,0.4920987974043456,12.592989797322874,0.08258921204338801,100000
jaou7_7500c,0.4920987974043456,12.41294552455794,0.08213635128665325,100000
jaou7_7542c,0.4920987974043456,12.263699900277471,0.0817560478664899,100000
jaou7_7550c,0.4920987974043456,12.235471559202107,0.08168363067467345,100000
jaou7_7600c,0.4920987974043456,12.06037389943135,0.08123136201100924,100000
jaou7_7610c,0.4920987974043456,12.025640770637542,0.08114096283660362,100000
jaou7_7705c,0.4920987974043456,11.700365192678573,0.08028322385170533,100000
jaou7_7710c,0.4920987974043456,11.683479938327382,0.08023813476083866,100000
jaou7_7725c,0.4920987974043456,11.632945330502078,0.08010292991252335,100000
jaou7_5800p,0.4920987974043456,6.380590010538591,0.031161180718239676,100000
jaou7_5900p,0.4920987974043456,6.785985631046451,0.03230467095031732,100000
jaou7_6000p,0.4920987974043456,7.204908794972876,0.03344871266245384,100000
jaou7_6200p,0.4920987974043456,8.08283338250635,0.03573462772100601,100000
jaou7_6420p,0.4920987974043456,9.106076141334746,0.038244842513937935,100000
jaou7_6500p,0.4920987974043456,9.49320278532882,0.03915370998817529,100000
jaou7_6750p,0.4920987974043456,10.751635859079636,0.04197841980691773,100000
jaou7_6800p,0.4920987974043456,11.012039031308003,0.042539666614896304,100000
jaou7_6900p,0.4920987974043456,11.541873117931555,0.043656482845324224,100000
jaou7_7000p,0.4920987974043456,12.083407838177155,0.04476565308208499,100000
jaou7_7400p,0.4920987974043456,14.358813897717196,0.04912395051575005,100000
jaou7_7450p,0.4920987974043456,14.654667666932978,0.04965999657602235,100000
jaou7_7500p,0.4920987974043456,14.952992683595483,0.05019383155643919,100000
jaou7_6820c,0.49598670032129866,15.181744533914742,0.08916761036241744,100000
jaou7_6825c,0.49598670032129866,15.160288371721535,0.08912271427091333,100000
jaou7_6860c,0.49598670032129866,15.01098305178874,0.0888080781092567,100000
jaou7_6900c,0.49598670032129866,14.842102615822782,0.0884479782880878,100000
jaou7_6905c,0.49598670032129866,14.821114384794896,0.08840294451266312,100000
jaou7_6930c,0.49598670032129866,14.716620655971603,0.08817763813074236,100000
jaou7_7000c,0.49598670032129866,14.427934290011313,0.087545710320763,100000
jaou7_7110c,0.49598670032129866,13.985354086068742,0.08655056168704411,100000
jaou7_7200c,0.49598670032129866,13.633000017828188,0.0857351351783104,100000
jaou7_7335c,0.49598670032129866,13.119906240029154,0.0845119965849627,100000
jaou7_7400c,0.49598670032129866,12.879455643364675,0.08392324975160269,100000
jaou7_7450c,0.49598670032129866,12.69720904969139,0.08347080154901394,100000
jaou7_7500c,0.49598670032129866,12.517436998432077,0.08301858638359852,100000
jaou7_7542c,0.49598670032129866,12.368405279143547,0.0826388237099781,100000
jaou7_7550c,0.49598670032129866,12.340215441835598,0.08256651040534631,100000
jaou7_7600c,0.49598670032129866,12.16533165899626,0.08211491295917155,100000
jaou7_7610c,0.49598670032129866,12.13064413087559,0.08202464004735215,100000
jaou7_7705c,0.49598670032129866,11.805724211676132,0.08116815148892097,100000
jaou7_7710c,0.49598670032129866,11.788852474379004,0.08112313257249694,100000
jaou7_7725c,0.49598670032129866,11.73836757774806,0.08098812298450399,100000
jaou7_5800p,0.49598670032129866,6.464641120126722,0.03142691474357062,100000
jaou7_5900p,0.49598670032129866,6.872118488249795,0.032571218237142915,100000
jaou7_6000p,0.49598670032129866,7.293034991484741,0.03371593145016239,100000
jaou7_6200p,0.49598670032129866,8.174631526208193,0.0360029106261573,100000
jaou7_6420p,0.49598670032129866,9.201389413829672,0.03851398878893072,100000
jaou7_6500p,0.49598670032129866,9.589707069611528,0.039423017514867084,100000
jaou7_6750p,0.49598670032129866,10.851332953527711,0.04224833887317793,100000
jaou7_6800p,0.49598670032129866,11.112334520744241,0.04280960342423997,100000
jaou7_6900p,0.49598670032129866,11.643309285524385,0.04392640854475258,100000
jaou7_7000p,0.49598670032129866,12.185879538567788,0.0450355934039212,100000
jaou7_7400p,0.49598670032129866,14.464355207340633,0.04939456532495971,100000
jaou7_7450p,0.49598670032129866,14.760477903094783,0.04993078159193393,100000
jaou7_7500p,0.49598670032129866,15.059075141262905,0.050464727732581594,100000
jaou7_6820c,0.4998746032382517,15.280643546058608,0.09004564979706961,100000
jaou7_6825c,0.4998746032382517,15.259251505810754,0.09000079293447782,100000
jaou7_6860c,0.4998746032382517,15.110361236929926,0.08968648254181141,100000
jaou7_6900c,0.4998746032382517,14.941893956830382,0.0893268449757064,100000
jaou7_6905c,0.4998746032382517,14.92095700630554,0.08928186856954128,100000
jaou7_6930c,0.4998746032382517,14.81673975906856,0.08905681190317889,100000
jaou7_7000c,0.4998746032382517,14.528758029898826,0.08842566741481733,100000
jaou7_7110c,0.4998746032382517,14.087186611503752,0.08743181384137393,100000
jaou7_7200c,0.4998746032382517,13.735567899272999,0.08661749932443882,100000
jaou7_7335c,0.4998746032382517,13.22338815204782,0.08539616282895797,100000
jaou7_7400c,0.4998746032382517,12.983338083042923,0.08480827082775709,100000
jaou7_7450c,0.4998746032382517,12.801373251590705,0.08435648730001671,100000
jaou7_7500c,0.4998746032382517,12.62187435816475,0.083904920046583,100000
jaou7_7542c,0.4998746032382517,12.473055946690259,0.0835257025073605,100000
jaou7_7550c,0.4998746032382517,12.444902434083499,0.08345349704209512,100000
jaou7_7600c,0.4998746032382517,12.270236598917846,0.08300256937412373,100000
jaou7_7610c,0.4998746032382517,12.235589831780297,0.08291243086802763,100000
jaou7_7705c,0.4998746032382517,11.911033053779011,0.08205719200867095,100000
jaou7_7710c,0.4998746032382517,11.894175511366708,0.08201224287147911,100000
jaou7_7725c,0.4998746032382517,11.843741831800449,0.08187742816189297,100000
jaou7_5800p,0.4998746032382517,6.548804654639312,0.031691357793801056,100000
jaou7_5900p,0.4998746032382517,6.95834511238976,0.032836452141637204,100000
jaou7_6000p,0.4998746032382517,7.381231604265298,0.033981829375899,100000
jaou7_6200p,0.4998746032382517,8.266477509355875,0.03626982028440551,100000
jaou7_6420p,0.4998746032382517,9.296715082983365,0.03878175024886103,100000
jaou7_6500p,0.4998746032382517,9.686217946512755,0.039690925738417704,100000
jaou7_6750p,0.4998746032382517,10.950999924166174,0.04251687774325304,100000
jaou7_6800p,0.4998746032382517,11.212601178686283,0.04307814573217072,100000
jaou7_6900p,0.4998746032382517,11.744705450786366,0.044194949980652855,100000
jaou7_7000p,0.4998746032382517,12.288308102709681,0.045304142611651506,100000
jaou7_7400p,0.4998746032382517,14.569842471273262,0.04966379321445434,100000
jaou7_7450p,0.4998746032382517,14.866246929248481,0.050200142187019375,100000
jaou7_7500p,0.4998746032382517,15.16511732524996,0.050734197560551204,100000
