contract_id,sigma,model_price,pricing_se,n_paths
jaou7_6820c,0.34639500481310537,11.568602543608304,0.05871534253416083,100000
jaou7_6825c,0.34639500481310537,11.544373666424715,0.058669013989229045,100000
jaou7_6860c,0.34639500481310537,11.375944619076042,0.05834410870441375,100000
jaou7_6900c,0.34639500481310537,11.185984889523336,0.0579714978241611,100000
jaou7_6905c,0.34639500481310537,11.162426064411749,0.05792483457653197,100000
jaou7_6930c,0.34639500481310537,11.04524079287009,0.05769125958475176,100000
jaou7_7000c,0.34639500481310537,10.722458128564062,0.057035175299561605,100000
jaou7_7110c,0.34639500481310537,10.230429831697986,0.055999921727393355,100000
jaou7_7200c,0.34639500481310537,9.842156312052385,0.05514883859300125,100000
jaou7_7335c,0.34639500481310537,9.284023854468467,0.053866317510449555,100000
jaou7_7400c,0.34639500481310537,9.02530140264165,0.05324737633287642,100000
jaou7_7450c,0.34639500481310537,8.830562680725453,0.05277103846698828,100000
jaou7_7500c,0.34639500481310537,8.639376976488183,0.05229486094069027,100000
jaou7_7542c,0.34639500481310537,8.481381609569281,0.05189529239207731,100000
jaou7_7550c,0.34639500481310537,8.451571989685965,0.051819205992702774,100000
jaou7_7600c,0.34639500481310537,8.267359618008854,0.051343792460467705,100000
jaou7_7610c,0.34639500481310537,8.230908748131966,0.05124880824125251,100000
jaou7_7705c,0.34639500481310537,7.891569551851388,0.05034753356526666,100000
jaou7_7710c,0.34639500481310537,7.874052523887544,0.050300163736652054,100000
jaou7_7725c,0.34639500481310537,7.82169274102906,0.05015811907187795,100000
jaou7_5800p,0.34639500481310537,3.2316802843373607,0.019944287147459466,100000
jaou7_5900p,0.34639500481310537,3.537763439574718,0.021016352598559294,100000
jaou7_6000p,0.34639500481310537,3.8607367188768675,0.022100509361557625,100000
jaou7_6200p,0.34639500481310537,4.557266807639798,0.024297991370447955,100000
jaou7_6420p,0.34639500481310537,5.401273362957812,0.026745474434937026,100000
jaou7_6500p,0.34639500481310537,5.728757343681122,0.027638823183334587,100000
jaou7_6750p,0.34639500481310537,6.823856623962842,0.03042632145414427,100000
jaou7_6800p,0.34639500481310537,7.055189300486222,0.03098280784113156,100000
jaou7_6900p,0.34639500481310537,7.53038011942589,0.032092263420465915,100000
jaou7_7000p,0.34639500481310537,8.022005944398586,0.033196057920124554,100000
jaou7_7400p,0.34639500481310537,10.145459562204042,0.03753266757205561,100000
jaou7_7450p,0.34639500481310537,10.42829713325383,0.0380626272703202,100000
jaou7_7500p,0.34639500481310537,10.714687721982543,0.03858994195583895,100000
jaou7_6820c,0.3501899784672907,11.665774019204877,0.0594344150808762,100000
jaou7_6825c,0.3501899784672907,11.641629286608616,0.05938809721973397,100000
jaou7_6860c,0.3501899784672907,11.473728267810664,0.05906337554688622,100000
jaou7_6900c,0.3501899784672907,11.284360948671642,0.05869097165048949,100000
jaou7_6905c,0.3501899784672907,11.26087266381752,0.058644339214351984,100000
jaou7_6930c,0.3501899784672907,11.144032911294014,0.05841092561422331,100000
jaou7_7000c,0.3501899784672907,10.82212698968383,0.057755406294509884,100000
jaou7_7110c,0.3501899784672907,10.331304884017069,0.05672117176396332,100000
jaou7_7200c,0.3501899784672907,9.94393620847905,0.05587088393353534,100000
jaou7_7335c,0.3501899784672907,9.386849942696104,0.05458976332784613,100000
jaou7_7400c,0.3501899784672907,9.12851466967399,0.053971541527936324,100000
jaou7_7450c,0.3501899784672907,8.934022351972589,0.05349577192269011,100000
jaou7_7500c,0.3501899784672907,8.743030625839245,0.05302018580245078,100000
jaou7_7542c,0.3501899784672907,8.585174084950351,0.052621103074765065,100000
jaou7_7550c,0.3501899784672907,8.55538829431732,0.05254510815212146,100000
jaou7_7600c,0.3501899784672907,8.371299537762681,0.05207026823257407,100000
jaou7_7610c,0.3501899784672907,8.334867193580363,0.051975400568252436,100000
jaou7_7705c,0.3501899784672907,7.995651090103852,0.05107517929670782,100000
jaou7_7710c,0.3501899784672907,7.978136466615349,0.051027864356417166,100000
jaou7_7725c,0.3501899784672907,7.925781878243756,0.05088598325878155,100000
jaou7_5800p,0.3501899784672907,3.305907724748407,0.020248374467011672,100000
jaou7_5900p,0.3501899784672907,3.6149702748993087,0.021323356635577682,100000
jaou7_6000p,0.3501899784672907,3.9407946050424263,0.022410040022407433,100000
jaou7_6200p,0.3501899784672907,4.6426625960057155,0.024611409459401688,100000
jaou7_6420p,0.3501899784672907,5.491884653302776,0.02706169419913284,100000
jaou7_6500p,0.3501899784672907,5.82115833939114,0.027955606980087387,100000
jaou7_6750p,0.3501899784672907,6.920971998999949,0.0307445600931804,100000
jaou7_6800p,0.3501899784672907,7.153100903424688,0.03130127009685432,100000
jaou7_6900p,0.3501899784672907,7.629822019527415,0.03241095284371799,100000
jaou7_7000p,0.3501899784672907,8.122740646471568,0.03351506224039402,100000
jaou7_7400p,0.3501899784672907,10.249738670189597,0.03785269799870469,100000
jaou7_7450p,0.3501899784672907,10.532822645454178,0.038382869320918646,100000
jaou7_7500p,0.3501899784672907,10.81940721228682,0.03891045304625343,100000
jaou7_6820c,0.35398495212147607,11.762954303903898,0.06015661014954224,100000
jaou7_6825c,0.35398495212147607,11.738877570042238,0.060110333947472616,100000
jaou7_6860c,0.35398495212147607,11.571516804558863,0.0597857676458693,100000
jaou7_6900c,0.35398495212147607,11.382724099785094,0.05941360041490743,100000
jaou7_6905c,0.35398495212147607,11.35930717462045,0.059366996655405936,100000
jaou7_6930c,0.35398495212147607,11.24281660998867,0.059133734728814266,100000
jaou7_7000c,0.35398495212147607,10.92176782021648,0.0584788109036032,100000
jaou7_7110c,0.35398495212147607,10.43214486080335,0.05744560128738075,100000
jaou7_7200c,0.35398495212147607,10.045675579377765,0.05659611635237957,100000
jaou7_7335c,0.35398495212147607,9.489635109745132,0.05531640050576511,100000
jaou7_7400c,0.35398495212147607,9.231689426746756,0.054698898941314716,100000
jaou7_7450c,0.35398495212147607,9.037444923065731,0.05422370057432422,100000
jaou7_7500c,0.35398495212147607,8.846649293265363,0.05374870904027931,100000
jaou7_7542c,0.35398495212147607,8.688935248117675,0.05335011284403845,100000
jaou7_7550c,0.35398495212147607,8.659175378689316,0.05327420738966406,100000
jaou7_7600c,0.35398495212147607,8.475214074222816,0.05279994447215273,100000
jaou7_7610c,0.35398495212147607,8.438800886791588,0.052705194442215386,100000
jaou7_7705c,0.35398495212147607,8.09971985740068,0.051806030544340985,100000
jaou7_7710c,0.35398495212147607,8.082208279188682,0.05175877084974369,100000
jaou7_7725c,0.35398495212147607,8.02986089377965,0.0516170543596495,100000
jaou7_5800p,0.35398495212147607,3.380443161187748,0.02055143157842642,100000
jaou7_5900p,0.35398495212147607,3.6924467251016573,0.021629243343643457,100000
jaou7_6000p,0.35398495212147607,4.021094176867025,0.0227183597560723,100000
jaou7_6200p,0.35398495212147607,4.7281993549869945,0.02492355167264886,100000
jaou7_6420p,0.35398495212147607,5.582601193343742,0.027376486709210775,100000
jaou7_6500p,0.35398495212147607,5.913634661073321,0.028270958446952276,100000
jaou7_6750p,0.35398495212147607,7.018101455944226,0.031061330463118625,100000
jaou7_6800p,0.35398495212147607,7.251034903047048,0.03161821893953433,100000
jaou7_6900p,0.35398495212147607,7.729263212869402,0.03272813788453099,100000
jaou7_7000p,0.35398495212147607,8.223459519232756,0.03383256321937736,100000
jaou7_7400p,0.35398495212147607,10.353991469490904,0.03817120116992545,100000
jaou7_7450p,0.35398495212147607,10.63732325877586,0.03870158317386972,100000
jaou7_7500p,0.35398495212147607,10.924103921941475,0.039229434815331136,100000
jaou7_6820c,0.3577799257756614,11.860121810402223,0.060881983738682754,100000
jaou7_6825c,0.3577799257756614,11.836124754954595,0.060835725748029715,100000
jaou7_6860c,0.3577799257756614,11.669303490640134,0.06051131195906962,100000
jaou7_6900c,0.3577799257756614,11.481076539407894,0.06013939397274098,100000
jaou7_6905c,0.3577799257756614,11.457723667927391,0.06009283232015563,100000
jaou7_6930c,0.3577799257756614,11.341578458001754,0.059859726719072796,100000
jaou7_7000c,0.3577799257756614,11.021379774357875,0.059205405160893385,100000
jaou7_7110c,0.3577799257756614,10.532950174487974,0.05817322440504578,100000
jaou7_7200c,0.3577799257756614,10.147374397921778,0.05732455090544589,100000
jaou7_7335c,0.3577799257756614,9.59237951190445,0.056046243823912635,100000
jaou7_7400c,0.3577799257756614,9.334821532214375,0.055429470536604956,100000
jaou7_7450c,0.3577799257756614,9.140828354047768,0.05495484268395791,100000
jaou7_7500c,0.3577799257756614,8.950231929405232,0.054480447078685254,100000
jaou7_7542c,0.3577799257756614,8.792664751064056,0.05408233680078833,100000
jaou7_7550c,0.3577799257756614,8.762930834654375,0.05400652212231992,100000
jaou7_7600c,0.3577799257756614,8.579102695534894,0.05353283628321323,100000
jaou7_7610c,0.3577799257756614,8.542709442368231,0.053438204673927556,100000
jaou7_7705c,0.3577799257756614,8.203774675545597,0.05254010271176487,100000
jaou7_7710c,0.3577799257756614,8.186266565399896,0.052492898919534584,100000
jaou7_7725c,0.3577799257756614,8.133928329598547,0.05235134804679336,100000
jaou7_5800p,0.3577799257756614,3.4552533621867756,0.020853484011546984,100000
jaou7_5900p,0.3577799257756614,3.770180882884321,0.021934008101840752,100000
jaou7_6000p,0.3577799257756614,4.10161927320408,0.023025477510138725,100000
jaou7_6200p,0.3577799257756614,4.813930091174806,0.025234304686766552,100000
jaou7_6420p,0.3577799257756614,5.673413675628129,0.027689864434912413,100000
jaou7_6500p,0.3577799257756614,6.006190898014896,0.028584863448768368,100000
jaou7_6750p,0.3577799257756614,7.115246963834872,0.031376628099271615,100000
jaou7_6800p,0.3577799257756614,7.348989192390502,0.03193366019760734,100000
jaou7_6900p,0.3577799257756614,7.828705915896417,0.03304381542680148,100000
jaou7_7000p,0.3577799257756614,8.324161736778363,0.03414856590193509,100000
jaou7_7400p,0.3577799257756614,10.458213838362731,0.03848819214550197,100000
jaou7_7450p,0.3577799257756614,10.741796953162106,0.03901877807908025,100000
jaou7_7500p,0.3577799257756614,11.028776821485557,0.03954689359898987,100000
jaou7_6820c,0.3615748994298468,11.957294879407762,0.06161051390593624,100000
jaou7_6825c,0.3615748994298468,11.933377150561483,0.06156427420270121,100000
jaou7_6860c,0.3615748994298468,11.767082652168074,0.06124003355367015,100000
jaou7_6900c,0.3615748994298468,11.579409845243092,0.060868382674445075,100000
jaou7_6905c,0.3615748994298468,11.556129691862921,0.06082184607806733,100000
jaou7_6930c,0.3615748994298468,11.44031395923208,0.060588924431769324,100000
jaou7_7000c,0.3615748994298468,11.120948021500254,0.05993523127541189,100000
jaou7_7110c,0.3615748994298468,10.63372019987347,0.058904057188405294,100000
jaou7_7200c,0.3615748994298468,10.249033685125875,0.058056200894899525,100000
jaou7_7335c,0.3615748994298468,9.695083305864467,0.05677930818635373,100000
jaou7_7400c,0.3615748994298468,9.437912405505378,0.056163269002663906,100000
jaou7_7450c,0.3615748994298468,9.244175517137352,0.055689208449054936,100000
jaou7_7500c,0.3615748994298468,9.053778013544006,0.0552154156044874,100000
jaou7_7542c,0.3615748994298468,8.896361990025879,0.05481779060359745,100000
jaou7_7550c,0.3615748994298468,8.866656236973164,0.05474206443761382,100000
jaou7_7600c,0.3615748994298468,8.682963906081948,0.05426896046800029,100000
jaou7_7610c,0.3615748994298468,8.646591639420397,0.054174447566083986,100000
jaou7_7705c,0.3615748994298468,8.307814230980592,0.05327741159768791,100000
jaou7_7710c,0.3615748994298468,8.29031008999844,0.053230264202244144,100000
jaou7_7725c,0.3615748994298468,8.23798283253012,0.053088880019567235,100000
jaou7_5800p,0.3615748994298468,3.5303357537428255,0.02115450701304619,100000
jaou7_5900p,0.3615748994298468,3.8481854436644096,0.02223760638572281,100000
jaou7_6000p,0.3615748994298468,4.182352060701876,0.023331404589961118,100000
jaou7_6200p,0.3615748994298468,4.899837179159836,0.02554369054540679,100000
jaou7_6420p,0.3615748994298468,5.764322361854567,0.028001820268637484,100000
jaou7_6500p,0.3615748994298468,6.0988274423478055,0.028897316567585443,100000
jaou7_6750p,0.3615748994298468,7.212421664202493,0.031690423621268594,100000
jaou7_6800p,0.3615748994298468,7.446964661543601,0.03224759279873335,100000
jaou7_6900p,0.3615748994298468,7.92814172646705,0.03335800746419593,100000
jaou7_7000p,0.3615748994298468,8.424832488656184,0.034463109390675144,100000
jaou7_7400p,0.3615748994298468,10.562407216389175,0.03880367089304642,100000
jaou7_7450p,0.3615748994298468,10.846246620987129,0.03933444977765985,100000
jaou7_7500p,0.3615748994298468,11.133425410359767,0.03986283425750808,100000
jaou7_6820c,0.3653698730840321,12.054466630196478,0.062342228073029964,100000
jaou7_6825c,0.3653698730840321,12.030619860578605,0.062296022313099886,100000
jaou7_6860c,0.3653698730840321,11.864851038083405,0.061971952876062324,100000
jaou7_6900c,0.3653698730840321,11.67773554797721,0.06160055893167948,100000
jaou7_6905c,0.3653698730840321,11.654527111223512,0.06155404880312902,100000
jaou7_6930c,0.3653698730840321,11.539021706897994,0.06132134498775169,100000
jaou7_7000c,0.3653698730840321,11.220477120867116,0.06066829548779879,100000
jaou7_7110c,0.3653698730840321,10.734457894356813,0.05963810938754249,100000
jaou7_7200c,0.3653698730840321,10.35064875861323,0.05879108982564974,100000
jaou7_7335c,0.3653698730840321,9.797747123101809,0.05751560779853179,100000
jaou7_7400c,0.3653698730840321,9.540963491000282,0.05690030711581805,100000
jaou7_7450c,0.3653698730840321,9.347482368740348,0.05642681969850661,100000
jaou7_7500c,0.3653698730840321,9.157289030242405,0.055953627149661546,100000
jaou7_7542c,0.3653698730840321,9.000028536311596,0.05555648652037502,100000
jaou7_7550c,0.3653698730840321,8.970350319038326,0.055480851177396553,100000
jaou7_7600c,0.3653698730840321,8.786796239345115,0.055008333928368125,100000
jaou7_7610c,0.3653698730840321,8.750447331789763,0.054913937859251534,100000
jaou7_7705c,0.3653698730840321,8.411837022587832,0.05401797347289313,100000
jaou7_7710c,0.3653698730840321,8.3943374378853,0.05397088279655984,100000
jaou7_7725c,0.3653698730840321,8.34202308205107,0.05382966611365754,100000
jaou7_5800p,0.3653698730840321,3.6057367433146132,0.021454397783316922,100000
jaou7_5900p,0.3653698730840321,3.9264424988048945,0.02254004693852914,100000
jaou7_6000p,0.3653698730840321,4.263301949682479,0.02363610571794808,100000
jaou7_6200p,0.3653698730840321,4.985903096978127,0.025851730922927568,100000
jaou7_6420p,0.3653698730840321,5.8553563719566775,0.0283122890577369,100000
jaou7_6500p,0.3653698730840321,6.191538580463609,0.02920832581798696,100000
jaou7_6750p,0.3653698730840321,7.309615147862921,0.032002741095812894,100000
jaou7_6800p,0.3653698730840321,7.544939937188567,0.03256006709218991,100000
jaou7_6900p,0.3653698730840321,8.027582195679766,0.03367068882567091,100000
jaou7_7000p,0.3653698730840321,8.525476354501642,0.03477618549982276,100000
jaou7_7400p,0.3653698730840321,10.666573068362675,0.03911763728484673,100000
jaou7_7450p,0.3653698730840321,10.950668239068724,0.03964861303437713,100000
jaou7_7500p,0.3653698730840321,11.238051193536768,0.040177256045517216,100000
jaou7_6820c,0.3691648467382174,12.151634984904412,0.06307714456013383,100000
jaou7_6825c,0.3691648467382174,12.127869999050152,0.06303095124986832,100000
jaou7_6860c,0.3691648467382174,11.96260536984701,0.06270709061694507,100000
jaou7_6900c,0.3691648467382174,11.77604813263169,0.06233594777331776,100000
jaou7_6905c,0.3691648467382174,11.752902203799014,0.06228948109740965,100000
jaou7_6930c,0.3691648467382174,11.637699401867678,0.06205700734915405,100000
jaou7_7000c,0.3691648467382174,11.319978935904116,0.06140459068906418,100000
jaou7_7110c,0.3691648467382174,10.835164585824273,0.06037539383071011,100000
jaou7_7200c,0.3691648467382174,10.45221813181851,0.059529235667991266,100000
jaou7_7335c,0.3691648467382174,9.90037009469244,0.05825515954997981,100000
jaou7_7400c,0.3691648467382174,9.643974889247916,0.057640600052152866,100000
jaou7_7450c,0.3691648467382174,9.450750455384956,0.057167689104007935,100000
jaou7_7500c,0.3691648467382174,9.260763852568523,0.05669509866572229,100000
jaou7_7542c,0.3691648467382174,9.103661106058537,0.056298444837242154,100000
jaou7_7550c,0.3691648467382174,9.074012264374563,0.056222898593906015,100000
jaou7_7600c,0.3691648467382174,8.890598828032811,0.05575097275600588,100000
jaou7_7610c,0.3691648467382174,8.854274538457355,0.055656693371745315,100000
jaou7_7705c,0.3691648467382174,8.515841643176614,0.05476180463803787,100000
jaou7_7710c,0.3691648467382174,8.498347704686243,0.05471477018559434,100000
jaou7_7725c,0.3691648467382174,8.446047675035294,0.0545737224767556,100000
jaou7_5800p,0.3691648467382174,3.6814513564873534,0.021753141984127426,100000
jaou7_5900p,0.3691648467382174,4.004961273688466,0.022841293220214314,100000
jaou7_6000p,0.3691648467382174,4.3445000337592585,0.02393950810965707,100000
jaou7_6200p,0.3691648467382174,5.072076920342049,0.026158512448800176,100000
jaou7_6420p,0.3691648467382174,5.946489918648445,0.028621318903562034,100000
jaou7_6500p,0.3691648467382174,6.284336869553793,0.02951786113802407,100000
jaou7_6750p,0.3691648467382174,7.406819010963202,0.03231360020867238,100000
jaou7_6800p,0.3691648467382174,7.642932085249894,0.03287104471842577,100000
jaou7_6900p,0.3691648467382174,8.127021829225523,0.03398187491656562,100000
jaou7_7000p,0.3691648467382174,8.626105218429915,0.03508776821927363,100000
jaou7_7400p,0.3691648467382174,10.770711515501583,0.03943009480614584,100000
jaou7_7450p,0.3691648467382174,11.05506337460461,0.03996126719118076,100000
jaou7_7500p,0.3691648467382174,11.342653064754158,0.040490165500453874,100000
jaou7_6820c,0.3729598203924028,12.24880893424104,0.06381526039370086,100000
jaou7_6825c,0.3729598203924028,12.225116226538471,0.06376909731159433,100000
jaou7_6860c,0.3729598203924028,12.060347272490429,0.0634454582069646,100000
jaou7_6900c,0.3729598203924028,11.87433497848109,0.06307458779925001,100000
jaou7_6905c,0.3729598203924028,11.851249849078874,0.06302816731950182,100000
jaou7_6930c,0.3729598203924028,11.73635386928266,0.0627959134777131,100000
jaou7_7000c,0.3729598203924028,11.419458241190254,0.06214412309866674,100000
jaou7_7110c,0.3729598203924028,10.935833643830538,0.06111593777259996,100000
jaou7_7200c,0.3729598203924028,10.553745369907727,0.06027064761138009,100000
jaou7_7335c,0.3729598203924028,10.002955766955711,0.05899797295439545,100000
jaou7_7400c,0.3729598203924028,9.746949378798819,0.058384158620276995,100000
jaou7_7450c,0.3729598203924028,9.553980684672661,0.057911830534315145,100000
jaou7_7500c,0.3729598203924028,9.364201665315411,0.05743984672084826,100000
jaou7_7542c,0.3729598203924028,9.207259875756998,0.057043680369162145,100000
jaou7_7550c,0.3729598203924028,9.177642983210625,0.056968220291828076,100000
jaou7_7600c,0.3729598203924028,8.994370418745298,0.056496893807434445,100000
jaou7_7610c,0.3729598203924028,8.958073637030472,0.05640272831746853,100000
jaou7_7705c,0.3729598203924028,8.619827243395164,0.05550892070106919,100000
jaou7_7710c,0.3729598203924028,8.602339418057715,0.05546194291298206,100000
jaou7_7725c,0.3729598203924028,8.55005527981575,0.0553210653266813,100000
jaou7_5800p,0.3729598203924028,3.75743535802217,0.022050791321244247,100000
jaou7_5900p,0.3729598203924028,4.083699811373813,0.02314139875449169,100000
jaou7_6000p,0.3729598203924028,4.425890444961435,0.02424169675248406,100000
jaou7_6200p,0.3729598203924028,5.158363768992815,0.026464013710921712,100000
jaou7_6420p,0.3729598203924028,6.0377340825571535,0.02892888185403089,100000
jaou7_6500p,0.3729598203924028,6.3772313620939975,0.02982590003774404,100000
jaou7_6750p,0.3729598203924028,7.504043669099666,0.032622977677586935,100000
jaou7_6800p,0.3729598203924028,7.74093692304958,0.03318053675237981,100000
jaou7_6900p,0.3729598203924028,8.226448027307166,0.03429159807847686,100000
jaou7_7000p,0.3729598203924028,8.726723875948295,0.035397848924100736,100000
jaou7_7400p,0.3729598203924028,10.874825357284733,0.03974103962434588,100000
jaou7_7450p,0.3729598203924028,11.159432956124556,0.04027241332697182,100000
jaou7_7500p,0.3729598203924028,11.447230229733288,0.040801568290309946,100000
jaou7_6820c,0.3767547940465881,12.345974527070146,0.06455661701873779,100000
jaou7_6825c,0.3767547940465881,12.322356690724321,0.06451047868517208,100000
jaou7_6860c,0.3767547940465881,12.158072620398892,0.06418707818027745,100000
jaou7_6900c,0.3767547940465881,11.9725952513656,0.06381649539739392,100000
jaou7_6905c,0.3767547940465881,11.94956905632137,0.06377012414597026,100000
jaou7_6930c,0.3767547940465881,11.834990990021652,0.06353806730368937,100000
jaou7_7000c,0.3767547940465881,11.518911332804505,0.06288691476575617,100000
jaou7_7110c,0.3767547940465881,11.036462590577615,0.06185976113217433,100000
jaou7_7200c,0.3767547940465881,10.655237078932496,0.06101532970304507,100000
jaou7_7335c,0.3767547940465881,10.105498557503584,0.05974407313262754,100000
jaou7_7400c,0.3767547940465881,9.849882175773693,0.05913100641287389,100000
jaou7_7450c,0.3767547940465881,9.657170684607012,0.058659263400445284,100000
jaou7_7500c,0.3767547940465881,9.46760178923476,0.05818788779606407,100000
jaou7_7542c,0.3767547940465881,9.310825232612029,0.057792207730308284,100000
jaou7_7550c,0.3767547940465881,9.281239682202765,0.057716835991633166,100000
jaou7_7600c,0.3767547940465881,9.098110622676442,0.057246112708343316,100000
jaou7_7610c,0.3767547940465881,9.06184309633331,0.05715206009748348,100000
jaou7_7705c,0.3767547940465881,8.72379235068216,0.05625933841249811,100000
jaou7_7710c,0.3767547940465881,8.706311418807084,0.05621241721003445,100000
jaou7_7725c,0.3767547940465881,8.65404462830392,0.056071710961767066,100000
jaou7_5800p,0.3767547940465881,3.8336731020617516,0.022347349408649766,100000
jaou7_5900p,0.3767547940465881,4.162668804168102,0.023440324709175595,100000
jaou7_6000p,0.3767547940465881,4.5074596545146495,0.024542680173893668,100000
jaou7_6200p,0.3767547940465881,5.244785800594767,0.026768180935052555,100000
jaou7_6420p,0.3767547940465881,6.129054487974372,0.02923504496658007,100000
jaou7_6500p,0.3767547940465881,6.470188674621701,0.03013251081177213,100000
jaou7_6750p,0.3767547940465881,7.60129103024072,0.032930870023685235,100000
jaou7_6800p,0.3767547940465881,7.838947730520002,0.03348856011527359,100000
jaou7_6900p,0.3767547940465881,8.325859976953161,0.03459986258279282,100000
jaou7_7000p,0.3767547940465881,8.827328644324036,0.03570643975900717,100000
jaou7_7400p,0.3767547940465881,10.978909831021094,0.040050488533427804,100000
jaou7_7450p,0.3767547940465881,11.263774632820393,0.04058206158975232,100000
jaou7_7500p,0.3767547940465881,11.551782030414124,0.04111146969320154,100000
jaou7_6820c,0.3805497677007735,12.443133796366002,0.06530122526495574,100000
jaou7_6825c,0.3805497677007735,12.41958454678033,0.06525512319082011,100000
jaou7_6860c,0.3805497677007735,12.25578532659628,0.06493195801766377,100000
jaou7_6900c,0.3805497677007735,12.070823556209415,0.06456169564804638,100000
jaou7_6905c,0.3805497677007735,12.047858583196865,0.06451536891224728,100000
jaou7_6930c,0.3805497677007735,11.933593879965096,0.06428351542969876,100000
jaou7_7000c,0.3805497677007735,11.61833039399832,0.06363299535444222,100000
jaou7_7110c,0.3805497677007735,11.137057563661372,0.06260686853262436,100000
jaou7_7200c,0.3805497677007735,10.75668936644382,0.06176330449829089,100000
jaou7_7335c,0.3805497677007735,10.207994817898108,0.06049348202584791,100000
jaou7_7400c,0.3805497677007735,9.952775322395272,0.0598811557338428,100000
jaou7_7450c,0.3805497677007735,9.76031984052885,0.05941000433882254,100000
jaou7_7500c,0.3805497677007735,9.570963567974944,0.05893923846567159,100000
jaou7_7542c,0.3805497677007735,9.414355928845698,0.058544044317692986,100000
jaou7_7550c,0.3805497677007735,9.38480346459139,0.05846875927338479,100000
jaou7_7600c,0.3805497677007735,9.201819717378866,0.05799864417661851,100000
jaou7_7610c,0.3805497677007735,9.165581298193395,0.057904706397175536,100000
jaou7_7705c,0.3805497677007735,8.82773590682066,0.057013074050218396,100000
jaou7_7710c,0.3805497677007735,8.810262394906884,0.05696620971725004,100000
jaou7_7725c,0.3805497677007735,8.75801506331856,0.05682567491464099,100000
jaou7_5800p,0.3805497677007735,3.910156614797513,0.02264280752394433,100000
jaou7_5900p,0.3805497677007735,4.241852799927367,0.023738080786288324,100000
jaou7_6000p,0.3805497677007735,4.589208539032738,0.024842440456546183,100000
jaou7_6200p,0.3805497677007735,5.3313290008168455,0.027071032360883814,100000
jaou7_6420p,0.3805497677007735,6.220460762408848,0.02953978347492264,100000
jaou7_6500p,0.3805497677007735,6.563226391230703,0.030437652670528337,100000
jaou7_6750p,0.3805497677007735,7.698560606271161,0.033237279205350904,100000
jaou7_6800p,0.3805497677007735,7.936978121341424,0.03379508453911719,100000
jaou7_6900p,0.3805497677007735,8.425252304537182,0.034906683730562445,100000
jaou7_7000p,0.3805497677007735,8.927911728258053,0.03601356309281729,100000
jaou7_7400p,0.3805497677007735,11.082967000382872,0.04035843965213358,100000
jaou7_7450p,0.3805497677007735,11.368087811482432,0.040890217247623296,100000
jaou7_7500p,0.3805497677007735,11.65630783189451,0.04141987491989527,100000
jaou7_6820c,0.38434474135495883,12.540275763421324,0.06604912096968063,100000
jaou7_6825c,0.38434474135495883,12.516797635751479,0.06600304985546131,100000
jaou7_6860c,0.38434474135495883,12.353491862318371,0.06568010053532872,100000
jaou7_6900c,0.38434474135495883,12.169023439335,0.06531019702314018,100000
jaou7_6905c,0.38434474135495883,12.146125670176913,0.06526390323874733,100000
jaou7_6930c,0.38434474135495883,12.03217168860856,0.06503225609649252,100000
jaou7_7000c,0.38434474135495883,11.717706945127263,0.0643823958032909,100000
jaou7_7110c,0.38434474135495883,11.237620987775289,0.06335727140401397,100000
jaou7_7200c,0.38434474135495883,10.858103592803278,0.06251458547908202,100000
jaou7_7335c,0.38434474135495883,10.31044190432786,0.06124621997995656,100000
jaou7_7400c,0.38434474135495883,10.055630505234863,0.06063461962739685,100000
jaou7_7450c,0.38434474135495883,9.86342773016604,0.06016406979870169,100000
jaou7_7500c,0.38434474135495883,9.674285121034382,0.05969391742276306,100000
jaou7_7542c,0.38434474135495883,9.517852807695139,0.05929920429957668,100000
jaou7_7550c,0.38434474135495883,9.48833200135422,0.059224009375985494,100000
jaou7_7600c,0.38434474135495883,9.305497609938254,0.05875450367404749,100000
jaou7_7610c,0.38434474135495883,9.269288026923157,0.058660682827197004,100000
jaou7_7705c,0.38434474135495883,8.931657082300283,0.05777014370863063,100000
jaou7_7710c,0.38434474135495883,8.914190942118733,0.057723337387566555,100000
jaou7_7725c,0.38434474135495883,8.861965723432602,0.057582973210685895,100000
jaou7_5800p,0.38434474135495883,3.986892761937785,0.022937133782993658,100000
jaou7_5900p,0.38434474135495883,4.321233766245113,0.02403468056352403,100000
jaou7_6000p,0.38434474135495883,4.6711725036039144,0.02514089866960393,100000
jaou7_6200p,0.38434474135495883,5.417995268431136,0.027372554645091637,100000
jaou7_6420p,0.38434474135495883,6.311935208494199,0.029843130298817,100000
jaou7_6500p,0.38434474135495883,6.656334310243753,0.030741345274003025,100000
jaou7_6750p,0.38434474135495883,7.795829726610964,0.033542258643606694,100000
jaou7_6800p,0.38434474135495883,8.035013948849283,0.034100144689956244,100000
jaou7_6900p,0.38434474135495883,8.524628578093562,0.03521205531847112,100000
jaou7_7000p,0.38434474135495883,9.028464669817795,0.03631924297860305,100000
jaou7_7400p,0.38434474135495883,11.186998573653263,0.04066489202710364,100000
jaou7_7450p,0.38434474135495883,11.472372091550424,0.04119688501921284,100000
jaou7_7500p,0.38434474135495883,11.760805775384751,0.04172679262231121,100000
jaou7_6820c,0.3881397150091442,12.637405368238294,0.06680030976597526,100000
jaou7_6825c,0.3881397150091442,12.613998314755634,0.06675426925664489,100000
jaou7_6860c,0.3881397150091442,12.451175729681951,0.0664315520123337,100000
jaou7_6900c,0.3881397150091442,12.267208385214643,0.06606198968897288,100000
jaou7_6905c,0.3881397150091442,12.244374972503119,0.0660157337553977,100000
jaou7_6930c,0.3881397150091442,12.130719859195775,0.06578431314299607,100000
jaou7_7000c,0.3881397150091442,11.817046542512886,0.06513512154969221,100000
jaou7_7110c,0.3881397150091442,11.338145432059084,0.06411099883722761,100000
jaou7_7200c,0.3881397150091442,10.959473458529542,0.06326919960238436,100000
jaou7_7335c,0.3881397150091442,10.412845220800882,0.062002293895351654,100000
jaou7_7400c,0.3881397150091442,10.1584426744568,0.061391422448487644,100000
jaou7_7450c,0.3881397150091442,9.966493643723428,0.06092147682570598,100000
jaou7_7500c,0.3881397150091442,9.777566650689096,0.06045194011120084,100000
jaou7_7542c,0.3881397150091442,9.621313679891905,0.060057706860485,100000
jaou7_7550c,0.3881397150091442,9.591824063094885,0.0599826039074643,100000
jaou7_7600c,0.3881397150091442,9.409141988776902,0.059513710326024226,100000
jaou7_7610c,0.3881397150091442,9.372963176088899,0.059420004976856323,100000
jaou7_7705c,0.3881397150091442,9.035554612155522,0.058530564324408674,100000
jaou7_7710c,0.3881397150091442,9.01809677400667,0.05848381561659126,100000
jaou7_7725c,0.3881397150091442,8.96589501684373,0.058343623174009526,100000
jaou7_5800p,0.3881397150091442,4.063873945186956,0.02323032128132705,100000
jaou7_5900p,0.3881397150091442,4.400820467745346,0.024330091589097328,100000
jaou7_6000p,0.3881397150091442,4.75332438985142,0.025438091957447225,100000
jaou7_6200p,0.3881397150091442,5.504797231933817,0.027672714698604578,100000
jaou7_6420p,0.3881397150091442,6.403484167772651,0.03014506835082492,100000
jaou7_6500p,0.3881397150091442,6.749518297219994,0.031043573377415357,100000
jaou7_6750p,0.3881397150091442,7.893115026334835,0.03384577067436971,100000
jaou7_6800p,0.3881397150091442,8.133056032746568,0.03440374021228602,100000
jaou7_6900p,0.3881397150091442,8.624002304070125,0.03551594713371788,100000
jaou7_7000p,0.3881397150091442,9.128993047300332,0.03662346869373082,100000
jaou7_7400p,0.3881397150091442,11.290999522972117,0.04096986320016552,100000
jaou7_7450p,0.3881397150091442,11.576626785204727,0.04150207041582365,100000
jaou7_7500p,0.3881397150091442,11.86527608513638,0.04203222558431203,100000
jaou7_6820c,0.39193468866332953,12.734522517350316,0.06755480705337186,100000
jaou7_6825c,0.39193468866332953,12.711180792937874,0.06750880755832997,100000
jaou7_6860c,0.39193468866332953,12.548831672832957,0.06718633763326631,100000
jaou7_6900c,0.39193468866332953,12.365366774274348,0.06681711071172729,100000
jaou7_6905c,0.39193468866332953,12.34258878405107,0.0667709088395869,100000
jaou7_6930c,0.39193468866332953,12.229233220199337,0.06653971162514205,100000
jaou7_7000c,0.39193468866332953,11.91634894695966,0.06589118875436482,100000
jaou7_7110c,0.39193468866332953,11.438638306364247,0.06486805370421342,100000
jaou7_7200c,0.39193468866332953,11.060803173214632,0.06402715568799562,100000
jaou7_7335c,0.39193468866332953,10.515209265022198,0.06276171235886963,100000
jaou7_7400c,0.39193468866332953,10.261211328981618,0.062151581115472615,100000
jaou7_7450c,0.39193468866332953,10.06951599043978,0.061682244033228355,100000
jaou7_7500c,0.39193468866332953,9.880808008050238,0.06121332268294832,100000
jaou7_7542c,0.39193468866332953,9.724739156858526,0.06081956682481042,100000
jaou7_7550c,0.39193468866332953,9.695278081704377,0.06074456114769725,100000
jaou7_7600c,0.39193468866332953,9.512753491499119,0.06027627873285037,100000
jaou7_7610c,0.39193468866332953,9.476606063089399,0.060182689499593725,100000
jaou7_7705c,0.39193468866332953,9.139427415641643,0.05929435271620383,100000
jaou7_7710c,0.39193468866332953,9.121977899200578,0.059247662600434424,100000
jaou7_7725c,0.39193468866332953,9.0698018444419,0.05910764154011396,100000
jaou7_5800p,0.39193468866332953,4.1411024537070675,0.023522347633429305,100000
jaou7_5900p,0.39193468866332953,4.480646211906602,0.024624238213245078,100000
jaou7_6000p,0.39193468866332953,4.835688703044092,0.025733962047515428,100000
jaou7_6200p,0.39193468866332953,5.59172301077014,0.027971528274329936,100000
jaou7_6420p,0.39193468866332953,6.495115864804819,0.03044557655685614,100000
jaou7_6500p,0.39193468866332953,6.842763201450053,0.031344368042984516,100000
jaou7_6750p,0.39193468866332953,7.990414079883246,0.03414782217244099,100000
jaou7_6800p,0.39193468866332953,8.231093367854807,0.034705898732222414,100000
jaou7_6900p,0.39193468866332953,8.723361885133238,0.03581838985688317,100000
jaou7_7000p,0.39193468866332953,9.229496643750519,0.036926243912996655,100000
jaou7_7400p,0.39193468866332953,11.394969369500345,0.04127335820406834,100000
jaou7_7450p,0.39193468866332953,11.680850323924492,0.04180578139605572,100000
jaou7_7500p,0.39193468866332953,11.969718634500932,0.04233617756530558,100000
jaou7_6820c,0.3957296623175149,12.831622774048354,0.06831263661138333,100000
jaou7_6825c,0.3957296623175149,12.808353503294423,0.0682666642801443,100000
jaou7_6860c,0.3957296623175149,12.646459319195424,0.06794447353134377,100000
jaou7_6900c,0.3957296623175149,12.463492120187263,0.0675755877501977,100000
jaou7_6905c,0.3957296623175149,12.440778385702574,0.06752942322456194,100000
jaou7_6930c,0.3957296623175149,12.32769767662697,0.06729849313315851,100000
jaou7_7000c,0.3957296623175149,12.015610629254148,0.06665061967459314,100000
jaou7_7110c,0.3957296623175149,11.539091579603864,0.06562846633317138,100000
jaou7_7200c,0.3957296623175149,11.162096969819208,0.06478846265679301,100000
jaou7_7335c,0.3957296623175149,10.617529989515255,0.06352449844565321,100000
jaou7_7400c,0.3957296623175149,10.363937539496124,0.06291511008031396,100000
jaou7_7450c,0.3957296623175149,10.172493030112346,0.06244639040650447,100000
jaou7_7500c,0.3957296623175149,9.984010440381041,0.06197807917009655,100000
jaou7_7542c,0.3957296623175149,9.828126312966992,0.0615848048195087,100000
jaou7_7550c,0.3957296623175149,9.798692745523645,0.06150989910841443,100000
jaou7_7600c,0.3957296623175149,9.61632959227294,0.06104222864282226,100000
jaou7_7610c,0.3957296623175149,9.580216592128389,0.06094875227163763,100000
jaou7_7705c,0.3957296623175149,9.2432741942266,0.06006152620353718,100000
jaou7_7710c,0.3957296623175149,9.225833717264345,0.060014894555690104,100000
jaou7_7725c,0.3957296623175149,9.173684818365487,0.05987504565747294,100000
jaou7_5800p,0.3957296623175149,4.218535400324096,0.023813269983625505,100000
jaou7_5900p,0.3957296623175149,4.560657955780154,0.024917202360068468,100000
jaou7_6000p,0.3957296623175149,4.91820716666762,0.02602860643136874,100000
jaou7_6200p,0.3957296623175149,5.67877260113844,0.028268987769229623,100000
jaou7_6420p,0.3957296623175149,6.586839389449681,0.030744632328277226,100000
jaou7_6500p,0.3957296623175149,6.9360432074505285,0.03164378309709017,100000
jaou7_6750p,0.3957296623175149,8.087717255779031,0.034448436817454756,100000
jaou7_6800p,0.3957296623175149,8.329130742688337,0.03500661057886922,100000
jaou7_6900p,0.3957296623175149,8.822700857462534,0.036119401635482155,100000
jaou7_7000p,0.3957296623175149,9.329971952461387,0.03722758052319803,100000
jaou7_7400p,0.3957296623175149,11.498909206431229,0.04157537771265499,100000
jaou7_7450p,0.3957296623175149,11.785040990013433,0.042108026323453535,100000
jaou7_7500p,0.3957296623175149,12.074134693248114,0.04263864837122677,100000
jaou7_6820c,0.39952463597170024,12.92871657081361,0.06907379437418137,100000
jaou7_6825c,0.39952463597170024,12.905519104896673,0.06902785001567037,100000
jaou7_6860c,0.39952463597170024,12.744055553725435,0.0687059811449781,100000
jaou7_6900c,0.39952463597170024,12.561590519476953,0.06833742524730482,100000
jaou7_6905c,0.39952463597170024,12.538937321603605,0.0682913046029631,100000
jaou7_6930c,0.39952463597170024,12.426127667978141,0.06806064695111463,100000
jaou7_7000c,0.39952463597170024,12.114827881595602,0.06741343698689062,100000
jaou7_7110c,0.39952463597170024,11.639512743733897,0.06639223982457629,100000
jaou7_7200c,0.39952463597170024,11.263342776522679,0.06555315771747083,100000
jaou7_7335c,0.39952463597170024,10.719804061522991,0.06429067412686569,100000
jaou7_7400c,0.39952463597170024,10.466614556910873,0.06368203681188793,100000
jaou7_7450c,0.39952463597170024,10.27542662608873,0.06321392917891389,100000
jaou7_7500c,0.39952463597170024,10.087169999338,0.06274623212827905,100000
jaou7_7542c,0.39952463597170024,9.931475061630856,0.06235343706663986,100000
jaou7_7550c,0.39952463597170024,9.902067973537813,0.062278633970351924,100000
jaou7_7600c,0.39952463597170024,9.719870584950403,0.06181157549873869,100000
jaou7_7610c,0.39952463597170024,9.683792287956054,0.06171821306218819,100000
jaou7_7705c,0.39952463597170024,9.34709430299859,0.06083210126424905,100000
jaou7_7710c,0.39952463597170024,9.329662619512968,0.06078552941663838,100000
jaou7_7725c,0.39952463597170024,9.27754253228919,0.06064585306994737,100000
jaou7_5800p,0.39952463597170024,4.29619065656656,0.02410303876206747,100000
jaou7_5900p,0.39952463597170024,4.640848983367181,0.025208981418098658,100000
jaou7_6000p,0.39952463597170024,5.000856608751368,0.026322055716628212,100000
jaou7_6200p,0.39952463597170024,5.765921251323227,0.02856513562740755,100000
jaou7_6420p,0.39952463597170024,6.678643383200693,0.03104225736375863,100000
jaou7_6500p,0.39952463597170024,7.0293772002699,0.03194177545237564,100000
jaou7_6750p,0.39952463597170024,8.1850414242756,0.03474757642460098,100000
jaou7_6800p,0.39952463597170024,8.427167874723734,0.03530587816995141,100000
jaou7_6900p,0.39952463597170024,8.92202534035537,0.03641897016152422,100000
jaou7_7000p,0.39952463597170024,9.430415288405989,0.03752749089987254,100000
jaou7_7400p,0.39952463597170024,11.602812307449126,0.04187594399764999,100000
jaou7_7450p,0.39952463597170024,11.88920066959297,0.04240880347967711,100000
jaou7_7500p,0.39952463597170024,12.178520335808221,0.04293965248566075,100000
jaou7_6820c,0.40331960962588553,13.025794518715841,0.06983831364531078,100000
jaou7_6825c,0.40331960962588553,13.00265905600191,0.06979241521866335,100000
jaou7_6860c,0.40331960962588553,12.841628994943537,0.06947086025931565,100000
jaou7_6900c,0.40331960962588553,12.65965899139174,0.06910264462102995,100000
jaou7_6905c,0.40331960962588553,12.637059162246347,0.06905658067217761,100000
jaou7_6930c,0.40331960962588553,12.524535481346222,0.0688261666349318,100000
jaou7_7000c,0.40331960962588553,12.214006332302302,0.06817964672493425,100000
jaou7_7110c,0.40331960962588553,11.739897280313667,0.06715939852960627,100000
jaou7_7200c,0.40331960962588553,11.364548244381021,0.06632124421777696,100000
jaou7_7335c,0.40331960962588553,10.822033211327508,0.0650602530441245,100000
jaou7_7400c,0.40331960962588553,10.56924264609037,0.06445237733485243,100000
jaou7_7450c,0.40331960962588553,10.378313221028233,0.0639848825426741,100000
jaou7_7500c,0.40331960962588553,10.19029154291625,0.06351779006339289,100000
jaou7_7542c,0.40331960962588553,10.034781575948724,0.06312548588430524,100000
jaou7_7550c,0.40331960962588553,10.005403594867323,0.06305078220644392,100000
jaou7_7600c,0.40331960962588553,9.823376027366043,0.06258433605303902,100000
jaou7_7610c,0.40331960962588553,9.787330121420533,0.06249109264588167,100000
jaou7_7705c,0.40331960962588553,9.45088633156524,0.061606095716540236,100000
jaou7_7710c,0.40331960962588553,9.433464354045013,0.06155958319742442,100000
jaou7_7725c,0.40331960962588553,9.38137525608149,0.06142007892373947,100000
jaou7_5800p,0.40331960962588553,4.374047764358666,0.024391674264222757,100000
jaou7_5900p,0.40331960962588553,4.721200057347261,0.025499595697759954,100000
jaou7_6000p,0.40331960962588553,5.083630173935255,0.02661431062029587,100000
jaou7_6200p,0.40331960962588553,5.853204608666325,0.02885989308060608,100000
jaou7_6420p,0.40331960962588553,6.770508825824199,0.031338489391399035,100000
jaou7_6500p,0.40331960962588553,7.122737621161028,0.03223840378992254,100000
jaou7_6750p,0.40331960962588553,8.28237266014701,0.03504527511336178,100000
jaou7_6800p,0.40331960962588553,8.525200623558854,0.035603713152877615,100000
jaou7_6900p,0.40331960962588553,9.02133237610246,0.0367171052153876,100000
jaou7_7000p,0.40331960962588553,9.53083230294499,0.03782596396034864,100000
jaou7_7400p,0.40331960962588553,11.706678960460927,0.042175059934355615,100000
jaou7_7450p,0.40331960962588553,11.993325828364773,0.042708126307701745,100000
jaou7_7500p,0.40331960962588553,12.282880443218776,0.043239179445918034,100000
jaou7_6820c,0.4071145832800709,13.122843061515843,0.07060623561636056,100000
jaou7_6825c,0.4071145832800709,13.09977027806799,0.07056038147736261,100000
jaou7_6860c,0.4071145832800709,12.93918589061178,0.07023911526185586,100000
jaou7_6900c,0.4071145832800709,12.75768183932686,0.06987129067841981,100000
jaou7_6905c,0.4071145832800709,12.73513243304383,0.0698252884998153,100000
jaou7_6930c,0.4071145832800709,12.622916833665446,0.06959507616649903,100000
jaou7_7000c,0.4071145832800709,12.313169685463057,0.06894922272367983,100000
jaou7_7110c,0.4071145832800709,11.840238619939385,0.06792997046981397,100000
jaou7_7200c,0.4071145832800709,11.465719367377972,0.06709272851752489,100000
jaou7_7335c,0.4071145832800709,10.92422020976935,0.06583324724781826,100000
jaou7_7400c,0.4071145832800709,10.67182542368682,0.06522614231815982,100000
jaou7_7450c,0.4071145832800709,10.481154114858754,0.06475926492879498,100000
jaou7_7500c,0.4071145832800709,10.293370606525562,0.06429277661230788,100000
jaou7_7542c,0.4071145832800709,10.13804752376054,0.06390096497839821,100000
jaou7_7550c,0.4071145832800709,10.108698138218072,0.0638263624942643,100000
jaou7_7600c,0.4071145832800709,9.926846462666218,0.06336052566329915,100000
jaou7_7610c,0.4071145832800709,9.890831875369742,0.06326740439497232,100000
jaou7_7705c,0.4071145832800709,9.554649312720054,0.06238352686050028,100000
jaou7_7710c,0.4071145832800709,9.53723715032156,0.06233707440719956,100000
jaou7_7725c,0.4071145832800709,9.48518141843938,0.062197741351423017,100000
jaou7_5800p,0.4071145832800709,4.452093212571763,0.02467918367030981,100000
jaou7_5900p,0.4071145832800709,4.801759342313135,0.02578894334860786,100000
jaou7_6000p,0.4071145832800709,5.16657766700903,0.026905265307087374,100000
jaou7_6200p,0.4071145832800709,5.9406064684839945,0.029153287052021498,100000
jaou7_6420p,0.4071145832800709,6.8624586662216505,0.031633276579840365,100000
jaou7_6500p,0.4071145832800709,7.216114237508074,0.03253368896383779,100000
jaou7_6750p,0.4071145832800709,8.379710725526513,0.0353415348605933,100000
jaou7_6800p,0.4071145832800709,8.623238101447724,0.03590009560475677,100000
jaou7_6900p,0.4071145832800709,9.120606291411242,0.0370138478575277,100000
jaou7_7000p,0.4071145832800709,9.631246723479405,0.038122943152181864,100000
jaou7_7400p,0.4071145832800709,11.810512805431033,0.04247271906352265,100000
jaou7_7450p,0.4071145832800709,12.097417789568954,0.04300599461463415,100000
jaou7_7500p,0.4071145832800709,12.387210574201744,0.04353724521142744,100000
jaou7_6820c,0.41090955693425624,13.219866556152278,0.07137756816088621,100000
jaou7_6825c,0.41090955693425624,13.196850794567322,0.07133176841091844,100000
jaou7_6860c,0.41090955693425624,13.036706951359916,0.07101079787645649,100000
jaou7_6900c,0.41090955693425624,12.855662743017112,0.07064337287151284,100000
jaou7_6905c,0.41090955693425624,12.833172155560286,0.07059741680637677,100000
jaou7_6930c,0.41090955693425624,12.72126992210428,0.07036739514464796,100000
jaou7_7000c,0.41090955693425624,12.412296563918249,0.06972221969654065,100000
jaou7_7110c,0.41090955693425624,11.940537985197665,0.06870397019324555,100000
jaou7_7200c,0.41090955693425624,11.566849248711687,0.06786763920406398,100000
jaou7_7335c,0.41090955693425624,11.02635582723192,0.06660968884991647,100000
jaou7_7400c,0.41090955693425624,10.774361908698571,0.0660033501034996,100000
jaou7_7450c,0.41090955693425624,10.583947834490813,0.06553709539383276,100000
jaou7_7500c,0.41090955693425624,10.396405108122547,0.06507121170696675,100000
jaou7_7542c,0.41090955693425624,10.241270946669779,0.06467989396335623,100000
jaou7_7550c,0.41090955693425624,10.211949165125374,0.06460539517716171,100000
jaou7_7600c,0.41090955693425624,10.030280758082322,0.06414016246414374,100000
jaou7_7610c,0.41090955693425624,9.994296508765554,0.06404716626258827,100000
jaou7_7705c,0.41090955693425624,9.658382152061014,0.06316441235304064,100000
jaou7_7710c,0.41090955693425624,9.640981120397264,0.06311801883403963,100000
jaou7_7725c,0.41090955693425624,9.588959626452224,0.0629788583760932,100000
jaou7_5800p,0.41090955693425624,4.53033590410314,0.024965535757810284,100000
jaou7_5900p,0.41090955693425624,4.88249867740105,0.02607706482923322,100000
jaou7_6000p,0.41090955693425624,5.24969735762247,0.027194913639523435,100000
jaou7_6200p,0.41090955693425624,6.028117063902323,0.02944533137299221,100000
jaou7_6420p,0.41090955693425624,6.954470507375946,0.03192666498560562,100000
jaou7_6500p,0.41090955693425624,7.309528772917974,0.03282758136340761,100000
jaou7_6750p,0.41090955693425624,8.477044918042834,0.03563638251572815,100000
jaou7_6800p,0.41090955693425624,8.721275081778055,0.03619504007935001,100000
jaou7_6900p,0.41090955693425624,9.219850789599782,0.037309191484734314,100000
jaou7_7000p,0.41090955693425624,9.731637196432882,0.038418485585783715,100000
jaou7_7400p,0.41090955693425624,11.914312884941074,0.04276892767140886,100000
jaou7_7450p,0.41090955693425624,12.2014751036993,0.04330241598967347,100000
jaou7_7500p,0.41090955693425624,12.491508670297016,0.04383385898884774,100000
jaou7_6820c,0.4147045305884416,13.31685480389792,0.07215234632378903,100000
jaou7_6825c,0.4147045305884416,13.293900933250137,0.07210659157837664,100000
jaou7_6860c,0.4147045305884416,13.134203811595356,0.0717859029858767,100000
jaou7_6900c,0.4147045305884416,12.95361417128411,0.07141888480445457,100000
jaou7_6905c,0.4147045305884416,12.931190248875549,0.07137296030831129,100000
jaou7_6930c,0.4147045305884416,12.819582466912149,0.07114316224488423,100000
jaou7_7000c,0.4147045305884416,12.511389401981052,0.07049864997231803,100000
jaou7_7110c,0.4147045305884416,12.040796080420572,0.06948141326342976,100000
jaou7_7200c,0.4147045305884416,11.667924645392615,0.06864601577507179,100000
jaou7_7335c,0.4147045305884416,11.128441039966106,0.06738959314517143,100000
jaou7_7400c,0.4147045305884416,10.876851847018205,0.06678401798905897,100000
jaou7_7450c,0.4147045305884416,10.686693147117548,0.06631839274165746,100000
jaou7_7500c,0.4147045305884416,10.499399670585072,0.06585310469738517,100000
jaou7_7542c,0.4147045305884416,10.344452288646018,0.06546228878012207,100000
jaou7_7550c,0.4147045305884416,10.315156616382355,0.0653878969730382,100000
jaou7_7600c,0.4147045305884416,10.133674681722258,0.06492326958027203,100000
jaou7_7610c,0.4147045305884416,10.097725658873351,0.06483039216836235,100000
jaou7_7705c,0.4147045305884416,9.762084025942876,0.0639487695978699,100000
jaou7_7710c,0.4147045305884416,9.744694449132568,0.0639024353787294,100000
jaou7_7725c,0.4147045305884416,9.692708822415154,0.06376344767213038,100000
jaou7_5800p,0.4147045305884416,4.6088086690703385,0.025250656827193206,100000
jaou7_5900p,0.4147045305884416,4.963440589592581,0.02636390607902853,100000
jaou7_6000p,0.4147045305884416,5.332962559414515,0.027483297108997322,100000
jaou7_6200p,0.4147045305884416,6.1157209925937766,0.029736051695757378,100000
jaou7_6420p,0.4147045305884416,7.046565669832853,0.03221860624748907,100000
jaou7_6500p,0.4147045305884416,7.402978060494815,0.03312008691237461,100000
jaou7_6750p,0.4147045305884416,8.574378089459985,0.03592981279841741,100000
jaou7_6800p,0.4147045305884416,8.819294665838912,0.03648858911960851,100000
jaou7_6900p,0.4147045305884416,9.319078363345296,0.037603107919815804,100000
jaou7_7000p,0.4147045305884416,9.832006179974206,0.038712588099514736,100000
jaou7_7400p,0.4147045305884416,12.018078968739225,0.043063689983261204,100000
jaou7_7450p,0.4147045305884416,12.305496561804553,0.043597397326622,100000
jaou7_7500p,0.4147045305884416,12.59577937823806,0.04412901087810836,100000
jaou7_6820c,0.41849950424262694,13.41381545821914,0.07293057223785987,100000
jaou7_6825c,0.41849950424262694,13.390932585001078,0.07288484539074563,100000
jaou7_6860c,0.41849950424262694,13.23166943753121,0.0725644599078118,100000
jaou7_6900c,0.41849950424262694,13.051543185977255,0.07219783018826813,100000
jaou7_6905c,0.41849950424262694,13.029181668533235,0.07215194474451318,100000
jaou7_6930c,0.41849950424262694,12.91785611557858,0.07192239109401388,100000
jaou7_7000c,0.41849950424262694,12.610444773681454,0.07127853638686371,100000
jaou7_7110c,0.41849950424262694,12.141003265714385,0.07026233333153806,100000
jaou7_7200c,0.41849950424262694,11.768949695095356,0.06942786818948746,100000
jaou7_7335c,0.41849950424262694,11.230479460898232,0.06817297119582562,100000
jaou7_7400c,0.41849950424262694,10.979296459944104,0.06756816099512264,100000
jaou7_7450c,0.41849950424262694,10.789393832049864,0.06710316782701951,100000
jaou7_7500c,0.41849950424262694,10.602350554381683,0.06663847843585086,100000
jaou7_7542c,0.41849950424262694,10.447589079508761,0.06624817012314677,100000
jaou7_7550c,0.41849950424262694,10.41832198719158,0.06617388229205012,100000
jaou7_7600c,0.41849950424262694,10.237028608778893,0.0657098630741895,100000
jaou7_7610c,0.41849950424262694,10.201116276451398,0.06561710349359656,100000
jaou7_7705c,0.41849950424262694,9.86575453847577,0.06473661550971159,100000
jaou7_7710c,0.41849950424262694,9.84837831418707,0.06469033853600858,100000
jaou7_7725c,0.41849950424262694,9.796427173013885,0.0645515282574921,100000
jaou7_5800p,0.41849950424262694,4.687460472059652,0.025534626803425328,100000
jaou7_5900p,0.41849950424262694,5.044553890643406,0.02664951523117097,100000
jaou7_6000p,0.41849950424262694,5.4163398385238155,0.027770471266139744,100000
jaou7_6200p,0.41849950424262694,6.20342055500655,0.030025437852819897,100000
jaou7_6420p,0.41849950424262694,7.138694006580972,0.03250920784833966,100000
jaou7_6500p,0.41849950424262694,7.49646500766531,0.03341119798269177,100000
jaou7_6750p,0.41849950424262694,8.671710562797104,0.0362218265291438,100000
jaou7_6800p,0.41849950424262694,8.917302049157993,0.036780732108770135,100000
jaou7_6900p,0.41849950424262694,9.41829609862638,0.037895582332156744,100000
jaou7_7000p,0.41849950424262694,9.932350272262545,0.03900526250243971,100000
jaou7_7400p,0.41849950424262694,12.121812302253062,0.04335700610277176,100000
jaou7_7450p,0.41849950424262694,12.409485967324805,0.04389093137008106,100000
jaou7_7500p,0.41849950424262694,12.700018982622609,0.04442271479701551,100000
jaou7_6820c,0.4222944778968123,13.510763413808965,0.07371223497550038,100000
jaou7_6825c,0.4222944778968123,13.487943842949067,0.07366654985041067,100000
jaou7_6860c,0.4222944778968123,13.329097022043484,0.07334649760634271,100000
jaou7_6900c,0.4222944778968123,13.149446116728866,0.0729802324220529,100000
jaou7_6905c,0.4222944778968123,13.127143949832243,0.07293439129014374,100000
jaou7_6930c,0.4222944778968123,13.016090142891088,0.0727050997088744,100000
jaou7_7000c,0.4222944778968123,12.709468114449871,0.07206188623764886,100000
jaou7_7110c,0.4222944778968123,12.24116320505219,0.07104674112279195,100000
jaou7_7200c,0.4222944778968123,11.86992802334522,0.07021320744472023,100000
jaou7_7335c,0.4222944778968123,11.332472425976796,0.06895983800191027,100000
jaou7_7400c,0.4222944778968123,11.081692824938454,0.06835580102341435,100000
jaou7_7450c,0.4222944778968123,10.89204878419378,0.06789143952596245,100000
jaou7_7500c,0.4222944778968123,10.70525854703936,0.06742734869480457,100000
jaou7_7542c,0.4222944778968123,10.55067942392212,0.06703755791354722,100000
jaou7_7550c,0.4222944778968123,10.52144398799819,0.06696337008316953,100000
jaou7_7600c,0.4222944778968123,10.340342222409733,0.06649996023690612,100000
jaou7_7610c,0.4222944778968123,10.304466436314115,0.06640732000715367,100000
jaou7_7705c,0.4222944778968123,9.969392227724333,0.06552796878967673,100000
jaou7_7710c,0.4222944778968123,9.952030992301426,0.06548174739135783,100000
jaou7_7725c,0.4222944778968123,9.900114172981258,0.06534311729404435,100000
jaou7_5800p,0.4222944778968123,4.7662868866025025,0.025817440050154558,100000
jaou7_5900p,0.4222944778968123,5.125789367776746,0.02693397319157185,100000
jaou7_6000p,0.4222944778968123,5.499816042063851,0.028056451512861035,100000
jaou7_6200p,0.4222944778968123,6.291199529341837,0.030313517819763727,100000
jaou7_6420p,0.4222944778968123,7.230872296697616,0.03279843078180735,100000
jaou7_6500p,0.4222944778968123,7.589988113941012,0.033700917170074,100000
jaou7_6750p,0.4222944778968123,8.76903905736555,0.03651243319576819,100000
jaou7_6800p,0.4222944778968123,9.015286782772309,0.03707149636191396,100000
jaou7_6900p,0.4222944778968123,9.517500349479386,0.038186626414012964,100000
jaou7_7000p,0.4222944778968123,10.032674933132357,0.03929649803773462,100000
jaou7_7400p,0.4222944778968123,12.225509987348808,0.043648887681790184,100000
jaou7_7450p,0.4222944778968123,12.513442239570118,0.044183024619125516,100000
jaou7_7500p,0.4222944778968123,12.804228295381678,0.04471497173166228,100000
jaou7_6820c,0.42608945155099764,13.607678500272087,0.07449738822348545,100000
jaou7_6825c,0.42608945155099764,13.5849184210476,0.07445175151704693,100000
jaou7_6860c,0.42608945155099764,13.426475105333484,0.07413205363592341,100000
jaou7_6900c,0.42608945155099764,13.24731405732504,0.07376612442549618,100000
jaou7_6905c,0.42608945155099764,13.22506305395952,0.07372034208699828,100000
jaou7_6930c,0.42608945155099764,13.114284739425745,0.07349130461601239,100000
jaou7_7000c,0.42608945155099764,12.80846078667569,0.07284871420802566,100000
jaou7_7110c,0.42608945155099764,12.341278845081998,0.07183464875401804,100000
jaou7_7200c,0.42608945155099764,11.970864641320736,0.07100204235814377,100000
jaou7_7335c,0.42608945155099764,11.434421207202533,0.0697502087973342,100000
jaou7_7400c,0.42608945155099764,11.18404188539631,0.06914695382621501,100000
jaou7_7450c,0.42608945155099764,10.994656548078519,0.06868322740838136,100000
jaou7_7500c,0.42608945155099764,10.808124035413847,0.06821973202651942,100000
jaou7_7542c,0.42608945155099764,10.65372577171279,0.06783046536695006,100000
jaou7_7550c,0.42608945155099764,10.624523174768825,0.0677563765415595,100000
jaou7_7600c,0.42608945155099764,10.443617777404404,0.06729357451636937,100000
jaou7_7610c,0.42608945155099764,10.407777441456988,0.06720105661296825,100000
jaou7_7705c,0.42608945155099764,10.072998264616388,0.06632284429439421,100000
jaou7_7710c,0.42608945155099764,10.055650492252578,0.06627668159255255,100000
jaou7_7725c,0.42608945155099764,10.003770917660722,0.0661382296867037,100000
jaou7_5800p,0.42608945155099764,4.845261444770497,0.026099131514547624,100000
jaou7_5900p,0.42608945155099764,5.20714146997326,0.02721727916940712,100000
jaou7_6000p,0.42608945155099764,5.583398046739356,0.02834121512908768,100000
jaou7_6200p,0.42608945155099764,6.379091750280604,0.030600216807824397,100000
jaou7_6420p,0.42608945155099764,7.3230873019364635,0.033086302648647425,100000
jaou7_6500p,0.42608945155099764,7.683524444836486,0.033989295218390954,100000
jaou7_6750p,0.42608945155099764,8.866371156318962,0.03680161630759661,100000
jaou7_6800p,0.42608945155099764,9.11325511810876,0.037360868725480285,100000
jaou7_6900p,0.42608945155099764,9.616682234370568,0.038476264972654335,100000
jaou7_7000p,0.42608945155099764,10.132981549653183,0.039586294308083116,100000
jaou7_7400p,0.42608945155099764,12.329172992101672,0.0439393355483145,100000
jaou7_7450p,0.42608945155099764,12.617363947749867,0.04447368455712515,100000
jaou7_7500p,0.42608945155099764,12.90840772805118,0.04500578380154694,100000
jaou7_6820c,0.429884425205183,13.70456597009636,0.07528603921709005,100000
jaou7_6825c,0.429884425205183,13.681868542818423,0.07524044483344007,100000
jaou7_6860c,0.429884425205183,13.523819366266528,0.07492111638022034,100000
jaou7_6900c,0.429884425205183,13.345138348911705,0.07455553875527782,100000
jaou7_6905c,0.429884425205183,13.32294420266906,0.07450980473988462,100000
jaou7_6930c,0.429884425205183,13.21243425490725,0.07428103293656298,100000
jaou7_7000c,0.429884425205183,12.907410300379144,0.07363905948920738,100000
jaou7_7110c,0.429884425205183,12.441358585519204,0.0726260591424599,100000
jaou7_7200c,0.429884425205183,12.07175673021562,0.07179439516229216,100000
jaou7_7335c,0.429884425205183,11.536324355622442,0.07054410344431003,100000
jaou7_7400c,0.429884425205183,11.28634117024236,0.06994164082416242,100000
jaou7_7450c,0.429884425205183,11.09721676394013,0.06947854942480249,100000
jaou7_7500c,0.429884425205183,10.910947246500891,0.06901564538919136,100000
jaou7_7542c,0.429884425205183,10.756727382688956,0.06862691087085622,100000
jaou7_7550c,0.429884425205183,10.727557908764398,0.06855292145048333,100000
jaou7_7600c,0.429884425205183,10.54685270744036,0.06809072700553508,100000
jaou7_7610c,0.429884425205183,10.51104898940355,0.06799833085953136,100000
jaou7_7705c,0.429884425205183,10.176571161215708,0.0671212610895331,100000
jaou7_7710c,0.429884425205183,10.159236583748257,0.06707515827229613,100000
jaou7_7725c,0.429884425205183,10.107394080181207,0.0669368872018019,100000
jaou7_5800p,0.429884425205183,4.924434888411227,0.02637959514245584,100000
jaou7_5900p,0.429884425205183,5.288646476978776,0.027499353005071944,100000
jaou7_6000p,0.429884425205183,5.667110353135842,0.02862470598265926,100000
jaou7_6200p,0.429884425205183,6.467090508889602,0.03088554469944975,100000
jaou7_6420p,0.429884425205183,7.4153244295612675,0.03337285387018053,100000
jaou7_6500p,0.429884425205183,7.777070762585254,0.03427633872599868,100000
jaou7_6750p,0.429884425205183,8.96370665763556,0.037089378206271464,100000
jaou7_6800p,0.429884425205183,9.211223378637712,0.03764881155229173,100000
jaou7_6900p,0.429884425205183,9.715833119403399,0.03876452220557793,100000
jaou7_7000p,0.429884425205183,10.233257656802806,0.03987468633937461,100000
jaou7_7400p,0.429884425205183,12.432798870393892,0.04422836008045787,100000
jaou7_7450p,0.429884425205183,12.721250757057643,0.04476291554767344,100000
jaou7_7500p,0.429884425205183,13.012557532584388,0.045295153557888684,100000
jaou7_6820c,0.43367939885936835,13.801424657325887,0.0760782070272541,100000
jaou7_6825c,0.43367939885936835,13.778786875854882,0.07603266015509486,100000
jaou7_6860c,0.43367939885936835,13.621141545895753,0.07571368170414268,100000
jaou7_6900c,0.43367939885936835,13.442924582103364,0.07534848248526786,100000
jaou7_6905c,0.43367939885936835,13.420786525556375,0.0753027979473308,100000
jaou7_6930c,0.43367939885936835,13.310539164623865,0.07507430100253046,100000
jaou7_7000c,0.43367939885936835,13.00631926547728,0.07443293484812824,100000
jaou7_7110c,0.43367939885936835,12.541400275608245,0.07342099352137858,100000
jaou7_7200c,0.43367939885936835,12.17260622498793,0.0725902801785547,100000
jaou7_7335c,0.43367939885936835,11.638182824399445,0.07134153799105028,100000
jaou7_7400c,0.43367939885936835,11.388591148354818,0.07073987881487019,100000
jaou7_7450c,0.43367939885936835,11.19972838190167,0.07027742476515766,100000
jaou7_7500c,0.43367939885936835,11.013727508918658,0.06981510730868165,100000
jaou7_7542c,0.43367939885936835,10.859684350916153,0.0694269116569163,100000
jaou7_7550c,0.43367939885936835,10.830546719010982,0.06935302447068686,100000
jaou7_7600c,0.43367939885936835,10.650044126834457,0.06889143943186686,100000
jaou7_7610c,0.43367939885936835,10.614279243725095,0.06879916282124263,100000
jaou7_7705c,0.43367939885936835,10.280108933449798,0.06792323914916394,100000
jaou7_7710c,0.43367939885936835,10.262788932515196,0.06787719488454345,100000
jaou7_7725c,0.43367939885936835,10.210982058522955,0.06773910915116488,100000
jaou7_5800p,0.43367939885936835,5.003787075256447,0.02665885763766502,100000
jaou7_5900p,0.43367939885936835,5.370326257472737,0.027780143790937097,100000
jaou7_6000p,0.43367939885936835,5.750921816229952,0.02890697758287349,100000
jaou7_6200p,0.43367939885936835,6.5551865161679315,0.031169516482447,100000
jaou7_6420p,0.43367939885936835,7.50758302232743,0.033658084126540984,100000
jaou7_6500p,0.43367939885936835,7.87063544475046,0.034562027934417996,100000
jaou7_6750p,0.43367939885936835,9.061023582977958,0.03737577366714751,100000
jaou7_6800p,0.43367939885936835,9.30917372214443,0.03793537063238474,100000
jaou7_6900p,0.43367939885936835,9.814958620428579,0.03905138677975749,100000
jaou7_7000p,0.43367939885936835,10.333505889734464,0.04016167048150357,100000
jaou7_7400p,0.43367939885936835,12.536388116339868,0.04451596339535592,100000
jaou7_7450p,0.43367939885936835,12.825101642852704,0.045050723903628735,100000
jaou7_7500p,0.43367939885936835,13.116677062835675,0.045583086114501736,100000
jaou7_6820c,0.4374743725135537,13.898248766676677,0.07687391930380082,100000
jaou7_6825c,0.4374743725135537,13.875661446649922,0.07682843628622414,100000
jaou7_6860c,0.4374743725135537,13.718436679757037,0.07650977581632899,100000
jaou7_6900c,0.4374743725135537,13.54067195216496,0.0761449743466468,100000
jaou7_6905c,0.4374743725135537,13.518587417070488,0.07609934363686927,100000
jaou7_6930c,0.4374743725135537,13.408623091355958,0.07587108427441489,100000
jaou7_7000c,0.4374743725135537,13.105196059473268,0.07523034314389576,100000
jaou7_7110c,0.4374743725135537,12.641394469943792,0.07421948570138376,100000
jaou7_7200c,0.4374743725135537,12.273407224633129,0.0733897250459149,100000
jaou7_7335c,0.4374743725135537,11.739993699870846,0.07214253494343241,100000
jaou7_7400c,0.4374743725135537,11.490787520964984,0.0715416924233535,100000
jaou7_7450c,0.4374743725135537,11.302190680844616,0.07107987223379637,100000
jaou7_7500c,0.4374743725135537,11.116462550510336,0.0706181389697742,100000
jaou7_7542c,0.4374743725135537,10.962595389598704,0.07023048725902417,100000
jaou7_7550c,0.4374743725135537,10.933488117130384,0.0701567054297322,100000
jaou7_7600c,0.4374743725135537,10.753194132480282,0.06969572595824984,100000
jaou7_7610c,0.4374743725135537,10.717468232219183,0.06960356984310853,100000
jaou7_7705c,0.4374743725135537,10.3836113803807,0.06872879590467769,100000
jaou7_7710c,0.4374743725135537,10.36630615313421,0.06868281063847395,100000
jaou7_7725c,0.4374743725135537,10.31453642348315,0.06854491022376043,100000
jaou7_5800p,0.4374743725135537,5.0833257330071415,0.02693689327666633,100000
jaou7_5900p,0.4374743725135537,5.452143782558402,0.02805971421259127,100000
jaou7_6000p,0.4374743725135537,5.834862232196094,0.02918796322515209,100000
jaou7_6200p,0.4374743725135537,6.643372178250444,0.031452144496353085,100000
jaou7_6420p,0.4374743725135537,7.599880425263039,0.03394195355487953,100000
jaou7_6500p,0.4374743725135537,7.964211586980605,0.03484637818621669,100000
jaou7_6750p,0.4374743725135537,9.158326760428434,0.03766079274756451,100000
jaou7_6800p,0.4374743725135537,9.4071066831434,0.038220546692687866,100000
jaou7_6900p,0.4374743725135537,9.914057958227195,0.0393368633474235,100000
jaou7_7000p,0.4374743725135537,10.433734651467466,0.040447228258903074,100000
jaou7_7400p,0.4374743725135537,12.639936456687053,0.044802160996746984,100000
jaou7_7450p,0.4374743725135537,12.928915909532668,0.04533711498843669,100000
jaou7_7500p,0.4374743725135537,13.220764072164371,0.0458695911934724,100000
jaou7_6820c,0.44126934616773905,13.995020160781495,0.07767322610392878,100000
jaou7_6825c,0.44126934616773905,13.972489705386147,0.07762779510535905,100000
jaou7_6860c,0.44126934616773905,13.815702946310035,0.07730941939836838,100000
jaou7_6900c,0.44126934616773905,13.638376151849108,0.07694503943724762,100000
jaou7_6905c,0.44126934616773905,13.61634191283287,0.07689946806481633,100000
jaou7_6930c,0.44126934616773905,13.50668192645711,0.07667140756009613,100000
jaou7_7000c,0.44126934616773905,13.204034572469858,0.07603131269278501,100000
jaou7_7110c,0.44126934616773905,12.741344622838511,0.07502154759049419,100000
jaou7_7200c,0.44126934616773905,12.374159140694058,0.07419274861503519,100000
jaou7_7335c,0.44126934616773905,11.841753281198493,0.07294711821133597,100000
jaou7_7400c,0.44126934616773905,11.59293294525486,0.07234709520520047,100000
jaou7_7450c,0.44126934616773905,11.404606756154443,0.07188590470082432,100000
jaou7_7500c,0.44126934616773905,11.219150569883496,0.07142476095542423,100000
jaou7_7542c,0.44126934616773905,11.065458907442034,0.07103765783038087,100000
jaou7_7550c,0.44126934616773905,11.036385192355569,0.07096397716531594,100000
jaou7_7600c,0.44126934616773905,10.856302366299346,0.07050360469861465,100000
jaou7_7610c,0.44126934616773905,10.820617564361422,0.07041156698434325,100000
jaou7_7705c,0.44126934616773905,10.487077992911502,0.06953794941534983,100000
jaou7_7710c,0.44126934616773905,10.469785884509003,0.06949202637022035,100000
jaou7_7725c,0.44126934616773905,10.418055412497534,0.06935431030139905,100000
jaou7_5800p,0.44126934616773905,5.163044846075803,0.027213703892466027,100000
jaou7_5900p,0.44126934616773905,5.534101240706381,0.02833805126769198,100000
jaou7_6000p,0.44126934616773905,5.91892566167776,0.029467668100901283,100000
jaou7_6200p,0.44126934616773905,6.731628757490946,0.03173346406746445,100000
jaou7_6420p,0.44126934616773905,7.692208174640706,0.034224479942283205,100000
jaou7_6500p,0.44126934616773905,8.057797297979137,0.03512939349192076,100000
jaou7_6750p,0.44126934616773905,9.255608339131733,0.03794445638916822,100000
jaou7_6800p,0.44126934616773905,9.505024571877566,0.03850433631393328,100000
jaou7_6900p,0.44126934616773905,10.013126851349204,0.03962096541107109,100000
jaou7_7000p,0.44126934616773905,10.53393785790192,0.04073137850198335,100000
jaou7_7400p,0.44126934616773905,12.743446574414792,0.045086948796198366,100000
jaou7_7450p,0.44126934616773905,13.032696678280358,0.04562208327952358,100000
jaou7_7500p,0.44126934616773905,13.324816784975395,0.04615467715232201,100000
jaou7_6820c,0.44506431982192435,14.09175582830508,0.07847611415701844,100000
jaou7_6825c,0.44506431982192435,14.069286280944763,0.07843072763545891,100000
jaou7_6860c,0.44506431982192435,13.912924610353038,0.07811265813911729,100000
jaou7_6900c,0.44506431982192435,13.73603213867566,0.07774870427926528,100000
jaou7_6905c,0.44506431982192435,13.714053942862828,0.0777031818698337,100000
jaou7_6930c,0.44506431982192435,13.604700935997544,0.07747531462806727,100000
jaou7_7000c,0.44506431982192435,13.302842696383397,0.0768358476309332,100000
jaou7_7110c,0.44506431982192435,12.841259827636215,0.07582718167267125,100000
jaou7_7200c,0.44506431982192435,12.474863253314405,0.07499936673903658,100000
jaou7_7335c,0.44506431982192435,11.943464368943886,0.07375530125469651,100000
jaou7_7400c,0.44506431982192435,11.695023558449117,0.07315611132892724,100000
jaou7_7450c,0.44506431982192435,11.506973068224024,0.07269554574333699,100000
jaou7_7500c,0.44506431982192435,11.321788330329776,0.07223499623372592,100000
jaou7_7542c,0.44506431982192435,11.168273433246958,0.07184844347721113,100000
jaou7_7550c,0.44506431982192435,11.139238273057446,0.07177485697617365,100000
jaou7_7600c,0.44506431982192435,10.959366366842682,0.07131509715967155,100000
jaou7_7610c,0.44506431982192435,10.923727298417562,0.07122317186149504,100000
jaou7_7705c,0.44506431982192435,10.5905075070409,0.07035071904368773,100000
jaou7_7710c,0.44506431982192435,10.573227005269919,0.07030486120354498,100000
jaou7_7725c,0.44506431982192435,10.521539293055332,0.0701673263770154,100000
jaou7_5800p,0.44506431982192435,5.2428799326605,0.027489400636842187,100000
jaou7_5900p,0.44506431982192435,5.61614373238195,0.028615252581558483,100000
jaou7_6000p,0.44506431982192435,6.0031007281925595,0.029746108332229224,100000
jaou7_6200p,0.44506431982192435,6.819954149819854,0.03201347614407553,100000
jaou7_6420p,0.44506431982192435,7.784577490556951,0.03450563708729579,100000
jaou7_6500p,0.44506431982192435,8.151403282376682,0.03541104899751586,100000
jaou7_6750p,0.44506431982192435,9.352871807366506,0.03822675793882085,100000
jaou7_6800p,0.44506431982192435,9.602921622234808,0.03878675590075258,100000
jaou7_6900p,0.44506431982192435,10.112160283394307,0.03990370833848989,100000
jaou7_7000p,0.44506431982192435,10.634123427034014,0.04101410381910099,100000
jaou7_7400p,0.44506431982192435,12.846914632827602,0.04537034108169678,100000
jaou7_7450p,0.44506431982192435,13.136440435568495,0.045905642138791815,100000
jaou7_7500p,0.44506431982192435,13.428831990640228,0.04643835649890491,100000
jaou7_6820c,0.4488592934761097,14.188465560522282,0.07928258348854846,100000
jaou7_6825c,0.4488592934761097,14.166061639142205,0.07923723273370006,100000
jaou7_6860c,0.4488592934761097,14.010108960840883,0.07891949671356159,100000
jaou7_6900c,0.4488592934761097,13.833655635734504,0.0785559588305278,100000
jaou7_6905c,0.4488592934761097,13.811749816231513,0.07851045638345382,100000
jaou7_6930c,0.4488592934761097,13.702685604676645,0.07828281364030672,100000
jaou7_7000c,0.4488592934761097,13.401612430003793,0.0776439797913899,100000
jaou7_7110c,0.4488592934761097,12.941123321910519,0.07663643447543553,100000
jaou7_7200c,0.4488592934761097,12.575517059698672,0.07580960173984676,100000
jaou7_7335c,0.4488592934761097,12.045117706429002,0.07456711723630434,100000
jaou7_7400c,0.4488592934761097,11.797062797783063,0.07396875341289434,100000
jaou7_7450c,0.4488592934761097,11.609293400186784,0.07350880745377106,100000
jaou7_7500c,0.4488592934761097,11.424376001971568,0.07304886255664199,100000
jaou7_7542c,0.4488592934761097,11.271042511388394,0.07266285665496504,100000
jaou7_7550c,0.4488592934761097,11.242044856132576,0.07258936671315794,100000
jaou7_7600c,0.4488592934761097,11.062387902796166,0.07213021849376178,100000
jaou7_7610c,0.4488592934761097,11.026795309912927,0.07203840559005849,100000
jaou7_7705c,0.4488592934761097,10.69389700984323,0.07116712678875196,100000
jaou7_7710c,0.4488592934761097,10.676632122649627,0.07112132881448455,100000
jaou7_7725c,0.4488592934761097,10.624987080177949,0.07098397748995003,100000
jaou7_5800p,0.4488592934761097,5.322833208619268,0.027763968567693063,100000
jaou7_5900p,0.4488592934761097,5.6982772836701105,0.02889129758491335,100000
jaou7_6000p,0.4488592934761097,6.087385715290094,0.03002328119699854,100000
jaou7_6200p,0.4488592934761097,6.908359529763499,0.032292153260171964,100000
jaou7_6420p,0.4488592934761097,7.876974286431868,0.034785455973124206,100000
jaou7_6500p,0.4488592934761097,8.245036783865096,0.03569132823127899,100000
jaou7_6750p,0.4488592934761097,9.450136135179015,0.03850765298639581,100000
jaou7_6800p,0.4488592934761097,9.700778582396492,0.03906785525863729,100000
jaou7_6900p,0.4488592934761097,10.211174003816021,0.04018505495726572,100000
jaou7_7000p,0.4488592934761097,10.734283384017282,0.04129542802371029,100000
jaou7_7400p,0.4488592934761097,12.95034409552442,0.045652331481984325,100000
jaou7_7450p,0.4488592934761097,13.240150990894126,0.046187784012667696,100000
jaou7_7500p,0.4488592934761097,13.53280988564489,0.046720631907310954,100000
jaou7_6820c,0.45265426713029505,14.285149744647098,0.08009265120319167,100000
jaou7_6825c,0.45265426713029505,14.262809260586616,0.08004733993429886,100000
jaou7_6860c,0.45265426713029505,14.107253373838658,0.0797299576312782,100000
jaou7_6900c,0.45265426713029505,13.93126634207568,0.07936678632844123,100000
jaou7_6905c,0.45265426713029505,13.909413718852676,0.07932133743538326,100000
jaou7_6930c,0.45265426713029505,13.80063544845047,0.07909392348254221,100000
jaou7_7000c,0.45265426713029505,13.50034733578181,0.07845572118656433,100000
jaou7_7110c,0.45265426713029505,13.040944519421302,0.07744930832257976,100000
jaou7_7200c,0.45265426713029505,12.676123174683372,0.07662346756512443,100000
jaou7_7335c,0.45265426713029505,12.146714315384312,0.07538258278981784,100000
jaou7_7400c,0.45265426713029505,11.899045788015076,0.07478504750031287,100000
jaou7_7450c,0.45265426713029505,11.711562396052297,0.07432571654379153,100000
jaou7_7500c,0.45265426713029505,11.526912569390959,0.07386637968955828,100000
jaou7_7542c,0.45265426713029505,11.37376601197909,0.07348091568889817,100000
jaou7_7550c,0.45265426713029505,11.344804403018642,0.07340752532205096,100000
jaou7_7600c,0.45265426713029505,11.165367518634548,0.07294898589081815,100000
jaou7_7610c,0.45265426713029505,11.129818927968145,0.0728572902688605,100000
jaou7_7705c,0.45265426713029505,10.79724692889166,0.07198718978388562,100000
jaou7_7710c,0.45265426713029505,10.77999670009237,0.07194145378365126,100000
jaou7_7725c,0.45265426713029505,10.728399110944283,0.07180428086471238,100000
jaou7_5800p,0.45265426713029505,5.402917803592985,0.02803737206300934,100000
jaou7_5900p,0.45265426713029505,5.780538675378244,0.02916610560303196,100000
jaou7_6000p,0.45265426713029505,6.171762895436566,0.030299216152937635,100000
jaou7_6200p,0.45265426713029505,6.996828892498922,0.032569526380140115,100000
jaou7_6420p,0.45265426713029505,7.969383999036031,0.03506396853050319,100000
jaou7_6500p,0.45265426713029505,8.338689271317993,0.03597025084080823,100000
jaou7_6750p,0.45265426713029505,9.547383646677902,0.03878718691011762,100000
jaou7_6800p,0.45265426713029505,9.798611068234427,0.039347597840758274,100000
jaou7_6900p,0.45265426713029505,10.31018773831308,0.04046495805152928,100000
jaou7_7000p,0.45265426713029505,10.834421317951174,0.041575344824852915,100000
jaou7_7400p,0.45265426713029505,13.053730113912309,0.04593293715586913,100000
jaou7_7450p,0.45265426713029505,13.343823014915516,0.04646852747180466,100000
jaou7_7500p,0.45265426713029505,13.636749481220164,0.047001509454361726,100000
jaou7_6820c,0.4564492407844804,14.381806023384332,0.08090633951556166,100000
jaou7_6825c,0.4564492407844804,14.359523998671268,0.08086107639012027,100000
jaou7_6860c,0.4564492407844804,14.204355919295912,0.08054406229551524,100000
jaou7_6900c,0.4564492407844804,14.028833737347721,0.08018125861002028,100000
jaou7_6905c,0.4564492407844804,14.007041392564021,0.08013585070080965,100000
jaou7_6930c,0.4564492407844804,13.898554794359114,0.0799086547776491,100000
jaou7_7000c,0.4564492407844804,13.59904670239322,0.07927109129815245,100000
jaou7_7110c,0.4564492407844804,13.140730051025107,0.0782658104346347,100000
jaou7_7200c,0.4564492407844804,12.77668241712969,0.07744098130386907,100000
jaou7_7335c,0.4564492407844804,12.248260356517113,0.07620170640453204,100000
jaou7_7400c,0.4564492407844804,12.000977183827892,0.07560500459156849,100000
jaou7_7450c,0.4564492407844804,11.813783057863242,0.07514628666796307,100000
jaou7_7500c,0.4564492407844804,11.629397787730209,0.07468756632936727,100000
jaou7_7542c,0.4564492407844804,11.476441573355292,0.07430264251545331,100000
jaou7_7550c,0.4564492407844804,11.447517313182514,0.07422935044535625,100000
jaou7_7600c,0.4564492407844804,11.26830615548098,0.07377141610216519,100000
jaou7_7610c,0.4564492407844804,11.232798140706182,0.07367984407439758,100000
jaou7_7705c,0.4564492407844804,10.900558321635438,0.07281092438234722,100000
jaou7_7710c,0.4564492407844804,10.88332081826574,0.07276525391644394,100000
jaou7_7725c,0.4564492407844804,10.831774267755595,0.07262825606930882,100000
jaou7_5800p,0.4564492407844804,5.483169655502219,0.028309533528429708,100000
jaou7_5900p,0.4564492407844804,5.862905383106798,0.02943971405820943,100000
jaou7_6000p,0.4564492407844804,6.256274072864812,0.030573822975822753,100000
jaou7_6200p,0.4564492407844804,7.085372736038154,0.03284557004320464,100000
jaou7_6420p,0.4564492407844804,8.061797592267077,0.035341194511269255,100000
jaou7_6500p,0.4564492407844804,8.432347132102931,0.036247848500590985,100000
jaou7_6750p,0.4564492407844804,9.64461284977769,0.03906536524830387,100000
jaou7_6800p,0.4564492407844804,9.896429473040016,0.039625960073895516,100000
jaou7_6900p,0.4564492407844804,10.409170993469052,0.040743497929596674,100000
jaou7_7000p,0.4564492407844804,10.934536544446516,0.04185385917156002,100000
jaou7_7400p,0.4564492407844804,13.15707736960906,0.0462121481918901,100000
jaou7_7450p,0.4564492407844804,13.44745953661039,0.04674786711466489,100000
jaou7_7500p,0.4564492407844804,13.740650559443342,0.047280992989394185,100000
jaou7_6820c,0.46024421443866576,14.478421288171045,0.08172368986555123,100000
jaou7_6825c,0.46024421443866576,14.456193698093458,0.0816784818385755,100000
jaou7_6860c,0.46024421443866576,14.30140997457529,0.0813618405352658,100000
jaou7_6900c,0.46024421443866576,14.126369126791118,0.08099937411985571,100000
jaou7_6905c,0.46024421443866576,14.104631798550253,0.08095401624052703,100000
jaou7_6930c,0.46024421443866576,13.996435035962774,0.08072704083823876,100000
jaou7_7000c,0.46024421443866576,13.69770096950793,0.08009012498517379,100000
jaou7_7110c,0.46024421443866576,13.240469419981627,0.07908597700671598,100000
jaou7_7200c,0.46024421443866576,12.877198071616423,0.078262156145854,100000
jaou7_7335c,0.46024421443866576,12.34975396360987,0.07702450968860831,100000
jaou7_7400c,0.46024421443866576,12.102857391544617,0.07642864260572735,100000
jaou7_7450c,0.46024421443866576,11.915954277410206,0.07597053810213368,100000
jaou7_7500c,0.46024421443866576,11.731827276012813,0.07551244777162652,100000
jaou7_7542c,0.46024421443866576,11.579068974855092,0.07512805590471373,100000
jaou7_7550c,0.46024421443866576,11.55018596844304,0.07505485683398061,100000
jaou7_7600c,0.46024421443866576,11.371199436871246,0.07459753416035442,100000
jaou7_7610c,0.46024421443866576,11.335731987623147,0.07450608678613847,100000
jaou7_7705c,0.46024421443866576,11.003826526217582,0.07363835567537143,100000
jaou7_7710c,0.46024421443866576,10.986605435945357,0.07359274586977206,100000
jaou7_7725c,0.46024421443866576,10.935108247352899,0.07345592758201776,100000
jaou7_5800p,0.46024421443866576,5.563569197733632,0.02858048283272005,100000
jaou7_5900p,0.46024421443866576,5.945379984468507,0.02971211021799859,100000
jaou7_6000p,0.46024421443866576,6.3408926580103,0.0308471507977362,100000
jaou7_6200p,0.46024421443866576,7.174016714590609,0.033120226401292564,100000
jaou7_6420p,0.46024421443866576,8.15422981619431,0.03561709975727116,100000
jaou7_6500p,0.46024421443866576,8.526028281571277,0.03652407971754747,100000
jaou7_6750p,0.46024421443866576,9.74182706723604,0.03934218191629932,100000
jaou7_6800p,0.46024421443866576,9.99423601892733,0.03990293879012283,100000
jaou7_6900p,0.46024421443866576,10.508135101747113,0.041020648440486376,100000
jaou7_7000p,0.46024421443866576,11.034619530395894,0.04213099900965786,100000
jaou7_7400p,0.46024421443866576,13.260386296160453,0.04648996672400821,100000
jaou7_7450p,0.46024421443866576,13.551059474992023,0.04702580933562475,100000
jaou7_7500p,0.46024421443866576,13.844508766560613,0.04755909835243317,100000
jaou7_6820c,0.4640391880928511,14.574997097562767,0.08254471777130733,100000
jaou7_6825c,0.4640391880928511,14.552825906143978,0.0824995611345703,100000
jaou7_6860c,0.4640391880928511,14.398423439965471,0.08218329677448022,100000
jaou7_6900c,0.4640391880928511,14.223867731742564,0.08182115966650273,100000
jaou7_6905c,0.4640391880928511,14.202189969650265,0.08177584374144209,100000
jaou7_6930c,0.4640391880928511,14.094270732065732,0.08154910958849307,100000
jaou7_7000c,0.4640391880928511,13.7963102829921,0.08091284057500524,100000
jaou7_7110c,0.4640391880928511,13.340149564356167,0.07990984860911382,100000
jaou7_7200c,0.4640391880928511,12.977661142321375,0.07908702563189475,100000
jaou7_7335c,0.4640391880928511,12.451196894236443,0.07785100856189357,100000
jaou7_7400c,0.4640391880928511,12.204684712664385,0.07725598295101124,100000
jaou7_7450c,0.4640391880928511,12.018076959993989,0.07679848812161531,100000
jaou7_7500c,0.4640391880928511,11.834206739531291,0.07634103376545409,100000
jaou7_7542c,0.4640391880928511,11.681648565100973,0.07595717389866918,100000
jaou7_7550c,0.4640391880928511,11.652806559220412,0.0758840689265884,100000
jaou7_7600c,0.4640391880928511,11.474046051001357,0.07542736055796755,100000
jaou7_7610c,0.4640391880928511,11.438621522237202,0.07533603527365652,100000
jaou7_7705c,0.4640391880928511,11.107053866488862,0.07446949845579268,100000
jaou7_7710c,0.4640391880928511,11.08984962802144,0.07442394929009677,100000
jaou7_7725c,0.4640391880928511,11.0384011762321,0.07428731343156762,100000
jaou7_5800p,0.4640391880928511,5.644106232721815,0.028850231257715832,100000
jaou7_5900p,0.4640391880928511,6.027978822887547,0.02998325515725603,100000
jaou7_6000p,0.4640391880928511,6.4256134348458,0.031119205159415245,100000
jaou7_6200p,0.4640391880928511,7.262724618574227,0.03339357148284756,100000
jaou7_6420p,0.4640391880928511,8.246674166784883,0.03589169860107199,100000
jaou7_6500p,0.4640391880928511,8.619735407103892,0.03679893875639673,100000
jaou7_6750p,0.4640391880928511,9.839020782660539,0.03961765257911994,100000
jaou7_6800p,0.4640391880928511,10.09202715033589,0.04017854518773732,100000
jaou7_6900p,0.4640391880928511,10.607075311995583,0.041296424467712825,100000
jaou7_7000p,0.4640391880928511,11.13467044917709,0.0424067669267023,100000
jaou7_7400p,0.4640391880928511,13.363655222577243,0.046766400858821784,100000
jaou7_7450p,0.4640391880928511,13.65462376287283,0.04730235469603682,100000
jaou7_7500p,0.4640391880928511,13.948329835376118,0.047835812046359054,100000
jaou7_6820c,0.46783416174703646,14.67153216655372,0.08336944390253902,100000
jaou7_6825c,0.46783416174703646,14.649417259514928,0.08332433866517125,100000
jaou7_6860c,0.46783416174703646,14.495424288942365,0.08300840050125453,100000
jaou7_6900c,0.46783416174703646,14.321334100169125,0.0826466259318155,100000
jaou7_6905c,0.46783416174703646,14.299716835291912,0.08260135022217863,100000
jaou7_6930c,0.46783416174703646,14.192070900237928,0.08237486405323949,100000
jaou7_7000c,0.46783416174703646,13.8948791955898,0.08173924900372197,100000
jaou7_7110c,0.46783416174703646,13.43977618092223,0.08073743450914782,100000
jaou7_7200c,0.46783416174703646,13.07806435345761,0.07991562058424749,100000
jaou7_7335c,0.46783416174703646,12.552584810652116,0.07868122886691331,100000
jaou7_7400c,0.46783416174703646,12.306458470911355,0.07808704556463458,100000
jaou7_7450c,0.46783416174703646,12.120151023195659,0.07763015570028073,100000
jaou7_7500c,0.46783416174703646,11.93653266160432,0.07717334854368703,100000
jaou7_7542c,0.46783416174703646,11.784183028226607,0.07679001111235108,100000
jaou7_7550c,0.46783416174703646,11.755374289471023,0.07671701282009727,100000
jaou7_7600c,0.46783416174703646,11.576846277411548,0.07626091351624369,100000
jaou7_7610c,0.46783416174703646,11.541462289013843,0.07616971493859716,100000
jaou7_7705c,0.46783416174703646,11.210239452550793,0.07530437249026325,100000
jaou7_7710c,0.46783416174703646,11.193053552994309,0.07525888237069993,100000
jaou7_7725c,0.46783416174703646,11.141651453677598,0.07512243438292002,100000
jaou7_5800p,0.46783416174703646,5.7247290317414254,0.02911887177511799,100000
jaou7_5900p,0.46783416174703646,6.110690185894053,0.030253166098429898,100000
jaou7_6000p,0.46783416174703646,6.510418956571466,0.031390016980230355,100000
jaou7_6200p,0.46783416174703646,7.351498584929735,0.03366559785164331,100000
jaou7_6420p,0.46783416174703646,8.339124728646786,0.03616500421196109,100000
jaou7_6500p,0.46783416174703646,8.713468162875667,0.037072426892469604,100000
jaou7_6750p,0.46783416174703646,9.936173040673053,0.03989183124693225,100000
jaou7_6800p,0.46783416174703646,10.189791377306447,0.040452810450278716,100000
jaou7_6900p,0.46783416174703646,10.705996199983376,0.041570817052794216,100000
jaou7_7000p,0.46783416174703646,11.23469388133602,0.04268115401473207,100000
jaou7_7400p,0.46783416174703646,13.466883500385443,0.047041455767371274,100000
jaou7_7450p,0.46783416174703646,13.758152345635729,0.047577506591285096,100000
jaou7_7500p,0.46783416174703646,14.052110277010375,0.04811114740258435,100000
jaou7_6820c,0.47162913540122176,14.76802666940931,0.08419788653352717,100000
jaou7_6825c,0.47162913540122176,14.745965061537758,0.08415283774867229,100000
jaou7_6860c,0.47162913540122176,14.592387340573785,0.08383721446811734,100000
jaou7_6900c,0.47162913540122176,14.418766632333062,0.08347579446541668,100000
jaou7_6905c,0.47162913540122176,14.397201640916611,0.08343057308934017,100000
jaou7_6930c,0.47162913540122176,14.289835995519569,0.0832043222469987,100000
jaou7_7000c,0.47162913540122176,13.993393871934586,0.08256939268527963,100000
jaou7_7110c,0.47162913540122176,13.539359391092281,0.08156873683123007,100000
jaou7_7200c,0.47162913540122176,13.178410369422334,0.08074795564650986,100000
jaou7_7335c,0.47162913540122176,12.653920341953677,0.07951518543987988,100000
jaou7_7400c,0.47162913540122176,12.40817812556107,0.07892185031131772,100000
jaou7_7450c,0.47162913540122176,12.222176842095065,0.07846555925065471,100000
jaou7_7500c,0.47162913540122176,12.038806894529202,0.07800940816970109,100000
jaou7_7542c,0.47162913540122176,11.886666090340205,0.07762659607209452,100000
jaou7_7550c,0.47162913540122176,11.857891770685988,0.07755370337594136,100000
jaou7_7600c,0.47162913540122176,11.679599987896067,0.07709821204164106,100000
jaou7_7610c,0.47162913540122176,11.644257542384507,0.0770071396356392,100000
jaou7_7705c,0.47162913540122176,11.313383590964246,0.07614299592897449,100000
jaou7_7710c,0.47162913540122176,11.296217674649847,0.07609756302236377,100000
jaou7_7725c,0.47162913540122176,11.244860683684022,0.07596130661145412,100000
jaou7_5800p,0.47162913540122176,5.805444650699596,0.02938638177720951,100000
jaou7_5900p,0.47162913540122176,6.193511363835975,0.030521842419392972,100000
jaou7_6000p,0.47162913540122176,6.5953118281486445,0.03165957617214121,100000
jaou7_6200p,0.47162913540122176,7.4403473250429775,0.03393628465164064,100000
jaou7_6420p,0.47162913540122176,8.431607353314277,0.036436956818590605,100000
jaou7_6500p,0.47162913540122176,8.807197995838186,0.03734461158367753,100000
jaou7_6750p,0.47162913540122176,10.03330026581824,0.040164679076044776,100000
jaou7_6800p,0.47162913540122176,10.287528190813607,0.04072573810763925,100000
jaou7_6900p,0.47162913540122176,10.804896194066112,0.0418438330247064,100000
jaou7_7000p,0.47162913540122176,11.3346760195996,0.042954199644091716,100000
jaou7_7400p,0.47162913540122176,13.57007061695396,0.047315136227995436,100000
jaou7_7450p,0.47162913540122176,13.861645626453933,0.047851267076664115,100000
jaou7_7500p,0.47162913540122176,14.155851971854055,0.04838510208111618,100000
jaou7_6820c,0.4754241090554071,14.864472824188406,0.08503007806154711,100000
jaou7_6825c,0.4754241090554071,14.842462942231027,0.08498508830510591,100000
jaou7_6860c,0.4754241090554071,14.68931777646817,0.08466974856219846,100000
jaou7_6900c,0.4754241090554071,14.51615418498787,0.08430870347057563,100000
jaou7_6905c,0.4754241090554071,14.494643089575893,0.08426353350296675,100000
jaou7_6930c,0.4754241090554071,14.387568811439948,0.08403749840757761,100000
jaou7_7000c,0.4754241090554071,14.091856440412252,0.08340328701643814,100000
jaou7_7110c,0.4754241090554071,13.6388931833938,0.08240378469835039,100000
jaou7_7200c,0.4754241090554071,13.27870794190794,0.08158403569716481,100000
jaou7_7335c,0.4754241090554071,12.755200287665788,0.08035290257645986,100000
jaou7_7400c,0.4754241090554071,12.509845652270858,0.07976041325778117,100000
jaou7_7450c,0.4754241090554071,12.324154424645267,0.0793047179164761,100000
jaou7_7500c,0.4754241090554071,12.141027649688493,0.07884923449564932,100000
jaou7_7542c,0.4754241090554071,11.989095763474156,0.07846695087131549,100000
jaou7_7550c,0.4754241090554071,11.960361994833704,0.07839415505521673,100000
jaou7_7600c,0.4754241090554071,11.782304576507544,0.07793927904712177,100000
jaou7_7610c,0.4754241090554071,11.747004621114375,0.07784833234086805,100000
jaou7_7705c,0.4754241090554071,11.416486637335382,0.0769853870221632,100000
jaou7_7710c,0.4754241090554071,11.399340118543957,0.07694001279600828,100000
jaou7_7725c,0.4754241090554071,11.348030319424854,0.07680394669607143,100000
jaou7_5800p,0.4754241090554071,5.886262353506151,0.02965273483941538,100000
jaou7_5900p,0.4754241090554071,6.276426413549316,0.030789310704261347,100000
jaou7_6000p,0.4754241090554071,6.680280318787846,0.03192790229385944,100000
jaou7_6200p,0.4754241090554071,7.529260854886931,0.034205651401213226,100000
jaou7_6420p,0.4754241090554071,8.524108112425033,0.036707588674930805,100000
jaou7_6500p,0.4754241090554071,8.900943036958695,0.0376154506189746,100000
jaou7_6750p,0.4754241090554071,10.130413161911042,0.04043617148691462,100000
jaou7_6800p,0.4754241090554071,10.385237177519143,0.040997331605741844,100000
jaou7_6900p,0.4754241090554071,10.90376417938347,0.04211550378379998,100000
jaou7_7000p,0.4754241090554071,11.434619020739822,0.04322590115330422,100000
jaou7_7400p,0.4754241090554071,13.673218576326294,0.047587439774064696,100000
jaou7_7450p,0.4754241090554071,13.965103641666687,0.04812363924632986,100000
jaou7_7500p,0.4754241090554071,14.259553159675894,0.0486576843582667,100000
jaou7_6820c,0.47921908270959246,14.960874250135436,0.08586603106757121,100000
jaou7_6825c,0.47921908270959246,14.93892902194115,0.08582107759796381,100000
jaou7_6860c,0.47921908270959246,14.786209378382027,0.0855060326020716,100000
jaou7_6900c,0.47921908270959246,14.61350220527658,0.08514536262828343,100000
jaou7_6905c,0.47921908270959246,14.592051178073248,0.0851002333393354,100000
jaou7_6930c,0.47921908270959246,14.485265810814646,0.08487441771020146,100000
jaou7_7000c,0.47921908270959246,14.1902770345333,0.08424093404270316,100000
jaou7_7110c,0.47921908270959246,13.738385731061195,0.08324258388331203,100000
jaou7_7200c,0.47921908270959246,13.37895951579798,0.0824238761062273,100000
jaou7_7335c,0.47921908270959246,12.85642046090764,0.0811944062564851,100000
jaou7_7400c,0.47921908270959246,12.611459023919412,0.08060275690886202,100000
jaou7_7450c,0.47921908270959246,12.426078345737405,0.08014765944296996,100000
jaou7_7500c,0.47921908270959246,12.243193101579324,0.07969284957721769,100000
jaou7_7542c,0.47921908270959246,12.091475159520563,0.0793110899485504,100000
jaou7_7550c,0.47921908270959246,12.062779475098159,0.07923839542955867,100000
jaou7_7600c,0.47921908270959246,11.884959783329819,0.07878413405368312,100000
jaou7_7610c,0.47921908270959246,11.849705005301725,0.07869330993637486,100000
jaou7_7705c,0.47921908270959246,11.519548432364054,0.07783156495369283,100000
jaou7_7710c,0.47921908270959246,11.50241608368588,0.07778625773853302,100000
jaou7_7725c,0.47921908270959246,11.451156920699415,0.07765037862341821,100000
jaou7_5800p,0.47921908270959246,5.967199206468788,0.029917890493934774,100000
jaou7_5900p,0.47921908270959246,6.359454852362618,0.031055525178017764,100000
jaou7_6000p,0.47921908270959246,6.765356872638542,0.03219492355388672,100000
jaou7_6200p,0.47921908270959246,7.6182545554978445,0.03447366271448153,100000
jaou7_6420p,0.47921908270959246,8.616626320545278,0.036976901319878755,100000
jaou7_6500p,0.47921908270959246,8.994698714295351,0.037884955503813655,100000
jaou7_6750p,0.47921908270959246,10.22751470367095,0.04070630325156189,100000
jaou7_6800p,0.47921908270959246,10.482918799807505,0.041267592131699164,100000
jaou7_6900p,0.47921908270959246,11.002605631758769,0.042385817906418446,100000
jaou7_7000p,0.47921908270959246,11.534533046947457,0.04349623472495266,100000
jaou7_7400p,0.47921908270959246,13.776325380061442,0.04785837541563703,100000
jaou7_7450p,0.47921908270959246,14.068520994845414,0.048394641934340225,100000
jaou7_7500p,0.47921908270959246,14.363212043653316,0.04892890261407609,100000
jaou7_6820c,0.4830140563637778,15.057260415647816,0.08670571329587703,100000
jaou7_6825c,0.4830140563637778,15.035383121891437,0.08666079024075588,100000
jaou7_6860c,0.4830140563637778,14.883069431936965,0.08634607317826307,100000
jaou7_6900c,0.4830140563637778,14.710817678583288,0.08598577918586628,100000
jaou7_6905c,0.4830140563637778,14.689420803540711,0.08594070061850023,100000
jaou7_6930c,0.4830140563637778,14.582926876653266,0.08571509972666937,100000
jaou7_7000c,0.4830140563637778,14.28866063429445,0.08508234473948335,100000
jaou7_7110c,0.4830140563637778,13.837828177805335,0.08408516848731216,100000
jaou7_7200c,0.4830140563637778,13.47915597503567,0.08326751118542351,100000
jaou7_7335c,0.4830140563637778,12.957583056728748,0.08203971248814432,100000
jaou7_7400c,0.4830140563637778,12.713021824863484,0.08144889513801636,100000
jaou7_7450c,0.4830140563637778,12.52794619677125,0.08099440701087647,100000
jaou7_7500c,0.4830140563637778,12.345307289163797,0.08054026661132203,100000
jaou7_7542c,0.4830140563637778,12.19380545666261,0.08015903087209893,100000
jaou7_7550c,0.4830140563637778,12.165145182339577,0.08008644237879449,100000
jaou7_7600c,0.4830140563637778,11.987567398133242,0.07963279364473826,100000
jaou7_7610c,0.4830140563637778,11.952356525829117,0.07954209496517925,100000
jaou7_7705c,0.4830140563637778,11.622563429397193,0.07868155704619655,100000
jaou7_7710c,0.4830140563637778,11.605445310555776,0.07863631731797466,100000
jaou7_7725c,0.4830140563637778,11.554241069247798,0.07850062060457559,100000
jaou7_5800p,0.4830140563637778,6.048227436739004,0.03018189696769474,100000
jaou7_5900p,0.4830140563637778,6.442602921253546,0.031320468668856974,100000
jaou7_6000p,0.4830140563637778,6.850536684164125,0.03246064655587073,100000
jaou7_6200p,0.4830140563637778,7.707272486392694,0.03474043993488774,100000
jaou7_6420p,0.4830140563637778,8.70914892039653,0.03724492512642215,100000
jaou7_6500p,0.4830140563637778,9.088465571501702,0.038153125617857796,100000
jaou7_6750p,0.4830140563637778,10.324600264542946,0.04097508813340195,100000
jaou7_6800p,0.4830140563637778,10.580564879605705,0.0415365428163769,100000
jaou7_6900p,0.4830140563637778,11.101427565551806,0.04265475999580276,100000
jaou7_7000p,0.4830140563637778,11.634423107194943,0.04376519015111456,100000
jaou7_7400p,0.4830140563637778,13.87939464149184,0.0481279359996796,100000
jaou7_7450p,0.4830140563637778,14.171895306365592,0.048664285244759,100000
jaou7_7500p,0.4830140563637778,14.466832691724122,0.0491987480077956,100000
jaou7_6820c,0.48680903001796316,15.153614958995162,0.08754917251751454,100000
jaou7_6825c,0.48680903001796316,15.13179284002161,0.08750430193776053,100000
jaou7_6860c,0.48680903001796316,14.979897021819552,0.087189891265147,100000
jaou7_6900c,0.48680903001796316,14.808094912327496,0.08682998236061104,100000
jaou7_6905c,0.48680903001796316,14.786762821309384,0.08678493625424015,100000
jaou7_6930c,0.48680903001796316,14.680553604007494,0.08655956117752708,100000
jaou7_7000c,0.48680903001796316,14.387003661409814,0.08592754467123184,100000
jaou7_7110c,0.48680903001796316,13.937216650050111,0.08493156450566572,100000
jaou7_7200c,0.48680903001796316,13.579299994448661,0.0841149562661079,100000
jaou7_7335c,0.48680903001796316,13.05868499549706,0.08288884577885942,100000
jaou7_7400c,0.48680903001796316,12.814528657708474,0.0822988560187959,100000
jaou7_7450c,0.48680903001796316,12.629756871073194,0.08184498192421863,100000
jaou7_7500c,0.48680903001796316,12.447370260045906,0.08139150508984964,100000
jaou7_7542c,0.48680903001796316,12.296079459520866,0.08101080411663686,100000
jaou7_7550c,0.48680903001796316,12.26746191988795,0.08093831115221573,100000
jaou7_7600c,0.48680903001796316,12.090125175894466,0.08048528066230594,100000
jaou7_7610c,0.48680903001796316,12.054958572475863,0.08039470778222342,100000
jaou7_7705c,0.48680903001796316,11.725530881819546,0.07953538367130028,100000
jaou7_7710c,0.48680903001796316,11.70842879788673,0.07949020932057212,100000
jaou7_7725c,0.48680903001796316,11.657280471700979,0.07935469525224015,100000
jaou7_5800p,0.48680903001796316,6.129381093175988,0.030444679666081696,100000
jaou7_5900p,0.48680903001796316,6.5258510650321915,0.03158417638749633,100000
jaou7_6000p,0.48680903001796316,6.935806831840547,0.03272509456197082,100000
jaou7_6200p,0.48680903001796316,7.796342276393962,0.03500591981588209,100000
jaou7_6420p,0.48680903001796316,8.80170282792683,0.03751159741658218,100000
jaou7_6500p,0.48680903001796316,9.182250202692913,0.03841994606991593,100000
jaou7_6750p,0.48680903001796316,10.421657979542552,0.04124255820060121,100000
jaou7_6800p,0.48680903001796316,10.678178337179357,0.04180417854832399,100000
jaou7_6900p,0.48680903001796316,11.200224317454488,0.04292234749114558,100000
jaou7_7000p,0.48680903001796316,11.734285652468772,0.04403277990247232,100000
jaou7_7400p,0.48680903001796316,13.982420992495301,0.048396140222444956,100000
jaou7_7450p,0.48680903001796316,14.275225498826005,0.04893257549943346,100000
jaou7_7500p,0.48680903001796316,14.570415180764702,0.04946722339986464,100000
jaou7_6820c,0.4906040036721485,15.249933789722396,0.08839643539117652,100000
jaou7_6825c,0.4906040036721485,15.228171167230313,0.08835160964729788,100000
jaou7_6860c,0.4906040036721485,15.076681948329655,0.0880375239490571,100000
jaou7_6900c,0.4906040036721485,14.905344535135196,0.08767797359332893,100000
jaou7_6905c,0.4906040036721485,14.884062782622918,0.08763298448730941,100000
jaou7_6930c,0.4906040036721485,14.778132222015579,0.08740784509186487,100000
jaou7_7000c,0.4906040036721485,14.485295793055755,0.08677657084961322,100000
jaou7_7110c,0.4906040036721485,14.036557122676625,0.08578178188482659,100000
jaou7_7200c,0.4906040036721485,13.679392947518366,0.08496622891516589,100000
jaou7_7335c,0.4906040036721485,13.159729119677682,0.08374182144222155,100000
jaou7_7400c,0.4906040036721485,12.915982581370528,0.08315265458655294,100000
jaou7_7450c,0.4906040036721485,12.731509813153515,0.08269940480021078,100000
jaou7_7500c,0.4906040036721485,12.549378966039358,0.08224658941000564,100000
jaou7_7542c,0.4906040036721485,12.398303415832634,0.08186641987503591,100000
jaou7_7550c,0.4906040036721485,12.369726066399837,0.0817940269261678,100000
jaou7_7600c,0.4906040036721485,12.19263358199866,0.08134161401745883,100000
jaou7_7610c,0.4906040036721485,12.157509592036535,0.08125117031882773,100000
jaou7_7705c,0.4906040036721485,11.828450156417299,0.08039306520035121,100000
jaou7_7710c,0.4906040036721485,11.811369052314632,0.08034794948882384,100000
jaou7_7725c,0.4906040036721485,11.760273837248343,0.08021262386839818,100000
jaou7_5800p,0.4906040036721485,6.21064671409928,0.030706259848410397,100000
jaou7_5900p,0.4906040036721485,6.6091923420353815,0.03184665797933253,100000
jaou7_6000p,0.4906040036721485,7.021165587057278,0.032988268117380815,100000
jaou7_6200p,0.4906040036721485,7.885442677158335,0.03527014813166498,100000
jaou7_6420p,0.4906040036721485,8.8942836185759,0.03777692890286834,100000
jaou7_6500p,0.4906040036721485,9.276044803350166,0.038685436339915356,100000
jaou7_6750p,0.4906040036721485,10.518689191981755,0.04150871215777534,100000
jaou7_6800p,0.4906040036721485,10.775789660759212,0.04207042395226072,100000
jaou7_6900p,0.4906040036721485,11.299006545663197,0.04318855543862863,100000
jaou7_7000p,0.4906040036721485,11.834110389515722,0.044299034362435055,100000
jaou7_7400p,0.4906040036721485,14.085407521558365,0.04866298236431795,100000
jaou7_7450p,0.4906040036721485,14.378511046307338,0.04919951738300853,100000
jaou7_7500p,0.4906040036721485,14.673956492159164,0.04973434073493832,100000
jaou7_6820c,0.49439897732633387,15.346214850612453,0.08924752507957703,100000
jaou7_6825c,0.49439897732633387,15.324512724163027,0.08920274235119674,100000
jaou7_6860c,0.49439897732633387,15.173423933931186,0.08888899140116323,100000
jaou7_6900c,0.49439897732633387,15.002552060940369,0.08852979737773403,100000
jaou7_6905c,0.49439897732633387,14.981334632671922,0.08848484143040548,100000
jaou7_6930c,0.49439897732633387,14.875665918771313,0.08825996585177094,100000
jaou7_7000c,0.49439897732633387,14.583549635122973,0.0876294220758695,100000
jaou7_7110c,0.49439897732633387,14.135843924575546,0.08663584985125836,100000
jaou7_7200c,0.49439897732633387,13.779421216085794,0.0858213710680648,100000
jaou7_7335c,0.49439897732633387,13.260711488964693,0.08459866562477142,100000
jaou7_7400c,0.49439897732633387,13.017382959240246,0.08401031178397442,100000
jaou7_7450c,0.49439897732633387,12.833202203011005,0.08355769988265785,100000
jaou7_7500c,0.49439897732633387,12.651334977481566,0.08310553706296955,100000
jaou7_7542c,0.49439897732633387,12.500476587206661,0.08272589912035132,100000
jaou7_7550c,0.49439897732633387,12.471942155517414,0.0826536026853629,100000
jaou7_7600c,0.49439897732633387,12.295091303718369,0.08220181546511839,100000
jaou7_7610c,0.49439897732633387,12.260008420184171,0.08211150407785167,100000
jaou7_7705c,0.49439897732633387,11.931324630058068,0.08125461627372918,100000
jaou7_7710c,0.49439897732633387,11.914263773436797,0.08120956081754428,100000
jaou7_7725c,0.49439897732633387,11.863217864766051,0.08107443086600909,100000
jaou7_5800p,0.49439897732633387,6.2920169035062985,0.030966646620151167,100000
jaou7_5900p,0.49439897732633387,6.692618759048481,0.03210792518990469,100000
jaou7_6000p,0.49439897732633387,7.1065909101355205,0.03325021026231274,100000
jaou7_6200p,0.49439897732633387,7.974561848564447,0.03553314949501102,100000
jaou7_6420p,0.49439897732633387,8.986879623125402,0.038040947519687486,100000
jaou7_6500p,0.49439897732633387,9.369848270168953,0.03894959999766269,100000
jaou7_6750p,0.49439897732633387,10.615692879854915,0.041773554841327235,100000
jaou7_6800p,0.49439897732633387,10.873383246439452,0.042335321540762756,100000
jaou7_6900p,0.49439897732633387,11.397759793981612,0.04345342428289156,100000
jaou7_7000p,0.49439897732633387,11.933909954096183,0.0445639227879572,100000
jaou7_7400p,0.49439897732633387,14.188353621941328,0.04892846738067134,100000
jaou7_7450p,0.49439897732633387,14.481749158678074,0.04946512220958867,100000
jaou7_7500p,0.49439897732633387,14.777458226114614,0.050000098343272584,100000
jaou7_6820c,0.4981939509805192,15.44246422018792,0.09010245097035123,100000
jaou7_6825c,0.4981939509805192,15.420822603448132,0.09005771112360626,100000
jaou7_6860c,0.4981939509805192,15.270132850201255,0.08974429662321093,100000
jaou7_6900c,0.4981939509805192,15.099730019321727,0.08938545235905765,100000
jaou7_6905c,0.4981939509805192,15.078565467782747,0.08934054890058507,100000
jaou7_6930c,0.4981939509805192,14.973158641714512,0.08911593672991901,100000
jaou7_7000c,0.4981939509805192,14.681759072863974,0.08848612854411761,100000
jaou7_7110c,0.4981939509805192,14.23508071175449,0.08749378252032017,100000
jaou7_7200c,0.4981939509805192,13.879396088305707,0.0866803846598072,100000
jaou7_7335c,0.4981939509805192,13.361637092896908,0.0854593906242989,100000
jaou7_7400c,0.4981939509805192,13.118731357051937,0.08487184531205148,100000
jaou7_7450c,0.4981939509805192,12.934833854421987,0.08441988753008657,100000
jaou7_7500c,0.4981939509805192,12.753238990915385,0.08396836704777458,100000
jaou7_7542c,0.4981939509805192,12.60259703867048,0.08358926480282823,100000
jaou7_7550c,0.4981939509805192,12.574109655346742,0.08351705925748805,100000
jaou7_7600c,0.4981939509805192,12.397496115790158,0.08306590827974228,100000
jaou7_7610c,0.4981939509805192,12.362453498701099,0.08297573131113407,100000
jaou7_7705c,0.4981939509805192,12.034154185221997,0.08212005685683049,100000
jaou7_7710c,0.4981939509805192,12.017112254511398,0.08207506412988741,100000
jaou7_7725c,0.4981939509805192,11.966115469158627,0.08194013171930445,100000
jaou7_5800p,0.4981939509805192,6.373492108342922,0.031225833624771892,100000
jaou7_5900p,0.4981939509805192,6.776121072580173,0.03236799291831143,100000
jaou7_6000p,0.4981939509805192,7.1920823795037325,0.033510918751266806,100000
jaou7_6200p,0.4981939509805192,8.06370246556942,0.035794916124882045,100000
jaou7_6420p,0.4981939509805192,9.079475847021756,0.03830368882704197,100000
jaou7_6500p,0.4981939509805192,9.463645834381174,0.039212473430388,100000
jaou7_6750p,0.4981939509805192,10.712667876106613,0.04203709140709241,100000
jaou7_6800p,0.4981939509805192,10.970953699942925,0.0425988874215874,100000
jaou7_6900p,0.4981939509805192,11.496496622158741,0.043716923958260184,100000
jaou7_7000p,0.4981939509805192,12.033678261632957,0.044827464528558215,100000
jaou7_7400p,0.4981939509805192,14.291260889548788,0.049192593804797534,100000
jaou7_7450p,0.4981939509805192,14.584939679884817,0.04972939355913258,100000
jaou7_7500p,0.4981939509805192,14.880921109344202,0.05026449710201234,100000
