contract_id,sigma,model_price,pricing_se,n_paths
jaou7_6820c,0.34430911257525915,10.58519787756692,0.05655607516262166,100000
jaou7_6825c,0.34430911257525915,10.562480026876186,0.0565090982872762,100000
jaou7_6860c,0.34430911257525915,10.404538440946583,0.05617997443181541,100000
jaou7_6900c,0.34430911257525915,10.22636653579745,0.05580323555543156,100000
jaou7_6905c,0.34430911257525915,10.20426666401447,0.05575610714175226,100000
jaou7_6930c,0.34430911257525915,10.094372402885163,0.055520292071988366,100000
jaou7_7000c,0.34430911257525915,9.792191648975196,0.05485827300782654,100000
jaou7_7110c,0.34430911257525915,9.333476507003633,0.0538138311595565,100000
jaou7_7200c,0.34430911257525915,8.972251808162477,0.052957124945677496,100000
jaou7_7335c,0.34430911257525915,8.452985277340096,0.05167152537717598,100000
jaou7_7400c,0.34430911257525915,8.21223363746097,0.051053339081578136,100000
jaou7_7450c,0.34430911257525915,8.03093968663234,0.050578619106792906,100000
jaou7_7500c,0.34430911257525915,7.853231588565885,0.050104359671875584,100000
jaou7_7542c,0.34430911257525915,7.7065633576550105,0.04970663605468531,100000
jaou7_7550c,0.34430911257525915,7.678894029072502,0.04963095391331543,100000
jaou7_7600c,0.34430911257525915,7.507928966793143,0.04915845664411556,100000
jaou7_7610c,0.34430911257525915,7.474125902382828,0.049064093480070514,100000
jaou7_7705c,0.34430911257525915,7.159523923265051,0.04816994670158968,100000
jaou7_7710c,0.34430911257525915,7.143290655062454,0.04812300889000821,100000
jaou7_7725c,0.34430911257525915,7.094791206276157,0.0479822628174963,100000
jaou7_5800p,0.34430911257525915,3.7192640788015483,0.021464726499955723,100000
jaou7_5900p,0.34430911257525915,4.055656925852424,0.02255956503543372,100000
jaou7_6000p,0.34430911257525915,4.409243709549665,0.023663417649645854,100000
jaou7_6200p,0.34430911257525915,5.167822017427721,0.025890836344562206,100000
jaou7_6420p,0.34430911257525915,6.0828892753384824,0.028352676754557545,100000
jaou7_6500p,0.34430911257525915,6.436977745930126,0.0292463489040003,100000
jaou7_6750p,0.34430911257525915,7.611637438418013,0.03202978939410843,100000
jaou7_6800p,0.34430911257525915,7.859081031889101,0.0325825936478587,100000
jaou7_6900p,0.34430911257525915,8.365646042132765,0.033684268748694644,100000
jaou7_7000p,0.34430911257525915,8.888143269502603,0.03477809445726784,100000
jaou7_7400p,0.34430911257525915,11.134873714756742,0.03904287406329476,100000
jaou7_7450p,0.34430911257525915,11.43191582102416,0.03956331409955142,100000
jaou7_7500p,0.34430911257525915,11.732543780053751,0.04008015057307209,100000
jaou7_6820c,0.3481414600268664,10.685383517937483,0.05728437880352922,100000
jaou7_6825c,0.3481414600268664,10.662727282517245,0.05723744500710712,100000
jaou7_6860c,0.3481414600268664,10.505189196380407,0.056908660821466873,100000
jaou7_6900c,0.3481414600268664,10.327450565292017,0.056532330699823066,100000
jaou7_6905c,0.3481414600268664,10.305400947889597,0.0564852581870871,100000
jaou7_6930c,0.3481414600268664,10.195790890289441,0.056249654329283964,100000
jaou7_7000c,0.3481414600268664,9.894337681487862,0.055588277368594584,100000
jaou7_7110c,0.3481414600268664,9.436550683790704,0.05454499782956649,100000
jaou7_7200c,0.3481414600268664,9.075926916932179,0.05368929764007664,100000
jaou7_7335c,0.3481414600268664,8.557262295569744,0.05240531863563546,100000
jaou7_7400c,0.3481414600268664,8.316697226900228,0.0517879063984017,100000
jaou7_7450c,0.3481414600268664,8.135501731046539,0.051313774049127826,100000
jaou7_7500c,0.3481414600268664,7.957858325106173,0.05084008477476216,100000
jaou7_7542c,0.3481414600268664,7.811210491855962,0.050442837598377935,100000
jaou7_7550c,0.3481414600268664,7.783542315122407,0.05036724463000454,100000
jaou7_7600c,0.3481414600268664,7.612563925606297,0.04989529383912284,100000
jaou7_7610c,0.3481414600268664,7.578753273089317,0.04980103864004649,100000
jaou7_7705c,0.3481414600268664,7.264010635496266,0.04890787228184419,100000
jaou7_7710c,0.3481414600268664,7.247768294495765,0.04886098108806322,100000
jaou7_7725c,0.3481414600268664,7.199233248398323,0.0487203827895718,100000
jaou7_5800p,0.3481414600268664,3.7987825288698445,0.02177326219299434,100000
jaou7_5900p,0.3481414600268664,4.138010969738944,0.022870365557180274,100000
jaou7_6000p,0.3481414600268664,4.49434167539988,0.023976024651318574,100000
jaou7_6200p,0.3481414600268664,5.257783494356822,0.02620641120585092,100000
jaou7_6420p,0.3481414600268664,6.177782641258247,0.028669711770177447,100000
jaou7_6500p,0.3481414600268664,6.533368970826322,0.029563890942367034,100000
jaou7_6750p,0.3481414600268664,7.7120255185228,0.032348271109314396,100000
jaou7_6800p,0.3481414600268664,7.960104316579625,0.03290127936047397,100000
jaou7_6900p,0.3481414600268664,8.467815046410582,0.03400331455318174,100000
jaou7_7000p,0.3481414600268664,8.991374276798519,0.035097263298533736,100000
jaou7_7400p,0.3481414600268664,11.240422278979253,0.03936364324077402,100000
jaou7_7450p,0.3481414600268664,11.537562840221607,0.039884416778711664,100000
jaou7_7500p,0.3481414600268664,11.838255491377287,0.04040160726030005,100000
jaou7_6820c,0.3519738074784737,10.785538191450776,0.058015993028924975,100000
jaou7_6825c,0.3519738074784737,10.76293807355359,0.057969112147889315,100000
jaou7_6860c,0.3519738074784737,10.60580315370905,0.05764066551327562,100000
jaou7_6900c,0.3519738074784737,10.428493590847232,0.05726474932405359,100000
jaou7_6905c,0.3519738074784737,10.40650362847665,0.05721771529027257,100000
jaou7_6930c,0.3519738074784737,10.297176619555028,0.0569823236218568,100000
jaou7_7000c,0.3519738074784737,9.996448548750214,0.05632159144124797,100000
jaou7_7110c,0.3519738074784737,9.539584148225218,0.055279485965507,100000
jaou7_7200c,0.3519738074784737,9.179558066325162,0.05442480340579909,100000
jaou7_7335c,0.3519738074784737,8.661504787644006,0.053142446740362,100000
jaou7_7400c,0.3519738074784737,8.421132111213975,0.052525811394312484,100000
jaou7_7450c,0.3519738074784737,8.240041369458757,0.052052267845532824,100000
jaou7_7500c,0.3519738074784737,8.062469132946566,0.051579151338158234,100000
jaou7_7542c,0.3519738074784737,7.91584752819689,0.051182383518622906,100000
jaou7_7550c,0.3519738074784737,7.8881816842610695,0.05110688031179087,100000
jaou7_7600c,0.3519738074784737,7.717197739317999,0.05063548011186415,100000
jaou7_7610c,0.3519738074784737,7.683381264537738,0.050541333594028154,100000
jaou7_7705c,0.3519738074784737,7.368514736915403,0.049649158155821306,100000
jaou7_7710c,0.3519738074784737,7.35226411246224,0.049602314464819594,100000
jaou7_7725c,0.3519738074784737,7.303697454763408,0.04946186428086221,100000
jaou7_5800p,0.3519738074784737,3.8785625498489873,0.022080560602933022,100000
jaou7_5900p,0.3519738074784737,4.220577125061423,0.023179877839397015,100000
jaou7_6000p,0.3519738074784737,4.579585073055024,0.024287342131093428,100000
jaou7_6200p,0.3519738074784737,5.347871991973354,0.02652051245645434,100000
jaou7_6420p,0.3519738074784737,6.272748246257941,0.028985201417839765,100000
jaou7_6500p,0.3519738074784737,6.629782568983722,0.02987994047743107,100000
jaou7_6750p,0.3519738074784737,7.812406281028648,0.03266520175698132,100000
jaou7_6800p,0.3519738074784737,8.06110538765696,0.03321843184191456,100000
jaou7_6900p,0.3519738074784737,8.569955696110553,0.034320814468485866,100000
jaou7_7000p,0.3519738074784737,9.094582768205626,0.03541485333598275,100000
jaou7_7400p,0.3519738074784737,11.345954787437753,0.03968282500817772,100000
jaou7_7450p,0.3519738074784737,11.643200102778582,0.04020392356381699,100000
jaou7_7500p,0.3519738074784737,11.943963923362437,0.04072146037162585,100000
jaou7_6820c,0.35580615493008094,10.885654403558805,0.05875094741100152,100000
jaou7_6825c,0.35580615493008094,10.863112509586303,0.05870411514457766,100000
jaou7_6860c,0.35580615493008094,10.706383719415967,0.05837599797239613,100000
jaou7_6900c,0.35580615493008094,10.529510980203282,0.0580004793336005,100000
jaou7_6905c,0.35580615493008094,10.507581126263243,0.05795348268107303,100000
jaou7_6930c,0.35580615493008094,10.398530633560569,0.0577183140703893,100000
jaou7_7000c,0.35580615493008094,10.098521313669123,0.05705823661200847,100000
jaou7_7110c,0.35580615493008094,9.642575253093337,0.05601731463561511,100000
jaou7_7200c,0.35580615493008094,9.283148257145195,0.05516365332528517,100000
jaou7_7335c,0.35580615493008094,8.765711428336365,0.05388292760765026,100000
jaou7_7400c,0.35580615493008094,8.52553763103206,0.05326707056327113,100000
jaou7_7450c,0.35580615493008094,8.344557436520377,0.052794117474744405,100000
jaou7_7500c,0.35580615493008094,8.167062539553847,0.0523215764383886,100000
jaou7_7542c,0.35580615493008094,8.020472883008125,0.05192529069546757,100000
jaou7_7550c,0.35580615493008094,7.992810612500796,0.05184987767186887,100000
jaou7_7600c,0.35580615493008094,7.821828708170676,0.05137903194419419,100000
jaou7_7610c,0.35580615493008094,7.788008071555873,0.05128499487751042,100000
jaou7_7705c,0.35580615493008094,7.473034867902647,0.05039381906382864,100000
jaou7_7710c,0.35580615493008094,7.456776026586203,0.050347024763057406,100000
jaou7_7725c,0.35580615493008094,7.408180655071372,0.050206724444857034,100000
jaou7_5800p,0.35580615493008094,3.9585956717761355,0.02238661480414146,100000
jaou7_5900p,0.35580615493008094,4.3033357705226205,0.02348811914810866,100000
jaou7_6000p,0.35580615493008094,4.664985152096967,0.024597333492693482,100000
jaou7_6200p,0.35580615493008094,5.438098806335709,0.026833109723053885,100000
jaou7_6420p,0.35580615493008094,6.367772662421804,0.029299172409531334,100000
jaou7_6500p,0.35580615493008094,6.726232563032894,0.030194465312209637,100000
jaou7_6750p,0.35580615493008094,7.912777356960375,0.032980589536257154,100000
jaou7_6800p,0.35580615493008094,8.162089765797392,0.03353404084714652,100000
jaou7_6900p,0.35580615493008094,8.67208338097604,0.03463673390413966,100000
jaou7_7000p,0.35580615493008094,9.197765828633973,0.03573087624791272,100000
jaou7_7400p,0.35580615493008094,11.451470602765278,0.040000424262413,100000
jaou7_7450p,0.35580615493008094,11.748826465349639,0.04052184043104551,100000
jaou7_7500p,0.35580615493008094,12.049667625479154,0.04103971637334842,100000
jaou7_6820c,0.35963850238168826,10.9857382526487,0.05948924641667631,100000
jaou7_6825c,0.35963850238168826,10.963251956915562,0.05944246720732446,100000
jaou7_6860c,0.35963850238168826,10.806923897459738,0.059114686975906515,100000
jaou7_6900c,0.35963850238168826,10.630495231930576,0.05873955040754774,100000
jaou7_6905c,0.35963850238168826,10.608618414874366,0.058692603777551186,100000
jaou7_6930c,0.35963850238168826,10.499839433782755,0.0584576661781742,100000
jaou7_7000c,0.35963850238168826,10.200542583758768,0.05779825289400797,100000
jaou7_7110c,0.35963850238168826,9.745521567889282,0.05675850440675869,100000
jaou7_7200c,0.35963850238168826,9.386696558762107,0.05590586525803123,100000
jaou7_7335c,0.35963850238168826,8.86988359589651,0.05462677490224004,100000
jaou7_7400c,0.35963850238168826,8.629911996019556,0.05401170237407556,100000
jaou7_7450c,0.35963850238168826,8.449049277875233,0.05353933928648374,100000
jaou7_7500c,0.35963850238168826,8.271637311764588,0.053067376972497256,100000
jaou7_7542c,0.35963850238168826,8.125085259547129,0.052671575776568495,100000
jaou7_7550c,0.35963850238168826,8.09742754228589,0.05259625368933417,100000
jaou7_7600c,0.35963850238168826,7.926454870543725,0.05212596645262019,100000
jaou7_7610c,0.35963850238168826,7.892631885912697,0.05203203927148769,100000
jaou7_7705c,0.35963850238168826,7.5775684054878125,0.05114187191529478,100000
jaou7_7710c,0.35963850238168826,7.561301396622301,0.051095128848037026,100000
jaou7_7725c,0.35963850238168826,7.512679728255556,0.05095498065952206,100000
jaou7_5800p,0.35963850238168826,4.038854581945845,0.022691451456406074,100000
jaou7_5900p,0.35963850238168826,4.3862930737845796,0.023795060401778468,100000
jaou7_6000p,0.35963850238168826,4.750550524903741,0.024905968362749782,100000
jaou7_6200p,0.35963850238168826,5.5284602438962915,0.027144203671334893,100000
jaou7_6420p,0.35963850238168826,6.462844133904047,0.029611647760232934,100000
jaou7_6500p,0.35963850238168826,6.822726350262769,0.030507448503946745,100000
jaou7_6750p,0.35963850238168826,8.01312792801322,0.03329446311538473,100000
jaou7_6800p,0.35963850238168826,8.263065999767356,0.033848088783414554,100000
jaou7_6900p,0.35963850238168826,8.774190621867353,0.03495109544896727,100000
jaou7_7000p,0.35963850238168826,9.300910087887639,0.0360453705835468,100000
jaou7_7400p,0.35963850238168826,11.556967956916793,0.04031644915783225,100000
jaou7_7450p,0.35963850238168826,11.854441295868515,0.04083817190999158,100000
jaou7_7500p,0.35963850238168826,12.155365386853916,0.041356381082090506,100000
jaou7_6820c,0.36347084983329553,11.08578338056091,0.06023091770562219,100000
jaou7_6825c,0.36347084983329553,11.063358871190584,0.06018417979440735,100000
jaou7_6860c,0.36347084983329553,10.907424997994099,0.05985674619879105,100000
jaou7_6900c,0.36347084983329553,10.731443124424866,0.05948198464539652,100000
jaou7_6905c,0.36347084983329553,10.709622350808717,0.05943508236899164,100000
jaou7_6930c,0.36347084983329553,10.601104638018542,0.05920039328386097,100000
jaou7_7000c,0.36347084983329553,10.302525903474871,0.05854163275167751,100000
jaou7_7110c,0.36347084983329553,9.84842899961075,0.05750306162566503,100000
jaou7_7200c,0.36347084983329553,9.490200673930348,0.056651459484507345,100000
jaou7_7335c,0.36347084983329553,8.97402055689845,0.055374005883038036,100000
jaou7_7400c,0.36347084983329553,8.734253220217994,0.0547597257666707,100000
jaou7_7450c,0.36347084983329553,8.553515632418588,0.05428795076677001,100000
jaou7_7500c,0.36347084983329553,8.376192886904096,0.05381656898562681,100000
jaou7_7542c,0.36347084983329553,8.229683236304995,0.05342125581018512,100000
jaou7_7550c,0.36347084983329553,8.202031092350017,0.053346025282080205,100000
jaou7_7600c,0.36347084983329553,8.031074560180643,0.05287630053437943,100000
jaou7_7610c,0.36347084983329553,7.997250782572571,0.05278248396895949,100000
jaou7_7705c,0.36347084983329553,7.682113593177423,0.05189333261654862,100000
jaou7_7710c,0.36347084983329553,7.6658379498535245,0.051846643323941,100000
jaou7_7725c,0.36347084983329553,7.617192668602214,0.05170664894907426,100000
jaou7_5800p,0.36347084983329553,4.1193229061114405,0.022995079259643638,100000
jaou7_5900p,0.36347084983329553,4.469488897798298,0.02410061294387285,100000
jaou7_6000p,0.36347084983329553,4.836277394771435,0.02521324130190022,100000
jaou7_6200p,0.36347084983329553,5.6189159110344145,0.027453869232153223,100000
jaou7_6420p,0.36347084983329553,6.55795911489799,0.029922633020263868,100000
jaou7_6500p,0.36347084983329553,6.919232413537307,0.030818959622628057,100000
jaou7_6750p,0.36347084983329553,8.113458570359061,0.033606823756797265,100000
jaou7_6800p,0.36347084983329553,8.364019538629178,0.03416061423311849,100000
jaou7_6900p,0.36347084983329553,8.876274219758223,0.035263910837944015,100000
jaou7_7000p,0.36347084983329553,9.40402911300032,0.03635830554288969,100000
jaou7_7400p,0.36347084983329553,11.662444886511809,0.04063090843427643,100000
jaou7_7450p,0.36347084983329553,11.960043355808448,0.04115292432126292,100000
jaou7_7500p,0.36347084983329553,12.26105666739,0.041671458391200684,100000
jaou7_6820c,0.3673031972849028,11.18580118292578,0.060975956379934096,100000
jaou7_6825c,0.3673031972849028,11.163433170410991,0.06092926913024688,100000
jaou7_6860c,0.3673031972849028,11.00788865433148,0.06060218885329289,100000
jaou7_6900c,0.3673031972849028,10.832357348201231,0.06022779353522838,100000
jaou7_6905c,0.3673031972849028,10.810595829910012,0.06018092963303721,100000
jaou7_6930c,0.3673031972849028,10.702339625316656,0.05994648784093248,100000
jaou7_7000c,0.3673031972849028,10.404468018346865,0.059288398476726074,100000
jaou7_7110c,0.3673031972849028,9.95128984058419,0.05825101613506567,100000
jaou7_7200c,0.3673031972849028,9.593663642703998,0.05740044747263,100000
jaou7_7335c,0.3673031972849028,9.078122751167662,0.05612463605774675,100000
jaou7_7400c,0.3673031972849028,8.838562064956692,0.05551115545526284,100000
jaou7_7450c,0.3673031972849028,8.657955084685893,0.05503996981932469,100000
jaou7_7500c,0.3673031972849028,8.480727284096833,0.05456917092335824,100000
jaou7_7542c,0.3673031972849028,8.334265186427844,0.05417434836472972,100000
jaou7_7550c,0.3673031972849028,8.306619781502203,0.05409920972892048,100000
jaou7_7600c,0.3673031972849028,8.135686081985884,0.053630051356965816,100000
jaou7_7610c,0.3673031972849028,8.10186306530299,0.05353634604580579,100000
jaou7_7705c,0.3673031972849028,7.786667731675175,0.05264821874559613,100000
jaou7_7710c,0.3673031972849028,7.770383810845096,0.0526015844864174,100000
jaou7_7725c,0.3673031972849028,7.7217176720180944,0.05246174533002609,100000
jaou7_5800p,0.3673031972849028,4.200033880379603,0.023297419201489037,100000
jaou7_5900p,0.3673031972849028,4.552878623450743,0.02440484431300353,100000
jaou7_6000p,0.3673031972849028,4.9221910693592115,0.025519091684535703,100000
jaou7_6200p,0.3673031972849028,5.709465364898991,0.027762100345991712,100000
jaou7_6420p,0.3673031972849028,6.6531116232294565,0.03023213939046158,100000
jaou7_6500p,0.3673031972849028,7.015761589643089,0.031128973837253215,100000
jaou7_6750p,0.3673031972849028,8.213775161790881,0.03391765996148017,100000
jaou7_6800p,0.3673031972849028,8.464946178881224,0.03447163060898708,100000
jaou7_6900p,0.3673031972849028,8.978336888031134,0.03557517705280123,100000
jaou7_7000p,0.3673031972849028,9.507119672368859,0.03666969362084605,100000
jaou7_7400p,0.3673031972849028,11.767902175747054,0.04094380297056646,100000
jaou7_7450p,0.3673031972849028,12.065631252572299,0.041466104465170385,100000
jaou7_7500p,0.3673031972849028,12.366739509079286,0.041984956407961946,100000
jaou7_6820c,0.37113554473651006,11.285781166632269,0.06172439796889832,100000
jaou7_6825c,0.37113554473651006,11.26347508396048,0.061677751119313035,100000
jaou7_6860c,0.37113554473651006,11.10830698763121,0.06135104562970301,100000
jaou7_6900c,0.37113554473651006,10.933241629578834,0.060976986891841486,100000
jaou7_6905c,0.37113554473651006,10.911531514047248,0.060930175271920885,100000
jaou7_6930c,0.37113554473651006,10.803544818917583,0.060695965697999746,100000
jaou7_7000c,0.37113554473651006,10.506365637361878,0.060038572543352535,100000
jaou7_7110c,0.37113554473651006,10.054108743830255,0.059002376741745036,100000
jaou7_7200c,0.37113554473651006,9.697088576030035,0.058152840720473054,100000
jaou7_7335c,0.37113554473651006,9.18218827154464,0.056878684883807346,100000
jaou7_7400c,0.37113554473651006,8.94283847043345,0.05626600763516747,100000
jaou7_7450c,0.37113554473651006,8.76236822780418,0.05579541135997669,100000
jaou7_7500c,0.37113554473651006,8.585239251226675,0.05532520028195977,100000
jaou7_7542c,0.37113554473651006,8.438829596119913,0.054930871034241324,100000
jaou7_7550c,0.37113554473651006,8.411192096411854,0.05485582456139974,100000
jaou7_7600c,0.37113554473651006,8.240287813529514,0.05438723619954229,100000
jaou7_7610c,0.37113554473651006,8.206467035333159,0.05429364280773796,100000
jaou7_7705c,0.37113554473651006,7.891228118257418,0.05340654814918207,100000
jaou7_7710c,0.37113554473651006,7.874937324050018,0.05335996857906466,100000
jaou7_7725c,0.37113554473651006,7.826252848667552,0.053220286225608975,100000
jaou7_5800p,0.37113554473651006,4.280971721470422,0.023598482866199352,100000
jaou7_5900p,0.37113554473651006,4.636470287539381,0.024707725027014897,100000
jaou7_6000p,0.37113554473651006,5.008244232438284,0.025823599392403536,100000
jaou7_6200p,0.37113554473651006,5.800122194586226,0.028068863317919697,100000
jaou7_6420p,0.37113554473651006,6.748299352446732,0.03054017022259493,100000
jaou7_6500p,0.37113554473651006,7.112293216790124,0.03143753735795828,100000
jaou7_6750p,0.37113554473651006,8.31408030787743,0.034226968346096946,100000
jaou7_6800p,0.37113554473651006,8.565854599417527,0.03478111985020752,100000
jaou7_6900p,0.37113554473651006,9.080382376163461,0.03588488841561721,100000
jaou7_7000p,0.37113554473651006,9.610178498138596,0.03697954739138319,100000
jaou7_7400p,0.37113554473651006,11.873339787978535,0.04125513600398824,100000
jaou7_7450p,0.37113554473651006,12.171205602445314,0.041777713327846515,100000
jaou7_7500p,0.37113554473651006,12.472412682963851,0.04229688114168459,100000
jaou7_6820c,0.3749678921881173,11.385729652842036,0.06247624730125434,100000
jaou7_6825c,0.3749678921881173,11.363478689065474,0.06242965299392216,100000
jaou7_6860c,0.3749678921881173,11.208691312961923,0.06210331253943926,100000
jaou7_6900c,0.3749678921881173,11.034082320066377,0.06172960585369522,100000
jaou7_6905c,0.3749678921881173,11.012421642191292,0.061682849872432687,100000
jaou7_6930c,0.3749678921881173,10.904710681310371,0.061448860573139204,100000
jaou7_7000c,0.3749678921881173,10.608214119320735,0.060792179894313736,100000
jaou7_7110c,0.3749678921881173,10.156883010383373,0.05975716495639586,100000
jaou7_7200c,0.3749678921881173,9.800466944626356,0.05890867030792387,100000
jaou7_7335c,0.3749678921881173,9.28621619718367,0.0576361703714958,100000
jaou7_7400c,0.3749678921881173,9.047082026760988,0.05702429922654709,100000
jaou7_7450c,0.3749678921881173,8.86675266781313,0.05655429517844361,100000
jaou7_7500c,0.3749678921881173,8.689727730208311,0.05608467444222753,100000
jaou7_7542c,0.3749678921881173,8.54337538008715,0.05569084095248594,100000
jaou7_7550c,0.3749678921881173,8.515746799398748,0.05561588708890778,100000
jaou7_7600c,0.3749678921881173,8.344878323380607,0.05514787227034046,100000
jaou7_7610c,0.3749678921881173,8.311061069666584,0.055054391667672474,100000
jaou7_7705c,0.3749678921881173,7.995792539626669,0.05416833820910166,100000
jaou7_7710c,0.3749678921881173,7.979496313593167,0.05412181287973728,100000
jaou7_7725c,0.3749678921881173,7.930796086746634,0.05398228865829038,100000
jaou7_5800p,0.3749678921881173,4.362110216300549,0.023898299863357765,100000
jaou7_5900p,0.3749678921881173,4.720236991993611,0.025009292176130394,100000
jaou7_6000p,0.3749678921881173,5.094413467676699,0.0261267980630522,100000
jaou7_6200p,0.3749678921881173,5.890883853079667,0.028374157510188812,100000
jaou7_6420p,0.3749678921881173,6.843521309831985,0.03084672617240651,100000
jaou7_6500p,0.3749678921881173,7.208825920791931,0.03174465287491723,100000
jaou7_6750p,0.3749678921881173,8.41436138464172,0.034534782194372705,100000
jaou7_6800p,0.3749678921881173,8.666738638009656,0.035089100238594385,100000
jaou7_6900p,0.3749678921881173,9.182397059114285,0.03619308316250842,100000
jaou7_7000p,0.3749678921881173,9.713200972560736,0.037287882940364295,100000
jaou7_7400p,0.3749678921881173,11.978757336769355,0.04156491178266347,100000
jaou7_7450p,0.3749678921881173,12.27676403491754,0.04208776060942026,100000
jaou7_7500p,0.3749678921881173,12.57807515440877,0.04260723806922206,100000
jaou7_6820c,0.3788002396397246,11.485638404363359,0.06323153598372105,100000
jaou7_6825c,0.3788002396397246,11.46343874614365,0.06318500085164798,100000
jaou7_6860c,0.3788002396397246,11.309053628810169,0.06285898460566183,100000
jaou7_6900c,0.3788002396397246,11.13487819397084,0.062485669392077725,100000
jaou7_6905c,0.3788002396397246,11.113270913941953,0.062438961817139656,100000
jaou7_6930c,0.3788002396397246,11.0058365409804,0.062205190549404814,100000
jaou7_7000c,0.3788002396397246,10.710025179974988,0.061549217029488186,100000
jaou7_7110c,0.3788002396397246,10.259613150624661,0.060515396944655825,100000
jaou7_7200c,0.3788002396397246,9.903800618167415,0.059667950090957815,100000
jaou7_7335c,0.3788002396397246,9.39020513085264,0.058397111446315986,100000
jaou7_7400c,0.3788002396397246,9.151293119315843,0.05778604605069795,100000
jaou7_7450c,0.3788002396397246,8.971108137122421,0.05731663789248335,100000
jaou7_7500c,0.3788002396397246,8.794191592775583,0.05684761107827025,100000
jaou7_7542c,0.3788002396397246,8.647901422718078,0.05645427549700937,100000
jaou7_7550c,0.3788002396397246,8.62028280104999,0.056379414593109245,100000
jaou7_7600c,0.3788002396397246,8.449456005806395,0.05591197725673039,100000
jaou7_7610c,0.3788002396397246,8.415643674579984,0.0558186100617386,100000
jaou7_7705c,0.3788002396397246,8.100359146234673,0.05493360602565819,100000
jaou7_7710c,0.3788002396397246,8.084058401312912,0.05488713522077496,100000
jaou7_7725c,0.3788002396397246,8.035344803527941,0.054747770605711274,100000
jaou7_5800p,0.3788002396397246,4.4434359724107155,0.02419687791875953,100000
jaou7_5900p,0.3788002396397246,4.804142384746978,0.025309599557093318,100000
jaou7_6000p,0.3788002396397246,5.1806911988231485,0.026428690991208044,100000
jaou7_6200p,0.3788002396397246,5.98175486614705,0.028677968524680294,100000
jaou7_6420p,0.3788002396397246,6.93876273688503,0.031151838585769028,100000
jaou7_6500p,0.3788002396397246,7.30538619464977,0.03205026036115601,100000
jaou7_6750p,0.3788002396397246,8.514624721058372,0.034841089001246245,100000
jaou7_6800p,0.3788002396397246,8.767605893929654,0.035395556321955055,100000
jaou7_6900p,0.3788002396397246,9.284379734934515,0.03649976807319615,100000
jaou7_7000p,0.3788002396397246,9.816198835130754,0.03759467378167112,100000
jaou7_7400p,0.3788002396397246,12.084155231239977,0.04187313227162548,100000
jaou7_7450p,0.3788002396397246,12.382306306142599,0.04239624984428673,100000
jaou7_7500p,0.3788002396397246,12.683725818891809,0.042916032910615236,100000
jaou7_6820c,0.38263258709133185,11.585504251703522,0.06399028648720136,100000
jaou7_6825c,0.38263258709133185,11.56336266543631,0.06394379795201517,100000
jaou7_6860c,0.38263258709133185,11.409374235937994,0.0636181142039109,100000
jaou7_6900c,0.38263258709133185,11.235638562208527,0.0632451778410368,100000
jaou7_6905c,0.38263258709133185,11.214091445904902,0.06319850645871204,100000
jaou7_6930c,0.38263258709133185,11.106928963869496,0.06296496099351256,100000
jaou7_7000c,0.38263258709133185,10.811795731585113,0.062309706446854525,100000
jaou7_7110c,0.38263258709133185,10.362302273572785,0.06127708460823307,100000
jaou7_7200c,0.38263258709133185,10.007089554242784,0.06043069724809203,100000
jaou7_7335c,0.38263258709133185,9.494155926524103,0.059161523560392976,100000
jaou7_7400c,0.38263258709133185,9.255470559550073,0.058551266590713524,100000
jaou7_7450c,0.38263258709133185,9.075433958247512,0.058082456938130876,100000
jaou7_7500c,0.38263258709133185,8.898629687212214,0.05761402808333521,100000
jaou7_7542c,0.38263258709133185,8.75240624440422,0.0572211927979116,100000
jaou7_7550c,0.38263258709133185,8.724798995799889,0.057146424578076574,100000
jaou7_7600c,0.38263258709133185,8.554019459773912,0.05667956874801844,100000
jaou7_7610c,0.38263258709133185,8.520213438503086,0.056586315517661336,100000
jaou7_7705c,0.38263258709133185,8.20492587901719,0.0557023692590181,100000
jaou7_7710c,0.38263258709133185,8.188621860024641,0.05565595272663302,100000
jaou7_7725c,0.38263258709133185,8.139897025572001,0.05551674940720879,100000
jaou7_5800p,0.38263258709133185,4.524942912804185,0.024494211852005975,100000
jaou7_5900p,0.38263258709133185,4.888196280929002,0.025608615432954795,100000
jaou7_6000p,0.38263258709133185,5.267113580793694,0.026729197684512603,100000
jaou7_6200p,0.38263258709133185,6.072725659201543,0.028980311380452938,100000
jaou7_6420p,0.38263258709133185,7.034035021033408,0.03145548092752163,100000
jaou7_6500p,0.38263258709133185,7.40198878705839,0.032354326467228856,100000
jaou7_6750p,0.38263258709133185,8.614880761607859,0.035145866206454025,100000
jaou7_6800p,0.38263258709133185,8.868450904404277,0.03570050475481847,100000
jaou7_6900p,0.38263258709133185,9.386339738579313,0.03680492314807268,100000
jaou7_7000p,0.38263258709133185,9.91916902214799,0.03789993196149918,100000
jaou7_7400p,0.38263258709133185,12.189532306881318,0.042179803976500424,100000
jaou7_7450p,0.38263258709133185,12.487831762674803,0.04270318577715508,100000
jaou7_7500p,0.38263258709133185,12.789363548735553,0.043223271488943005,100000
jaou7_6820c,0.3864649345429392,11.685334263006894,0.06475250283567485,100000
jaou7_6825c,0.3864649345429392,11.66324394496956,0.06470607293153288,100000
jaou7_6860c,0.3864649345429392,11.509661315557151,0.06438070362783406,100000
jaou7_6900c,0.3864649345429392,11.336370616070784,0.06400813551063697,100000
jaou7_6905c,0.3864649345429392,11.314880775372014,0.0639615053126992,100000
jaou7_6930c,0.3864649345429392,11.207984280954284,0.06372819555789855,100000
jaou7_7000c,0.3864649345429392,10.913525708212353,0.06307366553816093,100000
jaou7_7110c,0.3864649345429392,10.464940957866208,0.06204226120991029,100000
jaou7_7200c,0.3864649345429392,10.11033700826194,0.061196923647680146,100000
jaou7_7335c,0.3864649345429392,9.59806839845121,0.05992942399205585,100000
jaou7_7400c,0.3864649345429392,9.359614102457249,0.05931997799717052,100000
jaou7_7450c,0.3864649345429392,9.179729135765557,0.058851770418784914,100000
jaou7_7500c,0.3864649345429392,9.003040477807247,0.05838394412418593,100000
jaou7_7542c,0.3864649345429392,8.856888549883777,0.05799161089371992,100000
jaou7_7550c,0.3864649345429392,8.829293508643763,0.05791693591706828,100000
jaou7_7600c,0.3864649345429392,8.658567147124373,0.05745066474947735,100000
jaou7_7610c,0.3864649345429392,8.624768736679567,0.05735752609641133,100000
jaou7_7705c,0.3864649345429392,8.309490953292695,0.05647464541012238,100000
jaou7_7710c,0.3864649345429392,8.293184687983262,0.05642828317409539,100000
jaou7_7725c,0.3864649345429392,8.244450983682539,0.05628924235693519,100000
jaou7_5800p,0.3864649345429392,4.606680872556312,0.024790195254535248,100000
jaou7_5900p,0.3864649345429392,4.972415869305952,0.02590629492133259,100000
jaou7_6000p,0.3864649345429392,5.353663150015408,0.027028342776644627,100000
jaou7_6200p,0.3864649345429392,6.163790358096212,0.029281193707035504,100000
jaou7_6420p,0.3864649345429392,7.1293570818282515,0.031757610318805744,100000
jaou7_6500p,0.3864649345429392,7.498598375346286,0.032656932369031985,100000
jaou7_6750p,0.3864649345429392,8.715113850501883,0.03544915499011251,100000
jaou7_6800p,0.3864649345429392,8.969271739687933,0.036003953623526534,100000
jaou7_6900p,0.3864649345429392,9.48828428567521,0.03710853377698249,100000
jaou7_7000p,0.3864649345429392,10.022111492008868,0.03820366158522186,100000
jaou7_7400p,0.3864649345429392,12.29488834302213,0.04248493068696728,100000
jaou7_7450p,0.3864649345429392,12.59333943342649,0.04300857410128127,100000
jaou7_7500p,0.3864649345429392,12.894986832564221,0.04352896079634671,100000
jaou7_6820c,0.39029728199454644,11.785117485606087,0.06551822183922627,100000
jaou7_6825c,0.39029728199454644,11.763082697670473,0.0654718426353279,100000
jaou7_6860c,0.39029728199454644,11.609916402917944,0.0651467673093177,100000
jaou7_6900c,0.39029728199454644,11.437066789732283,0.06477457308166082,100000
jaou7_6905c,0.39029728199454644,11.415625399876541,0.06472799957346546,100000
jaou7_6930c,0.39029728199454644,11.309001748269234,0.06449491288750617,100000
jaou7_7000c,0.39029728199454644,11.015206544157705,0.0638411265352928,100000
jaou7_7110c,0.39029728199454644,10.567538109332565,0.06281092916008711,100000
jaou7_7200c,0.39029728199454644,10.213538029772991,0.061966654872088,100000
jaou7_7335c,0.39029728199454644,9.701940720349178,0.060700832804711835,100000
jaou7_7400c,0.39029728199454644,9.463720064199558,0.06009220300594499,100000
jaou7_7450c,0.39029728199454644,9.283991202853503,0.05962459890186764,100000
jaou7_7500c,0.39029728199454644,9.107422900452633,0.05915737731772826,100000
jaou7_7542c,0.39029728199454644,8.961346768788577,0.05876554843239663,100000
jaou7_7550c,0.39029728199454644,8.933765390910217,0.05869096625986426,100000
jaou7_7600c,0.39029728199454644,8.763097671956233,0.058225283257551164,100000
jaou7_7610c,0.39029728199454644,8.729308268174709,0.05813225958051473,100000
jaou7_7705c,0.39029728199454644,8.414052709951893,0.057250452036857476,100000
jaou7_7710c,0.39029728199454644,8.397744878191755,0.057204144589315054,100000
jaou7_7725c,0.39029728199454644,8.349004369778559,0.057065267786607005,100000
jaou7_5800p,0.39029728199454644,4.6886071546368555,0.025084894119363575,100000
jaou7_5900p,0.39029728199454644,5.056791945806987,0.02620264411400558,100000
jaou7_6000p,0.39029728199454644,5.4403421256819335,0.027326113438774117,100000
jaou7_6200p,0.39029728199454644,6.254926541595187,0.029580658238819075,100000
jaou7_6420p,0.39029728199454644,7.224692160006722,0.032058308404417105,100000
jaou7_6500p,0.39029728199454644,7.595226900975572,0.032958050956364844,100000
jaou7_6750p,0.39029728199454644,8.815318497402263,0.03575097170685096,100000
jaou7_6800p,0.39029728199454644,9.07006183864826,0.03630592249311381,100000
jaou7_6900p,0.39029728199454644,9.590205835029778,0.03741062296770142,100000
jaou7_7000p,0.39029728199454644,10.12501770364729,0.038505889033346584,100000
jaou7_7400p,0.39029728199454644,12.400219680457512,0.04278852615345633,100000
jaou7_7450p,0.39029728199454644,12.698826876207502,0.0433124248370875,100000
jaou7_7500p,0.39029728199454644,13.000594630902679,0.043833106461056655,100000
jaou7_6820c,0.3941296294461537,11.884863922785692,0.06628744266603771,100000
jaou7_6825c,0.3941296294461537,11.862896405710947,0.06624109284196404,100000
jaou7_6860c,0.3941296294461537,11.710136307156976,0.0659163282453784,100000
jaou7_6900c,0.3941296294461537,11.537719315546584,0.06554452171325445,100000
jaou7_6905c,0.3941296294461537,11.51633582919993,0.06549798808752816,100000
jaou7_6930c,0.3941296294461537,11.409983695238662,0.06526512634914117,100000
jaou7_7000c,0.3941296294461537,11.116849151752037,0.06461208811583272,100000
jaou7_7110c,0.3941296294461537,10.670092572598534,0.06358310801204271,100000
jaou7_7200c,0.3941296294461537,10.31668772569528,0.06273991652286931,100000
jaou7_7335c,0.3941296294461537,9.805770833432577,0.061475770578004095,100000
jaou7_7400c,0.3941296294461537,9.567788456633478,0.06086795867929911,100000
jaou7_7450c,0.3941296294461537,9.388220373825156,0.060400958939919605,100000
jaou7_7500c,0.3941296294461537,9.211776129174487,0.0599343455938125,100000
jaou7_7542c,0.3941296294461537,9.065780335209947,0.059543022717877155,100000
jaou7_7550c,0.3941296294461537,9.038213228452173,0.05946853415704984,100000
jaou7_7600c,0.3941296294461537,8.867609570541415,0.05900344257443453,100000
jaou7_7610c,0.3941296294461537,8.83383048475186,0.058910534330958775,100000
jaou7_7705c,0.3941296294461537,8.518609402909615,0.05802980706249454,100000
jaou7_7710c,0.3941296294461537,8.502300589122418,0.05798355499300526,100000
jaou7_7725c,0.3941296294461537,8.453555427891345,0.05784484346205014,100000
jaou7_5800p,0.3941296294461537,4.770725546892522,0.02537828785085454,100000
jaou7_5900p,0.3941296294461537,5.141338561831921,0.02649762583279211,100000
jaou7_6000p,0.3941296294461537,5.527146197052623,0.027622509769746742,100000
jaou7_6200p,0.3941296294461537,6.346132884353314,0.029878703325531872,100000
jaou7_6420p,0.3941296294461537,7.320046705004426,0.03235755996033799,100000
jaou7_6500p,0.3941296294461537,7.6918776764351104,0.03325767526993774,100000
jaou7_6750p,0.3941296294461537,8.915505416989859,0.03605129295887685,100000
jaou7_6800p,0.3941296294461537,9.170828108105686,0.03660639733687594,100000
jaou7_6900p,0.3941296294461537,9.692096643928602,0.03771121420107331,100000
jaou7_7000p,0.3941296294461537,10.22789859432615,0.03880658956760793,100000
jaou7_7400p,0.3941296294461537,12.505526355975958,0.043090593441136624,100000
jaou7_7450p,0.3941296294461537,12.804294330263682,0.04361474017290395,100000
jaou7_7500p,0.3941296294461537,13.106186142709058,0.04413571343149722,100000
jaou7_6820c,0.39796197689776097,11.984589953142219,0.06706015329778389,100000
jaou7_6825c,0.39796197689776097,11.96267680136918,0.06701385573879765,100000
jaou7_6860c,0.39796197689776097,11.810307891405827,0.06668942728118978,100000
jaou7_6900c,0.39796197689776097,11.638338735224286,0.06631798035325927,100000
jaou7_6905c,0.39796197689776097,11.617011726608993,0.06627148902533178,100000
jaou7_6930c,0.39796197689776097,11.510919380678688,0.0660388723194588,100000
jaou7_7000c,0.39796197689776097,11.218453544279262,0.06538656797365752,100000
jaou7_7110c,0.39796197689776097,10.772598239448701,0.06435882575928564,100000
jaou7_7200c,0.39796197689776097,10.419790278841718,0.06351671938508016,100000
jaou7_7335c,0.39796197689776097,9.909559405201886,0.062254253681463735,100000
jaou7_7400c,0.39796197689776097,9.671820360953019,0.061647260562505475,100000
jaou7_7450c,0.39796197689776097,9.49241459940027,0.06118087077737362,100000
jaou7_7500c,0.39796197689776097,9.316098217115462,0.06071486878372128,100000
jaou7_7542c,0.39796197689776097,9.170187956990969,0.06032405234986918,100000
jaou7_7550c,0.39796197689776097,9.142635318378344,0.060249658785176526,100000
jaou7_7600c,0.39796197689776097,8.972101673618342,0.05978516076118378,100000
jaou7_7610c,0.39796197689776097,8.938333986205533,0.05969236869020998,100000
jaou7_7705c,0.39796197689776097,8.62315926664054,0.058812728671654345,100000
jaou7_7710c,0.39796197689776097,8.606850100820647,0.05876653246184734,100000
jaou7_7725c,0.39796197689776097,8.55810243406381,0.05862798734249734,100000
jaou7_5800p,0.39796197689776097,4.853034731965708,0.0256703665647699,100000
jaou7_5900p,0.39796197689776097,5.226007620373439,0.02679132250928901,100000
jaou7_6000p,0.39796197689776097,5.6140729944323775,0.027917528593482115,100000
jaou7_6200p,0.39796197689776097,6.437436340843341,0.030175268236332767,100000
jaou7_6420p,0.39796197689776097,7.415410459217769,0.03265538781344136,100000
jaou7_6500p,0.39796197689776097,7.788537734782093,0.033555835795228334,100000
jaou7_6750p,0.39796197689776097,9.015667122529592,0.03635014010489035,100000
jaou7_6800p,0.39796197689776097,9.271564575551347,0.03690539640093292,100000
jaou7_6900p,0.39796197689776097,9.793967279314836,0.03801028408514954,100000
jaou7_7000p,0.39796197689776097,10.330754202561904,0.03910576702057182,100000
jaou7_7400p,0.39796197689776097,12.610809476004029,0.043391132512319894,100000
jaou7_7450p,0.39796197689776097,12.909739771547324,0.04391552895030459,100000
jaou7_7500p,0.39796197689776097,13.211759446358565,0.04443679000920509,100000
jaou7_6820c,0.40179432434936824,12.084274220740646,0.06783640950560975,100000
jaou7_6825c,0.40179432434936824,12.06242015433828,0.06779015559086364,100000
jaou7_6860c,0.40179432434936824,11.910437620782815,0.06746607053215621,100000
jaou7_6900c,0.40179432434936824,11.738922575668962,0.06709497107618001,100000
jaou7_6905c,0.40179432434936824,11.717646813052385,0.06704853112398212,100000
jaou7_6930c,0.40179432434936824,11.611803344734321,0.06681617808816225,100000
jaou7_7000c,0.40179432434936824,11.320016492411215,0.06616458949980016,100000
jaou7_7110c,0.40179432434936824,10.875048740977045,0.06513811093094815,100000
jaou7_7200c,0.40179432434936824,10.52284575632305,0.06429708117290132,100000
jaou7_7335c,0.40179432434936824,10.013304343440575,0.06303630304144495,100000
jaou7_7400c,0.40179432434936824,9.775812345672984,0.06243013145200377,100000
jaou7_7450c,0.40179432434936824,9.596574288292203,0.06196435101028391,100000
jaou7_7500c,0.40179432434936824,9.420388795253263,0.061498964470060175,100000
jaou7_7542c,0.40179432434936824,9.274569156168115,0.06110865487715821,100000
jaou7_7550c,0.40179432434936824,9.247031303225656,0.06103435746472247,100000
jaou7_7600c,0.40179432434936824,9.076573339944032,0.0605704552877349,100000
jaou7_7610c,0.40179432434936824,9.042817420072831,0.06047778113115159,100000
jaou7_7705c,0.40179432434936824,8.727700558820958,0.05959923524382317,100000
jaou7_7710c,0.40179432434936824,8.711391711738443,0.059553095276522756,100000
jaou7_7725c,0.40179432434936824,8.662643616487408,0.05941471769303773,100000
jaou7_5800p,0.40179432434936824,4.935469545002252,0.02596124019226714,100000
jaou7_5900p,0.40179432434936824,5.310776639472161,0.027083767363717454,100000
jaou7_6000p,0.40179432434936824,5.701118715431981,0.028211170325264726,100000
jaou7_6200p,0.40179432434936824,6.528806509412893,0.030470414211044662,100000
jaou7_6420p,0.40179432434936824,7.510770198304988,0.032951821365887986,100000
jaou7_6500p,0.40179432434936824,7.885226413018197,0.03385248865212585,100000
jaou7_6750p,0.40179432434936824,9.115811663381432,0.0366474962673067,100000
jaou7_6800p,0.40179432434936824,9.372270101945396,0.037202925742712646,100000
jaou7_6900p,0.40179432434936824,9.895815293626535,0.038307842600166876,100000
jaou7_7000p,0.40179432434936824,10.43358132456088,0.03940343378453482,100000
jaou7_7400p,0.40179432434936824,12.716065634591017,0.04369015643424798,100000
jaou7_7450p,0.40179432434936824,13.015163634306282,0.04421479280259595,100000
jaou7_7500p,0.40179432434936824,13.317314198363388,0.04473633983495045,100000
jaou7_6820c,0.4056266718009755,12.183924244190761,0.06861621556144647,100000
jaou7_6825c,0.4056266718009755,12.162129674121296,0.06857000437581313,100000
jaou7_6860c,0.4056266718009755,12.010539455451653,0.0682462510935728,100000
jaou7_6900c,0.4056266718009755,11.83946633614467,0.06787551964468355,100000
jaou7_6905c,0.4056266718009755,11.818246421715868,0.0678291229224135,100000
jaou7_6930c,0.4056266718009755,11.712648556715097,0.06759703892187299,100000
jaou7_7000c,0.4056266718009755,11.42153271007332,0.06694617973412617,100000
jaou7_7110c,0.4056266718009755,10.977448029991546,0.06592097492561799,100000
jaou7_7200c,0.4056266718009755,10.6258513639721,0.06508102443057442,100000
jaou7_7335c,0.4056266718009755,10.117006216930138,0.0638219355029144,100000
jaou7_7400c,0.4056266718009755,9.879764529086298,0.06321658873191312,100000
jaou7_7450c,0.4056266718009755,9.700700614275991,0.06275141522540399,100000
jaou7_7500c,0.4056266718009755,9.524646578508772,0.06228665181978422,100000
jaou7_7542c,0.4056266718009755,9.378922681756409,0.061896849209208356,100000
jaou7_7550c,0.4056266718009755,9.351399874682636,0.061822649148161345,100000
jaou7_7600c,0.4056266718009755,9.181022841144083,0.06135934545424906,100000
jaou7_7610c,0.4056266718009755,9.147279362639626,0.06126679043353801,100000
jaou7_7705c,0.4056266718009755,8.832231647262754,0.06038934522288476,100000
jaou7_7710c,0.4056266718009755,8.815923803356522,0.0603432618238115,100000
jaou7_7725c,0.4056266718009755,8.767177280381171,0.060205052898429305,100000
jaou7_5800p,0.4056266718009755,5.018047393895169,0.026250863166955435,100000
jaou7_5900p,0.4056266718009755,5.395664507649621,0.027374913080340332,100000
jaou7_6000p,0.4056266718009755,5.7882725323611925,0.028503449389047097,100000
jaou7_6200p,0.4056266718009755,6.6202647236198295,0.030764092275805812,100000
jaou7_6420p,0.4056266718009755,7.606150850128336,0.03324680363735007,100000
jaou7_6500p,0.4056266718009755,7.981932675463539,0.034147660394325596,100000
jaou7_6750p,0.4056266718009755,9.215933967785952,0.03694337693603735,100000
jaou7_6800p,0.4056266718009755,9.4729621154425,0.03749894476603786,100000
jaou7_6900p,0.4056266718009755,9.997636211965604,0.038603904942607,100000
jaou7_7000p,0.4056266718009755,10.536374700086345,0.03969960767666164,100000
jaou7_7400p,0.4056266718009755,12.821294975867689,0.04398766796567839,100000
jaou7_7450p,0.4056266718009755,13.120567118153428,0.044512531112473164,100000
jaou7_7500p,0.4056266718009755,13.422849139482253,0.04503436929190736,100000
jaou7_6820c,0.40945901925258277,12.283542166937933,0.06939958552577742,100000
jaou7_6825c,0.40945901925258277,12.261808697224334,0.0693534140436887,100000
jaou7_6860c,0.40945901925258277,12.110609760528243,0.06902999334111623,100000
jaou7_6900c,0.40945901925258277,11.939975026318525,0.0686596353174875,100000
jaou7_6905c,0.40945901925258277,11.91880895889061,0.06861328523147606,100000
jaou7_6930c,0.40945901925258277,11.81345011165802,0.06838148139644384,100000
jaou7_7000c,0.40945901925258277,11.523000853282833,0.0677313590970021,100000
jaou7_7110c,0.40945901925258277,11.079796562141926,0.06670743512538703,100000
jaou7_7200c,0.40945901925258277,10.728806735781491,0.06586856787029538,100000
jaou7_7335c,0.40945901925258277,10.220663547015386,0.06461117131491174,100000
jaou7_7400c,0.40945901925258277,9.983675416084402,0.06400665247204058,100000
jaou7_7450c,0.40945901925258277,9.804788600748594,0.06354208869509441,100000
jaou7_7500c,0.40945901925258277,9.628870365551593,0.06307795004593912,100000
jaou7_7542c,0.40945901925258277,9.483247016072696,0.06268865484391012,100000
jaou7_7550c,0.40945901925258277,9.455740330874564,0.0626145520560144,100000
jaou7_7600c,0.40945901925258277,9.28544879626835,0.062151850234559027,100000
jaou7_7610c,0.40945901925258277,9.25171870813487,0.06205941510054343,100000
jaou7_7705c,0.40945901925258277,8.936750912060349,0.06118307725780066,100000
jaou7_7710c,0.40945901925258277,8.920444724089354,0.06113705076339796,100000
jaou7_7725c,0.40945901925258277,8.8717017623515,0.06099901152659097,100000
jaou7_5800p,0.40945901925258277,5.100777921730595,0.02653920548523558,100000
jaou7_5900p,0.40945901925258277,5.48067979144244,0.027664734388714047,100000
jaou7_6000p,0.40945901925258277,5.8755546462633905,0.028794318426552872,100000
jaou7_6200p,0.40945901925258277,6.711808592937016,0.031056304874310606,100000
jaou7_6420p,0.40945901925258277,7.701568487194717,0.03354029800636479,100000
jaou7_6500p,0.40945901925258277,8.078649747083082,0.034441367739104,100000
jaou7_6750p,0.40945901925258277,9.31603152766561,0.03723779142744065,100000
jaou7_6800p,0.40945901925258277,9.573636373199182,0.03779346755979536,100000
jaou7_6900p,0.40945901925258277,10.099435070141766,0.038898461764971956,100000
jaou7_7000p,0.40945901925258277,10.639133011298165,0.03999429606748747,100000
jaou7_7400p,0.40945901925258277,12.926496030868103,0.044283674566241445,100000
jaou7_7450p,0.40945901925258277,13.225945272628344,0.04480876138907984,100000
jaou7_7500p,0.40945901925258277,13.528363094527386,0.0453308845365459,100000
jaou7_6820c,0.4132913667041901,12.383125659885835,0.07018654153667507,100000
jaou7_6825c,0.4132913667041901,12.361440015559005,0.07014043306780819,100000
jaou7_6860c,0.4132913667041901,12.21063351753606,0.06981734177047391,100000
jaou7_6900c,0.4132913667041901,12.040439952998204,0.0694473513785884,100000
jaou7_6905c,0.4132913667041901,12.019312444789922,0.06940107442451296,100000
jaou7_6930c,0.4132913667041901,11.914199556671281,0.0691695383039655,100000
jaou7_7000c,0.4132913667041901,11.624426125543174,0.06852013698753465,100000
jaou7_7110c,0.4132913667041901,11.1821020463722,0.06749749704327551,100000
jaou7_7200c,0.4132913667041901,10.83171385054654,0.06665972652941952,100000
jaou7_7335c,0.4132913667041901,10.324273078456162,0.06540403368909699,100000
jaou7_7400c,0.4132913667041901,10.087544337990956,0.06480034161300005,100000
jaou7_7450c,0.4132913667041901,9.908839989484484,0.06433638647214303,100000
jaou7_7500c,0.4132913667041901,9.73305954005041,0.06387287764411366,100000
jaou7_7542c,0.4132913667041901,9.58754094026946,0.06348409100630784,100000
jaou7_7550c,0.4132913667041901,9.560051849925102,0.06341008477673989,100000
jaou7_7600c,0.4132913667041901,9.389849095233386,0.06294798988516545,100000
jaou7_7610c,0.4132913667041901,9.356134090198411,0.06285567422191023,100000
jaou7_7705c,0.4132913667041901,9.04125679365927,0.06198045012962137,100000
jaou7_7710c,0.4132913667041901,9.024952947406984,0.061934480794079434,100000
jaou7_7725c,0.4132913667041901,8.976215397830673,0.06179661237289684,100000
jaou7_5800p,0.4132913667041901,5.183655473483529,0.02682626754352388,100000
jaou7_5900p,0.4132913667041901,5.565827953345677,0.027953211673947098,100000
jaou7_6000p,0.4132913667041901,5.962973914834002,0.029083753525957906,100000
jaou7_6200p,0.4132913667041901,6.803421326264758,0.03134708524549468,100000
jaou7_6420p,0.4132913667041901,7.797007632198467,0.033832340464122174,100000
jaou7_6500p,0.4132913667041901,8.175376033769016,0.03473361549951487,100000
jaou7_6750p,0.4132913667041901,9.416097259743701,0.03753076043479185,100000
jaou7_6800p,0.4132913667041901,9.674285778241247,0.03808651524155908,100000
jaou7_6900p,0.4132913667041901,10.201203201411529,0.03919153923269661,100000
jaou7_7000p,0.4132913667041901,10.741861488148592,0.040287488944298094,100000
jaou7_7400p,0.4132913667041901,13.03166815736474,0.04457818128669837,100000
jaou7_7450p,0.4132913667041901,13.331299865954314,0.04510348135007025,100000
jaou7_7500p,0.4132913667041901,13.633855473616286,0.04562588999827341,100000
jaou7_6820c,0.41712371415579735,12.482659255245585,0.07097712910172826,100000
jaou7_6825c,0.41712371415579735,12.461025776317086,0.07093107581118306,100000
jaou7_6860c,0.41712371415579735,12.310624410323086,0.07060829066918378,100000
jaou7_6900c,0.41712371415579735,12.140848740885257,0.07023870763503232,100000
jaou7_6905c,0.41712371415579735,12.119777316799155,0.07019247335113059,100000
jaou7_6930c,0.41712371415579735,12.014904853882456,0.06996121426339258,100000
jaou7_7000c,0.41712371415579735,11.72579906181816,0.06931254791104118,100000
jaou7_7110c,0.41712371415579735,11.284366031570535,0.0682911765777217,100000
jaou7_7200c,0.41712371415579735,10.934573280496558,0.06745451790060476,100000
jaou7_7335c,0.41712371415579735,10.427837897658817,0.06620053596303567,100000
jaou7_7400c,0.41712371415579735,10.191372450763184,0.06559767241768721,100000
jaou7_7450c,0.41712371415579735,10.012853605997213,0.06513432828251449,100000
jaou7_7500c,0.41712371415579735,9.837214299154736,0.06467145204970545,100000
jaou7_7542c,0.41712371415579735,9.691803144731274,0.06428317724152313,100000
jaou7_7550c,0.41712371415579735,9.664332961630686,0.06420926706273396,100000
jaou7_7600c,0.41712371415579735,9.494223001118627,0.0637477828037087,100000
jaou7_7610c,0.41712371415579735,9.460524126946916,0.06365558710545818,100000
jaou7_7705c,0.41712371415579735,9.145747721204751,0.06278148285371231,100000
jaou7_7710c,0.41712371415579735,9.129447014035089,0.06273557073618626,100000
jaou7_7725c,0.41712371415579735,9.08071660843269,0.06259787433041661,100000
jaou7_5800p,0.41712371415579735,5.266705194767707,0.027111990619488466,100000
jaou7_5900p,0.41712371415579735,5.651095455665905,0.02824036409679745,100000
jaou7_6000p,0.41712371415579735,6.050488819964598,0.02937183405398099,100000
jaou7_6200p,0.41712371415579735,6.895113989867563,0.03163640716199639,100000
jaou7_6420p,0.41712371415579735,7.892457398058681,0.034122956028575825,100000
jaou7_6500p,0.41712371415579735,8.272118705459503,0.03502438793610627,100000
jaou7_6750p,0.41712371415579735,9.516138933629573,0.037822267469793336,100000
jaou7_6800p,0.41712371415579735,9.774914126064774,0.03837808146981425,100000
jaou7_6900p,0.41712371415579735,10.302928257232882,0.039483173007038214,100000
jaou7_7000p,0.41712371415579735,10.844550692357872,0.040579215277926774,100000
jaou7_7400p,0.41712371415579735,13.136812538071265,0.044871187843588886,100000
jaou7_7450p,0.41712371415579735,13.436629750401343,0.045396697322353706,100000
jaou7_7500p,0.41712371415579735,13.73932650065491,0.04591938768700897,100000
jaou7_6820c,0.4209560616074046,12.582150598384557,0.07177135305050109,100000
jaou7_6825c,0.4209560616074046,12.560580179300214,0.07172533564366365,100000
jaou7_6860c,0.4209560616074046,12.410579771432426,0.07140286313190489,100000
jaou7_6900c,0.4209560616074046,12.241219634812786,0.07103369091103859,100000
jaou7_6905c,0.4209560616074046,12.220198520845173,0.07098750922394655,100000
jaou7_6930c,0.4209560616074046,12.115572701024423,0.07075651625106111,100000
jaou7_7000c,0.4209560616074046,11.827116345655597,0.07010861601953994,100000
jaou7_7110c,0.4209560616074046,11.386576603126722,0.06908851207187741,100000
jaou7_7200c,0.4209560616074046,11.037379989847604,0.06825296871786672,100000
jaou7_7335c,0.4209560616074046,10.531355745086824,0.06700070008025075,100000
jaou7_7400c,0.4209560616074046,10.29515832153203,0.06639866534476846,100000
jaou7_7450c,0.4209560616074046,10.116828884645514,0.06593593308266792,100000
jaou7_7500c,0.4209560616074046,9.941334241564167,0.06547369178945919,100000
jaou7_7542c,0.4209560616074046,9.796032904825811,0.06508593239207952,100000
jaou7_7550c,0.4209560616074046,9.76858273333346,0.06501211803782435,100000
jaou7_7600c,0.4209560616074046,9.59857054556662,0.06455124643967682,100000
jaou7_7610c,0.4209560616074046,9.564888149946706,0.06445917219352658,100000
jaou7_7705c,0.4209560616074046,9.250222251590838,0.06358619447483137,100000
jaou7_7710c,0.4209560616074046,9.233925623313583,0.0635403393968363,100000
jaou7_7725c,0.4209560616074046,9.18520382496737,0.06340281649951444,100000
jaou7_5800p,0.4209560616074046,5.349888310815683,0.027396440743185077,100000
jaou7_5900p,0.4209560616074046,5.7364820514708015,0.028526184578459575,100000
jaou7_6000p,0.4209560616074046,6.138081543031819,0.029658590646877203,100000
jaou7_6200p,0.4209560616074046,6.9868778125838205,0.031924287208079355,100000
jaou7_6420p,0.4209560616074046,7.9879345896566605,0.03441210633744862,100000
jaou7_6500p,0.4209560616074046,8.368860077697708,0.035313728000218585,100000
jaou7_6750p,0.4209560616074046,9.616149124407007,0.038112334265209206,100000
jaou7_6800p,0.4209560616074046,9.875525441509868,0.03866815929187228,100000
jaou7_6900p,0.4209560616074046,10.40462850950444,0.03977331915745037,100000
jaou7_7000p,0.4209560616074046,10.947197334539338,0.040869487698767894,100000
jaou7_7400p,0.4209560616074046,13.241927767184139,0.045162701517307655,100000
jaou7_7450p,0.4209560616074046,13.54193438739367,0.045688413841021104,100000
jaou7_7500p,0.4209560616074046,13.84477580140837,0.0462113814107166,100000
jaou7_6820c,0.4247884090590119,12.681614785109307,0.07256920538385753,100000
jaou7_6825c,0.4247884090590119,12.660107347213383,0.07252322388130396,100000
jaou7_6860c,0.4247884090590119,12.510494777561263,0.07220108613646116,100000
jaou7_6900c,0.4247884090590119,12.341546734272926,0.07183233004115275,100000
jaou7_6905c,0.4247884090590119,12.320571095621677,0.07178620920319273,100000
jaou7_6930c,0.4247884090590119,12.216195465135495,0.07155547605327597,100000
jaou7_7000c,0.4247884090590119,11.928387629019984,0.07090834373389185,100000
jaou7_7110c,0.4247884090590119,11.488734411364682,0.06988952120257229,100000
jaou7_7200c,0.4247884090590119,11.140136614350546,0.06905509343588306,100000
jaou7_7335c,0.4247884090590119,10.634828893408649,0.06780454100282814,100000
jaou7_7400c,0.4247884090590119,10.398898987881823,0.06720334338330512,100000
jaou7_7450c,0.4247884090590119,10.220763597870372,0.06674122255065572,100000
jaou7_7500c,0.4247884090590119,10.045417902795435,0.06627961718493622,100000
jaou7_7542c,0.4247884090590119,9.90022991852864,0.06589237485042156,100000
jaou7_7550c,0.4247884090590119,9.872800245106635,0.06581865699044184,100000
jaou7_7600c,0.4247884090590119,9.702889740446093,0.06535840144407809,100000
jaou7_7610c,0.4247884090590119,9.669225615473206,0.06526644794049813,100000
jaou7_7705c,0.4247884090590119,9.354678851999116,0.0643946043820166,100000
jaou7_7710c,0.4247884090590119,9.338387275647978,0.06434880608803574,100000
jaou7_7725c,0.4247884090590119,9.28967568916454,0.06421145789343455,100000
jaou7_5800p,0.4247884090590119,5.433176070900443,0.027679664046078096,100000
jaou7_5900p,0.4247884090590119,5.821989384360548,0.02881066260427917,100000
jaou7_6000p,0.4247884090590119,6.225783836496059,0.029943952123763138,100000
jaou7_6200p,0.4247884090590119,7.0786960306507245,0.032210760051360796,100000
jaou7_6420p,0.4247884090590119,8.083416855059076,0.03469984372552784,100000
jaou7_6500p,0.4247884090590119,8.465606163348262,0.03560162258195288,100000
jaou7_6750p,0.4247884090590119,9.716128528654728,0.03840096201303297,100000
jaou7_6800p,0.4247884090590119,9.976101685641321,0.03895679801154559,100000
jaou7_6900p,0.4247884090590119,10.506298085094341,0.04006199660939663,100000
jaou7_7000p,0.4247884090590119,11.04981109403349,0.041158284089335806,100000
jaou7_7400p,0.4247884090590119,13.347010909663696,0.045452734077750766,100000
jaou7_7450p,0.4247884090590119,13.64721157674829,0.04597864036933137,100000
jaou7_7500p,0.4247884090590119,13.950201938769396,0.04650187816963134,100000
jaou7_6820c,0.42862075651061915,12.781046957021493,0.07337071330495624,100000
jaou7_6825c,0.42862075651061915,12.759589431437469,0.07332479039928806,100000
jaou7_6860c,0.42862075651061915,12.610373591435437,0.07300297120405332,100000
jaou7_6900c,0.42862075651061915,12.441820414068461,0.07263466033276868,100000
jaou7_6905c,0.42862075651061915,12.420892526088362,0.07258859639602128,100000
jaou7_6930c,0.42862075651061915,12.316768103561847,0.07235812108082232,100000
jaou7_7000c,0.42862075651061915,12.029607117716457,0.07171175966941463,100000
jaou7_7110c,0.42862075651061915,11.590841646615553,0.07069421927022153,100000
jaou7_7200c,0.42862075651061915,11.24283593139489,0.06986092258106623,100000
jaou7_7335c,0.42862075651061915,10.738251937490208,0.06861208591721057,100000
jaou7_7400c,0.42862075651061915,10.502594220298993,0.06801172544484275,100000
jaou7_7450c,0.42862075651061915,10.324656069324792,0.0675502176800351,100000
jaou7_7500c,0.42862075651061915,10.14946486273566,0.06708924714695046,100000
jaou7_7542c,0.42862075651061915,10.004393333393548,0.06670252402052314,100000
jaou7_7550c,0.42862075651061915,9.976983384248506,0.06662890518148934,100000
jaou7_7600c,0.42862075651061915,9.80717956080542,0.06616926722454955,100000
jaou7_7610c,0.42862075651061915,9.773535022793965,0.06607743441568205,100000
jaou7_7705c,0.42862075651061915,9.459116126559552,0.065206731976898,100000
jaou7_7710c,0.42862075651061915,9.442830580182768,0.0651609901767352,100000
jaou7_7725c,0.42862075651061915,9.394130875735836,0.0650238176950889,100000
jaou7_5800p,0.42862075651061915,5.5165561518292385,0.02796167483767726,100000
jaou7_5900p,0.42862075651061915,5.9076040318413385,0.029093818682249743,100000
jaou7_6000p,0.42862075651061915,6.313576263912132,0.030227953988784396,100000
jaou7_6200p,0.42862075651061915,7.170560270908941,0.032495841804741875,100000
jaou7_6420p,0.42862075651061915,8.178928546867937,0.03498611210454667,100000
jaou7_6500p,0.42862075651061915,8.562378459172804,0.0358880221265477,100000
jaou7_6750p,0.42862075651061915,9.816099342427679,0.03868809767158738,100000
jaou7_6800p,0.42862075651061915,10.076644663924847,0.039243996229812214,100000
jaou7_6900p,0.42862075651061915,10.60792738649332,0.040349234121219914,100000
jaou7_7000p,0.42862075651061915,11.152386204333405,0.04144562373109131,100000
jaou7_7400p,0.42862075651061915,13.452061763684313,0.04574128928501855,100000
jaou7_7450p,0.42862075651061915,13.752459669806154,0.04626738475310893,100000
jaou7_7500p,0.42862075651061915,14.055604520313066,0.04679088184858732,100000
jaou7_6820c,0.43245310396222647,12.880431472303624,0.07417592294882892,100000
jaou7_6825c,0.43245310396222647,12.85903340836381,0.0741300419083742,100000
jaou7_6860c,0.43245310396222647,12.710213417584445,0.07380854206443466,100000
jaou7_6900c,0.43245310396222647,12.542048849558606,0.07344068670334657,100000
jaou7_6905c,0.43245310396222647,12.521177791144343,0.07339466407384324,100000
jaou7_6930c,0.43245310396222647,12.417301748953815,0.07316445134908948,100000
jaou7_7000c,0.43245310396222647,12.130780727994898,0.07251887294022198,100000
jaou7_7110c,0.43245310396222647,11.692894620612615,0.07150263138943674,100000
jaou7_7200c,0.43245310396222647,11.34547834699642,0.07067047450212358,100000
jaou7_7335c,0.43245310396222647,10.841622947311391,0.06942335669275504,100000
jaou7_7400c,0.43245310396222647,10.606245973399355,0.06882382723424801,100000
jaou7_7450c,0.43245310396222647,10.428508314070617,0.0683629339853979,100000
jaou7_7500c,0.43245310396222647,10.253473782254606,0.06790260215368611,100000
jaou7_7542c,0.43245310396222647,10.108521701903788,0.06751640038211973,100000
jaou7_7550c,0.43245310396222647,10.081131308411406,0.06744288214551893,100000
jaou7_7600c,0.43245310396222647,9.911438493775613,0.06698386410243867,100000
jaou7_7610c,0.43245310396222647,9.877814486467122,0.06689215244494903,100000
jaou7_7705c,0.43245310396222647,9.563533286465466,0.06602259599165056,100000
jaou7_7710c,0.43245310396222647,9.547253979565784,0.06597691148245696,100000
jaou7_7725c,0.43245310396222647,9.49856779124925,0.06583991568979992,100000
jaou7_5800p,0.43245310396222647,5.600073172471802,0.028242376492837964,100000
jaou7_5900p,0.43245310396222647,5.993328361298547,0.02937564119754079,100000
jaou7_6000p,0.43245310396222647,6.4014745794856225,0.030510558668641503,100000
jaou7_6200p,0.43245310396222647,7.262462773967476,0.03277954751737229,100000
jaou7_6420p,0.43245310396222647,8.27446185998242,0.03527093043496284,100000
jaou7_6500p,0.43245310396222647,8.659139540379018,0.03617301729167133,100000
jaou7_6750p,0.43245310396222647,9.91604755479578,0.03897377989675648,100000
jaou7_6800p,0.43245310396222647,10.17716967570112,0.03952971795316266,100000
jaou7_6900p,0.43245310396222647,10.709524617061913,0.04063501368689263,100000
jaou7_7000p,0.43245310396222647,11.254928609690296,0.041731494371967666,100000
jaou7_7400p,0.43245310396222647,13.557082311863121,0.046028364471928866,100000
jaou7_7450p,0.43245310396222647,13.857680709630428,0.046554643879442956,100000
jaou7_7500p,0.43245310396222647,14.160982234910463,0.04707839910273021,100000
jaou7_6820c,0.4362854514138337,12.979783607344647,0.07498482674719656,100000
jaou7_6825c,0.4362854514138337,12.958442789978232,0.07493899129840216,100000
jaou7_6860c,0.4362854514138337,12.809991916642687,0.07461785629127883,100000
jaou7_6900c,0.4362854514138337,12.642240412480188,0.07425041392807573,100000
jaou7_6905c,0.4362854514138337,12.621417648242735,0.07420444715214095,100000
jaou7_6930c,0.4362854514138337,12.5177964787838,0.07397448590376114,100000
jaou7_7000c,0.4362854514138337,12.23190686110711,0.07332970540632874,100000
jaou7_7110c,0.4362854514138337,11.794902091984682,0.07231476246131721,100000
jaou7_7200c,0.4362854514138337,11.448068557745158,0.07148376082656754,100000
jaou7_7335c,0.4362854514138337,10.94494164055103,0.07023837278004881,100000
jaou7_7400c,0.4362854514138337,10.709853049231057,0.06963966949885814,100000
jaou7_7450c,0.4362854514138337,10.532318268293388,0.0691793933942821,100000
jaou7_7500c,0.4362854514138337,10.357444600750513,0.0687197009290362,100000
jaou7_7542c,0.4362854514138337,10.212614742271649,0.06833402284841296,100000
jaou7_7550c,0.4362854514138337,10.185244515894466,0.06826060559872421,100000
jaou7_7600c,0.4362854514138337,10.0156659291008,0.06780221125154506,100000
jaou7_7610c,0.4362854514138337,9.98206237479585,0.06771062266850515,100000
jaou7_7705c,0.4362854514138337,9.667928951793174,0.06684221622663442,100000
jaou7_7710c,0.4362854514138337,9.651656192691457,0.0667965896340887,100000
jaou7_7725c,0.4362854514138337,9.602985102341028,0.06665977149989613,100000
jaou7_5800p,0.4362854514138337,5.68369977901187,0.028521815179681324,100000
jaou7_5900p,0.4362854514138337,6.079178406350408,0.029656091678858406,100000
jaou7_6000p,0.4362854514138337,6.489471131744331,0.030791777987737523,100000
jaou7_6200p,0.4362854514138337,7.354400697995694,0.03306188166152734,100000
jaou7_6420p,0.4362854514138337,8.370005364738805,0.035554326239808864,100000
jaou7_6500p,0.4362854514138337,8.755904412459135,0.03645657346062428,100000
jaou7_6750p,0.4362854514138337,10.01597144979038,0.03925801602216924,100000
jaou7_6800p,0.4362854514138337,10.277681046703375,0.03981395534283413,100000
jaou7_6900p,0.4362854514138337,10.811098176853108,0.04091931680383656,100000
jaou7_7000p,0.4362854514138337,11.357436739672119,0.042015904009803345,100000
jaou7_7400p,0.4362854514138337,13.662071384564436,0.04631396622787985,100000
jaou7_7450p,0.4362854514138337,13.962872660722809,0.04684042675109578,100000
jaou7_7500p,0.4362854514138337,14.266335050275982,0.04736443275122092,100000
jaou7_6820c,0.440117798865441,13.079099765902463,0.07579745012521905,100000
jaou7_6825c,0.440117798865441,13.057814188486743,0.07575166363500249,100000
jaou7_6860c,0.440117798865441,12.9097330765416,0.07543089180680915,100000
jaou7_6900c,0.440117798865441,12.742385706336208,0.07506387733306667,100000
jaou7_6905c,0.440117798865441,12.721609171713885,0.07501796986328409,100000
jaou7_6930c,0.440117798865441,12.618248041078179,0.0747882512601529,100000
jaou7_7000c,0.440117798865441,12.332981967805154,0.07414428236530454,100000
jaou7_7110c,0.440117798865441,11.896857558116565,0.07313064247493996,100000
jaou7_7200c,0.440117798865441,11.550605900777818,0.07230080196100344,100000
jaou7_7335c,0.440117798865441,11.048206513959132,0.07105715569011214,100000
jaou7_7400c,0.440117798865441,10.813417702024672,0.07045926784350202,100000
jaou7_7450c,0.440117798865441,10.636085490459525,0.06999961552588141,100000
jaou7_7500c,0.440117798865441,10.461374799797634,0.06954056607859727,100000
jaou7_7542c,0.440117798865441,10.316670046863104,0.06915541369352063,100000
jaou7_7550c,0.440117798865441,10.289323887854453,0.06908209287686398,100000
jaou7_7600c,0.440117798865441,10.119860133546398,0.06862432969658827,100000
jaou7_7610c,0.440117798865441,10.086279392042835,0.06853286247156999,100000
jaou7_7705c,0.440117798865441,9.772301981618108,0.06766561234448168,100000
jaou7_7710c,0.440117798865441,9.756035764055552,0.06762004472118895,100000
jaou7_7725c,0.440117798865441,9.707381573572354,0.06748340481860998,100000
jaou7_5800p,0.440117798865441,5.767456265208442,0.028799943112280613,100000
jaou7_5900p,0.440117798865441,6.165162155860817,0.029935148470715846,100000
jaou7_6000p,0.440117798865441,6.5775568644965565,0.031071626939752926,100000
jaou7_6200p,0.440117798865441,7.446370641451157,0.03334285010799031,100000
jaou7_6420p,0.440117798865441,8.465562099457923,0.03583629324637152,100000
jaou7_6500p,0.440117798865441,8.852674265956475,0.0367386894143593,100000
jaou7_6750p,0.440117798865441,10.115876075977955,0.039540796243547185,100000
jaou7_6800p,0.440117798865441,10.37815986355843,0.04009676044862154,100000
jaou7_6900p,0.440117798865441,10.912638698002324,0.04120217170133718,100000
jaou7_7000p,0.440117798865441,11.459907073663365,0.0422988658333395,100000
jaou7_7400p,0.440117798865441,13.767031264651248,0.04659809095492115,100000
jaou7_7450p,0.440117798865441,14.068035110182144,0.04712473755063561,100000
jaou7_7500p,0.440117798865441,14.371660476616302,0.04764899302420807,100000
jaou7_6820c,0.44395014631704827,13.178376391928893,0.07661381857989596,100000
jaou7_6825c,0.44395014631704827,13.1571480501688,0.07656807751592988,100000
jaou7_6860c,0.44395014631704827,13.009429601214615,0.07624768051805429,100000
jaou7_6900c,0.44395014631704827,12.84248049052807,0.0758811035286829,100000
jaou7_6905c,0.44395014631704827,12.821758441711953,0.07583524135379154,100000
jaou7_6930c,0.44395014631704827,12.718650709683239,0.07560577656127193,100000
jaou7_7000c,0.44395014631704827,12.434006431535607,0.07496262268341705,100000
jaou7_7110c,0.44395014631704827,11.998760014024805,0.07395029262157532,100000
jaou7_7200c,0.44395014631704827,11.653086998082655,0.07312162279406062,100000
jaou7_7335c,0.44395014631704827,11.151419740363334,0.07187972138670198,100000
jaou7_7400c,0.44395014631704827,10.916938268070302,0.07128264407226126,100000
jaou7_7450c,0.44395014631704827,10.739807853668466,0.07082362273416508,100000
jaou7_7500c,0.44395014631704827,10.565263161354,0.07036521841924653,100000
jaou7_7542c,0.44395014631704827,10.420686605199641,0.06998059328057725,100000
jaou7_7550c,0.44395014631704827,10.39336513451972,0.06990736920993275,100000
jaou7_7600c,0.44395014631704827,10.224021749527639,0.06945023714590148,100000
jaou7_7610c,0.44395014631704827,10.19046363361825,0.06935889327886344,100000
jaou7_7705c,0.44395014631704827,9.876651326601014,0.06849280408284787,100000
jaou7_7710c,0.44395014631704827,9.860391089254913,0.06844729725456127,100000
jaou7_7725c,0.44395014631704827,9.811755533927807,0.068310836176106,100000
jaou7_5800p,0.44395014631704827,5.851329509263776,0.029076779176563258,100000
jaou7_5900p,0.44395014631704827,6.25123439018459,0.03021289927507043,100000
jaou7_6000p,0.44395014631704827,6.665731230443506,0.03135010280450714,100000
jaou7_6200p,0.44395014631704827,7.538374551762234,0.03362244699178387,100000
jaou7_6420p,0.44395014631704827,8.561130411119974,0.036116836230532995,100000
jaou7_6500p,0.44395014631704827,8.949438027543259,0.03701939332304968,100000
jaou7_6750p,0.44395014631704827,10.215762149034585,0.03982212182504087,100000
jaou7_6800p,0.44395014631704827,10.478613798003186,0.040378116600302875,100000
jaou7_6900p,0.44395014631704827,11.014141968861129,0.04148359307957671,100000
jaou7_7000p,0.44395014631704827,11.562340024060761,0.04258038242107371,100000
jaou7_7400p,0.44395014631704827,13.87196031736382,0.04688074659973098,100000
jaou7_7450p,0.44395014631704827,14.173165960058034,0.04740758548999433,100000
jaou7_7500p,0.44395014631704827,14.47695732483961,0.04793208625093299,100000
jaou7_6820c,0.44778249376865553,13.277616538981864,0.07743394636863017,100000
jaou7_6825c,0.44778249376865553,13.256447044224227,0.07738824787778505,100000
jaou7_6860c,0.44778249376865553,13.10907260989897,0.07706825710249796,100000
jaou7_6900c,0.44778249376865553,12.94253615901831,0.07670209280695704,100000
jaou7_6905c,0.44778249376865553,12.92186772616913,0.07665627739351771,100000
jaou7_6930c,0.44778249376865553,12.819003937694635,0.0764270823571365,100000
jaou7_7000c,0.44778249376865553,12.534984017349407,0.07578473978201133,100000
jaou7_7110c,0.44778249376865553,12.100611064102146,0.07477372998747638,100000
jaou7_7200c,0.44778249376865553,11.755517630079215,0.07394623378181199,100000
jaou7_7335c,0.44778249376865553,11.25458366939408,0.07270608573365489,100000
jaou7_7400c,0.44778249376865553,11.02041340135169,0.07210981966040694,100000
jaou7_7450c,0.44778249376865553,10.843485957123423,0.07165143340184439,100000
jaou7_7500c,0.44778249376865553,10.669108578249137,0.071193678775596,100000
jaou7_7542c,0.44778249376865553,10.52466487490768,0.0708095799698113,100000
jaou7_7550c,0.44778249376865553,10.497365771494442,0.07073645730525904,100000
jaou7_7600c,0.44778249376865553,10.328149573268885,0.07027995422550821,100000
jaou7_7610c,0.44778249376865553,10.294613111604566,0.07018873682406143,100000
jaou7_7705c,0.44778249376865553,9.98097519026099,0.06932381246295594,100000
jaou7_7710c,0.44778249376865553,9.964721164252756,0.0692783670855203,100000
jaou7_7725c,0.44778249376865553,9.916106270077494,0.06914208493518946,100000
jaou7_5800p,0.44778249376865553,5.935314174100862,0.029352327259200995,100000
jaou7_5900p,0.44778249376865553,6.337379713758864,0.030489370284689798,100000
jaou7_6000p,0.44778249376865553,6.753969007415279,0.031627255184054646,100000
jaou7_6200p,0.44778249376865553,7.63039412067889,0.03390071190553999,100000
jaou7_6420p,0.44778249376865553,8.656704258203552,0.036395970601880115,100000
jaou7_6500p,0.44778249376865553,9.04620142743324,0.03729867301070024,100000
jaou7_6750p,0.44778249376865553,10.315609673225326,0.04010204703492121,100000
jaou7_6800p,0.44778249376865553,10.579046540599611,0.040658017537841595,100000
jaou7_6900p,0.44778249376865553,11.115619412661387,0.04176355415095441,100000
jaou7_7000p,0.44778249376865553,11.664739385184573,0.042860447153759126,100000
jaou7_7400p,0.44778249376865553,13.976857225955223,0.04716194017906284,100000
jaou7_7450p,0.44778249376865553,14.278265838823005,0.04768897164555102,100000
jaou7_7500p,0.44778249376865553,14.582224517044764,0.04821371843702211,100000
jaou7_6820c,0.4516148412202628,13.376814260158543,0.0782578633500588,100000
jaou7_6825c,0.4516148412202628,13.355683777949507,0.07821224133907927,100000
jaou7_6860c,0.4516148412202628,13.208668066483071,0.07789263111695105,100000
jaou7_6900c,0.4516148412202628,13.042553046608127,0.07752686440636762,100000
jaou7_6905c,0.4516148412202628,13.02193654246299,0.07748109858289562,100000
jaou7_6930c,0.4516148412202628,12.919309604692412,0.0772521852466917,100000
jaou7_7000c,0.4516148412202628,12.635913062608486,0.07661065624966815,100000
jaou7_7110c,0.4516148412202628,12.202412264803197,0.07560097191786742,100000
jaou7_7200c,0.4516148412202628,11.857899193857392,0.07477465251835723,100000
jaou7_7335c,0.4516148412202628,11.35770294389809,0.07353626123676302,100000
jaou7_7400c,0.4516148412202628,11.123841767306471,0.07294081623261674,100000
jaou7_7450c,0.4516148412202628,10.947118141734759,0.07248306951144834,100000
jaou7_7500c,0.4516148412202628,10.772912983032539,0.07202596359479847,100000
jaou7_7542c,0.4516148412202628,10.62860653370082,0.07164239049758898,100000
jaou7_7550c,0.4516148412202628,10.601326215014746,0.07156937573961461,100000
jaou7_7600c,0.4516148412202628,10.432240676695546,0.07111350427945023,100000
jaou7_7610c,0.4516148412202628,10.398726577574799,0.07102241393998086,100000
jaou7_7705c,0.4516148412202628,10.085272205553434,0.07015865808952024,100000
jaou7_7710c,0.4516148412202628,10.069024535531897,0.07011327491824648,100000
jaou7_7725c,0.4516148412202628,10.020432211144676,0.06997717189917452,100000
jaou7_5800p,0.4516148412202628,6.019418409162067,0.029626564423557357,100000
jaou7_5900p,0.4516148412202628,6.423634006895077,0.03076448193487537,100000
jaou7_6000p,0.4516148412202628,6.842277775465413,0.03190306408768399,100000
jaou7_6200p,0.4516148412202628,7.722435343937799,0.034177630007206625,100000
jaou7_6420p,0.4516148412202628,8.75227542807073,0.03667371675261581,100000
jaou7_6500p,0.4516148412202628,9.14295718685419,0.037576547762286285,100000
jaou7_6750p,0.4516148412202628,10.415426153089523,0.040380555603970414,100000
jaou7_6800p,0.4516148412202628,10.679454550170075,0.04093647568086331,100000
jaou7_6900p,0.4516148412202628,11.217071393794255,0.04204205742776779,100000
jaou7_7000p,0.4516148412202628,11.76710352398671,0.04313906813702161,100000
jaou7_7400p,0.4516148412202628,14.08172068545306,0.04744167867308758,100000
jaou7_7450p,0.4516148412202628,14.383333116977392,0.04796890384210502,100000
jaou7_7500p,0.4516148412202628,14.687464015371217,0.04849388640022628,100000
jaou7_6820c,0.45544718867187006,13.475950882001822,0.0790856213366621,100000
jaou7_6825c,0.45544718867187006,13.45487966317888,0.07904004111603288,100000
jaou7_6860c,0.45544718867187006,13.308227580625466,0.07872080271722046,100000
jaou7_6900c,0.45544718867187006,13.142525616164674,0.07835544759588874,100000
jaou7_6905c,0.45544718867187006,13.121957093685337,0.07830973799884428,100000
jaou7_6930c,0.45544718867187006,13.01955821457203,0.07808112108989097,100000
jaou7_7000c,0.45544718867187006,12.736786327425028,0.07744040406268737,100000
jaou7_7110c,0.45544718867187006,12.304154052065211,0.07643205388221938,100000
jaou7_7200c,0.45544718867187006,11.960216486417604,0.07560692313771977,100000
jaou7_7335c,0.45544718867187006,11.460775443379895,0.07437027105224123,100000
jaou7_7400c,0.45544718867187006,11.227221306490376,0.07377565667946688,100000
jaou7_7450c,0.45544718867187006,11.050702800123961,0.07331855313365082,100000
jaou7_7500c,0.45544718867187006,10.876673651221916,0.07286209648356813,100000
jaou7_7542c,0.45544718867187006,10.732506351587302,0.07247905204494437,100000
jaou7_7550c,0.45544718867187006,10.705247054004646,0.07240614302678175,100000
jaou7_7600c,0.45544718867187006,10.536294963441598,0.07195090668041093,100000
jaou7_7610c,0.45544718867187006,10.502804356628378,0.0718599433462681,100000
jaou7_7705c,0.45544718867187006,10.18954084364709,0.07099736200237512,100000
jaou7_7710c,0.45544718867187006,10.1732992458133,0.0709520423835728,100000
jaou7_7725c,0.45544718867187006,10.12473162146886,0.07081611831271015,100000
jaou7_5800p,0.45544718867187006,6.103617496050177,0.029899534581971404,100000
jaou7_5900p,0.45544718867187006,6.509975268363759,0.031038275592158732,100000
jaou7_6000p,0.45544718867187006,6.930678453341139,0.032177481768711914,100000
jaou7_6200p,0.45544718867187006,7.814531276334392,0.03445312580990234,100000
jaou7_6420p,0.45544718867187006,8.847873300753834,0.036950005838946524,100000
jaou7_6500p,0.45544718867187006,9.239701501966186,0.03785302845324786,100000
jaou7_6750p,0.45544718867187006,10.515228855208138,0.04065760611685181,100000
jaou7_6800p,0.45544718867187006,10.779838467912004,0.04121349256855087,100000
jaou7_6900p,0.45544718867187006,11.31849240503895,0.04231912109185537,100000
jaou7_7000p,0.45544718867187006,11.869425230491395,0.04341626860037822,100000
jaou7_7400p,0.45544718867187006,14.186548666325109,0.0477199712216153,100000
jaou7_7450p,0.45544718867187006,14.488366217054743,0.048247389759500735,100000
jaou7_7500p,0.45544718867187006,14.792673125248742,0.048772601045822275,100000
jaou7_6820c,0.4592795361234774,13.5750503872211,0.07991719933746232,100000
jaou7_6825c,0.4592795361234774,13.554030986422696,0.07987167352844052,100000
jaou7_6860c,0.4592795361234774,13.407739509545198,0.07955281170609936,100000
jaou7_6900c,0.4592795361234774,13.242447862064765,0.0791878725620462,100000
jaou7_6905c,0.4592795361234774,13.221925236980207,0.0791422226827135,100000
jaou7_6930c,0.4592795361234774,13.119749589335411,0.07891391025853602,100000
jaou7_7000c,0.4592795361234774,12.837615947679827,0.07827398338697628,100000
jaou7_7110c,0.4592795361234774,12.405837900331562,0.07726699367304808,100000
jaou7_7200c,0.4592795361234774,12.062477085762941,0.07644305376339515,100000
jaou7_7335c,0.4592795361234774,11.563793733378134,0.07520814667843317,100000
jaou7_7400c,0.4592795361234774,11.330552648485845,0.07461435997169605,100000
jaou7_7450c,0.4592795361234774,11.15423910254551,0.07415790533738516,100000
jaou7_7500c,0.4592795361234774,10.980389658694149,0.07370209852808614,100000
jaou7_7542c,0.4592795361234774,10.836362267863027,0.07331958725669425,100000
jaou7_7550c,0.4592795361234774,10.809127730159492,0.07324677956981619,100000
jaou7_7600c,0.4592795361234774,10.640312739981937,0.07279218040298975,100000
jaou7_7610c,0.4592795361234774,10.606843789881184,0.0727013483211292,100000
jaou7_7705c,0.4592795361234774,10.293779796141296,0.07183994512722094,100000
jaou7_7710c,0.4592795361234774,10.277545978273574,0.07179468752933153,100000
jaou7_7725c,0.4592795361234774,10.229002944745462,0.07165894536755496,100000
jaou7_5800p,0.4592795361234774,6.187929389918709,0.030171195126703132,100000
jaou7_5900p,0.4592795361234774,6.596419938330543,0.03131071239999682,100000
jaou7_6000p,0.4592795361234774,7.019139510066281,0.03245057281235496,100000
jaou7_6200p,0.4592795361234774,7.906643456677483,0.03472728567502095,100000
jaou7_6420p,0.4592795361234774,8.943474041607663,0.03722489627578567,100000
jaou7_6500p,0.4592795361234774,9.336421453201488,0.038128148389151115,100000
jaou7_6750p,0.4592795361234774,10.61501516416062,0.04093320842932061,100000
jaou7_6800p,0.4592795361234774,10.880200682551687,0.041489065189636194,100000
jaou7_6900p,0.4592795361234774,11.419876471007877,0.04259476456942231,100000
jaou7_7000p,0.4592795361234774,11.971716670815029,0.043692018953180124,100000
jaou7_7400p,0.4592795361234774,14.291341828389415,0.04799681896097954,100000
jaou7_7450p,0.4592795361234774,14.593364339545124,0.048524434747025266,100000
jaou7_7500p,0.4592795361234774,14.897850952789812,0.04904986784015052,100000
jaou7_6820c,0.4631118835750846,13.674104640115058,0.0807526314038593,100000
jaou7_6825c,0.4631118835750846,13.6531323503959,0.08070716790885246,100000
jaou7_6860c,0.4631118835750846,13.507200443891072,0.08038868403642903,100000
jaou7_6900c,0.4631118835750846,13.342321930405646,0.08002415598745374,100000
jaou7_6905c,0.4631118835750846,13.321848816305842,0.07997855976621845,100000
jaou7_6930c,0.4631118835750846,13.219895563135282,0.07975055331453507,100000
jaou7_7000c,0.4631118835750846,12.93839349605077,0.0791114284088008,100000
jaou7_7110c,0.4631118835750846,12.507466825213854,0.07810580678113123,100000
jaou7_7200c,0.4631118835750846,12.164681803466785,0.07728306341958102,100000
jaou7_7335c,0.4631118835750846,11.666763787778232,0.0760498991183708,100000
jaou7_7400c,0.4631118835750846,11.433837036579982,0.07545694431440972,100000
jaou7_7450c,0.4631118835750846,11.257725977710386,0.07500114772715616,100000
jaou7_7500c,0.4631118835750846,11.084062188487996,0.07454598785701412,100000
jaou7_7542c,0.4631118835750846,10.940175249377722,0.07416401447869793,100000
jaou7_7550c,0.4631118835750846,10.912964882997437,0.07409131009054946,100000
jaou7_7600c,0.4631118835750846,10.744290874192622,0.07363734964622913,100000
jaou7_7610c,0.4631118835750846,10.710846564002184,0.07354664598557277,100000
jaou7_7705c,0.4631118835750846,10.397987997132814,0.07268642824415497,100000
jaou7_7710c,0.4631118835750846,10.381763778622819,0.07264123096076952,100000
jaou7_7725c,0.4631118835750846,10.3332452318247,0.07250567359316215,100000
jaou7_5800p,0.4631118835750846,6.272365778435383,0.0304415168890947,100000
jaou7_5900p,0.4631118835750846,6.6829600339183095,0.03158180522185709,100000
jaou7_6000p,0.4631118835750846,7.107687478115931,0.03272227712902834,100000
jaou7_6200p,0.4631118835750846,7.99877072258387,0.035000111234752246,100000
jaou7_6420p,0.4631118835750846,9.039065225241007,0.037498418821422,100000
jaou7_6500p,0.4631118835750846,9.433118006494658,0.03840190684780803,100000
jaou7_6750p,0.4631118835750846,10.714764862131853,0.0412074179300318,100000
jaou7_6800p,0.4631118835750846,10.980511932105184,0.041763273412207653,100000
jaou7_6900p,0.4631118835750846,11.521225768358889,0.04286898544968288,100000
jaou7_7000p,0.4631118835750846,12.073969448196106,0.043966345761459386,100000
jaou7_7400p,0.4631118835750846,14.396101445493684,0.04827222120468922,100000
jaou7_7450p,0.4631118835750846,14.698326443720129,0.048800044883273275,100000
jaou7_7500p,0.4631118835750846,15.002998711593788,0.04932568584983971,100000
jaou7_6820c,0.4669442310266919,13.773100755830214,0.0815919596859527,100000
jaou7_6825c,0.4669442310266919,13.752181418371098,0.08154654858301245,100000
jaou7_6860c,0.4669442310266919,13.606622378639463,0.08122841993127465,100000
jaou7_6900c,0.4669442310266919,13.44214337454766,0.08086432568481144,100000
jaou7_6905c,0.4669442310266919,13.421712838940055,0.08081879469332925,100000
jaou7_6930c,0.4669442310266919,13.319985886638742,0.08059108774271401,100000
jaou7_7000c,0.4669442310266919,13.039107754473896,0.07995277797395374,100000
jaou7_7110c,0.4669442310266919,12.609036609580308,0.07894852046403646,100000
jaou7_7200c,0.4669442310266919,12.26683712901506,0.07812696238584997,100000
jaou7_7335c,0.4669442310266919,11.769679692938844,0.0768955578256825,100000
jaou7_7400c,0.4669442310266919,11.537070812598195,0.0763034355385915,100000
jaou7_7450c,0.4669442310266919,11.361162084858288,0.07584830248781375,100000
jaou7_7500c,0.4669442310266919,11.187690379596878,0.07539378582492809,100000
jaou7_7542c,0.4669442310266919,11.043945752942674,0.0750123530052305,100000
jaou7_7550c,0.4669442310266919,11.016756925329522,0.07493975687000544,100000
jaou7_7600c,0.4669442310266919,10.848228268134264,0.07448643581677612,100000
jaou7_7610c,0.4669442310266919,10.814811166867619,0.0743958583260037,100000
jaou7_7705c,0.4669442310266919,10.502163626527178,0.07353683341546063,100000
jaou7_7710c,0.4669442310266919,10.485950555733876,0.07349169511253721,100000
jaou7_7725c,0.4669442310266919,10.437457578978277,0.07335632366191681,100000
jaou7_5800p,0.4669442310266919,6.3569285373084945,0.030710491299097368,100000
jaou7_5900p,0.4669442310266919,6.76958707728246,0.031851568160653786,100000
jaou7_6000p,0.4669442310266919,7.196315958024925,0.032992606137807155,100000
jaou7_6200p,0.4669442310266919,8.090912934473467,0.035271602204062565,100000
jaou7_6420p,0.4669442310266919,9.134667415520585,0.037770525395129324,100000
jaou7_6500p,0.4669442310266919,9.5298028024951,0.03867427700887485,100000
jaou7_6750p,0.4669442310266919,10.814495430429117,0.0414801922380789,100000
jaou7_6800p,0.4669442310266919,11.080796999808703,0.04203605530535,100000
jaou7_6900p,0.4669442310266919,11.6225358813394,0.043141799093759634,100000
jaou7_7000p,0.4669442310266919,12.17617237545773,0.04423928328833002,100000
jaou7_7400p,0.4669442310266919,14.500823890350393,0.04854619183849335,100000
jaou7_7450p,0.4669442310266919,14.803251219706528,0.049074227056437256,100000
jaou7_7500p,0.4669442310266919,15.108115571541166,0.049600060353029336,100000
jaou7_6820c,0.4707765784782992,13.872055718930094,0.08243517600128564,100000
jaou7_6825c,0.4707765784782992,13.851194213777218,0.08238980900027898,100000
jaou7_6860c,0.4707765784782992,13.7060055205194,0.08207203966472243,100000
jaou7_6900c,0.4707765784782992,13.541906882644053,0.08170841109339361,100000
jaou7_6905c,0.4707765784782992,13.52151882535351,0.08166294548793074,100000
jaou7_6930c,0.4707765784782992,13.420032365934862,0.08143551461788393,100000
jaou7_7000c,0.4707765784782992,13.139760812718183,0.08079804930595327,100000
jaou7_7110c,0.4707765784782992,12.710548412498808,0.07979515354839571,100000
jaou7_7200c,0.4707765784782992,12.368939588766379,0.07897477679059772,100000
jaou7_7335c,0.4707765784782992,11.872540163254124,0.07774514530316105,100000
jaou7_7400c,0.4707765784782992,11.640256599123296,0.07715385012604255,100000
jaou7_7450c,0.4707765784782992,11.464546239433744,0.07669939174154734,100000
jaou7_7500c,0.4707765784782992,11.291272472168972,0.07624551530857586,100000
jaou7_7542c,0.4707765784782992,11.147672354714114,0.0758646250913431,100000
jaou7_7550c,0.4707765784782992,11.120502996082738,0.07579214130101297,100000
jaou7_7600c,0.4707765784782992,10.952125113139548,0.07533945863318817,100000
jaou7_7610c,0.4707765784782992,10.918735458250644,0.07524900842894341,100000
jaou7_7705c,0.4707765784782992,10.606308208632695,0.07439117812869588,100000
jaou7_7710c,0.4707765784782992,10.590105599030178,0.07434610064759507,100000
jaou7_7725c,0.4707765784782992,10.541639851863403,0.07421091535950254,100000
jaou7_5800p,0.4707765784782992,6.44157006973329,0.03097821144630325,100000
jaou7_5900p,0.4707765784782992,6.856301504915887,0.032119996643143904,100000
jaou7_6000p,0.4707765784782992,7.285012673276898,0.03326158387540652,100000
jaou7_6200p,0.4707765784782992,8.183044764511166,0.03554181579676049,100000
jaou7_6420p,0.4707765784782992,9.230265242712012,0.03804125444501793,100000
jaou7_6500p,0.4707765784782992,9.626472426962273,0.038945269351358607,100000
jaou7_6750p,0.4707765784782992,10.914203017838076,0.041751544460158496,100000
jaou7_6800p,0.4707765784782992,11.181050569735794,0.04230742810391562,100000
jaou7_6900p,0.4707765784782992,11.723801529317653,0.043413223097341753,100000
jaou7_7000p,0.4707765784782992,12.278327573583873,0.044510829239555856,100000
jaou7_7400p,0.4707765784782992,14.605511816757353,0.04881872601981367,100000
jaou7_7450p,0.4707765784782992,14.908137514163847,0.04934698768913158,100000
jaou7_7500p,0.4707765784782992,15.213199803995117,0.04987299935699103,100000
jaou7_6820c,0.47460892592990644,13.970970151177216,0.08328229999934846,100000
jaou7_6825c,0.47460892592990644,13.95016004385086,0.08323698789715155,100000
jaou7_6860c,0.47460892592990644,13.805343382963303,0.08291957484757195,100000
jaou7_6900c,0.47460892592990644,13.641615776804034,0.08255642745455909,100000
jaou7_6905c,0.47460892592990644,13.621278932529512,0.08251101276715105,100000
jaou7_6930c,0.47460892592990644,13.52002420092505,0.08228387257754911,100000
jaou7_7000c,0.47460892592990644,13.240360179310036,0.08164725098103581,100000
jaou7_7110c,0.47460892592990644,12.812006026414087,0.08064572083144286,100000
jaou7_7200c,0.47460892592990644,12.470981355155246,0.0798265397389704,100000
jaou7_7335c,0.47460892592990644,11.975345605362316,0.07859868163846641,100000
jaou7_7400c,0.47460892592990644,11.74339066819645,0.0780082143356766,100000
jaou7_7450c,0.47460892592990644,11.567880550303636,0.0775544328690193,100000
jaou7_7500c,0.47460892592990644,11.394807787246386,0.07710119775316507,100000
jaou7_7542c,0.47460892592990644,11.251351386876292,0.07672085647127407,100000
jaou7_7550c,0.47460892592990644,11.224204879148202,0.07664848108392026,100000
jaou7_7600c,0.47460892592990644,11.055979902603235,0.0761964404820534,100000
jaou7_7610c,0.47460892592990644,11.022618424307531,0.07610611792993084,100000
jaou7_7705c,0.47460892592990644,10.710419687240938,0.07524948519198006,100000
jaou7_7710c,0.47460892592990644,10.694228021017135,0.07520446868636468,100000
jaou7_7725c,0.47460892592990644,10.64579098597129,0.07506947000301228,100000
jaou7_5800p,0.47460892592990644,6.526283345870413,0.031244686643522368,100000
jaou7_5900p,0.47460892592990644,6.943078781865314,0.0323871392115575,100000
jaou7_6000p,0.47460892592990644,7.373787564041056,0.03352918665787752,100000
jaou7_6200p,0.47460892592990644,8.275181016250865,0.03581071733779172,100000
jaou7_6420p,0.47460892592990644,9.325864069220154,0.03831059436150174,100000
jaou7_6500p,0.47460892592990644,9.723118589377286,0.039214905985514796,100000
jaou7_6750p,0.47460892592990644,11.013886383421612,0.04202148085407521,100000
jaou7_6800p,0.47460892592990644,11.281264983904862,0.04257741523979658,100000
jaou7_6900p,0.47460892592990644,11.825026065947235,0.04368325180525389,100000
jaou7_7000p,0.47460892592990644,12.380442582645328,0.0447809663935619,100000
jaou7_7400p,0.47460892592990644,14.71016152830011,0.049089837868951304,100000
jaou7_7450p,0.47460892592990644,15.01298746750334,0.049618323246414284,100000
jaou7_7500p,0.47460892592990644,15.318250761542139,0.0501445075924014,100000
jaou7_6820c,0.4784412733815137,14.06983720864342,0.08413336409459798,100000
jaou7_6825c,0.4784412733815137,14.049074197941664,0.0840881140471814,100000
jaou7_6860c,0.4784412733815137,13.904629656465836,0.08377105692530674,100000
jaou7_6900c,0.4784412733815137,13.74127602384808,0.08340838580984225,100000
jaou7_6905c,0.4784412733815137,13.720981959492988,0.0833630359972397,100000
jaou7_6930c,0.4784412733815137,13.619962051372982,0.08313618149140684,100000
jaou7_7000c,0.4784412733815137,13.340917571053923,0.08250038502593285,100000
jaou7_7110c,0.4784412733815137,12.913405834830213,0.08150024908710539,100000
jaou7_7200c,0.4784412733815137,12.57296668433376,0.08068226556356146,100000
jaou7_7335c,0.4784412733815137,12.078097654583646,0.07945618522499324,100000
jaou7_7400c,0.4784412733815137,11.846471534217578,0.07886655121078523,100000
jaou7_7450c,0.4784412733815137,11.671167559127237,0.07841344279768933,100000
jaou7_7500c,0.4784412733815137,11.49829626866064,0.07796085387136635,100000
jaou7_7542c,0.4784412733815137,11.354981947605843,0.07758106898933506,100000
jaou7_7550c,0.4784412733815137,11.32786331748719,0.07750879564802882,100000
jaou7_7600c,0.4784412733815137,11.159793911035168,0.0770573999003254,100000
jaou7_7610c,0.4784412733815137,11.126459003441203,0.07696720872701858,100000
jaou7_7705c,0.4784412733815137,10.814496709570149,0.07611177661028289,100000
jaou7_7710c,0.4784412733815137,10.798316269968328,0.07606682149749051,100000
jaou7_7725c,0.4784412733815137,10.749909953424314,0.07593200906393244,100000
jaou7_5800p,0.4784412733815137,6.611104792427474,0.03150983655023346,100000
jaou7_5900p,0.4784412733815137,7.029922160511628,0.032652985266300276,100000
jaou7_6000p,0.4784412733815137,7.462631806057449,0.03379543152445794,100000
jaou7_6200p,0.4784412733815137,8.367349211938002,0.036078243070725345,100000
jaou7_6420p,0.4784412733815137,9.421454898095645,0.038578568473183424,100000
jaou7_6500p,0.4784412733815137,9.819750315399792,0.03948316649997842,100000
jaou7_6750p,0.4784412733815137,11.113546034682956,0.04229000312254972,100000
jaou7_6800p,0.4784412733815137,11.38144254265999,0.04284601371514749,100000
jaou7_6900p,0.4784412733815137,11.926215489923852,0.04395187244329351,100000
jaou7_7000p,0.4784412733815137,12.482529151321785,0.0450496657641915,100000
jaou7_7400p,0.4784412733815137,14.814771571253804,0.049359534800695624,100000
jaou7_7450p,0.4784412733815137,15.11780365325951,0.04988822886351522,100000
jaou7_7500p,0.4784412733815137,15.42326841988896,0.05041458788085985,100000
jaou7_6820c,0.482273620833121,14.168654244369524,0.08498839378714605,100000
jaou7_6825c,0.482273620833121,14.147948844290793,0.08494318817743104,100000
jaou7_6860c,0.482273620833121,14.00386776197188,0.08462650132135428,100000
jaou7_6900c,0.482273620833121,13.840882409007131,0.08426431592389806,100000
jaou7_6905c,0.482273620833121,13.820641482873143,0.08421901393687528,100000
jaou7_6930c,0.482273620833121,13.719850724719352,0.08399245462583851,100000
jaou7_7000c,0.482273620833121,13.441421043866226,0.08335749196653158,100000
jaou7_7110c,0.482273620833121,13.01474314905312,0.08235876694649219,100000
jaou7_7200c,0.482273620833121,12.67489706556212,0.08154197312872537,100000
jaou7_7335c,0.482273620833121,12.18079361016325,0.08031768123740848,100000
jaou7_7400c,0.482273620833121,11.94950007458803,0.07972888040921648,100000
jaou7_7450c,0.482273620833121,11.774404572779336,0.07927644645610588,100000
jaou7_7500c,0.482273620833121,11.601736637699396,0.07882450636319599,100000
jaou7_7542c,0.482273620833121,11.458565123560382,0.07844528176935829,100000
jaou7_7550c,0.482273620833121,11.431477130612242,0.07837310743207157,100000
jaou7_7600c,0.482273620833121,11.263564623093554,0.0779223611188478,100000
jaou7_7610c,0.482273620833121,11.230256171130836,0.07783230285443071,100000
jaou7_7705c,0.482273620833121,10.918538731973292,0.07697807343915032,100000
jaou7_7710c,0.482273620833121,10.902369692876734,0.07693318027423038,100000
jaou7_7725c,0.482273620833121,10.853994040736197,0.07679855660246843,100000
jaou7_5800p,0.482273620833121,6.696010416925554,0.0317737070608585,100000
jaou7_5900p,0.482273620833121,7.116857405891252,0.032917476570391783,100000
jaou7_6000p,0.482273620833121,7.551527201497217,0.03406035681528797,100000
jaou7_6200p,0.482273620833121,8.459559226263229,0.036344370222862625,100000
jaou7_6420p,0.482273620833121,9.517034435701738,0.03884518624124432,100000
jaou7_6500p,0.482273620833121,9.916370117865716,0.039750046763840925,100000
jaou7_6750p,0.482273620833121,11.213174881280048,0.04255713299299825,100000
jaou7_6800p,0.482273620833121,11.481598061793566,0.04311318745147849,100000
jaou7_6900p,0.482273620833121,12.027364618685976,0.04421910236423438,100000
jaou7_7000p,0.482273620833121,12.584575367737166,0.04531696384409801,100000
jaou7_7400p,0.482273620833121,14.919342855227336,0.049627817150700665,100000
jaou7_7450p,0.482273620833121,15.222583410514686,0.0501567154922314,100000
jaou7_7500p,0.482273620833121,15.528251532530794,0.05068324678417313,100000
jaou7_6820c,0.4861059682847283,14.267432415704015,0.0858473916801463,100000
jaou7_6825c,0.4861059682847283,14.246784694777087,0.08580223039683657,100000
jaou7_6860c,0.4861059682847283,14.103049533817485,0.08548594279513379,100000
jaou7_6900c,0.4861059682847283,13.94044212740182,0.0851242272349292,100000
jaou7_6905c,0.4861059682847283,13.920245564949463,0.08507898751877516,100000
jaou7_6930c,0.4861059682847283,13.819692390197394,0.0848527097722949,100000
jaou7_7000c,0.4861059682847283,13.541863392041487,0.08421860479874001,100000
jaou7_7110c,0.4861059682847283,13.116017836780008,0.08322129595713232,100000
jaou7_7200c,0.4861059682847283,12.776774826865347,0.08240568015919413,100000
jaou7_7335c,0.4861059682847283,12.283430941676242,0.08118319475831505,100000
jaou7_7400c,0.4861059682847283,12.05247511471695,0.08059522486034074,100000
jaou7_7450c,0.4861059682847283,11.877591660278828,0.08014346483244986,100000
jaou7_7500c,0.4861059682847283,11.705128703683904,0.07969217650933702,100000
jaou7_7542c,0.4861059682847283,11.56210278354298,0.07931351299118684,100000
jaou7_7550c,0.4861059682847283,11.535045335556873,0.07924143876721369,100000
jaou7_7600c,0.4861059682847283,11.36729118223835,0.07879134615408571,100000
jaou7_7610c,0.4861059682847283,11.33401018919704,0.07870142068659117,100000
jaou7_7705c,0.4861059682847283,11.022544397768964,0.07784839809283953,100000
jaou7_7710c,0.4861059682847283,11.006385712015284,0.0778035691423353,100000
jaou7_7725c,0.4861059682847283,10.958041906416636,0.0776691349368198,100000
jaou7_5800p,0.4861059682847283,6.781017787915945,0.03203625719544882,100000
jaou7_5900p,0.4861059682847283,7.203850529026242,0.03318068348499232,100000
jaou7_6000p,0.4861059682847283,7.640468618890137,0.03432397170605499,100000
jaou7_6200p,0.4861059682847283,8.551773083120285,0.036609186815029206,100000
jaou7_6420p,0.4861059682847283,9.612594949250596,0.03911046815549585,100000
jaou7_6500p,0.4861059682847283,10.012961420571262,0.040015589978846564,100000
jaou7_6750p,0.4861059682847283,11.312755411210047,0.0428229194346464,100000
jaou7_6800p,0.4861059682847283,11.581718680684336,0.04337897379340129,100000
jaou7_6900p,0.4861059682847283,12.128480679895556,0.04448492535648665,100000
jaou7_7000p,0.4861059682847283,12.68657405872731,0.045582883972738464,100000
jaou7_7400p,0.4861059682847283,15.023874238171144,0.049894691389863285,100000
jaou7_7450p,0.4861059682847283,15.327326840829066,0.05042378572577233,100000
jaou7_7500p,0.4861059682847283,15.633199941330192,0.05095048753446877,100000
jaou7_6820c,0.4899383157363355,14.3661724235192,0.08671037808786304,100000
jaou7_6825c,0.4899383157363355,14.345575352579793,0.08666527278656631,100000
jaou7_6860c,0.4899383157363355,14.202171616411754,0.08634940832789285,100000
jaou7_6900c,0.4899383157363355,14.039947229856233,0.08598815429123763,100000
jaou7_6905c,0.4899383157363355,14.019795100957225,0.08594297674800307,100000
jaou7_6930c,0.4899383157363355,13.919472872158089,0.08571699155785377,100000
jaou7_7000c,0.4899383157363355,13.642248989024926,0.0850837380012331,100000
jaou7_7110c,0.4899383157363355,13.217226218192518,0.08408786344539569,100000
jaou7_7200c,0.4899383157363355,12.878593799715595,0.08327341777589743,100000
jaou7_7335c,0.4899383157363355,12.386014288727534,0.08205274017916518,100000
jaou7_7400c,0.4899383157363355,12.155394612781294,0.08146560896542117,100000
jaou7_7450c,0.4899383157363355,11.980728432242762,0.08101451978456198,100000
jaou7_7500c,0.4899383157363355,11.80846983211728,0.08056388937050557,100000
jaou7_7542c,0.4899383157363355,11.665593987898655,0.08018578513609961,100000
jaou7_7550c,0.4899383157363355,11.638565064258941,0.08011381492347132,100000
jaou7_7600c,0.4899383157363355,11.47097148729456,0.0796643790102132,100000
jaou7_7610c,0.4899383157363355,11.437720965263633,0.07957458330513013,100000
jaou7_7705c,0.4899383157363355,11.126512825452574,0.07872277251395711,100000
jaou7_7710c,0.4899383157363355,11.11036293930756,0.07867801073853369,100000
jaou7_7725c,0.4899383157363355,11.062053103059581,0.07854376532685177,100000
jaou7_5800p,0.4899383157363355,6.866117140219158,0.03229750385416783,100000
jaou7_5900p,0.4899383157363355,7.290929764561321,0.033442542046993304,100000
jaou7_6000p,0.4899383157363355,7.729443930385103,0.034586301152588116,100000
jaou7_6200p,0.4899383157363355,8.644009057466585,0.0368726502033611,100000
jaou7_6420p,0.4899383157363355,9.708128445893268,0.03937443521104171,100000
jaou7_6500p,0.4899383157363355,10.10952629129454,0.04027979282348335,100000
jaou7_6750p,0.4899383157363355,11.412312692742658,0.04308729940300061,100000
jaou7_6800p,0.4899383157363355,11.681801199560445,0.04364338442568421,100000
jaou7_6900p,0.4899383157363355,12.2295557572532,0.044749366277972734,100000
jaou7_7000p,0.4899383157363355,12.788529630613986,0.0458474173435044,100000
jaou7_7400p,0.4899383157363355,15.12836371113872,0.050160166598775015,100000
jaou7_7450p,0.4899383157363355,15.432033587696235,0.05068944353518509,100000
jaou7_7500p,0.4899383157363355,15.7381110446668,0.05121632085422872,100000
jaou7_6820c,0.4937706631879428,14.464863079696796,0.08757739321075506,100000
jaou7_6825c,0.4937706631879428,14.444314544710862,0.08753234736488882,100000
jaou7_6860c,0.4937706631879428,14.301241856377867,0.08721690661864726,100000
jaou7_6900c,0.4937706631879428,14.1393972248316,0.08685611955207924,100000
jaou7_6905c,0.4937706631879428,14.11929471863727,0.08681099574150462,100000
jaou7_6930c,0.4937706631879428,14.019208853909085,0.08658529454219385,100000
jaou7_7000c,0.4937706631879428,13.742576748843854,0.08595291501511115,100000
jaou7_7110c,0.4937706631879428,13.318372863300981,0.08495848391816363,100000
jaou7_7200c,0.4937706631879428,12.98035962188194,0.08414519895923417,100000
jaou7_7335c,0.4937706631879428,12.488544797742517,0.08292633739053665,100000
jaou7_7400c,0.4937706631879428,12.258260249250831,0.08234005174285453,100000
jaou7_7450c,0.4937706631879428,12.083810535893635,0.08188963921964787,100000
jaou7_7500c,0.4937706631879428,11.911760969890707,0.08143966493516014,100000
jaou7_7542c,0.4937706631879428,11.769038602429955,0.08106211970000582,100000
jaou7_7550c,0.4937706631879428,11.742037559049097,0.08099025537074103,100000
jaou7_7600c,0.4937706631879428,11.574605069347282,0.08054148152587182,100000
jaou7_7610c,0.4937706631879428,11.541386885660627,0.08045181418297113,100000
jaou7_7705c,0.4937706631879428,11.23044131555161,0.0796012214173057,100000
jaou7_7710c,0.4937706631879428,11.214301511332966,0.07955652575041461,100000
jaou7_7725c,0.4937706631879428,11.166027939901726,0.07942246817660623,100000
jaou7_5800p,0.4937706631879428,6.951299820793642,0.032557461816022225,100000
jaou7_5900p,0.4937706631879428,7.378088087347117,0.03370306514964441,100000
jaou7_6000p,0.4937706631879428,7.818451189588967,0.034847347714933904,100000
jaou7_6200p,0.4937706631879428,8.736263215232974,0.03713476990768421,100000
jaou7_6420p,0.4937706631879428,9.803644174914572,0.03963706614795038,100000
jaou7_6500p,0.4937706631879428,10.206068558755987,0.04054264789149475,100000
jaou7_6750p,0.4937706631879428,11.511836368244591,0.0433503032929012,100000
jaou7_6800p,0.4937706631879428,11.781858249773347,0.043906388722189514,100000
jaou7_6900p,0.4937706631879428,12.330589392433362,0.04501242969916897,100000
jaou7_7000p,0.4937706631879428,12.890441030637708,0.04611057033079241,100000
jaou7_7400p,0.4937706631879428,15.232812987813054,0.050424240638334714,100000
jaou7_7450p,0.4937706631879428,15.536699331551903,0.050953704945143494,100000
jaou7_7500p,0.4937706631879428,15.842985822645021,0.05148074647360876,100000
jaou7_6820c,0.4976030106395501,14.563500196109608,0.08844846575288988,100000
jaou7_6825c,0.4976030106395501,14.543004523409373,0.08840347221823157,100000
jaou7_6860c,0.4976030106395501,14.400258431753295,0.08808846243016683,100000
jaou7_6900c,0.4976030106395501,14.238800339192162,0.08772813145811807,100000
jaou7_6905c,0.4976030106395501,14.218747139232278,0.08768306193196963,100000
jaou7_6930c,0.4976030106395501,14.118891445675727,0.08745765501148427,100000
jaou7_7000c,0.4976030106395501,13.842849992410041,0.08682615243257986,100000
jaou7_7110c,0.4976030106395501,13.419461324242011,0.08583317368717065,100000
jaou7_7200c,0.4976030106395501,13.082065108741029,0.08502105669662892,100000
jaou7_7335c,0.4976030106395501,12.59102441548787,0.08380400526548952,100000
jaou7_7400c,0.4976030106395501,12.36107059229487,0.08321857704199147,100000
jaou7_7450c,0.4976030106395501,12.186837626028614,0.08276884528318687,100000
jaou7_7500c,0.4976030106395501,12.01500465910834,0.08231952105195599,100000
jaou7_7542c,0.4976030106395501,11.872432365877712,0.08194254436904426,100000
jaou7_7550c,0.4976030106395501,11.845461251883226,0.0818707838592715,100000
jaou7_7600c,0.4976030106395501,11.678192595365415,0.0814226741086643,100000
jaou7_7610c,0.4976030106395501,11.645008075384698,0.08133313448557683,100000
jaou7_7705c,0.4976030106395501,11.334328512929146,0.08048376781437559,100000
jaou7_7710c,0.4976030106395501,11.318203123378963,0.0804391328798636,100000
jaou7_7725c,0.4976030106395501,11.269964332731035,0.08030526746845583,100000
jaou7_5800p,0.4976030106395501,7.036565569288075,0.03281612829676509,100000
jaou7_5900p,0.4976030106395501,7.465311409781428,0.03396228106760503,100000
jaou7_6000p,0.4976030106395501,7.9074888478178575,0.035107113108770044,100000
jaou7_6200p,0.4976030106395501,8.828536521811976,0.03739554359303042,100000
jaou7_6420p,0.4976030106395501,9.899155032827956,0.03989833090962319,100000
jaou7_6500p,0.4976030106395501,10.30259229099886,0.040804146874853654,100000
jaou7_6750p,0.4976030106395501,11.6113138107456,0.043611967597322,100000
jaou7_6800p,0.4976030106395501,11.881891141734995,0.044167986279544706,100000
jaou7_6900p,0.4976030106395501,12.431589845851649,0.04527409632829605,100000
jaou7_7000p,0.4976030106395501,12.99231161326162,0.046372336939408794,100000
jaou7_7400p,0.4976030106395501,15.337220669914815,0.050686920742111646,100000
jaou7_7450p,0.4976030106395501,15.641323760744603,0.05121657380357791,100000
jaou7_7500p,0.4976030106395501,15.947826850920375,0.051743759205467275,100000
